{
  "params": {
    "epochs": 1000,
    "batch_size": 64,
    "lr": 0.012742749857031322,
    "lam_reg": 1e-05,
    "noise": 0.5,
    "log_every": 2000,
    "stride_t": 16,
    "stride_x": 16,
    "selected_derivs": [
      "uu",
      "u_x",
      "u_xx",
      "uu_x"
    ],
    "train_pde": true,
    "train_data": true,
    "coeff_plot": true,
    "target": [
      0,
      0.02,
      0,
      -1,
      0
    ],
    "seed": 0,
    "part_num": 1,
    "which_part": 1
  },
  "feature_names": [
    "u_x",
    "u_xx",
    "uu",
    "uu_x"
  ],
  "feature_powers": [
    1,
    2,
    0,
    1
  ],
  "feature_coeffs": "[[np.float32(0.09454918), np.float32(0.004961287), np.float32(-0.039908107), np.float32(-0.5906402)], 0.06178276529046877]",
  "a_hat": 1.0680866241455078,
  "saved_at": "2025-10-12 17:43:50"
}