condition,seed,step,pde_residual,coefficient_error,spurious_l2,loose,strong,xi_u,xi_u_x,xi_u_xx,xi_u^2,xi_u*u_x,xi_u*u_xx,xi_u_x^2,xi_u_x*u_xx,xi_u_xx^2
B,11,0,0.6847512125968933,1.0244736214718835,0.2763668739707335,False,False,0.11201870308370068,-0.17743704664885596,0.0016864652336585698,0.17974633944657342,-0.01367745310789803,-0.006134024155273263,-0.00021871980972175848,0.0003621064351606121,4.368211177689794e-05
B,11,1,0.6647068858146667,1.0181328241425494,0.26192124854031795,False,False,0.10034256845401292,-0.17330140452886483,0.001888970521252461,0.16872301294371075,-0.01630101262084025,-0.005753599640011758,-8.487810056360513e-05,0.0004058706652252174,4.0501648255335734e-05
B,11,2,0.6463921070098877,1.0123650246213958,0.2480679955142368,False,False,0.0886829452855759,-0.16917125944170852,0.0020915323881819,0.15819258099885333,-0.018661883209449375,-0.005390105172042739,7.188451122550083e-05,0.00044508970781643515,3.746675452813453e-05
B,11,3,0.6296848058700562,1.0071649463306886,0.23486403076592158,False,False,0.07705204753602718,-0.16505013639050528,0.0022940587987277292,0.1481783043752744,-0.020762227129763913,-0.0050442123018051,0.00024920371805098204,0.00047972063318245064,3.4582380286060504e-05
B,11,4,0.6144643425941467,1.002510100132727,0.22236845968611296,False,False,0.06546305914610726,-0.16094142480133034,0.0024963341479019535,0.1386992183002115,-0.022619628452313398,-0.004716426982305276,0.0004456932392453102,0.0005099370010684277,3.1851965869732655e-05
B,11,5,0.6006143689155579,0.998366637303515,0.21064239678011956,False,False,0.053930129689959645,-0.15684834154765878,0.0026979996472780853,0.12976983789624863,-0.024261118975343058,-0.00440708463642775,0.000660859919820702,0.0005360699883025013,2.9277451435716738e-05
B,11,6,0.5880230665206909,0.9946961851570822,0.19974833017410734,False,False,0.04246839612363086,-0.15277388164962258,0.0028985370301425053,0.12139981282500568,-0.025716342473610546,-0.004116346633585439,0.0008945827794819846,0.00055853416649958,2.6859243347513928e-05
B,11,7,0.576583981513977,0.9914601255791504,0.18974898840328638,False,False,0.031093976260520444,-0.14872075664808193,0.003097253011036967,0.11359380539667585,-0.02701346404095533,-0.003844200642054647,0.0011466690780617328,0.0005777753686200079,2.459628597663057e-05
B,11,8,0.5661963820457458,0.9886205282886539,0.180705441993249,False,False,0.019823944848030878,-0.14469135762906812,0.0032932637453010967,0.10635142962479434,-0.028178526090580063,-0.003590467675674325,0.0014168014314412736,0.0005942481009315445,2.2486119754506914e-05
B,11,9,0.556764543056488,0.9861396753288852,0.1726744912501558,False,False,0.008676296595117466,-0.14068775522378346,0.003485482909692375,0.09966757626747189,-0.029236254254139817,-0.00335481266389495,0.001704767347568256,0.0006084044361840414,2.052503394075065e-05
B,11,10,0.5481982231140137,0.9839798059500877,0.16570486344622865,False,False,-0.0023301364720119074,-0.13671160100711557,0.0036726168742828337,0.09353257534801149,-0.03021055207426337,-0.003136761363856733,0.0020106880456719446,0.000620680535664105,1.870819953150006e-05
B,11,11,0.5404115915298462,0.9821036062967471,0.1598329235653782,False,False,-0.013175769829047047,-0.13276417679838018,0.0038531755656914823,0.08793273450445148,-0.031124254557733516,-0.002935715510793018,0.0023350856763877273,0.0006314790529886839,1.702983730448091e-05
B,11,12,0.5333236455917358,0.9804750053104369,0.1550779002428199,False,False,-0.023840388245175818,-0.12884629605983533,0.004025502642729935,0.08285087733910845,-0.03199850396346929,-0.0027509736057930766,0.002678800969140124,0.0006411534098355088,1.5483396557839654e-05
B,11,13,0.5268584489822388,0.9790598509706568,0.15143762550075468,False,False,-0.03430328714833458,-0.12495831622186715,0.004187829812564533,0.07826692239827449,-0.03285222812677622,-0.002581749413387655,0.0030428355356421667,0.0006499981242693556,1.4061721627518003e-05
B,11,14,0.5209454298019409,0.9778263306609571,0.14888561353382126,False,False,-0.044543446613208734,-0.12110010170743263,0.0043383592102289046,0.07415858404237692,-0.03370184724159738,-0.002427193453981694,0.0034281690056704372,0.0006582453164599201,1.2757219932309779e-05
B,11,15,0.5155198574066162,0.9767451602535017,0.14737021160996597,False,False,-0.05453974449653336,-0.1172710116068739,0.004475365995819094,0.07050193111059845,-0.0345611803186548,-0.0022864107967699465,0.003835574888524949,0.0006660659566397206,1.1562016269776784e-05
B,11,16,0.5105233788490295,0.9757897213354166,0.14681633019999243,False,False,-0.06427116739754386,-0.11346989967791825,0.004597317850050235,0.06727203700334411,-0.03544139481675639,-0.002158479381155038,0.004265432611543558,0.0006735733593862216,1.0468094890705979e-05
B,11,17,0.5059043169021606,0.9749361740431252,0.14712948785126434,False,False,-0.07371706294057677,-0.10969513899604953,0.0047029875294147365,0.06444351803178432,-0.036350967067394234,-0.0020424648148159004,0.004717522036782974,0.0006808265531081684,9.46742476906097e-06
B,11,18,0.5016177892684937,0.9741636999222593,0.14820141827017166,False,False,-0.08285739205767048,-0.1059446096293225,0.004791541280823964,0.061990980349550966,-0.03729549878879123,-0.001937432705431465,0.00519077751819355,0.0006878332751445507,8.552078761204165e-06
B,11,19,0.49762558937072754,0.9734548886299722,0.14991637895911078,False,False,-0.09167297257176604,-0.10221580956503433,0.004862592856013909,0.05988941101797145,-0.038277400482687504,-0.0018424622255767266,0.005682990030451443,0.000694550720539344,7.714322975313373e-06
B,11,20,0.49389520287513733,0.9727962139816324,0.15215704729674706,False,False,-0.10014570973080786,-0.09850590401046753,0.0049162074343791235,0.058114472574686556,-0.03929547409374057,-0.0017566522785845916,0.006190452272187519,0.0007008867276015158,6.946714543051275e-06
B,11,21,0.4903983473777771,0.9721785421893182,0.15480951835981882,False,False,-0.10825886588914445,-0.09481186096993295,0.004952863903415686,0.05664278744472979,-0.040344481277870436,-0.0016791318924272765,0.006707580194385869,0.000706700901067137,6.2421734206351695e-06
B,11,22,0.48710885643959045,0.9715974501365989,0.15776688138790754,False,False,-0.11599721709672904,-0.09113058682181281,0.004973382738928155,0.055452059830989935,-0.041414887961030405,-0.0016090669140805995,0.007226610031955338,0.0007118107270930997,5.594067939047749e-06
B,11,23,0.484000563621521,0.9710530560843817,0.16093161163544287,False,False,-0.12334725318532012,-0.08745914200931094,0.004978837288631431,0.054521243313597104,-0.04249312337820004,-0.0015456659992183462,0.0077375377737595955,0.0007160046144171892,4.996288896630363e-06
B,11,24,0.48104527592658997,0.9705488589893181,0.16421682343165483,False,False,-0.1302973082594818,-0.08379495673120298,0.004970459624136407,0.05383066274038526,-0.04356284288847589,-0.0014881908299261884,0.008228593207855359,0.000719065917547689,4.443329762405613e-06
B,11,25,0.4782131612300873,0.9700893867805623,0.16754673706146173,False,False,-0.1368376563899842,-0.08013608977073676,0.004949554238603475,0.053362146274893385,-0.044607414029851196,-0.001435962368647271,0.008687449883733524,0.0007208092523383177,3.9303554217824455e-06
B,11,26,0.47547468543052673,0.9696768590818524,0.17085661907942867,False,False,-0.14296060730720372,-0.07648146267416103,0.004917424418167202,0.05309915236559728,-0.045613420741148554,-0.001388369314221317,0.009103149328205516,0.0007211226769653024,3.4532548815967095e-06
B,11,27,0.47280454635620117,0.9693077970028864,0.1740923554935142,False,False,-0.14866056729692312,-0.07283105079110437,0.004875324866172702,0.05302685608498723,-0.046574228745936974,-0.0013448735630765497,0.00946823361181775,0.0007200034459212599,3.008651581966926e-06
B,11,28,0.4701855480670929,0.9689708180869615,0.177209791748596,False,False,-0.15393409139673184,-0.06918596955087516,0.004824439674954319,0.05313223546864567,-0.04749234208781514,-0.001305011354318321,0.009780336968482128,0.0007175766669858244,2.5938726516872896e-06
B,11,29,0.4676099121570587,0.9686461962454916,0.18017390226013164,False,False,-0.15877997039002612,-0.06554843132431162,0.0047658829293485494,0.05340397501863096,-0.04837993919721629,-0.0012683893940445222,0.010042705078902332,0.0007140867527140229,2.2068555286449246e-06
B,11,30,0.46507710218429565,0.968307204893396,0.18295786599187586,False,False,-0.16319928300240932,-0.061921585196367326,0.004700728580583207,0.0538323488917841,-0.04925755610986062,-0.001234675166134109,0.0102636209915958,0.0007098685302108524,1.8460202073846026e-06
B,11,31,0.4625900387763977,0.9679223884748381,0.18554212767629905,False,False,-0.16719549159509206,-0.058309221161653685,0.004630050881642562,0.05440889077972597,-0.050151783897928966,-0.001203582310346151,0.01045514227657361,0.0007053026890341935,1.5101103601458748e-06
B,11,32,0.4601503908634186,0.9674582496826756,0.1879134807518559,False,False,-0.17077444216489232,-0.05471543734442534,0.0045549732718132546,0.05512609426147016,-0.05109250198970729,-0.0011748538864091022,0.010631530431910058,0.0007007687331819203,1.198035508181813e-06
B,11,33,0.45775604248046875,0.9668823193963633,0.1900642398535068,False,False,-0.17394439914183552,-0.05114424867393327,0.004476715450691469,0.05597695571418832,-0.05210969414863151,-0.0011482449334401486,0.010807581530887605,0.0006965981826705907,9.087296156628525e-07
B,11,34,0.4554004669189453,0.966166163686122,0.19199145818719404,False,False,-0.17671597579395423,-0.04759920788496362,0.0043966350205739,0.05695456801166833,-0.0532302968322064,-0.0011235054697832576,0.01099699701006925,0.0006930361988299722,6.41037850223693e-07
B,11,35,0.45307475328445435,0.9652883158947843,0.19369627349470164,False,False,-0.17910208203088815,-0.04408307581911952,0.004316250419948425,0.058051714222772374,-0.05447511590843651,-0.0011003677208667806,0.01121089972929876,0.0006902159387681649,3.936420368393448e-07
B,11,36,0.45077040791511536,0.964236430098875,0.19518320851227824,False,False,-0.18111769821948337,-0.04059757800240292,0.004237247260379688,0.05926051209758778,-0.05585650250041705,-0.001078536341908238,0.011456694733950725,0.0006881483845147026,1.6502749040942906e-07
B,11,37,0.44848209619522095,0.9630085018879002,0.19645960196072593,False,False,-0.18277968379699164,-0.03714328139335732,0.004161456600044249,0.06057211949880917,-0.057376989433857044,-0.0010576847183972112,0.01173742253998862,0.000686728146024796,-4.650737953589057e-08
B,11,38,0.44620829820632935,0.9616128987893793,0.197535039886333,False,False,-0.1841064814914697,-0.03371960054566062,0.004090805455671754,0.06197657695989097,-0.05902913293547247,-0.0010374553184303048,0.01205161131340666,0.0006857508701920595,-2.4280355254452344e-07
B,11,39,0.44395068287849426,0.9600675161620081,0.1984207544455966,False,False,-0.18511773454817787,-0.030324933185168167,0.004027239552892142,0.06346269595212338,-0.06079623578350833,-0.0010174677083315481,0.012393563591139998,0.0006849387615875986,-4.2576191598845524e-07
B,11,40,0.4417116641998291,0.9583981303474863,0.19912919976261956,False,False,-0.18583399094997935,-0.026956919038812997,0.003972618013232402,0.0650181909326335,-0.062653926726043,-0.0009973295631199798,0.012753936094460966,0.0006839714694180748,-5.972399137732631e-07
B,11,41,0.4394916892051697,0.9566359612548034,0.19967355847793003,False,False,-0.18627626844733874,-0.02361278802110269,0.003928592349777622,0.06662991296777192,-0.0645725350050904,-0.0009766555164301516,0.01312070948281318,0.0006825206559595792,-7.589336790816911e-07
B,11,42,0.4372880160808563,0.9548143613062718,0.20006746802598396,False,False,-0.1864657413799211,-0.020289760802655536,0.003896485764588481,0.06828428142850096,-0.06652040749481548,-0.0009550873316887427,0.013480600295004978,0.0006802891824357429,-9.12259516658732e-07
B,11,43,0.43509453535079956,0.9529643752347495,0.20032483085700828,False,False,-0.1864233753017909,-0.016985466325867064,0.0038771866286721975,0.06996790867901537,-0.06846840230850945,-0.0009323164515521725,0.013821037412017205,0.000677050606885322,-1.0582539112287778e-06
B,11,44,0.432904452085495,0.9511099308390538,0.2004597804263955,False,False,-0.1861696659994111,-0.01369828999140688,0.003871083604344428,0.07166821968659362,-0.07039479614840102,-0.0009081039048319927,0.014132409948939313,0.0006726837525960719,-1.1975078848952772e-06
B,11,45,0.4307127892971039,0.949263561493883,0.2004867298693468,False,False,-0.1857244307060426,-0.010427618621285004,0.003878051462675826,0.07337408686775722,-0.07228966638195403,-0.0008822938713909513,0.014410039894831687,0.0006671917394627467,-1.330154632461834e-06
B,11,46,0.4285184442996979,0.9474240515747835,0.20042037601961257,False,False,-0.18510666891134386,-0.007173897462835867,0.0038974918206136373,0.07507623638981252,-0.07415729434808002,-0.0008548171174088784,0.014655201564850857,0.0006607009856207774,-1.4559195530286882e-06
B,11,47,0.42632320523262024,0.9455768775770345,0.20027560506346406,False,False,-0.18433456236137072,-0.003938503470402545,0.0039284152187378,0.0767672227770044,-0.07601568325679019,-0.0008256827155110636,0.014874813215981617,0.0006534351251261296,-1.5742233685503433e-06
B,11,48,0.4241294264793396,0.9436971187880648,0.20006722100921492,False,False,-0.1834254576597765,-0.0007234514266895488,0.003969554581688495,0.07844117497205255,-0.07789350728550046,-0.0007949597233501952,0.0150799282578917,0.0006456714542245368,-1.684319615245739e-06
B,11,49,0.42193707823753357,0.9417544229620629,0.1998095882667667,False,False,-0.18239598805941232,0.002469016062243667,0.004019484713722829,0.08009312085983808,-0.07982493799469971,-0.0007627531367451565,0.015283409627771116,0.000637689889873326,-1.7854397734201007e-06
B,11,50,0.41974276304244995,0.9397188084097682,0.19951613335894525,False,False,-0.18126212565872726,0.005636868999791458,0.004076737871437574,0.08171817974308904,-0.08184358569372542,-0.0007291779930612675,0.015497284312067181,0.0006297256721369474,-1.8769170097340927e-06
B,11,51,0.4175407886505127,0.9375661427844593,0.19919883194296048,False,False,-0.1800392683957687,0.008778668998263135,0.004139897610027067,0.08331062277006478,-0.083976771800808,-0.0006943369098564133,0.015730310678850723,0.0006219369796794277,-1.9582699132918206e-06
B,11,52,0.41532498598098755,0.9352819387358466,0.19886779930947507,False,False,-0.17874227484578226,0.011893816552921635,0.00420766456619067,0.08486323808839676,-0.08624154971631777,-0.0006583056391475735,0.015986177870499895,0.0006143946341116821,-2.0292368684933737e-06
B,11,53,0.41309016942977905,0.9328626482086018,0.19853101018751554,False,False,-0.17738549901881207,0.014982615941789627,0.0042788962899849995,0.08636687883462317,-0.08864331608594155,-0.0006211273860095487,0.01626271317967281,0.0006070916468694619,-2.0897626878143906e-06
B,11,54,0.4108315706253052,0.9303144683703558,0.19819414887650216,False,False,-0.1759827207645005,0.01804613637472903,0.004352618108056351,0.08781039711018841,-0.09117699806273372,-0.0005828169925526423,0.01655216367295715,0.0005999666808219037,-2.13994838924929e-06
B,11,55,0.40854328870773315,0.9276495483013758,0.19786069956842722,False,False,-0.17454705877808785,0.021085892308936205,0.004428012260408271,0.08918096394390732,-0.09383095328306595,-0.0005433720805158562,0.01684264508720312,0.0005929331276906372,-2.1799834054076424e-06
B,11,56,0.4062168002128601,0.9248806933036058,0.1975323087009057,False,False,-0.17309088360641214,0.024103408986145013,0.004504399493257727,0.09046477524089415,-0.09659246724970012,-0.0005027886420889898,0.017120543913593522,0.0005859041920036065,-2.2100720638017868e-06
B,11,57,0.4038406312465668,0.922015445116205,0.19720927885753314,False,False,-0.17162573065390885,0.027099761778810245,0.00458121340973633,0.09164782375549228,-0.09945391989892644,-0.0004610767628603502,0.017373541347510187,0.0005788106120972734,-2.230377826441595e-06
B,11,58,0.4014023542404175,0.9190509389303201,0.19689113351517626,False,False,-0.17016219578981054,0.030075197190646465,0.004657985382067513,0.09271676248205062,-0.10241817505072272,-0.00041827299758231696,0.017593418056193508,0.0005716060263355936,-2.2409917813863054e-06
B,11,59,0.39889028668403625,0.9159715005848401,0.19657703242012436,False,False,-0.1687098831517467,0.03302892178782242,0.0047343391199503254,0.09365942268938954,-0.10550113482104607,-0.00037444455414902434,0.01777777450420373,0.0005642596725562932,-2.241931496982774e-06
B,11,60,0.39629390835762024,0.9127492614389224,0.19626586247591565,False,False,-0.16727737034814372,0.03595911452414676,0.004809999421496663,0.09446481392080094,-0.10873113519751608,-0.00032968618864450235,0.017930211906173214,0.0005567399774244616,-2.2331650828622527e-06
B,11,61,0.39360329508781433,0.9093473463677084,0.19595613526150843,False,False,-0.16587224325582492,0.038863150135059386,0.004884808769836359,0.09512277863773756,-0.1121456648788371,-0.0002841112648429982,0.018059243961662728,0.0005489928419650648,-2.2146461356738076e-06
B,11,62,0.39080747961997986,0.9057246105360126,0.19564547947460437,False,False,-0.16450107862121052,0.041737968893203255,0.004958742420940002,0.09562300693857395,-0.11578640755629406,-0.00023783937844341186,0.018176415965990424,0.0005409235461733721,-2.1863519311427023e-06
B,11,63,0.38789331912994385,0.9018404468970463,0.19533021676855863,False,False,-0.16316951365551782,0.04458054496548208,0.005031918965094899,0.0959541020650601,-0.11969422663102751,-0.00019098490618300843,0.018293954973083202,0.0005323864533622678,-2.1483114952333065e-06
B,11,64,0.384846031665802,0.8976591227909589,0.19500479710316107,False,False,-0.16188224603476128,0.047388333201043006,0.005104597309340518,0.09610247323061977,-0.12390459605401873,-0.0001436502454103213,0.018422145980569404,0.000523187381282264,-2.100624891138579e-06
B,11,65,0.3816506862640381,0.8931525407877275,0.19466144758943063,False,False,-0.16064303389975243,0.05015961731777336,0.005177152235195529,0.09605162459265223,-0.1284446861374189,-9.592422857782005e-05,0.018566652045004652,0.0005130954577215664,-2.0434624554388997e-06
B,11,66,0.3782931864261627,0.8883010686502402,0.19429007803109014,False,False,-0.15945469585609995,0.05289367012971519,0.005250039696665334,0.0957818200537602,-0.13333247850465654,-4.7888382692732185e-05,0.018726527624542796,0.0005018606231156435,-1.9770544862463065e-06
B,11,67,0.3747604489326477,0.8830918157536958,0.19387856705324646,False,False,-0.1583190065814093,0.05559064262039365,0.005323748539209065,0.09527044893313748,-0.13857857936338808,3.7025101490814896e-07,0.018893744533697705,0.0004892285436441508,-1.901670046612096e-06
B,11,68,0.3710393011569977,0.8775142783823648,0.19341349458348994,False,False,-0.1572366620276826,0.0582512126750238,0.0053987476923597465,0.09449278778196006,-0.14419083183867834,4.87426738621255e-05,0.01905500784244131,0.0004749499397162454,-1.8175894662447848e-06
B,11,69,0.3671156167984009,0.8715547138596135,0.1928812141453793,False,False,-0.1562072098261185,0.060876070504006424,0.0054754366816654595,0.09342311771262633,-0.15018031704300427,9.707861004122173e-05,0.019195717722025257,0.0004587802115832154,-1.7250840997191717e-06
B,11,70,0.36297497153282166,0.8651907209091478,0.19226897204369214,False,False,-0.15522892749551162,0.06346535784697739,0.005554102779272559,0.09203579094030447,-0.15656716806254145,0.0001451706698685609,0.019305028476152324,0.00044047366753318474,-1.6244073513426155e-06
B,11,71,0.3586050868034363,0.8583883393442779,0.19156587396939762,False,False,-0.15429885723985295,0.06601834135538588,0.005634900484486648,0.09030571834478278,-0.1633837791624659,0.0001927450835728948,0.019380123868326583,0.00041977247946368463,-1.5158078514151776e-06
B,11,72,0.3539963364601135,0.8511030614786029,0.19076342268208035,False,False,-0.15341282334712966,0.0685333879421229,0.005717838246488501,0.08820827805262271,-0.1706739135415339,0.00023945840163886833,0.019428047038418175,0.000396399039139506,-1.3995650703240626e-06
B,11,73,0.3491407334804535,0.8432844835684639,0.18985564317841933,False,False,-0.1525655191833254,0.07100831604931454,0.005802781481898629,0.08571860440946062,-0.17848798306598782,0.00028490285139949926,0.019464054087481062,0.0003700542734495323,-1.2760409733025773e-06
B,11,74,0.3440313935279846,0.8348834665122464,0.18883897665622643,False,False,-0.1517506463828208,0.07344106737094422,0.00588946283449679,0.08281063825015351,-0.18687569444036697,0.0003286151343997782,0.01950600836537947,0.00034042828324785083,-1.1457385497596025e-06
B,11,75,0.3386642038822174,0.8258595125179778,0.18771236020558427,False,False,-0.1509611236339941,0.07583040322584621,0.005977488813864026,0.07945675614862217,-0.19587850829460124,0.00037008590640925823,0.019565577501686582,0.00030722383616124985,-1.0093538499591346e-06
B,11,76,0.33304107189178467,0.8161843740695804,0.18647771407366623,False,False,-0.15018920847082154,0.07817633593920627,0.006066348848076352,0.07562821734954715,-0.205526055811275,0.0004087661634932542,0.019640077788682743,0.00027018257370515245,-8.678064431868461e-07
B,11,77,0.3271702229976654,0.8058398385747123,0.1851414105377697,False,False,-0.14942658426687755,0.08047993163958987,0.006155416490730582,0.07129686007730618,-0.21583877228872234,0.00044406563448457534,0.019711074983313606,0.0002290957125226222,-7.222492999451917e-07
B,11,78,0.3210645318031311,0.7948103669163057,0.18371671133801318,False,False,-0.14866441243173495,0.08274252760964855,0.006243960284176753,0.06643752410891775,-0.22683607126036054,0.00047534527184463237,0.019753285398558477,0.00018378991126112804,-5.740640179461102e-07
B,11,79,0.31474289298057556,0.7830754088938203,0.1822265947962993,False,False,-0.1478933150121649,0.08496471545829724,0.006331157036802198,0.06103073744298675,-0.2385449935188444,0.0005019085533940466,0.019750330261710487,0.0001340977251692239,-4.2486760120138716e-07
B,11,80,0.3082336485385895,0.7706081212389576,0.18070594869747253,False,False,-0.14710351388253737,0.08714576799957799,0.006416117774086789,0.05506489509172298,-0.2510021930816787,0.0005230021429407046,0.019707578262524093,7.983779476486093e-05,-2.765418201675359e-07
B,11,81,0.30157342553138733,0.7573816602746064,0.17920195512737339,False,False,-0.14628493513762136,0.08928397819526743,0.00649792032830021,0.04853794015357061,-0.2642477778196078,0.0005378338153209854,0.019652185056984926,2.0827537957233605e-05,-1.3127716841799005e-07
B,11,82,0.29480478167533875,0.7433810336601325,0.1777723504163413,False,False,-0.1454275744673862,0.09137786086048531,0.0065756467563025285,0.04145917947322355,-0.27831299071339455,0.0005456089671102697,0.019615111406136025,-4.306311561588571e-05,8.396293540060159e-09
B,11,83,0.2879791259765625,0.7286110077522523,0.17648160461851425,False,False,-0.14452177553780213,0.09342742832041737,0.0066484183432931315,0.03385202363764858,-0.29321150326544554,0.000545575275079462,0.01960252881828046,-0.0001118424083264502,1.3962213317427548e-07
B,11,84,0.2811574637889862,0.7130940032069426,0.17539684763422406,False,False,-0.14355841267824113,0.0954343259873583,0.006715437245201676,0.025758174421351438,-0.30894101290693443,0.0005370555073883909,0.019583651113551634,-0.0001853740066235136,2.592762408550149e-07
B,11,85,0.2744045555591583,0.6968589322119512,0.17458494209610434,False,False,-0.14252888218207677,0.09740043345213169,0.00677603658025984,0.017242989236422073,-0.3254945543671614,0.000519458930430227,0.019517054129156265,-0.0002634322758185997,3.6403591123280993e-07
B,11,86,0.26778924465179443,0.6799339838363853,0.1741087670921037,False,False,-0.14142505011028403,0.0993261143077165,0.006829739573266738,0.008400792255502562,-0.3428676664190254,0.0004922876068189409,0.019396024772849754,-0.0003457764692330176,4.5043241028028214e-07
B,11,87,0.2613828778266907,0.6623508986284675,0.1740185417584492,False,False,-0.1402393653836397,0.10121004359664695,0.0068763138717510535,-0.0006412302912136845,-0.36105240520007537,0.00045516722469853883,0.01926383241577205,-0.00043215112988431156,5.149069542574012e-07
B,11,88,0.25525155663490295,0.6441553009615251,0.17433648565299228,False,False,-0.13896522515752352,0.10305115519035757,0.006915816809439475,-0.009721154820105523,-0.3800228668110147,0.00040791338075791997,0.01916757447179331,-0.0005221923844473249,5.539291647675579e-07
B,11,89,0.2494584321975708,0.6254071378615389,0.175040273962317,False,False,-0.13759730539911907,0.10485058916852819,0.006948635841621835,-0.01864215715930539,-0.399729517239966,0.00035059795132947425,0.019089300937618663,-0.0006153483859379736,5.641814886594719e-07
B,11,90,0.24405580759048462,0.6061709732665538,0.17605740351012067,False,False,-0.13613156088741396,0.10661072429200436,0.006975523548900035,-0.027173848344374037,-0.4201056971194058,0.0002835578567212793,0.018961989207590464,-0.0007109522568525948,5.427174563691089e-07
B,11,91,0.23908254504203796,0.5865097564605508,0.17727285246324384,False,False,-0.13456488593659863,0.10833213368192245,0.0069976314339111455,-0.03505695656904676,-0.4410733781482304,0.00020735066701180085,0.018772795459246056,-0.0008083671642740059,4.870306663251319e-07
B,11,92,0.23456375300884247,0.5664910768565639,0.17853829008240918,False,False,-0.13289508829786634,0.11001310413746625,0.007016506903762846,-0.04201500252191367,-0.4625359099999528,0.0001227277805508575,0.01859664814947419,-0.000906988597394676,3.951296652533643e-07
B,11,93,0.23050856590270996,0.546193308792833,0.17967681523205464,False,False,-0.13112129803121442,0.11165301939934932,0.007034055248719934,-0.04777396628558562,-0.4843690690863902,3.065308670217609e-05,0.01847163528398837,-0.001006125811516074,2.657310806420163e-07
B,11,94,0.22691714763641357,0.5257049415665078,0.18049924793230854,False,False,-0.1292441414934448,0.11325383917210248,0.007052484119016377,-0.052084983086885715,-0.5064231884338284,-6.772245182102662e-05,0.018314671514582895,-0.0011050178019098092,9.842157297174849e-08
B,11,95,0.22377918660640717,0.5051326082270834,0.18084453860817332,False,False,-0.1272651671777622,0.11481615506464067,0.0070742172225088185,-0.054744719319175135,-0.5285266403183716,-0.00017119311725023747,0.01808629767243584,-0.0012029712655636524,-1.064302745565151e-07
B,11,96,0.2210816591978073,0.48461189997048965,0.18061270747300562,False,False,-0.12518655863357342,0.11633742808870387,0.007101767586964955,-0.05561488009513307,-0.550487620756783,-0.00027860319035024326,0.017891275206565468,-0.0012993181082149863,-3.477708444996931e-07
B,11,97,0.2188108265399933,0.46431086672527944,0.17976512607375564,False,False,-0.12301169992748875,0.11781683245684829,0.007137580646706283,-0.05464136636445687,-0.5720938904674917,-0.00038882250718109393,0.01774950127382582,-0.0013933147965460423,-6.236654286278507e-07
B,11,98,0.21695496141910553,0.44443249990608424,0.17832921671630078,False,False,-0.1207451843427224,0.11925584719136133,0.007183875518712106,-0.05186415312009924,-0.5931158833385084,-0.0005007741228979076,0.01753878179385732,-0.0014842109334705935,-9.312337131830806e-07
B,11,99,0.21550288796424866,0.4252170652824632,0.1764218423509293,False,False,-0.11839209232888993,0.12065250026252645,0.00724247782954277,-0.04741518170901968,-0.6133190827348669,-0.0006135829695789596,0.0173178703412669,-0.0015711580324113477,-1.2669439114366207e-06
B,11,100,0.21443906426429749,0.4069287118713777,0.1742234080011527,False,False,-0.11595839167440972,0.12200419105615502,0.0073147020303217245,-0.041517394866022475,-0.6324727712601649,-0.000726558646864848,0.01718923714642138,-0.0016531244065710587,-1.6264846173979672e-06
B,11,101,0.213742196559906,0.38984327227290394,0.17192777158806993,False,False,-0.11345171175310519,0.1233122999930486,0.007401311564883296,-0.0344820017965029,-0.6503431806143046,-0.0008391212114069758,0.017007114572880552,-0.0017291302842011868,-2.00448879658296e-06
B,11,102,0.21337780356407166,0.37422447881737775,0.1697437010331904,False,False,-0.11088053448000242,0.12457511387239094,0.007502484469536676,-0.026689615627364927,-0.6667210648551897,-0.0009509681836398689,0.01682258736663935,-0.001797983116730971,-2.3949764319704216e-06
B,11,103,0.21329383552074432,0.36029441873533785,0.16784596176750302,False,False,-0.10825480326933197,0.1257903771851938,0.007617893640283284,-0.01857434035319468,-0.6814305652887058,-0.0010620312105807644,0.01674389330846305,-0.0018583480883888686,-2.7913465991500426e-06
B,11,104,0.2134212851524353,0.3482243484739743,0.16631373223276366,False,False,-0.10558682777213167,0.1269602838145168,0.007746851072402855,-0.010605828814109,-0.6943044002896172,-0.0011723294944851292,0.016591027736600972,-0.0019093169354141013,-3.1863160725885343e-06
B,11,105,0.2136763334274292,0.33809415220082306,0.1651671327127595,False,False,-0.10289028344524358,0.12808273847878612,0.007888367608231785,-0.003244943452881332,-0.7052445379901406,-0.0012821152191025125,0.01651085929578857,-0.0019497281833876572,-3.572780365585832e-06
B,11,106,0.21396787464618683,0.3299086666977541,0.1643323706320801,False,False,-0.10018134247331738,0.12915852998988842,0.008041335198062702,0.0030846806664905483,-0.7141825920961332,-0.0013916107958781162,0.016478250845248146,-0.0019789357645038828,-3.943848676008512e-06
B,11,107,0.2142086923122406,0.32360797631252525,0.16367962912424688,False,False,-0.09747844758440975,0.13018997548274056,0.008204613202490961,0.00803689399312424,-0.7210878808779833,-0.001500930733674816,0.016392426993771067,-0.0019968453331454168,-4.2933988168980745e-06
B,11,108,0.21432803571224213,0.3190680233627281,0.16309835937668166,False,False,-0.09480145080938174,0.13117602731655564,0.008377036238082503,0.011383507740978866,-0.7260141693177868,-0.001610129908663052,0.016444452184351525,-0.002003201806717175,-4.6167381300412245e-06
B,11,109,0.21428121626377106,0.3161713654654451,0.16247355981103226,False,False,-0.09217258781470167,0.1321216771915536,0.008557536690495094,0.0130161390692168,-0.7290096962324563,-0.0017188987064943554,0.016412297390006825,-0.0019990223957047438,-4.910413289519137e-06
B,11,110,0.21405383944511414,0.3147743152303615,0.16178478412070163,False,False,-0.08961439004643879,0.13302690045736298,0.008745004699482629,0.012966913098032192,-0.7302188326874052,-0.001826892191240247,0.016492532095207367,-0.0019847448837400023,-5.172841998353079e-06
B,11,111,0.21365967392921448,0.3147648579494368,0.16104116509122274,False,False,-0.08715045027746562,0.13389655323716074,0.008938376271780346,0.011376617120766876,-0.7297773151149483,-0.0019334960668932674,0.016545519393731004,-0.001961845105837373,-5.403775244322407e-06
B,11,112,0.21313367784023285,0.31602477565042314,0.16031539911480583,False,False,-0.08480372622445273,0.1347332484703212,0.009136507146906128,0.008482668999501144,-0.7278738965946273,-0.002038124400410454,0.016627289648695167,-0.00193146357072312,-5.604369864875486e-06
B,11,113,0.21252234280109406,0.31843497449299624,0.15969752764361927,False,False,-0.08259623606886779,0.1355403509325482,0.009338181246341263,0.00458411650918148,-0.7247113183116045,-0.002140213279684012,0.016756797023738064,-0.0018948548504757144,-5.776734825476123e-06
B,11,114,0.21187415719032288,0.3218693181913734,0.15926074623235456,False,False,-0.08054851909417393,0.1363228646492474,0.009542113691095016,1.0252107686193358e-05,-0.7204888100335818,-0.002239250233510701,0.01683887821160042,-0.0018535735262531685,-5.923561902399024e-06
B,11,115,0.21123184263706207,0.32616888798954297,0.15907246694629046,False,False,-0.07867836557342582,0.13708270002420667,0.00974689286446502,-0.004899044325954274,-0.7154354773587832,-0.0023349851040670075,0.017011022897465627,-0.0018083577651542744,-6.04794427045248e-06
B,11,116,0.21062757074832916,0.3311705919971075,0.1591333585044764,False,False,-0.07700140832847154,0.13782574849620408,0.009951116805955515,-0.009829017721938763,-0.7097422608071355,-0.0024271916923068806,0.017107621083591158,-0.0017607867331077057,-6.152941495433406e-06
B,11,117,0.21008124947547913,0.3366830506640416,0.15943549705355511,False,False,-0.07552949594214746,0.13855343978678414,0.010153312944059974,-0.01449553250123861,-0.7036238173574776,-0.0025159822169159387,0.017278256980311036,-0.001711272755404149,-6.241629183803237e-06
B,11,118,0.2096015363931656,0.34252353595301516,0.15991776639417146,False,False,-0.07427164969228134,0.13927059304356657,0.010352120960673592,-0.018672096504173407,-0.6972532426213318,-0.0026014932076922266,0.017405227193877285,-0.001661037458033472,-6.316866393052389e-06
B,11,119,0.209188312292099,0.34851037490280046,0.1605215882366775,False,False,-0.07323306312068914,0.13997932819849662,0.0105462541662669,-0.02218909724754271,-0.6908027687469109,-0.0026840970826913133,0.01754228870916809,-0.0016106164645270382,-6.381406006748975e-06
B,11,120,0.2088358849287033,0.35448148710982474,0.16118546009936263,False,False,-0.07241549350617627,0.14068206098797703,0.010734597268977575,-0.024941744484923815,-0.6844203357813093,-0.0027642545198769235,0.017695739191687012,-0.001560645983823079,-6.437884804603631e-06
B,11,121,0.20853620767593384,0.36030131681384103,0.16185428594408954,False,False,-0.07181743585253807,0.14138182340769692,0.010916251034565975,-0.02688856371673599,-0.6782272315374563,-0.002842460549871644,0.0178012677784295,-0.0015120114420527741,-6.488889534730515e-06
B,11,122,0.20828089118003845,0.3658562641665815,0.16250639792401503,False,False,-0.07143370531735864,0.14207905916434255,0.011090485212407963,-0.02804046413937898,-0.6723369150942712,-0.002919348318603439,0.017948810535882757,-0.0014649203746151577,-6.536988613055759e-06
B,11,123,0.20806270837783813,0.37106535750252556,0.16312356018057284,False,False,-0.0712564115448137,0.14277641817284545,0.011256827855405953,-0.028458467165675384,-0.6668277313560714,-0.002995444038339095,0.01805103354910921,-0.0014202885330184183,-6.584766114249434e-06
B,11,124,0.207875594496727,0.37586725794065207,0.16371709487900885,False,False,-0.07127444540106914,0.14347417158729164,0.011414945824432242,-0.02823654018472581,-0.661770484314268,-0.003071341921993197,0.018159498157972343,-0.001378374244548185,-6.63475111641754e-06
B,11,125,0.20771457254886627,0.3802232886723516,0.1643044432902686,False,False,-0.07147421407358315,0.14417309589438204,0.011564670135871324,-0.027494491363695056,-0.6572134127857733,-0.0031475530314291358,0.018271741111274584,-0.0013395948263267507,-6.6893871474553055e-06
B,11,126,0.20757512748241425,0.3841125584438694,0.16490430242772228,False,False,-0.07183993685070723,0.14487430036083213,0.011705946473561074,-0.026367200117567414,-0.6531855867020203,-0.00322449558824763,0.018345604240692485,-0.0013044819084201927,-6.750962675500929e-06
B,11,127,0.20745299756526947,0.38752311158718333,0.16554485499057583,False,False,-0.07235362772288612,0.14557707012586973,0.011838745868881692,-0.02499212587611817,-0.6497108952145827,-0.003302594860748654,0.018445441735945915,-0.0012729362781753353,-6.821432370102359e-06
B,11,128,0.20734372735023499,0.3904573476937693,0.166238711544354,False,False,-0.07299606536576071,0.14628234190361014,0.011963110567737053,-0.023505910387269565,-0.6467903744794323,-0.0033821101674647515,0.018516010760684185,-0.0012453552853880446,-6.90246293268735e-06
B,11,129,0.2072427123785019,0.39292202394959913,0.1669993329780113,False,False,-0.07374669309706784,0.14698972128811008,0.012079059882540358,-0.02203350661146058,-0.6444213189781982,-0.0034632874381998837,0.018581230210395344,-0.001221625740276647,-6.995242136271556e-06
B,11,130,0.20714539289474487,0.39493014194360887,0.16783248883834284,False,False,-0.0745842974298423,0.147698826198612,0.012186611918678982,-0.020684657864848018,-0.6425912372749973,-0.0035463000217556976,0.018657666182114275,-0.001201562945071706,-7.100507087581734e-06
B,11,131,0.20704755187034607,0.3965029106684253,0.16873214801015607,False,False,-0.07548758223281864,0.14841013731735925,0.012285812543134276,-0.019551160362668008,-0.6412737649567676,-0.0036312000637066712,0.0187017511149544,-0.001185246769078924,-7.218621375013673e-06
B,11,132,0.20694580674171448,0.39766133424387534,0.1696964389701227,False,False,-0.07643520787773125,0.14912265630430785,0.012376683482371089,-0.018700877889647038,-0.6404453582572593,-0.003718056974040456,0.018763074983232052,-0.0011721579370154488,-7.34945361788654e-06
B,11,133,0.20683778822422028,0.3984352195136689,0.17071328463167215,False,False,-0.07740664378051706,0.14983661733798667,0.01245931767737795,-0.01818025706048473,-0.6400684277403822,-0.0038068080371336925,0.018811189300597123,-0.0011622047239755132,-7.492661615357242e-06
B,11,134,0.2067224681377411,0.39885667091595556,0.17177244091300461,False,False,-0.07838227279411575,0.1505517615894954,0.012533849108021433,-0.01801176888983223,-0.6401040024287497,-0.0038973581225464522,0.018847024317113877,-0.0011550966053596266,-7.647648043632696e-06
B,11,135,0.20660001039505005,0.39895988465277976,0.17286616167272792,False,False,-0.07934372178567087,0.15126739884843324,0.012600472105459372,-0.018194975333839694,-0.6405121327532242,-0.003989578980352314,0.01889868887650504,-0.0011503652225673215,-7.81364524233944e-06
B,11,136,0.20647183060646057,0.39878613715104066,0.17398090503774508,False,False,-0.08027441839813146,0.15198393584592926,0.012659496875328793,-0.018710669756806585,-0.6412422197638462,-0.004083220805062728,0.01892555144000467,-0.001147997097653261,-7.989956588332605e-06
B,11,137,0.20634017884731293,0.39837395189287084,0.17511076450463497,False,False,-0.0811593909640515,0.15270057144491112,0.012711275869170606,-0.019520357627023473,-0.6422502268318115,-0.004178059511641418,0.01896447284783054,-0.0011474945450062899,-8.175752550104148e-06
B,11,138,0.20620772242546082,0.39776625965928103,0.17624505483265168,False,False,-0.08198575567199141,0.15341736727130742,0.012756260514643366,-0.020572599899594764,-0.6434846339796298,-0.004273775179942257,0.018998683112522723,-0.0011487333928152002,-8.370327338415186e-06
B,11,139,0.20607724785804749,0.39700512602312005,0.1773737394032134,False,False,-0.08274266437011785,0.1541342000732609,0.01279495172746446,-0.021805515579998293,-0.6448947846931211,-0.004370023226371729,0.019022080813111752,-0.001151540674114831,-8.572969053297496e-06
B,11,140,0.2059510350227356,0.39612944832070296,0.17848905528210662,False,False,-0.08342127846800364,0.1548504659166709,0.012827868528738648,-0.023150414313808296,-0.6464342246462131,-0.0044664696373852,0.01906148008912132,-0.001155519538292476,-8.782861148542886e-06
B,11,141,0.20583085715770721,0.3951791783692944,0.1795769152318139,False,False,-0.08401500382042852,0.15556649758155205,0.012855569771422912,-0.02453819309659551,-0.648051606554078,-0.004562704999756015,0.019082030969650665,-0.0011607166589736552,-8.99926040669526e-06
B,11,142,0.20571774244308472,0.39418804443045413,0.18062881222378166,False,False,-0.08451911665317796,0.15628158020713215,0.012878567234467064,-0.025900638978245884,-0.6497047934071928,-0.004658389662580137,0.019116733119993266,-0.0011666831457011655,-9.22111807383147e-06
B,11,143,0.20561185479164124,0.3931887591835421,0.18163170327572975,False,False,-0.08493101584564397,0.156995812394897,0.012897372696820914,-0.02717697686624659,-0.6513499212694154,-0.004753141342423042,0.019145647330894914,-0.001173348863240938,-9.447359425428672e-06
B,11,144,0.20551282167434692,0.39220953991242896,0.1825757142373433,False,False,-0.0852499010530241,0.15770891066557483,0.012912448449375445,-0.028315502350007488,-0.6529492855762138,-0.004846624616400242,0.019172748191328817,-0.0011804601017515787,-9.676666835472713e-06
B,11,145,0.20541974902153015,0.39127504814793246,0.1834537723985877,False,False,-0.0854767379087213,0.15842043131247946,0.012924212123066112,-0.029276524847655205,-0.6544702474144742,-0.004938542818473148,0.019211091060073623,-0.0011876852788186346,-9.907539356069215e-06
B,11,146,0.2053316831588745,0.3904082583041426,0.18425840163560397,False,False,-0.08561424932494395,0.15913050991265387,0.012933066864518478,-0.030035130456517976,-0.6558815494123786,-0.005028599987273097,0.01923579238506778,-0.0011949936946777267,-1.0138482913894305e-05
B,11,147,0.20524753630161285,0.38962692164766827,0.18499047433715415,False,False,-0.08566650662090458,0.1598383699793972,0.01293936150419597,-0.030579902103268688,-0.6571621230651659,-0.005116598815220978,0.019278641232206076,-0.0012019192370526105,-1.0367796434667688e-05
B,11,148,0.20516639947891235,0.38894911956786493,0.18564904963280446,False,False,-0.08563913830842046,0.16054422104086685,0.012943464184975221,-0.030915253238406125,-0.6582895183267785,-0.005202320502304959,0.019307589849616946,-0.0012085322907689356,-1.0594039313947225e-05
B,11,149,0.20508767664432526,0.38838775078850335,0.18624187956849697,False,False,-0.08553880812791208,0.16124734823629058,0.012945700803828987,-0.031057593365453367,-0.6592519345319816,-0.0052856540630117875,0.019350851574865956,-0.001214445489694048,-1.0815710603838534e-05
B,11,150,0.20501095056533813,0.38795513466630116,0.18677542326166469,False,False,-0.0853733107418034,0.16194775156566835,0.012946423812298175,-0.031035630227729576,-0.6600376861439813,-0.005366481112794001,0.01938775446748388,-0.0012197139935671982,-1.103168822166638e-05
B,11,151,0.20493601262569427,0.3876599372127557,0.1872611262097368,False,False,-0.08515118026152067,0.1626449626719425,0.012945965142484667,-0.030885930964004854,-0.6606421680251248,-0.00544476148546585,0.019430315319396797,-0.0012241600931831994,-1.1240979173912851e-05
B,11,152,0.20486268401145935,0.3875083889053894,0.18771042729090417,False,False,-0.0848816032534921,0.16333874737658421,0.012944657933516167,-0.030650849970636586,-0.6610637683772336,-0.005520474393264537,0.019475979128715862,-0.0012277674402935408,-1.1442911280350438e-05
B,11,153,0.20479097962379456,0.38750384711322766,0.18813481703087404,False,False,-0.08457415775714713,0.16402894545217903,0.012942822047236308,-0.03037501693261676,-0.6613043868195895,-0.005593633577253607,0.01951874514536898,-0.0012305832077069024,-1.1637071302907457e-05
B,11,154,0.20472076535224915,0.38764557656060944,0.18854708532131695,False,False,-0.08423856100231564,0.16471512551722642,0.01294073872066232,-0.03010164455831,-0.6613715067008782,-0.005664304924071083,0.019572508501822943,-0.0012325035653258719,-1.1823168218099044e-05
B,11,155,0.20465192198753357,0.3879312470476454,0.18895605385915884,False,False,-0.08388458241522766,0.16539742314876943,0.012938672292449882,-0.02987078910097739,-0.6612723811129029,-0.00573254128396137,0.019616604903499476,-0.00123374865292429,-1.200121424738388e-05
B,11,156,0.20458433032035828,0.3883536439047629,0.18937320996222265,False,False,-0.08352162604731207,0.16607530836382173,0.012936813472679347,-0.029715190846741353,-0.6610214586750489,-0.00579847231619074,0.0196775133450361,-0.0012341222915200267,-1.2171120021345355e-05
B,11,157,0.20451781153678894,0.3889047772142186,0.1898034427999156,False,False,-0.0831588697655971,0.16674918789351237,0.012935339694146994,-0.02966078960966692,-0.6606304824883309,-0.0058621769437908365,0.019723266356416122,-0.0012339644248454754,-1.2333136079886446e-05
B,11,158,0.20445232093334198,0.3895720500219961,0.19025588760390458,False,False,-0.08280474328870865,0.1674184824541121,0.012934340276763876,-0.029722930891114357,-0.6601189092593316,-0.005923825344548642,0.01979050941859585,-0.0012329814084063914,-1.2487237980089793e-05
B,11,159,0.20438779890537262,0.39034385911177033,0.1907312471848712,False,False,-0.0824672065676712,0.16808385760565026,0.012933909368544343,-0.029909270935763645,-0.6595003817083472,-0.005983502431190166,0.019836871552620695,-0.001231618513582063,-1.2633836668503575e-05
B,11,160,0.20432430505752563,0.3912035500486362,0.1912363869779343,False,False,-0.08215316692610597,0.16874464778809753,0.01293404817651422,-0.030216399350047548,-0.6587978103952002,-0.006041400930940002,0.019910189275151598,-0.0012294699044628923,-1.2772950477315815e-05
B,11,161,0.20426201820373535,0.3921380986691006,0.19176779594690388,False,False,-0.08186895752723243,0.16940180204075495,0.01293480256765486,-0.03063510578588835,-0.6580241472695391,-0.006097589196780914,0.01995481196898778,-0.00122712399319948,-1.2905224852313156e-05
B,11,162,0.20420107245445251,0.39312899143549696,0.19233084035435485,False,False,-0.08161960662426603,0.1700544699258073,0.012936125467959084,-0.031146951771438156,-0.6572036268682612,-0.0061522715829912655,0.02003466437964136,-0.001224020945877172,-1.3030775897353075e-05
B,11,163,0.20414161682128906,0.3941637845959406,0.19291762501118348,False,False,-0.08140958570882051,0.17070393326257033,0.012938057916304944,-0.03173161207206392,-0.6563460926730994,-0.006205477685707923,0.02007392475529887,-0.0012209739318646453,-1.3150599661318154e-05
B,11,164,0.20408378541469574,0.39522363401451527,0.19353341834222162,False,False,-0.08124185257690496,0.17134897185765693,0.01294052749114294,-0.03236225301030844,-0.6554761246062751,-0.006257427361947608,0.02016240937682278,-0.0012171702809763837,-1.3264876410723954e-05
B,11,165,0.2040276974439621,0.3962985478394395,0.19416557885667782,False,False,-0.08111894745332719,0.17199139751336912,0.012943599371867624,-0.033015337029973106,-0.6545980975485586,-0.006308088901563677,0.02019083042775885,-0.0012137879406756995,-1.3375020779412909e-05
B,11,166,0.20397335290908813,0.3973699877135611,0.1948216987430744,False,False,-0.0810416445846896,0.17262929982591907,0.01294716975425804,-0.03366288011236025,-0.6537375700139225,-0.006357723032428527,0.02029279730363884,-0.00120956272960828,-1.348107554249041e-05
B,11,167,0.2039206475019455,0.3984324069855108,0.19548345960600444,False,False,-0.08101065732179435,0.17326532871023834,0.012951342442535142,-0.03428578100623177,-0.652890627635362,-0.006406209255984914,0.020302036088523677,-0.001206273861354425,-1.3584887667899769e-05
B,11,168,0.2038695365190506,0.3994674077696399,0.19616461574066563,False,False,-0.08102461115943725,0.17389639054470912,0.012955948453083427,-0.034860593573235975,-0.6520861676516481,-0.006453893565166206,0.020426841240638982,-0.0012018543432417276,-1.3685960658882028e-05
B,11,169,0.2038198858499527,0.4004761211719786,0.1968389130139145,False,False,-0.0810826709552157,0.17452660194136466,0.012961143492234324,-0.03537854170006804,-0.6513081296452168,-0.006500518755449635,0.02040312113831535,-0.0011991092102455962,-1.3786653256962813e-05
B,11,170,0.20377160608768463,0.40143823345279556,0.19753183786315354,False,False,-0.08118136564851905,0.17515081097257054,0.012966639080815651,-0.035823185410589244,-0.6505942757448205,-0.006546596417201036,0.02056746319247713,-0.001194564397159579,-1.3885369034101788e-05
B,11,171,0.20372475683689117,0.4023647165961897,0.1982042900705803,False,False,-0.08131888576414173,0.17577572253936294,0.01297269231532814,-0.03619967711622767,-0.6499099522896227,-0.006591638214162111,0.020488667189088306,-0.0011928075220257182,-1.3985375702814046e-05
B,11,172,0.20367926359176636,0.4032301135293162,0.19890129138894758,False,False,-0.08148975937946693,0.17639269668654636,0.012978826420570903,-0.036497249826123256,-0.6493099604176906,-0.0066364439466981805,0.020718500122089586,-0.0011879854126939675,-1.4083243616256961e-05
B,11,173,0.2036352902650833,0.40405963411090834,0.19956257564591942,False,False,-0.08169196823368843,0.17701271515460468,0.012985492824202501,-0.03673645224075707,-0.6487312097431819,-0.006680140528771685,0.020555795562903947,-0.001187629994283594,-1.4183982044807801e-05
B,11,174,0.2035924792289734,0.4048168544731028,0.20026141483579835,False,False,-0.08191813523558358,0.17762181350810774,0.012991947998314721,-0.03690756105635475,-0.6482572835144937,-0.006723980158840043,0.020875028075711528,-0.001182279249984729,-1.428144359474954e-05
B,11,175,0.2035502940416336,0.4055469991083763,0.20090957073182597,False,False,-0.08216687718054812,0.17823686492631757,0.012998945127022377,-0.03704558422951942,-0.6477860052399559,-0.006766549973702846,0.020623232320987468,-0.0011834101494351515,-1.4383347644922174e-05
B,11,176,0.20350708067417145,0.40619777787994577,0.20160717876777784,False,False,-0.08242931198115473,0.1788381614372547,0.013005461859451672,-0.03713748202014102,-0.6474347483654928,-0.006809596145435214,0.020995816586453456,-0.001177869465943664,-1.4480593791654642e-05
B,11,177,0.2034623920917511,0.40683169864580165,0.20225199771316016,False,False,-0.0827047436854013,0.1794463107514567,0.013012478300572528,-0.03722566469103896,-0.6470731874955316,-0.006851340791815384,0.020754165654690522,-0.0011793733800108724,-1.4582893511552106e-05
B,11,178,0.20341740548610687,0.40739491264645616,0.20293699502519907,False,False,-0.08298449029206113,0.18004211022955904,0.013019003482182599,-0.03729796351103365,-0.6468166813282736,-0.006893480758023699,0.02101896579558696,-0.0011754008804185255,-1.4681089876697097e-05
B,11,179,0.203374981880188,0.4079349646596746,0.20359530618390545,False,False,-0.083266855418129,0.18063956128254896,0.013025726616027975,-0.0373860776185464,-0.6465721485189129,-0.0069347828716907235,0.0209722965516094,-0.001175131571103362,-1.4781993294940146e-05
B,11,180,0.20333634316921234,0.40843601388367956,0.2042576530740593,False,False,-0.08354621925118766,0.18123205761087613,0.013032304906774346,-0.03749155349882104,-0.6463755667053613,-0.006975820029465801,0.020988126094483802,-0.0011743402409979625,-1.4882381884236216e-05
B,11,181,0.20330005884170532,0.40889662937853405,0.2049328149921712,False,False,-0.08381824949002377,0.18181752858333822,0.013038627308045813,-0.03761956641774738,-0.6462337860298775,-0.007016762761470876,0.02117796337198226,-0.0011717161599182854,-1.4981190849997641e-05
B,11,182,0.20326381921768188,0.40935046178559054,0.2055775385282332,False,False,-0.08408129324863227,0.182405008561074,0.013045162145862486,-0.0377874832268566,-0.6460829102075294,-0.007056767577805256,0.02101915057128466,-0.0011732643764910003,-1.508299101777148e-05
B,11,183,0.2032262086868286,0.40975866795806776,0.20625328980020607,False,False,-0.08432948713139511,0.18298089053903954,0.013051202103090898,-0.03797882585924041,-0.6460035867114609,-0.007097035236021807,0.021279624412224682,-0.001170078090376656,-1.5180675609334162e-05
B,11,184,0.2031882405281067,0.4101713205176582,0.20689426896410415,False,False,-0.08456315301611331,0.1835592005785935,0.01305747984440684,-0.038211888041822406,-0.6458996257289501,-0.007136257164069077,0.0211632845356942,-0.0011713945611670452,-1.5281458340672726e-05
B,11,185,0.20315194129943848,0.41055623405670033,0.2075485060099516,False,False,-0.08477793250337345,0.1841289446140664,0.013063417204440125,-0.03846835827198654,-0.6458363050862249,-0.007175398055074927,0.021282531125096725,-0.0011700297944058644,-1.5379376667632702e-05
B,11,186,0.2031181901693344,0.4109336547454323,0.20819177813790538,False,False,-0.0849732862303739,0.18469506504493516,0.013069272486717309,-0.03874959765989815,-0.6457760353471945,-0.007213971686790837,0.021357668569671154,-0.0011692334724688587,-1.5476888631091504e-05
B,11,187,0.20308612287044525,0.4113121061513602,0.2088144732527658,False,False,-0.08514850084631244,0.1852592873972018,0.013075138632226917,-0.03905110641598078,-0.6457032166080605,-0.0072517779329579965,0.021290062327671812,-0.001170164324267656,-1.55747687659931e-05
B,11,188,0.20305410027503967,0.4116699592810082,0.20944816398243035,False,False,-0.08530142759938247,0.18581410563275777,0.013080619736498345,-0.03935507583577649,-0.6456615401123031,-0.007289479183306273,0.02149407763560181,-0.0011678498615433639,-1.5668718174246103e-05
B,11,189,0.20302161574363708,0.41204444895108866,0.21004432665991557,False,False,-0.08543417174439047,0.18637005778540078,0.013086291550850124,-0.039667988968263054,-0.6455790505840984,-0.007326060008473177,0.02138305420190437,-0.0011692997390334331,-1.576446719229003e-05
B,11,190,0.2029893398284912,0.4124026855798655,0.2106481926225166,False,False,-0.08554483681213061,0.18691655652059022,0.013091596429351099,-0.039968141692949634,-0.6455206804643498,-0.007362482987576793,0.02153882648663849,-0.0011674949423161511,-1.5855973836488974e-05
B,11,191,0.20295846462249756,0.4127714169651378,0.2112255390723373,False,False,-0.08563573684301,0.18746114485199178,0.013096962866169149,-0.040259279602175534,-0.6454349673397881,-0.007398012445215014,0.021544481897303167,-0.001167461247452808,-1.5947462148499897e-05
B,11,192,0.20292928814888,0.413142722608483,0.21178794882341728,False,False,-0.08570736770283016,0.18800102496244517,0.01310226291656682,-0.04053251992848118,-0.6453379140637565,-0.007432896425201576,0.021552283254691437,-0.0011673515519532581,-1.6037317368094443e-05
B,11,193,0.20290108025074005,0.4135101234904376,0.21234551874474708,False,False,-0.08576059063219375,0.18853379344073337,0.013107390362271517,-0.04078116123581002,-0.64524304822811,-0.00746735055653365,0.021691609228015392,-0.0011655682201118834,-1.6124141665935856e-05
B,11,194,0.20287300646305084,0.41389552025528076,0.2128707154622697,False,False,-0.08579836342710985,0.1890657977575064,0.01311271938128899,-0.04101199637806553,-0.6451082903875465,-0.007500763185715995,0.02161250484035869,-0.0011664173306681264,-1.621170536202753e-05
B,11,195,0.20284487307071686,0.4142718435001486,0.21340049618615484,False,False,-0.08582072088517857,0.18958863213609767,0.013117808202167285,-0.04121366160899799,-0.6449872903957207,-0.007533939750473335,0.02177255882401875,-0.0011642462583067272,-1.6295051127191587e-05
B,11,196,0.20281721651554108,0.4146658801716942,0.2139013980976498,False,False,-0.08583129065621105,0.19011024632130183,0.013123116701745733,-0.04139838406563363,-0.6448286434035836,-0.007566128367995277,0.02173621790438485,-0.0011644557904384046,-1.6378972828596032e-05
B,11,197,0.2027905136346817,0.41505918708017725,0.21439869930569946,False,False,-0.0858309165820099,0.19062504467879826,0.013128346744645556,-0.04156146334700971,-0.6446690178196953,-0.007597881499503326,0.02180623387634519,-0.0011632790909329937,-1.6460114148150328e-05
B,11,198,0.20276500284671783,0.41545815006811904,0.21488562706283243,False,False,-0.08582205189338266,0.19113492528718914,0.013133612998320129,-0.04170929870241102,-0.6444968432357032,-0.00762903777558457,0.021877615914153322,-0.0011620220229387201,-1.65396376521116e-05
B,11,199,0.20274023711681366,0.4158685702734654,0.21535586989771996,False,False,-0.0858071324223368,0.19164171227396226,0.013139024095093705,-0.04184880233681894,-0.6443014702707855,-0.007659444282865196,0.021849509619060917,-0.001161959999431011,-1.6618692157595947e-05
B,11,200,0.20271579921245575,0.41627392820966447,0.21583187032683016,False,False,-0.08578712380227531,0.19214053719075494,0.013144306040104003,-0.04197815605083352,-0.6441157680949386,-0.007689605565011788,0.021984964222939336,-0.0011597658398484324,-1.6694251325897254e-05
B,11,201,0.20269161462783813,0.4166946992339852,0.21628784485832644,False,False,-0.08576528830820819,0.19263779680896012,0.01314982335515018,-0.04211050623871954,-0.6439001325243489,-0.007718925471267461,0.021936369488760255,-0.0011598541952678651,-1.6770369625933258e-05
B,11,202,0.20266784727573395,0.4171090134051637,0.21675232413178788,False,False,-0.08574206960953683,0.19312713133274206,0.013155211518433081,-0.04224145468628605,-0.6436974489034073,-0.007748058639992907,0.02204687809913446,-0.0011578577122168985,-1.6843058279126633e-05
B,11,203,0.20264479517936707,0.417532169442928,0.21720610675403415,False,False,-0.08572015582086948,0.1936133722349062,0.013160748145892458,-0.04238085928469314,-0.6434781292226953,-0.007776560424465202,0.02205580340249079,-0.0011571143036949202,-1.691546431108799e-05
B,11,204,0.20262257754802704,0.4179552591032256,0.2176602668530971,False,False,-0.08570052127500913,0.19409414075460704,0.01316629563658426,-0.04252803947885814,-0.6432593276199693,-0.0078046950759063675,0.02209056162270028,-0.001156000002084589,-1.6986159338833868e-05
B,11,205,0.2026010900735855,0.4183760314323099,0.21811726774688012,False,False,-0.08568436648915947,0.19456905481108694,0.013171831057017814,-0.04268394753801987,-0.6430451887191166,-0.007832525309939765,0.022172377753010074,-0.0011542453732749508,-1.7054989066448412e-05
B,11,206,0.20258009433746338,0.4188026364623913,0.21856571584112947,False,False,-0.08567340524512577,0.19504093687187773,0.013177517355679494,-0.04285278614375225,-0.6428191915888082,-0.007859794626712551,0.022149570060338516,-0.001153828430540029,-1.7123924204144084e-05
B,11,207,0.2025594413280487,0.4192192622534908,0.21902460961472145,False,False,-0.08566757664710786,0.1955053498701172,0.013183093814991099,-0.043028095101539224,-0.6426114998806693,-0.007886968813045408,0.02226109302557732,-0.00115164974563543,-1.719014312264769e-05
B,11,208,0.20253916084766388,0.4196417712935583,0.21947272661800798,False,False,-0.0856686292745111,0.19596735945713967,0.013188851328176456,-0.043215232512964476,-0.6423905108375583,-0.007913556714000342,0.022236261720437193,-0.0011512517718606124,-1.725711977158958e-05
B,11,209,0.20251934230327606,0.42005364275968726,0.21992923313085655,False,False,-0.0856760498627339,0.19642238066385423,0.01319451227929581,-0.043406016480728185,-0.6421873667028515,-0.007940040323806316,0.022322242312678528,-0.001149404544574676,-1.7321864476639672e-05
B,11,210,0.202500119805336,0.42046507437906,0.2203796773022298,False,False,-0.08569081274457928,0.19687379059115043,0.013200266171403692,-0.04360239217346216,-0.6419812292286705,-0.007966092675617951,0.022339445567291668,-0.0011484733183885084,-1.738672681322958e-05
B,11,211,0.2024814635515213,0.4208699599037447,0.220830279833032,False,False,-0.08571265693804642,0.19732002394044076,0.013206007993253324,-0.0437995246028179,-0.6417830931811611,-0.007991886413566969,0.022373551338141014,-0.0011473343072117255,-1.745069392797103e-05
B,11,212,0.20246337354183197,0.42126653608285775,0.22128158352102698,False,False,-0.08574139975573476,0.1977608342080107,0.013211708776224905,-0.04399433603461559,-0.6415953762575911,-0.008017457475819561,0.022439020553622856,-0.0011457963238938036,-1.7513629857136194e-05
B,11,213,0.20244574546813965,0.42166039463894306,0.22172493210620245,False,False,-0.08577718038804474,0.19819816877320523,0.013217469910487738,-0.04418689757162507,-0.641406162664284,-0.008042619124845503,0.022432771312095236,-0.001145233619675976,-1.7576915625556124e-05
B,11,214,0.20242848992347717,0.42204101225002993,0.22217280086376062,False,False,-0.08581891140997301,0.19862893401440665,0.013223092236780691,-0.04437094709133196,-0.6412355423142497,-0.00806769269013077,0.022521947886749143,-0.0011434165929712582,-1.7638401784185135e-05
B,11,215,0.20241162180900574,0.42242031528221985,0.22260907163567717,False,False,-0.08586687120232042,0.1990569014384478,0.013228789398674798,-0.044549851817764656,-0.6410595109274736,-0.008092301877935203,0.022506615326785787,-0.0011430226126617257,-1.7700758721745238e-05
B,11,216,0.20239512622356415,0.4227858180981211,0.22304895197725397,False,False,-0.0859196069652825,0.19947833651405292,0.013234324819108351,-0.04471766959087304,-0.6409021879124117,-0.008116835666057622,0.022587460428946306,-0.0011413587103915334,-1.77613542415728e-05
B,11,217,0.202379047870636,0.4231484004819684,0.2234785753397704,False,False,-0.08597711869885927,0.19989651774062583,0.013239885587084228,-0.04487835677192125,-0.6407421593789787,-0.008140960745623312,0.02259086285041424,-0.001140763309676684,-1.78225363914171e-05
B,11,218,0.20236338675022125,0.4235004057263873,0.22390751870303424,False,False,-0.08603811889184676,0.2003090910076924,0.01324532203140013,-0.045029003226115506,-0.6405943920245463,-0.008164924455776087,0.022643125063613812,-0.0011395321992067637,-1.7882632359121036e-05
B,11,219,0.20234818756580353,0.42384635152346883,0.22433036678163326,False,False,-0.0861020942796434,0.20071735045975408,0.013250704159553905,-0.04517204676270714,-0.6404501936517947,-0.008188596432579753,0.022676517217975502,-0.0011385825032436522,-1.7942577086273782e-05
B,11,220,0.20233342051506042,0.4241862815829152,0.22474758351448854,False,False,-0.08616821841924664,0.20112118517013933,0.013256019901287304,-0.04530849805678162,-0.6403097945176066,-0.008211990769432811,0.022697831413283607,-0.0011378234952479041,-1.800229724412325e-05
B,11,221,0.20231904089450836,0.4245176366775846,0.22516300029742028,False,False,-0.0862354908796534,0.20151969540029,0.01326120769828325,-0.04543858565295624,-0.6401786056587241,-0.008235206824794748,0.022756391291986748,-0.0011365795308115973,-1.806110690330091e-05
B,11,222,0.20230504870414734,0.4248469030111456,0.22556925925383217,False,False,-0.08630353758666255,0.20191468062732237,0.013266371354762696,-0.04556630146388008,-0.6400443658961465,-0.008258057156465406,0.02275691885846155,-0.0011361541019629447,-1.812031528756807e-05
B,11,223,0.20229139924049377,0.42516670777313786,0.22597636796790804,False,False,-0.08637110582667024,0.2023037497652052,0.013271357578445863,-0.04569007107107831,-0.6399220419272456,-0.008280796854957778,0.022827648446909543,-0.0011347837193912069,-1.81781182040868e-05
B,11,224,0.20227807760238647,0.42548661642199054,0.22637297497652104,False,False,-0.08643813470387625,0.20268968830591308,0.013276332938896606,-0.045815064661671484,-0.6397932132014099,-0.0083031327775829,0.022821335489624096,-0.0011344924460169753,-1.8236545942680647e-05
B,11,225,0.20226509869098663,0.42579770775042575,0.2267709979773642,False,False,-0.08650339760287684,0.20306963680635703,0.01328111396818952,-0.045938768244869164,-0.6396758973197063,-0.00832537145575832,0.022891127182116885,-0.0011331628716686193,-1.8293409334563203e-05
B,11,226,0.20225246250629425,0.4261095812415204,0.22715901212632342,False,False,-0.0865669902170723,0.20344639308369739,0.013285870856965934,-0.04606580350071034,-0.6395515586030821,-0.008347219042125145,0.022889302362812735,-0.0011328366554731431,-1.835076616784004e-05
B,11,227,0.20224016904830933,0.4264143426144502,0.22754734670616172,False,False,-0.0866279295142596,0.203817467450417,0.013290445484842768,-0.046193509154095626,-0.6394360272122189,-0.008368941901915177,0.022949429649158404,-0.001131656586481398,-1.8406691562768754e-05
B,11,228,0.20222820341587067,0.426719354665563,0.22792718278965937,False,False,-0.08668633728603913,0.2041850291392041,0.013294971831686602,-0.04632493754535849,-0.639315027220393,-0.008390311017402664,0.022958143416198753,-0.0011311985859315137,-1.8462788058119016e-05
B,11,229,0.20221655070781708,0.42701931284760286,0.22830536946314395,False,False,-0.08674158717560894,0.20454741424998532,0.013299344886250659,-0.046457793070787234,-0.6391991504442058,-0.008411509602768204,0.023005137610541234,-0.0011302094544987122,-1.8517755596223528e-05
B,11,230,0.20220522582530975,0.4273184365756288,0.22867679791784254,False,False,-0.08679378357576938,0.20490586762651927,0.013303644312239389,-0.04659327431993045,-0.639080165200103,-0.008432399542706425,0.02302580190511951,-0.001129592214520585,-1.8572523007942125e-05
B,11,231,0.2021942287683487,0.42761444632244566,0.2290444042120023,False,False,-0.08684267420391964,0.20525966208284793,0.013307827863748916,-0.04672976624415911,-0.6389626190615167,-0.00845306539760837,0.023059928065011358,-0.001128788030448799,-1.862650977398741e-05
B,11,232,0.20218351483345032,0.4279083899245292,0.22940679904154293,False,False,-0.08688832865525997,0.20560914272417172,0.013311919681295742,-0.04686684222685424,-0.6388443821522825,-0.008473471933977772,0.02309122779388603,-0.0011280254033751362,-1.8679963378897695e-05
B,11,233,0.202173113822937,0.42820060631034795,0.2297634533727429,False,False,-0.08693084262319063,0.20595444512753364,0.013315930628112291,-0.047003725216316974,-0.6387247061375317,-0.008493605763086047,0.023114427975625795,-0.0011273793355694821,-1.8732964789836746e-05
B,11,234,0.202162966132164,0.42848952599132556,0.2301161629407161,False,False,-0.08697023350651172,0.20629512558624746,0.01331983777070789,-0.047138911896842314,-0.6386065843567388,-0.008513521849187376,0.023154301296873594,-0.0011264986516783288,-1.878515194609111e-05
B,11,235,0.20215313136577606,0.4287776711878831,0.23046159356165988,False,False,-0.08700685798062428,0.20663203453812845,0.01332369542524466,-0.04727259018289339,-0.6384848935942651,-0.008533130699201235,0.02316840031976543,-0.0011259856161849845,-1.8837161891194585e-05
B,11,236,0.2021435648202896,0.42906133011017666,0.23080423192350225,False,False,-0.0870406986467283,0.2069640750416468,0.01332743961935388,-0.047402586361221084,-0.6383668869419135,-0.00855255703970442,0.023215608599054208,-0.0011250022253585302,-1.888811468012207e-05
B,11,237,0.20213426649570465,0.42934512745970144,0.2311383479729661,False,False,-0.08707232966522552,0.20729271379390415,0.013331163294024074,-0.047530200596759456,-0.6382434116885992,-0.00857164866199304,0.023221065216554468,-0.001124615608000617,-1.8939131631707636e-05
B,11,238,0.20212522149085999,0.4296231193320089,0.231471024202696,False,False,-0.08710164664331563,0.20761624991927002,0.013334760230982642,-0.047652863032256035,-0.6381260382426749,-0.008590597236286808,0.023276051915558697,-0.0011235201505545996,-1.898883172112022e-05
B,11,239,0.20211642980575562,0.4299020844006948,0.23179397508969365,False,False,-0.08712940642880095,0.20793677869931823,0.013338366824147808,-0.047773163840040385,-0.6380014117049474,-0.008609181496229149,0.023271316560437037,-0.0011232814162080251,-1.9038872483693562e-05
B,11,240,0.20210793614387512,0.4301737316955555,0.2321173680498407,False,False,-0.08715536543848074,0.208251884397646,0.013341830988265623,-0.04788797449823994,-0.6378858803140842,-0.008627673444411262,0.023336951436889224,-0.00112203083759484,-1.908726946007418e-05
B,11,241,0.20209966599941254,0.4304477576393267,0.23242945770422171,False,False,-0.08718048930575795,0.2085645250588281,0.013345345847468089,-0.04800142404627417,-0.6377603903130469,-0.008645755979366723,0.023317566554728105,-0.001122005753641018,-1.913641347311673e-05
B,11,242,0.20209167897701263,0.4307123291952649,0.23274485394369718,False,False,-0.08720427346543105,0.20887122498048924,0.01334868689495175,-0.0481093275782616,-0.6376483703396438,-0.008663823011583827,0.023400170211804634,-0.001120508204159108,-1.918341873088994e-05
B,11,243,0.20208396017551422,0.430981571414494,0.23304632768004083,False,False,-0.0872279706311039,0.20917629797763423,0.01335213778178549,-0.048217794853638404,-0.637521959311076,-0.008681406640232111,0.02335742203556371,-0.0011208270574029646,-1.923183709482325e-05
B,11,244,0.20207661390304565,0.4312380990266494,0.23335554603416328,False,False,-0.08725064126757356,0.20947446887077142,0.013355359333712475,-0.048320512962197464,-0.6374157533239596,-0.008699094560029354,0.023468804826135295,-0.0011189119412071818,-1.927729939343786e-05
B,11,245,0.20206962525844574,0.4315034121903122,0.23364614848713544,False,False,-0.08727401655544542,0.20977239326019403,0.013358783665978063,-0.04842658813724639,-0.6372872124192274,-0.008716163074962178,0.023386993793086126,-0.0011198095973257967,-1.9325293061681973e-05
B,11,246,0.2020631581544876,0.4317503690099256,0.23395165650623084,False,False,-0.08729641751051427,0.21006178862109273,0.013361874859115946,-0.048525766343621726,-0.6371902167074164,-0.00873353459796292,0.02354750398157222,-0.001117178777273451,-1.9368908392353266e-05
B,11,247,0.20205731689929962,0.4320133572196457,0.23423028520708855,False,False,-0.08732040175638799,0.2103531806620794,0.013365318503794734,-0.04863207514205724,-0.6370568979723694,-0.00875004712832461,0.023401253379687684,-0.0011190337418983771,-1.9416929558879413e-05
B,11,248,0.2020522505044937,0.4322483707084674,0.23453502042650817,False,False,-0.08734309849105774,0.21063333213368193,0.013368250369523714,-0.048728581915794655,-0.636973832801958,-0.008767186814919899,0.02364055702293229,-0.0011152450665049345,-1.9458189203389757e-05
B,11,249,0.20204804837703705,0.43251165136101083,0.23480004341837357,False,False,-0.08736840504573554,0.21091898063811923,0.013371764021700355,-0.04883715076655693,-0.6368315340484881,-0.008783084873106648,0.023399668131632963,-0.001118513093861833,-1.9506813804438327e-05
B,11,250,0.20204417407512665,0.4327324957168255,0.23510585495236117,False,False,-0.08739170203900713,0.2111894938144823,0.013374503970323155,-0.048931006422733514,-0.6367662562222606,-0.008800063894958948,0.023738722616700354,-0.0011132395981570764,-1.9545238070534454e-05
B,11,251,0.20203956961631775,0.4329973568871347,0.2353582747349853,False,False,-0.08741864408088995,0.2114695959853419,0.013378097286204246,-0.049042084185516956,-0.6366140564228373,-0.00881534818564068,0.02340986520151551,-0.0011178414429191964,-1.9594533324128196e-05
B,11,252,0.2020324170589447,0.4332062880147733,0.2356605853525251,False,False,-0.08744294150516463,0.2117316047835525,0.01338071049711542,-0.04913426892660252,-0.6365609246471687,-0.008832062956270958,0.023789756390089033,-0.0011119316134804182,-1.9630908968212758e-05
B,11,253,0.20202258229255676,0.43346406210817234,0.2359101667110776,False,False,-0.08747102316845094,0.21200374488443166,0.01338421932118876,-0.049243904318912256,-0.6364154598615627,-0.008847025917466713,0.023502367738727957,-0.0011159577752625335,-1.967873153603532e-05
B,11,254,0.2020123451948166,0.43367634792102694,0.23619499457140702,False,False,-0.08749719096373136,0.212261365916523,0.013386973754121461,-0.04933860812955754,-0.6363471886958607,-0.00886303460883175,0.023734795177387934,-0.0011122265059325643,-1.9716561533703036e-05
B,11,255,0.20200499892234802,0.4339083536738807,0.2364557219922169,False,False,-0.08752527262701768,0.21252140268501707,0.01339010719316322,-0.049439985443028356,-0.636239831424331,-0.008878177965528405,0.02368365945878673,-0.0011127420373417119,-1.975914262343337e-05
B,11,256,0.20200112462043762,0.4341361579395764,0.23671367803572757,False,False,-0.08755378926030533,0.2127777665481641,0.013393208042507702,-0.049539757865408714,-0.6361357553133791,-0.008893149382763263,0.02363908136598103,-0.001113167965373525,-1.9801137083146967e-05
B,11,257,0.20199860632419586,0.43434027942767,0.2369861917255628,False,False,-0.08758149684939048,0.21302545348055849,0.013395938334923904,-0.049631145239718316,-0.6360694988954002,-0.008908524575865374,0.023837950989308965,-0.001109936378387353,-1.98381008849306e-05
B,11,258,0.20199467241764069,0.434575685382419,0.23722498106884757,False,False,-0.08761149238068268,0.21327846489318747,0.013399240757581164,-0.04973208070026233,-0.6359440088943629,-0.008922706058113869,0.023623736062866104,-0.0011129347220417175,-1.9882396034241077e-05
B,11,259,0.20198819041252136,0.4347681847883887,0.2374943095335542,False,False,-0.08763933916016828,0.21351806650374414,0.013401841898234089,-0.0498180642640648,-0.6358897258342812,-0.008937843072781197,0.023874126247972513,-0.001108919417493346,-1.9917343295342182e-05
B,11,260,0.2019808292388916,0.4349914554013043,0.23773152194256322,False,False,-0.08766917810225999,0.2137627707411923,0.013404997063740697,-0.04991296614671175,-0.6357778209893195,-0.008951818791411478,0.023731749564163827,-0.0011108537522408132,-1.9959408028443203e-05
B,11,261,0.2019750475883484,0.4351920986065297,0.23798137327076774,False,False,-0.08769783392594806,0.21399929105531693,0.013407798570680574,-0.04999961502928906,-0.6357012605758425,-0.008966161643072889,0.0238105557620739,-0.0011094381935930376,-1.999670028192891e-05
B,11,262,0.20197154581546783,0.435390240980203,0.23822732825698897,False,False,-0.08772633316043565,0.21423263147152363,0.013410581972233077,-0.0500844863426206,-0.6356252182403516,-0.008980305073145414,0.02388304900269853,-0.0011081196012742158,-2.0033642696159848e-05
B,11,263,0.2019687294960022,0.4356021946765115,0.23845599928876493,False,False,-0.08775549354932528,0.21446683465073135,0.013413621263260482,-0.050172922951982224,-0.6355214299505029,-0.008993786113488073,0.023764922536318595,-0.0011097077524997814,-2.0073857405952883e-05
B,11,264,0.20196488499641418,0.4357832825407015,0.2387040998728384,False,False,-0.08778266177560878,0.21469090652727046,0.013416159638570504,-0.05025084650894745,-0.6354673195830831,-0.009007878102656044,0.023961470357431333,-0.0011064960080442447,-2.0107359479564845e-05
B,11,265,0.20195966958999634,0.435992067673638,0.23892417659720472,False,False,-0.0878110653166961,0.2149191936173286,0.013419179617184711,-0.050336982435828126,-0.6353618043666146,-0.009020925770994587,0.023818084416018674,-0.0011084817586572576,-2.0147155604398024e-05
B,11,266,0.20195432007312775,0.4361741862952229,0.23916015056812256,False,False,-0.08783753759097745,0.21513843402106225,0.013421766273527733,-0.050414352406942524,-0.6352986564165513,-0.009034469526960603,0.023940461997760794,-0.001106399790490032,-2.0181132787216246e-05
B,11,267,0.20195017755031586,0.43636491974370867,0.2393839158218299,False,False,-0.08786400986525882,0.21535725536848116,0.01342450984322801,-0.05049424144761664,-0.635217260608539,-0.00904751649062922,0.023939034764785483,-0.0011062172142490292,-2.0217129566081666e-05
B,11,268,0.20194721221923828,0.43655678787079827,0.23960151228059526,False,False,-0.08789000367253871,0.21557385818246896,0.013427284795599737,-0.05057444029321645,-0.6351305113280055,-0.00906028158632768,0.023896773376934348,-0.0011066654807272808,-2.0253485350295867e-05
B,11,269,0.20194439589977264,0.43673020140228225,0.23982869013571526,False,False,-0.08791436199261358,0.21578343564059166,0.013429756784489382,-0.05064885442061359,-0.6350721987724776,-0.009073322912636895,0.02403170296296828,-0.0011043863352116039,-2.028575916731029e-05
B,11,270,0.20194083452224731,0.4369241265930262,0.2400345498446878,False,False,-0.08793926837489013,0.21599552743660294,0.013432582431945759,-0.050729840475450816,-0.6349753757533285,-0.009085538365793549,0.02391474376927172,-0.0011059925818267427,-2.032271380299991e-05
B,11,271,0.20193669199943542,0.4370929968427564,0.24025520285759513,False,False,-0.08796213909756043,0.21619909020409028,0.013434991655492504,-0.05080310172222285,-0.6349183296106552,-0.00909822383379044,0.024046339746856174,-0.0011037614826902768,-2.035409239816588e-05
B,11,272,0.20193272829055786,0.43727583891155153,0.24046000058907593,False,False,-0.08798517510883123,0.21640361433606442,0.013437642284204254,-0.05088083736472495,-0.6348341707200512,-0.009110275803524404,0.024000415977245178,-0.0011042770140994244,-2.038867454318886e-05
B,11,273,0.20192953944206238,0.4374505539290479,0.24066629416887078,False,False,-0.08800714979329878,0.21660375070191934,0.013440161347101076,-0.05095607425274443,-0.6347607763387106,-0.009122319317219265,0.02401801172092653,-0.0011038111514147602,-2.0421484576702955e-05
B,11,274,0.20192694664001465,0.43761782569627017,0.24087356852722844,False,False,-0.08802811534736321,0.2167997211549981,0.013442559707415395,-0.05102893935551312,-0.6346969951822201,-0.009134339576806587,0.024091557545870453,-0.0011024772092137487,-2.0452675266941688e-05
B,11,275,0.20192433893680573,0.43779661961173943,0.24106705688076432,False,False,-0.08804917659482794,0.21699615996513452,0.013445157226990844,-0.051105232627541505,-0.6346103610301278,-0.009145800328473147,0.024015129220042463,-0.0011034753259434418,-2.0486543984314107e-05
B,11,276,0.20192134380340576,0.43795501869748854,0.24127150498837557,False,False,-0.08806857625688758,0.21718537621643422,0.01344741798636111,-0.0511749590508991,-0.6345554447636189,-0.0091576049590633,0.024133495257671826,-0.0011014429017049093,-2.051587701283318e-05
B,11,277,0.2019180953502655,0.438128481281048,0.24145964172017714,False,False,-0.08808834129374833,0.21737592358779254,0.013449935842232107,-0.05124891101029235,-0.6344717463867802,-0.009168754246622838,0.02406611966671582,-0.001102306613368601,-2.05486794079356e-05
B,11,278,0.20191504061222076,0.4382875515934868,0.2416541018952937,False,False,-0.08810687971520531,0.2175608013737159,0.0134522171210414,-0.0513179721148751,-0.6344095194642475,-0.009180081111003576,0.024127977473044054,-0.001101155621795963,-2.057831491755705e-05
B,11,279,0.20191241800785065,0.4384485869665398,0.24184231015046356,False,False,-0.08812517455346154,0.2177439536336373,0.013454539438728742,-0.05138710432222768,-0.6343408453490009,-0.009191123288734454,0.024143404332328998,-0.0011007313161094218,-2.060850650354853e-05
B,11,280,0.2019101232290268,0.43861115261068473,0.2420247091208789,False,False,-0.08814323450791704,0.21792528176607093,0.013456893139087536,-0.051456129875425506,-0.6342665299401298,-0.00920189839656361,0.024118060752495944,-0.001100947961601138,-2.063914722814658e-05
B,11,281,0.20190788805484772,0.43876109495193316,0.24221209083890788,False,False,-0.08816033752836962,0.21810148262124163,0.0134590428520819,-0.05152074197812456,-0.6342106926460902,-0.009212805982338739,0.024201719542522083,-0.0010994588982329587,-2.0667051873682193e-05
B,11,282,0.20190547406673431,0.43892238629397534,0.2423862520283925,False,False,-0.0881778668194235,0.2182782997356987,0.01346139051731157,-0.0515882845306945,-0.6341325204344349,-0.009223170972271317,0.024139466698495322,-0.0011002615847552626,-2.0697671210727544e-05
B,11,283,0.20190297067165375,0.43906786426647687,0.2425680385491683,False,False,-0.08819433478367411,0.21844922541137773,0.013463477464963033,-0.051650438509065116,-0.6340784100670152,-0.009233766389269498,0.024222108585026547,-0.0010987907415724463,-2.0724772295354824e-05
B,11,284,0.20190051198005676,0.43922143165116817,0.24273914919326847,False,False,-0.08821114202452576,0.21862007713594236,0.01346571166976515,-0.051714664625299375,-0.6340075485113835,-0.009243911522185354,0.02419268464806229,-0.001099085134841432,-2.075389144834696e-05
B,11,285,0.20189830660820007,0.43936743452868243,0.24291171073084442,False,False,-0.08822744470017588,0.21878708340255978,0.013467825171984764,-0.05177616852120297,-0.6339467606943673,-0.009254058769110987,0.024220095167079233,-0.0010984879869855202,-2.0781388202699068e-05
B,11,286,0.2018962800502777,0.4395107924597452,0.24308203994570365,False,False,-0.08824354728962537,0.2189514520794314,0.013469901256403804,-0.05183652969402,-0.6338876998039707,-0.009264070719410943,0.02425204479668373,-0.0010978212030786998,-2.0808393043339223e-05
B,11,287,0.20189440250396729,0.4396573658730157,0.24324556860343624,False,False,-0.08825981516767537,0.21911463753847307,0.013472041313191567,-0.051897698391151534,-0.6338202921015788,-0.009273777547633207,0.024224099065301048,-0.0010981029919728792,-2.0836312965698193e-05
B,11,288,0.20189252495765686,0.43979263030899174,0.24341356298808675,False,False,-0.0882754392901234,0.21927316407730948,0.013473996695028105,-0.051955190059328964,-0.6337694628947366,-0.009283599941723234,0.024293177141306178,-0.0010968534117260153,-2.0861727489027358e-05
B,11,289,0.20189058780670166,0.43993628607428653,0.24357112918207535,False,False,-0.08829154187957289,0.21943176456726027,0.013476100541041118,-0.05201512969429628,-0.6337016522428,-0.009292979803100114,0.02424997785749984,-0.0010973829202636607,-2.088921049423845e-05
B,11,290,0.20188862085342407,0.44006789550014813,0.24373372658810064,False,False,-0.08830698331462035,0.21958560753551995,0.013478008848870479,-0.05207131611877039,-0.6336516864992676,-0.009302496370442523,0.024310625064429374,-0.0010962701162028114,-2.091403838755088e-05
B,11,291,0.20188677310943604,0.44020479827542075,0.24388845045512766,False,False,-0.08832273792806877,0.2197388095941218,0.013480012511740016,-0.05212903125279586,-0.6335901503473828,-0.009311666240181636,0.024293625700241277,-0.0010963907937318951,-2.0940193836812638e-05
B,11,292,0.20188501477241516,0.44033581715040904,0.24404366937692468,False,False,-0.08833818806251625,0.2198887824540628,0.013481924440646852,-0.05218490279357501,-0.633536039979963,-0.009320802990434258,0.02431578858944363,-0.0010958929833249503,-2.096512102947686e-05
B,11,293,0.20188339054584503,0.44046460961125256,0.24419673204717046,False,False,-0.0883535251047634,0.220036388878344,0.01348380619390806,-0.05224000744019384,-0.6334831960253978,-0.009329810081420607,0.02433972277671356,-0.0010953695897810227,-2.0989647969369247e-05
B,11,294,0.20188185572624207,0.44059506251756614,0.24434471890494733,False,False,-0.08836895784041082,0.22018256558108074,0.013485722950918197,-0.052295513309585276,-0.6334249985983113,-0.009338574061282696,0.024324402959901768,-0.0010954735446742252,-2.101467751674993e-05
B,11,295,0.2018803507089615,0.4407171771733127,0.24449516085434098,False,False,-0.08838392950785684,0.22032497077698465,0.01348750693508758,-0.05234835282510807,-0.6333784867080186,-0.009347384549359862,0.02437518951615008,-0.0010945273429932383,-2.1037887594469334e-05
B,11,296,0.2018788605928421,0.440845121117811,0.24463760588059882,False,False,-0.0883992056543038,0.22046695691657378,0.013489394723477915,-0.05240272105018222,-0.6333196560745047,-0.009355841997804407,0.02434509019215286,-0.0010948724033530285,-2.1062529110536864e-05
B,11,297,0.2018773853778839,0.44096330607733264,0.24478365164251895,False,False,-0.08841390764034898,0.22060490039524405,0.013491123184459348,-0.05245393028076818,-0.633274986239273,-0.009364390348669326,0.02439654194091288,-0.0010939182147414713,-2.1084998262323675e-05
B,11,298,0.20187592506408691,0.4410862701595164,0.24492240704811022,False,False,-0.08842883581079487,0.22074225226499938,0.013492940965351832,-0.05250632794336416,-0.6332197245874401,-0.009372614551368567,0.02437676456968355,-0.0010941034116940676,-2.110869872607269e-05
B,11,299,0.2018745392560959,0.44120245543390146,0.24506262634342746,False,False,-0.0884433203118394,0.22087627633460807,0.013494648906894238,-0.05255635889947864,-0.633173615646692,-0.009380850733456538,0.02440846443351737,-0.0010934675771432066,-2.113089747808616e-05
B,11,300,0.20187322795391083,0.44131951816441634,0.24519870707581443,False,False,-0.08845776131588377,0.22100879673155796,0.01349637495382402,-0.052606278122669096,-0.6331237074673803,-0.009388884675275922,0.024412595763254837,-0.0010932745180558302,-2.115336662987297e-05
B,11,301,0.20187196135520935,0.44143446785662355,0.24533276315034694,False,False,-0.08847199353432753,0.2211391725461911,0.013498070825108177,-0.05265526285231321,-0.6330750081367026,-0.009396797413868138,0.024418551912296454,-0.001093054003894619,-2.1175449278028964e-05
B,11,302,0.20187078416347504,0.4415456270592499,0.24546616640117733,False,False,-0.08848590387497027,0.22126698472219278,0.013499706345101082,-0.052702754423790875,-0.6330304534299123,-0.009404641799477592,0.024445521518269234,-0.00109249816344525,-2.11967146161356e-05
B,11,303,0.2018696367740631,0.441658825341173,0.2455946050232841,False,False,-0.08849979681681297,0.221393638330736,0.013501381696946212,-0.0527505608789635,-0.632980142301056,-0.009412255758021444,0.024432487822848254,-0.0010925857700899418,-2.121854672438861e-05
B,11,304,0.20186850428581238,0.44176529874543363,0.245724683651916,False,False,-0.0885131764940541,0.2215170873909899,0.013502944795389616,-0.05279602094273172,-0.6329390414475052,-0.009419890856663057,0.024471841223512186,-0.001091834000250023,-2.1238866427129728e-05
B,11,305,0.20186738669872284,0.4418756665099841,0.24584849689107274,False,False,-0.08852663446589547,0.22163987089121445,0.013504579108356698,-0.052842395184969186,-0.632889075703973,-0.009427241973324736,0.024452023074197846,-0.0010920350462679694,-2.1260194400212107e-05
B,11,306,0.20186632871627808,0.44197871002206557,0.24597450362347983,False,False,-0.08853951827733507,0.22175935124166385,0.01350609151171545,-0.05288630622410894,-0.6328494139559387,-0.009434638188861642,0.024491531941310877,-0.0010912834012238406,-2.1279852616502063e-05
B,11,307,0.2018653005361557,0.44208535494863754,0.24609458566830517,False,False,-0.08855245428517482,0.22187811673134103,0.013507669094468756,-0.052931065417717395,-0.6328014629601295,-0.009441765220487048,0.02447596745598903,-0.0010914200526140649,-2.1300442719016516e-05
B,11,308,0.20186428725719452,0.4421859626521395,0.24621599293962035,False,False,-0.08856488572781303,0.22199392417644342,0.013509146494078582,-0.05297379818238567,-0.6327616860836539,-0.009448904231501186,0.024506701388934196,-0.0010908122971159896,-2.131966096279392e-05
B,11,309,0.2018633335828781,0.44228830122103224,0.24633293085929794,False,False,-0.08857724757525103,0.22210864700520172,0.01351065769041151,-0.0530169067759802,-0.6327168435557603,-0.009455829022858004,0.024501787629690623,-0.0010907814725558203,-2.1339381814059624e-05
B,11,310,0.2018623948097229,0.44238681659126594,0.2464495895727041,False,False,-0.08858923534848788,0.22222097874792876,0.013512106121401538,-0.05305868981079431,-0.6326764334728575,-0.009462707305999747,0.024519938974780223,-0.0010903796301115077,-2.13582609123586e-05
B,11,311,0.20186148583889008,0.4424848150552034,0.24656358268951184,False,False,-0.0886010230355241,0.2223317082165111,0.01351354851726244,-0.05310017319822128,-0.6326348721055415,-0.009469442541146636,0.02452718727939056,-0.0010901553720765917,-2.1377083486411176e-05
B,11,312,0.20186063647270203,0.44258139542726516,0.24667561033055327,False,False,-0.08861256713935958,0.22244063820797716,0.01351496918665849,-0.05314106236964323,-0.6325937136877701,-0.009476065029105462,0.024533148525692803,-0.0010899532028965338,-2.1395628022278737e-05
B,11,313,0.20185983180999756,0.4426752229259055,0.24678662149899733,False,False,-0.08862381546359416,0.22254749756824085,0.013516346403124841,-0.05318099165367247,-0.6325552032241489,-0.00948261211738227,0.024550800339241046,-0.0010895632160522865,-2.1413599677270582e-05
B,11,314,0.20185904204845428,0.442769599874889,0.24689431404990095,False,False,-0.08863494199622836,0.22265307510918883,0.013517734482823616,-0.05322088538631679,-0.632513814549495,-0.009488993608226613,0.024547227159542138,-0.0010895184143636192,-2.1431762292554328e-05
B,11,315,0.2018582671880722,0.44285972514685007,0.24700224393169887,False,False,-0.08864568575526138,0.22275626156410552,0.013519053762050367,-0.053259326590948855,-0.6324777217831415,-0.009495346912273939,0.024572239417434492,-0.0010890116186597829,-2.1448977744790224e-05
B,11,316,0.2018575221300125,0.44295168454352674,0.24710590801797014,False,False,-0.08865640341609432,0.22285851130490686,0.013520408045026041,-0.05329812838819935,-0.6324365633653701,-0.009501500090062454,0.02456217232769791,-0.0010890756389001345,-2.1466712609020106e-05
B,11,317,0.2018568217754364,0.44303832164132934,0.24721062938203658,False,False,-0.08866670350572597,0.22295814810633383,0.01352167421511649,-0.053335122143588425,-0.6324025429109604,-0.009507660314550224,0.02459184857906316,-0.001088496711229586,-2.148325282566382e-05
B,11,318,0.20185615122318268,0.4431277172783403,0.24731052104647375,False,False,-0.08867703839295775,0.22305711934773145,0.01352299108029159,-0.053372755823905986,-0.6323619601353957,-0.009513597863341569,0.024577489595879392,-0.0010886343609861316,-2.1500533968240132e-05
B,11,319,0.20185549557209015,0.44321110934652197,0.24741204467676337,False,False,-0.0886869470095882,0.22315335439789744,0.013524208969349038,-0.053408388469129736,-0.6323297241718264,-0.009519565712939706,0.024610229300880936,-0.0010880086348942736,-2.151645089049107e-05
B,11,320,0.2018548548221588,0.4432978322512286,0.24750831484687638,False,False,-0.08869694262021892,0.22324909644063426,0.01352548841672356,-0.05344482863866799,-0.6322899472953508,-0.009525295384103061,0.024592552001029565,-0.001088204314693243,-2.1533267617637464e-05
B,11,321,0.20185421407222748,0.4433780688305194,0.24760671846529664,False,False,-0.08870648586204825,0.22334202834102507,0.013526659231773833,-0.05347912048880351,-0.6322594382584014,-0.00953107649617097,0.024628110491157353,-0.00108753553405378,-2.154858110536598e-05
B,11,322,0.2018536478281021,0.4434623097428348,0.24769945586246486,False,False,-0.08871617699367804,0.2234346644369584,0.013527904882425256,-0.053514423014024474,-0.632220294588353,-0.00953660533640559,0.024606645926660776,-0.0010877966068467931,-2.1564951749270482e-05
B,11,323,0.20185308158397675,0.443539291209775,0.24779490567715357,False,False,-0.08872538095890634,0.22352434248831696,0.013529029830494177,-0.05354735883276393,-0.6321917427349061,-0.00954220746231245,0.024646193023228503,-0.0010870653035164601,-2.1579643470288552e-05
B,11,324,0.20185253024101257,0.4436211663647374,0.2478840655299065,False,False,-0.08873479370973526,0.22361399588930406,0.013530245305499974,-0.053581625289053074,-0.632153059578623,-0.009547533357608554,0.024619062853546,-0.0010874223442721056,-2.1595629138244572e-05
B,11,325,0.20185202360153198,0.44369487554871534,0.24797687463092913,False,False,-0.08874366709776253,0.22370046939237329,0.013531319558484245,-0.05361317460378083,-0.6321266951655611,-0.009552969886082946,0.02466534088277051,-0.0010865830925832851,-2.160964256830579e-05
B,11,326,0.20185156166553497,0.4437750029584073,0.24806228541157602,False,False,-0.08875283626539071,0.22378731265101434,0.013532512099999366,-0.05364653703913927,-0.6320876090597334,-0.009558087199081137,0.024628844496687514,-0.001087096502464,-2.1625342559665123e-05
B,11,327,0.20185112953186035,0.4438448248700667,0.24815289197491747,False,False,-0.08876136167741693,0.22387055695542277,0.01353352962276986,-0.05367663382585477,-0.6320644682430283,-0.009563378565550899,0.024686695856163624,-0.0010860700570899408,-2.16385783994177e-05
B,11,328,0.2018507570028305,0.44392378572812946,0.2482342317648762,False,False,-0.08877034815764454,0.22395483657543236,0.013534712508078382,-0.05370934617874619,-0.6320240581601255,-0.009568273907522592,0.024634586560782833,-0.0010868421686436557,-2.165415006546087e-05
B,11,329,0.20185044407844543,0.443989217967156,0.2483232738005591,False,False,-0.08877849949546959,0.2240347284293227,0.01353566123037685,-0.053737782207909215,-0.6320051770957492,-0.009573446184774962,0.02471210060312419,-0.0010854961212509986,-2.1666432631436256e-05
B,11,330,0.20185023546218872,0.44406816413855404,0.24839987716167536,False,False,-0.08878735548469682,0.2241167402151583,0.013536852564866147,-0.05377018983464421,-0.6319616009807101,-0.009578096301612618,0.024634053897047405,-0.0010866969063439104,-2.168214026120726e-05
B,11,331,0.20185019075870514,0.4441279240276079,0.2484883870844797,False,False,-0.08879506315312051,0.2241930824155589,0.013537711967253563,-0.0537966502225598,-0.6319492246732684,-0.009583191065173196,0.024744345873845,-0.0010848147362367295,-2.1693167072303072e-05
B,11,332,0.20185033977031708,0.44420849978004523,0.2485591917577195,False,False,-0.08880389304414764,0.2242732947242782,0.013538939512517612,-0.05382928639391211,-0.631899777007722,-0.009587555086021144,0.024623869570316426,-0.0010867156257124342,-2.17094216123501e-05
B,11,333,0.20185083150863647,0.44426064835334833,0.24864864574365544,False,False,-0.08881104395096963,0.22434566821487434,0.01353967459124505,-0.05385319216088306,-0.631897244182013,-0.009592635756183214,0.024787259711056275,-0.0010839618818067817,-2.1718700754854386e-05
B,11,334,0.2018517702817917,0.44434576994731273,0.24871205298166146,False,False,-0.08881996953539706,0.22442472195613516,0.013540983007239374,-0.053886788219628085,-0.6318373198283066,-0.009596643918718839,0.024600386490611907,-0.0010869581039327134,-2.1736108695064525e-05
B,11,335,0.20185326039791107,0.4443876940551412,0.2488043378377001,False,False,-0.08882640709141684,0.22449260907912622,0.013541545481273834,-0.05390733692010917,-0.6318490629293212,-0.009601792941863672,0.02484286317859627,-0.001082900618407268,-2.174296493338511e-05
B,11,336,0.20185524225234985,0.444480461332444,0.24885891050583872,False,False,-0.08883559365784507,0.22457121911370082,0.013542980634979785,-0.053942710548099966,-0.6317739416213608,-0.009605370551074882,0.024566239941677552,-0.0010873822848234645,-2.1762180121797844e-05
B,11,337,0.20185716450214386,0.4445101152711188,0.2489547088807706,False,False,-0.08884123956846243,0.22463427476388642,0.013543342742727293,-0.05395948064424148,-0.6318028964243524,-0.009610638663437107,0.02489905792836889,-0.0010818228819634533,-2.176619945402188e-05
B,11,338,0.20185793936252594,0.4446108727369451,0.24900183984717256,False,False,-0.0888506349204913,0.22471226853917461,0.013544891356860796,-0.053996398218091456,-0.6317130962401238,-0.009613817429470546,0.024549085111040356,-0.0010875334125253473,-2.1787015653521953e-05
B,11,339,0.20185637474060059,0.44463337963942295,0.249096674625534,False,False,-0.08885579366470717,0.22477189778772777,0.0135451472463357,-0.054011080940061504,-0.6317500524697871,-0.009619045375647022,0.024909881961308448,-0.001081487056492135,-2.1789563827657144e-05
B,11,340,0.20185241103172302,0.44472987991440477,0.24914471818172565,False,False,-0.08886473664793465,0.22484656376286935,0.013546601712454854,-0.05404599747881767,-0.6316660087076246,-0.009622174814785684,0.02460558824508086,-0.0010864631638289421,-2.18090616373019e-05
B,11,341,0.2018478661775589,0.44476421841051716,0.2492276292852965,False,False,-0.08887042605555213,0.22490695717293763,0.013547056761190886,-0.05406377317127536,-0.631680630019672,-0.009626862983799311,0.024830999304488982,-0.0010826469085658745,-2.18144925480037e-05
B,11,342,0.20184536278247833,0.44483423055182975,0.2492877722847553,False,False,-0.08887789014077509,0.22497403083367062,0.013548088768271281,-0.05409116805273729,-0.6316367660835296,-0.009630501194624106,0.024739093146769787,-0.0010841053969654648,-2.182809044846973e-05
B,11,343,0.20184578001499176,0.4448949477828199,0.24935122599853418,False,False,-0.08888484966079647,0.22503831900242904,0.013548981967381798,-0.05411603878587023,-0.6316063721750215,-0.009634277520754277,0.024712969686060942,-0.0010844737941380148,-2.1839771107605027e-05
B,11,344,0.2018478363752365,0.4449340159771533,0.2494252755500037,False,False,-0.08889066086001433,0.22509713478872412,0.013549534785209658,-0.05413496228018375,-0.6316093079502751,-0.009638529499084086,0.02486024738596164,-0.001081959158966307,-2.1846685397854355e-05
B,11,345,0.20184937119483948,0.445013841693634,0.24947409583882646,False,False,-0.08889851641823848,0.22516371544202798,0.013550743018060505,-0.05416478481335848,-0.6315459297433292,-0.00964160679264827,0.024651907052390377,-0.0010853694535239871,-2.1862886469019648e-05
B,11,346,0.20184889435768127,0.4450390591456413,0.24955206293037924,False,False,-0.08890355337085395,0.22521792160886073,0.013551089434472287,-0.054179823049177685,-0.6315682646609451,-0.00964602225440077,0.024891954895686397,-0.001081309097695368,-2.1866927188796373e-05
B,11,347,0.2018466591835022,0.4451161302221541,0.249599367544533,False,False,-0.08891115664647734,0.2252821111761333,0.013552259042496734,-0.05420855872572785,-0.6315071890228254,-0.009648991028796444,0.024693587352530133,-0.0010845663926143127,-2.1882624124791035e-05
B,11,348,0.20184437930583954,0.44515142009943287,0.2496679161570074,False,False,-0.08891661117029409,0.22533678570002372,0.013552776856575669,-0.05422612110987605,-0.631510988261389,-0.009652952683116993,0.02482768863371232,-0.0010822746427238295,-2.18891412176332e-05
B,11,349,0.20184358954429626,0.44520523680886276,0.24972455247225303,False,False,-0.08892294433351357,0.22539449221960325,0.013553591599007559,-0.054248498167295635,-0.6314843360272238,-0.009656340031448349,0.02480056101266013,-0.001082678731492365,-2.189988082444998e-05
B,11,350,0.20184434950351715,0.4452616269278155,0.24977804419630933,False,False,-0.08892934709193324,0.22545195223546824,0.0135544522084208,-0.05427146436195097,-0.6314524454489785,-0.009659568124376565,0.0247423936230252,-0.001083604591459556,-2.1911292611494277e-05
B,11,351,0.20184540748596191,0.44529277704285447,0.24984368596295145,False,False,-0.0889344101427488,0.22550334825995494,0.013554919327415083,-0.05428761992701037,-0.6314592955912369,-0.009663363476594721,0.024881362788105325,-0.0010812335962423216,-2.191714974556761e-05
B,11,352,0.20184558629989624,0.4453601805292982,0.24988801830617652,False,False,-0.08894119567476966,0.22556144918547777,0.013555956162598777,-0.05431322200291871,-0.6314078907421882,-0.009666133534071433,0.024718059300796118,-0.0010839224463370914,-2.1931103596017755e-05
B,11,353,0.20184458792209625,0.44538605230667594,0.24995323501670016,False,False,-0.08894583245498391,0.22561018296984717,0.013556344824914435,-0.05432775744057982,-0.6314208426918365,-0.009669892948123395,0.024882173252544878,-0.0010811287677785879,-2.1935882186362405e-05
B,11,354,0.2018432319164276,0.44544521783004754,0.2499990953182561,False,False,-0.08895202642780295,0.22566498074559485,0.013557254922386502,-0.05435088615585191,-0.6313804326089336,-0.00967271021848511,0.024771914407941353,-0.00108293368929166,-2.1948059342256658e-05
B,11,355,0.20184247195720673,0.44548331617994835,0.2500547677054358,False,False,-0.08895707207981846,0.2257146512440796,0.013557837915859986,-0.054368341885845356,-0.6313721433611588,-0.00967598975231788,0.02482357259575673,-0.0010820246767561407,-2.195558928848709e-05
B,11,356,0.20184257626533508,0.44552334479772565,0.2501079333661994,False,False,-0.08896211773183396,0.22576395198699248,0.013558453499030749,-0.054386188681072874,-0.6313598246179376,-0.009679137512874601,0.02485245622309462,-0.0010814987872964099,-2.1963591288559114e-05
B,11,357,0.20184314250946045,0.44557624095785636,0.2501528838220725,False,False,-0.08896770274665113,0.22581510150776463,0.013559270655514289,-0.054407255416019866,-0.6313263798057346,-0.009681878678884374,0.024772806428550922,-0.0010827952907603738,-2.19744393608217e-05
B,11,358,0.20184341073036194,0.4456029430247798,0.250210377304754,False,False,-0.08897189585746403,0.22586013773641556,0.013559682251320622,-0.05442132360690781,-0.6313331148195517,-0.009685215290981099,0.024895392997978712,-0.0010806970991404275,-2.1979512793857054e-05
B,11,359,0.2018430382013321,0.4456593978450423,0.25025080568191477,False,False,-0.08897746347348114,0.22591049844530106,0.013560557345043764,-0.05444297947909055,-0.6312923017871043,-0.009687711231856836,0.024776219044540106,-0.0010826602617154215,-2.1991147622522293e-05
B,11,360,0.20184226334095,0.44568706942558856,0.2503051799501826,False,False,-0.08898150869449356,0.22595420355389334,0.013560983425159996,-0.05445694101582374,-0.6312957556403438,-0.009690875199821841,0.024880350981871042,-0.0010808704404929586,-2.1996389100614526e-05
B,11,361,0.20184165239334106,0.4457340072777918,0.25034815822092743,False,False,-0.08898641515610864,0.22600108856040352,0.013561708847680834,-0.05447575785598252,-0.631268182378648,-0.009693471908496908,0.024827082059697813,-0.0010817265396134504,-2.2005860731093056e-05
B,11,362,0.20184144377708435,0.4457722372354908,0.25039444861178445,False,False,-0.08899081705252218,0.22604548387939657,0.013562297876283444,-0.0544921673595056,-0.6312533883739385,-0.009696220121205933,0.024836876445990894,-0.0010815217497217992,-2.2013399843417498e-05
B,11,363,0.20184165239334106,0.4458054124766107,0.2504422456462964,False,False,-0.08899488837173469,0.22608812902201622,0.013562806034155779,-0.054507098941170055,-0.6312457323325908,-0.009699031754208243,0.02488217580117519,-0.0010807191879952855,-2.2019785555578828e-05
B,11,364,0.20184187591075897,0.44585271502976287,0.25048137450634084,False,False,-0.08899959474714915,0.2261329680476955,0.013563535077754093,-0.054525605976403144,-0.6312151081672002,-0.009701409310536513,0.02481011582770378,-0.0010818913948522507,-2.2029299961162746e-05
B,11,365,0.20184184610843658,0.4458783081994729,0.2505307501838857,False,False,-0.08900316150116011,0.2261726551457404,0.01356392374006975,-0.05453832829343357,-0.6312176985571298,-0.00970427802180278,0.02490490703493736,-0.0010802545732685228,-2.203397925215561e-05
B,11,366,0.20184151828289032,0.4459257903457882,0.25056748389653716,False,False,-0.08900776348377426,0.22621616305136102,0.013564655197719714,-0.05455663725666499,-0.6311852323366779,-0.009706514644145972,0.02482168660932507,-0.0010816158457475794,-2.2043508934562877e-05
B,11,367,0.2018410861492157,0.44595341718723946,0.2506135234453481,False,False,-0.08901133893718526,0.22625491343529056,0.013565075242706821,-0.05456962874846692,-0.6311831024605136,-0.009709200845901564,0.0248908233038274,-0.0010804105680062219,-2.2048612921244936e-05
B,11,368,0.20184078812599182,0.4459930720158206,0.2506521644543116,False,False,-0.08901547985159798,0.2262954632963364,0.013565682376696808,-0.054585637029217385,-0.6311614007493249,-0.009711512163256846,0.02486043343597449,-0.0010808831696635546,-2.2056381185919665e-05
B,11,369,0.20184068381786346,0.4460279850118109,0.2506921902602698,False,False,-0.0890193597840099,0.2263344108832376,0.013566215882111468,-0.05460030451487961,-0.6311463764877329,-0.009713882672885862,0.02486243920803087,-0.001080810538513682,-2.206310757124176e-05
B,11,370,0.20184075832366943,0.4460577554634857,0.25073373326981596,False,False,-0.08902296133562097,0.22637173154562265,0.013566670930847501,-0.05461357026022232,-0.6311386053179439,-0.009716318716817938,0.024898601723542853,-0.0010801623491795954,-2.2068735552964806e-05
B,11,371,0.2018408328294754,0.4460982306563041,0.2507686627789029,False,False,-0.08902707615183363,0.22641060518140949,0.013567291342121562,-0.05462946680804877,-0.6311133921892951,-0.009718421451875306,0.02484641596925267,-0.0010810050951505401,-2.2076725331578145e-05
B,11,372,0.20184080302715302,0.44612258964844453,0.25081090183959376,False,False,-0.08903037322444375,0.22644558405850618,0.01356766069202402,-0.05464106163830045,-0.6311126438544266,-0.009720874407885592,0.024915680095270655,-0.0010797995678176026,-2.208116019339737e-05
B,11,373,0.2018406242132187,0.4461630385389416,0.25084374979849,False,False,-0.08903444454365626,0.22648324982609164,0.01356827868924643,-0.05465667885381685,-0.631086049184482,-0.009722857349055643,0.02485431417459284,-0.0010807990573009874,-2.208916524883406e-05
B,11,374,0.20184040069580078,0.4461878768156951,0.2508836184579991,False,False,-0.0890377416162664,0.2265171687372157,0.013568655281303839,-0.054668136557298144,-0.6310831134092283,-0.009725179236459807,0.024909678070883404,-0.0010798287700324997,-2.209373912974579e-05
B,11,375,0.20184020698070526,0.44622303916794354,0.2509171329681396,False,False,-0.08904152585527804,0.22655261597137008,0.013569192407795973,-0.05468215396049335,-0.6310633688815421,-0.009727180499047918,0.024879769894159666,-0.0010802991253656097,-2.2100612172572066e-05
B,11,376,0.2018401175737381,0.44625204846563543,0.2509528201442794,False,False,-0.0890449969158887,0.22658626372840812,0.013569634179247931,-0.054694500448597534,-0.6310525468080582,-0.009729282529435359,0.02489291572931442,-0.0010800426700168326,-2.210614543799033e-05
B,11,377,0.20184005796909332,0.44628020693638093,0.25098792276804693,False,False,-0.08904840708069918,0.22661919662467395,0.013570062673415813,-0.05470653713177602,-0.6310423579410015,-0.009731348621656605,0.024907580548135758,-0.0010797612555100236,-2.2111516769081058e-05
B,11,378,0.2018400877714157,0.4463130520760259,0.2510195967568856,False,False,-0.08905203473051033,0.22665257322762597,0.013570564796159024,-0.05471969114419471,-0.6310241676472732,-0.00973323784172658,0.024880440183932,-0.0010801874331334172,-2.2117968171582803e-05
B,11,379,0.2018400877714157,0.44633597712723044,0.25105537272280337,False,False,-0.0890551491157199,0.226683410842318,0.01357091483364828,-0.05473021435412966,-0.6310207713582543,-0.009735326483385438,0.024925354695939025,-0.0010793964774153883,-2.212226401430952e-05
B,11,380,0.20184004306793213,0.446369945618198,0.25108455776288136,False,False,-0.08905877676553106,0.2267159493326405,0.01357143385475304,-0.05474347502070309,-0.630999530160831,-0.009737082520839513,0.02488054977503546,-0.0010801231633014853,-2.2129001093407955e-05
B,11,381,0.20183993875980377,0.44639125763479426,0.2511193222202802,False,False,-0.08906176935914026,0.2267454311769024,0.013571757337674146,-0.054753414172171576,-0.6309974002846666,-0.009739107037535163,0.024929356045530527,-0.0010792679377515245,-2.2132976122844267e-05
B,11,382,0.20183981955051422,0.4464230225929575,0.2511478017102042,False,False,-0.08906524911915095,0.22677651529530898,0.013572242562055805,-0.054765968889815976,-0.6309783465276283,-0.00974081515743431,0.024892778103277516,-0.0010798580970431872,-2.213928086784183e-05
B,11,383,0.20183970034122467,0.44644549372798653,0.2511801401331282,False,False,-0.08906824171276015,0.2268052576284272,0.013572584150364286,-0.054776090876978316,-0.630973165747769,-0.009742709310193762,0.024923489098549866,-0.0010793108675033391,-2.2143573655203873e-05
B,11,384,0.2018396258354187,0.4464730107371801,0.25120901532792084,False,False,-0.08907144309196999,0.22683454226971747,0.01357300298832557,-0.05478742161122777,-0.6309595230274727,-0.009744423067452313,0.02491097532371275,-0.001079495690068565,-2.2148992344446994e-05
B,11,385,0.20183955132961273,0.44649790554202357,0.2512383862688589,False,False,-0.08907447918257932,0.226862816245778,0.013573379580382976,-0.05479799053008618,-0.6309493917246367,-0.009746158669478552,0.02491492570069799,-0.001079402592409106,-2.215385037427308e-05
B,11,386,0.20183953642845154,0.4465210548968214,0.2512677816990213,False,False,-0.08907739348158827,0.22689027675958048,0.013573729617872232,-0.05480802109940159,-0.630941390297965,-0.009747889338815312,0.024928153092022762,-0.001079153125624578,-2.215834328802104e-05
B,11,387,0.20183953642845154,0.44654774128807484,0.2512945006586004,False,False,-0.08908044697099766,0.22691800842746898,0.013574133971523615,-0.0548188998231857,-0.6309272870639036,-0.009749481892846697,0.024909588868822448,-0.0010794425270619571,-2.2163647401089017e-05
B,11,388,0.20183950662612915,0.4465677021978834,0.2513238905022678,False,False,-0.08908311768680587,0.22694391596786972,0.013574432106902396,-0.05482794511126202,-0.630923142440016,-0.009751204106144351,0.024939948153111596,-0.00107890390843163,-2.2167460496197794e-05
B,11,389,0.20183947682380676,0.44659484927656,0.25134872117516044,False,False,-0.08908609288161501,0.22697083417350017,0.013574842495682903,-0.054838793362430485,-0.6309071971508934,-0.009752693073696703,0.024910124081188187,-0.0010793854953858543,-2.2172897517628936e-05
B,11,390,0.20183944702148438,0.44661313046402606,0.2513773206866477,False,False,-0.08908858960942269,0.2269955338456995,0.013575115283519358,-0.05484726474957889,-0.6309045491967431,-0.009754365255429656,0.024945417513763418,-0.001078764261942442,-2.2176382161035635e-05
B,11,391,0.2018393874168396,0.44663935236951247,0.25140109736069743,False,False,-0.0890914256138314,0.22702139208535732,0.013575509980964141,-0.054857686384128364,-0.6308890068571651,-0.0097557929166985,0.024916072584338866,-0.001079238610740837,-2.218162822217487e-05
B,11,392,0.20183932781219482,0.44665744625396014,0.25142826252213624,False,False,-0.08909381794883876,0.2270451796938128,0.01357577914772312,-0.0548659596992751,-0.6308856105681462,-0.009757383356720106,0.024946041928190117,-0.0010787086030200309,-2.21850838396172e-05
B,11,393,0.20183928310871124,0.44668163541929057,0.2514515526759739,False,False,-0.08909647126584691,0.22706978076452633,0.013576142462496452,-0.05487571093628046,-0.6308721981047326,-0.009758779307842306,0.024925380182242156,-0.0010790369407439398,-2.2189906732749574e-05
B,11,394,0.20183920860290527,0.44670031122018106,0.2514769607163633,False,False,-0.08909882010385413,0.22709287816258103,0.013576420078436208,-0.05488395885758083,-0.6308669021964319,-0.009760271798744285,0.02494415339312814,-0.0010786976209904969,-2.219351359074309e-05
B,11,395,0.20183917880058289,0.4467220664753111,0.25150006537138264,False,False,-0.0891012820340617,0.22711619741397884,0.013576744768383138,-0.054892917806579504,-0.6308563103798306,-0.009761647314438649,0.024935732718573796,-0.0010788194216816923,-2.219781096115214e-05
B,11,396,0.2018391489982605,0.44674151556210023,0.25152363454761667,False,False,-0.08910359607446881,0.22713865390237564,0.013577034454581144,-0.05490121143680333,-0.6308488270311449,-0.009763041856220997,0.024941846882694824,-0.001078695374666274,-2.2201614890166903e-05
B,11,397,0.2018391191959381,0.4467608368980646,0.25154655347987426,False,False,-0.0891058666178758,0.22716071598482918,0.013577322933753324,-0.05490939333410314,-0.6308410558613559,-0.0097643990504973,0.024945407319242167,-0.0010786151309732017,-2.2205406597722988e-05
B,11,398,0.20183908939361572,0.4467809019208906,0.25156842736504625,False,False,-0.08910813716128277,0.22718253156356813,0.013577622276157929,-0.05491769204309624,-0.6308316728933884,-0.009765700575849499,0.024940429844240764,-0.001078679650396714,-2.220936176728894e-05
B,11,399,0.20183908939361572,0.4467982490380919,0.25159104767100565,False,False,-0.08911024241608924,0.2272034350785632,0.01357787937265866,-0.054925218779159755,-0.6308260891639844,-0.009767033106678412,0.024953575679395518,-0.0010784372969722248,-2.221271808537948e-05
B,11,400,0.20183905959129333,0.44681868282342,0.25161146353056385,False,False,-0.08911246076309606,0.22722458509727284,0.013578183543166564,-0.0549334514641523,-0.6308152670905005,-0.009768250776309488,0.02494031005861605,-0.001078643459617568,-2.221675116674453e-05
B,11,401,0.20183905959129333,0.44683434553210105,0.2516336242212034,False,False,-0.08911441812810207,0.22724442864629527,0.013578416499150795,-0.054940439850672804,-0.6308114102877164,-0.009769552301661686,0.02496020211820947,-0.0010782870428408732,-2.2219754590215625e-05
B,11,402,0.20183902978897095,0.4468547877583977,0.25165278716094347,False,False,-0.08911656687990868,0.22726486380423266,0.013578721876684526,-0.054948581117818425,-0.6307997247509225,-0.009770698799630297,0.024941281086765327,-0.0010785895478362191,-2.2223796837674688e-05
B,11,403,0.20183901488780975,0.4468692328232928,0.2516743881410829,False,False,-0.08911840245331432,0.2272837459887683,0.01357893431322973,-0.05495514288771995,-0.6307969616683309,-0.009771963682146374,0.024965674027491606,-0.001078156756035947,-2.2226519167596097e-05
B,11,404,0.20183899998664856,0.44688938555844304,0.25169244497921783,False,False,-0.08912050770812079,0.22730344163556201,0.01357923727671181,-0.054963136870556636,-0.6307848731819924,-0.009773047464491626,0.024942830653995666,-0.0010785265259621887,-2.2230523222996778e-05
B,11,405,0.20183899998664856,0.446902634100196,0.25171343946864094,False,False,-0.0891222649869262,0.22732141175635376,0.013579434021921289,-0.05496930757522409,-0.6307831462553726,-0.009774274999501658,0.02497056994632299,-0.001078037576056345,-2.223300417910922e-05
B,11,406,0.20183895528316498,0.4469225394073797,0.251730465109488,False,False,-0.08912433544413256,0.22734039254237523,0.013579733364325894,-0.054977123801136195,-0.6307706548194896,-0.009775300294243101,0.024944370026704753,-0.0010784650016376403,-2.2236965459404516e-05
B,11,407,0.20183895528316498,0.4469346172973676,0.2517508990567356,False,False,-0.0891260057289377,0.227357499900166,0.013579913211173822,-0.05498290344056958,-0.6307699640488417,-0.009776490481747087,0.02497550154597876,-0.0010779187704641135,-2.223920962475499e-05
B,11,408,0.20183894038200378,0.4469543125282942,0.2517668756754349,False,False,-0.08912803268914392,0.22737581512615815,0.013580211346552603,-0.05499057238217275,-0.6307570120991933,-0.009777456584214798,0.024945279887726515,-0.0010784157073005273,-2.2243155628226933e-05
B,11,409,0.20183895528316498,0.4469651284254647,0.25178684016911795,False,False,-0.08912960728054876,0.22739203507057648,0.01358037188098733,-0.05499588477483297,-0.6307575301771792,-0.009778616470911992,0.02498114421349187,-0.0010777901060044595,-2.2245135504533414e-05
B,11,410,0.20183898508548737,0.4469848866468142,0.2518016619357174,False,False,-0.08913160814255491,0.2274097833380251,0.013580673637443587,-0.05500341658966575,-0.630743714764221,-0.009779516334406716,0.02494485171783392,-0.001078390997734076,-2.224913192152242e-05
B,11,411,0.20183899998664856,0.44699414180699004,0.2518213862390819,False,False,-0.0891330696417594,0.22742509121869958,0.01358080882433599,-0.055008155081398044,-0.6307459597688267,-0.00978065789968585,0.024988280378368432,-0.0010776372311615144,-2.22507650139388e-05
B,11,412,0.20183902978897095,0.44701468571273334,0.2518348170391472,False,False,-0.08913506180436552,0.22744237112909055,0.013581120236998845,-0.05501571736884647,-0.6307302447365867,-0.009781481658828632,0.024942206239568967,-0.0010784048500667835,-2.225491114379666e-05
B,11,413,0.20183907449245453,0.44702162018358216,0.2518546400493286,False,False,-0.08913636671436953,0.2274566683445353,0.013581221627168147,-0.05501973975411118,-0.6307353679522254,-0.009782622519437841,0.024997980465339933,-0.0010774415513625448,-2.2256063016277433e-05
B,11,414,0.20183917880058289,0.447043512203984,0.2518663284633144,False,False,-0.08913838497517575,0.22747370175121168,0.013581555973321677,-0.05502752042863838,-0.6307168322731731,-0.009783353262150471,0.024936020713799172,-0.0010784799771324594,-2.2260548291613717e-05
B,11,415,0.20183932781219482,0.44704723315008027,0.25188677478870747,False,False,-0.08913948979897914,0.22748679109845507,0.013581607875432155,-0.05503059816281819,-0.6307262728053612,-0.009784520195546919,0.02501188069506735,-0.0010771752371463452,-2.2261000485584953e-05
B,11,416,0.20183953642845154,0.4470719716358658,0.2518960898043396,False,False,-0.0891415950537856,0.22750382450513146,0.013581985674515386,-0.05503900860473532,-0.6307026714748909,-0.009785123393003053,0.024924302111619733,-0.0010786500737944463,-2.2266112110678688e-05
B,11,417,0.20183990895748138,0.44707095411582387,0.2519179963434386,False,False,-0.08914242149678815,0.227515410179716,0.013581963948050535,-0.055040791252750354,-0.6307188470208962,-0.009786359384052189,0.0250324226553906,-0.001076796481923212,-2.2265511731520935e-05
B,11,418,0.20184047520160675,0.44710043344155237,0.2519239977795019,False,False,-0.08914471813839521,0.2275328872930786,0.01358241658273492,-0.05505034949652332,-0.6306872442637542,-0.009786788528036753,0.02490418067529814,-0.0010789646839814376,-2.2271701900343356e-05
B,11,419,0.2018412947654724,0.4470922869422976,0.2519486053195128,False,False,-0.08914515310839655,0.22754252558831808,0.013582283809894166,-0.05505026315744567,-0.6307138964979194,-0.009788156997031863,0.02506276409926756,-0.0010762514987075868,-2.2269512731556946e-05
B,11,420,0.20184248685836792,0.4471296996257702,0.25194995736833903,False,False,-0.08914778902660464,0.2275610380172819,0.013582855940135228,-0.0550617716486197,-0.6306695144837912,-0.009788337392532763,0.02487268979914999,-0.0010794748491716084,-2.227742154300652e-05
B,11,421,0.20184417068958282,0.44711116241471666,0.2519787316016867,False,False,-0.08914768463380432,0.22756808802351844,0.013582561425833922,-0.05505901387690412,-0.630711593929093,-0.00978991867184534,0.02510462280352923,-0.001075508464572979,-2.227293168462323e-05
B,11,422,0.20184628665447235,0.44716015290694205,0.25197414181263555,False,False,-0.089150833816614,0.22758827667774126,0.01358330133266466,-0.055073229352100996,-0.6306491367496777,-0.009789770691161008,0.024831549808636603,-0.0010801513671500613,-2.228324812343315e-05
B,11,423,0.20184849202632904,0.4471288248620216,0.2520077992810445,False,False,-0.08915009436761173,0.22759234398903158,0.013582808866128051,-0.055067190695434656,-0.6307100396951353,-0.009791619040375309,0.02514934871689309,-0.0010747086483538489,-2.227593969114133e-05
B,11,424,0.2018500119447708,0.4471901136607677,0.25199795733389624,False,False,-0.08915373071682291,0.22761418421814197,0.013583712928470992,-0.055084031894346,-0.6306291044008883,-0.009791149025535073,0.024800815875691433,-0.0010806519230643896,-2.228860265001819e-05
B,11,425,0.2018498033285141,0.4471505793894799,0.25203358249543817,False,False,-0.08915259979481943,0.22761627949971577,0.013583093724222756,-0.055075987123816575,-0.6307012899335951,-0.009793139718074302,0.025162374766423128,-0.0010744387150597346,-2.227954196608784e-05
B,11,426,0.20184722542762756,0.4472126252691672,0.2520243277392708,False,False,-0.08915618394763045,0.22763747881916832,0.013583982095229973,-0.055092503281494405,-0.6306198365613621,-0.009792643630446829,0.02482675583501774,-0.001080177699061785,-2.2291989521755432e-05
B,11,427,0.20184317231178284,0.44718403222316533,0.2520534699164433,False,False,-0.08915558368902861,0.22764132427711553,0.013583525839468114,-0.05508713502237218,-0.6306743498783265,-0.009794310174820377,0.025099461827145286,-0.0010754710258359314,-2.2285325771409087e-05
B,11,428,0.20183974504470825,0.4472215586622683,0.25205435368541773,False,False,-0.08915803691983615,0.22765744562004805,0.013584044860572873,-0.05509762268092221,-0.6306295073504329,-0.009794369367094111,0.024929661881168092,-0.00107837065602028,-2.22926036500542e-05
B,11,429,0.2018386274576187,0.44722468476406096,0.2520690109310008,False,False,-0.08915895905623898,0.22766700996417316,0.0135840653800119,-0.05510000970248082,-0.6306357242862641,-0.009795223427043686,0.024981592772426967,-0.0010774600211394883,-2.2292829747039817e-05
B,11,430,0.201839879155159,0.447224790882236,0.2520843812305102,False,False,-0.08915978549924151,0.22767590874826893,0.013584049688676174,-0.055101741562803126,-0.6306460858459828,-0.00979612329053841,0.025048425505126294,-0.001076296300396254,-2.2292574624089833e-05
B,11,431,0.2018420547246933,0.4472586504267337,0.2520852543124748,False,False,-0.0891621865336489,0.22769099477560029,0.013584537327109483,-0.05511154866627049,-0.6306056757630799,-0.009796193052861023,0.024889311966051753,-0.0010790228388196518,-2.2299499608115506e-05
B,11,432,0.20184341073036194,0.4472343851927301,0.2521096703581616,False,False,-0.08916195164984818,0.2276951113876335,0.013584180047465276,-0.05510753135977506,-0.6306517271396074,-0.009797624237479492,0.025107337094812637,-0.0010752627416621557,-2.229440784289213e-05
B,11,433,0.20184294879436493,0.4472787551200359,0.25210574851296014,False,False,-0.08916483985065705,0.22771177503873805,0.013584825806281663,-0.05511972040603176,-0.6305953142033612,-0.009797409313152249,0.02487869182353724,-0.0010791965545595534,-2.230361518432666e-05
B,11,434,0.2018411010503769,0.44725621248711117,0.25212832808581986,False,False,-0.08916470066025663,0.2277159409515142,0.013584504737412208,-0.05511617542507877,-0.6306380268550905,-0.009798750300020267,0.02507656493241277,-0.0010757830153113293,-2.229906727401463e-05
B,11,435,0.20183923840522766,0.44728423671670126,0.2521303200510812,False,False,-0.08916682331386315,0.2277293014528436,0.013584921161321841,-0.05512451476422606,-0.6306054455061973,-0.009798879959286539,0.02494891678318325,-0.0010779825411128849,-2.2305017596710416e-05
B,11,436,0.20183859765529633,0.4472852463766041,0.25214265363444266,False,False,-0.08916771065266588,0.2277375593272815,0.013584948922915816,-0.05512653103562769,-0.6306126410337797,-0.009799626204737528,0.024990260664121678,-0.0010772683348058039,-2.2305456041540632e-05
B,11,437,0.20183926820755005,0.4472847767584019,0.2521551446653033,False,False,-0.0891685022980683,0.22774539814540465,0.013584958579122416,-0.05512819687194944,-0.6306217361806439,-0.00980038442957725,0.025038050031121833,-0.0010764434346328517,-2.2305642418785534e-05
B,11,438,0.20184040069580078,0.4473096903905494,0.25215718439278456,False,False,-0.08917039006787411,0.2277577726318758,0.013585337585231474,-0.05513578963201351,-0.6305929540703142,-0.009800527477572103,0.024922179102568952,-0.00107844129043751,-2.2311094717040028e-05
B,11,439,0.20184101164340973,0.4472913228515054,0.2521760346995823,False,False,-0.08917027697567376,0.22776203714613774,0.01358509135196317,-0.05513321977476105,-0.6306280682449165,-0.009801669042851237,0.025079200216156474,-0.0010757304762836722,-2.2307634516550696e-05
B,11,440,0.2018406242132187,0.4473231399728713,0.252174892543738,False,False,-0.08917236483168019,0.22777532369635278,0.013585571748241527,-0.05514233616560721,-0.6305887518822061,-0.009801618306616609,0.024918970377004815,-0.0010784957014020194,-2.231447547804793e-05
B,11,441,0.2018396258354187,0.4473081456911768,0.2521918001185507,False,False,-0.08917228653707994,0.22777985936470077,0.013585377417083698,-0.05514046209974524,-0.6306184550200663,-0.00980264571536783,0.025052383528002473,-0.0010761908479535694,-2.2311684402421435e-05
B,11,442,0.20183877646923065,0.4473271021078935,0.25219524596448056,False,False,-0.08917366104228416,0.22779040972368414,0.013585674345436654,-0.05514644996871884,-0.6305978470290703,-0.009802865572384552,0.024972799997846917,-0.001077564849603222,-2.2315836643008635e-05
B,11,443,0.20183856785297394,0.44733046858426306,0.2522045072738288,False,False,-0.08917427869968607,0.22779792808697835,0.013585747974011981,-0.055148760808738345,-0.630600092033676,-0.009803433536344417,0.024990224983297296,-0.0010772633429741974,-2.2316774639962477e-05
B,11,444,0.20183901488780975,0.447329405823939,0.2522152691855965,False,False,-0.08917464407448719,0.22780448508578577,0.013585758837244406,-0.05514998479213329,-0.6306087266667749,-0.009804089584044957,0.025034797978842373,-0.0010764926041741743,-2.2316779223009483e-05
B,11,445,0.20183956623077393,0.4473497211240812,0.2522175008830774,False,False,-0.0891759141868911,0.2278147642906831,0.013586078699088037,-0.05515614026049292,-0.6305856434142905,-0.009804231927369886,0.02494537673567841,-0.0010780357041194927,-2.232112853461793e-05
B,11,446,0.20183980464935303,0.4473372973542796,0.25223222014150626,False,False,-0.08917566190429031,0.22781888090271632,0.013585924199782435,-0.05515458615709519,-0.6306107414144979,-0.009805124744165356,0.025060416810749234,-0.0010760443376959226,-2.231870715811656e-05
B,11,447,0.20183956623077393,0.44736167175728836,0.25223254790461236,False,False,-0.08917701901069448,0.2278295298631855,0.013586298377788191,-0.05516152375592296,-0.6305814412261824,-0.009805147293602968,0.024946454806300835,-0.0010780087482288182,-2.2323756148234555e-05
B,11,448,0.20183905959129333,0.4473526590753751,0.25224556127251485,False,False,-0.08917684502269395,0.22783391762930474,0.013586189745463939,-0.05516064005006935,-0.6306012433180892,-0.00980593300056978,0.025040124616196664,-0.001076382534287254,-2.232191529102058e-05
B,11,449,0.2018386423587799,0.44736775606000934,0.2522491590922923,False,False,-0.08917771496269662,0.22784252060894306,0.013586426322525644,-0.05516530236026254,-0.6305854131574079,-0.00980614862956695,0.024984533891808238,-0.0010773354749409095,-2.2324944685091375e-05
B,11,450,0.20183853805065155,0.4473717141809045,0.2522568551416557,False,False,-0.08917807163809773,0.2278489543558932,0.01358650236515262,-0.055167318631664165,-0.6305858736711731,-0.009806609483698155,0.024997664435181113,-0.0010770996108975086,-2.2325671861882952e-05
B,11,451,0.20183874666690826,0.44737296640062385,0.2522653991328395,False,False,-0.08917829782249842,0.227854722542814,0.013586539782953195,-0.05516866450552168,-0.6305901909877226,-0.009807121074063988,0.025027335589285736,-0.0010765778396988532,-2.2325815464022467e-05
B,11,452,0.20183902978897095,0.44738869756560623,0.2522681833071167,False,False,-0.0891791677625011,0.22786300506762336,0.013586787223247325,-0.05517337252463833,-0.6305730368499661,-0.009807280329467127,0.024966331574112374,-0.0010776241276035476,-2.2328922769892358e-05
B,11,453,0.20183917880058289,0.4473814961972859,0.2522796027290559,False,False,-0.08917901987270063,0.22786697377742784,0.013586703938465398,-0.055172717363402034,-0.6305895577812953,-0.009807962449954905,0.025047135898187887,-0.0010762180534358242,-2.2327323286487354e-05
B,11,454,0.2018391191959381,0.44740076336525925,0.2522807355910239,False,False,-0.08918006380070384,0.22787560140743762,0.013587000866818353,-0.055178182119140454,-0.6305669926067969,-0.009808018823548937,0.02496407858491563,-0.0010776458420710354,-2.233110430026709e-05
B,11,455,0.20183886587619781,0.44739475780840227,0.25229140962138435,False,False,-0.0891799855061036,0.22787949616612774,0.013586932066346327,-0.05517773518744437,-0.6305815563546237,-0.009808650912472013,0.025037364449567622,-0.001076369181137707,-2.2329689666424653e-05
B,11,456,0.2018386572599411,0.4474085789224481,0.25229426220902423,False,False,-0.08918081194910614,0.2278868666271932,0.013587148123969007,-0.055181904857018016,-0.6305667623499143,-0.00980881016787515,0.024986741005659344,-0.0010772358879003626,-2.2332340195276306e-05
B,11,457,0.20183853805065155,0.4474102535515416,0.25230161595467976,False,False,-0.0891811251275071,0.22789191995334176,0.013587187955821232,-0.05518321517949061,-0.6305697556893886,-0.00980924142586949,0.025010731262796165,-0.0010768112078264507,-2.233249296350983e-05
B,11,458,0.20183855295181274,0.44741467634226495,0.2523076908984711,False,False,-0.08918158619570853,0.22789736768543364,0.013587267619525684,-0.05518515526935314,-0.6305685468407547,-0.009809596579511888,0.025016315311812073,-0.0010767053809963957,-2.233323236176009e-05
B,11,459,0.2018386572599411,0.44742469375951993,0.2523114671974151,False,False,-0.08918231694531077,0.2279037274812694,0.013587425739908761,-0.055188370130303345,-0.6305589911801253,-0.009809809389829355,0.02498664415770745,-0.001077209680784429,-2.233511293871478e-05
B,11,460,0.20183877646923065,0.44742183716977324,0.2523199708067421,False,False,-0.0891824909333113,0.227907646890331,0.013587397978314786,-0.05518857835984356,-0.6305682590196514,-0.009810310410146308,0.025035475914505646,-0.0010763563271713205,-2.2334376595829188e-05
B,11,461,0.20183882117271423,0.4474361148118679,0.2523217790875677,False,False,-0.08918344786731425,0.22791457364471024,0.013587615242963291,-0.05519274295064793,-0.6305521986020874,-0.009810404835916312,0.024977907452994285,-0.0010773447098293813,-2.2337150866949995e-05
B,11,462,0.20183880627155304,0.44743120161236993,0.25233068035404993,False,False,-0.08918357835831464,0.22791792609522832,0.01358755730572369,-0.05519246869710716,-0.6305642295242052,-0.009810931224350578,0.0250371452673607,-0.001076312773440555,-2.233604329725694e-05
B,11,463,0.2018386870622635,0.4474441350722544,0.25233263322727856,False,False,-0.08918450919411751,0.22792440914292136,0.013587754050933168,-0.05519631332544729,-0.6305498960332611,-0.009811035515499536,0.02498588721450447,-0.0010771938317190788,-2.2338586888345128e-05
B,11,464,0.20183859765529633,0.44744219466388935,0.25234006417594923,False,False,-0.08918479627431838,0.2279281313490113,0.013587737152571618,-0.05519670439068136,-0.6305573218177262,-0.00981147382019313,0.025024916939118645,-0.0010765131954795506,-2.233812705596222e-05
B,11,465,0.20183850824832916,0.4474500428274977,0.25234361723462967,False,False,-0.08918551832452061,0.2279335051299888,0.013587859062179944,-0.055199330114395824,-0.6305502414185851,-0.009811676060461717,0.02500333004036704,-0.0010768820918352611,-2.2339662376709143e-05
B,11,466,0.20183850824832916,0.4474533276381366,0.2523486847247821,False,False,-0.08918604898792223,0.2279379914975939,0.013587916999419546,-0.055200904532870645,-0.6305497233405991,-0.009811972021830382,0.025008093430422148,-0.0010767952339653104,-2.2340307058654615e-05
B,11,467,0.20183853805065155,0.44745528922094663,0.25235410214557447,False,False,-0.08918651005612366,0.22794213275999856,0.013587953210194298,-0.055202138673804135,-0.6305510473176743,-0.009812291941976508,0.025020525649089246,-0.001076576217353581,-2.2340684396191422e-05
B,11,468,0.20183859765529633,0.4474631527179677,0.2523570924690218,False,False,-0.08918723210632587,0.22794728468763295,0.0135880739127768,-0.055204728846133685,-0.6305435639689886,-0.009812463881438305,0.024995363022008422,-0.0010770078859917416,-2.234228846264343e-05
B,11,469,0.2018386423587799,0.44746098622161135,0.25236370035623934,False,False,-0.08918749308832667,0.22795053853666522,0.013588050979286124,-0.055204982784597366,-0.6305507019323503,-0.009812859201266448,0.025030758399796176,-0.001076392018767306,-2.2341869877683575e-05
B,11,470,0.2018386572599411,0.4474710108548519,0.2523655512832379,False,False,-0.08918828473372911,0.22795588766727126,0.013588200650488427,-0.05520803512493082,-0.6305398222946457,-0.009812964197085331,0.02499105073951873,-0.001077076398880539,-2.2343929193471487e-05
B,11,471,0.2018386572599411,0.4474678750760439,0.25237229386733206,False,False,-0.08918846742112968,0.22795877176073165,0.013588159611610376,-0.055207979258468806,-0.630548226670862,-0.009813367972952581,0.025032142306056167,-0.0010763623173692483,-2.2343293677620023e-05
B,11,472,0.2018386274576187,0.44747728790927943,0.2523740711386642,False,False,-0.08918918947133189,0.2279638497372517,0.013588299626606078,-0.05521082336926204,-0.6305380378038052,-0.009813469445421837,0.024994876233618627,-0.0010770053900759384,-2.23452430002798e-05
B,11,473,0.20183856785297394,0.4474754184784503,0.2523800255468849,False,False,-0.08918938955753251,0.22796680778182646,0.013588275486089577,-0.05521103667757153,-0.6305443698680778,-0.009813826008404086,0.025026698431707472,-0.001076452295133953,-2.234488857797802e-05
B,11,474,0.20183852314949036,0.44748240621158397,0.25238247399253577,False,False,-0.08918996371793428,0.22797126949906008,0.013588378083284705,-0.05521328657235974,-0.63053757729004,-0.00981397046573879,0.0250036537164168,-0.0010768493953382395,-2.234633834851417e-05
B,11,475,0.20183850824832916,0.44748319754474736,0.25238716379692167,False,False,-0.08919024209873513,0.22797454799846378,0.01358839136056878,-0.0552141042542128,-0.6305398222946457,-0.009814249515029246,0.025018198749613425,-0.001076595810292636,-2.2346523198076737e-05
B,11,476,0.20183850824832916,0.44748706362418733,0.25239056489322415,False,False,-0.08919062487233631,0.22797829485492516,0.013588448090782556,-0.05521562280622561,-0.6305374621615987,-0.009814451050627906,0.025013567888334597,-0.0010766744316404364,-2.2347329814349745e-05
B,11,477,0.20183852314949036,0.44749058902624594,0.25239395169640066,False,False,-0.0891909815477374,0.22798191845952925,0.013588499992893032,-0.05521710072808424,-0.6305355049780962,-0.009814651881556644,0.025010099202478524,-0.0010767325864786505,-2.2348078378694018e-05
B,11,478,0.20183853805065155,0.44749173396538916,0.25239817287248434,False,False,-0.0891912077321381,0.22798499975596132,0.013588514477202933,-0.0552179742763993,-0.6305370016478333,-0.009814904153389934,0.025021782123833585,-0.0010765277965869994,-2.23483029479973e-05
B,11,479,0.20183853805065155,0.44749746879536184,0.2524005060783197,False,False,-0.08919161660393936,0.22798884521390853,0.013588595347933208,-0.05521990928749255,-0.630531648175312,-0.009815040859355459,0.02500447947263823,-0.0010768250601591585,-2.2349468569619092e-05
B,11,480,0.20183856785297394,0.4474967036918153,0.25240521613599753,False,False,-0.08919173839553973,0.22799143350291146,0.013588582070649134,-0.05522031558903444,-0.6305357927991996,-0.009815322022655691,0.02502698897556316,-0.001076432577399108,-2.2349297469197545e-05
B,11,481,0.20183856785297394,0.4475036957087385,0.25240691381053004,False,False,-0.08919219076434112,0.22799535291197304,0.01358867983974096,-0.05522248422351428,-0.6305284821431758,-0.00981541997177532,0.02500193848821611,-0.001076863871649898,-2.235069071548729e-05
B,11,482,0.20183856785297394,0.4475020570958502,0.25241176001304216,False,False,-0.08919226905894136,0.22799764539651848,0.013588654492198635,-0.05522265182290031,-0.6305337780514765,-0.009815708181774805,0.025029201186674895,-0.0010763891484641323,-2.235033323782084e-05
B,11,483,0.20183856785297394,0.4475091685171473,0.2524131639572279,False,False,-0.08919273012714278,0.22800146620409423,0.013588755882367937,-0.055224830614918695,-0.6305261220101288,-0.009815788514146299,0.025002037884798323,-0.0010768572574730195,-2.2351769259215972e-05
B,11,484,0.20183856785297394,0.44750748168545446,0.2524178402789977,False,False,-0.089192799722343,0.22800361078641093,0.013588729327799786,-0.05522492203276562,-0.6305313603542088,-0.00981606826810668,0.02502913747091707,-0.0010763852797946376,-2.2351390393996833e-05
B,11,485,0.20183856785297394,0.44751422952747427,0.25241918933864604,False,False,-0.08919324339174435,0.2280072097406436,0.013588824682839963,-0.05522693322539798,-0.6305241072624057,-0.009816143667788697,0.025003877995884348,-0.001076820068327552,-2.235273169908718e-05
B,11,486,0.20183853805065155,0.4475129643090449,0.25242351787028755,False,False,-0.08919333908514465,0.2280093050222174,0.013588805370426763,-0.05522705511586054,-0.6305285972716171,-0.00981640157698139,0.025027763759178333,-0.001076403749571581,-2.2352427690302464e-05
B,11,487,0.20183853805065155,0.4475189733400935,0.25242498927707246,False,False,-0.08919376535574595,0.22801265747273547,0.01358889106926034,-0.05522884284264486,-0.6305223227715653,-0.009816483318692735,0.025006541314561495,-0.0010767686524620066,-2.2353607061065276e-05
B,11,488,0.20183852314949036,0.44751822554193127,0.2524288871552784,False,False,-0.08919390454614638,0.2280147281039378,0.013588880206027915,-0.055229076466031445,-0.6305258917532461,-0.00981671656443804,0.02502591090494074,-0.001076430331074885,-2.2353423739185044e-05
B,11,489,0.20183852314949036,0.4475234176851634,0.25243051089079194,False,False,-0.08919430471854761,0.22801780940036986,0.013588952627577415,-0.055230635648198446,-0.6305207109733868,-0.00981680817152834,0.0250092938352996,-0.0010767153646596085,-2.2354422843432296e-05
B,11,490,0.20183850824832916,0.44752329539404023,0.2524340012829313,False,False,-0.08919447870654815,0.2280198800315722,0.01358895142055159,-0.0552309911620476,-0.6305232437990959,-0.009817016049156331,0.025024165093176294,-0.0010764549158455462,-2.235436326382122e-05
B,11,491,0.20183850824832916,0.4475276038961318,0.25243574330042,False,False,-0.0891948527807493,0.22802269017391824,0.013589012978868666,-0.05523236242975148,-0.6305192143036497,-0.009817116816955662,0.02501172013135763,-0.0010766675678719776,-2.235520196142327e-05
B,11,492,0.20183850824832916,0.4475280028504146,0.2524388940935219,False,False,-0.08919505286694991,0.22802476080512057,0.013589019013997792,-0.055232834755293926,-0.6305208836660487,-0.009817302849815966,0.025022819416371,-0.001076472636847749,-2.235524779189333e-05
B,11,493,0.20183850824832916,0.44753154693066555,0.25244071303037496,False,False,-0.08919539214355096,0.2280273490941235,0.013589072123134092,-0.05523404858115032,-0.6305178327623538,-0.009817409254974699,0.02501364434724399,-0.0010766291307686086,-2.235595816417922e-05
B,11,494,0.20183850824832916,0.4475322956739639,0.25244355726446144,False,False,-0.0891956009291516,0.22802937042458293,0.013589084193392343,-0.05523457677315478,-0.6305188689183256,-0.009817576966416943,0.025021950333434247,-0.0010764831196941223,-2.2356081906448374e-05
B,11,495,0.20183850824832916,0.44753552470989705,0.2524454073039598,False,False,-0.08919591410755257,0.22803178616098566,0.013589131267399518,-0.05523566362977934,-0.6305162209641754,-0.009817685485585452,0.025015035899394918,-0.0010766010517158228,-2.2356703673158822e-05
B,11,496,0.20183849334716797,0.44753633109045665,0.2524480167702425,False,False,-0.0891961228931532,0.2280337335403307,0.013589146958735244,-0.05523622229439944,-0.6305170268632646,-0.009817840512969038,0.025021583330669166,-0.0010764858652015058,-2.2356868662851025e-05
B,11,497,0.20183850824832916,0.4475390623532417,0.25244982678193384,False,False,-0.08919640997335408,0.22803600137450472,0.013589190411664944,-0.05523722789071561,-0.6305149545513209,-0.009817946918127773,0.02501588714191948,-0.0010765830811220397,-2.2357432377632734e-05
B,11,498,0.20183849334716797,0.4475399257704773,0.2524522845811703,False,False,-0.08919660136015467,0.2280378748027354,0.01358920610300067,-0.05523776624025862,-0.6305155877577481,-0.009818093489472254,0.025021687824512,-0.0010764808733698995,-2.235760042268961e-05
B,11,499,0.20183847844600677,0.4475425493709407,0.252453987917432,False,False,-0.0891968710415555,0.2280400193850521,0.013589247141878721,-0.055238705812574236,-0.6305135730100251,-0.00981819355260166,0.025016249047423934,-0.0010765732222546172,-2.235813052845994e-05
B,11,500,0.20183847844600677,0.4475432556059749,0.25245633548239016,False,False,-0.08919704502955604,0.22804176956142552,0.013589260419162795,-0.05523918829565523,-0.6305143213448936,-0.009818334486586738,0.025022248523180874,-0.001076467270628772,-2.2358271075234784e-05
B,11,501,0.20183850824832916,0.4475459417943252,0.2524578970224022,False,False,-0.08919730601155684,0.22804384019262786,0.013589301458040846,-0.0552401177104323,-0.6305121339045086,-0.009818426798346963,0.025016108872756716,-0.0010765718495009255,-2.2358802708687448e-05
B,11,502,0.20183850824832916,0.44754649700638843,0.2524602294611356,False,False,-0.08919746260075732,0.228045467117144,0.013589309907221622,-0.05524052401197419,-0.6305130549320391,-0.009818564913652341,0.025023311302021418,-0.0010764450569781237,-2.2358883675851218e-05
B,11,503,0.20183849334716797,0.44754934702705895,0.25246157600686303,False,False,-0.08919772358275813,0.22804748844760342,0.013589353360151322,-0.05524149913567473,-0.6305105221063301,-0.009818643836683984,0.02501535447818405,-0.0010765812091851875,-2.2359462667456275e-05
B,11,504,0.20183850824832916,0.4475493641633223,0.25246396537289145,False,False,-0.0891978453743585,0.22804894281951935,0.013589355774202973,-0.0552417937042926,-0.6305121339045086,-0.009818786180008914,0.025025074954198055,-0.0010764112373189906,-2.2359444335268253e-05
B,11,505,0.20183850824832916,0.44755270263175967,0.2524649985325234,False,False,-0.0891981063563593,0.22805096414997877,0.013589406469287624,-0.05524288563968643,-0.6305087951797104,-0.009818845372282645,0.02501370296574119,-0.0010766069171179603,-2.2360124153907437e-05
B,11,506,0.20183850824832916,0.4475518279464667,0.25246757579118223,False,False,-0.08919817595155952,0.2280521966685516,0.013589396813081023,-0.05524299737261045,-0.6305116158265226,-0.009819000399666232,0.02502792942014868,-0.001076359072678704,-2.235994388739188e-05
B,11,507,0.20183852314949036,0.44755609934460727,0.2524681569317263,False,False,-0.08919845433236037,0.22805431660049685,0.013589459578423925,-0.05524428738000595,-0.6305068379962079,-0.0098190328144828,0.02501060383128051,-0.0010766575842087649,-2.236080244486429e-05
B,11,508,0.20183853805065155,0.44755392423058477,0.25247112421508733,False,False,-0.08919844563296034,0.22805522866424074,0.013589429402778299,-0.055244084229235005,-0.6305115006980813,-0.009819211095973925,0.025032657129379403,-0.0010762742115413958,-2.2360347195528383e-05
B,11,509,0.20183856785297394,0.4475598313835364,0.25247098311375205,False,False,-0.08919878490956139,0.2280575704495291,0.013589515101611875,-0.05524574498678748,-0.6305042476062782,-0.009819199116585192,0.02500499429596147,-0.0010767523042134956,-2.2361537260067542e-05
B,11,510,0.2018386274576187,0.44755527223159514,0.25247469376024506,False,False,-0.08919865441856098,0.22805798950584386,0.01358945112924315,-0.05524497809262716,-0.6305123065971705,-0.009819424610961318,0.025040710801168667,-0.0010761320691364045,-2.2360609956890046e-05
B,11,511,0.20183873176574707,0.44756409896891497,0.2524733266645207,False,False,-0.08919910678736237,0.22806077499781843,0.013589577866954777,-0.05524726861756957,-0.6305006786245974,-0.00981933864123042,0.024994850747315497,-0.0010769251463828662,-2.2362388179128273e-05
B,11,512,0.201838880777359,0.44755553952271254,0.2524784531489907,False,False,-0.08919878490956139,0.2280604052422466,0.013589455957346449,-0.05524553167847799,-0.6305145516017763,-0.009819651514677294,0.02505484550488489,-0.001075883975105568,-2.2360638982854417e-05
B,11,513,0.20183917880058289,0.44756964821763773,0.25247499404609086,False,False,-0.08919946346276347,0.2280640781475936,0.013589657530659228,-0.055248975084045505,-0.6304950948951934,-0.0098194379996899,0.024976449636455216,-0.001077241004527759,-2.236348811040965e-05
B,11,514,0.20183968544006348,0.4475540133858614,0.252482739192304,False,False,-0.08919882840656151,0.22806235262159166,0.01358943181682995,-0.055245501205862343,-0.630519329432091,-0.009819909423869988,0.025080127917590428,-0.0010754425723957751,-2.236026470068228e-05
B,11,515,0.2018406242132187,0.4475776933077245,0.25247561059816026,False,False,-0.08919994192976494,0.2280677017521977,0.013589769784060955,-0.05525111832467897,-0.6304857694914466,-0.009819467595826767,0.02494308551702697,-0.0010778166875077633,-2.2365067733944298e-05
B,11,516,0.20184220373630524,0.4475491917116325,0.25248808956138175,False,False,-0.08919874141256125,0.228063560489793,0.013589356981228798,-0.05524464797262438,-0.6305288275284997,-0.009820232867365742,0.025125062818639955,-0.001074659354016736,-2.2359195323047606e-05
B,11,517,0.2018449902534485,0.44759057956174336,0.25247461646096186,False,False,-0.08920062048296702,0.2280719416160882,0.013589939974702283,-0.05525422145270516,-0.630469478817,-0.009819387263455272,0.02488487480067672,-0.0010788240391259281,-2.2367478416669315e-05
B,11,518,0.20184937119483948,0.44753976972417747,0.25249505431426267,False,False,-0.08919843693356032,0.22806373304239322,0.01358920610300067,-0.055242667252607666,-0.630545003074505,-0.009820657078660826,0.025198705491535776,-0.0010733702135043916,-2.2357029069496227e-05
B,11,519,0.2018555998802185,0.44761053044268956,0.2524720774349302,False,False,-0.08920155131876989,0.22807697029186533,0.013590182586893113,-0.055258634903203936,-0.6304435749177033,-0.009819162473749072,0.024799768388632765,-0.001080302494851944,-2.2370877509865238e-05
B,11,520,0.20186224579811096,0.4475282855609943,0.2525023202246539,False,False,-0.08919802806175905,0.22806319073422118,0.01358899728753294,-0.055240077080278116,-0.6305638841388813,-0.009821122160811584,0.025283286885735237,-0.0010718624307676885,-2.2354060782718844e-05
B,11,521,0.2018652707338333,0.44763193383161143,0.25247168989350227,False,False,-0.08920239516057248,0.2280812841068702,0.013590370882921816,-0.05526246429523625,-0.6304173831973033,-0.009818967984849665,0.02474455486153067,-0.0010812711597751597,-2.2373488318976178e-05
B,11,522,0.20186001062393188,0.4475360444734881,0.25250335408078906,False,False,-0.0891983673383601,0.22806531066616642,0.01358898763132634,-0.0552412350396725,-0.6305551919415617,-0.009821182057755243,0.0252707297841828,-0.001072011062553768,-2.235399203701376e-05
B,11,523,0.20184816420078278,0.44762433714107874,0.2524807124767827,False,False,-0.0892020123869713,0.22808002693792592,0.013590096888059537,-0.055259508451519,-0.6304327528442194,-0.009819432362330497,0.024855835706889734,-0.0010792940200716676,-2.2369664530091055e-05
B,11,524,0.20183929800987244,0.44758618419984375,0.2524940253404141,False,False,-0.08920055088776681,0.22807388899543327,0.013589495789198675,-0.05525096088283149,-0.6304880720602729,-0.009820377324700447,0.025070501740898005,-0.0010754838798023177,-2.2361387547198687e-05
B,11,525,0.2018403261899948,0.4475851609580291,0.2524965897809214,False,False,-0.08920073357516738,0.22807406154803347,0.013589406469287624,-0.055250513951135415,-0.6304910653997472,-0.009820522486705077,0.025095045050812757,-0.001075030122309299,-2.2360412885868798e-05
B,11,526,0.20184743404388428,0.4476348994298999,0.2524846066775971,False,False,-0.08920312591017472,0.22808278777952906,0.013590014810303435,-0.055261067633686003,-0.6304226215413833,-0.00981957541032535,0.024862546250504016,-0.001079116310866481,-2.2369354410577e-05
B,11,527,0.2018512487411499,0.4475648956323915,0.2525056403858656,False,False,-0.08920075097396743,0.22807191696571677,0.013589027463178567,-0.055246400148023775,-0.6305218046935793,-0.00982115950831763,0.025214155288493533,-0.0010728997333754916,-2.235589400152114e-05
B,11,528,0.2018471658229828,0.44763964470093875,0.2524872891936166,False,False,-0.08920431772797839,0.22808471050850265,0.01358998463465781,-0.05526221543554184,-0.6304187071743785,-0.00981969027152319,0.024865278382199617,-0.0010790708851988631,-2.2369777578583863e-05
B,11,529,0.201840341091156,0.44759206897834686,0.2525012513918733,False,False,-0.08920303021677443,0.22807775910375194,0.013589321977479873,-0.05525256577392196,-0.6304858846198879,-0.009820775463208293,0.02509556497139662,-0.0010749978001996477,-2.2360987294426853e-05
B,11,530,0.20183880627155304,0.44760117438180225,0.25250004103066487,False,False,-0.0892040915435777,0.2280801008890403,0.013589429402778299,-0.05525489185024928,-0.630474026390432,-0.009820666944039783,0.025053183797920774,-0.00107576005288594,-2.236303591643842e-05
B,11,531,0.20184284448623657,0.44763040633820156,0.25249331890692667,False,False,-0.08920598801278352,0.22808584442558966,0.013589815651042307,-0.05526155519553627,-0.6304340192570739,-0.009820127871546859,0.02491139839634472,-0.0010782872924324535,-2.2369053457156953e-05
B,11,532,0.20184580981731415,0.4475741875709901,0.2525086345672699,False,False,-0.08920443951957877,0.22807788235560922,0.013589074537185743,-0.055250498714827595,-0.6305125944182738,-0.009821364567265919,0.025167991947633108,-0.001073756206883354,-2.2359282400940717e-05
B,11,533,0.20184355974197388,0.44762956905500806,0.25249503620630115,False,False,-0.08920731032158759,0.228087915056792,0.013589815651042307,-0.05526263697339156,-0.6304362066974589,-0.009820273033551489,0.02490264385121936,-0.00107848047631562,-2.237029546289551e-05
B,11,534,0.20183946192264557,0.4475901447889857,0.25250550580824094,False,False,-0.08920630989058452,0.22808273847878613,0.013589302665066671,-0.05525508992225095,-0.6304911229639679,-0.00982114893826875,0.025075728981670087,-0.0010754228546609298,-2.2363721845806943e-05
B,11,535,0.20183877646923065,0.44759274733095633,0.2525051503446232,False,False,-0.08920691014918636,0.22808436540330226,0.013589354567177149,-0.05525627835426098,-0.630487726674949,-0.009821145414919123,0.025052569578015327,-0.0010758500306506447,-2.236502495883891e-05
B,11,536,0.20184141397476196,0.4476163811126041,0.2524993722419011,False,False,-0.08920824115739046,0.22808936942870792,0.013589692534408154,-0.05526178881892286,-0.6304551453260558,-0.009820700063526276,0.024931670201854782,-0.0010780134904688444,-2.2370264909248805e-05
B,11,537,0.20184290409088135,0.4475694719623189,0.252511311119087,False,False,-0.08920662306898548,0.2280830342832436,0.013589103505805543,-0.05525265719176888,-0.6305201353311802,-0.009821713378878988,0.025135494362511304,-0.001074410760802739,-2.2362429426551325e-05
B,11,538,0.20184111595153809,0.4476108099111366,0.25250112190354684,False,False,-0.08920838034779088,0.22809072519913803,0.013589685292253203,-0.055261697401075935,-0.6304630891885068,-0.00982089948511516,0.024936614544662117,-0.00107796319776541,-2.237086070535955e-05
B,11,539,0.20183877646923065,0.44758341151386194,0.2525080607082845,False,False,-0.08920724942578741,0.22808737274861995,0.013589361809332097,-0.055256501820109015,-0.6305010240099214,-0.009821504091911147,0.02505267916911879,-0.0010759160476236389,-2.2366508338386436e-05
B,11,540,0.2018388956785202,0.44758065085075793,0.2525088953523017,False,False,-0.08920697104498655,0.228087915056792,0.013589366637435398,-0.05525635961456936,-0.6305049383769261,-0.009821598517681149,0.025057424718761705,-0.0010758461619811497,-2.2366636663702595e-05
B,11,541,0.2018405944108963,0.4476038286690394,0.2525033213102939,False,False,-0.08920759740178848,0.22809250002588288,0.013589714260873005,-0.05526152472292063,-0.6304730477986809,-0.009821158803647706,0.024945736092552552,-0.001077843144215277,-2.2371439696964612e-05
B,11,542,0.2018411010503769,0.4475665115201273,0.25251272193799923,False,False,-0.08920570093258265,0.2280873973989914,0.013589262833214447,-0.055254201137628065,-0.6305246829046123,-0.009821961422692725,0.025109822009367868,-0.0010749317832266536,-2.236496079618083e-05
B,11,543,0.20183974504470825,0.4475983066906397,0.2525051581884111,False,False,-0.0892064316821849,0.22809316558591222,0.013589717881950479,-0.05526102700353182,-0.6304809916611319,-0.009821343427168158,0.024963449073228308,-0.0010775383928957082,-2.2371065414792476e-05
B,11,544,0.20183856785297394,0.4475819703898769,0.25250946969867216,False,False,-0.08920517896858104,0.22809121820656716,0.013589536828076726,-0.055257908639197814,-0.6305037295282923,-0.00982171619755869,0.02503603661317452,-0.0010762452589180788,-2.2368176567496525e-05
B,11,545,0.2018389254808426,0.44757697062821444,0.25251105154928377,False,False,-0.08920433512677844,0.22809099635322405,0.013589505445405275,-0.05525708079980621,-0.6305108674916541,-0.009821855722203917,0.02505879843050044,-0.0010758365527053075,-2.2367281345648067e-05
B,11,546,0.20183995366096497,0.4475994257573219,0.2525059655206359,False,False,-0.08920456131117914,0.22809506366451435,0.013589836170481331,-0.05526184468538487,-0.6304801857620427,-0.009821429396899055,0.02495910875580517,-0.0010776051586434436,-2.2371363312847847e-05
B,11,547,0.20183999836444855,0.44757109368695874,0.2525133533377981,False,False,-0.08920277793417365,0.2280910210035955,0.013589499410276151,-0.05525613614872132,-0.6305195596889737,-0.009822045278413847,0.025089325924390254,-0.0010752809618475188,-2.2366025590768497e-05
B,11,548,0.20183908939361572,0.4475959800896077,0.25250786097571937,False,False,-0.08920312591017472,0.22809531016822893,0.013589859103972007,-0.05526123015430276,-0.6304856543630053,-0.009821571035554059,0.024982474598515287,-0.0010771761107168762,-2.2370381013106283e-05
B,11,549,0.20183849334716797,0.44758725149131884,0.2525105818391461,False,False,-0.08920219507437187,0.2280942502022563,0.013589777026215905,-0.055259396718594984,-0.6304980882346677,-0.009821785255211378,0.025026943100217528,-0.0010763766688851165,-2.236852487906896e-05
B,11,550,0.20183886587619781,0.44758196039209985,0.25251248950580735,False,False,-0.08920147302416964,0.22809370789408426,0.01358973960841533,-0.05525828446812406,-0.6305058018402361,-0.009821928303206232,0.025056112174150477,-0.001075848657896953,-2.2367279817965732e-05
B,11,551,0.20183943212032318,0.44760200232323233,0.2525082633269416,False,False,-0.08920183839897076,0.22809715894608815,0.01359003291569081,-0.05526230177461949,-0.6304786315280848,-0.009821549190786372,0.02497188758819484,-0.001077338969223034,-2.2370668217385312e-05
B,11,552,0.2018393725156784,0.4475804582873838,0.25251412380131627,False,False,-0.08920064658116711,0.22809400369854174,0.01358977823324173,-0.05525779182750452,-0.6305087376154896,-0.009822024138316086,0.02507388887058406,-0.0010755120836508938,-2.2366399872940633e-05
B,11,553,0.20183877646923065,0.44759948090632823,0.2525101964763753,False,False,-0.08920115114636866,0.22809725754757398,0.013590052228104011,-0.05526155519553627,-0.6304830064088549,-0.009821666165993987,0.02499460353017513,-0.0010769136651701714,-2.236956981378627e-05
B,11,554,0.20183850824832916,0.44759407071816165,0.2525121457192177,False,False,-0.08920080317036759,0.22809664128828758,0.013590005154096835,-0.0552603566059877,-0.6304908927070852,-0.00982180639530914,0.02502376240958683,-0.0010763846558156866,-2.2368291143671668e-05
B,11,555,0.20183874666690826,0.44758890337400903,0.25251401992721445,False,False,-0.08920056828656686,0.22809609898011554,0.01358996049414131,-0.05525926467059387,-0.6304984336199917,-0.009821938873255113,0.02505082121762057,-0.001075894083564571,-2.2367108717544185e-05
B,11,556,0.20183908939361572,0.4476049065106052,0.2525108039389156,False,False,-0.089201264238569,0.22809890912246156,0.013590191036073888,-0.055262494767851895,-0.6304768470372444,-0.009821637979196971,0.024983188215002942,-0.0010770918735585188,-2.236984326892428e-05
B,11,557,0.20183902978897095,0.4475877740052039,0.25251555654182495,False,False,-0.08920073357516738,0.22809649338605884,0.01358998704870946,-0.05525896502320673,-0.6305008513172593,-0.009822013568267205,0.025062769196528188,-0.001075669201550704,-2.2366546530444814e-05
B,11,558,0.2018386721611023,0.4476022265826677,0.2525127084096124,False,False,-0.0892015252205698,0.2280990570246903,0.013590194657151363,-0.05526188531553906,-0.6304813946106764,-0.009821742975015854,0.02500146954023851,-0.0010767580448198429,-2.2369073317027314e-05
B,11,559,0.20183847844600677,0.44759748259272325,0.25251440656292645,False,False,-0.0892016209139701,0.2280986133180041,0.013590149997195837,-0.05526096605830053,-0.6304883023171556,-0.00982185995022347,0.02502432055962539,-0.0010763494634028618,-2.236815212457916e-05
B,11,560,0.2018386423587799,0.44759328194501014,0.2525159727551197,False,False,-0.08920176880377055,0.2280982682128037,0.013590108958317786,-0.05526018900660167,-0.6304944616887661,-0.009821967764722054,0.025044424155534793,-0.001075990550710364,-2.2367359257447167e-05
B,11,561,0.20183883607387543,0.4476050295193725,0.2525136354633668,False,False,-0.08920256914857301,0.22810043744549185,0.01359027311382999,-0.055262662367237925,-0.6304786315280848,-0.009821747907705332,0.02499278635676192,-0.001076910046092257,-2.236952092795154e-05
B,11,562,0.20183880627155304,0.44759102046659366,0.2525174390849188,False,False,-0.0892023690623724,0.22809856401726117,0.013590098095085362,-0.05525994014690726,-0.630498203363109,-0.009822050915773251,0.02505489902612146,-0.0010758039810040761,-2.2367004835145387e-05
B,11,563,0.2018386274576187,0.4476020468487263,0.2525151710131524,False,False,-0.08920315200837481,0.22810065929883497,0.01359024897331349,-0.05526232208969659,-0.6304832942299582,-0.009821840924135483,0.02500491783705208,-0.001076695272537393,-2.2369111509085696e-05
B,11,564,0.20183850824832916,0.44759705744687633,0.25251677054425664,False,False,-0.08920327379997518,0.2281001909417773,0.013590185000944763,-0.05526141806876589,-0.63049043219332,-0.009821961422692725,0.025026866641308133,-0.0010763059096720962,-2.2368266700754302e-05
B,11,565,0.20183855295181274,0.4475942901966669,0.25251776098405143,False,False,-0.08920345648737574,0.22810011699066293,0.013590151204221662,-0.05526103208230109,-0.6304944616887661,-0.00982203118501534,0.02503771361192051,-0.0010761158456836838,-2.236789852931151e-05
B,11,566,0.2018386870622635,0.4476023627895796,0.2525161524053789,False,False,-0.08920401324897745,0.2281017192648076,0.01359025621546844,-0.05526280965154686,-0.6304835820510616,-0.009821879680981381,0.025000990397739654,-0.0010767738938851931,-2.236949954039885e-05
B,11,567,0.20183871686458588,0.447591433309133,0.25251909770859965,False,False,-0.0892037696657767,0.22810031419363458,0.013590110165343611,-0.0552607222773754,-0.6304988365695362,-0.009822119268756013,0.02504893777981922,-0.0010759237849626289,-2.236761896344416e-05
B,11,568,0.20183859765529633,0.4476007283409558,0.25251712936812715,False,False,-0.08920427423097825,0.22810208902037946,0.013590228453874463,-0.05526273854877703,-0.6304862300052119,-0.00982194239660474,0.025006689135119654,-0.0010766807962257344,-2.236945676529346e-05
B,11,569,0.20183850824832916,0.44759523517391697,0.2525186778844212,False,False,-0.08920413504057782,0.22810152206183595,0.013590151204221662,-0.0552617431099994,-0.6304939436107803,-0.009822067123181535,0.025030151825781666,-0.0010762668485897763,-2.2368578347950694e-05
B,11,570,0.20183850824832916,0.44759484348163703,0.252518994055182,False,False,-0.08920414373997786,0.22810174391517907,0.013590137926937588,-0.055261768503845766,-0.6304946343814282,-0.009822088967949222,0.025031224799143464,-0.001076250874728636,-2.236861501232674e-05
B,11,571,0.20183856785297394,0.447599933327446,0.2525179936128292,False,False,-0.08920431772797839,0.22810280388115167,0.013590193450125538,-0.05526287059677814,-0.6304877842391696,-0.009821998770198771,0.025008427300993157,-0.0010766594561456171,-2.2369621754985668e-05
B,11,572,0.20183859765529633,0.44759200350632883,0.2525201075575111,False,False,-0.08920393495437721,0.22810179321592197,0.013590077575646337,-0.055261306335841864,-0.6304988365695362,-0.009822173528340269,0.02504374621987152,-0.001076032232504277,-2.2368228508695923e-05
B,11,573,0.20183858275413513,0.44760009900383896,0.25251837096456564,False,False,-0.08920415243937788,0.2281032968885808,0.013590171723660689,-0.05526295185708652,-0.6304878418033903,-0.009822020614966459,0.025008141854398095,-0.0010766681918509284,-2.2369748552619492e-05
B,11,574,0.20183850824832916,0.44759463541444044,0.25251988744865744,False,False,-0.0892038044633768,0.2281026313285515,0.013590087231852937,-0.0552618396066156,-0.630495497844738,-0.009822144636873328,0.025033182147223894,-0.001076223294859011,-2.2368766252877928e-05
B,11,575,0.20183849334716797,0.4475966185698915,0.25251961251062693,False,False,-0.08920373486817659,0.22810312433598062,0.013590100509137011,-0.05526223067184967,-0.6304929074548083,-0.009822117859416163,0.02502530433092623,-0.0010763646884892613,-2.2369137479685394e-05
B,11,576,0.20183852314949036,0.44759907061814097,0.25251924230594397,False,False,-0.08920369137117647,0.22810369129452412,0.013590121028576038,-0.0552627436275463,-0.6304896838584514,-0.009822080511910117,0.02501542838846313,-0.0010765415241239169,-2.2369589673656626e-05
B,11,577,0.20183856785297394,0.44759420423214646,0.2525206383029153,False,False,-0.08920335209457542,0.22810307503523772,0.013590046192974886,-0.05526175834630722,-0.6304965340007099,-0.00982219466843803,0.02503848839553568,-0.0010761311955658733,-2.2368680702667156e-05
B,11,578,0.20183856785297394,0.447600882379822,0.25251925290228056,False,False,-0.08920347388617579,0.22810425825306763,0.013590123442627687,-0.05526311945647255,-0.6304874964180663,-0.009822069237191311,0.02501031073879451,-0.0010766336234170543,-2.2369878405617987e-05
B,11,579,0.20183853805065155,0.44759573781599676,0.2525207453814245,False,False,-0.08920314330897477,0.22810356804266682,0.013590044985949061,-0.05526207830877146,-0.6304947495098694,-0.009822189031078628,0.025035114009001193,-0.0010761913471367302,-2.236888082905307e-05
B,11,580,0.20183849334716797,0.4475994075680119,0.25252009131057607,False,False,-0.08920317810657488,0.22810425825306763,0.01359008361077546,-0.0552628401241625,-0.6304898565511134,-0.009822126315455267,0.025020431349767662,-0.0010764519207465825,-2.2369501068081184e-05
B,11,581,0.20183849334716797,0.4475994514591436,0.25252033736060936,False,False,-0.08920309981197465,0.2281043815049249,0.013590075161594686,-0.055262885833085966,-0.6304899716795547,-0.009822138294844,0.025021965625216126,-0.0010764234673064262,-2.236945065456412e-05
B,11,582,0.20183850824832916,0.4475974505725055,0.2525210857188517,False,False,-0.08920297802037427,0.2281041596515818,0.01359004015784576,-0.05526252016169826,-0.6304929074548083,-0.00982219325909818,0.025032766720482866,-0.0010762292850569385,-2.236901068205157e-05
B,11,583,0.20183853805065155,0.4476020584823569,0.2525202418157027,False,False,-0.08920314330897477,0.2281049977642113,0.013590094474007887,-0.05526351560047589,-0.6304867480831978,-0.009822111517386834,0.025013840591778094,-0.001076565235324047,-2.236979743845422e-05
B,11,584,0.20183850824832916,0.44759753521738493,0.2525215724666526,False,False,-0.08920297802037427,0.22810440615529634,0.013590031708664985,-0.0552626674460072,-0.630493137711691,-0.009822215103865866,0.025035098717219314,-0.0010761853569388024,-2.2368931242570134e-05
B,11,585,0.20183850824832916,0.4476017885455617,0.25252077390138095,False,False,-0.08920318680597492,0.22810517031681152,0.013590084817801286,-0.05526355623063008,-0.6304874388538457,-0.009822138294844,0.02501738573654356,-0.001076500216717374,-2.2369676751549737e-05
B,11,586,0.20183849334716797,0.44759985361121374,0.25252147088979643,False,False,-0.08920316940717486,0.2281049484634684,0.01359005705620731,-0.05526316008662674,-0.6304902595006581,-0.009822190440418477,0.025027366172849494,-0.0010763218835332367,-2.2369281081824908e-05
B,11,587,0.20183849334716797,0.44760021908729025,0.2525216134004695,False,False,-0.08920327379997518,0.22810509636569715,0.013590060677284787,-0.05526321595308875,-0.6304899141153341,-0.009822195373107955,0.025026958391999404,-0.0010763287473016954,-2.2369320801565622e-05
B,11,588,0.20183850824832916,0.4476022884945265,0.2525213232359827,False,False,-0.08920346518677577,0.2281055154220119,0.013590088438878762,-0.055263607018322815,-0.6304872085969631,-0.009822163662961313,0.025018670246221338,-0.0010764760063340833,-2.2369681334596742e-05
B,11,589,0.20183850824832916,0.44759929563687184,0.25252225056532157,False,False,-0.08920346518677577,0.22810514566644005,0.01359004981405236,-0.05526296201462507,-0.6304914683492918,-0.009822234834623777,0.02503280494993756,-0.0010762239188379617,-2.2369117619815037e-05
B,11,590,0.20183850824832916,0.4476029375922407,0.25252154749175826,False,False,-0.08920373486817659,0.22810583587684083,0.013590099302111186,-0.05526368319986192,-0.6304865753905359,-0.009822169300320717,0.02501687855911126,-0.0010765074548732033,-2.236979132772488e-05
B,11,591,0.20183850824832916,0.4475999752549089,0.2525224447194999,False,False,-0.08920374356757663,0.22810546612126897,0.013590061884310611,-0.055263053432471995,-0.6304907775786439,-0.00982223906264333,0.0250306462600624,-0.0010762614823707996,-2.2369236779037185e-05
B,11,592,0.20183849334716797,0.4476018880207058,0.2525221296108243,False,False,-0.08920393495437721,0.22810588517758373,0.013590089645904586,-0.05526344957647534,-0.630488244752935,-0.009822208761836537,0.02502209560536209,-0.0010764136084390036,-2.2369603422797642e-05
B,11,593,0.20183849334716797,0.44760146254588234,0.25252238617798367,False,False,-0.0892040306477775,0.22810593447832667,0.013590087231852937,-0.055263408946321146,-0.6304889355235829,-0.009822224969244822,0.02502397904316344,-0.0010763799135756606,-2.236954689855124e-05
B,11,594,0.20183850824832916,0.4476004516714898,0.2525227841806676,False,False,-0.0892040915435777,0.22810588517758373,0.013590077575646337,-0.055263251504473664,-0.63049043219332,-0.009822255270051613,0.025028566577726945,-0.001076298671516267,-2.236938190885903e-05
B,11,595,0.20183850824832916,0.4476025276430976,0.2525224215195577,False,False,-0.0892042568321782,0.22810632888426996,0.013590108958317786,-0.05526373906632393,-0.6304876691107284,-0.009822220036555345,0.025019202909956767,-0.0010764661474666607,-2.2369795910771885e-05
B,11,596,0.20183850824832916,0.44759995595956514,0.25252316903499394,False,False,-0.08920421333517807,0.228106008429441,0.013590078782672162,-0.05526326674078148,-0.6304912956566299,-0.009822280638168928,0.025030850150487446,-0.0010762591112507866,-2.2369343716800653e-05
B,11,597,0.20183850824832916,0.44760248322776425,0.25252267987668536,False,False,-0.0892043525255785,0.22810650143687014,0.013590114993446912,-0.05526383556294013,-0.630487899367611,-0.009822236243963629,0.025019676955194997,-0.0010764587845150412,-2.2369832575147932e-05
B,11,598,0.20183850824832916,0.44760052234708664,0.2525232467805067,False,False,-0.08920430032917834,0.2281063042338985,0.01359009326698206,-0.05526351052170662,-0.6304906624502026,-0.009822282752178705,0.02502808743522809,-0.0010763091543626404,-2.2369507178810524e-05
B,11,599,0.20183850824832916,0.4476014994988081,0.25252312605798655,False,False,-0.08920434382617846,0.22810655073761307,0.013590107751291962,-0.05526375430263175,-0.6304893960373481,-0.009822270772789972,0.025023930619187493,-0.0010763830334704146,-2.2369692028373088e-05
B,11,600,0.20183849334716797,0.4476017199929264,0.2525231800504484,False,False,-0.08920434382617846,0.22810664933909888,0.013590111372369438,-0.05526382032663231,-0.6304891657804655,-0.009822275705479451,0.02502342853901582,-0.0010763917691757258,-2.2369728692749135e-05
B,11,601,0.20183850824832916,0.4476006726322562,0.2525235133158916,False,False,-0.08920428293037828,0.2281065753879845,0.013590099302111186,-0.05526364764847701,-0.6304906624502026,-0.009822302482936616,0.025028056851664333,-0.0010763091543626404,-2.2369551481598244e-05
B,11,602,0.20183850824832916,0.4476023370600209,0.2525231790989737,False,False,-0.08920431772797839,0.2281069204931849,0.013590123442627687,-0.05526400316232616,-0.6304884174455969,-0.009822272886799748,0.02502063524019271,-0.0010764411883086287,-2.2369869239523976e-05
B,11,603,0.20183850824832916,0.4476004984780993,0.25252371004710655,False,False,-0.08920420463577804,0.22810669863984182,0.013590100509137011,-0.05526365272724628,-0.6304910078355266,-0.0098223186903449,0.025029180797632392,-0.0010762889374446346,-2.2369531621727887e-05
B,11,604,0.20183850824832916,0.4476022790993424,0.25252332915169357,False,False,-0.08920423073397812,0.2281070437450422,0.013590127063705161,-0.05526403871371108,-0.6304885901382589,-0.009822288389538107,0.025021252008728467,-0.001076430331074885,-2.2369876877935652e-05
B,11,605,0.20183849334716797,0.4476009631043003,0.25252369159045845,False,False,-0.0892041263411778,0.22810689584281346,0.013590112579395262,-0.0552637847752474,-0.63049043219332,-0.009822320099684749,0.025027182671466953,-0.00107632450424483,-2.236964619790303e-05
B,11,606,0.20183850824832916,0.4476017967285422,0.25252356909917395,False,False,-0.08920410024297772,0.22810706839541364,0.013590124649653512,-0.05526393713832561,-0.6304893384731275,-0.009822310234305794,0.025024131960982222,-0.0010763787904135493,-2.236978521699554e-05
B,11,607,0.20183847844600677,0.4476018229627315,0.2525236156609399,False,False,-0.08920404804657756,0.228107142346528,0.013590127063705161,-0.05526395237463343,-0.6304893384731275,-0.009822314462325347,0.025024078439745648,-0.0010763797887798706,-2.236980049381889e-05
B,11,608,0.20183850824832916,0.4476012181371231,0.2525238069260665,False,False,-0.08920397845137734,0.2281070930457851,0.013590121028576038,-0.0552638406417094,-0.6304902019364373,-0.009822331374403557,0.025026948197478152,-0.0010763282481185347,-2.236969508373776e-05
B,11,609,0.20183850824832916,0.4476024617689069,0.25252356894957095,False,False,-0.08920397845137734,0.22810731489912822,0.013590136719911763,-0.055264064107557444,-0.6304885325740383,-0.009822313052985495,0.025022034438234576,-0.0010764152307842756,-2.2369902848535353e-05
B,11,610,0.20183850824832916,0.44760119908332113,0.2525239416166013,False,False,-0.08920389145737707,0.22810716699689948,0.013590121028576038,-0.05526381016909376,-0.6304903170648787,-0.009822345467802064,0.025028005879058072,-0.0010763082807921092,-2.2369663002408717e-05
B,11,611,0.20183849334716797,0.44760261157664555,0.25252366611374427,False,False,-0.08920391755557716,0.2281074381509855,0.013590140340989237,-0.05526408950140381,-0.6304884174455969,-0.009822320099684749,0.025022049730016455,-0.0010764138580305839,-2.236991048694703e-05
B,11,612,0.20183850824832916,0.44760150887395017,0.2525239854861339,False,False,-0.08920384796037695,0.22810731489912822,0.013590127063705161,-0.05526388635063287,-0.6304899716795547,-0.00982234758181184,0.02502708582351506,-0.001076323630674299,-2.236971036056111e-05
B,11,613,0.20183849334716797,0.4476023803899168,0.252523845926328,False,False,-0.089203865359177,0.2281074874517284,0.013590139133963413,-0.055264064107557444,-0.6304888203951415,-0.009822334193083258,0.02502365281848337,-0.0010763844062241063,-2.236985549038296e-05
B,11,614,0.20183849334716797,0.44760207573653105,0.2525239797190854,False,False,-0.08920384796037695,0.2281074874517284,0.013590136719911763,-0.05526402347740326,-0.6304892809089068,-0.009822345467802064,0.025025151413107447,-0.0010763575751292222,-2.236980660454823e-05
B,11,615,0.20183849334716797,0.44760202324255266,0.25252405513676013,False,False,-0.08920384796037695,0.22810751210209987,0.013590136719911763,-0.05526404379248035,-0.6304893960373481,-0.009822351809831393,0.025025640750127552,-0.0010763492138112815,-2.236980049381889e-05
B,11,616,0.20183847844600677,0.4476026041524923,0.2525239899750585,False,False,-0.08920388275797705,0.22810763535395714,0.013590143962066712,-0.05526418091925074,-0.6304886477024796,-0.009822345467802064,0.025023433636276446,-0.0010763886492809718,-2.2369905903900023e-05
B,11,617,0.20183847844600677,0.4476017937404398,0.2525242379034048,False,False,-0.08920387405857702,0.22810756140284277,0.013590134305860112,-0.05526405902878817,-0.6304897989868927,-0.009822364493890049,0.02502690487076283,-0.0010763271249564232,-2.236977605090153e-05
B,11,618,0.20183850824832916,0.4476027934423649,0.2525240728897589,False,False,-0.08920393495437721,0.22810775860581442,0.013590147583144188,-0.05526426725832839,-0.6304884750098175,-0.009822348286481765,0.025022768443764738,-0.0010764008792684074,-2.2369956317417087e-05
B,11,619,0.20183850824832916,0.4476018638724141,0.2525243622436636,False,False,-0.08920392625497718,0.2281076600043286,0.013590135512885937,-0.05526409458017308,-0.6304897989868927,-0.009822370131249453,0.02502699407282379,-0.0010763257522027315,-2.2369792855407215e-05
B,11,620,0.20183850824832916,0.4476027732458854,0.2525242055247699,False,False,-0.08920398715077738,0.2281078325569288,0.013590146376118363,-0.055264272337097665,-0.6304885901382589,-0.009822357447190795,0.025023232294481713,-0.0010763925179504668,-2.236995173437008e-05
B,11,621,0.20183849334716797,0.44760207611817276,0.25252440158560696,False,False,-0.0892039958501774,0.22810775860581442,0.013590137926937588,-0.05526414536786582,-0.63048956873001,-0.00982237365459908,0.02502613008714766,-0.0010763407276975507,-2.2369841741241943e-05
B,11,622,0.20183849334716797,0.44760252243807347,0.2525243504966599,False,False,-0.08920404804657756,0.22810785720730026,0.013590142755040887,-0.0552642266281742,-0.6304889930878035,-0.009822368017239676,0.025024351143189145,-0.001076372301032461,-2.2369921180723375e-05
B,11,623,0.20183850824832916,0.4476024746293709,0.2525244341576918,False,False,-0.08920407414477764,0.22810788185767172,0.013590140340989237,-0.055264201234327834,-0.6304891082162448,-0.009822372949929154,0.025024932230900524,-0.0010763619429818778,-2.2369905903900023e-05
B,11,624,0.20183847844600677,0.4476023795156054,0.2525245182017372,False,False,-0.08920410024297772,0.22810790650804316,0.013590137926937588,-0.05526418091925074,-0.6304892809089068,-0.009822378587288558,0.025025505672720962,-0.0010763517097270847,-2.236989062707667e-05
B,11,625,0.20183850824832916,0.44760274464299227,0.2525244916618287,False,False,-0.08920414373997786,0.228108005109529,0.013590142755040887,-0.05526427741586694,-0.6304888203951415,-0.009822374359269005,0.025023971397272502,-0.0010763792895967098,-2.2369965483511098e-05
B,11,626,0.20183849334716797,0.4476023136076674,0.2525246540132791,False,False,-0.08920415243937788,0.2281079558087861,0.013590135512885937,-0.055264185998020014,-0.6304894536015688,-0.009822386338657736,0.02502622693509956,-0.001076339354943859,-2.2369884516347328e-05
B,11,627,0.20183847844600677,0.44760301280698467,0.25252454582614603,False,False,-0.08920419593637802,0.22810807906064337,0.013590142755040887,-0.0552643231247904,-0.6304885325740383,-0.009822375768608855,0.02502355597053147,-0.0010763871517314898,-2.2370005203251815e-05
B,11,628,0.20183849334716797,0.44760245222944434,0.2525247312275931,False,False,-0.08920418723697798,0.228108005109529,0.013590134305860112,-0.05526421139186638,-0.6304893384731275,-0.009822391271347214,0.025026374755657714,-0.0010763368590280557,-2.2369898265488347e-05
B,11,629,0.20183847844600677,0.4476030532423912,0.25252461746778043,False,False,-0.08920422203457809,0.22810812836138628,0.013590141548015062,-0.05526434851863677,-0.6304885325740383,-0.009822381405968259,0.0250236783047865,-0.0010763846558156866,-2.237001284166349e-05
B,11,630,0.20183849334716797,0.44760252955377716,0.2525247840233359,False,False,-0.08920421333517807,0.22810807906064337,0.013590133098834287,-0.055264252022020566,-0.6304892809089068,-0.009822396204036693,0.025026048530977642,-0.0010763421004512425,-2.2369918125358704e-05
B,11,631,0.20183847844600677,0.4476030620549738,0.252524717228198,False,False,-0.08920423943337814,0.22810817766212918,0.013590137926937588,-0.055264353597406043,-0.6304885901382589,-0.009822388452667512,0.025024159995915667,-0.0010763756705187953,-2.237000062020481e-05
B,11,632,0.20183847844600677,0.44760278313278556,0.2525248123358564,False,False,-0.08920423073397812,0.22810815301175774,0.013590133098834287,-0.055264302809713305,-0.6304889930878035,-0.009822396908706617,0.025025485283678456,-0.0010763520841144552,-2.236995173437008e-05
B,11,633,0.20183847844600677,0.44760301406402975,0.2525248005355268,False,False,-0.08920423943337814,0.22810820231250065,0.013590134305860112,-0.055264353597406043,-0.6304887052667002,-0.009822394090026916,0.025024774215821114,-0.0010763648132850513,-2.2369988398746125e-05
B,11,634,0.20183847844600677,0.44760303417681285,0.2525248361856564,False,False,-0.08920423943337814,0.2281082269628721,0.013590134305860112,-0.05526436375494459,-0.6304887052667002,-0.009822395499366766,0.025024886355554887,-0.001076363066143989,-2.236999298179313e-05
B,11,635,0.20183847844600677,0.447602868328539,0.2525248791144149,False,False,-0.08920423073397812,0.2281082269628721,0.013590133098834287,-0.05526436883371386,-0.6304889355235829,-0.00982240113672617,0.0250253374631203,-0.001076355204009209,-2.2369982288016784e-05
B,11,636,0.20183847844600677,0.4476030876999894,0.25252484685487675,False,False,-0.08920423073397812,0.22810827626361502,0.013590135512885937,-0.05526443485771442,-0.6304886477024796,-0.009822397613376542,0.025024417407577285,-0.0010763718018493003,-2.2370028118486842e-05
B,11,637,0.20183847844600677,0.44760285345162826,0.25252493694605704,False,False,-0.08920421333517807,0.22810825161324355,0.013590131891808462,-0.055264389148790956,-0.6304889930878035,-0.009822405364745723,0.02502571211177632,-0.0010763487146281208,-2.236997770496978e-05
B,11,638,0.20183847844600677,0.4476031935106089,0.2525248659723208,False,False,-0.08920421333517807,0.22810832556435792,0.013590136719911763,-0.05526446533033006,-0.6304885325740383,-0.009822399022716394,0.025024154898655043,-0.0010763764192935363,-2.237004492299253e-05
B,11,639,0.20183850824832916,0.4476028212273521,0.25252496405994834,False,False,-0.08920418723697798,0.22810827626361502,0.013590131891808462,-0.05526437899125241,-0.6304890506520242,-0.009822408888095348,0.025025875224116357,-0.001076345719529157,-2.2369979232652114e-05
B,11,640,0.20183849334716797,0.44760314973646076,0.2525248726140049,False,False,-0.08920419593637802,0.2281083502147294,0.013590136719911763,-0.05526445009402224,-0.6304885901382589,-0.009822403250735946,0.025024091182897213,-0.0010763775424556476,-2.2370057144451213e-05
B,11,641,0.20183850824832916,0.4476027783193407,0.2525249722368115,False,False,-0.08920416983817793,0.22810830091398648,0.013590131891808462,-0.055264353597406043,-0.6304891082162448,-0.009822412411444976,0.025025849737813223,-0.0010763462187123177,-2.236998687106379e-05
B,11,642,0.20183849334716797,0.4476031122182322,0.25252489037500725,False,False,-0.08920417853757796,0.22810837486510085,0.013590137926937588,-0.05526441454263732,-0.6304886477024796,-0.009822405364745723,0.025024185482218797,-0.0010763760449061658,-2.2370060199815884e-05
B,11,643,0.20183850824832916,0.4476028269536653,0.25252497427116716,False,False,-0.08920416113877791,0.22810832556435792,0.013590134305860112,-0.05526433836109822,-0.6304890506520242,-0.009822413820784828,0.025025709563146006,-0.0010763489642197012,-2.237000367556948e-05
B,11,644,0.20183847844600677,0.4476030834872822,0.25252492371154467,False,False,-0.08920416983817793,0.2281083995154723,0.013590139133963413,-0.05526439422756023,-0.6304887052667002,-0.009822409592765275,0.02502437153223165,-0.0010763730498072018,-2.2370066310545224e-05
B,11,645,0.20183849334716797,0.44760288735336834,0.2525249971597612,False,False,-0.08920415243937788,0.22810837486510085,0.013590136719911763,-0.0552643434398675,-0.6304889930878035,-0.009822413820784828,0.025025510769981586,-0.0010763529576849863,-2.23700220077575e-05
B,11,646,0.20183849334716797,0.44760305737704303,0.2525249616933044,False,False,-0.08920415243937788,0.22810842416584376,0.013590140340989237,-0.0552643993063295,-0.6304887628309209,-0.009822411002105125,0.025024580519917322,-0.0010763694307292873,-2.237006172749822e-05
B,11,647,0.20183850824832916,0.4476029509610507,0.25252502570388974,False,False,-0.08920414373997786,0.22810842416584376,0.013590137926937588,-0.05526437899125241,-0.6304889355235829,-0.009822413820784828,0.02502530178229592,-0.0010763562023755305,-2.2370028118486842e-05
B,11,648,0.20183847844600677,0.44760308414829725,0.2525250091149832,False,False,-0.08920414373997786,0.2281084488162152,0.013590139133963413,-0.05526442977894515,-0.6304887628309209,-0.009822413820784828,0.02502479715349393,-0.0010763650628766318,-2.23700479783572e-05
B,11,649,0.20183847844600677,0.4476030992720782,0.2525250359220339,False,False,-0.08920413504057782,0.2281084488162152,0.013590139133963413,-0.05526443485771442,-0.6304887628309209,-0.009822413820784828,0.02502508769734962,-0.0010763594470660745,-2.2370032701533848e-05
B,11,650,0.20183849334716797,0.44760311210828774,0.2525250587049785,False,False,-0.08920413504057782,0.22810847346658666,0.013590140340989237,-0.055264470409099334,-0.6304887628309209,-0.009822415230124677,0.025025013787070543,-0.001076360695023976,-2.2370038812263188e-05
B,11,651,0.20183847844600677,0.4476032181991304,0.2525250783191673,False,False,-0.08920414373997786,0.22810849811695813,0.013590141548015062,-0.05526450088171497,-0.6304886477024796,-0.009822414525454752,0.0250248889041852,-0.0010763626917566188,-2.2370040339945523e-05
B,11,652,0.20183847844600677,0.44760314218205527,0.2525251120416567,False,False,-0.08920414373997786,0.22810849811695813,0.013590141548015062,-0.05526450596048425,-0.6304887628309209,-0.009822415934794604,0.025025217677495586,-0.0010763568263544813,-2.2370028118486842e-05
B,11,653,0.20183849334716797,0.4476032280104181,0.25252509577104815,False,False,-0.08920415243937788,0.22810852276732957,0.013590143962066712,-0.05526454659063844,-0.6304886477024796,-0.009822415230124677,0.025024707951432974,-0.0010763658116513725,-2.2370049506039534e-05
B,11,654,0.20183847844600677,0.4476030719194142,0.2525251559945352,False,False,-0.08920415243937788,0.22810852276732957,0.013590142755040887,-0.05526452119679207,-0.6304888779593621,-0.00982241945814423,0.02502537059531437,-0.0010763538312555173,-2.2370023535439837e-05
B,11,655,0.20183850824832916,0.447603344332813,0.25252513355139833,False,False,-0.08920416983817793,0.2281085720680725,0.013590146376118363,-0.05526454659063844,-0.6304885325740383,-0.009822414525454752,0.02502457797128701,-0.0010763678083840153,-2.237005561676888e-05
B,11,656,0.20183849334716797,0.4476030918582403,0.25252519136691715,False,False,-0.08920416983817793,0.22810854741770104,0.013590143962066712,-0.05526449072417643,-0.6304888779593621,-0.00982241945814423,0.025025508221351276,-0.0010763513353397142,-2.237001895239283e-05
B,11,657,0.20183847844600677,0.447603396900373,0.25252514252679215,False,False,-0.08920418723697798,0.22810859671844394,0.013590147583144188,-0.05526452119679207,-0.6304884750098175,-0.009822414525454752,0.02502443779661979,-0.0010763703042998183,-2.2370063255180554e-05
B,11,658,0.20183847844600677,0.44760311056530616,0.2525252245253521,False,False,-0.08920417853757796,0.2281085720680725,0.013590143962066712,-0.05526445009402224,-0.6304888779593621,-0.009822420867484081,0.025025676430951938,-0.00107634796585338,-2.2370011313981156e-05
B,11,659,0.20183849334716797,0.4476035402871653,0.25252514398598075,False,False,-0.08920419593637802,0.2281086213688154,0.013590147583144188,-0.05526450088171497,-0.6304883023171556,-0.009822414525454752,0.025024241552085685,-0.001076373174602992,-2.237006783822756e-05
B,11,660,0.20183847844600677,0.44760307339234784,0.25252524283698813,False,False,-0.08920418723697798,0.2281085720680725,0.013590142755040887,-0.05526441454263732,-0.6304889355235829,-0.009822422276823931,0.025025908356310425,-0.0010763432236133537,-2.236999756484014e-05
B,11,661,0.20183850824832916,0.44760363376763707,0.25252514124811043,False,False,-0.08920421333517807,0.22810864601918687,0.013590148790170013,-0.05526448564540715,-0.6304881871887142,-0.009822413116114901,0.025023961202751247,-0.001076377792047228,-2.2370078532003906e-05
B,11,662,0.20183847844600677,0.44760304300191806,0.2525252731707008,False,False,-0.08920419593637802,0.2281085720680725,0.013590141548015062,-0.05526438407002168,-0.6304889930878035,-0.009822425095503634,0.025026249872772376,-0.0010763372334154262,-2.236998381569912e-05
B,11,663,0.20183847844600677,0.447603677573127,0.252525134692617,False,False,-0.08920423073397812,0.2281086706695583,0.013590149997195837,-0.0552645161180228,-0.6304881296244936,-0.009822413116114901,0.025023540678749595,-0.001076385778977798,-2.2370102974921268e-05
B,11,664,0.20183849334716797,0.44760293487331254,0.25252533417607503,False,False,-0.08920421333517807,0.2281085720680725,0.013590140340989237,-0.05526439422756023,-0.6304891657804655,-0.00982242861885326,0.02502677998787749,-0.001076328372914325,-2.236997464960511e-05
B,11,665,0.20183849334716797,0.44760372861728626,0.25252514096774303,False,False,-0.0892042568321782,0.22810871997030124,0.013590151204221662,-0.055264592299561904,-0.6304880720602729,-0.009822411706775051,0.025022893326650076,-0.0010763980089652336,-2.2370139639297315e-05
B,11,666,0.20183849334716797,0.44760269773252137,0.25252541917030435,False,False,-0.08920422203457809,0.2281085720680725,0.013590137926937588,-0.055264404385098775,-0.6304895111657894,-0.009822433551542737,0.025027582806426103,-0.0010763145205816172,-2.2369950206687746e-05
B,11,667,0.20183849334716797,0.4476039965064234,0.2525251105048991,False,False,-0.08920427423097825,0.22810876927104415,0.013590154825299138,-0.055264678638639556,-0.630487726674949,-0.009822408888095348,0.025021884069046107,-0.001076416229150597,-2.2370186997449708e-05
B,11,668,0.20183850824832916,0.4476023585402309,0.2525254917096177,False,False,-0.08920420463577804,0.22810852276732957,0.013590134305860112,-0.05526437899125241,-0.6304899716795547,-0.009822441302911917,0.02502888005925545,-0.0010762915581562279,-2.2369899793170683e-05
B,11,669,0.20183850824832916,0.4476043320237941,0.25252503148037064,False,False,-0.08920427423097825,0.22810884322215852,0.013590159653402437,-0.05526477005648648,-0.6304872661611838,-0.00982240113672617,0.02502021216756074,-0.001076446055344445,-2.237025727083713e-05
B,11,670,0.20183850824832916,0.44760191387674225,0.25252562990226485,False,False,-0.08920416983817793,0.22810847346658666,0.013590127063705161,-0.055264287573405485,-0.630490604885982,-0.009822453282300648,0.02503104639502155,-0.0010762528714612786,-2.2369814242959907e-05
B,11,671,0.20183850824832916,0.44760492143865127,0.25252489716073095,False,False,-0.08920428293037828,0.2281089664740158,0.013590166895557388,-0.05526490718325686,-0.6304864602620945,-0.009822389862007364,0.025017401028325437,-0.0010764960984562988,-2.2370377957741613e-05
B,11,672,0.20183852314949036,0.447601028092882,0.2525258284262179,False,False,-0.08920411764177777,0.2281083502147294,0.013590116200472737,-0.055264119974019456,-0.6304918137346158,-0.009822470899048783,0.025034724068563295,-0.0010761876032630254,-2.2369664530091055e-05
B,11,673,0.20183853805065155,0.4476060033353312,0.25252462516702023,False,False,-0.08920430032917834,0.228109139026616,0.013590181379867288,-0.055265115412797085,-0.6304849635923574,-0.009822370131249453,0.025012563727991252,-0.001076582457143089,-2.23705811394922e-05
B,11,674,0.20183856785297394,0.44759959915984576,0.25252615900107855,False,False,-0.0892040306477775,0.22810812836138628,0.013590096888059537,-0.05526378985401667,-0.6304937709181182,-0.009822501199855576,0.025041110936127816,-0.0010760740390939804,-2.2369410934823403e-05
B,11,675,0.2018386423587799,0.44760792737310157,0.25252416150013207,False,False,-0.08920434382617846,0.22810945948144493,0.013590206727409614,-0.0552654404540306,-0.630482315638207,-0.009822329965063705,0.02500409462946096,-0.001076733834436552,-2.237093861715865e-05
B,11,676,0.20183876156806946,0.447597089832689,0.25252676422376424,False,False,-0.08920389145737707,0.22810775860581442,0.013590064298362261,-0.05526318040170383,-0.6304972247713578,-0.009822553345430054,0.025052409014305603,-0.0010758726186886635,-2.2368948047075824e-05
B,11,677,0.20183894038200378,0.4476114098947988,0.25252334415195804,False,False,-0.08920443082017873,0.22811002643998843,0.013590252594390964,-0.05526606006388198,-0.6304775378078923,-0.009822260202741092,0.024988999092116715,-0.0010770026445685549,-2.237156191155143e-05
B,11,678,0.20183929800987244,0.44759266806444886,0.25252785354734597,False,False,-0.08920365657357636,0.22810706839541364,0.01359000636112266,-0.05526219512046475,-0.6305033265787476,-0.00982264424785043,0.02507265533351254,-0.0010755109604887823,-2.2368101711062095e-05
B,11,679,0.2018398940563202,0.4476178041069517,0.25252187654930497,False,False,-0.0892046135075793,0.2281110124548467,0.013590334672147066,-0.055267284047276925,-0.6304687880463521,-0.009822132657484595,0.024961823047088574,-0.001077485729072261,-2.2372672536609155e-05
B,11,680,0.20184096693992615,0.4475847325155548,0.25252978857122915,False,False,-0.08920327379997518,0.22810576192572646,0.013589898935824234,-0.05526049881152736,-0.630514263780673,-0.009822810549952822,0.025109067614795203,-0.0010748594016683612,-2.236656791799751e-05
B,11,681,0.20184285938739777,0.4476293708263974,0.2525193020325112,False,False,-0.08920498758178046,0.2281127626312201,0.013590480722271894,-0.0552695593359115,-0.6304530154498914,-0.009821901525749067,0.02491341691155266,-0.0010783471944117299,-2.2374667689738987e-05
B,11,682,0.20184607803821564,0.44757111637418895,0.2525331914374244,False,False,-0.08920264744317326,0.22810349409155248,0.01358970822574388,-0.05525763946442631,-0.6305330872808286,-0.009823097350612457,0.02517226854929842,-0.001073724883140024,-2.2363856281852447e-05
B,11,683,0.2018512487411499,0.4476501708470417,0.25251523721496466,False,False,-0.08920569223318262,0.22811569602542342,0.013590724541488549,-0.05527353601225275,-0.630425039238651,-0.009821503387241222,0.02483398120195526,-0.0010797641258131973,-2.2378010258688506e-05
B,11,684,0.20185863971710205,0.4475509427062255,0.2525380222529091,False,False,-0.08920176880377055,0.2280999690884342,0.01358940767631345,-0.05525331743177445,-0.6305608332351863,-0.009823522971247393,0.0252650106577603,-0.001072041637522357,-2.2359616963372135e-05
B,11,685,0.2018667608499527,0.4476801872676056,0.25251091330077263,False,False,-0.08920667526538564,0.22811939358114186,0.013591031126048104,-0.05527867064798839,-0.6303857228759407,-0.009820969247437776,0.024741055592110844,-0.0010814332695065765,-2.2382185414510738e-05
B,11,686,0.20187093317508698,0.44753803493179134,0.2525409082156497,False,False,-0.0892011337475686,0.22809708499497378,0.013589132474425343,-0.05524994512897677,-0.6305784478867081,-0.009823823865305534,0.025329366121795333,-0.001070811525418758,-2.235582372813372e-05
B,11,687,0.2018655389547348,0.4476949393327364,0.2525121265067928,False,False,-0.08920696234558652,0.2281196647352279,0.01359103716117723,-0.055279666086766016,-0.6303686838666256,-0.00982081703873389,0.02474774319805231,-0.0010813134655480235,-2.2382196108287084e-05
B,11,688,0.20185156166553497,0.44757582624116504,0.2525350462454736,False,False,-0.08920245605637267,0.22810100440403536,0.013589402848210148,-0.055255724768410154,-0.6305286548358378,-0.009823186139023056,0.025218284069600687,-0.0010727295119177145,-2.2359777370017337e-05
B,11,689,0.20184002816677094,0.4476517422116707,0.25252272865183845,False,False,-0.0892053964535817,0.22811135756004708,0.01359024897331349,-0.05526956441468078,-0.630428262835008,-0.009821784550541453,0.024959582801043396,-0.0010774066085413002,-2.2371714679784956e-05
B,11,690,0.20184005796909332,0.4476558491425613,0.25252293118647307,False,False,-0.0892058488223831,0.22811140686078998,0.013590201899306313,-0.05526991484976066,-0.6304234274404725,-0.009821755659074512,0.024958800371537287,-0.001077396250490717,-2.2371506914987362e-05
B,11,691,0.2018483430147171,0.44759430217915325,0.25253452328229226,False,False,-0.08920404804657756,0.228102064370008,0.013589344910970547,-0.05525795434812127,-0.6305059169686773,-0.009822980375404841,0.02519299401100421,-0.00107311800121248,-2.236026775604695e-05
B,11,692,0.20185381174087524,0.4476986355558764,0.25251698348840174,False,False,-0.08920857173459147,0.2281172982995681,0.013590603838906047,-0.055278025644290636,-0.6303675325822123,-0.009821012936973149,0.02481686205214245,-0.001079971536416442,-2.2378298990649867e-05
B,11,693,0.2018498033285141,0.44759087301224404,0.25253560070054226,False,False,-0.08920535295658158,0.22810152206183595,0.01358919644679407,-0.055257619149349214,-0.6305108099274334,-0.009823100873962083,0.025204778877571794,-0.0010728909976701804,-2.2359661266159858e-05
B,11,694,0.20184142887592316,0.44766681950169435,0.2525233367810617,False,False,-0.08920902410339286,0.22811268868010573,0.013590125856679337,-0.05527234758024273,-0.6304104179266036,-0.00982167955472257,0.02493445075752633,-0.0010778540014490209,-2.2373202642379484e-05
B,11,695,0.2018386423587799,0.4476451292205304,0.2525270019366248,False,False,-0.0892091371955932,0.22810985388738822,0.013589840998584632,-0.05526862484236516,-0.6304392000369332,-0.009822107994037207,0.025005137019259,-0.0010765835803052005,-2.237012283479163e-05
B,11,696,0.2018430531024933,0.4476039198292977,0.252533629223106,False,False,-0.08920854563639138,0.22810440615529634,0.013589325598557347,-0.05526133172968824,-0.6304936557896769,-0.009822896519683719,0.02513942689908435,-0.001074151310354998,-2.2363937249016213e-05
B,11,697,0.2018471360206604,0.447676995036977,0.2525214114904128,False,False,-0.08921209499160229,0.22811569602542342,0.013590253801416789,-0.055275775749502425,-0.6303967752063073,-0.0098215111386104,0.024868777651619444,-0.0010791324095234115,-2.2377628338104694e-05
B,11,698,0.20184510946273804,0.44758846051252227,0.25253519797843904,False,False,-0.08920958086499457,0.2281035926930383,0.01358915299386437,-0.05525959479059665,-0.6305134578815837,-0.009823184729683205,0.025162604143151305,-0.0010737683120749994,-2.2363419364704566e-05
B,11,699,0.2018400877714157,0.4476432828302094,0.25252600397539404,False,False,-0.0892121645868025,0.22811222032304804,0.013589861518023657,-0.05527050906576567,-0.630440754270891,-0.009822146046213178,0.024958405333838765,-0.001077538892078869,-2.2373935929900405e-05
B,11,700,0.2018386572599411,0.4476259235073658,0.2525281653951997,False,False,-0.08921192970300179,0.2281104454963032,0.013589675636046603,-0.05526781731805065,-0.6304632618811687,-0.009822465966359306,0.025003164379396692,-0.0010767421957544928,-2.2372061463675057e-05
B,11,701,0.2018415927886963,0.44758782492039223,0.2525335683936981,False,False,-0.08921074658459816,0.22810571262498355,0.01358924231377542,-0.055261245390610586,-0.6305131124962597,-0.009823174159634324,0.025119203517550235,-0.00107463901230294,-2.2366648885161276e-05
B,11,702,0.2018437534570694,0.4476464052740085,0.2525237087140735,False,False,-0.0892128779376047,0.2281148579127939,0.01359003050163916,-0.05527287577224718,-0.6304354007983697,-0.009822054439122877,0.024903212195779175,-0.0010786307304469717,-2.2377804021573247e-05
B,11,703,0.20184196531772614,0.44757853173128503,0.2525336889467032,False,False,-0.08921015502539634,0.22810566332424062,0.013589233864594645,-0.055260564835527916,-0.6305244526477296,-0.00982332143564873,0.025124405272019187,-0.0010745893435784566,-2.2367018584286407e-05
B,11,704,0.20183902978897095,0.4476163684184913,0.2525272353709263,False,False,-0.08921107716179917,0.22811155476301873,0.013589763748931831,-0.055268076335283606,-0.6304741990830941,-0.009822597739635354,0.02498604522958388,-0.0010771510267630542,-2.2374233827955777e-05
B,11,705,0.20183882117271423,0.44761156123459783,0.2525273904024729,False,False,-0.08921025071879662,0.22811125895856124,0.01358975892082853,-0.05526749227681714,-0.630480128197822,-0.009822675253327147,0.024994529619896053,-0.00107700663803384,-2.2373958845135432e-05
B,11,706,0.20184080302715302,0.44757698380390365,0.2525322124616961,False,False,-0.08920817156219024,0.22810662468872744,0.013589378707693648,-0.05526123015430276,-0.6305253161110396,-0.009823313684279552,0.025106396650227118,-0.0010749546208562526,-2.2368372110835434e-05
B,11,707,0.20184163749217987,0.4476274305670634,0.2525239390804223,False,False,-0.08920906760039299,0.22811409375127875,0.013590060677284787,-0.055270869658384104,-0.6304585416150748,-0.009822354628511094,0.02493053606136547,-0.001078186582229795,-2.2377191420956813e-05
B,11,708,0.20184016227722168,0.44757893822882705,0.2525309630382566,False,False,-0.08920626639358438,0.22810724094801385,0.013589498203250325,-0.05526179389769213,-0.6305220925146826,-0.009823257310685521,0.025093768187025915,-0.001075176757362736,-2.236882277712433e-05
B,11,709,0.20183861255645752,0.44760456765390316,0.2525267051368976,False,False,-0.08920613590258399,0.22811093850373232,0.013589865139101133,-0.05526656794080934,-0.6304881296244936,-0.009822767565087374,0.025007231993376334,-0.0010767601663482756,-2.2373054457192967e-05
B,11,710,0.2018389254808426,0.44761026344077287,0.25252560115203776,False,False,-0.08920530076018142,0.22811170266524747,0.01358998463465781,-0.05526753290697133,-0.630480473583146,-0.00982265340855946,0.024989985412047867,-0.0010770680375625985,-2.2373770940208198e-05
B,11,711,0.20184016227722168,0.4475805153316754,0.25252997238006836,False,False,-0.08920323900237508,0.22810731489912822,0.013589661151736704,-0.05526177866138431,-0.6305195021247529,-0.009823204460441116,0.025093944042517514,-0.0010751449344362453,-2.236834155718873e-05
B,11,712,0.20184031128883362,0.44762324306138146,0.2525233442574626,False,False,-0.08920391755557716,0.22811328028902067,0.013590244145210189,-0.055269599966065695,-0.6304632043169481,-0.009822394794696841,0.024953190836218248,-0.0010777244634188356,-2.2375295567178773e-05
B,11,713,0.20183925330638885,0.4475896073331426,0.25252840517153097,False,False,-0.08920194279177109,0.22810827626361502,0.013589867553152783,-0.055263033117394895,-0.6305074136384144,-0.009823017722910887,0.025071324948489123,-0.001075536668421555,-2.236908706616833e-05
B,11,714,0.20183850824832916,0.44760612323424626,0.25252593099638526,False,False,-0.08920194279177109,0.2281104454963032,0.013590113786421087,-0.055265861991880307,-0.6304857119272259,-0.009822702030784312,0.025020464481961734,-0.001076458534923461,-2.237143664159994e-05
B,11,715,0.2018388956785202,0.44761617204069504,0.25252445745617175,False,False,-0.08920189059537093,0.22811170266524747,0.01359027552788164,-0.05526752782820206,-0.6304725297206949,-0.009822506132545053,0.024990673542232396,-0.001076991787334811,-2.2372700034891188e-05
B,11,716,0.2018396258354187,0.4475903568265157,0.252528473174019,False,False,-0.08920070747696729,0.22810785720730026,0.01358998463465781,-0.055262459216466976,-0.6305065501751046,-0.009822983194084542,0.025081504177959478,-0.001075304548251859,-2.2367838949700435e-05
B,11,717,0.20183952152729034,0.44762404339194145,0.2525235042541185,False,False,-0.08920186449717085,0.228112540777877,0.013590437269342193,-0.05526861468482661,-0.6304623408536383,-0.009822343353792288,0.024971122999100925,-0.0010773246177071657,-2.237323930675553e-05
B,11,718,0.20183883607387543,0.4475995561899298,0.2525273478798659,False,False,-0.08920105545296836,0.2281089171732729,0.013590159653402437,-0.055263866035555775,-0.6304946343814282,-0.009822793637874612,0.025056239605666133,-0.0010757470741237635,-2.2368729588501884e-05
B,11,719,0.20183849334716797,0.44760874972499465,0.25252612699323074,False,False,-0.08920162961337012,0.22811017434221717,0.013590303289475615,-0.055265506478031155,-0.630482661023531,-0.009822611128363936,0.025026858995417196,-0.0010762819488803856,-2.2370099919556598e-05
B,11,720,0.20183880627155304,0.4476185647924632,0.252524828426798,False,False,-0.08920234296417232,0.22811155476301873,0.013590452960677919,-0.055267299283584745,-0.6304698817665446,-0.009822416639464529,0.024994702926757338,-0.0010768712346015173,-2.237165510017388e-05
B,11,721,0.20183920860290527,0.4475960904647713,0.25252836539671025,False,False,-0.08920197758937119,0.2281083502147294,0.013590197071203014,-0.05526309406262618,-0.6304995273401842,-0.009822825348021254,0.025070071022375098,-0.0010754821326612555,-2.236776867631301e-05
B,11,722,0.20183908939361572,0.4476213899711817,0.25252469987055437,False,False,-0.08920340429097558,0.22811199846970495,0.01359053262438237,-0.05526786302697412,-0.6304663703490844,-0.00982233983044266,0.024984340195904446,-0.001077062172160461,-2.2372107294145115e-05
B,11,723,0.2018386572599411,0.44760230883054714,0.2525276822116957,False,False,-0.08920323030297504,0.22810933622958765,0.013590306910553091,-0.0552643231247904,-0.6304915259135125,-0.009822685118706102,0.025047077279690688,-0.0010759078111014884,-2.2368889995147085e-05
B,11,724,0.20183849334716797,0.44760715956171765,0.2525270164917459,False,False,-0.08920392625497718,0.22811012504147424,0.013590376918050942,-0.05526530332726021,-0.63048519384924,-0.009822582236896995,0.025028558931836007,-0.0010762509995244263,-2.2369824936736253e-05
B,11,725,0.2018386870622635,0.4476147505834903,0.2525259020071134,False,False,-0.08920469180217955,0.2281113329096756,0.01359047710119442,-0.05526681172173448,-0.6304752352390659,-0.009822426504843483,0.025000269135361058,-0.0010767755162304651,-2.237127623495474e-05
B,11,726,0.2018389254808426,0.44759610317191484,0.25252872602684034,False,False,-0.08920443951957877,0.22810879392141561,0.013590244145210189,-0.055263388631244054,-0.6304997575970668,-0.009822762632397895,0.02506027153882139,-0.0010756745677696809,-2.236824531320161e-05
B,11,727,0.20183883607387543,0.4476151404007741,0.2525258349584243,False,False,-0.08920548344758197,0.2281116287141331,0.013590480722271894,-0.05526703010881324,-0.6304747171610801,-0.00982239338535699,0.024993591723940847,-0.0010769090477259356,-2.2371694819914596e-05
B,11,728,0.20183859765529633,0.44759991953631034,0.2525280793496489,False,False,-0.08920518766798106,0.2281095827333022,0.013590286391114065,-0.05526425710078984,-0.6304946919456488,-0.009822665387948192,0.02504201315125864,-0.0010760237463905463,-2.2369291775601254e-05
B,11,729,0.20183849334716797,0.4476035625232393,0.25252746211650756,False,False,-0.08920548344758197,0.2281101989925886,0.013590323808914642,-0.055264993522334514,-0.6304898565511134,-0.009822586464916547,0.02502751144477734,-0.0010762982971288966,-2.237010603028594e-05
B,11,730,0.2018386274576187,0.4476092052727216,0.25252651535146503,False,False,-0.08920576182838283,0.2281111110563325,0.013590384160205892,-0.05526610577280544,-0.6304823732024277,-0.009822468080369082,0.025006217638511737,-0.0010766973940658257,-2.2371260958131385e-05
B,11,731,0.20183876156806946,0.44759499805675057,0.2525285347290102,False,False,-0.08920522246558117,0.228109139026616,0.013590192243099713,-0.05526348004909098,-0.6305009664457006,-0.009822723170882074,0.02505222041566244,-0.0010758550224822512,-2.2368966379263846e-05
B,11,732,0.20183870196342468,0.4476100948889323,0.25252615437237025,False,False,-0.08920566613498254,0.22811135756004708,0.01359036484779269,-0.055266364790038394,-0.6304810492253525,-0.00982243143753296,0.025000100925760396,-0.0010768195691443915,-2.2371661210903223e-05
B,11,733,0.20183856785297394,0.4475980773492179,0.2525278440757528,False,False,-0.08920503977818062,0.22810968133478804,0.01359019586417719,-0.055264130131558,-0.6304967642575925,-0.009822646361860206,0.02503955372300654,-0.0010760953791740977,-2.2369667585455726e-05
B,11,734,0.20183847844600677,0.4476022134098386,0.2525270899361741,False,False,-0.08920495278418035,0.22811027294370298,0.013590228453874463,-0.055264917340795416,-0.6304912380924093,-0.009822561096799234,0.025025148864477133,-0.0010763626917566188,-2.237041156675299e-05
B,11,735,0.20183853805065155,0.44760618993610196,0.25252638980042846,False,False,-0.08920483099257998,0.22811081525187504,0.013590257422494265,-0.055265623289724446,-0.6304859421841086,-0.009822480059757813,0.025012033612886137,-0.001076605918751639,-2.2371088330027503e-05
B,11,736,0.2018386274576187,0.447596321188587,0.2525277615219625,False,False,-0.08920418723697798,0.2281093608799591,0.013590114993446912,-0.05526374922386248,-0.6304988365695362,-0.009822658341248937,0.025045517517939094,-0.0010759899267314132,-2.236938190885903e-05
B,11,737,0.2018386274576187,0.4476086738629136,0.2525258227426741,False,False,-0.08920434382617846,0.2281110617555896,0.01359025138736514,-0.05526601943372779,-0.6304825458950897,-0.009822422981493857,0.02500493822609458,-0.001076738451880788,-2.2371451918423293e-05
B,11,738,0.20183855295181274,0.4475989965964841,0.2525271971440513,False,False,-0.08920370876997652,0.22810960738367367,0.013590113786421087,-0.055264150446635095,-0.6304952100236347,-0.00982259985364513,0.025038417033886914,-0.0010761217110858213,-2.236973327579614e-05
B,11,739,0.20183849334716797,0.44760409588380035,0.252526381847645,False,False,-0.08920364787417633,0.22811027294370298,0.013590162067454089,-0.05526503415248871,-0.6304884750098175,-0.009822498381175875,0.02502241928141185,-0.0010764158547632264,-2.237053378133981e-05
B,11,740,0.20183850824832916,0.44760605220187094,0.2525260592267486,False,False,-0.08920351738317593,0.2281104454963032,0.013590170516634864,-0.05526531348479875,-0.6304858846198879,-0.009822459624329977,0.025017449452301384,-0.0010765060821195116,-2.2370759878325425e-05
B,11,741,0.20183856785297394,0.4475997252185609,0.25252697158913107,False,False,-0.08920314330897477,0.22810945948144493,0.013590078782672162,-0.055264048871249624,-0.6304941738676628,-0.00982257378085789,0.025039739773019393,-0.0010760935072372452,-2.2369583562927285e-05
B,11,742,0.20183859765529633,0.44760918396002625,0.25252554598719057,False,False,-0.08920340429097558,0.22811074130076067,0.013590186207970588,-0.05526577057403338,-0.6304817399960004,-0.009822394090026916,0.025008982902401406,-0.0010766583329835059,-2.237111582830954e-05
B,11,743,0.20183853805065155,0.4476009024412811,0.25252678386495875,False,False,-0.08920307371377456,0.2281094841318164,0.01359007395456886,-0.055264165682942915,-0.6304926196337051,-0.009822544889390949,0.02503762186122924,-0.00107612857485428,-2.2369615644256327e-05
B,11,744,0.20183849334716797,0.4476064313568284,0.2525259723376057,False,False,-0.08920330859757529,0.2281101989925886,0.013590136719911763,-0.0552651712792591,-0.630485366541902,-0.009822439893572066,0.025019888491510982,-0.0010764540422750152,-2.2370497116963765e-05
B,11,745,0.20183849334716797,0.44760593155711026,0.25252609697539163,False,False,-0.0892033781927755,0.22811007574073133,0.013590127063705161,-0.0552650544675658,-0.6304860573125499,-0.00982244694027132,0.02502227910674463,-0.0010764092405863481,-2.237035657018892e-05
B,11,746,0.20183850824832916,0.447602452710776,0.25252666808204943,False,False,-0.0892033781927755,0.2281095334325593,0.013590082403749636,-0.055264373912483136,-0.6304906624502026,-0.00982250965589468,0.0250344717541623,-0.0010761842337766911,-2.2369722582019795e-05
B,11,747,0.20183855295181274,0.44760900338403714,0.2525257307581587,False,False,-0.08920378706457675,0.22811042084593172,0.013590164481505738,-0.05526557758080099,-0.6304820853813244,-0.009822385633987811,0.025012838980065063,-0.0010765828315304595,-2.2370817930254164e-05
B,11,748,0.20183853805065155,0.447602017135495,0.2525268224728524,False,False,-0.08920371746937654,0.22810938553033056,0.013590078782672162,-0.055264236785712746,-0.6304912956566299,-0.009822515293254083,0.02503646988032774,-0.0010761469198354333,-2.2369600367432972e-05
B,11,749,0.20183850824832916,0.44760742395937586,0.2525260474033172,False,False,-0.08920410894237775,0.2281101496918457,0.013590148790170013,-0.0552652474607982,-0.6304842152574888,-0.0098224102974352,0.025018084061249335,-0.0010764854908141353,-2.2370526142928133e-05
B,11,750,0.20183849334716797,0.44760490257833935,0.2525264629425387,False,False,-0.08920422203457809,0.22810977993627385,0.013590119821550213,-0.055264759898947934,-0.6304875539822871,-0.009822455396310424,0.025026311039899888,-0.0010763333647459312,-2.2370092281144922e-05
B,11,751,0.20183850824832916,0.44760377061790907,0.2525266462774991,False,False,-0.08920437862377857,0.22810960738367367,0.013590108958317786,-0.055264556748176985,-0.6304890506520242,-0.00982247442239841,0.025029619162046237,-0.001076272090012963,-2.23699135423117e-05
B,11,752,0.20183850824832916,0.44760741188736985,0.25252611051362556,False,False,-0.08920470050157957,0.22811012504147424,0.013590159653402437,-0.0552652474607982,-0.6304842728217095,-0.009822404660075796,0.02501683778102625,-0.0010765082036479443,-2.237056280730418e-05
B,11,753,0.20183853805065155,0.44760202210626215,0.25252691597362864,False,False,-0.08920465700457944,0.22810933622958765,0.013590096888059537,-0.05526424694325129,-0.6304913532208506,-0.009822504723205202,0.025034494691835118,-0.00107618336020616,-2.2369667585455726e-05
B,11,754,0.20183850824832916,0.4476069136769815,0.25252615410492363,False,False,-0.08920496148358037,0.22811002643998843,0.013590164481505738,-0.05526518143679764,-0.6304849060281367,-0.009822408888095348,0.025017390833804186,-0.001076499467942633,-2.237054905816316e-05
B,11,755,0.20183850824832916,0.4476032634993684,0.25252667431932224,False,False,-0.08920491798658024,0.2281094841318164,0.013590123442627687,-0.05526450596048425,-0.6304896838584514,-0.009822476536408187,0.02502921392982646,-0.0010762825728593364,-2.2369953262052416e-05
B,11,756,0.20183849334716797,0.4476041032957452,0.25252647869585076,False,False,-0.08920500498058051,0.22810960738367367,0.013590141548015062,-0.055264693874947375,-0.6304885325740383,-0.0098224575103202,0.0250253960816175,-0.0010763540808470977,-2.2370157971485337e-05
B,11,757,0.20183847844600677,0.4476052156590759,0.2525262608376076,False,False,-0.08920505717698067,0.22810977993627385,0.013590160860428262,-0.05526492749833396,-0.6304870359043011,-0.009822433551542737,0.02502092833267871,-0.0010764370700475534,-2.2370390179200297e-05
B,11,758,0.20183850824832916,0.4476018974146559,0.25252669560204416,False,False,-0.08920491798658024,0.22810928692884472,0.013590122235601862,-0.05526430788848258,-0.6304913532208506,-0.009822494153156322,0.025031658066296685,-0.0010762396431075218,-2.2369840213559608e-05
B,11,759,0.20183850824832916,0.44760575145557147,0.2525260316338908,False,False,-0.08920500498058051,0.22810982923701678,0.013590174137712338,-0.05526504431002725,-0.6304862300052119,-0.00982241945814423,0.0250180968044009,-0.0010764896090752105,-2.2370530725975138e-05
B,11,760,0.20183849334716797,0.4476018025069064,0.2525265275318373,False,False,-0.08920477879617981,0.22810926227847328,0.013590128270730988,-0.05526432820355967,-0.6304913532208506,-0.00982249133447662,0.02503063861417146,-0.0010762584872718358,-2.2369886044029666e-05
B,11,761,0.20183850824832916,0.4476042560883707,0.2525260761602542,False,False,-0.08920475269797973,0.2281095827333022,0.013590160860428262,-0.055264795450332846,-0.6304880720602729,-0.00982244553093147,0.02502223578002931,-0.0010764134836432134,-2.2370318378130538e-05
B,11,762,0.20183847844600677,0.4476035219812262,0.2525261224707166,False,False,-0.08920459610877925,0.22810945948144493,0.013590153618273313,-0.05526463292971609,-0.6304889930878035,-0.0098224575103202,0.025024741083627046,-0.0010763675587924348,-2.2370191580496714e-05
B,11,763,0.20183849334716797,0.44760242587687504,0.25252620089649946,False,False,-0.08920442212077871,0.22810928692884472,0.013590142755040887,-0.055264419621406595,-0.6304903746290993,-0.00982247583173826,0.025028191929070926,-0.0010763042873268242,-2.2370020480075166e-05
B,11,764,0.20183850824832916,0.4476048928636847,0.25252577324816733,False,False,-0.08920436992437855,0.22810960738367367,0.013590174137712338,-0.05526484115925631,-0.6304870934685217,-0.009822429323523186,0.02502022236208199,-0.0010764509223802612,-2.2370425315894006e-05
B,11,765,0.20183849334716797,0.4476018847545919,0.2525261681453798,False,False,-0.08920413504057782,0.22810916367698744,0.013590136719911763,-0.05526427741586694,-0.6304910078355266,-0.009822484992447292,0.025030320035382327,-0.0010762644774697633,-2.2369901320853018e-05
B,11,766,0.20183850824832916,0.4476047022437959,0.2525256880372031,False,False,-0.08920411764177777,0.22810955808293076,0.013590172930686513,-0.055264825922948485,-0.6304872661611838,-0.009822430732863036,0.02502074483129617,-0.0010764401899423074,-2.2370374902376942e-05
B,11,767,0.20183849334716797,0.44760275024962465,0.25252593365885223,False,False,-0.08920394365377723,0.2281092376281018,0.013590147583144188,-0.05526446533033006,-0.6304897989868927,-0.009822467375699157,0.025027552222862348,-0.0010763137718068762,-2.2370014369345826e-05
B,11,768,0.20183849334716797,0.4476036567642719,0.2525257718768402,False,False,-0.08920389145737707,0.22810933622958765,0.013590158446376613,-0.05526463800848536,-0.6304885901382589,-0.009822450463620947,0.025024830285688002,-0.001076362941348199,-2.2370139639297315e-05
B,11,769,0.20183847844600677,0.44760412087242896,0.25252566814814625,False,False,-0.08920384796037695,0.22810938553033056,0.013590165688531563,-0.05526474974140938,-0.6304879569318317,-0.009822440598241992,0.025023245037633278,-0.001076392018767306,-2.2370216023414076e-05
B,11,770,0.20183849334716797,0.447602706944215,0.25252585693055213,False,False,-0.08920376096637668,0.228109139026616,0.013590148790170013,-0.05526446025156079,-0.6304897989868927,-0.009822467375699157,0.02502833974962908,-0.0010762979227415261,-2.2369953262052416e-05
B,11,771,0.20183850824832916,0.44760488410610455,0.252525505090666,False,False,-0.08920382186217686,0.22810941018070202,0.013590176551763988,-0.05526485639556413,-0.6304869207758598,-0.009822425095503634,0.025021236716946588,-0.0010764288335254031,-2.2370315322765868e-05
B,11,772,0.20183850824832916,0.44760269111333384,0.2525258289009129,False,False,-0.08920375226697665,0.22810908972587307,0.013590149997195837,-0.05526444501525297,-0.6304897989868927,-0.009822465966359306,0.025028571674987572,-0.0010762931805015001,-2.236993492986439e-05
B,11,773,0.20183850824832916,0.4476045371686564,0.25252556390335934,False,False,-0.08920384796037695,0.22810933622958765,0.013590172930686513,-0.055264759898947934,-0.630487381289625,-0.00982243143753296,0.025022623171836893,-0.0010764022520220991,-2.2370229772555096e-05
B,11,774,0.20183850824832916,0.44760352408375503,0.25252570519344814,False,False,-0.08920385665977697,0.22810916367698744,0.013590159653402437,-0.05526455166940771,-0.6304887052667002,-0.009822450463620947,0.02502604598234733,-0.001076338606169118,-2.2370046450674864e-05
B,11,775,0.20183849334716797,0.44760356185313693,0.25252568793902447,False,False,-0.08920391755557716,0.22810916367698744,0.013590160860428262,-0.055264571984484805,-0.6304886477024796,-0.009822449054281096,0.025025610166563798,-0.001076346468303898,-2.237006478286289e-05
B,11,776,0.20183850824832916,0.4476042614605777,0.25252558050689144,False,False,-0.08920401324897745,0.2281092376281018,0.013590169309609037,-0.055264693874947375,-0.630487726674949,-0.009822435665552513,0.025023245037633278,-0.0010763898972388733,-2.2370182414402703e-05
B,11,777,0.20183850824832916,0.4476029061615156,0.25252578900995426,False,False,-0.08920403934717754,0.22810904042513017,0.013590153618273313,-0.055264424700175875,-0.6304895111657894,-0.009822461033669828,0.025027641424923305,-0.0010763092791584306,-2.2369960900464092e-05
B,11,778,0.20183849334716797,0.44760439781014094,0.2525255696150408,False,False,-0.08920416983817793,0.22810926227847328,0.013590174137712338,-0.05526471926879374,-0.6304875539822871,-0.00982243143753296,0.02502229694715682,-0.0010764086166073974,-2.2370243521696112e-05
B,11,779,0.20183850824832916,0.4476028737478407,0.2525258158185571,False,False,-0.08920417853757796,0.22810904042513017,0.013590154825299138,-0.055264419621406595,-0.63048956873001,-0.009822459624329977,0.025027427339977006,-0.0010763148949689877,-2.236999298179313e-05
B,11,780,0.20183850824832916,0.44760396344891645,0.25252564190056903,False,False,-0.08920427423097825,0.2281091883273589,0.013590169309609037,-0.055264643087254636,-0.6304881296244936,-0.009822438484232216,0.025023494803403958,-0.0010763879005062308,-2.2370200746590725e-05
B,11,781,0.20183850824832916,0.44760330702343737,0.2525257416408414,False,False,-0.08920430032917834,0.22810908972587307,0.013590160860428262,-0.0552645161180228,-0.6304889930878035,-0.009822449758951022,0.025025584680260667,-0.001076349588198652,-2.2370093808827257e-05
B,11,782,0.20183849334716797,0.44760331085483274,0.25252574840137365,False,False,-0.08920433512677844,0.22810908972587307,0.013590159653402437,-0.05526450596048425,-0.6304889930878035,-0.009822449054281096,0.025025551548066596,-0.0010763500873818125,-2.2370090753462587e-05
B,11,783,0.20183850824832916,0.44760383512795293,0.2525256670230171,False,False,-0.08920437862377857,0.22810916367698744,0.013590164481505738,-0.05526458722079263,-0.6304883023171556,-0.009822439188902141,0.025023724180132136,-0.0010763836574493653,-2.2370180886720368e-05
B,11,784,0.20183850824832916,0.4476029108713966,0.2525257972969601,False,False,-0.08920436122497852,0.2281090157747587,0.013590151204221662,-0.055264389148790956,-0.6304895111657894,-0.009822456805650276,0.025026881933090012,-0.0010763251282237807,-2.237001284166349e-05
B,11,785,0.20183847844600677,0.4476039498747347,0.2525256176870203,False,False,-0.08920440472197866,0.22810916367698744,0.013590163274479913,-0.055264607535869724,-0.6304881296244936,-0.009822434960882588,0.02502308957118418,-0.0010763950138662699,-2.237020532963773e-05
B,11,786,0.20183847844600677,0.44760289358738836,0.2525257665997146,False,False,-0.08920436122497852,0.22810899112438726,0.013590148790170013,-0.0552643993063295,-0.6304895111657894,-0.009822455396310424,0.025026774890616863,-0.0010763274993437937,-2.23700220077575e-05
B,11,787,0.20183849334716797,0.4476038145205972,0.2525256303737553,False,False,-0.0892043873231786,0.22810911437624454,0.013590159653402437,-0.05526456690571553,-0.6304883023171556,-0.009822437074892365,0.025023818479453716,-0.001076382534287254,-2.2370179359038033e-05
B,11,788,0.20183847844600677,0.4476032767036289,0.2525256876843404,False,False,-0.0892043525255785,0.2281090157747587,0.013590152411247487,-0.055264470409099334,-0.6304889930878035,-0.009822446235601395,0.0250256305556063,-0.001076349588198652,-2.2370092281144922e-05
B,11,789,0.20183849334716797,0.4476034857045727,0.2525256369822537,False,False,-0.08920433512677844,0.2281090157747587,0.013590152411247487,-0.05526448564540715,-0.6304887052667002,-0.009822441302911917,0.025025148864477133,-0.001076358323903963,-2.2370115196379953e-05
B,11,790,0.20183849334716797,0.44760374116441587,0.252525584427774,False,False,-0.08920431772797839,0.22810904042513017,0.013590153618273313,-0.05526453135433062,-0.6304883598813763,-0.00982243637022244,0.025024356240449772,-0.0010763725506240413,-2.237014727770899e-05
B,11,791,0.20183850824832916,0.447603245681039,0.25252563248214654,False,False,-0.08920426553157823,0.22810894182364433,0.013590143962066712,-0.055264419621406595,-0.6304889930878035,-0.009822444826261545,0.02502617086523267,-0.0010763384813733277,-2.237004492299253e-05
B,11,792,0.20183849334716797,0.4476039371303759,0.25252551055941796,False,False,-0.08920426553157823,0.22810904042513017,0.013590151204221662,-0.055264571984484805,-0.6304880720602729,-0.009822430732863036,0.025023708888350257,-0.0010763835326535753,-2.237016408221468e-05
B,11,793,0.20183847844600677,0.4476031408875525,0.2525256150754893,False,False,-0.08920421333517807,0.2281089171732729,0.013590139133963413,-0.05526443485771442,-0.6304891082162448,-0.00982244553093147,0.0250263722070274,-0.0010763344879080427,-2.2370023535439837e-05
B,11,794,0.20183849334716797,0.44760383383827673,0.25252549584474654,False,False,-0.08920422203457809,0.2281090157747587,0.013590147583144188,-0.05526458214202335,-0.6304881871887142,-0.009822430732863036,0.025023917876035928,-0.0010763800383714508,-2.237015338843833e-05
B,11,795,0.20183847844600677,0.44760334678717717,0.25252555890693484,False,False,-0.08920418723697798,0.2281089171732729,0.013590140340989237,-0.055264470409099334,-0.6304888203951415,-0.009822439893572066,0.025025821702879782,-0.0010763453451417865,-2.237005867213355e-05
B,11,796,0.20183850824832916,0.44760360283644135,0.25252550748912306,False,False,-0.08920418723697798,0.2281089664740158,0.013590145169092538,-0.055264541511869165,-0.6304884750098175,-0.009822434256212664,0.025024697756911723,-0.0010763664356303235,-2.237012283479163e-05
B,11,797,0.20183849334716797,0.447603458667649,0.252525504613044,False,False,-0.08920417853757796,0.22810894182364433,0.013590143962066712,-0.055264526275561346,-0.6304886477024796,-0.009822435665552513,0.025024957717203655,-0.001076362192573458,-2.2370116724062288e-05
B,11,798,0.20183849334716797,0.4476033275726944,0.25252552487976404,False,False,-0.08920416983817793,0.2281089171732729,0.013590141548015062,-0.05526449072417643,-0.6304888203951415,-0.009822439188902141,0.02502549547819971,-0.0010763523337060355,-2.2370087698097917e-05
B,11,799,0.20183847844600677,0.44760353309045825,0.25252546812607596,False,False,-0.08920417853757796,0.2281089664740158,0.013590146376118363,-0.05526454659063844,-0.6304885325740383,-0.009822432846872812,0.02502432055962539,-0.001076374048173523,-2.2370145750026656e-05
B,11,800,0.20183849334716797,0.4476030453091352,0.2525255299242974,False,False,-0.08920416113877791,0.22810889252290142,0.013590140340989237,-0.055264439936483695,-0.6304891657804655,-0.009822442007581842,0.025025913453571053,-0.0010763447211628357,-2.237006172749822e-05
B,11,801,0.20183849334716797,0.44760352097772954,0.252525446686799,False,False,-0.08920418723697798,0.2281089664740158,0.013590147583144188,-0.05526452119679207,-0.6304885325740383,-0.009822432142202887,0.02502412941235191,-0.0010763774176598575,-2.237015033307366e-05
B,11,802,0.20183849334716797,0.4476030406670221,0.25252552175739934,False,False,-0.08920416983817793,0.22810889252290142,0.013590142755040887,-0.05526440946386805,-0.6304891657804655,-0.009822441302911917,0.025025867578225416,-0.0010763453451417865,-2.2370060199815884e-05
B,11,803,0.20183850824832916,0.44760347085657437,0.2525254421395637,False,False,-0.08920419593637802,0.22810894182364433,0.013590149997195837,-0.05526447548786861,-0.6304885901382589,-0.009822430028193111,0.02502437917812259,-0.0010763730498072018,-2.2370133528567975e-05
B,11,804,0.20183850824832916,0.44760321195687336,0.2525254885662216,False,False,-0.08920418723697798,0.22810889252290142,0.013590147583144188,-0.05526440946386805,-0.6304889355235829,-0.009822435665552513,0.02502547254052689,-0.0010763525832976158,-2.2370075476639235e-05
B,11,805,0.20183849334716797,0.44760343239276934,0.2525254582244361,False,False,-0.08920419593637802,0.2281089171732729,0.013590151204221662,-0.05526443485771442,-0.6304886477024796,-0.00982243143753296,0.025024855771991133,-0.0010763635653271498,-2.2370098391874263e-05
B,11,806,0.20183847844600677,0.4476034379709879,0.2525254681118739,False,False,-0.08920419593637802,0.2281089171732729,0.013590151204221662,-0.055264424700175875,-0.6304886477024796,-0.00982243143753296,0.025024978106246158,-0.001076360570228186,-2.2370081587368576e-05
B,11,807,0.20183850824832916,0.44760334823778225,0.25252547749166127,False,False,-0.08920419593637802,0.22810889252290142,0.013590149997195837,-0.05526441454263732,-0.6304887628309209,-0.009822432846872812,0.025025319622708108,-0.0010763537064597273,-2.2370054089086543e-05
B,11,808,0.20183847844600677,0.4476035168272522,0.2525254394832317,False,False,-0.08920420463577804,0.2281089171732729,0.013590153618273313,-0.05526446025156079,-0.6304885325740383,-0.00982242861885326,0.025024580519917322,-0.0010763670596092743,-2.2370087698097917e-05
B,11,809,0.20183847844600677,0.44760320877182624,0.25252548301261685,False,False,-0.08920419593637802,0.22810886787252996,0.013590151204221662,-0.05526441454263732,-0.6304889355235829,-0.009822433551542737,0.025025599972042546,-0.0010763484650365405,-2.2370037284580853e-05
B,11,810,0.20183847844600677,0.44760356045252325,0.25252543263900257,False,False,-0.08920421333517807,0.2281089171732729,0.013590156032324963,-0.05526448564540715,-0.6304884750098175,-0.009822426504843483,0.025024425053468226,-0.0010763703042998183,-2.2370098391874263e-05
B,11,811,0.20183849334716797,0.44760321422158866,0.25252549270299723,False,False,-0.08920420463577804,0.22810886787252996,0.013590152411247487,-0.05526442977894515,-0.6304889355235829,-0.009822433551542737,0.025025633104236614,-0.0010763483402407503,-2.2370037284580853e-05
B,11,812,0.20183847844600677,0.44760351977964125,0.25252544480828026,False,False,-0.08920421333517807,0.2281089171732729,0.013590157239350788,-0.05526450088171497,-0.6304885325740383,-0.009822426504843483,0.025024514255529182,-0.001076369181137707,-2.2370099919556598e-05
B,11,813,0.20183849334716797,0.44760320533488174,0.25252547698188416,False,False,-0.08920420463577804,0.22810886787252996,0.013590153618273313,-0.055264439936483695,-0.6304889355235829,-0.009822432846872812,0.025025452151484388,-0.0010763520841144552,-2.2370052561404208e-05
B,11,814,0.20183850824832916,0.447603419683923,0.2525254358204533,False,False,-0.08920420463577804,0.22810889252290142,0.013590156032324963,-0.055264470409099334,-0.6304886477024796,-0.009822427914183335,0.02502474618088767,-0.0010763651876724218,-2.2370089225780252e-05
B,11,815,0.20183849334716797,0.4476033308406424,0.2525254467470097,False,False,-0.08920419593637802,0.22810886787252996,0.013590153618273313,-0.05526443485771442,-0.6304887628309209,-0.00982243143753296,0.025025189642562142,-0.0010763565767629008,-2.237006172749822e-05
B,11,816,0.20183849334716797,0.4476033661869926,0.2525254251670714,False,False,-0.08920418723697798,0.22810886787252996,0.013590153618273313,-0.05526443485771442,-0.6304887052667002,-0.009822429323523186,0.025025003592549288,-0.0010763595718618648,-2.237006478286289e-05
B,11,817,0.20183850824832916,0.44760336026662995,0.25252541467318035,False,False,-0.08920417853757796,0.22810886787252996,0.013590153618273313,-0.05526442977894515,-0.6304887052667002,-0.009822429323523186,0.025024939876791462,-0.001076360695023976,-2.2370066310545224e-05
B,11,818,0.20183849334716797,0.4476032647727509,0.2525254138421326,False,False,-0.08920416983817793,0.22810884322215852,0.013590152411247487,-0.05526441454263732,-0.6304888203951415,-0.00982243143753296,0.0250252202261259,-0.0010763557031923698,-2.237005103372187e-05
B,11,819,0.20183850824832916,0.44760330341279464,0.2525253981309317,False,False,-0.08920416983817793,0.22810886787252996,0.013590153618273313,-0.05526445009402224,-0.6304887628309209,-0.009822429323523186,0.025024758924039235,-0.0010763646884892613,-2.2370081587368576e-05
B,11,820,0.20183849334716797,0.44760308119398495,0.2525254253431167,False,False,-0.08920416113877791,0.22810884322215852,0.013590151204221662,-0.055264419621406595,-0.6304890506520242,-0.009822433551542737,0.02502535530353249,-0.001076354330438678,-2.2370060199815884e-05
B,11,821,0.20183849334716797,0.4476032985472787,0.2525253895374033,False,False,-0.08920416113877791,0.22810886787252996,0.013590154825299138,-0.05526446533033006,-0.6304887628309209,-0.00982242861885326,0.02502466972197828,-0.0010763675587924348,-2.2370101447238933e-05
B,11,822,0.20183850824832916,0.4476030815078172,0.2525254259300245,False,False,-0.08920415243937788,0.22810884322215852,0.013590152411247487,-0.05526441454263732,-0.6304890506520242,-0.009822432846872812,0.02502540372750844,-0.001076354330438678,-2.2370069365909895e-05
B,11,823,0.20183847844600677,0.4476032950602874,0.252525383356683,False,False,-0.08920415243937788,0.22810886787252996,0.013590154825299138,-0.05526445009402224,-0.6304887628309209,-0.009822427914183335,0.025024672270608592,-0.0010763679331798053,-2.237010603028594e-05
B,11,824,0.20183847844600677,0.447603076385284,0.2525254168196606,False,False,-0.08920414373997786,0.22810884322215852,0.013590151204221662,-0.055264404385098775,-0.6304890506520242,-0.009822432142202887,0.025025365498053745,-0.0010763547048260485,-2.2370063255180554e-05
B,11,825,0.20183849334716797,0.4476032950216093,0.25252538322684986,False,False,-0.08920414373997786,0.22810886787252996,0.013590152411247487,-0.05526443485771442,-0.6304887628309209,-0.00982242720951341,0.02502473598636642,-0.0010763658116513725,-2.2370087698097917e-05
B,11,826,0.20183849334716797,0.447603164209581,0.2525254039950749,False,False,-0.08920413504057782,0.22810884322215852,0.013590149997195837,-0.0552643993063295,-0.6304889355235829,-0.009822430732863036,0.0250252788446231,-0.001076355204009209,-2.237005103372187e-05
B,11,827,0.20183850824832916,0.4476033920262876,0.2525253867051494,False,False,-0.08920413504057782,0.22810886787252996,0.013590152411247487,-0.055264424700175875,-0.6304886477024796,-0.009822425800173559,0.025024825188427375,-0.0010763633157355695,-2.2370072421274565e-05
B,11,828,0.20183847844600677,0.44760335076963065,0.2525253977783951,False,False,-0.08920413504057782,0.22810884322215852,0.013590151204221662,-0.05526440946386805,-0.6304887052667002,-0.009822427914183335,0.02502519473982277,-0.0010763563271713205,-2.2370052561404208e-05
B,11,829,0.20183849334716797,0.4476033879189818,0.25252537942491493,False,False,-0.08920414373997786,0.22810884322215852,0.013590152411247487,-0.055264439936483695,-0.6304886477024796,-0.009822425800173559,0.025024911841858018,-0.001076361443798717,-2.2370063255180554e-05
B,11,830,0.20183847844600677,0.44760340047302927,0.2525254016770704,False,False,-0.08920415243937788,0.22810884322215852,0.013590152411247487,-0.055264439936483695,-0.6304886477024796,-0.009822425800173559,0.025025105537761813,-0.0010763576999250123,-2.2370052561404208e-05
B,11,831,0.20183847844600677,0.44760339973171126,0.2525254003630779,False,False,-0.08920416113877791,0.22810884322215852,0.013590152411247487,-0.05526446025156079,-0.6304886477024796,-0.009822425800173559,0.025025016335700853,-0.0010763593222702843,-2.2370057144451213e-05
B,11,832,0.20183849334716797,0.44760340081098315,0.25252540227609643,False,False,-0.08920416983817793,0.22810884322215852,0.013590152411247487,-0.05526446533033006,-0.6304886477024796,-0.009822425800173559,0.025024993398028036,-0.0010763596966576548,-2.2370057144451213e-05
B,11,833,0.20183849334716797,0.44760340737219934,0.2525254138752692,False,False,-0.08920417853757796,0.22810884322215852,0.013590151204221662,-0.05526445009402224,-0.6304886477024796,-0.009822425800173559,0.02502511318365275,-0.0010763573255376418,-2.237005103372187e-05
B,11,834,0.20183847844600677,0.4476034944080387,0.25252539968370463,False,False,-0.08920418723697798,0.22810884322215852,0.013590151204221662,-0.05526446025156079,-0.6304885325740383,-0.009822424390833707,0.025024916939118645,-0.0010763608198197663,-2.2370057144451213e-05
B,11,835,0.20183849334716797,0.44760341330490405,0.2525254243604,False,False,-0.08920419593637802,0.22810884322215852,0.013590149997195837,-0.055264439936483695,-0.6304886477024796,-0.009822425800173559,0.02502517944804089,-0.0010763562023755305,-2.237004492299253e-05
B,11,836,0.20183850824832916,0.4476034599807562,0.25252542289272184,False,False,-0.08920421333517807,0.22810886787252996,0.013590151204221662,-0.05526445009402224,-0.6304885901382589,-0.009822424390833707,0.025024855771991133,-0.0010763625669608285,-2.2370066310545224e-05
B,11,837,0.20183849334716797,0.4476033249048039,0.2525254361337756,False,False,-0.08920422203457809,0.22810884322215852,0.013590149997195837,-0.055264424700175875,-0.6304887628309209,-0.009822427914183335,0.02502523806653809,-0.0010763555783965795,-2.237005103372187e-05
B,11,838,0.20183849334716797,0.44760336433619874,0.2525254218252483,False,False,-0.08920423073397812,0.22810886787252996,0.013590151204221662,-0.055264439936483695,-0.6304887052667002,-0.009822425800173559,0.025024804799384872,-0.0010763639397145203,-2.2370075476639235e-05
B,11,839,0.20183850824832916,0.4476032787786685,0.25252543857581616,False,False,-0.08920423073397812,0.22810884322215852,0.013590148790170013,-0.055264404385098775,-0.6304888203951415,-0.00982242861885326,0.025025276295992785,-0.0010763553288049993,-2.237005561676888e-05
B,11,840,0.20183850824832916,0.44760331638947176,0.252525421040282,False,False,-0.08920423943337814,0.22810886787252996,0.013590149997195837,-0.05526443485771442,-0.6304887628309209,-0.009822426504843483,0.025024776764451428,-0.0010763649380808415,-2.237008617041558e-05
B,11,841,0.20183847844600677,0.4476031370619035,0.2525254400459209,False,False,-0.08920423073397812,0.22810884322215852,0.013590147583144188,-0.0552643993063295,-0.6304889930878035,-0.009822430028193111,0.02502530178229592,-0.0010763555783965795,-2.2370060199815884e-05
B,11,842,0.20183849334716797,0.4476033120513879,0.2525254133509939,False,False,-0.08920423073397812,0.22810886787252996,0.013590149997195837,-0.05526442977894515,-0.6304887628309209,-0.00982242720951341,0.025024741083627046,-0.0010763658116513725,-2.2370090753462587e-05
B,11,843,0.20183847844600677,0.44760308865213616,0.252525438470828,False,False,-0.08920421333517807,0.22810884322215852,0.013590147583144188,-0.0552643993063295,-0.6304890506520242,-0.009822430732863036,0.025025347657641552,-0.0010763549544176288,-2.2370060199815884e-05
B,11,844,0.20183849334716797,0.44760330592157166,0.2525254024858453,False,False,-0.08920421333517807,0.22810886787252996,0.013590149997195837,-0.05526443485771442,-0.6304887628309209,-0.009822426504843483,0.025024682465129844,-0.0010763671844050643,-2.2370092281144922e-05
B,11,845,0.20183850824832916,0.44760308852896113,0.25252543825249923,False,False,-0.08920419593637802,0.22810884322215852,0.013590147583144188,-0.05526439422756023,-0.6304890506520242,-0.009822430028193111,0.02502541901929032,-0.0010763537064597273,-2.237005561676888e-05
B,11,846,0.20183849334716797,0.4476033453552467,0.2525253881813549,False,False,-0.08920419593637802,0.22810886787252996,0.013590151204221662,-0.05526443485771442,-0.6304887052667002,-0.009822424390833707,0.025024600908959825,-0.001076368557158756,-2.2370095336509592e-05
B,11,847,0.20183847844600677,0.44760307426292245,0.2525254129658461,False,False,-0.08920416983817793,0.22810881857178705,0.013590147583144188,-0.05526437899125241,-0.6304890506520242,-0.00982242861885326,0.025025515867242214,-0.0010763515849312945,-2.237004492299253e-05
B,11,848,0.20183847844600677,0.4476033825061035,0.2525253697999038,False,False,-0.08920416983817793,0.22810886787252996,0.013590151204221662,-0.05526444501525297,-0.6304886477024796,-0.009822423686163782,0.025024486220595738,-0.0010763703042998183,-2.2370095336509592e-05
B,11,849,0.20183847844600677,0.4476030769223547,0.25252541767970843,False,False,-0.08920414373997786,0.22810881857178705,0.013590147583144188,-0.05526437899125241,-0.6304890506520242,-0.009822430028193111,0.02502565604190943,-0.0010763484650365405,-2.2370034229216183e-05
B,11,850,0.20183847844600677,0.447603419964657,0.25252535199447684,False,False,-0.08920415243937788,0.22810886787252996,0.013590152411247487,-0.055264470409099334,-0.6304885901382589,-0.009822422276823931,0.02502431291373445,-0.001076373174602992,-2.2370099919556598e-05
B,11,851,0.20183849334716797,0.4476030274226392,0.25252541417267294,False,False,-0.08920413504057782,0.22810879392141561,0.013590147583144188,-0.05526438407002168,-0.6304891082162448,-0.009822430732863036,0.025025865029595102,-0.0010763444715712555,-2.237001895239283e-05
B,11,852,0.20183850824832916,0.4476035973270657,0.2525253295054005,False,False,-0.08920415243937788,0.22810886787252996,0.013590154825299138,-0.05526448564540715,-0.6304883598813763,-0.009822420162814155,0.025024052953442517,-0.001076377792047228,-2.2370110613332947e-05
B,11,853,0.20183849334716797,0.447602984340819,0.2525254220413964,False,False,-0.08920413504057782,0.22810876927104415,0.013590147583144188,-0.055264373912483136,-0.6304891657804655,-0.009822432142202887,0.025026191254275174,-0.0010763383565775377,-2.237000062020481e-05
B,11,854,0.20183849334716797,0.4476037732194449,0.2525253044105937,False,False,-0.08920416983817793,0.22810886787252996,0.013590157239350788,-0.05526453135433062,-0.6304881296244936,-0.009822417344134454,0.02502363752670149,-0.0010763852797946376,-2.2370130473203304e-05
B,11,855,0.20183850824832916,0.44760285954943596,0.252525453481133,False,False,-0.08920414373997786,0.22810874462067268,0.013590145169092538,-0.05526436375494459,-0.6304893384731275,-0.009822434960882588,0.025026723918010602,-0.001076328372914325,-2.2369973121922773e-05
B,11,856,0.20183849334716797,0.44760394979853263,0.25252528053289564,False,False,-0.08920419593637802,0.22810889252290142,0.013590159653402437,-0.05526458214202335,-0.630487899367611,-0.009822414525454752,0.025022967236929157,-0.0010763973849862829,-2.2370162554532346e-05
B,11,857,0.20183847844600677,0.44760259166448857,0.2525254839810013,False,False,-0.08920415243937788,0.22810869531992978,0.013590142755040887,-0.055264318046021124,-0.6304896838584514,-0.009822439893572066,0.025027549674232034,-0.001076312773440555,-2.236992576377038e-05
B,11,858,0.20183850824832916,0.44760416635122974,0.2525252433381673,False,False,-0.08920422203457809,0.22810894182364433,0.013590164481505738,-0.05526463800848536,-0.6304876115465077,-0.009822408888095348,0.025021927395761426,-0.0010764166035379674,-2.2370216023414076e-05
B,11,859,0.20183850824832916,0.44760215670850384,0.2525255552105912,False,False,-0.08920415243937788,0.22810864601918687,0.013590137926937588,-0.05526424694325129,-0.6304902595006581,-0.00982244834961117,0.025028872413364513,-0.0010762884382614739,-2.2369860073429965e-05
B,11,860,0.20183850824832916,0.447604696954934,0.2525251732093391,False,False,-0.08920424813277818,0.2281090157747587,0.013590170516634864,-0.055264739583870834,-0.6304869207758598,-0.009822400432056245,0.025020230007972932,-0.0010764479272812974,-2.2370306156671857e-05
B,11,861,0.20183850824832916,0.4476014958334372,0.25252564709205855,False,False,-0.0892041263411778,0.22810854741770104,0.013590130684782637,-0.05526412505278873,-0.6304911229639679,-0.009822461738339753,0.025031056589542803,-0.0010762486284044133,-2.2369757718713503e-05
B,11,862,0.20183850824832916,0.44760557299147213,0.2525250416294448,False,False,-0.08920426553157823,0.228109139026616,0.013590181379867288,-0.0552648817894105,-0.6304857694914466,-0.00982238422464796,0.02501740612558606,-0.001076500216717374,-2.2370454341858377e-05
B,11,863,0.20183853805065155,0.44760049676688457,0.25252581319148454,False,False,-0.08920407414477764,0.2281083995154723,0.013590116200472737,-0.055263911744479234,-0.6304924469410431,-0.00982248217376759,0.025034731714454233,-0.0010761806146987764,-2.23695667584216e-05
B,11,864,0.20183853805065155,0.4476070623301438,0.2525248180342641,False,False,-0.08920430902857836,0.22810933622958765,0.013590198278228839,-0.055265150964182,-0.6304838123079441,-0.009822358856530647,0.025012607054706575,-0.0010765881977494363,-2.2370695715667345e-05
B,11,865,0.20183858275413513,0.44759855910364416,0.25252608422554207,False,False,-0.08920398715077738,0.22810812836138628,0.013590092059956236,-0.05526355623063008,-0.6304949797667521,-0.009822516702593934,0.02504102173406686,-0.0010760644298181382,-2.236924136208419e-05
B,11,866,0.2018386423587799,0.4476095645325582,0.2525244527340284,False,False,-0.08920436992437855,0.22810970598515948,0.013590228453874463,-0.0552656131321859,-0.6304805311473666,-0.00982231234831557,0.02500431890892851,-0.001076740947796591,-2.2371117355991874e-05
B,11,867,0.20183873176574707,0.44759537425701257,0.25252658683564655,False,False,-0.0892038305615769,0.22810768465470005,0.01359004981405236,-0.05526295185708652,-0.6304991819548602,-0.009822577304207518,0.02505200633071614,-0.0010758620110465,-2.2368680702667156e-05
B,11,868,0.2018389254808426,0.4476139556211016,0.252523814079948,False,False,-0.08920449171597893,0.22811034689481735,0.01359028277003659,-0.05526645620788532,-0.6304747747253007,-0.0098222299019343,0.024989740743537815,-0.0010770096331328039,-2.237186744801848e-05
B,11,869,0.20183925330638885,0.4475896456941583,0.2525274652327467,False,False,-0.08920358697837615,0.228106871192442,0.01358997739250286,-0.05526190055184688,-0.6305067228677665,-0.009822685823376028,0.025071419247810707,-0.0010755040967203235,-2.236768923683158e-05
B,11,870,0.20183980464935303,0.4476219529819306,0.25252266141688773,False,False,-0.08920473529917967,0.2281114561615329,0.013590379332102592,-0.05526792905097467,-0.6304642980371407,-0.009822082625919893,0.024963864499969336,-0.001077486477847002,-2.2373191948603138e-05
B,11,871,0.20184078812599182,0.4475796233399098,0.25252898570607346,False,False,-0.08920316940717486,0.2281053921701546,0.013589847033713756,-0.05525996046198436,-0.6305199050742976,-0.009822875379585958,0.02510588182690388,-0.0010748668894157707,-2.2365904903864013e-05
B,11,872,0.2018425017595291,0.4476362666353623,0.25252066048060934,False,False,-0.08920518766798106,0.2281134281912494,0.013590550729769744,-0.055270529380842766,-0.6304455896654264,-0.009821818374697871,0.024918256760517156,-0.0010783258543316128,-2.237551860879972e-05
B,11,873,0.2018454372882843,0.44756244456022276,0.25253163176155663,False,False,-0.08920245605637267,0.22810282853152314,0.013589618905832828,-0.05525666434072577,-0.6305425278130167,-0.00982320234643134,0.025165428025538172,-0.0010737613235107506,-2.2362757878253404e-05
B,11,874,0.20185022056102753,0.44766169997337996,0.2525174806016279,False,False,-0.08920599671218356,0.22811675599139603,0.013590839208941925,-0.05527502409164993,-0.6304126053669886,-0.009821365271935846,0.02484270516351686,-0.0010797180761666287,-2.237942336484861e-05
B,11,875,0.20185734331607819,0.44753657240721223,0.25253554052990373,False,False,-0.08920142082776948,0.22809876122023282,0.01358924955593037,-0.05525154494129796,-0.6305765482674264,-0.009823704776088144,0.025256141424270854,-0.0010720584849540284,-2.235770736045308e-05
B,11,876,0.20186620950698853,0.44770000112070835,0.25251377491509813,False,False,-0.08920722332758732,0.22812126700937257,0.013591232699360883,-0.05528136239570341,-0.6303636757794282,-0.009820712747584932,0.02474509517115704,-0.0010815279895113072,-2.238472595023425e-05
B,11,877,0.20187339186668396,0.44751372844431314,0.2525386658789536,False,False,-0.0892004812925666,0.22809457065708524,0.013588842788227338,-0.055246506802178526,-0.6306063665337278,-0.0098241698582389,0.025339328717689076,-0.0010704350165198478,-2.2352221453187208e-05
B,11,878,0.20187292993068695,0.44772900867281745,0.2525135539682068,False,False,-0.08920804107118983,0.228123288339832,0.013591394440821436,-0.0552848311951173,-0.630328388912164,-0.009820310381057535,0.024713622135421085,-0.001082121268697724,-2.2386866233185932e-05
B,11,879,0.20186133682727814,0.44754313865525996,0.25253571709929906,False,False,-0.08920147302416964,0.22809671523940195,0.013588950213525765,-0.055250193988671176,-0.6305687195334166,-0.009823733667555085,0.025279160653258397,-0.0010714365027358751,-2.23539981477431e-05
B,11,880,0.2018456906080246,0.4476897800609473,0.25252074768619703,False,False,-0.08920677095878593,0.2281155234728232,0.013590611081060995,-0.05527562846519349,-0.6303808299171847,-0.009821170078366512,0.024883187607409474,-0.0010788733334630412,-2.2376707145656542e-05
B,11,881,0.20183850824832916,0.44764353081607483,0.252526613127023,False,False,-0.08920556174218222,0.22810849811695813,0.013589903763927533,-0.055266669516194813,-0.6304408693993323,-0.009822060076482281,0.025030684489517094,-0.0010760523246264929,-2.2367725901207627e-05
B,11,882,0.20184361934661865,0.4476058843230671,0.25253138385817325,False,False,-0.0892049353853803,0.22810302573449479,0.013589332840712297,-0.05525966081459721,-0.6304897414226721,-0.009822785181835507,0.025145936100903904,-0.0010738540467828388,-2.2360796334134945e-05
B,11,883,0.2018527090549469,0.4477198074276615,0.2525198053604021,False,False,-0.08920986794519545,0.22811843221665506,0.013590664190197298,-0.05528023490892466,-0.6303438161233007,-0.00982078039589777,0.02482566502124375,-0.0010799072665845099,-2.2379672377069255e-05
B,11,884,0.20185470581054688,0.4475714073371533,0.2525357049468457,False,False,-0.08920579662598294,0.22809851471651826,0.013588786058013563,-0.05525395735670293,-0.6305344688221244,-0.009823463074303734,0.025239366339550307,-0.00107208306972469,-2.2355388338668174e-05
B,11,885,0.20184744894504547,0.447705347492287,0.25252255875208324,False,False,-0.08921166872100099,0.22811675599139603,0.013590408300722393,-0.05527826942521577,-0.6303632152656629,-0.0098211059534033,0.02486684833847246,-0.0010791843245721178,-2.2378245521768133e-05
B,11,886,0.2018396258354187,0.4476241545591177,0.25253083490705563,False,False,-0.08921005933199604,0.2281063042338985,0.013589393192003548,-0.05526431296725185,-0.6304672338123943,-0.009822570962178189,0.0250822305375987,-0.0010751207240529545,-2.236574449721881e-05
B,11,887,0.20183958113193512,0.44762029766966943,0.25253124140147076,False,False,-0.08921110325999924,0.22810650143687014,0.013589348532048023,-0.05526431296725185,-0.630472184335371,-0.009822650589879758,0.02508078291558088,-0.001075182248377503,-2.236635557015291e-05
B,11,888,0.20184513926506042,0.44768469230466496,0.2525246917945133,False,False,-0.08921439163320935,0.2281160411306238,0.013590159653402437,-0.055276568037509105,-0.6303896948071662,-0.0098215111386104,0.02488892457424417,-0.0010788642233703594,-2.237846550802441e-05
B,11,889,0.2018478959798813,0.4475685760223065,0.2525357392736004,False,False,-0.08921117285519946,0.22810144811072158,0.013588755882367937,-0.05525669481334142,-0.6305379226753639,-0.009823570888802318,0.025188062411348442,-0.0010732023631666275,-2.236074744830022e-05
B,11,890,0.20184430480003357,0.44767030980322353,0.25252556245505586,False,False,-0.08921524417441197,0.22811596717950944,0.013590043778923236,-0.055275501495961644,-0.6304077124082326,-0.009821765524453466,0.024897651084436083,-0.0010787696281614188,-2.2378984920018395e-05
B,11,891,0.2018393576145172,0.4475990370580747,0.252531878566567,False,False,-0.08921299102980505,0.22810731489912822,0.01358921334515562,-0.055263520679245164,-0.630498376055771,-0.00982302336027029,0.02507467384872048,-0.0010754248513935724,-2.2368566126492012e-05
B,11,892,0.20183905959129333,0.44759744205981183,0.25253149521220386,False,False,-0.08921283444060457,0.22810793115841463,0.013589256798085321,-0.05526390666570996,-0.6305000454181701,-0.009823041681688351,0.025064894754209276,-0.0010756442423926723,-2.2369629393397343e-05
B,11,893,0.20184241235256195,0.44764659935362966,0.25252624073429303,False,False,-0.08921412195180853,0.22811522766836573,0.013589937560650633,-0.05527325160117343,-0.6304368974681068,-0.009822160139611687,0.024920170781882266,-0.0010784361738101135,-2.2378955894054024e-05
B,11,894,0.2018440216779709,0.44755685803578305,0.25253409264511556,False,False,-0.08921026811759668,0.22810388849749577,0.013588911588699364,-0.05525787816658217,-0.6305509897534536,-0.009823732962885159,0.025149932353234778,-0.0010740746857398403,-2.2365119675143693e-05
B,11,895,0.20184174180030823,0.4476368362032314,0.2525260359651643,False,False,-0.08921201669700206,0.22811498116465118,0.01358997015034791,-0.05527241868301256,-0.6304485830049007,-0.009822308120296018,0.0249296822702106,-0.0010782961529335548,-2.2378936034183667e-05
B,11,896,0.20183886587619781,0.4475869465009587,0.2525300788946251,False,False,-0.08920903280279288,0.22810864601918687,0.013589422160623348,-0.05526383556294013,-0.6305117885191845,-0.009823179092323801,0.025057743297550835,-0.0010758512786085465,-2.23710058351814e-05
B,11,897,0.20183895528316498,0.44758443871466663,0.25252976193875504,False,False,-0.08920755390478834,0.22810852276732957,0.013589455957346449,-0.05526354099432226,-0.6305146091659969,-0.009823210802470445,0.025061576437541675,-0.0010757715340986346,-2.2370651412879622e-05
B,11,898,0.2018410563468933,0.4476297712374418,0.25252505600967706,False,False,-0.08920766699698869,0.2281146360594508,0.013590077575646337,-0.055271595922390226,-0.630456469303131,-0.009822399022716394,0.024940274377791668,-0.0010780778850965666,-2.2377978177359468e-05
B,11,899,0.20184175670146942,0.44756211453700956,0.2525308705810816,False,False,-0.08920388275797705,0.22810561402349772,0.013589309907221622,-0.055259498293980455,-0.6305424126845753,-0.009823580754181275,0.025121038531375636,-0.0010746071893764494,-2.2366503755339427e-05
B,11,900,0.20184020698070526,0.44762594647010473,0.25252468044566834,False,False,-0.08920473529917967,0.22811392119867854,0.013590160860428262,-0.055270549695919866,-0.6304608441839011,-0.00982244553093147,0.024955805730919444,-0.0010777520432884609,-2.2376545211329006e-05
B,11,901,0.20183861255645752,0.4475944098824171,0.2525273148133114,False,False,-0.08920244735697264,0.22810950878218783,0.013589839791558807,-0.05526463800848536,-0.6305008513172593,-0.009822990240783798,0.025043769157544336,-0.0010760529486054436,-2.2370801125748477e-05
B,11,902,0.2018388956785202,0.44759044377319607,0.25252752905501125,False,False,-0.08920131643496916,0.22810874462067268,0.013589855482894531,-0.055263546073091536,-0.6305058018402361,-0.009823048728387605,0.02505931325382368,-0.001075738088826872,-2.236954995391591e-05
B,11,903,0.20184019207954407,0.4476312513881945,0.25252372910495186,False,False,-0.08920196888997117,0.22811392119867854,0.013590416749903168,-0.05527036178145674,-0.63045376378476,-0.009822317281005048,0.024956537187819292,-0.0010776851527449355,-2.2375645406433546e-05
B,11,904,0.20184041559696198,0.4475791493899203,0.2525284820852346,False,False,-0.08919966354896408,0.22810677259095619,0.013589827721300556,-0.055260767986298864,-0.6305201353311802,-0.009823224895868952,0.025098811926415457,-0.0010749413925024958,-2.2366421260493325e-05
B,11,905,0.2018393874168396,0.44762773848626264,0.2525241583323449,False,False,-0.0892010989499685,0.22811300913493465,0.013590469859039469,-0.05526908193159979,-0.6304583113581921,-0.009822358151860722,0.02497515493225618,-0.001077287927744859,-2.2373813715313582e-05
B,11,906,0.20183850824832916,0.44760625468555304,0.2525262515979849,False,False,-0.08920036820036625,0.22811000178961696,0.01359024655926184,-0.05526509001895072,-0.6304857694914466,-0.009822724580221924,0.025035065585025242,-0.0010761228342479328,-2.236976230176051e-05
B,11,907,0.20183880627155304,0.4475994529042102,0.2525270816505867,False,False,-0.08920039429856633,0.22810899112438726,0.013590201899306313,-0.05526380509032449,-0.6304945768172074,-0.009822830985380658,0.025055357779577812,-0.0010757214909867807,-2.2368259062342626e-05
B,11,908,0.20183955132961273,0.44763231800679815,0.25252436198267275,False,False,-0.08920199498817125,0.22811328028902067,0.013590643670758271,-0.055269599966065695,-0.6304529003214501,-0.00982223906264333,0.0249704348689164,-0.0010773402171809355,-2.237341957327109e-05
B,11,909,0.2018396258354187,0.447590095861718,0.2525284362060488,False,False,-0.08920115114636866,0.22810768465470005,0.013590159653402437,-0.05526217988415693,-0.6305068379962079,-0.00982296839601611,0.02508174884646953,-0.0010752065835565841,-2.2366366263929256e-05
B,11,910,0.20183898508548737,0.4476254935663212,0.25252548988430124,False,False,-0.0892030824131746,0.2281124175260197,0.013590623151319247,-0.05526848771559477,-0.6304619379040937,-0.009822329965063705,0.024988272732477494,-0.001076998027124319,-2.2372192844355887e-05
B,11,911,0.20183850824832916,0.4476087389856835,0.25252720638094295,False,False,-0.08920325640117513,0.22811027294370298,0.013590437269342193,-0.05526558773833953,-0.6304834093583995,-0.009822609719024086,0.02503087818542089,-0.0010761852321430124,-2.2369516344904535e-05
B,11,912,0.20183871686458588,0.4476005107843479,0.25252811816273607,False,False,-0.08920372616877657,0.22810933622958765,0.013590349156456967,-0.05526423170694347,-0.6304940011750009,-0.009822737968950506,0.025049890967556304,-0.0010758253210841932,-2.2368332391094717e-05
B,11,913,0.2018391489982605,0.44762512458093856,0.25252601600680885,False,False,-0.08920526596258131,0.2281127626312201,0.013590656948042347,-0.0552686553149808,-0.6304627438031829,-0.009822289094208033,0.024982283451241805,-0.0010771254436260716,-2.2372594624810056e-05
B,11,914,0.20183917880058289,0.44759087805979947,0.25252915068817133,False,False,-0.08920468310277951,0.2281083995154723,0.013590234489003589,-0.05526265220969938,-0.6305063774824426,-0.009822876084255883,0.025068860422976395,-0.0010754735217517344,-2.2367208016895976e-05
B,11,915,0.20183877646923065,0.44761710468121824,0.2525267915142084,False,False,-0.08920606630738377,0.22811204777044786,0.01359055193679557,-0.05526736022881603,-0.6304729902344602,-0.009822396204036693,0.024996622045383072,-0.0010768659931783306,-2.237181856218375e-05
B,11,916,0.20183850824832916,0.44760333619284265,0.2525279887089655,False,False,-0.08920592711698334,0.22811037154518882,0.013590372089947641,-0.055264963049718875,-0.6304904897575406,-0.009822622403082742,0.025029726204519386,-0.0010762416398401643,-2.236984326892428e-05
B,11,917,0.2018386274576187,0.44759696710263464,0.2525284894048085,False,False,-0.08920589231938324,0.22810965668441657,0.013590279148959114,-0.055263881271863595,-0.6304985487484329,-0.009822719647532447,0.025043774254804963,-0.0010759833125545347,-2.236907484470965e-05
B,11,918,0.20183886587619781,0.4476157273319918,0.2525267071299505,False,False,-0.08920657087258532,0.22811226962379097,0.013590491585504318,-0.05526724341712273,-0.6304746020326387,-0.009822375768608855,0.024992205269050542,-0.0010769813044884378,-2.2372421996706173e-05
B,11,919,0.2018388956785202,0.4475893278775537,0.252528927617298,False,False,-0.08920554434338217,0.22810886787252996,0.013590145169092538,-0.05526265220969938,-0.6305081044090624,-0.00982282464335133,0.025059295413411488,-0.001075704269167739,-2.2368292671354003e-05
B,11,920,0.2018386870622635,0.4476108284808608,0.25252686551313913,False,False,-0.08920604020918368,0.22811177661636184,0.013590382953180068,-0.055266501916808784,-0.6304806462758079,-0.009822435665552513,0.02500182125122171,-0.0010768110830306607,-2.237195758127626e-05
B,11,921,0.20183850824832916,0.44759962019804883,0.25252771546152075,False,False,-0.08920530076018142,0.2281103222444459,0.013590216383616214,-0.055264571984484805,-0.6304948070740901,-0.009822621698412817,0.025030513731286123,-0.001076264976652924,-2.2370179359038033e-05
B,11,922,0.20183855295181274,0.4475968615414934,0.25252779368283346,False,False,-0.08920479619497987,0.2281099278385026,0.013590151204221662,-0.05526409458017308,-0.630498203363109,-0.009822660455258713,0.02503773909822364,-0.0010761282004669095,-2.2369728692749135e-05
B,11,923,0.2018386870622635,0.44761120587614706,0.25252635304868454,False,False,-0.08920485709078005,0.22811177661636184,0.013590298461372316,-0.055266618728502075,-0.6304798403767187,-0.009822400432056245,0.02500062084634426,-0.001076840410041348,-2.237205382526338e-05
B,11,924,0.20183874666690826,0.44759185174442573,0.25252792346071423,False,False,-0.08920374356757663,0.228109139026616,0.013590034122716636,-0.05526317532293456,-0.6305043627347195,-0.009822731626921178,0.025051993587564575,-0.001075856395235943,-2.2368815138712656e-05
B,11,925,0.2018386274576187,0.44761029454843165,0.25252616806400197,False,False,-0.08920396105257729,0.22811148081190435,0.013590235696029414,-0.055266349553730575,-0.6304808189684699,-0.00982240113672617,0.02500524661036246,-0.0010767524290092858,-2.237173912270232e-05
B,11,926,0.20183850824832916,0.44760055064808296,0.2525269189085861,False,False,-0.08920325640117513,0.22811007574073133,0.013590094474007887,-0.05526453643309989,-0.630493137711691,-0.00982256462014886,0.02503211172249241,-0.0010762368976001383,-2.2370026590804507e-05
B,11,927,0.20183850824832916,0.44760113876439256,0.2525267817773554,False,False,-0.0892029867197743,0.22811002643998843,0.013590081196723811,-0.055264511039253526,-0.6304923318126018,-0.009822549117410501,0.025032200924553365,-0.0010762330289306433,-2.2369982288016784e-05
B,11,928,0.20183858275413513,0.44761101334528786,0.2525258404343697,False,False,-0.08920313460957476,0.22811120965781834,0.013590185000944763,-0.05526612100911326,-0.6304797252482773,-0.009822370131249453,0.02500787934547585,-0.0010766963956995042,-2.23714565014703e-05
B,11,929,0.2018386572599411,0.44759693002731,0.2525270688920753,False,False,-0.08920254305037294,0.2281092376281018,0.013589997911941884,-0.05526351052170662,-0.6304976277209025,-0.009822613947043637,0.025046057827565464,-0.0010759610989038864,-2.2368995405228214e-05
B,11,930,0.20183858275413513,0.44761199612327207,0.2525257289975762,False,False,-0.08920305631497451,0.22811113570670397,0.013590172930686513,-0.05526605498511271,-0.6304784588354229,-0.00982234476313214,0.025007864053693974,-0.001076689906318416,-2.237133734224815e-05
B,11,931,0.20183853805065155,0.4476024170389879,0.2525266040267195,False,False,-0.08920281273177376,0.22810977993627385,0.01359004981405236,-0.055264318046021124,-0.6304906624502026,-0.00982250965589468,0.025033717359589636,-0.001076191971115681,-2.236966605777339e-05
B,11,932,0.20183850824832916,0.44760515314904176,0.25252640074162963,False,False,-0.0892030824131746,0.2281100510903599,0.013590082403749636,-0.05526475482017866,-0.6304872085969631,-0.009822458919660052,0.025027284616679475,-0.001076313522215296,-2.2370038812263188e-05
B,11,933,0.20183853805065155,0.447610298970944,0.2525260052000413,False,False,-0.0892035086837759,0.2281106673496463,0.013590147583144188,-0.05526566391987864,-0.6304807038400285,-0.009822366607899825,0.025014171913718793,-0.001076564361753516,-2.2370846956218535e-05
B,11,934,0.20183856785297394,0.4476001614395267,0.25252698542748786,False,False,-0.08920344778797572,0.22810928692884472,0.01359002808758751,-0.05526387619309432,-0.6304936557896769,-0.009822542070711248,0.025040761773774928,-0.0010760545709507156,-2.2369161922602756e-05
B,11,935,0.20183856785297394,0.44761178521356315,0.2525260291446513,False,False,-0.08920416983817793,0.22811079060150358,0.013590177758789812,-0.055265943252188685,-0.6304789193491881,-0.009822335602423108,0.025010323481946074,-0.0010766377416781296,-2.2371065414792476e-05
B,11,936,0.20183850824832916,0.4476022234590858,0.2525269352124848,False,False,-0.08920416113877791,0.22810950878218783,0.013590067919439735,-0.055264287573405485,-0.6304911229639679,-0.0098225019045255,0.02503479543021206,-0.0010761687590987114,-2.236951787258687e-05
B,11,937,0.20183849334716797,0.4476064532972024,0.2525266006372133,False,False,-0.0892046135075793,0.2281100510903599,0.013590128270730988,-0.05526505954633507,-0.6304857694914466,-0.009822424390833707,0.025023181321875452,-0.0010763913947883553,-2.2370238938649107e-05
B,11,938,0.20183850824832916,0.44760751290927064,0.25252654202864083,False,False,-0.08920492668598026,0.2281101989925886,0.013590149997195837,-0.055265283012183114,-0.6304844455143714,-0.009822404660075796,0.025019636177109988,-0.001076459408493992,-2.2370457397223047e-05
B,11,939,0.20183853805065155,0.4476010473421817,0.2525271250834713,False,False,-0.0892049353853803,0.22810933622958765,0.013590079989697986,-0.055264185998020014,-0.6304926771979257,-0.009822515997924008,0.025035743520688516,-0.0010761515372796693,-2.2369446071517115e-05
B,11,940,0.20183853805065155,0.4476093633622816,0.2525263695339,False,False,-0.0892053964535817,0.2281104454963032,0.013590192243099713,-0.055265689313725004,-0.6304820853813244,-0.009822367312569752,0.025013083648575116,-0.001076587199383115,-2.2370885148276917e-05
B,11,941,0.20183853805065155,0.4476007082748585,0.2525271141003929,False,False,-0.08920520506678112,0.22810931157921618,0.013590095681033712,-0.05526417584048146,-0.6304930801474703,-0.009822516702593934,0.025034917764467087,-0.0010761701318524031,-2.236952703868088e-05
B,11,942,0.20183850824832916,0.44760601697543423,0.25252658638035147,False,False,-0.08920543125118181,0.22811002643998843,0.013590169309609037,-0.05526512557033563,-0.6304862875694325,-0.009822421572154006,0.025020199424409174,-0.0010764535430918545,-2.2370468090999393e-05
B,11,943,0.20183847844600677,0.447604207852555,0.25252666436014637,False,False,-0.08920534425718155,0.22810977993627385,0.013590154825299138,-0.05526482084417921,-0.6304885325740383,-0.009822451168290872,0.025024208419891614,-0.0010763776672514378,-2.2370226717190426e-05
B,11,944,0.20183850824832916,0.44760145293313924,0.25252683438966445,False,False,-0.08920517026918101,0.22810941018070202,0.013590125856679337,-0.055264333282328944,-0.6304919864272778,-0.0098224990858458,0.025030977582003098,-0.0010762483788128328,-2.236980660454823e-05
B,11,945,0.20183850824832916,0.44760686506953534,0.25252623723909684,False,False,-0.08920522246558117,0.2281101003911028,0.013590197071203014,-0.055265283012183114,-0.630485021156578,-0.009822402546066021,0.025016401965242716,-0.0010765280461785796,-2.2370724741631716e-05
B,11,946,0.20183850824832916,0.44759997664406864,0.25252674437756,False,False,-0.08920481359377992,0.2281091883273589,0.013590117407498561,-0.05526409458017308,-0.6304937133538976,-0.009822520930613487,0.025033883020559984,-0.0010761930942777924,-2.2369624810350338e-05
B,11,947,0.20183850824832916,0.44760575203391967,0.2525261173199252,False,False,-0.08920480489437989,0.2281099278385026,0.013590191036073888,-0.05526510525525854,-0.6304862875694325,-0.009822418048804378,0.025018642211287898,-0.0010764851164267648,-2.237057808412753e-05
B,11,948,0.20183847844600677,0.4476023490206417,0.25252631754564997,False,False,-0.08920446561777884,0.22810943483107346,0.013590149997195837,-0.0552645161180228,-0.6304905473217614,-0.009822477945748037,0.025027651619444556,-0.001076311899870024,-2.237000673093415e-05
B,11,949,0.20183850824832916,0.447602658203638,0.2525261918774179,False,False,-0.0892042568321782,0.22810945948144493,0.013590156032324963,-0.055264607535869724,-0.630490086807996,-0.009822470194378858,0.0250267035289681,-0.0010763296208722265,-2.237005867213355e-05
B,11,950,0.20183850824832916,0.44760527877588435,0.25252586805709887,False,False,-0.08920414373997786,0.2281097552859024,0.013590189829048064,-0.05526507478264289,-0.6304866905189771,-0.009822424390833707,0.025020122965499783,-0.0010764551654371267,-2.2370465035634723e-05
B,11,951,0.20183850824832916,0.4476009424884018,0.2525261825977501,False,False,-0.08920381316277684,0.228109139026616,0.013590136719911763,-0.0552643231247904,-0.6304921591199397,-0.00982250049518565,0.025031731976575763,-0.0010762316561769515,-2.236972410970213e-05
B,11,952,0.20183850824832916,0.4476059726831256,0.2525256663173846,False,False,-0.08920383926097691,0.22810977993627385,0.013590199485254664,-0.05526520683064401,-0.6304857119272259,-0.009822411002105125,0.025018660051700087,-0.0010764814973488503,-2.237053378133981e-05
B,11,953,0.20183850824832916,0.44760186578899047,0.25252596637345326,False,False,-0.08920357827897611,0.2281091883273589,0.013590148790170013,-0.05526446533033006,-0.6304908927070852,-0.00982248358310744,0.02502962935656749,-0.0010762702180761108,-2.2369832575147932e-05
B,11,954,0.20183849334716797,0.4476043784779222,0.2525257039346574,False,False,-0.08920358697837615,0.2281094841318164,0.013590178965815639,-0.05526486655310268,-0.6304876691107284,-0.009822439893572066,0.02502338011503987,-0.0010763891484641323,-2.237021144036707e-05
B,11,955,0.20183850824832916,0.4476043139126712,0.2525256736932346,False,False,-0.08920355218077604,0.22810943483107346,0.013590177758789812,-0.05526480560787139,-0.630487726674949,-0.009822441302911917,0.025023782798629334,-0.0010763807871461918,-2.2370179359038033e-05
B,11,956,0.20183850824832916,0.447602493653621,0.25252581595058793,False,False,-0.08920349128497584,0.22810916367698744,0.013590154825299138,-0.055264424700175875,-0.6304900292437754,-0.009822472308388635,0.025028739884588234,-0.0010762854431625101,-2.2369863128794635e-05
B,11,957,0.20183850824832916,0.4476057355555375,0.2525254986095608,False,False,-0.08920364787417633,0.22810955808293076,0.01359019586417719,-0.05526496812848815,-0.6304858846198879,-0.009822415230124677,0.025020199424409174,-0.0010764489256476187,-2.2370399345294308e-05
B,11,958,0.20183849334716797,0.447602070145956,0.25252582324054584,False,False,-0.08920359567777617,0.22810904042513017,0.013590149997195837,-0.05526429773094403,-0.6304905473217614,-0.009822478650417963,0.025029843441513787,-0.0010762639782866028,-2.236979132772488e-05
B,11,959,0.20183849334716797,0.4476052907454613,0.25252555231459467,False,False,-0.0892038044633768,0.22810943483107346,0.013590188622022239,-0.05526485131679486,-0.6304864602620945,-0.009822422981493857,0.02502156294162666,-0.001076422468940105,-2.2370309212036527e-05
B,11,960,0.20183849334716797,0.44760326674692796,0.25252575457387527,False,False,-0.08920384796037695,0.22810916367698744,0.013590164481505738,-0.05526453643309989,-0.6304890506520242,-0.0098224575103202,0.0250266066810162,-0.001076326001794312,-2.2369991454110795e-05
B,11,961,0.20183849334716797,0.44760359696381613,0.25252575035677244,False,False,-0.08920397845137734,0.2281091883273589,0.013590168102583212,-0.05526462785094682,-0.6304886477024796,-0.009822451872960799,0.025025673882321624,-0.0010763439723880947,-2.237005103372187e-05
B,11,962,0.20183849334716797,0.44760469157125976,0.25252566933447335,False,False,-0.08920414373997786,0.22810931157921618,0.013590181379867288,-0.055264846238025585,-0.6304872661611838,-0.009822432142202887,0.025022666498552216,-0.0010764020024305189,-2.2370243521696112e-05
B,11,963,0.20183847844600677,0.44760244064508353,0.252525890393954,False,False,-0.08920417853757796,0.22810899112438726,0.013590152411247487,-0.055264470409099334,-0.6304901443722167,-0.009822472308388635,0.02502851305649037,-0.0010762903101983264,-2.2369876877935652e-05
B,11,964,0.20183849334716797,0.44760507544249467,0.25252567595679637,False,False,-0.08920436992437855,0.22810933622958765,0.013590183793918938,-0.055264963049718875,-0.6304868056474184,-0.009822425800173559,0.02502144570463226,-0.0010764263376096,-2.2370329071906888e-05
B,11,965,0.20183850824832916,0.44760250628175374,0.2525259224732391,False,False,-0.08920436992437855,0.22810899112438726,0.013590151204221662,-0.055264541511869165,-0.630490086807996,-0.009822469489708933,0.025027998233167134,-0.0010763011674320702,-2.2369921180723375e-05
B,11,966,0.20183849334716797,0.4476042296941938,0.2525257769265663,False,False,-0.08920449171597893,0.22810921297773037,0.013590170516634864,-0.055264861474333404,-0.630487899367611,-0.009822438484232216,0.025023375017779244,-0.0010763900220346636,-2.237021449573174e-05
B,11,967,0.20183849334716797,0.44760355536353136,0.2525258448685631,False,False,-0.08920450911477898,0.22810911437624454,0.013590159653402437,-0.055264709111255195,-0.6304887628309209,-0.009822451168290872,0.02502523042064715,-0.001076355204009209,-2.2370102974921268e-05
B,11,968,0.20183849334716797,0.44760304185904265,0.2525258610410291,False,False,-0.089204517814179,0.22810904042513017,0.013590152411247487,-0.05526460245710045,-0.6304893960373481,-0.009822458214990127,0.02502627026181488,-0.0010763357358659442,-2.2370046450674864e-05
B,11,969,0.20183850824832916,0.44760434864942256,0.2525257349887331,False,False,-0.08920457001057916,0.22810921297773037,0.013590166895557388,-0.0552647852927943,-0.630487726674949,-0.009822433551542737,0.025022842354043815,-0.0010764020024305189,-2.237026338156647e-05
B,11,970,0.20183850824832916,0.44760248604841735,0.2525258863645207,False,False,-0.08920449171597893,0.2281089664740158,0.013590141548015062,-0.055264419621406595,-0.630490086807996,-0.009822465261689381,0.02502769494615988,-0.0010763091543626404,-2.2369962428146427e-05
B,11,971,0.20183849334716797,0.44760441490688074,0.25252568387528146,False,False,-0.08920452651357903,0.22810921297773037,0.013590163274479913,-0.05526474466264011,-0.6304876115465077,-0.009822430732863036,0.025022572199230632,-0.0010764073686494956,-2.2370281713754495e-05
B,11,972,0.20183850824832916,0.4476027746940614,0.2525258083709881,False,False,-0.08920442212077871,0.22810899112438726,0.013590141548015062,-0.05526444501525297,-0.6304896838584514,-0.009822459624329977,0.02502687683582939,-0.0010763248786322004,-2.237001284166349e-05
B,11,973,0.20183849334716797,0.4476037996304557,0.2525256880286733,False,False,-0.08920440472197866,0.22810911437624454,0.013590152411247487,-0.05526463800848536,-0.6304883598813763,-0.009822439893572066,0.025024180384958173,-0.0010763767936809066,-2.2370180886720368e-05
B,11,974,0.20183850824832916,0.4476035603152017,0.2525256848760068,False,False,-0.08920434382617846,0.22810906507550163,0.013590147583144188,-0.055264607535869724,-0.6304886477024796,-0.009822444121591618,0.025024881258294263,-0.0010763633157355695,-2.237013811161498e-05
B,11,975,0.20183849334716797,0.44760314263931966,0.2525257024426042,False,False,-0.08920427423097825,0.22810899112438726,0.013590140340989237,-0.055264541511869165,-0.6304891657804655,-0.009822450463620947,0.025026124989887034,-0.0010763397293312295,-2.237005867213355e-05
B,11,976,0.20183849334716797,0.44760416541583203,0.25252557830124095,False,False,-0.0892042568321782,0.22810911437624454,0.013590152411247487,-0.05526474466264011,-0.6304878418033903,-0.00982243143753296,0.025023367371888306,-0.0010763925179504668,-2.2370232827919766e-05
B,11,977,0.20183849334716797,0.44760284020484536,0.2525256716112843,False,False,-0.08920416113877791,0.2281089171732729,0.013590134305860112,-0.05526450596048425,-0.6304895111657894,-0.0098224546916405,0.02502696858652066,-0.0010763233810827185,-2.2370002147887145e-05
B,11,978,0.20183847844600677,0.44760422862349936,0.2525255218432504,False,False,-0.08920416983817793,0.22810908972587307,0.013590151204221662,-0.05526476497771721,-0.630487726674949,-0.009822429323523186,0.0250232883643486,-0.001076393641112578,-2.237022824487276e-05
B,11,979,0.20183847844600677,0.44760313080134295,0.2525255971363471,False,False,-0.08920410024297772,0.2281089171732729,0.013590136719911763,-0.05526454659063844,-0.6304891082162448,-0.009822447644941246,0.02502634672072427,-0.0010763348622954132,-2.2370029646169177e-05
B,11,980,0.20183849334716797,0.44760389688199764,0.25252552332797057,False,False,-0.08920410894237775,0.2281090157747587,0.013590146376118363,-0.055264668481101,-0.6304881296244936,-0.009822432846872812,0.025024407213056033,-0.00107637167705351,-2.237014422234432e-05
B,11,981,0.20183847844600677,0.44760362250592806,0.25252554232281554,False,False,-0.08920410024297772,0.22810899112438726,0.013590143962066712,-0.055264607535869724,-0.6304884750098175,-0.00982243637022244,0.025024988300767412,-0.0010763601958408155,-2.2370104502603603e-05
B,11,982,0.20183850824832916,0.44760339194502213,0.252525554717968,False,False,-0.08920410024297772,0.22810894182364433,0.013590140340989237,-0.05526453135433062,-0.6304887628309209,-0.009822440598241992,0.025025729952188512,-0.0010763458443249472,-2.2370052561404208e-05
B,11,983,0.20183849334716797,0.4476040613368438,0.25252547799067276,False,False,-0.08920413504057782,0.2281090157747587,0.013590149997195837,-0.05526463800848536,-0.630487899367611,-0.009822427914183335,0.025023925521926865,-0.0010763805375546113,-2.2370162554532346e-05
B,11,984,0.20183849334716797,0.447603113647484,0.2525255667923042,False,False,-0.0892041263411778,0.22810889252290142,0.013590139133963413,-0.05526446025156079,-0.6304891082162448,-0.009822443416921693,0.025026364561136463,-0.0010763337391333017,-2.237000673093415e-05
B,11,985,0.20183849334716797,0.4476041086141963,0.2525254776197482,False,False,-0.08920418723697798,0.2281090157747587,0.013590152411247487,-0.055264622772177543,-0.6304878418033903,-0.009822425800173559,0.02502377005547777,-0.0010763836574493653,-2.2370171720626357e-05
B,11,986,0.20183849334716797,0.44760320575046303,0.25252556167430895,False,False,-0.08920418723697798,0.22810889252290142,0.013590142755040887,-0.055264470409099334,-0.6304889930878035,-0.009822441302911917,0.025026074017280773,-0.001076339354943859,-2.2370025063122172e-05
B,11,987,0.20183847844600677,0.4476037931829297,0.2525255081063995,False,False,-0.08920423943337814,0.2281089664740158,0.013590151204221662,-0.055264592299561904,-0.630488244752935,-0.009822430028193111,0.025024407213056033,-0.0010763713026661396,-2.23701258901563e-05
B,11,988,0.20183849334716797,0.4476034794363177,0.25252554154822365,False,False,-0.0892042568321782,0.2281089171732729,0.013590148790170013,-0.05526455166940771,-0.6304886477024796,-0.009822435665552513,0.0250252202261259,-0.00107635582798816,-2.2370075476639235e-05
B,11,989,0.20183849334716797,0.4476034413875311,0.2525255583380607,False,False,-0.08920428293037828,0.2281089171732729,0.013590148790170013,-0.05526455166940771,-0.6304887052667002,-0.009822435665552513,0.02502529668503529,-0.001076354330438678,-2.2370069365909895e-05
B,11,990,0.20183850824832916,0.44760376292861426,0.25252553877332873,False,False,-0.08920430902857836,0.2281089664740158,0.013590153618273313,-0.055264607535869724,-0.6304883023171556,-0.009822429323523186,0.025024435247989477,-0.0010763706786871888,-2.2370116724062288e-05
B,11,991,0.20183849334716797,0.447603175031271,0.25252559157841103,False,False,-0.08920430032917834,0.22810889252290142,0.013590147583144188,-0.0552645161180228,-0.6304890506520242,-0.009822438484232216,0.025025872675486043,-0.0010763427244301932,-2.2370020480075166e-05
B,11,992,0.20183849334716797,0.4476038004964663,0.25252552122289995,False,False,-0.08920432642737841,0.2281089664740158,0.013590157239350788,-0.05526463800848536,-0.630488244752935,-0.00982242720951341,0.02502412941235191,-0.001076376294497746,-2.2370130473203304e-05
B,11,993,0.20183847844600677,0.44760306937381306,0.25252557282418703,False,False,-0.08920430032917834,0.22810886787252996,0.013590149997195837,-0.055264526275561346,-0.6304891657804655,-0.009822439188902141,0.02502588541863761,-0.001076342599634403,-2.237001895239283e-05
B,11,994,0.20183847844600677,0.44760370408548633,0.25252551882760244,False,False,-0.08920431772797839,0.22810894182364433,0.013590158446376613,-0.05526463292971609,-0.6304883598813763,-0.009822429323523186,0.02502437153223165,-0.0010763718018493003,-2.2370115196379953e-05
B,11,995,0.20183850824832916,0.44760315533281453,0.2525255568159629,False,False,-0.0892042916297783,0.22810889252290142,0.013590153618273313,-0.05526456182694626,-0.6304890506520242,-0.009822437074892365,0.025025452151484388,-0.0010763513353397142,-2.23700479783572e-05
B,11,996,0.20183847844600677,0.4476034222408831,0.25252552461494765,False,False,-0.08920428293037828,0.2281089171732729,0.013590157239350788,-0.05526457706325408,-0.6304887052667002,-0.00982243143753296,0.025024901647336766,-0.0010763618181860875,-2.2370081587368576e-05
B,11,997,0.20183850824832916,0.44760341687494515,0.2525255151344194,False,False,-0.08920426553157823,0.2281089171732729,0.013590158446376613,-0.05526456182694626,-0.6304887052667002,-0.00982243143753296,0.025024901647336766,-0.0010763618181860875,-2.2370081587368576e-05
B,11,998,0.20183849334716797,0.4476031362468528,0.25252552304724857,False,False,-0.08920423943337814,0.22810889252290142,0.013590156032324963,-0.0552645161180228,-0.6304890506520242,-0.00982243637022244,0.025025398630247813,-0.0010763523337060355,-2.23700479783572e-05
B,11,999,0.20183847844600677,0.44760349458442633,0.2525254844731195,False,False,-0.08920423073397812,0.22810894182364433,0.013590160860428262,-0.05526455166940771,-0.6304885901382589,-0.009822430028193111,0.025024514255529182,-0.001076369181137707,-2.2370102974921268e-05
B,11,1000,0.20183849334716797,0.4476029897976377,0.25252551615961694,False,False,-0.08920418723697798,0.22810889252290142,0.013590156032324963,-0.05526446025156079,-0.6304892233446862,-0.00982243777956229,0.025025638201497242,-0.0010763477162617995,-2.2370031173851512e-05
