condition,seed,step,pde_residual,coefficient_error,spurious_l2,loose,strong,xi_u,xi_u_x,xi_u_xx,xi_u^2,xi_u*u_x,xi_u*u_xx,xi_u_x^2,xi_u_x*u_xx,xi_u_xx^2
C,7,0,0.08245198428630829,1.0535722927476185,0.4000192192038582,False,False,-0.3949195643034248,0.06195472762079052,-0.003149353073748235,0.00699693662857969,-0.02559592172175505,0.0004952775213123755,0.012895665426170135,-0.00015671150231975607,-4.5831195706512005e-06
C,7,1,0.07722283899784088,1.0458438068245892,0.387942205600967,False,False,-0.383243438373137,0.05781908550079941,-0.003351858210463898,0.009345228127548781,-0.02904953571002185,0.0004949941999604979,0.013891326087421038,-0.00016708900544675919,-3.887545179701825e-06
C,7,2,0.07334563881158829,1.039008999216943,0.37607182090794555,False,False,-0.37159125319172287,0.05487885698199586,-0.0035410830455397516,0.011750055216379543,-0.03172550204922869,0.0004889972827279381,0.014139821365889687,-0.00016915780765812302,-3.1966836887566867e-06
C,7,3,0.06937342137098312,1.0331205441470694,0.3644859523091496,False,False,-0.3599814862848391,0.05358749180991408,-0.003683047689706221,0.014149865116014123,-0.033600929967254015,0.00048157732862292115,0.013828981492703006,-0.00016837228055696605,-2.5520578856083747e-06
C,7,4,0.06561107933521271,1.027824303099031,0.3531091700835652,False,False,-0.34843338072534485,0.05319304272846088,-0.003741444504390175,0.01652406659127877,-0.035026914439190364,0.0004758946941770858,0.01332163330217344,-0.00016801339906341578,-1.97139365935305e-06
C,7,5,0.06230468675494194,1.0228922182713287,0.34186080429296567,False,False,-0.3369660055980987,0.05294673621686805,-0.003723147501665116,0.018856055875725686,-0.036217403684409455,0.00047311327389782634,0.012789075334902257,-0.00016904934451700092,-1.4545622072738214e-06
C,7,6,0.05939990654587746,1.018102427572224,0.33067944046425324,False,False,-0.3255983951903592,0.05229006880904688,-0.0036534649955172025,0.02115220428540863,-0.0373867992405207,0.00047385652450163265,0.012355410595353517,-0.00017216576058832976,-9.965281929135705e-07
C,7,7,0.056697528809309006,1.0132913535379935,0.31955106674767897,False,False,-0.3143501405509866,0.051008656224440646,-0.003551231416920084,0.0234208029111668,-0.03870305191682523,0.0004783166447106551,0.012091153312713758,-0.00017776595607224926,-5.902480459053495e-07
C,7,8,0.05412503704428673,1.0084314348453223,0.30850807234615757,False,False,-0.3032415634784433,0.04919718978370285,-0.0034284053742351705,0.025639668958505318,-0.0402042728251633,0.00048601921549762416,0.011989916619418459,-0.00018563325427809553,-2.2871423963730885e-07
C,7,9,0.05175967514514923,1.0035948502104188,0.297598557527112,False,False,-0.29229402969919493,0.04705955270914977,-0.0032932942227031784,0.02775237857048653,-0.04182718449597517,0.0004959292969514919,0.01200090121606774,-0.00019506677084938707,9.287042889615505e-08
C,7,10,0.04969353601336479,0.9988978997119417,0.286872431277955,False,False,-0.2815299314689104,0.04483231769694537,-0.00315264553844244,0.029681625260611966,-0.04346187884320324,0.0005066216941481548,0.012060480546896103,-0.00020510860449980952,3.7640144945502697e-07
C,7,11,0.04793574661016464,0.9944715148738307,0.2763792042829144,False,False,-0.2709728963580623,0.04277681874138162,-0.0030127159398169586,0.03134417307925619,-0.044982437731919046,0.000516390136947019,0.012104868766743482,-0.00021467348423971736,6.212218529925505e-07
C,7,12,0.04640877619385719,0.9904256575855107,0.26616257268037785,False,False,-0.26064796123992756,0.04112846380857113,-0.0028795692228151906,0.032668652621201576,-0.046282540046564846,0.0005234724660740329,0.012084715472542973,-0.00022276851916313038,8.250920631727629e-07
C,7,13,0.0450294092297554,0.9868067554878032,0.25625210836275314,False,False,-0.2505817636773881,0.040003060343616316,-0.0027587118392508885,0.033612414921472884,-0.04731722453304192,0.0005263969343481468,0.011981404194172844,-0.00022877458175559506,9.857320618503816e-07
C,7,14,0.043775029480457306,0.9835852394904055,0.24666254769328297,False,False,-0.240802646315731,0.03936291792856027,-0.0026543089334897484,0.034165909354451046,-0.04811539922341261,0.0005242317038767714,0.011807641128058845,-0.0002325573293490051,1.1023163754235703e-06
C,7,15,0.0426681712269783,0.9806748600023781,0.237400226670139,False,False,-0.23134060468624848,0.03906516917303427,-0.002568457712902747,0.03434428588887929,-0.048761345332249746,0.0005166310900196324,0.011595386098326728,-0.00023439894082438414,1.1762289886079168e-06
C,7,16,0.04172390326857567,0.9779590147255101,0.22846824301530577,False,False,-0.22222697402783684,0.038923632902724214,-0.0025009535866125426,0.03417537618037708,-0.04936873420653651,0.0005037354542174934,0.011384007797422303,-0.00023486402353535988,1.2109777464855857e-06
C,7,17,0.04091950133442879,0.9753187137531126,0.21986966702922217,False,False,-0.21349392472179493,0.038757942349683265,-0.002449601427278104,0.03368790574795604,-0.05005266550548121,0.00048598037056798695,0.011210275314872061,-0.0002346199853677036,1.2114909522700826e-06
C,7,18,0.04020730033516884,0.9726628790413209,0.2116119548784175,False,False,-0.2051736793458218,0.03843782646335698,-0.002410800224228705,0.032900737140698404,-0.050899787772231274,0.0004638742584222826,0.011098905267452042,-0.00023423208885294132,1.1831585556805961e-06
C,7,19,0.03954949229955673,0.9699469677444192,0.20371228905122837,False,False,-0.19729767753161415,0.037913845842493,-0.002380120494442969,0.03181754992694292,-0.05195065859800498,0.0004378504017007553,0.011057145959772582,-0.00023403027846078016,1.1310908450888188e-06
C,7,20,0.03893648460507393,0.9671704782345908,0.1962002449031051,False,False,-0.18989565382846327,0.03722013817026209,-0.0023527762296464546,0.03042931405492108,-0.0532030041960863,0.0004082457207114826,0.011075804482294482,-0.00023410939899174107,1.0598333438031312e-06
C,7,21,0.03837546706199646,0.9643621897057135,0.18911658363333067,False,False,-0.1829946633704524,0.03645518784322561,-0.002324031664014686,0.028720937961736307,-0.054626534993117044,0.00037534732440719105,0.011134026667481142,-0.00023441117081181973,9.733772174045113e-07
C,7,22,0.037866413593292236,0.9615641276152518,0.18250950424908857,False,False,-0.17661822933525378,0.035753228459149654,-0.0022895979330349024,0.026677820185726935,-0.0561784987619663,0.00033943481260171487,0.011204928288475266,-0.0002348146200019306,8.752191397980472e-07
C,7,23,0.03738870844244957,0.9588160640928197,0.17642888002263213,False,False,-0.17078547300412622,0.03524810845374629,-0.002246016605961958,0.02429124555881942,-0.05781837748681751,0.0003007989497230185,0.011261987023924013,-0.00023521076863831716,7.683751855741728e-07
C,7,24,0.0369095541536808,0.9561397890727323,0.17091949575409227,False,False,-0.16551047000631297,0.035033098670013856,-0.002190952540459119,0.021562557415486638,-0.059522789300791586,0.0002597341997161747,0.011285987475582083,-0.00023555640617863678,6.553364794808729e-07
C,7,25,0.036404091864824295,0.9535269628303258,0.16601535279243337,False,False,-0.16080167615864002,0.03513343492573089,-0.002123311114981319,0.018505422723843912,-0.06129710206746504,0.00021650463763572394,0.011269732311445397,-0.00023589527354734026,5.379739072380218e-07
C,7,26,0.03586601838469505,0.9509359389614003,0.16173676530444067,False,False,-0.15666163168591518,0.03550479277172228,-0.0020431531334544916,0.0151457000376479,-0.06317852385996651,0.0001712880825331515,0.011218140388018159,-0.0002363381270081939,4.174273585680787e-07
C,7,27,0.03530091419816017,0.9482989989747141,0.1580893533151761,False,False,-0.15308682203052765,0.03605115284857228,-0.0019514617184131192,0.011519943798745519,-0.06522896859537891,0.0001241225095111555,0.011144606031910646,-0.0002370132410340075,2.940481526680772e-07
C,7,28,0.03471273183822632,0.9455368817860639,0.15506429658755208,False,False,-0.1500677996440484,0.03664928486807368,-0.0018498420633262526,0.007674859004223179,-0.0675207009572124,7.488231666076867e-05,0.011065974415177015,-0.00023800622553683037,1.6746192382075423e-07
C,7,29,0.034096505492925644,0.9425753102222162,0.15264050388446365,False,False,-0.14758949716563108,0.03717512659198261,-0.0017402156024291,0.0036695682420413043,-0.07012019322927333,2.330166725263729e-05,0.010997734838544881,-0.0002393109655229446,3.6776559249907774e-08
C,7,30,0.03344182297587395,0.939357099951243,0.15078881895423757,False,False,-0.14563171458841365,0.03753039698930223,-0.0016245300227685628,-0.0004189414479533616,-0.07307666282022544,-3.095896850213376e-05,0.010950181219848684,-0.00024081180649382022,-9.909550167942983e-08
C,7,31,0.03274131193757057,0.9358460463963928,0.14947565251177464,False,False,-0.1441696412235198,0.03766278180920908,-0.001504486476366782,-0.004489546651075793,-0.07641870475668122,-8.822664002743286e-05,0.010926004912699013,-0.00024230809241835503,-2.4107455032153494e-07
C,7,32,0.03199557214975357,0.9320239623127046,0.14866300060037432,False,False,-0.14317452555386123,0.03757169560538108,-0.0013812936487092896,-0.008413895480228514,-0.08015717708976254,-0.00014874220130166516,0.010919504631085559,-0.00024356998065002338,-3.896028447449524e-07
C,7,33,0.03121037781238556,0.9278853928010927,0.14830460268733342,False,False,-0.14261425809393918,0.03729816275851461,-0.001255479613594533,-0.012040551930984645,-0.08428975566406027,-0.0002126226991004849,0.010917682360411721,-0.00024440492688408336,-5.444601599930417e-07
C,7,34,0.030390096828341484,0.9234329975430393,0.1483419868298566,False,False,-0.14245388465444625,0.03690416662763691,-0.0011268062097394122,-0.015208519334793365,-0.08880473335619785,-0.00027986961433178214,0.010903257112839812,-0.000244715106820524,-7.047532315603403e-07
C,7,35,0.02953472174704075,0.9186741575667252,0.14870444921900344,False,False,-0.14265605871106765,0.03644783586993872,-0.0009943276569709082,-0.017768332051316536,-0.09368414293380195,-0.0003504174016820279,0.010859151790957183,-0.00024453288936741787,-8.69098671482173e-07
C,7,36,0.028643835335969925,0.9136178525050348,0.14931407266610539,False,False,-0.1431813545828822,0.03596057813995199,-0.0008565998997676099,-0.0196043655495785,-0.09890739079693174,-0.0004242024426695206,0.010773029749733475,-0.00024402543848568307,-1.0359655033582575e-06
C,7,37,0.027723029255867004,0.9082718420676349,0.15009383886871538,False,False,-0.14398856321196324,0.03543264729706212,-0.0007120000164686604,-0.020650840879639587,-0.10445514256297324,-0.0005012256841944723,0.010640202146550239,-0.0002434679288926207,-1.2040842709080764e-06
C,7,38,0.026785971596837044,0.902641384755934,0.15097560665182136,False,False,-0.14503496184477946,0.034811997163235256,-0.0005590724093681968,-0.02089786459895478,-0.1103117623504899,-0.0005815904264637584,0.010464242161106384,-0.00024319120982741648,-1.3727858492687924e-06
C,7,39,0.02585027366876602,0.8967312543801021,0.15190613800737546,False,False,-0.1462766185111958,0.03401743557748672,-0.00039680758996137283,-0.020390108292362562,-0.11646424064561267,-0.0006655059124033498,0.01025577885612252,-0.00024351870517974172,-1.5421576982540975e-06
C,7,40,0.024931538850069046,0.8905508305279469,0.152850960294614,False,False,-0.14766878349747478,0.0329631915723338,-0.00022479068084039434,-0.01922368005021237,-0.12289776905257697,-0.0007532572690818076,0.010029819841197088,-0.00024471321928419787,-1.7129766443314653e-06
C,7,41,0.024041587486863136,0.8841205956118682,0.15379547787637654,False,False,-0.14916642000967792,0.03158695209003105,-4.3218728971196075e-05,-0.01754570293051488,-0.12958949457578106,-0.0008451472843576987,0.009801309010170707,-0.0002469559712275698,-1.8864661700911363e-06
C,7,42,0.023191940039396286,0.8774771496277227,0.1547412221377263,False,False,-0.15072474353646756,0.02986937891417086,0.00014716668029519526,-0.015556548347730086,-0.13650294308590966,-0.0009414233414167054,0.009579277434557698,-0.00025036571980366785,-2.0639792292012635e-06
C,7,43,0.022396592423319817,0.8706749291723791,0.1556966398694691,False,False,-0.15229996129810916,0.02783651824349341,0.0003451644996835468,-0.01350898791829861,-0.1435847525504116,-0.0010422120165941762,0.009362141777776074,-0.0002550355626719506,-2.2466846896086023e-06
C,7,44,0.02166854776442051,0.863782665393961,0.15666532134434058,False,False,-0.15384993340087316,0.025546427865371504,0.0005491661221048954,-0.011692729877895823,-0.15076614811665412,-0.0011474848588418735,0.009137621464662364,-0.0002610408608902006,-2.435269244522847e-06
C,7,45,0.02101404219865799,0.8568735958900978,0.15763802317729367,False,False,-0.15533493838423745,0.02306743244688954,0.0007571586999775666,-0.010394134918399618,-0.1579713033149738,-0.0012570686074418918,0.008888561664579372,-0.0002683862007037061,-2.629610106476301e-06
C,7,46,0.020433777943253517,0.8500119053662992,0.15859316913918767,False,False,-0.15671842136928973,0.02045559463598057,0.0009667089446774294,-0.009835818828842307,-0.16513104034319329,-0.0013706889696257721,0.008602298870659091,-0.00027690263981153913,-2.828399579389993e-06
C,7,47,0.01993023045361042,0.8432426587211792,0.15950473871062754,False,False,-0.15796770740952953,0.017739636737335994,0.0011749983000248281,-0.010121045685479864,-0.1721944436481394,-0.0014880037400609972,0.008278813968174172,-0.00028615478130130805,-3.0288082046187557e-06
C,7,48,0.01950976438820362,0.8365924912780065,0.16035052592150373,False,False,-0.1590547496392707,0.014921421394648996,0.0013790030154498534,-0.011207795021034637,-0.17912975217106336,-0.0016085553237147655,0.00793344525150618,-0.00029543294271332514,-3.2264226988563517e-06
C,7,49,0.019176572561264038,0.8300828363490057,0.16111339449470224,False,False,-0.1599567556304431,0.011993488789257566,0.0015758825065515431,-0.01291486206143913,-0.18591122031427532,-0.0017315811796440633,0.007591708970191872,-0.0003038885438734556,-3.4157476068223147e-06
C,7,50,0.018929265439510345,0.8237487227872755,0.16177406637251218,False,False,-0.16065667455899435,0.008964632941178791,0.001763511351730261,-0.014947735959823603,-0.19249858190542407,-0.0018557309841043602,0.007276101884004617,-0.00031081705014835564,-3.5914119793465012e-06
C,7,51,0.018764693289995193,0.8176527332340029,0.1623008658300816,False,False,-0.1611433537940902,0.005877891858327413,0.0019409178951968638,-0.016939440084783756,-0.19882068756777468,-0.0019788465092816644,0.006991469576327115,-0.0003159742049777363,-3.7497249359069552e-06
C,7,52,0.0186765193939209,0.8118849369900407,0.16264625679849878,False,False,-0.16141113872571328,0.002808576084542393,0.0021083203068692244,-0.018511537562049356,-0.20477472760322962,-0.0020980151782068524,0.006721616775835037,-0.0003197004824760993,-3.889762610611436e-06
C,7,53,0.01864846795797348,0.8065478584233737,0.1627577368744494,False,False,-0.1614590724198606,-0.00015995433457061765,0.0022666529756141386,-0.019352746813762995,-0.2102437746885747,-0.00220997648313514,0.0064425379336096895,-0.00032271348963580746,-4.013172226937924e-06
C,7,54,0.018659371882677078,0.8017331206885532,0.16259947481510348,False,False,-0.16128978209534028,-0.002970870663753157,0.0024167982373096975,-0.01929193490017293,-0.21512533572892595,-0.002311759183326116,0.006143311531602037,-0.00032565779671303303,-4.122535186112401e-06
C,7,55,0.0186948049813509,0.7975039449489414,0.16217066743235437,False,False,-0.16090866138016885,-0.0056133090221099045,0.002558928244014195,-0.018337268482271154,-0.21935345651846297,-0.0024011937762469814,0.005838631697882019,-0.00032870240840659906,-4.2191171729496205e-06
C,7,56,0.01874541863799095,0.7938941901815153,0.16150714640767996,False,False,-0.16032355713317048,-0.008107248343125283,0.0026922671798785976,-0.016673584289001963,-0.2229003479296625,-0.0024770099181897383,0.005561834516944436,-0.00033148204743870956,-4.301484075657368e-06
C,7,57,0.018801454454660416,0.7909209055966535,0.16066473689588787,False,False,-0.1595449608307774,-0.010463576580322988,0.002815315315315315,-0.01462868132559291,-0.22576010962990697,-0.0025385260171690515,0.005340701014937992,-0.00033344028057999235,-4.365892690593707e-06
C,7,58,0.01885606162250042,0.7885948708440123,0.15969476510479574,False,False,-0.15858646093583134,-0.01265238012277857,0.002926278406435452,-0.012613016836892116,-0.22793268405497566,-0.002585288970422895,0.005175521735718373,-0.0003342596273402825,-4.407830244140317e-06
C,7,59,0.018902907148003578,0.7869171363806662,0.15862717752004074,False,False,-0.15746507347478464,-0.014607029016445248,0.003023386651623069,-0.011026841011200028,-0.22942372688954843,-0.002617016029143705,0.005041354190148047,-0.0003339455787343469,-4.423207894526911e-06
C,7,60,0.018931973725557327,0.7858633061207762,0.15747207547259787,False,False,-0.15620127683530025,-0.016261637440364587,0.003105026860863024,-0.010148825918560431,-0.23026092652376234,-0.0026338357955928656,0.004912073006045433,-0.0003325315800339483,-4.408600959878449e-06
C,7,61,0.018937546759843826,0.7853733020512759,0.15623494129131812,False,False,-0.15481883777825117,-0.017589665418043184,0.003169903895445067,-0.01005708747432479,-0.23050756042717718,-0.0026364938105514412,0.004783632232788549,-0.000329780737630417,-4.361385645784145e-06
C,7,62,0.018922142684459686,0.785360118945272,0.1549277990872999,False,False,-0.15334456785451986,-0.018608687123681265,0.0032174380812167317,-0.010626162936588274,-0.23025573135284783,-0.002626217961364425,0.004676005486140834,-0.00032526590673298566,-4.280915360695606e-06
C,7,63,0.018890278413891792,0.7857334259715534,0.15356595375954887,False,False,-0.15180781883979652,-0.019349789756981848,0.0032482609944409603,-0.011589176311791252,-0.22960147081188922,-0.002604283876764257,0.004613130139160109,-0.0003188108756859495,-4.170394036390428e-06
C,7,64,0.018847212195396423,0.7864194250545173,0.15215851604362088,False,False,-0.1502397171873768,-0.019823727042492804,0.0032643989297215102,-0.012624800851299243,-0.22862251928430175,-0.00257166452975042,0.004600599479647169,-0.0003108751113897272,-4.0377041317979e-06
C,7,65,0.018798381090164185,0.7873639747257319,0.1507061867769655,False,False,-0.1486717547253575,-0.02001536057084344,0.003268877900801712,-0.01343866220016673,-0.2273747716283456,-0.002529074631794743,0.004622125848428837,-0.0003024867127625975,-3.893890790201856e-06
C,7,66,0.018745562061667442,0.7885205651174485,0.14921065456662222,False,False,-0.14713417056823158,-0.019908673763179938,0.0032648926032839446,-0.013823907164648255,-0.22590646666093328,-0.002477371413861464,0.004655676655027514,-0.00029475208808116423,-3.749805139229556e-06
C,7,67,0.018689529970288277,0.789836660045521,0.14768728805069065,False,False,-0.14565435042728322,-0.019516165898478925,0.003254978696670123,-0.013693644350933693,-0.22427452100524167,-0.00241795963544685,0.004692435231453964,-0.0002883333726090644,-3.6129259477531977e-06
C,7,68,0.018633872270584106,0.7912502355708564,0.1461702404843817,False,False,-0.14425598276878518,-0.018884859100941793,0.003240600001529543,-0.013084889099181539,-0.2225488320162064,-0.0023528550048724827,0.004741542877483548,-0.00028327546163180785,-3.4861875116182073e-06
C,7,69,0.018582560122013092,0.7926984689866022,0.14470593134843796,False,False,-0.1429587804331981,-0.018075490345189012,0.003222273426671771,-0.012139264160279132,-0.22080197378502364,-0.0022843776478677115,0.004817905257502189,-0.0002792404705475386,-3.3690799668451966e-06
C,7,70,0.01853843964636326,0.7941306523264149,0.14334061971304793,False,False,-0.1417787938135713,-0.017135001641714737,0.003200008024790495,-0.011065856116760012,-0.21909365479957232,-0.0022147249014273884,0.0049258814850815826,-0.00027587354252693895,-3.259680725215257e-06
C,7,71,0.018503602594137192,0.7955144489546708,0.14211052893163226,False,False,-0.1407288545249442,-0.016085405772229583,0.003173728658528107,-0.010091236484074484,-0.21746264456246645,-0.002145722565328201,0.005053705808381495,-0.0002729963443858715,-3.1561859758110463e-06
C,7,72,0.018477825447916985,0.7968315132613666,0.14103938091570944,False,False,-0.13981889728214736,-0.014936025199088725,0.0031435062406518265,-0.009404769713974278,-0.21593099017021855,-0.0020788444567191055,0.005182044636425857,-0.00027055412197140384,-3.057475736520537e-06
C,7,73,0.01845904067158699,0.7980670892048718,0.1401419264591013,False,False,-0.13905624698000327,-0.013705692806084895,0.003109632267898397,-0.009114336483985096,-0.21451541402893018,-0.002015362328647951,0.005298000944094224,-0.0002684670683757292,-2.963151664174812e-06
C,7,74,0.018446099013090134,0.7992036025012498,0.13942770637687107,False,False,-0.1384457665831269,-0.012434582536099236,0.00307267796523951,-0.009227695249018559,-0.2132346101192604,-0.0019564193319012036,0.005402515175972117,-0.00026657678654218813,-2.8735907143900954e-06
C,7,75,0.018438670784235,0.8002234165180593,0.13890122578153039,False,False,-0.13799001371512612,-0.011176083242085876,0.003033588735652615,-0.009664321487395185,-0.21210653847805497,-0.0019029442214405284,0.005505578600044301,-0.0002647486530121463,-2.790120443115715e-06
C,7,76,0.018436046317219734,0.8011174734349248,0.1385595378540612,False,False,-0.13768924935800167,-0.0099767941403109,0.002993727613050618,-0.010288015938965707,-0.21113927248726133,-0.001855496857521649,0.005614658703128038,-0.0002630208552973924,-2.715012895904768e-06
C,7,77,0.01843741536140442,0.8018902480984919,0.13839108668550518,False,False,-0.13754128126294687,-0.008861953359525174,0.0029547418859282187,-0.010945225188972878,-0.2103258037030142,-0.0018142202881394197,0.005726848135193706,-0.0002616465416582644,-2.6510360421884286e-06
C,7,78,0.018441496416926384,0.8025562160036741,0.1383779371189734,False,False,-0.13754120296834665,-0.007837887571627816,0.0029182260354002716,-0.011498127945330665,-0.20964802817791628,-0.0017789802736730535,0.00583083671206953,-0.00026096963369296724,-2.600635701385427e-06
C,7,79,0.01844615861773491,0.8031299925661959,0.13850020650574485,False,False,-0.13768111541897668,-0.00690762492068743,0.002885314665742297,-0.011847905324589833,-0.20908751097030134,-0.0017496166778820054,0.005916089670356485,-0.000261217166142748,-2.565139238484801e-06
C,7,80,0.01844976283609867,0.8036185107292716,0.1387401559594703,False,False,-0.1379500921684034,-0.006084763167858677,0.002856419976273542,-0.011948260535744338,-0.20863410638627825,-0.0017261317909435326,0.005980744598453304,-0.0002623554129453161,-2.5443780355487975e-06
C,7,81,0.018451781943440437,0.8040209730698668,0.13908408194472527,False,False,-0.13833453605438503,-0.005393401517698721,0.00283125378957828,-0.011810200541502443,-0.20828630336505466,-0.0017086910341226208,0.006031499296822702,-0.00026410795142546903,-2.5368881909796664e-06
C,7,82,0.01845199428498745,0.8043360613085074,0.1395216965320366,False,False,-0.13881883165387357,-0.004855115592986871,0.0028091033569068373,-0.011497434693324815,-0.20804377091236181,-0.001697458947846849,0.006076219475768357,-0.0002661071799838191,-2.5404975314569786e-06
C,7,83,0.018450399860739708,0.8045695206031063,0.14004404886406613,False,False,-0.13938614562781726,-0.004475450186652612,0.002789191957140811,-0.011111344113759232,-0.20789927032745176,-0.00169241632986075,0.006116393535393094,-0.00026806238682719057,-2.5529733492477713e-06
C,7,84,0.018447168171405792,0.8047355818535732,0.14064139390648103,False,False,-0.1400192270659631,-0.004242134035655283,0.0027709426319358407,-0.010766032242383898,-0.2078368131480364,-0.0016932892397308282,0.006146099096006945,-0.0002698355478116673,-2.5724555001485894e-06
C,7,85,0.018442204222083092,0.8048510588139564,0.14130197362513,False,False,-0.14070098164725853,-0.004135890934677994,0.002754069316171396,-0.010559029224944868,-0.20783741757235333,-0.0016996132999762509,0.006157959784326339,-0.00027140566604555503,-2.5976068801955082e-06
C,7,86,0.01843552477657795,0.8049279352540256,0.14201203168272633,False,False,-0.14141495880625302,-0.004143520994967873,0.0027385409289324824,-0.010546534817685591,-0.20788662058996188,-0.0017108425675723211,0.0061503661403085825,-0.00027278696824893195,-2.6275685499955354e-06
C,7,87,0.01842772588133812,0.8049706201199043,0.14275623606881865,False,False,-0.1421456301138988,-0.004261545818015182,0.0027245137800634405,-0.010732079400097398,-0.2079773274106658,-0.0017264002701851066,0.006129350771904682,-0.0002739875661481583,-2.6618701743497068e-06
C,7,88,0.0184195414185524,0.8049798158075174,0.1435179124177086,False,False,-0.1428786154619517,-0.00448804383033248,0.002712280271570382,-0.011071197712343547,-0.20810591148856356,-0.001745642691837762,0.006103732577155399,-0.0002750365995602364,-2.7003563115804107e-06
C,7,89,0.01841163821518421,0.8049583049381578,0.1442790781790877,False,False,-0.14360077875637137,-0.00481124717568369,0.0027022016059314448,-0.011487978024937326,-0.20826632858048588,-0.0017678077320059772,0.006078294060843186,-0.00027602878848989696,-2.7430852045766784e-06
C,7,90,0.018404630944132805,0.804912917531506,0.14502088444978822,False,False,-0.14430015832212098,-0.00520595007893049,0.002694586178244922,-0.011895956830379913,-0.20844818834460382,-0.0017920369265531444,0.006051225695445773,-0.0002771157286232359,-2.790100774205649e-06
C,7,91,0.018398795276880264,0.8048509822283849,0.14572505410574765,False,False,-0.14496588860856716,-0.005641083442986403,0.00268952210139604,-0.012217448004169629,-0.20864062553426793,-0.001817494713115231,0.0060177953116293875,-0.0002784248364620057,-2.8410953834370615e-06
C,7,92,0.01839412748813629,0.8047752120168933,0.14637596168324576,False,False,-0.1455881044960796,-0.006091403746831811,0.002686760426308389,-0.01239864833431401,-0.2088378981184674,-0.0018435051370663056,0.0059764042810301655,-0.0002799644733241471,-2.895117859056933e-06
C,7,93,0.018390707671642303,0.8046824595813945,0.14696251760432436,False,False,-0.14615801089123126,-0.006542959650546474,0.0026857407912427014,-0.012419899174647173,-0.20904102786211895,-0.0018696020592507219,0.005931146341088455,-0.00028160067092892414,-2.9505524860354483e-06
C,7,94,0.01838855817914009,0.8045678763155735,0.14747879552926052,False,False,-0.146668074113599,-0.006988414972487721,0.0026857721739141516,-0.012299738033017852,-0.20925371326639997,-0.0018954565749808036,0.005888695717436578,-0.00028313450478682306,-3.0054484140304976e-06
C,7,95,0.018387574702501297,0.8044308577719326,0.14792318474348995,False,False,-0.14711231767536442,-0.007417998536507446,0.0026862667527459546,-0.012090566381098983,-0.20947614141502754,-0.0019207499972827928,0.005852853055028884,-0.0002844228341265314,-3.0580279936847283e-06
C,7,96,0.018387628719210625,0.8042773167917414,0.1482967050559617,False,False,-0.14748658326331476,-0.007815578215135625,0.0026868922938797727,-0.011864865874579102,-0.20970236880221865,-0.0019451039184067542,0.005822135688180749,-0.0002854467211868924,-3.1070784361842474e-06
C,7,97,0.018388425931334496,0.8041167489888862,0.14860141224461293,False,False,-0.14778857423584296,-0.008163525141160352,0.0026875754704967355,-0.01169465092237357,-0.20992301246000583,-0.001968106106446334,0.005792549913191613,-0.00028628207300727043,-3.1520205589637044e-06
C,7,98,0.01838955096900463,0.8039569132569724,0.14883960018263775,False,False,-0.14801782082534756,-0.008451222707724982,0.0026883926269802754,-0.011631045685683015,-0.21013051708442748,-0.001989399822251803,0.0057625353311523035,-0.0002870128147565475,-3.192705412995412e-06
C,7,99,0.01839071698486805,0.8038008525164954,0.14901342503987705,False,False,-0.1481755235490323,-0.008678484496395376,0.002689458129027314,-0.011691446218961914,-0.21032211959289202,-0.0020087342033297223,0.005735091679941293,-0.00028767192372227324,-3.2291683259333737e-06
C,7,100,0.018391722813248634,0.8036487184512301,0.14912459985298787,False,False,-0.14826443141730555,-0.008850601093145373,0.0026908715562684155,-0.01185839044375523,-0.21049793511384074,-0.0020259418905728107,0.00571511615270512,-0.0002882540024865232,-3.261514707858721e-06
C,7,101,0.01839243434369564,0.8035016310013765,0.1491740956081326,False,False,-0.14828863314817994,-0.008970183126377032,0.0026927107618692934,-0.012088600897390089,-0.21065697066446726,-0.0020408803644886586,0.005704825420658569,-0.0002887663516030217,-3.2899101213445364e-06
C,7,102,0.018392838537693024,0.8033632568013741,0.14916234884839083,False,False,-0.14825326138767123,-0.009033922054046432,0.002695016181195086,-0.01232692849401652,-0.21079555652570456,-0.0020534159139589227,0.00570190277884707,-0.0002892488745256722,-3.3145355967475465e-06
C,7,103,0.018392885103821754,0.8032379167879419,0.14909033508248365,False,False,-0.14816423172779758,-0.009037093478399125,0.0026977437578031807,-0.01252054895441955,-0.21090947611838934,-0.002063473491636549,0.005702049325090071,-0.00028973501652623725,-3.3354411656642305e-06
C,7,104,0.018392525613307953,0.8031275815462884,0.1489609741783005,False,False,-0.14802796432577875,-0.00898076814994525,0.0027007353713104985,-0.012630924577350915,-0.21099729033700512,-0.002071105066928535,0.005703108918142724,-0.00029019769691825245,-3.3524225005822498e-06
C,7,105,0.018391801044344902,0.8030312458009378,0.14878004698761163,False,False,-0.14785114032083527,-0.008874301654976638,0.0027037583674892674,-0.012642327684062522,-0.21106114344877147,-0.002076497905867553,0.005706552117695667,-0.00029054497240331786,-3.3650904244267e-06
C,7,106,0.01839081011712551,0.8029476266349601,0.1485562311119316,False,False,-0.1476406496377883,-0.008730903511297511,0.0027066132853219016,-0.012565477017106351,-0.2111040144021075,-0.0020799065704641515,0.0057150651800988595,-0.00029068056302932583,-3.373143983777537e-06
C,7,107,0.01838967762887478,0.8028785517053703,0.14830021196754914,False,False,-0.14740355618945958,-0.008561104049464422,0.0027092370577090443,-0.012434331767230496,-0.21112609028073034,-0.002081567301310817,0.005729050151784188,-0.0002905749545919036,-3.37664619553109e-06
C,7,108,0.018388554453849792,0.802829046450261,0.14802335597427496,False,False,-0.14714697608507094,-0.008370665293805313,0.0027117196080746592,-0.012295601375444484,-0.21112442091833122,-0.0020816657789328903,0.005745771078110585,-0.00029028118530186894,-3.376086681875806e-06
C,7,109,0.018387507647275925,0.8028044917876526,0.14773657233040424,False,False,-0.14687797323744414,-0.008164222284478105,0.0027142253936874054,-0.01219386727843219,-0.21109559563483607,-0.0020803730619547603,0.005761845289495043,-0.0002898832427259988,-3.3721830715886665e-06
C,7,110,0.018386565148830414,0.8028068683004652,0.14744941928300115,False,False,-0.1466033679762001,-0.007949836463273165,0.002716888997926774,-0.012158014976437355,-0.21103939856441742,-0.002077898613511749,0.005776250785182027,-0.000289430234007721,-3.3656148013882734e-06
C,7,111,0.018385758623480797,0.8028339810971893,0.14716949483144945,False,False,-0.14632959785735866,-0.007739051907273191,0.0027197587018257647,-0.01219415295920383,-0.21095948503508713,-0.0020744973479493675,0.005790655006553853,-0.0002889171361164815,-3.3568852426040895e-06
C,7,112,0.01838511787354946,0.802881575551579,0.14690216339483056,False,False,-0.14606266546693822,-0.007542224083462214,0.002722815494727634,-0.012286924298140496,-0.21086117973725618,-0.0020704225941057934,0.005806885958702566,-0.00028832011305636,-3.3463770796610946e-06
C,7,113,0.018384668976068497,0.8029459859923531,0.1466506365311847,False,False,-0.14580801662935552,-0.007364118216772408,0.0027260165272155936,-0.012406715959305162,-0.21074879998747403,-0.0020658813487716104,0.00582443391556555,-0.000287639196026304,-3.3344661224137596e-06
C,7,114,0.0183844193816185,0.8030246394949845,0.1464166189988218,False,False,-0.14557042731522526,-0.007204342982556904,0.0027293171393341174,-0.012519237362254635,-0.21062526716993912,-0.0020610282869954416,0.00584063237267777,-0.00028690280726752216,-3.3215491863486644e-06
C,7,115,0.01838432438671589,0.8031144243997433,0.14620127494349916,False,False,-0.14535389054915973,-0.007061933164708359,0.0027326612043823417,-0.012594431080735286,-0.21049394879156008,-0.002056008218446955,0.005853174182448329,-0.0002861368731054202,-3.3079871864175112e-06
C,7,116,0.018384331837296486,0.8032104912516566,0.14600609721273075,False,False,-0.1451615381151685,-0.006939092660499801,0.0027359784131059596,-0.012613675807205368,-0.21036004002325134,-0.002050985507386249,0.005862122423477477,-0.0002853406759642046,-3.2940673268993264e-06
C,7,117,0.018384406343102455,0.8033072155381263,0.1458333058675776,False,False,-0.14499562315785855,-0.006840415682911426,0.0027392105265089135,-0.012574340739181145,-0.210229657063458,-0.002046130860102748,0.0058693637193544534,-0.0002845010810869612,-3.28005809796453e-06
C,7,118,0.01838451251387596,0.8034005295236767,0.14568568305443183,False,False,-0.1448575636794342,-0.006768911117909135,0.0027423493971668843,-0.012490282028933384,-0.2101074338319431,-0.002041576754542426,0.005876282613496828,-0.00028362888330953865,-3.26630704734439e-06
C,7,119,0.018384646624326706,0.8034888693614007,0.14556601744867778,False,False,-0.14474800343549746,-0.006723416546413938,0.0027454399867918545,-0.012387255385140952,-0.20999545703170558,-0.0020373957717075993,0.005882308849872055,-0.00028277509291116463,-3.2532526198691227e-06
C,7,120,0.01838478073477745,0.8035721220925536,0.14547643226977003,False,False,-0.14466683803324798,-0.0067000741852928985,0.002748533895737843,-0.012294291052971888,-0.20989421595862098,-0.0020336194455774282,0.005885795376140319,-0.00028200541487535786,-3.241314928180921e-06
C,7,121,0.018384888768196106,0.8036491616962244,0.14541788974848915,False,False,-0.1446132932260834,-0.006695827388485417,0.002751628106440288,-0.012234258730465327,-0.2098050201987094,-0.002030278957796112,0.005886058522220142,-0.0002813575999286416,-3.2307422206592615e-06
C,7,122,0.01838494837284088,0.803716857981448,0.14538986592811295,False,False,-0.14458599450879953,-0.006709952821654069,0.002754640842899544,-0.012217465779862087,-0.209730949437776,-0.002027422225918576,0.005884220959764427,-0.0002808237547372881,-3.221556648698007e-06
C,7,123,0.01838495582342148,0.8037713627792897,0.14539026531497973,False,False,-0.14458308020979055,-0.006742121556404733,0.00275744566916044,-0.012240435783594373,-0.20967552948433626,-0.002025091530140345,0.00588201320875574,-0.00028037249316007254,-3.2136413445985093e-06
C,7,124,0.018384920433163643,0.803810024644214,0.14541560969889475,False,False,-0.14460232328264971,-0.0067895519523833705,0.0027599300300647925,-0.012289144990005389,-0.2096408182592787,-0.00202328581345653,0.00588000488806905,-0.00027998537661899875,-3.20688211410621e-06
C,7,125,0.018384849652647972,0.8038320958059901,0.14546151405352115,False,False,-0.14464122699956927,-0.00684670537925336,0.0027620311602697,-0.012344291536470724,-0.20962677258943782,-0.0020219546919674663,0.005877251730173369,-0.0002796708600288501,-3.201246303011193e-06
C,7,126,0.018384750932455063,0.8038379622027244,0.1455233655603218,False,False,-0.14469707714774094,-0.006907970796211928,0.0027637330666829816,-0.012386885904676296,-0.20963215484406947,-0.002021023822996025,0.005872661009821973,-0.00027944788115078314,-3.196761982476368e-06
C,7,127,0.018384629860520363,0.8038278829923183,0.14559694715367255,False,False,-0.14476695942815573,-0.006970428674889702,0.002765044801998325,-0.012403079560505247,-0.20965592886720177,-0.002020426791401737,0.00586643534312475,-0.00027932355334483707,-3.1934551231014347e-06
C,7,128,0.01838449388742447,0.8038020485797239,0.14567883870441453,False,False,-0.14484783775020432,-0.007033826348979253,0.0027659896014628612,-0.01238769469868312,-0.20969727436869032,-0.0020201125086150126,0.005859981574014508,-0.0002792911064393957,-3.1913234333628897e-06
C,7,129,0.018384350463747978,0.8037617999449876,0.14576643209108583,False,False,-0.1449366151274772,-0.007098115288061776,0.0027666060899029913,-0.01234558408325086,-0.20975434929347403,-0.002020028124391447,0.0058544918243201806,-0.00027934679656075424,-3.1903514454770887e-06
C,7,130,0.01838422194123268,0.8037101569432022,0.14585772299896968,False,False,-0.14503023807056495,-0.00716152297636473,0.0027669404360565228,-0.012289753172625905,-0.2098237141793685,-0.0020201061665856843,0.005849871794720184,-0.00027949979619948937,-3.1905078419561598e-06
C,7,131,0.018384108319878578,0.8036510947765493,0.14595098584633354,False,False,-0.1451257487834585,-0.007221184578530414,0.0027670213067867992,-0.012236659718639433,-0.2099010085366588,-0.002020277753712517,0.005845182952101735,-0.0002797599642230237,-3.191691795765976e-06
C,7,132,0.018384017050266266,0.8035879433591103,0.14604452718252225,False,False,-0.14522038085694935,-0.007275337592999689,0.002766834519540377,-0.012200349057717653,-0.20998253386416754,-0.0020204958490544255,0.005839946153965978,-0.00028011560102602983,-3.1936798833650077e-06
C,7,133,0.018383951857686043,0.8035225997869543,0.14613647862985743,False,False,-0.1453116201644298,-0.00732431788108365,0.002766326663424499,-0.012188158741768635,-0.21006601637517872,-0.002020742307360831,0.0058347647885395315,-0.00028052764552618793,-3.1961383061630035e-06
C,7,134,0.01838390715420246,0.8034563192883587,0.14622471604973905,False,False,-0.14539730055529315,-0.007369262441165726,0.0027654422152512135,-0.012199476779094907,-0.2101497867072932,-0.002021007087085297,0.005830600326607994,-0.00028094911210850305,-3.1987223808330733e-06
C,7,135,0.01838388480246067,0.8033908410132883,0.14630690986561878,False,False,-0.14547567345013404,-0.00741015432611554,0.002764168803005815,-0.012227170038251665,-0.21023164302907074,-0.0020212634107706576,0.005827654747123677,-0.0002813512041443959,-3.2011918793279998e-06
C,7,136,0.018383881077170372,0.803328653816218,0.1463807436179863,False,False,-0.14554541654014838,-0.007445576909898455,0.002762554405964847,-0.012260447404224772,-0.2103086207831474,-0.0020214610706847298,0.005825199778974624,-0.00028173151931490604,-3.203456477429711e-06
C,7,137,0.018383890390396118,0.8032722681755391,0.1464442624951842,False,False,-0.14560561638833341,-0.007474337730795266,0.0027606892493087314,-0.012287921006610445,-0.21037779858532474,-0.00202154739275059,0.005822501416630673,-0.0002820990429169248,-3.20552744179543e-06
C,7,138,0.01838390901684761,0.8032232540286549,0.1464961757608172,False,False,-0.14565569883428736,-0.00749696060919942,0.0027586729126680316,-0.012300713156718386,-0.21043733438054163,-0.0020214894336492268,0.005819685180134744,-0.0002824565204578358,-3.207442391602662e-06
C,7,139,0.0183839313685894,0.8031823555456461,0.14653601486454648,False,False,-0.14569540289600938,-0.007515290471349613,0.0027565950177102553,-0.012294894156823132,-0.21048637909654339,-0.002021275742494352,0.0058175315875202095,-0.0002827975561533933,-3.209219086158554e-06
C,7,140,0.018383949995040894,0.8031502545882421,0.14656405005832607,False,False,-0.14572472857349952,-0.007530731618094753,0.0027545276842284483,-0.012272583123404098,-0.21052428513584753,-0.0020209070239558913,0.005816511498237408,-0.0002831164717951451,-3.2108506508925973e-06
C,7,141,0.01838395930826664,0.8031279513505943,0.14658112678130494,False,False,-0.14574392814935855,-0.007543240911284792,0.00275252251257663,-0.012241021111753158,-0.21055018903514422,-0.0020203864490485083,0.005816249626472742,-0.0002834137041683567,-3.212301949111082e-06
C,7,142,0.018383966758847237,0.8031161572655885,0.14658843857323478,False,False,-0.14575347139118788,-0.007552103490147493,0.0027506018327325627,-0.012209659711488526,-0.21056358710750267,-0.002019725820993454,0.005816017701114253,-0.00028368775572354627,-3.213494305173742e-06
C,7,143,0.018383964896202087,0.8031145241869213,0.14658733451584677,False,False,-0.1457540368521896,-0.007557347856674852,0.0027487574972719286,-0.0121867214500642,-0.21056508377723981,-0.002018955792932483,0.005815572965124624,-0.0002839254917037995,-3.2143009214467524e-06
C,7,144,0.01838395744562149,0.8031217627779152,0.1465791183703363,False,False,-0.14574649447236643,-0.007560047072349333,0.002746968684999245,-0.012176669295979377,-0.21055623327831346,-0.0020181202305684506,0.005815339128293401,-0.0002841048856521533,-3.2145911810904493e-06
C,7,145,0.018383942544460297,0.8031361386096142,0.14656490350099455,False,False,-0.14573188817972152,-0.0075612248979104865,0.002745231774837038,-0.01217958323985012,-0.21053900718528115,-0.0020172571860773278,0.005815773669761778,-0.0002842106812832608,-3.2143009214467524e-06
C,7,146,0.018383927643299103,0.8031564016299806,0.14654559316563112,False,False,-0.14571143589025867,-0.007560822018401995,0.0027435805635084073,-0.012191845928261287,-0.2105148446036594,-0.002016386037882063,0.0058167491580141005,-0.0002842474024445151,-3.2134832294768116e-06
C,7,147,0.01838390715420246,0.8031815972089855,0.14652192994611993,False,False,-0.14568643381458182,-0.007558006483787204,0.0027420796268949918,-0.01220764090070226,-0.2104848536446959,-0.002015509604662358,0.005817724646266424,-0.0002842354844465549,-3.2122885818906485e-06
C,7,148,0.01838388852775097,0.803210589783599,0.1464946732730737,False,False,-0.1456582129608951,-0.007552379266178162,0.0027407977654688182,-0.0122205777957345,-0.2104503295033555,-0.0020146312336003576,0.0058184038562448534,-0.0002841961113747597,-3.2108976271244063e-06
C,7,149,0.018383875489234924,0.8032417423386354,0.14646470108936702,False,False,-0.14562803474220232,-0.007544575112639873,0.002739783562019343,-0.01222562863177712,-0.21041309984364406,-0.0020137669559368654,0.005819067774441406,-0.00028414051485024376,-3.209454731158766e-06
C,7,150,0.018383866176009178,0.8032732383504907,0.1464330682341102,False,False,-0.14559706487810714,-0.007535565401872541,0.0027390572342291357,-0.0122207365072743,-0.21037520819539507,-0.0020129407304493446,0.005820170694209381,-0.0002840722515530267,-3.208048117648587e-06
C,7,151,0.018383855000138283,0.8033037773561658,0.14640094281051216,False,False,-0.14556632989781268,-0.007525639005416673,0.0027386142557513527,-0.012207465683162319,-0.21033819440151114,-0.002012176163580295,0.005821741924797382,-0.0002839943789799674,-3.206722089381593e-06
C,7,152,0.018383851274847984,0.803332492121944,0.14636954048605755,False,False,-0.14553671714012165,-0.007514336810103892,0.0027384301843130367,-0.012190276588555737,-0.21030316657323994,-0.0020114929860876284,0.005823360305046174,-0.0002839112961826689,-3.2054823751665404e-06
C,7,153,0.018383847549557686,0.8033586893509385,0.14634002180687375,False,False,-0.14550896605403635,-0.007501336820457048,0.0027384654898184187,-0.012174637788269929,-0.21027104573811203,-0.0020109130427390315,0.005824653097772472,-0.00028382337754850174,-3.2043060597684004e-06
C,7,154,0.018383849412202835,0.803381475025769,0.14631337754377374,False,False,-0.1454836681987586,-0.0074871420581186735,0.00273867249474741,-0.012165036374958142,-0.21024292561631996,-0.0020104602923119675,0.005825707593564501,-0.00028372466407848584,-3.2031541872876245e-06
C,7,155,0.018383851274847984,0.8033999611143213,0.1462903224625424,False,False,-0.1454612846424898,-0.007472740078595244,0.002739012876030066,-0.012163790806793784,-0.2102198423638356,-0.002010154465564348,0.005826860211623581,-0.0002836091031767984,-3.2020105260994e-06
C,7,156,0.018383851274847984,0.8034137499098756,0.14627123697584477,False,False,-0.1454421807600311,-0.00745873173469101,0.002739470942330662,-0.012170681427005775,-0.21020227088547933,-0.0020100003190181687,0.005828223091683489,-0.00028347978353924596,-3.2009159417061958e-06
C,7,157,0.018383851274847984,0.8034231009612252,0.14625615081099136,False,False,-0.1454266001345832,-0.007445045386263925,0.002740051823508954,-0.012183316135266234,-0.21018995214225822,-0.0020099860494521794,0.005829527353246196,-0.0002833499023206378,-3.1999598035246232e-06
C,7,158,0.018383853137493134,0.8034284294884464,0.14624486088442867,False,False,-0.14541467325714655,-0.00743154930789152,0.002740765477527999,-0.012197908709081676,-0.210182425620407,-0.0020100938639507644,0.005830482452456015,-0.00028323387343473733,-3.199240456105014e-06
C,7,159,0.018383851274847984,0.8034299994919543,0.14623703057761894,False,False,-0.14540638272892106,-0.007418665637184987,0.002741607378040952,-0.012210358042263648,-0.21017936032565693,-0.0020103096691154155,0.005831124070137327,-0.00028313843585421307,-3.1988174790584425e-06
C,7,160,0.018383851274847984,0.8034278909369502,0.1462323198553794,False,False,-0.1454015893595063,-0.00740719474089255,0.0027425536862877697,-0.012217642267094346,-0.21018061234745625,-0.00201062659441436,0.005831733192782148,-0.0002830617488411603,-3.1986979379157095e-06
C,7,161,0.018383847549557686,0.8034224408440923,0.1462303999564616,False,False,-0.1454000147681015,-0.007397636559360313,0.002743567286224332,-0.01221879387802714,-0.21018577873626043,-0.0020110370646459004,0.0058324315174879265,-0.0002829993821450282,-3.198847650784564e-06
C,7,162,0.018383845686912537,0.8034143533189009,0.1462310148392799,False,False,-0.14540130227930545,-0.00738988401753726,0.0027446056301903077,-0.012215157479227225,-0.2101940967661457,-0.002011530157426193,0.005833027896981182,-0.0002829489646458039,-3.1992152493464826e-06
C,7,163,0.018383843824267387,0.8034044550757865,0.1462339602293237,False,False,-0.1454050256225169,-0.007383666731661479,0.002745627377551189,-0.012209653363026934,-0.21020468858274702,-0.002012093012529099,0.005833259185182092,-0.00028290840601400216,-3.1997409630300994e-06
C,7,164,0.01838384009897709,0.8033934059513371,0.14623904803570129,False,False,-0.1454107237295344,-0.0073791048722938206,0.0027465948087499444,-0.01220544941176069,-0.2102168490243613,-0.002012715588408182,0.005833126019248235,-0.00028287336959591496,-3.2003648303037558e-06
C,7,165,0.01838383823633194,0.8033816867934372,0.14624604061650104,False,False,-0.14541792683275653,-0.007376652160333904,0.0027474801621925984,-0.012204913601602323,-0.21023004562194744,-0.002013386786512117,0.005832864147483568,-0.0002828388011620409,-3.201041211657686e-06
C,7,166,0.01838383637368679,0.8033698416488482,0.14625458312799286,False,False,-0.1454261825633819,-0.00737653353042127,0.002748271971133813,-0.012208975347328904,-0.21024365956013336,-0.0020140905756001015,0.005832635407912971,-0.00028280404553448157,-3.2017561669905818e-06
C,7,167,0.018383832648396492,0.8033585051180357,0.14626419821225567,False,False,-0.14543508204960925,-0.0073784362309680645,0.002748972951381695,-0.01221701757847369,-0.21025695689510568,-0.002014803525397116,0.0058323531471058,-0.00028277453133010894,-3.202524400244919e-06
C,7,168,0.018383832648396492,0.8033483516136078,0.1462743170017748,False,False,-0.14544425121723745,-0.007381805628616517,0.0027495897415782816,-0.012227095126404878,-0.21026914611883027,-0.0020155009724557717,0.005831851066934127,-0.0002827566543331686,-3.2033650074498883e-06
C,7,169,0.018383830785751343,0.8033396296131822,0.1462843617452795,False,False,-0.14545335078966543,-0.007386318957565372,0.002750122643480029,-0.01223651878279209,-0.21027986745492808,-0.002016163714520602,0.005831145733494989,-0.0002827519432920901,-3.2042747422805276e-06
C,7,170,0.018383832648396492,0.803332358978538,0.1462938190124339,False,False,-0.1454620675884922,-0.007391913051237769,0.0027505623026367935,-0.01224282026576834,-0.21028900577495774,-0.0020167803007053193,0.0058304359399528015,-0.00028275643594053584,-3.2052226691695483e-06
C,7,171,0.018383832648396492,0.8033264001528396,0.14630230964875726,False,False,-0.145470131932317,-0.007398402261523679,0.0027508963470338683,-0.012244724804245948,-0.2102966330341951,-0.0020173426273057816,0.005829858038029316,-0.00028276545243637486,-3.2061648672498117e-06
C,7,172,0.018383832648396492,0.8033218259925702,0.1463096115630566,False,False,-0.1454773263361391,-0.007405253524140355,0.002751116629246935,-0.012242520618381195,-0.21030263410419883,-0.0020178425906178465,0.005829340028918187,-0.00028277693364906945,-3.2070616167806017e-06
C,7,173,0.018383832648396492,0.8033188067910957,0.14631564992178242,False,False,-0.145483476811958,-0.007411855972070143,0.002751220433467887,-0.0122378164083415,-0.2103068219012518,-0.002018272439272335,0.0058287411007946184,-0.00028279072358388204,-3.2078835098769646e-06
C,7,174,0.018383832648396492,0.8033172829802552,0.14632048663807254,False,False,-0.1454884789669734,-0.007417913800855565,0.002751211079017743,-0.012232763032914245,-0.21030926838062983,-0.002018629706924508,0.005828079094070801,-0.00028280591747133395,-3.2086087770656227e-06
C,7,175,0.018383832648396492,0.8033170615413259,0.14632422822978233,False,False,-0.14549227190538505,-0.007423438565358241,0.0027510973168337347,-0.0122292764578079,-0.21031018940816038,-0.0020189145697418476,0.005827514572456459,-0.0002828207993693104,-3.209225578808479e-06
C,7,176,0.018383832648396492,0.8033179780669263,0.14632698364910518,False,False,-0.145494864326593,-0.007428400993262067,0.0027508942347386745,-0.012228522260570767,-0.2103097720675606,-0.0020191272038918343,0.005827162224315678,-0.00028283543167570657,-3.2097377343113704e-06
C,7,177,0.018383832648396492,0.8033199424877422,0.14632880445735433,False,False,-0.1454963171263975,-0.00743251914594351,0.002750621446902219,-0.01223059185904977,-0.21030811709621663,-0.0020192660238671366,0.0058269672540967295,-0.00028285249750001085,-3.2101616661594013e-06
C,7,178,0.018383832648396492,0.8033228412195962,0.14632969072125704,False,False,-0.14549673469759877,-0.0074354456072298555,0.0027502982657375695,-0.01223451012954437,-0.21030533962256984,-0.00201933050116531,0.005826814336277946,-0.0002828747735485543,-3.210513033096508e-06
C,7,179,0.018383832648396492,0.8033264313450124,0.14632963069385757,False,False,-0.14549624753119728,-0.0074370694504495485,0.002749937666772344,-0.012238655674963968,-0.21030168429455795,-0.002019324863805907,0.005826693913495654,-0.00028290179183712376,-3.210794890487361e-06
C,7,180,0.018383832648396492,0.8033303309746449,0.14632862574507843,False,False,-0.1454949861181934,-0.007437532415238465,0.002749547797430862,-0.012241360119602172,-0.2102975396706705,-0.0020192573916605503,0.0058267041080169064,-0.00028293005808359477,-3.2109984541585327e-06
C,7,181,0.018383832648396492,0.8033342444919261,0.14632676238803255,False,False,-0.14549311574718765,-0.007436973159936047,0.002749135598111617,-0.012241583585450211,-0.21029322235412104,-0.002019137773940715,0.005826897166763121,-0.00028295657718900363,-3.211115703777763e-06
C,7,182,0.018383830785751343,0.8033379996096879,0.14632418326583613,False,False,-0.1454907843079805,-0.007435380129680674,0.0027487113285341214,-0.01223931464527722,-0.21028893381968192,-0.002018974466685506,0.0058271985422976395,-0.00028298081877124205,-3.2111481670273867e-06
C,7,183,0.018383828923106194,0.8033416656288751,0.14632111507153975,False,False,-0.14548814838977236,-0.007432754865120563,0.0027482885677389073,-0.012235452241244628,-0.2102846452852428,-0.0020187750450966204,0.005827495457729111,-0.00028300381239557886,-3.211106537683751e-06
C,7,184,0.018383828923106194,0.8033451797078918,0.1463178356174677,False,False,-0.1454853645817638,-0.0074293269228399,0.0027478799894971374,-0.012231319392748217,-0.210280471879245,-0.002018549022218051,0.005827777081378703,-0.0002830256204599092,-3.211001509523203e-06
C,7,185,0.018383828923106194,0.8033484472297995,0.14631460345339434,False,False,-0.14548256337495521,-0.007425495330726639,0.0027474967587976925,-0.012228175634567842,-0.21027655751224017,-0.0020183071442661606,0.005828120509313388,-0.0002830452445979117,-3.2108445401632563e-06
C,7,186,0.018383828923106194,0.8033514207417561,0.1463116252372382,False,False,-0.1454798665609469,-0.007421583624906144,0.0027471485318471735,-0.01222683230009497,-0.21027298853055928,-0.002018059100452423,0.0058285569622544995,-0.000283062310422216,-3.210646705300842e-06
C,7,187,0.018383828923106194,0.8033541660712478,0.14630903039909374,False,False,-0.1454773872319393,-0.007417708894642833,0.0027468437578263556,-0.012227456988715624,-0.21026972176103687,-0.002017811408973648,0.005829010618450224,-0.0002830774731107203,-3.210421372156393e-06
C,7,188,0.018383828923106194,0.8033566617722153,0.14630685706670604,False,False,-0.14547521238193262,-0.00741392429230016,0.002746586661325626,-0.012229480878271165,-0.21026678598578324,-0.00201756988335672,0.005829390364366869,-0.00028309123184658535,-3.2101777068239212e-06
C,7,189,0.018383828923106194,0.8033588935796121,0.14630510468933164,False,False,-0.1454734203055271,-0.007410398518857781,0.0027463778458578967,-0.012231864090752812,-0.21026419559585358,-0.0020173415703008935,0.005829692377058967,-0.0002831022762740145,-3.209918764668097e-06
C,7,190,0.018383828923106194,0.803360713804731,0.14630373889346548,False,False,-0.14547205449972292,-0.007407368834140961,0.002746215199127975,-0.01223350707261283,-0.2102620945017995,-0.0020171322833330524,0.005829972726393404,-0.0002831087344561552,-3.20964454568892e-06
C,7,191,0.018383828923106194,0.8033620899395543,0.14630273644976877,False,False,-0.1454711410627201,-0.007404971585516822,0.0027460978158664914,-0.012233733077845506,-0.21026051148573138,-0.0020169464266402305,0.005830244155521744,-0.0002831100448119519,-3.2093603967745642e-06
C,7,192,0.018383828923106194,0.8033630930278595,0.14630209917160517,False,False,-0.14547068869391871,-0.00740319213682731,0.0027460266013428153,-0.012232496397527378,-0.21025937459237337,-0.00201678558572976,0.005830449957419524,-0.00028310758009509625,-3.2090796851454625e-06
C,7,193,0.018383830785751343,0.8033637976742023,0.14630184834957335,False,False,-0.14547067999451868,-0.00740200121575632,0.002746001857313402,-0.012230298560124218,-0.21025861186644962,-0.002016650289104085,0.005830542982425951,-0.0002831031810434931,-3.208815014180881e-06
C,7,194,0.018383828923106194,0.8033642369269529,0.14630200991585315,False,False,-0.1454710714675199,-0.007401464299853035,0.0027460220749959715,-0.01222791534764257,-0.21025819452584985,-0.0020165412414331306,0.005830548079686576,-0.00028309750283504086,-3.2085744042130796e-06
C,7,195,0.018383828923106194,0.8033644283235544,0.14630260188180308,False,False,-0.14547181091652217,-0.007401666895093442,0.0027460821245307663,-0.012226102227011886,-0.21025810817951887,-0.002016459499721785,0.005830526416328916,-0.00028309020228131654,-3.20835900100381e-06
C,7,196,0.018383828923106194,0.8033643965381569,0.14630360358171335,False,False,-0.1454728374457253,-0.00740256740397571,0.0027461753672757493,-0.012225355647928662,-0.21025832404534633,-0.0020164043593001234,0.0058304913726621105,-0.00028308146657600545,-3.2081695683942394e-06
C,7,197,0.018383828923106194,0.803364114582534,0.14630494367606212,False,False,-0.14547408145992913,-0.007403995584871969,0.0027462948628324264,-0.0122257721070091,-0.21025885651438742,-0.002016373353823406,0.0058304040820738885,-0.0002830718261012156,-3.2080034329402813e-06
C,7,198,0.018383828923106194,0.8033636480558951,0.14630651531114772,False,False,-0.1454754733639334,-0.007405775803885589,0.002746432463776479,-0.012227020214558093,-0.21025961924031117,-0.0020163647216168198,0.005830237783945961,-0.00028306156164747503,-3.2078586850390166e-06
C,7,199,0.018383828923106194,0.803362903633466,0.14630819355021124,False,False,-0.14547694356253793,-0.007407826406661122,0.0027465806261965007,-0.012228466394108758,-0.21026068417839336,-0.0020163749393307382,0.005830026884787556,-0.0002830504236232033,-3.2077315054846075e-06
C,7,200,0.018383828923106194,0.8033618728279294,0.14630985339446897,False,False,-0.1454784224605425,-0.007410088848566359,0.002746733314963366,-0.012229454214732477,-0.21026203693757886,-0.00201640136445294,0.005829822994362512,-0.00028303828723261036,-3.2076218942770535e-06
C,7,201,0.018383828923106194,0.8033605660577997,0.14631139630128148,False,False,-0.14547984916214687,-0.007412439877744018,0.002746887210756056,-0.012229601499041412,-0.2102636487357573,-0.0020164395927963928,0.00582963248424661,-0.00028302615084201734,-3.207533670622193e-06
C,7,202,0.018383828923106194,0.8033590712144214,0.1463127609421185,False,False,-0.14548117147095094,-0.007414717726131415,0.00274704080479229,-0.012228906977343244,-0.2102654188355426,-0.002016484867839099,0.005829428593821566,-0.0002830156991945915,-3.2074740910111185e-06
C,7,203,0.018383828923106194,0.8033574674133488,0.146313915376281,False,False,-0.1454823371905545,-0.007416812237381105,0.002747191683020418,-0.012227679184871346,-0.21026726089060369,-0.0020165334900639513,0.005829206225826751,-0.0002830078994577066,-3.207444301205581e-06
C,7,204,0.018383828923106194,0.803355754018349,0.1463148556181822,False,False,-0.14548330282395747,-0.007418709545659144,0.002747335620850052,-0.012226379019937297,-0.2102691749009406,-0.0020165836977961353,0.005829002335401706,-0.0002830025020397822,-3.207440481999743e-06
C,7,205,0.018383828923106194,0.8033539902523902,0.1463155955360178,False,False,-0.14548404227295975,-0.007420401177400342,0.0027474674884214356,-0.012225473729314274,-0.2102711033023327,-0.0020166333770258752,0.005828848143267767,-0.0002829987581660774,-3.2074538492201765e-06
C,7,206,0.018383828923106194,0.8033522035142715,0.14631612968554256,False,False,-0.14548452943936124,-0.007421823195703736,0.0027475827593877256,-0.012225252802850872,-0.21027301731266962,-0.002016681294580802,0.005828733454903679,-0.0002829962934492218,-3.207477146375789e-06
C,7,207,0.018383828923106194,0.8033504466399061,0.14631643707880404,False,False,-0.14548474692436192,-0.007422894716537984,0.0027476781144279024,-0.012225736555624185,-0.21027485936773072,-0.0020167255126186203,0.005828627049588109,-0.00028299492069553,-3.207503498896072e-06
C,7,208,0.018383828923106194,0.8033488302611216,0.1463165036090375,False,False,-0.14548470342736178,-0.007423604185041464,0.002747752346516141,-0.012226660891631984,-0.21027651433907468,-0.0020167642694645166,0.005828527015848321,-0.00028299432791552677,-3.207529469495771e-06
C,7,209,0.018383828923106194,0.8033472939331007,0.14631630813748386,False,False,-0.14548440764776088,-0.0074240070645499555,0.0027478057574088985,-0.012227622048717017,-0.21027803979092213,-0.002016797212783529,0.005828462025775338,-0.0002829940471249989,-3.2075527666513836e-06
C,7,210,0.018383828923106194,0.8033459079844147,0.14631584864736422,False,False,-0.14548388568375928,-0.007424151115158154,0.0027478401576449115,-0.012228250546414628,-0.2102793637679973,-0.002016823109403287,0.0058284448225207255,-0.0002829942655176317,-3.2075764457275797e-06
C,7,211,0.018383828923106194,0.8033447481671172,0.14631515311122897,False,False,-0.1454831810323571,-0.0074240401884866,0.0027478591683016557,-0.012228372436877195,-0.21028041431502434,-0.0020168407261514218,0.005828452468411664,-0.0002829956070723759,-3.2076035620890304e-06
C,7,212,0.018383828923106194,0.8033438193799012,0.14631424870733603,False,False,-0.14548231979175447,-0.007423688920693346,0.002747865203430781,-0.01222800295641254,-0.21028119143200324,-0.0020168500630279333,0.005828465211563229,-0.00028299844617660203,-3.2076364072592383e-06
C,7,213,0.018383828923106194,0.8033431596267814,0.1463131889590108,False,False,-0.14548133675955144,-0.007423164329975788,0.0027478600735710242,-0.01222732621040683,-0.21028166633682369,-0.002016851648535265,0.005828486237763312,-0.00028300247084083466,-3.2076726897147003e-06
C,7,214,0.018383828923106194,0.8033427962569023,0.1463120463501516,False,False,-0.14548027543274816,-0.0074225550036063495,0.0027478437787223867,-0.012226629149324025,-0.2102818246384305,-0.00201684706818075,0.005828534024581682,-0.00028300668269875254,-3.207707826408411e-06
C,7,215,0.018383828923106194,0.8033426849350326,0.14631088818869842,False,False,-0.1454791793083448,-0.007421911012652049,0.0027478166206413236,-0.012226170790397079,-0.21028172390104435,-0.0020168382598066826,0.005828604749072869,-0.00028301039537350975,-3.207735706611029e-06
C,7,216,0.018383828923106194,0.8033428343046691,0.14630976207433893,False,False,-0.14547808318394143,-0.007421235438409321,0.00274777980635366,-0.012226116193627387,-0.21028136412466522,-0.0020168264565854324,0.0058286741992489,-0.0002830134216714211,-3.2077540387990523e-06
C,7,217,0.018383828923106194,0.8033432236566004,0.14630870986625102,False,False,-0.1454770305565382,-0.007420542146712109,0.0027477351463981343,-0.012226446313630174,-0.21028077409140347,-0.002016812010851962,0.005828729631958209,-0.000283015667995644,-3.20776282297248e-06
C,7,218,0.018383828923106194,0.8033437851391587,0.1463077477171192,False,False,-0.14547604752433518,-0.007419883519599757,0.0027476853565828524,-0.012227007517634909,-0.2102800257565349,-0.002016796860448566,0.0058287799674068925,-0.0002830171343461784,-3.207763968734231e-06
C,7,219,0.018383828923106194,0.8033445087286355,0.14630689865993218,False,False,-0.1454751775843325,-0.0074193065468428545,0.002747633756228833,-0.012227521743023863,-0.21027913351111469,-0.002016781181542726,0.005828841134534406,-0.00028301782072302425,-3.207760531448977e-06
C,7,220,0.018383828923106194,0.803345366242121,0.14630616369788216,False,False,-0.14547443813533023,-0.007418814309737834,0.002747583664657094,-0.01222779599656464,-0.21027812613725314,-0.0020167655026368863,0.005828904850292232,-0.0002830183199061849,-3.2077578580048906e-06
C,7,221,0.018383828923106194,0.8033463040882336,0.14630555957157543,False,False,-0.14547385527552845,-0.007418386779857886,0.002747537495919287,-0.01222774013010263,-0.21027706119917094,-0.0020167499998985277,0.005828954548583337,-0.0002830189750840832,-3.207758621846058e-06
C,7,222,0.018383828923106194,0.8033473104455855,0.1463050991594481,False,False,-0.14547343770432716,-0.007418025497851227,0.00274749615528478,-0.012227403661638252,-0.21027595308792324,-0.002016735554165057,0.005828990229407719,-0.0002830199110525094,-3.207763968734231e-06
C,7,223,0.018383828923106194,0.8033482745819575,0.14630479588240897,False,False,-0.14547318542172638,-0.007417748181172342,0.0027474596427535733,-0.012226931336095804,-0.21027491693195138,-0.0020167235747763253,0.0058290220872866325,-0.0002830206910261979,-3.2077712252253236e-06
C,7,224,0.018383828923106194,0.8033492010053943,0.14630467438875686,False,False,-0.14547310712712613,-0.007417560222089986,0.0027474270530562974,-0.012226508528553776,-0.21027395273125532,-0.0020167144140672954,0.005829055856638281,-0.0002830209094188307,-3.2077773359546646e-06
C,7,225,0.018383828923106194,0.8033500040806886,0.14630473050867474,False,False,-0.14547318542172638,-0.007417433888936272,0.002747398084436497,-0.01222631299593674,-0.2102731468321661,-0.0020167089528753735,0.0058290832544141465,-0.0002830205350314602,-3.207781155160503e-06
C,7,226,0.018383828923106194,0.8033507820341851,0.1463049599059112,False,False,-0.1454734116061271,-0.007417341450043311,0.002747373340407084,-0.012226418380399168,-0.21027239849729754,-0.0020167070150330785,0.005829093448935398,-0.0002830198486546143,-3.2077842105251733e-06
C,7,227,0.018383828923106194,0.803351403708151,0.14630534156006358,False,False,-0.14547376828152817,-0.007417285216383426,0.0027473531227245147,-0.012226775163940641,-0.2102718372461461,-0.0020167082482054483,0.0058290940860929764,-0.00028301903748197826,-3.2077880297310116e-06
C,7,228,0.018383828923106194,0.8033519061744475,0.1463058460952486,False,False,-0.14547423804912962,-0.007417274431845914,0.0027473383366581586,-0.012227225904713675,-0.21027141990554632,-0.002016712828559963,0.005829100457668759,-0.0002830181639114472,-3.2077945223809364e-06
C,7,229,0.018383828923106194,0.8033522395518752,0.14630643272820515,False,False,-0.14547479481073133,-0.00741729137897629,0.002747329585720927,-0.012227605542716877,-0.21027118964866368,-0.0020167196990917356,0.005829109377874855,-0.00028301757113144394,-3.207805216157283e-06
C,7,230,0.018383828923106194,0.8033524409857792,0.14630707234426216,False,False,-0.14547542116753326,-0.00741730678545845,0.0027473265681563644,-0.01222779599656464,-0.2102711033023327,-0.002016728507465803,0.005829109377874855,-0.0002830174775346013,-3.207822020662971e-06
C,7,231,0.018383828923106194,0.8033525195067466,0.14630773677783862,False,False,-0.14547609102133532,-0.00741731063707899,0.002747328680451558,-0.012227776951179863,-0.2102711464754982,-0.00201673854901224,0.005829100457668759,-0.0002830179143198669,-3.2078434082156643e-06
C,7,232,0.018383828923106194,0.8033524697262207,0.1463083962627985,False,False,-0.1454767695745374,-0.007417319110644178,0.002747334413824227,-0.012227591576101376,-0.21027131916816016,-0.002016749823731046,0.0058290928117778204,-0.00028301847590092257,-3.207866323450693e-06
C,7,233,0.018383828923106194,0.8033523047715895,0.14630904502249173,False,False,-0.14547743942833946,-0.007417339909395095,0.0027473422594920895,-0.012227370649637973,-0.21027160698926348,-0.002016762331622222,0.005829091537462664,-0.0002830188814872406,-3.207889238685722e-06
C,7,234,0.018383828923106194,0.8033520782530389,0.1463096665995984,False,False,-0.14547807448454142,-0.007417359167497795,0.0027473513121857775,-0.012227239871329178,-0.21027195237458743,-0.0020167757203508043,0.005829088988832351,-0.0002830191310788209,-3.2079102443178315e-06
C,7,235,0.018383828923106194,0.8033517882399659,0.1463102503227369,False,False,-0.1454786573443432,-0.007417366870738875,0.0027473609683923775,-0.012227288119637277,-0.21027235532413205,-0.0020167891090793868,0.00582907815715352,-0.0002830193806704012,-3.2079297222676055e-06
C,7,236,0.018383828923106194,0.8033515023435736,0.1463107790049679,False,False,-0.14547917060894477,-0.007417373803655847,0.002747370926355434,-0.012227507776408362,-0.2102727438826215,-0.002016802497807969,0.005829064139686798,-0.00028301953666513895,-3.207947290614461e-06
C,7,237,0.018383828923106194,0.8033512038522032,0.14631123856515757,False,False,-0.14547960557894613,-0.007417396913379087,0.002747381186074947,-0.01222781885102637,-0.21027313244111093,-0.002016815005699145,0.005829057130953438,-0.00028301969265987663,-3.2079637131995648e-06
C,7,238,0.018383828923106194,0.8033509037236778,0.1463116114933261,False,False,-0.1454799535549472,-0.00741743465926038,0.0027473917475509158,-0.012228117228721197,-0.2102735066085452,-0.0020168262804179512,0.005829055219480702,-0.0002830198798535619,-3.2079786081023334e-06
C,7,239,0.018383828923106194,0.803350641127196,0.14631187979046104,False,False,-0.14548020583754795,-0.007417472405141673,0.0027474023090268847,-0.012228303873492002,-0.21027382321175886,-0.002016836321964388,0.005829050122220077,-0.0002830201606440897,-3.2079935030051024e-06
C,7,240,0.018383828923106194,0.8033504011942663,0.1463120394246124,False,False,-0.14548036242674844,-0.007417503988430101,0.002747412266989941,-0.012228335615799961,-0.210274096641807,-0.0020168444256685298,0.005829039290541246,-0.00028302056623040776,-3.2080064883049516e-06
C,7,241,0.018383828923106194,0.8033502549628007,0.14631209198861117,False,False,-0.14548042332254862,-0.00741754327495961,0.0027474210179271722,-0.012228220073798987,-0.21027425494341379,-0.002016850591530377,0.0058290290960199935,-0.0002830207846230405,-3.2080168001607147e-06
C,7,242,0.018383828923106194,0.8033501201661777,0.1463120517712871,False,False,-0.14548039722434855,-0.007417599508619495,0.0027474279583256664,-0.012228015653335724,-0.21027438446291027,-0.0020168555242198547,0.005829026547389681,-0.0002830206598272504,-3.2080232928106396e-06
C,7,243,0.018383828923106194,0.8033500422349924,0.14631193518766028,False,False,-0.14548029283154823,-0.007417660364224028,0.0027474330881854226,-0.01222782646918028,-0.21027444202713094,-0.002016858695234519,0.005829023998759368,-0.00028302031663882745,-3.2080255843341423e-06
C,7,244,0.018383828923106194,0.8033500097458912,0.14631175722771997,False,False,-0.1454801188435477,-0.007417711975939266,0.0027474367092628978,-0.01222773886041031,-0.21027444202713094,-0.0020168604569093325,0.005829016990026007,-0.0002830199110525094,-3.208024438572391e-06
C,7,245,0.018383828923106194,0.8033500246688233,0.14631152874315775,False,False,-0.14547988395974698,-0.007417759736033962,0.0027474391233145478,-0.012227774411795227,-0.21027438446291027,-0.0020168606330768137,0.005829008706977489,-0.0002830195054661914,-3.208021001287137e-06
C,7,246,0.018383828923106194,0.8033500753792837,0.14631126358387975,False,False,-0.14547960557894613,-0.007417810577425092,0.002747440330340373,-0.012227884875026927,-0.21027428372552412,-0.0020168593999044444,0.00582900488403202,-0.00028301900628303076,-3.2080152724783796e-06
C,7,247,0.018383828923106194,0.803350134289324,0.14631096569743282,False,False,-0.14547929240054516,-0.007417862189140328,0.0027474409338532854,-0.012228014383643406,-0.2102741685970828,-0.002016857285894668,0.005829007432662333,-0.00028301850709987013,-3.208008397907871e-06
C,7,248,0.018383828923106194,0.8033502033290613,0.14631064568131583,False,False,-0.14547896182334413,-0.007417896853725189,0.0027474409338532854,-0.012228096913644102,-0.21027403907758632,-0.0020168537625450413,0.005829009344135067,-0.0002830181951103947,-3.2080011414167786e-06
C,7,249,0.018383828923106194,0.8033502989293326,0.14631031611090553,False,False,-0.14547863124614313,-0.007417903786642161,0.002747440632096829,-0.012228084216720917,-0.2102738807759795,-0.0020168493583580076,0.005829006795504754,-0.00028301797671776194,-3.2079931210845186e-06
C,7,250,0.018383828923106194,0.8033503803467077,0.14630998623577532,False,False,-0.14547830936834213,-0.007417894542752865,0.002747439425071004,-0.012227972483796899,-0.21027373686542786,-0.0020168442495010486,0.005829008069819911,-0.00028301772712618163,-3.2079843369110906e-06
C,7,251,0.018383828923106194,0.803350463900624,0.14630966801986425,False,False,-0.1454780048893412,-0.0074178752846501645,0.0027474376145322664,-0.012227797266256958,-0.21027359295487622,-0.0020168387883091267,0.005829013804238115,-0.0002830174151367062,-3.2079747888964955e-06
C,7,252,0.018383828923106194,0.8033504954931603,0.1463093751712216,False,False,-0.14547772650854035,-0.0074178413903894114,0.0027474355022370726,-0.012227623318409335,-0.2102735066085452,-0.0020168335032846865,0.0058290208129714765,-0.0002830171031472308,-3.2079644770407324e-06
C,7,253,0.018383828923106194,0.8033505200348287,0.14630912132079585,False,False,-0.1454774829253396,-0.0074177890083500665,0.002747433691698335,-0.012227515394562271,-0.2102734346532694,-0.0020168278659252834,0.005829023361601789,-0.00028301694715249313,-3.2079545471055534e-06
C,7,254,0.018383828923106194,0.8033505396318498,0.14630891806919288,False,False,-0.14547728283913897,-0.00741772969339375,0.00274743248467251,-0.01222750015825445,-0.21027337708904875,-0.0020168225809008428,0.005829024635916946,-0.00028301691595354557,-3.207945762932126e-06
C,7,255,0.018383828923106194,0.8033505543795241,0.14630876590432657,False,False,-0.1454771262499385,-0.007417679622326729,0.002747431579403141,-0.012227569991331963,-0.21027333391588324,-0.002016817648211365,0.005829032281807885,-0.00028301691595354557,-3.207937742599866e-06
C,7,256,0.018383828923106194,0.8033505069317068,0.14630866066355702,False,False,-0.14547701315773814,-0.007417634943528464,0.002747430975890229,-0.012227679184871346,-0.21027336269799357,-0.002016813420191813,0.005829042476329137,-0.0002830169783514407,-3.207930486108773e-06
C,7,257,0.018383828923106194,0.8033504811238127,0.146308596600411,False,False,-0.14547694356253793,-0.007417584102137335,0.0027474306741337726,-0.012227770602718272,-0.21027337708904875,-0.002016809544507223,0.0058290456621170285,-0.0002830171343461784,-3.2079243753794325e-06
C,7,258,0.018383828923106194,0.8033504480867586,0.14630857055727461,False,False,-0.14547691746433786,-0.00741753557171853,0.0027474306741337726,-0.012227799805641594,-0.21027340587115906,-0.002016806021157596,0.00582904502495945,-0.00028301735273881113,-3.207919028491259e-06
C,7,259,0.018383828923106194,0.8033503794721416,0.14630858223545093,False,False,-0.1454769348631379,-0.007417505529078318,0.002747430975890229,-0.012227750287641177,-0.2102734778264349,-0.002016803378645376,0.005829046936432185,-0.0002830174151367062,-3.2079140635236693e-06
C,7,260,0.018383828923106194,0.8033503165413306,0.14630862515781035,False,False,-0.14547698705953807,-0.007417495514864913,0.002747431579403141,-0.012227647442563386,-0.21027354978171073,-0.002016801440803081,0.005829050759377655,-0.0002830174151367062,-3.2079094804766635e-06
C,7,261,0.018383828923106194,0.8033502459353993,0.1463087036514604,False,False,-0.14547707405353832,-0.007417497055513129,0.00274743248467251,-0.012227550945947187,-0.2102736361280417,-0.0020168000314632305,0.005829050759377655,-0.00028301744633565376,-3.207906425111993e-06
C,7,262,0.018383828923106194,0.8033501792386966,0.14630880368095278,False,False,-0.14547717844633865,-0.00741750861037475,0.0027474339934547916,-0.012227501427946768,-0.2102737224743727,-0.0020167989744583423,0.0058290456621170285,-0.00028301760233039145,-3.207904515509074e-06
C,7,263,0.018383828923106194,0.8033501450162054,0.14630892666299125,False,False,-0.14547730023793903,-0.00741753942333907,0.0027474355022370726,-0.012227507776408362,-0.21027378003859334,-0.0020167984459558983,0.005829040564856403,-0.0002830177895240767,-3.207903369747323e-06
C,7,264,0.018383828923106194,0.8033501290183309,0.1463090720341975,False,False,-0.14547743942833946,-0.007417591035054307,0.002747437011019354,-0.012227561103485734,-0.21027382321175886,-0.0020167984459558983,0.005829038016226089,-0.0002830178831209193,-3.207902605906155e-06
C,7,265,0.018383828923106194,0.8033500992525963,0.14630921945142167,False,False,-0.1454775786187399,-0.007417654201631164,0.002747438218045179,-0.012227630936563247,-0.2102738807759795,-0.0020167987982908607,0.005829037379068511,-0.00028301782072302425,-3.2079018420649873e-06
C,7,266,0.018383828923106194,0.8033500691994081,0.1463093652545588,False,False,-0.14547771780914032,-0.007417715057235697,0.0027474391233145478,-0.012227685533332937,-0.21027393834020017,-0.0020167995029607864,0.005829031007492729,-0.00028301775832512914,-3.2079014601444035e-06
C,7,267,0.018383828923106194,0.8033500793581,0.14630949878244656,False,False,-0.1454778483001407,-0.007417771290895583,0.00274743972682746,-0.012227700769640758,-0.21027395273125532,-0.0020168002076307117,0.0058290220872866325,-0.00028301772712618163,-3.207900696303236e-06
C,7,268,0.018383828923106194,0.8033501014929703,0.14630962039078313,False,False,-0.1454779700917411,-0.007417832146500116,0.002747440330340373,-0.012227672836409754,-0.21027395273125532,-0.002016801088468118,0.00582901571571085,-0.00028301766472828657,-3.207900696303236e-06
C,7,269,0.018383828923106194,0.803350105949549,0.14630972257398037,False,False,-0.14547807448454142,-0.007417895313076973,0.002747440632096829,-0.012227615700255426,-0.2102739671223105,-0.0020168016169705622,0.005829014441395694,-0.00028301757113144394,-3.2079014601444035e-06
C,7,270,0.018383828923106194,0.80335012137578,0.14630980727553378,False,False,-0.14547816147854167,-0.00741794692479221,0.002747440632096829,-0.01222756364287037,-0.2102739671223105,-0.002016802497807969,0.0058290125299229585,-0.0002830175399324964,-3.207902223985571e-06
C,7,271,0.018383828923106194,0.8033501339533511,0.1463098763001953,False,False,-0.1454782310737419,-0.007417980819052962,0.002747440330340373,-0.012227543327793276,-0.2102739671223105,-0.0020168030263104132,0.005829007432662333,-0.000283017633529339,-3.2079037516679066e-06
C,7,272,0.018383828923106194,0.803350157895452,0.14630993001144169,False,False,-0.14547828327014206,-0.007418001617803879,0.00274743972682746,-0.012227554755024142,-0.21027395273125532,-0.002016803378645376,0.005829002335401706,-0.00028301775832512914,-3.2079052793502418e-06
C,7,273,0.018383828923106194,0.8033501648675142,0.14630996815090475,False,False,-0.14547831806774217,-0.007418020105582471,0.0027474385198016354,-0.012227585227639785,-0.21027395273125532,-0.0020168037309803385,0.005829003609716863,-0.00028301775832512914,-3.207906425111993e-06
C,7,274,0.018383828923106194,0.8033501812403357,0.1463099801944266,False,False,-0.14547832676714217,-0.007418030119795875,0.002747437011019354,-0.012227618239640062,-0.21027393834020017,-0.0020168037309803385,0.005829006795504754,-0.00028301775832512914,-3.207906807032577e-06
C,7,275,0.018383828923106194,0.8033502098460819,0.14630998172828216,False,False,-0.14547832676714217,-0.007418020105582471,0.0027474355022370726,-0.012227642363794112,-0.21027390955808983,-0.0020168037309803385,0.005829007432662333,-0.0002830177895240767,-3.2079075708737445e-06
C,7,276,0.018383828923106194,0.8033502348265434,0.14630996335663723,False,False,-0.14547830936834213,-0.0074179946848869065,0.0027474339934547916,-0.012227646172871066,-0.2102738807759795,-0.0020168037309803385,0.00582900488403202,-0.0002830179455188144,-3.207908716635496e-06
C,7,277,0.018383828923106194,0.8033502437966491,0.1463099347181735,False,False,-0.14547828327014206,-0.007417966953219018,0.002747432182916054,-0.012227629666870929,-0.21027386638492435,-0.002016803378645376,0.005829007432662333,-0.000283018039115657,-3.2079098623972472e-06
C,7,278,0.018383828923106194,0.8033502494871271,0.14630988807210604,False,False,-0.14547823977314192,-0.007417936910578806,0.0027474303723773164,-0.012227604273024559,-0.2102738519938692,-0.0020168030263104132,0.005829013804238115,-0.0002830181015135521,-3.207911008158999e-06
C,7,279,0.018383828923106194,0.8033502693831301,0.14630984178297432,False,False,-0.14547819627614178,-0.007417899164697513,0.002747428863595035,-0.01222758903671674,-0.21027382321175886,-0.0020168026739754504,0.005829017627183585,-0.00028301822630934226,-3.2079121539207504e-06
C,7,280,0.018383828923106194,0.803350301977873,0.14630978754181306,False,False,-0.14547814407974163,-0.007417855256223356,0.0027474273548127536,-0.012227586497332103,-0.21027378003859334,-0.002016802321640488,0.005829020175813898,-0.0002830183511051324,-3.2079136816030855e-06
C,7,281,0.018383828923106194,0.8033503207137984,0.14630973488294352,False,False,-0.14547809188334146,-0.007417812118073307,0.0027474258460304726,-0.01222760300333224,-0.21027375125648304,-0.0020168021454730063,0.005829021450129055,-0.0002830184135030275,-3.207914445444253e-06
C,7,282,0.018383828923106194,0.8033503113598863,0.14630968338060307,False,False,-0.1454780396869413,-0.0074177766831643385,0.0027474246390046474,-0.012227627127486292,-0.21027375125648304,-0.0020168021454730063,0.005829025910232102,-0.000283018444701975,-3.2079152092854207e-06
C,7,283,0.018383828923106194,0.8033503020019197,0.14630963189156415,False,False,-0.14547798749054114,-0.00741774509987591,0.002747423733735279,-0.012227648712255705,-0.21027375125648304,-0.002016802497807969,0.005829031007492729,-0.00028301847590092257,-3.207916355047172e-06
C,7,284,0.018383828923106194,0.8033503082239377,0.1463095883418611,False,False,-0.145477943993541,-0.007417713516587481,0.0027474234319788226,-0.012227663948563524,-0.21027373686542786,-0.0020168026739754504,0.005829031644650306,-0.00028301853829881764,-3.207917500808924e-06
C,7,285,0.018383828923106194,0.8033503143064866,0.14630954406193472,False,False,-0.14547790049654089,-0.007417688866216025,0.0027474234319788226,-0.012227666487948161,-0.2102737224743727,-0.0020168032024778944,0.005829031644650306,-0.0002830185694977652,-3.207919410411843e-06
C,7,286,0.018383828923106194,0.8033503077164136,0.14630950791301656,False,False,-0.14547786569894078,-0.007417675000382081,0.002747423733735279,-0.012227655060717296,-0.2102737224743727,-0.0020168037309803385,0.00582903419328062,-0.00028301860069671276,-3.207920556173594e-06
C,7,287,0.018383828923106194,0.8033503027304225,0.14630948057171933,False,False,-0.14547783960074068,-0.007417668837789217,0.002747424035491735,-0.012227641094101793,-0.2102737224743727,-0.0020168046118177454,0.0058290361047533545,-0.0002830185694977652,-3.2079217019353455e-06
C,7,288,0.018383828923106194,0.8033502993741176,0.14630946221421717,False,False,-0.14547782220194064,-0.007417664986168676,0.0027474246390046474,-0.012227630936563247,-0.2102737224743727,-0.002016805492655152,0.005829035467595776,-0.00028301847590092257,-3.207922847697097e-06
C,7,289,0.018383828923106194,0.8033502961821121,0.14630944479442412,False,False,-0.14547780480314057,-0.007417666526816893,0.0027474255442740164,-0.012227629666870929,-0.2102737224743727,-0.0020168061973250776,0.005829032918965463,-0.000283018444701975,-3.2079239934588487e-06
C,7,290,0.018383828923106194,0.8033502948136925,0.1463094374230886,False,False,-0.14547779610374056,-0.007417677311354405,0.002747426751299841,-0.012227638554717157,-0.2102737224743727,-0.0020168072543299657,0.005829032281807885,-0.00028301838230407995,-3.2079247573000163e-06
C,7,291,0.018383828923106194,0.8033502951320749,0.14630943931358165,False,False,-0.14547779610374056,-0.0074176950288088895,0.0027474279583256664,-0.012227649981948023,-0.2102737224743727,-0.0020168081351673722,0.005829032918965463,-0.00028301822630934226,-3.207925521141184e-06
C,7,292,0.018383828923106194,0.8033502970561581,0.14630945002059456,False,False,-0.14547780480314057,-0.007417711205615157,0.002747429165351491,-0.012227665218255843,-0.2102737224743727,-0.0020168091921722604,0.005829031644650306,-0.0002830181015135521,-3.2079259030617676e-06
C,7,293,0.018383828923106194,0.8033502988088801,0.1463094597867032,False,False,-0.1454778135025406,-0.007417725071449102,0.0027474303723773164,-0.012227671566717436,-0.2102737224743727,-0.0020168098968421856,0.005829028458862415,-0.0002830180079167095,-3.2079262849823514e-06
C,7,294,0.018383828923106194,0.8033503020332017,0.1463094776330127,False,False,-0.14547783090134067,-0.007417739707607154,0.002747431579403141,-0.012227670297025118,-0.2102737224743727,-0.0020168107776795926,0.005829025910232102,-0.0002830179455188144,-3.207926666902935e-06
C,7,295,0.018383828923106194,0.8033503051666995,0.1463094949806278,False,False,-0.1454778483001407,-0.007417755114089314,0.0027474327864289664,-0.012227661409178888,-0.2102737224743727,-0.002016811482349518,0.005829025910232102,-0.0002830177895240767,-3.207926666902935e-06
C,7,296,0.018383828923106194,0.8033503082778068,0.1463095121697183,False,False,-0.14547786569894078,-0.007417767439275042,0.002747433691698335,-0.01222765252133266,-0.2102737224743727,-0.002016812010851962,0.005829025910232102,-0.00028301769592723407,-3.207926666902935e-06
C,7,297,0.018383828923106194,0.8033503114042846,0.1463095294432015,False,False,-0.14547788309774082,-0.00741777206121969,0.002747434596967704,-0.012227649981948023,-0.2102737224743727,-0.002016812187019443,0.005829024635916946,-0.00028301760233039145,-3.207926666902935e-06
C,7,298,0.018383828923106194,0.8033503145987722,0.14630954705452534,False,False,-0.14547790049654089,-0.007417772831543799,0.0027474352004806164,-0.012227653791024978,-0.2102737224743727,-0.002016812539354406,0.005829023361601789,-0.00028301757113144394,-3.2079262849823514e-06
C,7,299,0.018383828923106194,0.8033503178335917,0.14630956488730107,False,False,-0.14547791789534092,-0.007417772831543799,0.0027474358039935288,-0.01222766013948657,-0.2102737224743727,-0.002016812715521887,0.005829023361601789,-0.0002830175087335488,-3.2079259030617676e-06
C,7,300,0.018383828923106194,0.8033503210547679,0.14630958260957963,False,False,-0.145477935294141,-0.007417771290895583,0.0027474361057499854,-0.012227665218255843,-0.2102737224743727,-0.002016812715521887,0.005829025273074524,-0.00028301744633565376,-3.207925521141184e-06
C,7,301,0.018383828923106194,0.8033503242158448,0.14630959996628307,False,False,-0.14547795269294103,-0.007417763587654502,0.0027474361057499854,-0.012227670297025118,-0.2102737224743727,-0.002016812539354406,0.005829025910232102,-0.0002830174151367062,-3.2079251392206e-06
C,7,302,0.018383828923106194,0.8033503272813042,0.14630961679797128,False,False,-0.1454779700917411,-0.007417751262468774,0.0027474361057499854,-0.012227672836409754,-0.2102737224743727,-0.002016812187019443,0.005829024635916946,-0.00028301744633565376,-3.2079247573000163e-06
C,7,303,0.018383828923106194,0.8033503004859485,0.1463096249910418,False,False,-0.1454779787911411,-0.00741774124825537,0.0027474358039935288,-0.012227672836409754,-0.21027375125648304,-0.002016812187019443,0.005829025910232102,-0.0002830174775346013,-3.2079243753794325e-06
C,7,304,0.018383828923106194,0.8033503019496845,0.14630963299247488,False,False,-0.14547798749054114,-0.007417731234041966,0.0027474355022370726,-0.012227670297025118,-0.21027375125648304,-0.0020168118346844807,0.0058290278217048375,-0.0002830175399324964,-3.2079243753794325e-06
C,7,305,0.018383828923106194,0.8033503033726705,0.14630964077015904,False,False,-0.14547799618994117,-0.007417720449504454,0.0027474352004806164,-0.012227666487948161,-0.21027375125648304,-0.0020168113061820366,0.0058290278217048375,-0.00028301760233039145,-3.2079243753794325e-06
C,7,306,0.018383828923106194,0.8033503033117838,0.14630964040026284,False,False,-0.14547799618994117,-0.007417712746263373,0.00274743489872416,-0.012227666487948161,-0.21027375125648304,-0.0020168109538470738,0.005829028458862415,-0.00028301766472828657,-3.2079243753794325e-06
C,7,307,0.018383828923106194,0.8033503033419489,0.14630964053030873,False,False,-0.14547799618994117,-0.007417708124318726,0.002747434596967704,-0.012227670297025118,-0.21027375125648304,-0.0020168106015121113,0.005829029733177572,-0.00028301772712618163,-3.2079239934588487e-06
C,7,308,0.018383828923106194,0.803350303393275,0.14630964074096278,False,False,-0.14547799618994117,-0.0074177035023740776,0.0027474339934547916,-0.01222767537579439,-0.21027375125648304,-0.0020168102491771485,0.00582903037033515,-0.00028301772712618163,-3.2079236115382645e-06
C,7,309,0.018383828923106194,0.8033503018864377,0.14630963239612457,False,False,-0.14547798749054114,-0.007417699650753537,0.0027474333899418788,-0.012227681724255982,-0.21027375125648304,-0.0020168098968421856,0.005829029733177572,-0.00028301775832512914,-3.2079232296176807e-06
C,7,310,0.018383828923106194,0.803350300355582,0.1463096239194057,False,False,-0.1454779787911411,-0.007417698880429429,0.0027474327864289664,-0.012227684263640619,-0.21027375125648304,-0.0020168098968421856,0.005829029733177572,-0.0002830177895240767,-3.207922847697097e-06
C,7,311,0.018383828923106194,0.8033502987821024,0.1463096152086489,False,False,-0.1454779700917411,-0.007417701961725861,0.002747432182916054,-0.012227681724255982,-0.21027375125648304,-0.002016809544507223,0.005829029733177572,-0.00028301782072302425,-3.207922847697097e-06
C,7,312,0.018383828923106194,0.8033502971314967,0.1463096061099946,False,False,-0.14547796139234107,-0.007417707353994617,0.002747431881159598,-0.012227672836409754,-0.21027375125648304,-0.0020168091921722604,0.00582903037033515,-0.0002830179143198669,-3.2079232296176807e-06
C,7,313,0.018383828923106194,0.8033502954145413,0.14630959664702886,False,False,-0.14547795269294103,-0.007417712746263373,0.002747431579403141,-0.01222766013948657,-0.21027375125648304,-0.0020168091921722604,0.005829029733177572,-0.00028301797671776194,-3.2079239934588487e-06
C,7,314,0.018383828923106194,0.803350293762223,0.1463095875389691,False,False,-0.145477943993541,-0.007417718908856238,0.002747431277646685,-0.012227651251640341,-0.21027375125648304,-0.002016809016004779,0.0058290290960199935,-0.0002830180079167095,-3.2079239934588487e-06
C,7,315,0.018383828923106194,0.8033502922324842,0.14630957910396297,False,False,-0.145477935294141,-0.007417727382421426,0.002747430975890229,-0.012227648712255705,-0.21027375125648304,-0.0020168088398372975,0.0058290290960199935,-0.0002830180079167095,-3.2079236115382645e-06
C,7,316,0.018383828923106194,0.8033502907683125,0.14630957102897033,False,False,-0.14547792659474096,-0.007417735085662506,0.0027474306741337726,-0.012227651251640341,-0.21027375125648304,-0.0020168086636698163,0.005829028458862415,-0.0002830180079167095,-3.2079236115382645e-06
C,7,317,0.018383828923106194,0.803350289343723,0.14630956317131236,False,False,-0.14547791789534092,-0.00741774124825537,0.0027474303723773164,-0.012227657600101933,-0.21027375125648304,-0.0020168086636698163,0.005829027184547259,-0.000283018039115657,-3.2079232296176807e-06
C,7,318,0.018383828923106194,0.8033502894342335,0.14630956366828343,False,False,-0.14547791789534092,-0.0074177474108482345,0.0027474303723773164,-0.01222766013948657,-0.21027375125648304,-0.002016808487502335,0.005829026547389681,-0.0002830181015135521,-3.2079236115382645e-06
C,7,319,0.018383828923106194,0.8033502894642204,0.14630956383293386,False,False,-0.14547791789534092,-0.007417754343765206,0.0027474303723773164,-0.012227657600101933,-0.21027375125648304,-0.002016808487502335,0.005829027184547259,-0.0002830181015135521,-3.2079236115382645e-06
C,7,320,0.018383828923106194,0.8033502893934322,0.14630956344425375,False,False,-0.14547791789534092,-0.007417759736033962,0.0027474303723773164,-0.012227649981948023,-0.21027375125648304,-0.002016808487502335,0.005829026547389681,-0.0002830181015135521,-3.2079236115382645e-06
C,7,321,0.018383828923106194,0.8033502892748782,0.14630956279330265,False,False,-0.14547791789534092,-0.0074177620470062865,0.0027474303723773164,-0.012227641094101793,-0.21027375125648304,-0.002016808487502335,0.005829025910232102,-0.00028301813271249963,-3.2079236115382645e-06
C,7,322,0.018383828923106194,0.80335028918783,0.14630956231534212,False,False,-0.14547791789534092,-0.007417763587654502,0.0027474303723773164,-0.012227634745640202,-0.21027375125648304,-0.002016808487502335,0.005829025273074524,-0.00028301807031460457,-3.2079232296176807e-06
C,7,323,0.018383828923106194,0.8033502891955753,0.1463095623934516,False,False,-0.14547791789534092,-0.007417765128302718,0.0027474306741337726,-0.012227634745640202,-0.21027375125648304,-0.002016808487502335,0.005829025273074524,-0.00028301807031460457,-3.2079232296176807e-06
C,7,324,0.018383828923106194,0.8033502892709989,0.14630956284316723,False,False,-0.14547791789534092,-0.007417765128302718,0.002747430975890229,-0.012227639824409475,-0.21027375125648304,-0.002016808487502335,0.005829025910232102,-0.0002830180079167095,-3.207922847697097e-06
C,7,325,0.018383828923106194,0.8033502893444209,0.14630956328189215,False,False,-0.14547791789534092,-0.007417762817330394,0.002747431277646685,-0.012227646172871066,-0.21027375125648304,-0.002016808487502335,0.005829026547389681,-0.00028301797671776194,-3.207922465776513e-06
C,7,326,0.018383828923106194,0.8033502909235413,0.14630957198804126,False,False,-0.14547792659474096,-0.007417758195385747,0.002747431579403141,-0.012227649981948023,-0.21027375125648304,-0.0020168083113348534,0.005829025910232102,-0.00028301797671776194,-3.2079220838559293e-06
C,7,327,0.018383828923106194,0.8033502924955033,0.14630958065488484,False,False,-0.145477935294141,-0.007417754343765206,0.002747431881159598,-0.01222765252133266,-0.21027375125648304,-0.0020168083113348534,0.005829025910232102,-0.0002830179455188144,-3.2079217019353455e-06
C,7,328,0.018383828923106194,0.8033502940405388,0.14630958917388132,False,False,-0.145477943993541,-0.007417751262468774,0.002747432182916054,-0.01222765252133266,-0.21027375125648304,-0.0020168083113348534,0.005829026547389681,-0.0002830178831209193,-3.2079213200147617e-06
C,7,329,0.018383828923106194,0.8033502940148535,0.14630958906843183,False,False,-0.145477943993541,-0.007417748181172342,0.00274743248467251,-0.01222765252133266,-0.21027375125648304,-0.0020168083113348534,0.0058290278217048375,-0.0002830178831209193,-3.2079213200147617e-06
C,7,330,0.018383828923106194,0.8033502939726537,0.14630958883672324,False,False,-0.145477943993541,-0.007417742018579478,0.00274743248467251,-0.012227653791024978,-0.21027375125648304,-0.0020168083113348534,0.005829027184547259,-0.0002830178831209193,-3.2079213200147617e-06
C,7,331,0.018383828923106194,0.8033502939370788,0.14630958864138982,False,False,-0.145477943993541,-0.007417738166958938,0.00274743248467251,-0.012227653791024978,-0.21027375125648304,-0.0020168083113348534,0.005829027184547259,-0.00028301785192197176,-3.207920938094178e-06
C,7,332,0.018383828923106194,0.8033502939274763,0.14630958858866522,False,False,-0.145477943993541,-0.0074177366263107215,0.00274743248467251,-0.012227653791024978,-0.21027375125648304,-0.0020168083113348534,0.0058290278217048375,-0.00028301785192197176,-3.207920938094178e-06
C,7,333,0.018383828923106194,0.8033502939249866,0.1463095885749952,False,False,-0.145477943993541,-0.007417735855986614,0.00274743248467251,-0.012227653791024978,-0.21027375125648304,-0.0020168083113348534,0.005829028458862415,-0.00028301785192197176,-3.207920938094178e-06
C,7,334,0.018383828923106194,0.8033502939494126,0.1463095887091122,False,False,-0.145477943993541,-0.007417734315338398,0.00274743248467251,-0.012227656330409615,-0.21027375125648304,-0.0020168083113348534,0.005829028458862415,-0.00028301785192197176,-3.207920938094178e-06
C,7,335,0.018383828923106194,0.8033502939452775,0.14630958868640728,False,False,-0.145477943993541,-0.007417732774690182,0.00274743248467251,-0.012227657600101933,-0.21027375125648304,-0.0020168083113348534,0.005829027184547259,-0.0002830178831209193,-3.2079213200147617e-06
C,7,336,0.018383828923106194,0.8033502939448004,0.14630958868378793,False,False,-0.145477943993541,-0.007417734315338398,0.00274743248467251,-0.012227656330409615,-0.21027375125648304,-0.0020168083113348534,0.0058290278217048375,-0.0002830178831209193,-3.2079213200147617e-06
C,7,337,0.018383828923106194,0.8033502939518785,0.1463095887226516,False,False,-0.145477943993541,-0.0074177366263107215,0.00274743248467251,-0.012227655060717296,-0.21027375125648304,-0.002016808487502335,0.005829028458862415,-0.0002830178831209193,-3.2079213200147617e-06
C,7,338,0.018383828923106194,0.8033502939283718,0.14630958859358234,False,False,-0.145477943993541,-0.0074177366263107215,0.00274743248467251,-0.012227653791024978,-0.21027375125648304,-0.0020168086636698163,0.0058290278217048375,-0.0002830178831209193,-3.2079217019353455e-06
C,7,339,0.018383828923106194,0.8033502939237487,0.14630958856819776,False,False,-0.145477943993541,-0.0074177366263107215,0.00274743248467251,-0.012227653791024978,-0.21027375125648304,-0.0020168086636698163,0.005829027184547259,-0.0002830178831209193,-3.2079217019353455e-06
C,7,340,0.018383828923106194,0.8033502939648551,0.146309588793903,False,False,-0.145477943993541,-0.0074177389372830456,0.00274743248467251,-0.012227655060717296,-0.21027375125648304,-0.0020168088398372975,0.005829027184547259,-0.0002830178831209193,-3.2079220838559293e-06
C,7,341,0.018383828923106194,0.8033502940151968,0.14630958907031716,False,False,-0.145477943993541,-0.00741774124825537,0.00274743248467251,-0.012227656330409615,-0.21027375125648304,-0.002016809016004779,0.005829028458862415,-0.00028301785192197176,-3.207922465776513e-06
C,7,342,0.018383828923106194,0.8033502940375002,0.14630958919277987,False,False,-0.145477943993541,-0.007417740477931262,0.00274743248467251,-0.012227658869794251,-0.21027375125648304,-0.002016809016004779,0.005829027184547259,-0.0002830178831209193,-3.207922465776513e-06
C,7,343,0.018383828923106194,0.8033502940522028,0.1463095892735084,False,False,-0.145477943993541,-0.007417740477931262,0.00274743248467251,-0.01222766013948657,-0.21027375125648304,-0.002016809016004779,0.005829026547389681,-0.0002830178831209193,-3.207922465776513e-06
C,7,344,0.018383828923106194,0.8033502940634507,0.14630958933526797,False,False,-0.145477943993541,-0.007417742788903586,0.00274743248467251,-0.012227658869794251,-0.21027375125648304,-0.002016809016004779,0.0058290278217048375,-0.00028301785192197176,-3.207922465776513e-06
C,7,345,0.018383828923106194,0.8033502940201761,0.1463095890976572,False,False,-0.145477943993541,-0.007417742788903586,0.00274743248467251,-0.012227656330409615,-0.21027375125648304,-0.002016809016004779,0.005829027184547259,-0.00028301785192197176,-3.207922465776513e-06
C,7,346,0.018383828923106194,0.8033502939937596,0.1463095889526102,False,False,-0.145477943993541,-0.007417742018579478,0.00274743248467251,-0.012227655060717296,-0.21027375125648304,-0.002016809016004779,0.005829027184547259,-0.0002830179143198669,-3.207922465776513e-06
C,7,347,0.018383828923106194,0.8033502939937596,0.1463095889526102,False,False,-0.145477943993541,-0.007417742018579478,0.00274743248467251,-0.012227655060717296,-0.21027375125648304,-0.002016809016004779,0.005829027184547259,-0.0002830179143198669,-3.207922465776513e-06
C,7,348,0.018383828923106194,0.8033502940460043,0.146309589203891,False,False,-0.145477943993541,-0.007417742788903586,0.002747432182916054,-0.012227657600101933,-0.21027375125648304,-0.002016809016004779,0.005829027184547259,-0.0002830179143198669,-3.207922465776513e-06
C,7,349,0.018383828923106194,0.8033502940718106,0.14630958931000407,False,False,-0.145477943993541,-0.007417742788903586,0.002747431881159598,-0.012227658869794251,-0.21027375125648304,-0.002016809016004779,0.005829027184547259,-0.0002830179143198669,-3.207922465776513e-06
C,7,350,0.018383828923106194,0.8033502940646978,0.14630958927094947,False,False,-0.145477943993541,-0.007417742018579478,0.002747431881159598,-0.012227658869794251,-0.21027375125648304,-0.002016809016004779,0.005829027184547259,-0.0002830179143198669,-3.207922465776513e-06
C,7,351,0.018383828923106194,0.803350294045394,0.1463095891649571,False,False,-0.145477943993541,-0.007417742018579478,0.002747431881159598,-0.012227657600101933,-0.21027375125648304,-0.002016809016004779,0.005829027184547259,-0.00028301797671776194,-3.207922847697097e-06
C,7,352,0.018383828923106194,0.8033502940138553,0.14630958899178553,False,False,-0.145477943993541,-0.007417742788903586,0.002747431881159598,-0.012227655060717296,-0.21027375125648304,-0.002016809016004779,0.005829027184547259,-0.00028301797671776194,-3.207922847697097e-06
C,7,353,0.018383828923106194,0.8033502939991416,0.1463095889109967,False,False,-0.145477943993541,-0.007417742788903586,0.002747431881159598,-0.012227653791024978,-0.21027375125648304,-0.002016809016004779,0.0058290278217048375,-0.0002830179455188144,-3.207922847697097e-06
C,7,354,0.018383828923106194,0.8033502939798617,0.14630958880513484,False,False,-0.145477943993541,-0.00741774124825537,0.002747431881159598,-0.012227653791024978,-0.21027375125648304,-0.0020168088398372975,0.005829027184547259,-0.00028301797671776194,-3.207922847697097e-06
C,7,355,0.018383828923106194,0.8033502939945643,0.14630958888586332,False,False,-0.145477943993541,-0.00741774124825537,0.002747431881159598,-0.012227655060717296,-0.21027375125648304,-0.0020168088398372975,0.005829026547389681,-0.00028301797671776194,-3.207922847697097e-06
C,7,356,0.018383828923106194,0.8033502940205258,0.14630958902841176,False,False,-0.145477943993541,-0.007417743559227694,0.002747431881159598,-0.012227655060717296,-0.21027375125648304,-0.0020168088398372975,0.005829027184547259,-0.00028301797671776194,-3.207922847697097e-06
C,7,357,0.018383828923106194,0.8033502940439867,0.14630958915722989,False,False,-0.145477943993541,-0.00741774509987591,0.002747431881159598,-0.012227655060717296,-0.21027375125648304,-0.0020168088398372975,0.005829028458862415,-0.0002830179455188144,-3.207922847697097e-06
C,7,358,0.018383828923106194,0.8033502940327388,0.14630958909547023,False,False,-0.145477943993541,-0.007417742788903586,0.002747431881159598,-0.012227656330409615,-0.21027375125648304,-0.0020168088398372975,0.005829027184547259,-0.00028301797671776194,-3.207922847697097e-06
C,7,359,0.018383828923106194,0.8033502940210028,0.14630958903103103,False,False,-0.145477943993541,-0.007417742018579478,0.002747431881159598,-0.012227656330409615,-0.21027375125648304,-0.0020168088398372975,0.005829026547389681,-0.00028301797671776194,-3.207922847697097e-06
C,7,360,0.018383828923106194,0.8033502940276167,0.1463095890673457,False,False,-0.145477943993541,-0.007417744329551802,0.002747431881159598,-0.012227655060717296,-0.21027375125648304,-0.0020168088398372975,0.005829027184547259,-0.0002830179143198669,-3.207922465776513e-06
C,7,361,0.018383828923106194,0.8033502940464654,0.14630958917083955,False,False,-0.145477943993541,-0.007417745870200018,0.002747431881159598,-0.012227655060717296,-0.21027375125648304,-0.0020168088398372975,0.0058290278217048375,-0.0002830179143198669,-3.207922465776513e-06
C,7,362,0.018383828923106194,0.803350294061645,0.14630958925418727,False,False,-0.145477943993541,-0.007417744329551802,0.002747431881159598,-0.012227657600101933,-0.21027375125648304,-0.0020168088398372975,0.005829026547389681,-0.0002830179143198669,-3.207922465776513e-06
C,7,363,0.018383828923106194,0.8033502940687578,0.1463095892932419,False,False,-0.145477943993541,-0.00741774509987591,0.002747431881159598,-0.012227657600101933,-0.21027375125648304,-0.0020168088398372975,0.005829026547389681,-0.0002830179143198669,-3.207922465776513e-06
C,7,364,0.018383828923106194,0.8033502940560678,0.14630958922356427,False,False,-0.145477943993541,-0.0074177474108482345,0.002747431881159598,-0.012227655060717296,-0.21027375125648304,-0.0020168088398372975,0.005829027184547259,-0.0002830179143198669,-3.207922465776513e-06
C,7,365,0.018383828923106194,0.8033502940363217,0.14630958911514352,False,False,-0.145477943993541,-0.0074177474108482345,0.002747431881159598,-0.012227653791024978,-0.21027375125648304,-0.0020168086636698163,0.005829027184547259,-0.00028301797671776194,-3.207922465776513e-06
C,7,366,0.018383828923106194,0.803350294017473,0.14630958901164964,False,False,-0.145477943993541,-0.007417745870200018,0.002747431881159598,-0.012227653791024978,-0.21027375125648304,-0.0020168086636698163,0.005829026547389681,-0.00028301797671776194,-3.207922847697097e-06
C,7,367,0.018383828923106194,0.8033502940149834,0.1463095889979796,False,False,-0.145477943993541,-0.00741774509987591,0.002747431881159598,-0.012227653791024978,-0.21027375125648304,-0.0020168086636698163,0.005829027184547259,-0.00028301797671776194,-3.207922847697097e-06
C,7,368,0.018383828923106194,0.8033502940189741,0.14630958898430954,False,False,-0.145477943993541,-0.007417744329551802,0.002747431579403141,-0.012227653791024978,-0.21027375125648304,-0.0020168086636698163,0.0058290278217048375,-0.00028301797671776194,-3.207922465776513e-06
C,7,369,0.018383828923106194,0.8033502939736649,0.1463095887355273,False,False,-0.145477943993541,-0.007417742018579478,0.002747431579403141,-0.01222765252133266,-0.21027375125648304,-0.0020168086636698163,0.005829027184547259,-0.0002830179143198669,-3.2079220838559293e-06
C,7,370,0.018383828923106194,0.8033502939548162,0.14630958863203347,False,False,-0.145477943993541,-0.007417740477931262,0.002747431579403141,-0.01222765252133266,-0.21027375125648304,-0.0020168086636698163,0.005829026547389681,-0.0002830179143198669,-3.2079220838559293e-06
C,7,371,0.018383828923106194,0.8033502939736649,0.1463095887355273,False,False,-0.145477943993541,-0.007417742018579478,0.002747431579403141,-0.01222765252133266,-0.21027375125648304,-0.0020168086636698163,0.005829027184547259,-0.0002830179143198669,-3.2079220838559293e-06
C,7,372,0.018383828923106194,0.8033502940118613,0.14630958894525492,False,False,-0.145477943993541,-0.007417743559227694,0.002747431579403141,-0.012227653791024978,-0.21027375125648304,-0.0020168086636698163,0.0058290278217048375,-0.00028301797671776194,-3.207922465776513e-06
C,7,373,0.018383828923106194,0.8033502940072382,0.14630958891987034,False,False,-0.145477943993541,-0.007417743559227694,0.002747431579403141,-0.012227653791024978,-0.21027375125648304,-0.0020168086636698163,0.005829027184547259,-0.00028301797671776194,-3.207922847697097e-06
C,7,374,0.018383828923106194,0.803350294002138,0.14630958889186652,False,False,-0.145477943993541,-0.00741774509987591,0.002747431579403141,-0.01222765252133266,-0.21027375125648304,-0.0020168086636698163,0.005829027184547259,-0.00028301797671776194,-3.207922847697097e-06
C,7,375,0.018383828923106194,0.8033502939970378,0.14630958886386278,False,False,-0.145477943993541,-0.007417746640524126,0.002747431579403141,-0.012227651251640341,-0.21027375125648304,-0.0020168086636698163,0.005829027184547259,-0.00028301797671776194,-3.207922847697097e-06
C,7,376,0.018383828923106194,0.8033502940234765,0.14630958900903046,False,False,-0.145477943993541,-0.0074177474108482345,0.002747431579403141,-0.01222765252133266,-0.21027375125648304,-0.0020168086636698163,0.005829027184547259,-0.00028301797671776194,-3.207922847697097e-06
C,7,377,0.018383828923106194,0.8033502940310662,0.1463095890507043,False,False,-0.145477943993541,-0.007417746640524126,0.002747431579403141,-0.012227653791024978,-0.21027375125648304,-0.0020168086636698163,0.005829026547389681,-0.00028301797671776194,-3.207922465776513e-06
C,7,378,0.018383828923106194,0.80335029405037,0.14630958915669665,False,False,-0.145477943993541,-0.007417746640524126,0.002747431579403141,-0.012227655060717296,-0.21027375125648304,-0.0020168086636698163,0.005829026547389681,-0.0002830179143198669,-3.2079220838559293e-06
C,7,379,0.018383828923106194,0.8033502941007575,0.14630958943336203,False,False,-0.145477943993541,-0.0074177474108482345,0.002747431579403141,-0.012227657600101933,-0.21027375125648304,-0.0020168086636698163,0.005829027184547259,-0.0002830179143198669,-3.2079220838559293e-06
C,7,380,0.018383828923106194,0.8033502941007795,0.14630958943348277,False,False,-0.145477943993541,-0.0074177474108482345,0.002747431579403141,-0.012227657600101933,-0.21027375125648304,-0.0020168086636698163,0.005829027184547259,-0.00028301797671776194,-3.207922465776513e-06
C,7,381,0.018383828923106194,0.8033502940296859,0.14630958907870806,False,False,-0.145477943993541,-0.00741774509987591,0.002747431881159598,-0.012227655060717296,-0.21027375125648304,-0.0020168086636698163,0.005829026547389681,-0.00028301797671776194,-3.207922847697097e-06
C,7,382,0.018383828923106194,0.8033502939885449,0.1463095888528119,False,False,-0.145477943993541,-0.007417744329551802,0.002747431881159598,-0.01222765252133266,-0.21027375125648304,-0.0020168086636698163,0.005829027184547259,-0.00028301797671776194,-3.207922847697097e-06
C,7,383,0.018383828923106194,0.8033502939474035,0.1463095886269158,False,False,-0.145477943993541,-0.007417743559227694,0.002747431881159598,-0.012227649981948023,-0.21027375125648304,-0.0020168086636698163,0.0058290278217048375,-0.00028301797671776194,-3.207922465776513e-06
C,7,384,0.018383828923106194,0.8033502939214201,0.1463095884842466,False,False,-0.145477943993541,-0.00741774124825537,0.002747431881159598,-0.012227649981948023,-0.21027375125648304,-0.0020168086636698163,0.005829027184547259,-0.0002830179143198669,-3.2079220838559293e-06
C,7,385,0.018383828923106194,0.8033502939534247,0.14630958865997695,False,False,-0.145477943993541,-0.0074177389372830456,0.002747431881159598,-0.012227653791024978,-0.21027375125648304,-0.0020168086636698163,0.005829026547389681,-0.0002830178831209193,-3.2079217019353455e-06
C,7,386,0.018383828923106194,0.8033502940155481,0.14630958900108149,False,False,-0.145477943993541,-0.007417740477931262,0.002747431881159598,-0.012227656330409615,-0.21027375125648304,-0.0020168086636698163,0.0058290278217048375,-0.0002830178831209193,-3.2079217019353455e-06
C,7,387,0.018383828923106194,0.8033502940431072,0.14630958918798342,False,False,-0.145477943993541,-0.007417740477931262,0.002747432182916054,-0.012227658869794251,-0.21027375125648304,-0.0020168086636698163,0.005829027184547259,-0.0002830179143198669,-3.2079220838559293e-06
C,7,388,0.018383828923106194,0.8033502940366487,0.14630958918810416,False,False,-0.145477943993541,-0.007417740477931262,0.00274743248467251,-0.012227658869794251,-0.21027375125648304,-0.0020168086636698163,0.005829027184547259,-0.00028301797671776194,-3.207922465776513e-06
C,7,389,0.018383828923106194,0.8033502940168239,0.1463095890792511,False,False,-0.145477943993541,-0.007417742018579478,0.00274743248467251,-0.012227656330409615,-0.21027375125648304,-0.0020168086636698163,0.0058290278217048375,-0.0002830179143198669,-3.2079220838559293e-06
C,7,390,0.018383828923106194,0.8033502939710485,0.14630958882790995,False,False,-0.145477943993541,-0.00741774124825537,0.00274743248467251,-0.012227653791024978,-0.21027375125648304,-0.0020168086636698163,0.0058290278217048375,-0.0002830178831209193,-3.2079217019353455e-06
C,7,391,0.018383828923106194,0.8033502939064245,0.14630958847307507,False,False,-0.145477943993541,-0.0074177389372830456,0.00274743248467251,-0.012227651251640341,-0.21027375125648304,-0.0020168086636698163,0.005829027184547259,-0.00028301785192197176,-3.2079213200147617e-06
C,7,392,0.018383828923106194,0.8033502939186266,0.14630958854007317,False,False,-0.145477943993541,-0.007417738166958938,0.00274743248467251,-0.01222765252133266,-0.21027375125648304,-0.0020168086636698163,0.005829027184547259,-0.00028301782072302425,-3.207920938094178e-06
C,7,393,0.018383828923106194,0.8033502939761267,0.1463095888557931,False,False,-0.145477943993541,-0.007417739707607154,0.00274743248467251,-0.012227655060717296,-0.21027375125648304,-0.0020168086636698163,0.0058290278217048375,-0.00028301782072302425,-3.207920938094178e-06
C,7,394,0.018383828923106194,0.8033502940366047,0.14630958918786272,False,False,-0.145477943993541,-0.007417740477931262,0.00274743248467251,-0.012227658869794251,-0.21027375125648304,-0.0020168086636698163,0.005829027184547259,-0.00028301785192197176,-3.2079213200147617e-06
C,7,395,0.018383828923106194,0.8033502940372591,0.14630958922703804,False,False,-0.145477943993541,-0.00741774124825537,0.0027474327864289664,-0.012227658869794251,-0.21027375125648304,-0.0020168086636698163,0.005829027184547259,-0.0002830179143198669,-3.2079220838559293e-06
C,7,396,0.018383828923106194,0.8033502940174563,0.14630958911830572,False,False,-0.145477943993541,-0.007417742788903586,0.0027474327864289664,-0.012227656330409615,-0.21027375125648304,-0.0020168086636698163,0.0058290278217048375,-0.0002830179143198669,-3.2079220838559293e-06
C,7,397,0.018383828923106194,0.8033502939348978,0.14630958862941426,False,False,-0.145477943993541,-0.007417742018579478,0.00274743248467251,-0.012227651251640341,-0.21027375125648304,-0.0020168086636698163,0.005829027184547259,-0.0002830179143198669,-3.2079220838559293e-06
C,7,398,0.018383828923106194,0.8033502939082581,0.14630958844756,False,False,-0.145477943993541,-0.007417740477931262,0.002747432182916054,-0.012227649981948023,-0.21027375125648304,-0.0020168088398372975,0.005829027184547259,-0.0002830178831209193,-3.2079220838559293e-06
C,7,399,0.018383828923106194,0.8033502939727158,0.14630958876589917,False,False,-0.145477943993541,-0.007417740477931262,0.002747431881159598,-0.012227653791024978,-0.21027375125648304,-0.0020168088398372975,0.005829027184547259,-0.0002830178831209193,-3.2079220838559293e-06
C,7,400,0.018383828923106194,0.80335029405003,0.14630958919041184,False,False,-0.145477943993541,-0.007417740477931262,0.002747431881159598,-0.012227658869794251,-0.21027375125648304,-0.0020168088398372975,0.005829027184547259,-0.0002830179143198669,-3.207922465776513e-06
C,7,401,0.018383828923106194,0.8033502940693777,0.14630958929664564,False,False,-0.145477943993541,-0.007417740477931262,0.002747431881159598,-0.01222766013948657,-0.21027375125648304,-0.0020168088398372975,0.005829027184547259,-0.00028301797671776194,-3.207922847697097e-06
C,7,402,0.018383828923106194,0.8033502940740008,0.14630958932203025,False,False,-0.145477943993541,-0.007417740477931262,0.002747431881159598,-0.01222766013948657,-0.21027375125648304,-0.0020168088398372975,0.0058290278217048375,-0.00028301797671776194,-3.2079232296176807e-06
C,7,403,0.018383828923106194,0.8033502939778491,0.1463095887940841,False,False,-0.145477943993541,-0.0074177389372830456,0.002747431881159598,-0.012227655060717296,-0.21027375125648304,-0.0020168088398372975,0.005829027184547259,-0.00028301797671776194,-3.2079232296176807e-06
C,7,404,0.018383828923106194,0.8033502938934332,0.14630958833057728,False,False,-0.145477943993541,-0.007417738166958938,0.002747431881159598,-0.012227649981948023,-0.21027375125648304,-0.0020168088398372975,0.005829027184547259,-0.00028301797671776194,-3.207922847697097e-06
C,7,405,0.018383828923106194,0.8033502939051472,0.14630958839489575,False,False,-0.145477943993541,-0.0074177389372830456,0.002747431881159598,-0.012227649981948023,-0.21027375125648304,-0.0020168088398372975,0.0058290278217048375,-0.0002830179143198669,-3.207922465776513e-06
C,7,406,0.018383828923106194,0.8033502939778271,0.14630958879396336,False,False,-0.145477943993541,-0.0074177389372830456,0.002747431881159598,-0.012227655060717296,-0.21027375125648304,-0.0020168088398372975,0.005829027184547259,-0.0002830179143198669,-3.207922465776513e-06
C,7,407,0.018383828923106194,0.8033502940622429,0.14630958925747034,False,False,-0.145477943993541,-0.007417739707607154,0.002747431881159598,-0.01222766013948657,-0.21027375125648304,-0.0020168088398372975,0.005829027184547259,-0.0002830179143198669,-3.207922465776513e-06
C,7,408,0.018383828923106194,0.8033503082306239,0.14630958937488545,False,False,-0.145477943993541,-0.007417740477931262,0.002747431881159598,-0.012227661409178888,-0.21027373686542786,-0.0020168086636698163,0.005829026547389681,-0.0002830179455188144,-3.207922465776513e-06
C,7,409,0.018383828923106194,0.8033503082032203,0.1463095892244188,False,False,-0.145477943993541,-0.007417742788903586,0.002747431881159598,-0.012227657600101933,-0.21027373686542786,-0.0020168086636698163,0.0058290278217048375,-0.0002830179143198669,-3.207922465776513e-06
C,7,410,0.018383828923106194,0.8033503081258951,0.1463095887998458,False,False,-0.145477943993541,-0.007417742788903586,0.002747431881159598,-0.01222765252133266,-0.21027373686542786,-0.0020168086636698163,0.0058290278217048375,-0.00028301785192197176,-3.2079220838559293e-06
C,7,411,0.018383828923106194,0.803350308044457,0.14630958835268865,False,False,-0.145477943993541,-0.00741774124825537,0.002747431881159598,-0.012227648712255705,-0.21027373686542786,-0.0020168086636698163,0.005829026547389681,-0.0002830178831209193,-3.2079220838559293e-06
C,7,412,0.018383828923106194,0.803350308044457,0.14630958835268865,False,False,-0.145477943993541,-0.00741774124825537,0.002747431881159598,-0.012227648712255705,-0.21027373686542786,-0.0020168086636698163,0.005829026547389681,-0.0002830178831209193,-3.2079220838559293e-06
C,7,413,0.018383828923106194,0.8033503081065694,0.14630958869373276,False,False,-0.145477943993541,-0.007417742788903586,0.002747431881159598,-0.012227651251640341,-0.21027373686542786,-0.0020168086636698163,0.0058290278217048375,-0.00028301785192197176,-3.2079220838559293e-06
C,7,414,0.018383828923106194,0.8033503081599346,0.1463095889867477,False,False,-0.145477943993541,-0.007417742788903586,0.002747431881159598,-0.012227655060717296,-0.21027373686542786,-0.0020168086636698163,0.005829027184547259,-0.0002830178831209193,-3.2079220838559293e-06
C,7,415,0.018383828923106194,0.8033503082061758,0.14630958924064774,False,False,-0.145477943993541,-0.007417742018579478,0.002747431881159598,-0.012227658869794251,-0.21027373686542786,-0.0020168086636698163,0.005829026547389681,-0.0002830178831209193,-3.2079220838559293e-06
C,7,416,0.018383828923106194,0.8033503082061758,0.14630958924064774,False,False,-0.145477943993541,-0.007417742018579478,0.002747431881159598,-0.012227658869794251,-0.21027373686542786,-0.0020168086636698163,0.005829026547389681,-0.0002830178831209193,-3.2079220838559293e-06
C,7,417,0.018383828923106194,0.8033503081909852,0.14630958915723963,False,False,-0.145477943993541,-0.007417743559227694,0.002747431881159598,-0.012227656330409615,-0.21027373686542786,-0.0020168086636698163,0.0058290278217048375,-0.00028301785192197176,-3.2079220838559293e-06
C,7,418,0.018383828923106194,0.8033503081406088,0.14630958888063464,False,False,-0.145477943993541,-0.007417742788903586,0.002747431881159598,-0.012227653791024978,-0.21027373686542786,-0.0020168086636698163,0.005829027184547259,-0.0002830178831209193,-3.2079220838559293e-06
C,7,419,0.018383828923106194,0.8033503080708955,0.1463095884978563,False,False,-0.145477943993541,-0.007417742018579478,0.002747431881159598,-0.012227649981948023,-0.21027373686542786,-0.0020168086636698163,0.005829026547389681,-0.0002830178831209193,-3.2079220838559293e-06
C,7,420,0.018383828923106194,0.8033503080708955,0.1463095884978563,False,False,-0.145477943993541,-0.007417742018579478,0.002747431881159598,-0.012227649981948023,-0.21027373686542786,-0.0020168086636698163,0.005829026547389681,-0.0002830178831209193,-3.2079220838559293e-06
C,7,421,0.018383828923106194,0.8033503081065694,0.14630958869373276,False,False,-0.145477943993541,-0.007417742788903586,0.002747431881159598,-0.012227651251640341,-0.21027373686542786,-0.0020168086636698163,0.0058290278217048375,-0.00028301785192197176,-3.2079220838559293e-06
C,7,422,0.018383828923106194,0.803350308133496,0.14630958884158002,False,False,-0.145477943993541,-0.007417742018579478,0.002747431881159598,-0.012227653791024978,-0.21027373686542786,-0.0020168086636698163,0.005829027184547259,-0.0002830178831209193,-3.2079220838559293e-06
C,7,423,0.018383828923106194,0.8033503081797373,0.14630958909548003,False,False,-0.145477943993541,-0.00741774124825537,0.002747431881159598,-0.012227657600101933,-0.21027373686542786,-0.0020168086636698163,0.005829026547389681,-0.0002830178831209193,-3.2079220838559293e-06
C,7,424,0.018383828923106194,0.803350308210799,0.14630958926603232,False,False,-0.145477943993541,-0.007417742018579478,0.002747431881159598,-0.012227658869794251,-0.21027373686542786,-0.0020168086636698163,0.005829027184547259,-0.0002830178831209193,-3.2079220838559293e-06
C,7,425,0.018383828923106194,0.8033503081721475,0.14630958905380614,False,False,-0.145477943993541,-0.007417742018579478,0.002747431881159598,-0.012227656330409615,-0.21027373686542786,-0.0020168086636698163,0.005829027184547259,-0.0002830178831209193,-3.2079220838559293e-06
C,7,426,0.018383828923106194,0.803350308133496,0.14630958884158002,False,False,-0.145477943993541,-0.007417742018579478,0.002747431881159598,-0.012227653791024978,-0.21027373686542786,-0.0020168086636698163,0.005829027184547259,-0.0002830178831209193,-3.2079220838559293e-06
C,7,427,0.018383828923106194,0.8033503080902212,0.1463095886039693,False,False,-0.145477943993541,-0.007417742018579478,0.002747431881159598,-0.012227651251640341,-0.21027373686542786,-0.0020168086636698163,0.005829026547389681,-0.0002830178831209193,-3.2079220838559293e-06
C,7,428,0.018383828923106194,0.8033503080826315,0.1463095885622955,False,False,-0.145477943993541,-0.007417742788903586,0.002747431881159598,-0.012227649981948023,-0.21027373686542786,-0.0020168086636698163,0.005829027184547259,-0.0002830178831209193,-3.2079220838559293e-06
C,7,429,0.018383828923106194,0.8033503081019573,0.1463095886684085,False,False,-0.145477943993541,-0.007417742788903586,0.002747431881159598,-0.012227651251640341,-0.21027373686542786,-0.0020168086636698163,0.005829027184547259,-0.0002830178831209193,-3.2079220838559293e-06
C,7,430,0.018383828923106194,0.8033503081288728,0.14630958881619543,False,False,-0.145477943993541,-0.007417742018579478,0.002747431881159598,-0.012227653791024978,-0.21027373686542786,-0.0020168086636698163,0.005829026547389681,-0.0002830178831209193,-3.2079220838559293e-06
C,7,431,0.018383828923106194,0.8033503081599126,0.146309588986627,False,False,-0.145477943993541,-0.007417742788903586,0.002747431881159598,-0.012227655060717296,-0.21027373686542786,-0.0020168086636698163,0.005829027184547259,-0.00028301782072302425,-3.2079217019353455e-06
C,7,432,0.018383828923106194,0.8033503081939519,0.1463095891735289,False,False,-0.145477943993541,-0.007417742788903586,0.002747431881159598,-0.012227657600101933,-0.21027373686542786,-0.0020168086636698163,0.005829026547389681,-0.00028301785192197176,-3.2079217019353455e-06
C,7,433,0.018383828923106194,0.8033503081939629,0.14630958917358927,False,False,-0.145477943993541,-0.007417742788903586,0.002747431881159598,-0.012227657600101933,-0.21027373686542786,-0.0020168086636698163,0.005829026547389681,-0.0002830178831209193,-3.2079220838559293e-06
C,7,434,0.018383828923106194,0.8033503081863731,0.14630958913191539,False,False,-0.145477943993541,-0.007417743559227694,0.002747431881159598,-0.012227656330409615,-0.21027373686542786,-0.0020168086636698163,0.005829027184547259,-0.0002830178831209193,-3.2079220838559293e-06
C,7,435,0.018383828923106194,0.8033503081523337,0.1463095889450135,False,False,-0.145477943993541,-0.007417743559227694,0.002747431881159598,-0.012227653791024978,-0.21027373686542786,-0.0020168086636698163,0.0058290278217048375,-0.00028301785192197176,-3.2079220838559293e-06
C,7,436,0.018383828923106194,0.803350308109547,0.14630958871008237,False,False,-0.145477943993541,-0.007417742018579478,0.002747431881159598,-0.01222765252133266,-0.21027373686542786,-0.0020168086636698163,0.005829026547389681,-0.0002830178831209193,-3.2079220838559293e-06
C,7,437,0.018383828923106194,0.8033503080902212,0.1463095886039693,False,False,-0.145477943993541,-0.007417742018579478,0.002747431881159598,-0.012227651251640341,-0.21027373686542786,-0.0020168086636698163,0.005829026547389681,-0.0002830178831209193,-3.2079220838559293e-06
C,7,438,0.018383828923106194,0.8033503081019573,0.1463095886684085,False,False,-0.145477943993541,-0.007417742788903586,0.002747431881159598,-0.012227651251640341,-0.21027373686542786,-0.0020168086636698163,0.005829027184547259,-0.0002830178831209193,-3.2079220838559293e-06
C,7,439,0.018383828923106194,0.803350308121283,0.14630958877452158,False,False,-0.145477943993541,-0.007417742788903586,0.002747431881159598,-0.01222765252133266,-0.21027373686542786,-0.0020168086636698163,0.005829027184547259,-0.0002830178831209193,-3.2079220838559293e-06
C,7,440,0.018383828923106194,0.8033503081406088,0.14630958888063464,False,False,-0.145477943993541,-0.007417742788903586,0.002747431881159598,-0.012227653791024978,-0.21027373686542786,-0.0020168086636698163,0.005829027184547259,-0.0002830178831209193,-3.2079220838559293e-06
C,7,441,0.018383828923106194,0.8033503081481985,0.1463095889223085,False,False,-0.145477943993541,-0.007417742018579478,0.002747431881159598,-0.012227655060717296,-0.21027373686542786,-0.0020168086636698163,0.005829026547389681,-0.0002830178831209193,-3.2079220838559293e-06
C,7,442,0.018383828923106194,0.8033503081528217,0.14630958894769308,False,False,-0.145477943993541,-0.007417742018579478,0.002747431881159598,-0.012227655060717296,-0.21027373686542786,-0.0020168086636698163,0.005829027184547259,-0.0002830178831209193,-3.2079220838559293e-06
C,7,443,0.018383828923106194,0.8033503081528217,0.14630958894769308,False,False,-0.145477943993541,-0.007417742018579478,0.002747431881159598,-0.012227655060717296,-0.21027373686542786,-0.0020168086636698163,0.005829027184547259,-0.0002830178831209193,-3.2079220838559293e-06
C,7,444,0.018383828923106194,0.8033503081528217,0.14630958894769308,False,False,-0.145477943993541,-0.007417742018579478,0.002747431881159598,-0.012227655060717296,-0.21027373686542786,-0.0020168086636698163,0.005829027184547259,-0.0002830178831209193,-3.2079220838559293e-06
C,7,445,0.018383828923106194,0.80335030812176,0.14630958877714081,False,False,-0.145477943993541,-0.00741774124825537,0.002747431881159598,-0.012227653791024978,-0.21027373686542786,-0.0020168086636698163,0.005829026547389681,-0.0002830178831209193,-3.2079220838559293e-06
C,7,446,0.018383828923106194,0.803350308133496,0.14630958884158002,False,False,-0.145477943993541,-0.007417742018579478,0.002747431881159598,-0.012227653791024978,-0.21027373686542786,-0.0020168086636698163,0.005829027184547259,-0.0002830178831209193,-3.2079220838559293e-06
C,7,447,0.018383828923106194,0.803350308121283,0.14630958877452158,False,False,-0.145477943993541,-0.007417742788903586,0.002747431881159598,-0.01222765252133266,-0.21027373686542786,-0.0020168086636698163,0.005829027184547259,-0.0002830178831209193,-3.2079220838559293e-06
C,7,448,0.018383828923106194,0.803350308121283,0.14630958877452158,False,False,-0.145477943993541,-0.007417742788903586,0.002747431881159598,-0.01222765252133266,-0.21027373686542786,-0.0020168086636698163,0.005829027184547259,-0.0002830178831209193,-3.2079220838559293e-06
C,7,449,0.018383828923106194,0.803350308109547,0.14630958871008237,False,False,-0.145477943993541,-0.007417742018579478,0.002747431881159598,-0.01222765252133266,-0.21027373686542786,-0.0020168086636698163,0.005829026547389681,-0.0002830178831209193,-3.2079220838559293e-06
C,7,450,0.018383828923106194,0.8033503081359856,0.14630958885525006,False,False,-0.145477943993541,-0.007417742788903586,0.002747431881159598,-0.012227653791024978,-0.21027373686542786,-0.0020168086636698163,0.005829026547389681,-0.0002830178831209193,-3.2079220838559293e-06
C,7,451,0.018383828923106194,0.8033503081594465,0.14630958898406812,False,False,-0.145477943993541,-0.007417744329551802,0.002747431881159598,-0.012227653791024978,-0.21027373686542786,-0.0020168086636698163,0.0058290278217048375,-0.00028301785192197176,-3.2079220838559293e-06
C,7,452,0.018383828923106194,0.8033503081670473,0.14630958902580232,False,False,-0.145477943993541,-0.007417743559227694,0.002747431881159598,-0.012227655060717296,-0.21027373686542786,-0.0020168086636698163,0.005829027184547259,-0.0002830178831209193,-3.2079220838559293e-06
C,7,453,0.018383828923106194,0.8033503081675243,0.14630958902842156,False,False,-0.145477943993541,-0.007417742018579478,0.002747431881159598,-0.012227656330409615,-0.21027373686542786,-0.0020168086636698163,0.005829026547389681,-0.0002830178831209193,-3.2079220838559293e-06
C,7,454,0.018383828923106194,0.8033503081792384,0.14630958909274006,False,False,-0.145477943993541,-0.007417742788903586,0.002747431881159598,-0.012227656330409615,-0.21027373686542786,-0.0020168086636698163,0.005829027184547259,-0.00028301782072302425,-3.2079217019353455e-06
C,7,455,0.018383828923106194,0.8033503081599126,0.146309588986627,False,False,-0.145477943993541,-0.007417742788903586,0.002747431881159598,-0.012227655060717296,-0.21027373686542786,-0.0020168086636698163,0.005829027184547259,-0.00028301782072302425,-3.2079217019353455e-06
C,7,456,0.018383828923106194,0.8033503081284306,0.14630958881376704,False,False,-0.145477943993541,-0.007417742018579478,0.002747431881159598,-0.012227653791024978,-0.21027373686542786,-0.002016808487502335,0.005829026547389681,-0.0002830178831209193,-3.2079220838559293e-06
C,7,457,0.018383828923106194,0.8033503081279536,0.1463095888111478,False,False,-0.145477943993541,-0.007417743559227694,0.002747431881159598,-0.01222765252133266,-0.21027373686542786,-0.002016808487502335,0.005829027184547259,-0.0002830178831209193,-3.2079220838559293e-06
C,7,458,0.018383828923106194,0.8033503081010379,0.14630958866336097,False,False,-0.145477943993541,-0.007417744329551802,0.002747431881159598,-0.012227649981948023,-0.21027373686542786,-0.002016808487502335,0.0058290278217048375,-0.0002830178831209193,-3.2079220838559293e-06
C,7,459,0.018383828923106194,0.8033503080968919,0.14630958864059557,False,False,-0.145477943993541,-0.007417742788903586,0.002747431881159598,-0.012227651251640341,-0.21027373686542786,-0.002016808487502335,0.005829026547389681,-0.0002830178831209193,-3.2079220838559293e-06
C,7,460,0.018383828923106194,0.8033503081091048,0.14630958870765398,False,False,-0.145477943993541,-0.007417742018579478,0.002747431881159598,-0.01222765252133266,-0.21027373686542786,-0.002016808487502335,0.005829026547389681,-0.0002830178831209193,-3.2079220838559293e-06
C,7,461,0.018383828923106194,0.8033503081401665,0.14630958887820625,False,False,-0.145477943993541,-0.007417742788903586,0.002747431881159598,-0.012227653791024978,-0.21027373686542786,-0.002016808487502335,0.005829027184547259,-0.0002830178831209193,-3.2079220838559293e-06
C,7,462,0.018383828923106194,0.8033503081447897,0.14630958890359083,False,False,-0.145477943993541,-0.007417742788903586,0.002747431881159598,-0.012227653791024978,-0.21027373686542786,-0.002016808487502335,0.0058290278217048375,-0.0002830178831209193,-3.2079220838559293e-06
C,7,463,0.018383828923106194,0.8033503081324214,0.146309588800097,False,False,-0.145477943993541,-0.00741774124825537,0.002747431579403141,-0.012227653791024978,-0.21027373686542786,-0.002016808487502335,0.005829027184547259,-0.0002830178831209193,-3.2079220838559293e-06
C,7,464,0.018383828923106194,0.8033503081135727,0.1463095886966032,False,False,-0.145477943993541,-0.007417739707607154,0.002747431579403141,-0.012227653791024978,-0.21027373686542786,-0.002016808487502335,0.005829026547389681,-0.0002830178831209193,-3.2079220838559293e-06
C,7,465,0.018383828923106194,0.8033503081253086,0.1463095887610424,False,False,-0.145477943993541,-0.007417740477931262,0.002747431579403141,-0.012227653791024978,-0.21027373686542786,-0.002016808487502335,0.005829027184547259,-0.0002830178831209193,-3.2079220838559293e-06
C,7,466,0.018383828923106194,0.8033503081370665,0.1463095888256023,False,False,-0.145477943993541,-0.00741774124825537,0.002747431579403141,-0.012227653791024978,-0.21027373686542786,-0.002016808487502335,0.0058290278217048375,-0.0002830179455188144,-3.207922465776513e-06
C,7,467,0.018383828923106194,0.8033503081253307,0.14630958876116312,False,False,-0.145477943993541,-0.007417740477931262,0.002747431579403141,-0.012227653791024978,-0.21027373686542786,-0.002016808487502335,0.005829027184547259,-0.0002830179455188144,-3.207922465776513e-06
C,7,468,0.018383828923106194,0.8033503081182178,0.1463095887221085,False,False,-0.145477943993541,-0.007417739707607154,0.002747431579403141,-0.012227653791024978,-0.21027373686542786,-0.002016808487502335,0.005829027184547259,-0.0002830179455188144,-3.207922465776513e-06
C,7,469,0.018383828923106194,0.8033503080795663,0.1463095885098824,False,False,-0.145477943993541,-0.007417739707607154,0.002747431579403141,-0.012227651251640341,-0.21027373686542786,-0.002016808487502335,0.005829027184547259,-0.0002830179455188144,-3.207922465776513e-06
C,7,470,0.018383828923106194,0.8033503080648636,0.14630958842915395,False,False,-0.145477943993541,-0.007417739707607154,0.002747431579403141,-0.012227649981948023,-0.21027373686542786,-0.002016808487502335,0.0058290278217048375,-0.0002830179455188144,-3.207922465776513e-06
C,7,471,0.018383828923106194,0.8033503080577289,0.14630958838997862,False,False,-0.145477943993541,-0.0074177389372830456,0.002747431579403141,-0.012227649981948023,-0.21027373686542786,-0.002016808487502335,0.0058290278217048375,-0.0002830178831209193,-3.2079220838559293e-06
C,7,472,0.018383828923106194,0.8033503081039702,0.14630958864387858,False,False,-0.145477943993541,-0.007417738166958938,0.002747431579403141,-0.012227653791024978,-0.21027373686542786,-0.002016808487502335,0.005829027184547259,-0.0002830178831209193,-3.2079220838559293e-06
C,7,473,0.018383828923106194,0.8033503081690603,0.1463095890012724,False,False,-0.145477943993541,-0.0074177389372830456,0.002747431579403141,-0.012227657600101933,-0.21027373686542786,-0.002016808487502335,0.005829027184547259,-0.0002830178831209193,-3.2079220838559293e-06
C,7,474,0.018383828923106194,0.8033503081808182,0.14630958906583233,False,False,-0.145477943993541,-0.007417739707607154,0.002747431579403141,-0.012227657600101933,-0.21027373686542786,-0.002016808487502335,0.0058290278217048375,-0.0002830179455188144,-3.207922465776513e-06
C,7,475,0.018383828923106194,0.8033503081228409,0.14630958874749309,False,False,-0.145477943993541,-0.007417739707607154,0.002747431579403141,-0.012227653791024978,-0.21027373686542786,-0.002016808487502335,0.0058290278217048375,-0.0002830179455188144,-3.207922465776513e-06
C,7,476,0.018383828923106194,0.8033503080531278,0.14630958836471475,False,False,-0.145477943993541,-0.0074177389372830456,0.002747431579403141,-0.012227649981948023,-0.21027373686542786,-0.002016808487502335,0.005829027184547259,-0.0002830179455188144,-3.207922465776513e-06
C,7,477,0.018383828923106194,0.803350308033802,0.14630958825860174,False,False,-0.145477943993541,-0.0074177389372830456,0.002747431579403141,-0.012227648712255705,-0.21027373686542786,-0.002016808487502335,0.005829027184547259,-0.0002830179455188144,-3.207922465776513e-06
C,7,478,0.018383828923106194,0.8033503080648636,0.14630958842915395,False,False,-0.145477943993541,-0.007417739707607154,0.002747431579403141,-0.012227649981948023,-0.21027373686542786,-0.002016808487502335,0.0058290278217048375,-0.0002830179455188144,-3.207922465776513e-06
C,7,479,0.018383828923106194,0.8033503081034932,0.1463095886412593,False,False,-0.145477943993541,-0.007417739707607154,0.002747431579403141,-0.01222765252133266,-0.21027373686542786,-0.002016808487502335,0.0058290278217048375,-0.0002830178831209193,-3.2079220838559293e-06
C,7,480,0.018383828923106194,0.8033503081690603,0.1463095890012724,False,False,-0.145477943993541,-0.0074177389372830456,0.002747431579403141,-0.012227657600101933,-0.21027373686542786,-0.002016808487502335,0.005829027184547259,-0.0002830178831209193,-3.2079220838559293e-06
C,7,481,0.018383828923106194,0.803350308183763,0.1463095890820009,False,False,-0.145477943993541,-0.0074177389372830456,0.002747431579403141,-0.012227658869794251,-0.21027373686542786,-0.002016808487502335,0.005829026547389681,-0.0002830178831209193,-3.2079220838559293e-06
C,7,482,0.018383828923106194,0.8033503081950218,0.1463095891438208,False,False,-0.145477943993541,-0.00741774124825537,0.002747431579403141,-0.012227657600101933,-0.21027373686542786,-0.002016808487502335,0.0058290278217048375,-0.0002830178831209193,-3.2079220838559293e-06
C,7,483,0.018383828923106194,0.8033503081441794,0.14630958886465695,False,False,-0.145477943993541,-0.007417742018579478,0.002747431579403141,-0.012227653791024978,-0.21027373686542786,-0.002016808487502335,0.0058290278217048375,-0.0002830179455188144,-3.207922465776513e-06
C,7,484,0.018383828923106194,0.803350308069854,0.14630958845655437,False,False,-0.145477943993541,-0.00741774124825537,0.002747431579403141,-0.012227649981948023,-0.21027373686542786,-0.002016808487502335,0.005829026547389681,-0.00028301797671776194,-3.207922847697097e-06
C,7,485,0.018383828923106194,0.8033503080622642,0.14630958841488056,False,False,-0.145477943993541,-0.007417742018579478,0.002747431579403141,-0.012227648712255705,-0.21027373686542786,-0.002016808487502335,0.005829027184547259,-0.00028301797671776194,-3.207922847697097e-06
C,7,486,0.018383828923106194,0.803350308073788,0.1463095884425728,False,False,-0.145477943993541,-0.007417742018579478,0.002747431277646685,-0.012227648712255705,-0.21027373686542786,-0.0020168086636698163,0.0058290278217048375,-0.0002830179143198669,-3.207922465776513e-06
C,7,487,0.018383828923106194,0.803350308098702,0.1463095885793692,False,False,-0.145477943993541,-0.0074177389372830456,0.002747431277646685,-0.01222765252133266,-0.21027373686542786,-0.0020168086636698163,0.005829027184547259,-0.0002830179455188144,-3.207922465776513e-06
C,7,488,0.018383828923106194,0.8033503081571562,0.14630958890032772,False,False,-0.145477943993541,-0.00741773739663483,0.002747431277646685,-0.012227657600101933,-0.21027373686542786,-0.0020168086636698163,0.005829026547389681,-0.0002830179455188144,-3.207922465776513e-06
C,7,489,0.018383828923106194,0.8033503082192687,0.14630958924137194,False,False,-0.145477943993541,-0.0074177389372830456,0.002747431277646685,-0.01222766013948657,-0.21027373686542786,-0.0020168086636698163,0.0058290278217048375,-0.0002830179143198669,-3.207922465776513e-06
C,7,490,0.018383828923106194,0.803350308211679,0.14630958919969803,False,False,-0.145477943993541,-0.007417739707607154,0.002747431277646685,-0.012227658869794251,-0.21027373686542786,-0.0020168086636698163,0.005829028458862415,-0.0002830179143198669,-3.207922465776513e-06
C,7,491,0.018383828923106194,0.8033503081185157,0.1463095886881619,False,False,-0.145477943993541,-0.00741773739663483,0.002747431277646685,-0.012227655060717296,-0.21027373686542786,-0.0020168086636698163,0.005829026547389681,-0.00028301797671776194,-3.207922847697097e-06
C,7,492,0.018383828923106194,0.8033503080722855,0.1463095884343223,False,False,-0.145477943993541,-0.007417738166958938,0.002747431277646685,-0.012227651251640341,-0.21027373686542786,-0.0020168086636698163,0.005829027184547259,-0.0002830180079167095,-3.2079232296176807e-06
C,7,493,0.018383828923106194,0.8033503080764206,0.1463095884570273,False,False,-0.145477943993541,-0.007417739707607154,0.002747431277646685,-0.012227649981948023,-0.21027373686542786,-0.0020168086636698163,0.005829028458862415,-0.00028301797671776194,-3.2079232296176807e-06
C,7,494,0.018383828923106194,0.8033503080575608,0.14630958835347313,False,False,-0.145477943993541,-0.007417738166958938,0.002747431277646685,-0.012227649981948023,-0.21027373686542786,-0.0020168086636698163,0.0058290278217048375,-0.0002830179455188144,-3.207922847697097e-06
C,7,495,0.018383830785751343,0.8033503080971663,0.1463095885709378,False,False,-0.145477943993541,-0.007417735085662506,0.002747431277646685,-0.012227655060717296,-0.21027373686542786,-0.0020168086636698163,0.005829026547389681,-0.0002830179455188144,-3.207922465776513e-06
C,7,496,0.018383828923106194,0.8033503081714698,0.14630958897891974,False,False,-0.145477943993541,-0.007417735855986614,0.002747431277646685,-0.012227658869794251,-0.21027373686542786,-0.0020168086636698163,0.0058290278217048375,-0.00028301785192197176,-3.2079220838559293e-06
C,7,497,0.018383828923106194,0.8033503082178663,0.14630958926925514,False,False,-0.145477943993541,-0.00741773739663483,0.002747431579403141,-0.012227661409178888,-0.21027373686542786,-0.0020168086636698163,0.0058290278217048375,-0.00028301785192197176,-3.2079220838559293e-06
C,7,498,0.018383828923106194,0.8033503081798692,0.1463095890962042,False,False,-0.145477943993541,-0.007417738166958938,0.002747431881159598,-0.012227658869794251,-0.21027373686542786,-0.0020168086636698163,0.0058290278217048375,-0.0002830179143198669,-3.207922465776513e-06
C,7,499,0.018383828923106194,0.803350308097954,0.14630958864642768,False,False,-0.145477943993541,-0.007417738166958938,0.002747431881159598,-0.012227653791024978,-0.21027373686542786,-0.0020168086636698163,0.005829027184547259,-0.0002830179455188144,-3.207922465776513e-06
C,7,500,0.018383828923106194,0.8033503080470896,0.14630958836714314,False,False,-0.145477943993541,-0.0074177389372830456,0.002747431881159598,-0.012227649981948023,-0.21027373686542786,-0.0020168086636698163,0.005829027184547259,-0.0002830179455188144,-3.207922465776513e-06
C,7,501,0.018383828923106194,0.8033503080399089,0.14630958832771665,False,False,-0.145477943993541,-0.007417739707607154,0.002747431881159598,-0.012227648712255705,-0.21027373686542786,-0.0020168088398372975,0.0058290278217048375,-0.00028301785192197176,-3.207922465776513e-06
C,7,502,0.018383828923106194,0.8033503081003649,0.1463095886596654,False,False,-0.145477943993541,-0.007417740477931262,0.002747431881159598,-0.01222765252133266,-0.21027373686542786,-0.0020168088398372975,0.005829027184547259,-0.00028301782072302425,-3.2079220838559293e-06
C,7,503,0.018383828923106194,0.8033503081923706,0.14630958916484618,False,False,-0.145477943993541,-0.007417740477931262,0.002747431881159598,-0.012227658869794251,-0.21027373686542786,-0.0020168088398372975,0.005829026547389681,-0.00028301782072302425,-3.2079220838559293e-06
C,7,504,0.018383828923106194,0.803350308249882,0.1463095894806266,False,False,-0.145477943993541,-0.007417742018579478,0.002747431881159598,-0.012227661409178888,-0.21027373686542786,-0.0020168088398372975,0.005829027184547259,-0.00028301785192197176,-3.207922465776513e-06
C,7,505,0.018383828923106194,0.8033503082183652,0.14630958930757568,False,False,-0.145477943993541,-0.007417742788903586,0.002747431881159598,-0.012227658869794251,-0.21027373686542786,-0.0020168088398372975,0.005829027184547259,-0.0002830179143198669,-3.207922847697097e-06
C,7,506,0.018383828923106194,0.8033503081410621,0.14630958888312337,False,False,-0.145477943993541,-0.007417742788903586,0.002747431881159598,-0.012227653791024978,-0.21027373686542786,-0.0020168088398372975,0.005829027184547259,-0.0002830179143198669,-3.207922847697097e-06
C,7,507,0.018383828923106194,0.8033503080520121,0.14630958839417169,False,False,-0.145477943993541,-0.007417742018579478,0.002747431881159598,-0.012227648712255705,-0.21027373686542786,-0.0020168088398372975,0.005829026547389681,-0.0002830178831209193,-3.207922465776513e-06
C,7,508,0.018383828923106194,0.8033503080566243,0.1463095884194959,False,False,-0.145477943993541,-0.007417742018579478,0.002747431881159598,-0.012227648712255705,-0.21027373686542786,-0.0020168088398372975,0.005829027184547259,-0.00028301785192197176,-3.207922465776513e-06
C,7,509,0.018383828923106194,0.8033503081146015,0.146309588737835,False,False,-0.145477943993541,-0.007417742018579478,0.002747431881159598,-0.01222765252133266,-0.21027373686542786,-0.0020168088398372975,0.005829027184547259,-0.00028301785192197176,-3.207922465776513e-06
C,7,510,0.018383828923106194,0.8033503081872924,0.14630958913696304,False,False,-0.145477943993541,-0.007417742018579478,0.002747431881159598,-0.012227657600101933,-0.21027373686542786,-0.0020168088398372975,0.005829026547389681,-0.0002830178831209193,-3.207922465776513e-06
C,7,511,0.018383828923106194,0.803350308237669,0.1463095894135681,False,False,-0.145477943993541,-0.007417742788903586,0.002747431881159598,-0.01222766013948657,-0.21027373686542786,-0.0020168088398372975,0.005829027184547259,-0.00028301785192197176,-3.207922465776513e-06
C,7,512,0.018383828923106194,0.8033503082183432,0.146309589307455,False,False,-0.145477943993541,-0.007417742788903586,0.002747431881159598,-0.012227658869794251,-0.21027373686542786,-0.0020168088398372975,0.005829027184547259,-0.00028301785192197176,-3.207922465776513e-06
C,7,513,0.018383828923106194,0.8033503081725788,0.1463095890561742,False,False,-0.145477943993541,-0.007417742018579478,0.002747431881159598,-0.012227656330409615,-0.21027373686542786,-0.0020168088398372975,0.005829027184547259,-0.00028301785192197176,-3.207922465776513e-06
C,7,514,0.018383828923106194,0.8033503081222023,0.1463095887795692,False,False,-0.145477943993541,-0.00741774124825537,0.002747431881159598,-0.012227653791024978,-0.21027373686542786,-0.0020168088398372975,0.005829026547389681,-0.0002830178831209193,-3.207922465776513e-06
C,7,515,0.018383828923106194,0.8033503080952757,0.14630958863172194,False,False,-0.145477943993541,-0.007417742018579478,0.002747431881159598,-0.012227651251640341,-0.21027373686542786,-0.0020168088398372975,0.005829027184547259,-0.00028301785192197176,-3.207922465776513e-06
C,7,516,0.018383828923106194,0.8033503080948444,0.14630958862935392,False,False,-0.145477943993541,-0.007417742018579478,0.002747431881159598,-0.012227651251640341,-0.21027373686542786,-0.0020168086636698163,0.005829027184547259,-0.0002830178831209193,-3.2079220838559293e-06
C,7,517,0.018383828923106194,0.803350308113728,0.14630958873303856,False,False,-0.145477943993541,-0.007417742018579478,0.002747431881159598,-0.01222765252133266,-0.21027373686542786,-0.002016808487502335,0.005829027184547259,-0.0002830178831209193,-3.2079220838559293e-06
C,7,518,0.018383828923106194,0.8033503081284306,0.14630958881376704,False,False,-0.145477943993541,-0.007417742018579478,0.002747431881159598,-0.012227653791024978,-0.21027373686542786,-0.002016808487502335,0.005829026547389681,-0.0002830178831209193,-3.2079220838559293e-06
C,7,519,0.018383828923106194,0.8033503081401665,0.14630958887820625,False,False,-0.145477943993541,-0.007417742788903586,0.002747431881159598,-0.012227653791024978,-0.21027373686542786,-0.002016808487502335,0.005829027184547259,-0.0002830178831209193,-3.2079220838559293e-06
C,7,520,0.018383828923106194,0.803350308146647,0.14630958887820625,False,False,-0.145477943993541,-0.007417742788903586,0.002747431579403141,-0.012227653791024978,-0.21027373686542786,-0.002016808487502335,0.005829027184547259,-0.0002830178831209193,-3.2079220838559293e-06
C,7,521,0.018383828923106194,0.803350308146647,0.14630958887820625,False,False,-0.145477943993541,-0.007417742788903586,0.002747431579403141,-0.012227653791024978,-0.21027373686542786,-0.002016808487502335,0.005829027184547259,-0.0002830178831209193,-3.2079220838559293e-06
C,7,522,0.018383828923106194,0.803350308134911,0.14630958881376704,False,False,-0.145477943993541,-0.007417742018579478,0.002747431579403141,-0.012227653791024978,-0.21027373686542786,-0.002016808487502335,0.005829026547389681,-0.0002830178831209193,-3.2079220838559293e-06
C,7,523,0.018383828923106194,0.8033503081420459,0.14630958885294237,False,False,-0.145477943993541,-0.007417742788903586,0.002747431579403141,-0.012227653791024978,-0.21027373686542786,-0.002016808487502335,0.005829026547389681,-0.0002830179455188144,-3.207922465776513e-06
C,7,524,0.018383828923106194,0.8033503081655178,0.1463095889818208,False,False,-0.145477943993541,-0.007417744329551802,0.002747431579403141,-0.012227653791024978,-0.21027373686542786,-0.002016808487502335,0.0058290278217048375,-0.0002830179455188144,-3.207922465776513e-06
C,7,525,0.018383828923106194,0.8033503081466691,0.14630958887832696,False,False,-0.145477943993541,-0.007417742788903586,0.002747431579403141,-0.012227653791024978,-0.21027373686542786,-0.002016808487502335,0.005829027184547259,-0.0002830179455188144,-3.207922465776513e-06
C,7,526,0.018383828923106194,0.8033503081084945,0.14630958866872007,False,False,-0.145477943993541,-0.00741774124825537,0.002747431579403141,-0.01222765252133266,-0.21027373686542786,-0.002016808487502335,0.005829026547389681,-0.0002830179455188144,-3.207922465776513e-06
C,7,527,0.018383828923106194,0.8033503081177408,0.14630958871948924,False,False,-0.145477943993541,-0.00741774124825537,0.002747431579403141,-0.01222765252133266,-0.21027373686542786,-0.002016808487502335,0.0058290278217048375,-0.0002830179455188144,-3.207922465776513e-06
C,7,528,0.018383828923106194,0.8033503081228189,0.14630958874737238,False,False,-0.145477943993541,-0.007417739707607154,0.002747431579403141,-0.012227653791024978,-0.21027373686542786,-0.002016808487502335,0.0058290278217048375,-0.0002830178831209193,-3.2079220838559293e-06
C,7,529,0.018383828923106194,0.8033503081186728,0.14630958872460706,False,False,-0.145477943993541,-0.007417738166958938,0.002747431579403141,-0.012227655060717296,-0.21027373686542786,-0.002016808487502335,0.005829026547389681,-0.0002830178831209193,-3.2079220838559293e-06
C,7,530,0.018383828923106194,0.8033503081375215,0.14630958882810086,False,False,-0.145477943993541,-0.007417739707607154,0.002747431579403141,-0.012227655060717296,-0.21027373686542786,-0.002016808487502335,0.005829027184547259,-0.0002830178831209193,-3.2079220838559293e-06
C,7,531,0.018383828923106194,0.8033503081370336,0.14630958882542125,False,False,-0.145477943993541,-0.00741774124825537,0.002747431579403141,-0.012227653791024978,-0.21027373686542786,-0.002016808487502335,0.0058290278217048375,-0.00028301785192197176,-3.2079220838559293e-06
C,7,532,0.018383828923106194,0.8033503081253307,0.14630958876116312,False,False,-0.145477943993541,-0.007417740477931262,0.002747431579403141,-0.012227653791024978,-0.21027373686542786,-0.002016808487502335,0.005829027184547259,-0.0002830179455188144,-3.207922465776513e-06
C,7,533,0.018383828923106194,0.8033503081136056,0.14630958869678426,False,False,-0.145477943993541,-0.007417739707607154,0.002747431579403141,-0.012227653791024978,-0.21027373686542786,-0.002016808487502335,0.005829026547389681,-0.00028301797671776194,-3.207922847697097e-06
C,7,534,0.018383828923106194,0.8033503081248426,0.14630958875848352,False,False,-0.145477943993541,-0.007417742018579478,0.002747431579403141,-0.01222765252133266,-0.21027373686542786,-0.002016808487502335,0.0058290278217048375,-0.0002830179143198669,-3.207922465776513e-06
C,7,535,0.018383828923106194,0.8033503081177298,0.1463095887194289,False,False,-0.145477943993541,-0.00741774124825537,0.002747431579403141,-0.01222765252133266,-0.21027373686542786,-0.002016808487502335,0.0058290278217048375,-0.0002830179143198669,-3.207922465776513e-06
C,7,536,0.018383828923106194,0.8033503080922563,0.1463095885795601,False,False,-0.145477943993541,-0.00741773739663483,0.002747431579403141,-0.012227653791024978,-0.21027373686542786,-0.002016808487502335,0.005829026547389681,-0.0002830179455188144,-3.207922465776513e-06
C,7,537,0.018383828923106194,0.8033503080972997,0.14630958860725235,False,False,-0.145477943993541,-0.00741773739663483,0.002747431579403141,-0.012227653791024978,-0.21027373686542786,-0.0020168086636698163,0.005829027184547259,-0.0002830178831209193,-3.2079220838559293e-06
C,7,538,0.018383828923106194,0.8033503081354632,0.14630958881679884,False,False,-0.145477943993541,-0.0074177389372830456,0.002747431579403141,-0.012227655060717296,-0.21027373686542786,-0.0020168086636698163,0.0058290278217048375,-0.00028301785192197176,-3.2079220838559293e-06
C,7,539,0.018383828923106194,0.8033503081308511,0.14630958879147463,False,False,-0.145477943993541,-0.0074177389372830456,0.002747431579403141,-0.012227655060717296,-0.21027373686542786,-0.0020168086636698163,0.005829027184547259,-0.0002830178831209193,-3.2079220838559293e-06
C,7,540,0.018383828923106194,0.8033503081140368,0.1463095886991523,False,False,-0.145477943993541,-0.007417739707607154,0.002747431579403141,-0.012227653791024978,-0.21027373686542786,-0.0020168086636698163,0.005829026547389681,-0.0002830179455188144,-3.207922465776513e-06
C,7,541,0.018383828923106194,0.8033503081059591,0.14630958865479884,False,False,-0.145477943993541,-0.007417742018579478,0.002747431579403141,-0.012227651251640341,-0.21027373686542786,-0.0020168086636698163,0.0058290278217048375,-0.0002830179143198669,-3.207922465776513e-06
C,7,542,0.018383828923106194,0.8033503080937461,0.14630958858774043,False,False,-0.145477943993541,-0.007417742788903586,0.002747431579403141,-0.012227649981948023,-0.21027373686542786,-0.0020168086636698163,0.0058290278217048375,-0.0002830179143198669,-3.207922465776513e-06
C,7,543,0.018383828923106194,0.8033503080896109,0.14630958856503543,False,False,-0.145477943993541,-0.00741774124825537,0.002747431579403141,-0.012227651251640341,-0.21027373686542786,-0.0020168086636698163,0.005829026547389681,-0.0002830179455188144,-3.207922465776513e-06
C,7,544,0.018383828923106194,0.8033503081282625,0.14630958877726152,False,False,-0.145477943993541,-0.00741774124825537,0.002747431579403141,-0.012227653791024978,-0.21027373686542786,-0.0020168086636698163,0.005829026547389681,-0.0002830179455188144,-3.207922465776513e-06
C,7,545,0.018383828923106194,0.8033503081710491,0.14630958901219263,False,False,-0.145477943993541,-0.007417742788903586,0.002747431579403141,-0.012227655060717296,-0.21027373686542786,-0.0020168086636698163,0.0058290278217048375,-0.0002830179143198669,-3.207922465776513e-06
C,7,546,0.018383828923106194,0.803350308195475,0.14630958914630957,False,False,-0.145477943993541,-0.00741774124825537,0.002747431579403141,-0.012227657600101933,-0.21027373686542786,-0.0020168086636698163,0.0058290278217048375,-0.0002830179143198669,-3.207922465776513e-06
C,7,547,0.018383828923106194,0.8033503081771144,0.1463095890454954,False,False,-0.145477943993541,-0.007417738166958938,0.002747431579403141,-0.012227658869794251,-0.21027373686542786,-0.0020168086636698163,0.005829026547389681,-0.0002830179455188144,-3.207922465776513e-06
C,7,548,0.018383828923106194,0.8033503081425759,0.14630958885585346,False,False,-0.145477943993541,-0.007417739707607154,0.002747431579403141,-0.012227655060717296,-0.21027373686542786,-0.0020168086636698163,0.0058290278217048375,-0.00028301785192197176,-3.2079220838559293e-06
C,7,549,0.018383828923106194,0.8033503081085476,0.14630958866901195,False,False,-0.145477943993541,-0.007417739707607154,0.002747431579403141,-0.01222765252133266,-0.21027373686542786,-0.0020168086636698163,0.005829028458862415,-0.00028301785192197176,-3.2079220838559293e-06
C,7,550,0.018383828923106194,0.8033503080469343,0.1463095883307078,False,False,-0.145477943993541,-0.0074177366263107215,0.002747431579403141,-0.012227651251640341,-0.21027373686542786,-0.0020168086636698163,0.005829026547389681,-0.0002830179455188144,-3.207922465776513e-06
C,7,551,0.018383828923106194,0.8033503080540471,0.1463095883697624,False,False,-0.145477943993541,-0.00741773739663483,0.002747431579403141,-0.012227651251640341,-0.21027373686542786,-0.0020168086636698163,0.005829026547389681,-0.0002830179455188144,-3.207922465776513e-06
C,7,552,0.018383828923106194,0.8033503081227952,0.14630958874724187,False,False,-0.145477943993541,-0.00741774124825537,0.002747431579403141,-0.01222765252133266,-0.21027373686542786,-0.0020168086636698163,0.005829028458862415,-0.0002830179143198669,-3.207922465776513e-06
C,7,553,0.018383828923106194,0.8033503081497108,0.1463095888950288,False,False,-0.145477943993541,-0.007417740477931262,0.002747431579403141,-0.012227655060717296,-0.21027373686542786,-0.0020168086636698163,0.0058290278217048375,-0.0002830179143198669,-3.207922465776513e-06
C,7,554,0.018383828923106194,0.8033503081649014,0.14630958897843693,False,False,-0.145477943993541,-0.0074177389372830456,0.002747431579403141,-0.012227657600101933,-0.21027373686542786,-0.0020168086636698163,0.005829026547389681,-0.0002830179455188144,-3.207922465776513e-06
C,7,555,0.018383828923106194,0.8033503081761273,0.14630958904007577,False,False,-0.145477943993541,-0.00741774124825537,0.002747431579403141,-0.012227656330409615,-0.21027373686542786,-0.0020168086636698163,0.0058290278217048375,-0.00028301785192197176,-3.2079220838559293e-06
C,7,556,0.018383828923106194,0.8033503081639144,0.14630958897301732,False,False,-0.145477943993541,-0.007417742018579478,0.002747431579403141,-0.012227655060717296,-0.21027373686542786,-0.0020168086636698163,0.0058290278217048375,-0.00028301785192197176,-3.2079220838559293e-06
C,7,557,0.018383828923106194,0.8033503081140368,0.1463095886991523,False,False,-0.145477943993541,-0.007417739707607154,0.002747431579403141,-0.012227653791024978,-0.21027373686542786,-0.0020168086636698163,0.005829026547389681,-0.0002830179455188144,-3.207922465776513e-06
C,7,558,0.018383828923106194,0.8033503081135599,0.14630958869653304,False,False,-0.145477943993541,-0.00741774124825537,0.002747431579403141,-0.01222765252133266,-0.21027373686542786,-0.0020168086636698163,0.005829027184547259,-0.0002830179455188144,-3.207922465776513e-06
C,7,559,0.018383828923106194,0.8033503081059591,0.14630958865479884,False,False,-0.145477943993541,-0.007417742018579478,0.002747431579403141,-0.012227651251640341,-0.21027373686542786,-0.0020168086636698163,0.0058290278217048375,-0.0002830179143198669,-3.207922465776513e-06
C,7,560,0.018383828923106194,0.8033503080942341,0.14630958859042,False,False,-0.145477943993541,-0.00741774124825537,0.002747431579403141,-0.012227651251640341,-0.21027373686542786,-0.0020168086636698163,0.005829027184547259,-0.0002830179455188144,-3.207922465776513e-06
C,7,561,0.018383828923106194,0.8033503081140368,0.1463095886991523,False,False,-0.145477943993541,-0.007417739707607154,0.002747431579403141,-0.012227653791024978,-0.21027373686542786,-0.0020168086636698163,0.005829026547389681,-0.0002830179455188144,-3.207922465776513e-06
C,7,562,0.018383828923106194,0.803350308130363,0.14630958878879502,False,False,-0.145477943993541,-0.007417740477931262,0.002747431579403141,-0.012227653791024978,-0.21027373686542786,-0.0020168086636698163,0.0058290278217048375,-0.00028301785192197176,-3.2079220838559293e-06
C,7,563,0.018383828923106194,0.8033503081690145,0.14630958900102115,False,False,-0.145477943993541,-0.007417740477931262,0.002747431579403141,-0.012227656330409615,-0.21027373686542786,-0.0020168086636698163,0.0058290278217048375,-0.00028301785192197176,-3.2079220838559293e-06
C,7,564,0.018383828923106194,0.8033503081695246,0.14630958900382152,False,False,-0.145477943993541,-0.0074177389372830456,0.002747431579403141,-0.012227657600101933,-0.21027373686542786,-0.0020168086636698163,0.005829027184547259,-0.0002830179455188144,-3.207922465776513e-06
C,7,565,0.018383828923106194,0.8033503081430861,0.1463095888586538,False,False,-0.145477943993541,-0.007417738166958938,0.002747431579403141,-0.012227656330409615,-0.21027373686542786,-0.0020168086636698163,0.005829027184547259,-0.0002830179455188144,-3.207922465776513e-06
C,7,566,0.018383828923106194,0.8033503081161595,0.1463095887108065,False,False,-0.145477943993541,-0.0074177389372830456,0.002747431579403141,-0.012227653791024978,-0.21027373686542786,-0.0020168086636698163,0.0058290278217048375,-0.0002830179143198669,-3.207922465776513e-06
C,7,567,0.018383828923106194,0.803350308077508,0.1463095884985804,False,False,-0.145477943993541,-0.0074177389372830456,0.002747431579403141,-0.012227651251640341,-0.21027373686542786,-0.0020168086636698163,0.0058290278217048375,-0.0002830179143198669,-3.207922465776513e-06
C,7,568,0.018383828923106194,0.803350308065783,0.14630958843420158,False,False,-0.145477943993541,-0.007417738166958938,0.002747431579403141,-0.012227651251640341,-0.21027373686542786,-0.0020168086636698163,0.005829027184547259,-0.0002830179455188144,-3.207922465776513e-06
C,7,569,0.018383828923106194,0.8033503080851088,0.14630958854031462,False,False,-0.145477943993541,-0.007417738166958938,0.002747431579403141,-0.01222765252133266,-0.21027373686542786,-0.0020168086636698163,0.005829027184547259,-0.0002830179455188144,-3.207922465776513e-06
C,7,570,0.018383828923106194,0.8033503081232501,0.1463095887497404,False,False,-0.145477943993541,-0.007417739707607154,0.002747431579403141,-0.012227653791024978,-0.21027373686542786,-0.0020168086636698163,0.0058290278217048375,-0.00028301785192197176,-3.2079220838559293e-06
C,7,571,0.018383828923106194,0.8033503081644024,0.1463095889756969,False,False,-0.145477943993541,-0.007417740477931262,0.002747431579403141,-0.012227656330409615,-0.21027373686542786,-0.0020168086636698163,0.005829027184547259,-0.0002830178831209193,-3.2079220838559293e-06
C,7,572,0.018383828923106194,0.8033503081862178,0.14630958909548003,False,False,-0.145477943993541,-0.00741774124825537,0.002747431579403141,-0.012227657600101933,-0.21027373686542786,-0.0020168086636698163,0.005829026547389681,-0.0002830178831209193,-3.2079220838559293e-06
C,7,573,0.018383828923106194,0.8033503081928756,0.14630958913203612,False,False,-0.145477943993541,-0.007417743559227694,0.002747431579403141,-0.012227656330409615,-0.21027373686542786,-0.0020168086636698163,0.005829027184547259,-0.0002830179455188144,-3.207922465776513e-06
C,7,574,0.018383828923106194,0.803350308165949,0.14630958898418883,False,False,-0.145477943993541,-0.007417744329551802,0.002747431579403141,-0.012227653791024978,-0.21027373686542786,-0.0020168086636698163,0.0058290278217048375,-0.0002830179143198669,-3.207922465776513e-06
C,7,575,0.018383828923106194,0.8033503081033944,0.14630958864071628,False,False,-0.145477943993541,-0.007417742788903586,0.002747431579403141,-0.012227651251640341,-0.21027373686542786,-0.002016808487502335,0.005829026547389681,-0.0002830179455188144,-3.207922465776513e-06
C,7,576,0.018383828923106194,0.8033503080958045,0.14630958859904247,False,False,-0.145477943993541,-0.007417743559227694,0.002747431579403141,-0.012227649981948023,-0.21027373686542786,-0.002016808487502335,0.005829027184547259,-0.0002830179455188144,-3.207922465776513e-06
C,7,577,0.018383828923106194,0.8033503081004276,0.14630958862442706,False,False,-0.145477943993541,-0.007417743559227694,0.002747431579403141,-0.012227649981948023,-0.21027373686542786,-0.002016808487502335,0.0058290278217048375,-0.0002830179455188144,-3.207922465776513e-06
C,7,578,0.018383828923106194,0.8033503081084945,0.14630958866872007,False,False,-0.145477943993541,-0.00741774124825537,0.002747431579403141,-0.01222765252133266,-0.21027373686542786,-0.002016808487502335,0.005829026547389681,-0.0002830179455188144,-3.207922465776513e-06
C,7,579,0.018383828923106194,0.8033503081517471,0.14630958890621007,False,False,-0.145477943993541,-0.00741774124825537,0.002747431579403141,-0.012227655060717296,-0.21027373686542786,-0.002016808487502335,0.005829027184547259,-0.0002830178831209193,-3.2079220838559293e-06
C,7,580,0.018383828923106194,0.803350308175696,0.14630958903770772,False,False,-0.145477943993541,-0.00741774124825537,0.002747431579403141,-0.012227656330409615,-0.21027373686542786,-0.002016808487502335,0.0058290278217048375,-0.0002830178831209193,-3.2079220838559293e-06
C,7,581,0.018383828923106194,0.8033503081568473,0.14630958893421392,False,False,-0.145477943993541,-0.007417739707607154,0.002747431579403141,-0.012227656330409615,-0.21027373686542786,-0.002016808487502335,0.005829027184547259,-0.0002830178831209193,-3.2079220838559293e-06
C,7,582,0.018383828923106194,0.8033503081064819,0.1463095886576693,False,False,-0.145477943993541,-0.0074177389372830456,0.002747431579403141,-0.012227653791024978,-0.21027373686542786,-0.002016808487502335,0.005829026547389681,-0.0002830179455188144,-3.207922465776513e-06
C,7,583,0.018383828923106194,0.8033503080790783,0.14630958850720283,False,False,-0.145477943993541,-0.00741774124825537,0.002747431579403141,-0.012227649981948023,-0.21027373686542786,-0.002016808487502335,0.0058290278217048375,-0.0002830179143198669,-3.207922465776513e-06
C,7,584,0.018383828923106194,0.8033503080455379,0.14630958832304095,False,False,-0.145477943993541,-0.007417739707607154,0.002747431579403141,-0.012227648712255705,-0.21027373686542786,-0.002016808487502335,0.0058290278217048375,-0.0002830179455188144,-3.207922465776513e-06
C,7,585,0.018383828923106194,0.8033503080413917,0.14630958830027557,False,False,-0.145477943993541,-0.007417738166958938,0.002747431579403141,-0.012227649981948023,-0.21027373686542786,-0.002016808487502335,0.005829026547389681,-0.0002830179455188144,-3.207922465776513e-06
C,7,586,0.018383828923106194,0.8033503081228189,0.14630958874737238,False,False,-0.145477943993541,-0.007417739707607154,0.002747431579403141,-0.012227653791024978,-0.21027373686542786,-0.002016808487502335,0.0058290278217048375,-0.0002830178831209193,-3.2079220838559293e-06
C,7,587,0.018383828923106194,0.803350308187898,0.14630958910470584,False,False,-0.145477943993541,-0.007417740477931262,0.002747431579403141,-0.012227657600101933,-0.21027373686542786,-0.002016808487502335,0.0058290278217048375,-0.00028301785192197176,-3.2079220838559293e-06
C,7,588,0.018383828923106194,0.803350308183785,0.14630958908212163,False,False,-0.145477943993541,-0.0074177389372830456,0.002747431579403141,-0.012227658869794251,-0.21027373686542786,-0.002016808487502335,0.005829026547389681,-0.0002830179455188144,-3.207922465776513e-06
C,7,589,0.018383828923106194,0.8033503081253307,0.14630958876116312,False,False,-0.145477943993541,-0.007417740477931262,0.002747431579403141,-0.012227653791024978,-0.21027373686542786,-0.002016808487502335,0.005829027184547259,-0.0002830179455188144,-3.207922465776513e-06
C,7,590,0.018383828923106194,0.8033503080668764,0.14630958844020478,False,False,-0.145477943993541,-0.007417742018579478,0.002747431579403141,-0.012227648712255705,-0.21027373686542786,-0.002016808487502335,0.0058290278217048375,-0.0002830179455188144,-3.207922465776513e-06
C,7,591,0.018383828923106194,0.8033503080551404,0.14630958837576558,False,False,-0.145477943993541,-0.00741774124825537,0.002747431579403141,-0.012227648712255705,-0.21027373686542786,-0.002016808487502335,0.005829027184547259,-0.0002830179455188144,-3.207922465776513e-06
C,7,592,0.018383828923106194,0.8033503080820339,0.1463095885234317,False,False,-0.145477943993541,-0.007417740477931262,0.002747431579403141,-0.012227651251640341,-0.21027373686542786,-0.002016808487502335,0.005829026547389681,-0.0002830178831209193,-3.2079220838559293e-06
C,7,593,0.018383828923106194,0.80335030815886,0.1463095889452647,False,False,-0.145477943993541,-0.007417742018579478,0.002747431579403141,-0.012227655060717296,-0.21027373686542786,-0.002016808487502335,0.005829027184547259,-0.0002830178831209193,-3.2079220838559293e-06
C,7,594,0.018383828923106194,0.8033503082285731,0.14630958932804314,False,False,-0.145477943993541,-0.007417742788903586,0.002747431579403141,-0.012227658869794251,-0.21027373686542786,-0.002016808487502335,0.0058290278217048375,-0.0002830178831209193,-3.2079220838559293e-06
C,7,595,0.018383828923106194,0.8033503081664718,0.14630958898705929,False,False,-0.145477943993541,-0.00741774124825537,0.002747431579403141,-0.012227656330409615,-0.21027373686542786,-0.002016808487502335,0.005829026547389681,-0.0002830179455188144,-3.207922465776513e-06
C,7,596,0.018383828923106194,0.8033503081202304,0.1463095887331593,False,False,-0.145477943993541,-0.007417742018579478,0.002747431579403141,-0.01222765252133266,-0.21027373686542786,-0.002016808487502335,0.005829027184547259,-0.0002830179455188144,-3.207922465776513e-06
C,7,597,0.018383828923106194,0.8033503080668764,0.14630958844020478,False,False,-0.145477943993541,-0.007417742018579478,0.002747431579403141,-0.012227648712255705,-0.21027373686542786,-0.002016808487502335,0.0058290278217048375,-0.0002830179455188144,-3.207922465776513e-06
C,7,598,0.018383828923106194,0.8033503080434045,0.14630958831132637,False,False,-0.145477943993541,-0.007417740477931262,0.002747431579403141,-0.012227648712255705,-0.21027373686542786,-0.002016808487502335,0.005829026547389681,-0.0002830179455188144,-3.207922465776513e-06
C,7,599,0.018383828923106194,0.8033503080719544,0.14630958846808784,False,False,-0.145477943993541,-0.007417740477931262,0.002747431579403141,-0.012227649981948023,-0.21027373686542786,-0.002016808487502335,0.0058290278217048375,-0.0002830178831209193,-3.2079220838559293e-06
C,7,600,0.018383828923106194,0.8033503081421447,0.14630958885348544,False,False,-0.145477943993541,-0.007417739707607154,0.002747431579403141,-0.012227655060717296,-0.21027373686542786,-0.002016808487502335,0.0058290278217048375,-0.0002830178831209193,-3.2079220838559293e-06
C,7,601,0.018383828923106194,0.8033503081812733,0.1463095890683309,False,False,-0.145477943993541,-0.007417738166958938,0.002747431579403141,-0.012227658869794251,-0.21027373686542786,-0.002016808487502335,0.005829027184547259,-0.0002830178831209193,-3.2079220838559293e-06
C,7,602,0.018383828923106194,0.8033503081812953,0.1463095890684516,False,False,-0.145477943993541,-0.007417738166958938,0.002747431579403141,-0.012227658869794251,-0.21027373686542786,-0.002016808487502335,0.005829027184547259,-0.0002830179455188144,-3.207922465776513e-06
C,7,603,0.018383828923106194,0.8033503081228409,0.14630958874749309,False,False,-0.145477943993541,-0.007417739707607154,0.002747431579403141,-0.012227653791024978,-0.21027373686542786,-0.002016808487502335,0.0058290278217048375,-0.0002830179455188144,-3.207922465776513e-06
C,7,604,0.018383828923106194,0.8033503080719765,0.14630958846820857,False,False,-0.145477943993541,-0.007417740477931262,0.002747431579403141,-0.012227649981948023,-0.21027373686542786,-0.002016808487502335,0.0058290278217048375,-0.0002830179455188144,-3.207922465776513e-06
C,7,605,0.018383828923106194,0.8033503080602405,0.14630958840376937,False,False,-0.145477943993541,-0.007417739707607154,0.002747431579403141,-0.012227649981948023,-0.21027373686542786,-0.002016808487502335,0.005829027184547259,-0.0002830179455188144,-3.207922465776513e-06
C,7,606,0.018383828923106194,0.8033503080724536,0.14630958847082778,False,False,-0.145477943993541,-0.0074177389372830456,0.002747431579403141,-0.012227651251640341,-0.21027373686542786,-0.002016808487502335,0.005829027184547259,-0.0002830179455188144,-3.207922465776513e-06
C,7,607,0.018383828923106194,0.8033503081161374,0.14630958871068578,False,False,-0.145477943993541,-0.0074177389372830456,0.002747431579403141,-0.012227653791024978,-0.21027373686542786,-0.0020168086636698163,0.0058290278217048375,-0.00028301785192197176,-3.2079220838559293e-06
C,7,608,0.018383828923106194,0.803350308143064,0.1463095888585331,False,False,-0.145477943993541,-0.007417738166958938,0.002747431579403141,-0.012227656330409615,-0.21027373686542786,-0.0020168086636698163,0.005829027184547259,-0.0002830178831209193,-3.2079220838559293e-06
C,7,609,0.018383828923106194,0.8033503081888284,0.14630958910981387,False,False,-0.145477943993541,-0.0074177389372830456,0.002747431579403141,-0.012227658869794251,-0.21027373686542786,-0.0020168086636698163,0.005829027184547259,-0.0002830178831209193,-3.2079220838559293e-06
C,7,610,0.018383828923106194,0.8033503081644244,0.14630958897581764,False,False,-0.145477943993541,-0.007417740477931262,0.002747431579403141,-0.012227656330409615,-0.21027373686542786,-0.0020168086636698163,0.005829027184547259,-0.0002830179455188144,-3.207922465776513e-06
C,7,611,0.018383828923106194,0.8033503081252849,0.1463095887609119,False,False,-0.145477943993541,-0.007417742018579478,0.002747431579403141,-0.01222765252133266,-0.21027373686542786,-0.0020168086636698163,0.0058290278217048375,-0.0002830179143198669,-3.207922465776513e-06
C,7,612,0.018383828923106194,0.8033503080702852,0.1463095884589224,False,False,-0.145477943993541,-0.00741774124825537,0.002747431579403141,-0.012227649981948023,-0.21027373686542786,-0.0020168086636698163,0.005829026547389681,-0.0002830179455188144,-3.207922465776513e-06
C,7,613,0.018383828923106194,0.8033503080820212,0.1463095885233616,False,False,-0.145477943993541,-0.007417742018579478,0.002747431579403141,-0.012227649981948023,-0.21027373686542786,-0.0020168086636698163,0.005829027184547259,-0.0002830179455188144,-3.207922465776513e-06
C,7,614,0.018383828923106194,0.8033503081399985,0.14630958884170073,False,False,-0.145477943993541,-0.007417742018579478,0.002747431579403141,-0.012227653791024978,-0.21027373686542786,-0.0020168086636698163,0.005829027184547259,-0.0002830179455188144,-3.207922465776513e-06
C,7,615,0.018383828923106194,0.80335030817865,0.14630958905392688,False,False,-0.145477943993541,-0.007417742018579478,0.002747431579403141,-0.012227656330409615,-0.21027373686542786,-0.0020168086636698163,0.005829027184547259,-0.0002830179455188144,-3.207922465776513e-06
C,7,616,0.018383828923106194,0.803350308190863,0.14630958912098535,False,False,-0.145477943993541,-0.00741774124825537,0.002747431579403141,-0.012227657600101933,-0.21027373686542786,-0.0020168086636698163,0.005829027184547259,-0.0002830179455188144,-3.207922465776513e-06
C,7,617,0.018383828923106194,0.8033503081572896,0.1463095889366423,False,False,-0.145477943993541,-0.007417739707607154,0.002747431579403141,-0.012227656330409615,-0.21027373686542786,-0.0020168086636698163,0.005829027184547259,-0.0002830178831209193,-3.2079220838559293e-06
C,7,618,0.018383828923106194,0.8033503081115253,0.14630958868536156,False,False,-0.145477943993541,-0.0074177389372830456,0.002747431579403141,-0.012227653791024978,-0.21027373686542786,-0.0020168086636698163,0.005829027184547259,-0.0002830178831209193,-3.2079220838559293e-06
C,7,619,0.018383828923106194,0.8033503080728738,0.14630958847313544,False,False,-0.145477943993541,-0.0074177389372830456,0.002747431579403141,-0.012227651251640341,-0.21027373686542786,-0.0020168086636698163,0.005829027184547259,-0.0002830178831209193,-3.2079220838559293e-06
C,7,620,0.018383828923106194,0.8033503080917335,0.1463095885766896,False,False,-0.145477943993541,-0.007417740477931262,0.002747431579403141,-0.012227651251640341,-0.21027373686542786,-0.0020168086636698163,0.0058290278217048375,-0.0002830179143198669,-3.207922465776513e-06
C,7,621,0.018383828923106194,0.80335030811866,0.1463095887245369,False,False,-0.145477943993541,-0.007417739707607154,0.002747431579403141,-0.012227653791024978,-0.21027373686542786,-0.0020168086636698163,0.005829027184547259,-0.0002830179455188144,-3.207922465776513e-06
C,7,622,0.018383828923106194,0.8033503081379858,0.14630958883064996,False,False,-0.145477943993541,-0.007417739707607154,0.002747431579403141,-0.012227655060717296,-0.21027373686542786,-0.0020168086636698163,0.005829027184547259,-0.0002830179455188144,-3.207922465776513e-06
C,7,623,0.018383828923106194,0.803350308142598,0.14630958885597417,False,False,-0.145477943993541,-0.007417739707607154,0.002747431579403141,-0.012227655060717296,-0.21027373686542786,-0.0020168086636698163,0.0058290278217048375,-0.0002830179143198669,-3.207922465776513e-06
C,7,624,0.018383828923106194,0.8033503081161595,0.1463095887108065,False,False,-0.145477943993541,-0.0074177389372830456,0.002747431579403141,-0.012227653791024978,-0.21027373686542786,-0.0020168086636698163,0.0058290278217048375,-0.0002830179143198669,-3.207922465776513e-06
C,7,625,0.018383828923106194,0.8033503080779959,0.14630958850126002,False,False,-0.145477943993541,-0.00741773739663483,0.002747431579403141,-0.01222765252133266,-0.21027373686542786,-0.0020168086636698163,0.005829027184547259,-0.0002830179455188144,-3.207922465776513e-06
C,7,626,0.018383828923106194,0.8033503080779739,0.1463095885011393,False,False,-0.145477943993541,-0.00741773739663483,0.002747431579403141,-0.01222765252133266,-0.21027373686542786,-0.0020168086636698163,0.005829027184547259,-0.0002830178831209193,-3.2079220838559293e-06
C,7,627,0.018383828923106194,0.8033503081161374,0.14630958871068578,False,False,-0.145477943993541,-0.0074177389372830456,0.002747431579403141,-0.012227653791024978,-0.21027373686542786,-0.0020168086636698163,0.0058290278217048375,-0.00028301785192197176,-3.2079220838559293e-06
C,7,628,0.018383828923106194,0.8033503081572896,0.1463095889366423,False,False,-0.145477943993541,-0.007417739707607154,0.002747431579403141,-0.012227656330409615,-0.21027373686542786,-0.0020168086636698163,0.005829027184547259,-0.0002830178831209193,-3.2079220838559293e-06
C,7,629,0.018383828923106194,0.803350308190863,0.14630958912098535,False,False,-0.145477943993541,-0.00741774124825537,0.002747431579403141,-0.012227657600101933,-0.21027373686542786,-0.0020168086636698163,0.005829027184547259,-0.0002830179455188144,-3.207922465776513e-06
C,7,630,0.018383828923106194,0.80335030817865,0.14630958905392688,False,False,-0.145477943993541,-0.007417742018579478,0.002747431579403141,-0.012227656330409615,-0.21027373686542786,-0.0020168086636698163,0.005829027184547259,-0.0002830179455188144,-3.207922847697097e-06
C,7,631,0.018383828923106194,0.8033503081446216,0.1463095888670853,False,False,-0.145477943993541,-0.007417742018579478,0.002747431579403141,-0.012227653791024978,-0.21027373686542786,-0.0020168086636698163,0.0058290278217048375,-0.0002830179455188144,-3.207922847697097e-06
C,7,632,0.018383828923106194,0.8033503080753853,0.1463095884869262,False,False,-0.145477943993541,-0.007417739707607154,0.002747431579403141,-0.012227651251640341,-0.21027373686542786,-0.0020168086636698163,0.005829026547389681,-0.0002830179455188144,-3.207922465776513e-06
C,7,633,0.018383828923106194,0.8033503080723857,0.1463095884704559,False,False,-0.145477943993541,-0.007417740477931262,0.002747431579403141,-0.012227649981948023,-0.21027373686542786,-0.0020168086636698163,0.0058290278217048375,-0.00028301785192197176,-3.2079220838559293e-06
C,7,634,0.018383828923106194,0.8033503081232392,0.14630958874968003,False,False,-0.145477943993541,-0.007417739707607154,0.002747431579403141,-0.012227653791024978,-0.21027373686542786,-0.0020168086636698163,0.0058290278217048375,-0.00028301782072302425,-3.2079217019353455e-06
C,7,635,0.018383828923106194,0.8033503081701696,0.1463095890429463,False,False,-0.145477943993541,-0.007417738166958938,0.002747431881159598,-0.012227658869794251,-0.21027373686542786,-0.002016808487502335,0.005829026547389681,-0.0002830178831209193,-3.2079220838559293e-06
C,7,636,0.018383828923106194,0.8033503082201021,0.14630958931711313,False,False,-0.145477943993541,-0.007417740477931262,0.002747431881159598,-0.01222766013948657,-0.21027373686542786,-0.002016808487502335,0.0058290278217048375,-0.0002830179455188144,-3.207922465776513e-06
C,7,637,0.018383828923106194,0.8033503081234733,0.1463095887865477,False,False,-0.145477943993541,-0.007417740477931262,0.002747431881159598,-0.012227653791024978,-0.21027373686542786,-0.002016808487502335,0.0058290278217048375,-0.0002830179455188144,-3.207922465776513e-06
C,7,638,0.018383828923106194,0.8033503080291567,0.14630958823309642,False,False,-0.145477943993541,-0.0074177389372830456,0.002747431579403141,-0.012227648712255705,-0.21027373686542786,-0.002016808487502335,0.005829026547389681,-0.0002830178831209193,-3.2079220838559293e-06
C,7,639,0.018383828923106194,0.8033503080286688,0.14630958823041687,False,False,-0.145477943993541,-0.007417740477931262,0.002747431579403141,-0.012227647442563386,-0.21027373686542786,-0.002016808487502335,0.005829027184547259,-0.00028301785192197176,-3.2079217019353455e-06
C,7,640,0.018383828923106194,0.80335030808618,0.14630958854619708,False,False,-0.145477943993541,-0.007417742018579478,0.002747431579403141,-0.012227649981948023,-0.21027373686542786,-0.002016808487502335,0.0058290278217048375,-0.0002830178831209193,-3.2079220838559293e-06
C,7,641,0.018383828923106194,0.8033503081735847,0.1463095890261139,False,False,-0.145477943993541,-0.007417742018579478,0.002747431579403141,-0.012227656330409615,-0.21027373686542786,-0.002016808487502335,0.005829026547389681,-0.0002830179455188144,-3.207922465776513e-06
C,7,642,0.018383828923106194,0.8033503082310959,0.14630958934189425,False,False,-0.145477943993541,-0.007417743559227694,0.002747431579403141,-0.012227658869794251,-0.21027373686542786,-0.002016808487502335,0.005829027184547259,-0.00028301797671776194,-3.207922847697097e-06
C,7,643,0.018383828923106194,0.8033503081777307,0.14630958904887925,False,False,-0.145477943993541,-0.007417743559227694,0.002747431579403141,-0.012227655060717296,-0.21027373686542786,-0.002016808487502335,0.0058290278217048375,-0.0002830179455188144,-3.207922847697097e-06
C,7,644,0.018383828923106194,0.8033503080744662,0.14630958848187858,False,False,-0.145477943993541,-0.00741774124825537,0.002747431579403141,-0.012227649981948023,-0.21027373686542786,-0.002016808487502335,0.005829027184547259,-0.0002830179455188144,-3.207922465776513e-06
C,7,645,0.018383828923106194,0.8033503080291567,0.14630958823309642,False,False,-0.145477943993541,-0.0074177389372830456,0.002747431579403141,-0.012227648712255705,-0.21027373686542786,-0.002016808487502335,0.005829026547389681,-0.0002830178831209193,-3.2079220838559293e-06
C,7,646,0.018383828923106194,0.8033503080648197,0.14630958842891253,False,False,-0.145477943993541,-0.007417739707607154,0.002747431579403141,-0.012227649981948023,-0.21027373686542786,-0.002016808487502335,0.0058290278217048375,-0.00028301782072302425,-3.2079217019353455e-06
C,7,647,0.018383828923106194,0.8033503081421447,0.14630958885348544,False,False,-0.145477943993541,-0.007417739707607154,0.002747431579403141,-0.012227655060717296,-0.21027373686542786,-0.002016808487502335,0.0058290278217048375,-0.0002830178831209193,-3.2079220838559293e-06
C,7,648,0.018383828923106194,0.8033503081884081,0.14630958910750622,False,False,-0.145477943993541,-0.0074177389372830456,0.002747431579403141,-0.012227658869794251,-0.21027373686542786,-0.002016808487502335,0.005829027184547259,-0.0002830179455188144,-3.207922465776513e-06
C,7,649,0.018383828923106194,0.8033503081304418,0.1463095887892273,False,False,-0.145477943993541,-0.0074177389372830456,0.002747431579403141,-0.012227655060717296,-0.21027373686542786,-0.002016808487502335,0.005829027184547259,-0.00028301797671776194,-3.207922847697097e-06
C,7,650,0.018383828923106194,0.8033503080648636,0.14630958842915395,False,False,-0.145477943993541,-0.007417739707607154,0.002747431579403141,-0.012227649981948023,-0.21027373686542786,-0.002016808487502335,0.0058290278217048375,-0.0002830179455188144,-3.207922847697097e-06
C,7,651,0.018383828923106194,0.803350308005305,0.14630958810213213,False,False,-0.145477943993541,-0.00741773739663483,0.002747431579403141,-0.012227647442563386,-0.21027373686542786,-0.0020168086636698163,0.0058290278217048375,-0.0002830179143198669,-3.207922465776513e-06
C,7,652,0.018383828923106194,0.8033503080255738,0.14630958821342332,False,False,-0.145477943993541,-0.007417734315338398,0.002747431579403141,-0.012227651251640341,-0.21027373686542786,-0.0020168086636698163,0.005829026547389681,-0.0002830178831209193,-3.2079220838559293e-06
C,7,653,0.018383828923106194,0.8033503081532076,0.14630958891422927,False,False,-0.145477943993541,-0.0074177366263107215,0.002747431579403141,-0.012227657600101933,-0.21027373686542786,-0.0020168088398372975,0.0058290278217048375,-0.00028301782072302425,-3.2079220838559293e-06
C,7,654,0.018383828923106194,0.8033503082260538,0.14630958934979274,False,False,-0.145477943993541,-0.0074177389372830456,0.002747431881159598,-0.012227661409178888,-0.21027373686542786,-0.0020168088398372975,0.0058290278217048375,-0.00028301785192197176,-3.207922465776513e-06
C,7,655,0.018383828923106194,0.8033503081975149,0.1463095891930915,False,False,-0.145477943993541,-0.0074177389372830456,0.002747431881159598,-0.01222766013948657,-0.21027373686542786,-0.0020168088398372975,0.005829026547389681,-0.0002830179455188144,-3.207922847697097e-06
C,7,656,0.018383828923106194,0.8033503081339494,0.14630958884406875,False,False,-0.145477943993541,-0.007417742018579478,0.002747431881159598,-0.012227653791024978,-0.21027373686542786,-0.0020168088398372975,0.005829027184547259,-0.0002830179143198669,-3.207922847697097e-06
C,7,657,0.018383828923106194,0.803350308063282,0.14630958845605205,False,False,-0.145477943993541,-0.007417744329551802,0.002747431881159598,-0.012227647442563386,-0.21027373686542786,-0.0020168088398372975,0.0058290278217048375,-0.0002830179143198669,-3.207922847697097e-06
C,7,658,0.018383828923106194,0.8033503080727181,0.14630958847228093,False,False,-0.145477943993541,-0.007417743559227694,0.002747431579403141,-0.012227648712255705,-0.21027373686542786,-0.0020168088398372975,0.005829026547389681,-0.0002830178831209193,-3.207922465776513e-06
C,7,659,0.018383828923106194,0.8033503081642467,0.14630958897484234,False,False,-0.145477943993541,-0.00741774509987591,0.002747431579403141,-0.012227653791024978,-0.21027373686542786,-0.0020168088398372975,0.005829026547389681,-0.0002830178831209193,-3.207922465776513e-06
C,7,660,0.018383828923106194,0.8033503082863491,0.1463095896452767,False,False,-0.145477943993541,-0.00741774895149645,0.002747431579403141,-0.012227658869794251,-0.21027373686542786,-0.0020168088398372975,0.0058290278217048375,-0.00028301785192197176,-3.207922465776513e-06
C,7,661,0.018383828923106194,0.8033503083011194,0.14630958972637714,False,False,-0.145477943993541,-0.0074177474108482345,0.002747431579403141,-0.012227661409178888,-0.21027373686542786,-0.0020168086636698163,0.005829026547389681,-0.0002830179455188144,-3.207922465776513e-06
C,7,662,0.018383828923106194,0.8033503082426999,0.14630958940560945,False,False,-0.145477943993541,-0.0074177474108482345,0.002747431579403141,-0.012227657600101933,-0.21027373686542786,-0.002016808487502335,0.005829026547389681,-0.0002830179455188144,-3.207922465776513e-06
C,7,663,0.018383828923106194,0.8033503081242558,0.146309588755261,False,False,-0.145477943993541,-0.007417746640524126,0.002747431579403141,-0.012227649981948023,-0.21027373686542786,-0.002016808487502335,0.005829027184547259,-0.0002830179455188144,-3.207922465776513e-06
C,7,664,0.018383828923106194,0.8033503080642658,0.14630958842587108,False,False,-0.145477943993541,-0.007417744329551802,0.002747431579403141,-0.012227647442563386,-0.21027373686542786,-0.002016808487502335,0.005829027184547259,-0.0002830179455188144,-3.207922465776513e-06
C,7,665,0.018383828923106194,0.8033503080505172,0.146309588350381,False,False,-0.145477943993541,-0.00741774124825537,0.002747431579403141,-0.012227648712255705,-0.21027373686542786,-0.002016808487502335,0.005829026547389681,-0.0002830179455188144,-3.207922465776513e-06
C,7,666,0.018383828923106194,0.8033503081228189,0.14630958874737238,False,False,-0.145477943993541,-0.007417739707607154,0.002747431579403141,-0.012227653791024978,-0.21027373686542786,-0.002016808487502335,0.0058290278217048375,-0.0002830178831209193,-3.2079220838559293e-06
C,7,667,0.018383828923106194,0.8033503081858964,0.14630958909371547,False,False,-0.145477943993541,-0.007417738166958938,0.002747431579403141,-0.012227658869794251,-0.21027373686542786,-0.002016808487502335,0.0058290278217048375,-0.0002830178831209193,-3.2079220838559293e-06
C,7,668,0.018383828923106194,0.8033503081863735,0.14630958909633482,False,False,-0.145477943993541,-0.0074177366263107215,0.002747431579403141,-0.01222766013948657,-0.21027373686542786,-0.002016808487502335,0.005829027184547259,-0.0002830178831209193,-3.2079220838559293e-06
C,7,669,0.018383828923106194,0.8033503081208283,0.14630958873644234,False,False,-0.145477943993541,-0.00741773739663483,0.002747431579403141,-0.012227655060717296,-0.21027373686542786,-0.002016808487502335,0.0058290278217048375,-0.0002830179455188144,-3.207922465776513e-06
C,7,670,0.018383828923106194,0.803350308050627,0.14630958835098437,False,False,-0.145477943993541,-0.007417738166958938,0.002747431579403141,-0.012227649981948023,-0.21027373686542786,-0.002016808487502335,0.0058290278217048375,-0.0002830179143198669,-3.207922465776513e-06
C,7,671,0.018383828923106194,0.8033503080195764,0.14630958818049256,False,False,-0.145477943993541,-0.00741773739663483,0.002747431579403141,-0.012227648712255705,-0.21027373686542786,-0.002016808487502335,0.005829027184547259,-0.0002830179455188144,-3.207922465776513e-06
C,7,672,0.018383828923106194,0.8033503080460149,0.14630958832566016,False,False,-0.145477943993541,-0.007417738166958938,0.002747431579403141,-0.012227649981948023,-0.21027373686542786,-0.002016808487502335,0.005829027184547259,-0.0002830179455188144,-3.207922465776513e-06
C,7,673,0.018383828923106194,0.8033503081492795,0.14630958889266077,False,False,-0.145477943993541,-0.007417740477931262,0.002747431579403141,-0.012227655060717296,-0.21027373686542786,-0.002016808487502335,0.0058290278217048375,-0.0002830179455188144,-3.207922465776513e-06
C,7,674,0.018383828923106194,0.8033503082072347,0.14630958921087928,False,False,-0.145477943993541,-0.007417740477931262,0.002747431579403141,-0.012227658869794251,-0.21027373686542786,-0.002016808487502335,0.0058290278217048375,-0.0002830178831209193,-3.2079220838559293e-06
C,7,675,0.018383828923106194,0.80335030817155,0.14630958901494243,False,False,-0.145477943993541,-0.007417739707607154,0.002747431579403141,-0.012227657600101933,-0.21027373686542786,-0.002016808487502335,0.005829026547389681,-0.0002830178831209193,-3.2079220838559293e-06
C,7,676,0.018383828923106194,0.8033503081324214,0.146309588800097,False,False,-0.145477943993541,-0.00741774124825537,0.002747431579403141,-0.012227653791024978,-0.21027373686542786,-0.002016808487502335,0.005829027184547259,-0.0002830178831209193,-3.2079220838559293e-06
C,7,677,0.018383828923106194,0.8033503081126406,0.14630958869148544,False,False,-0.145477943993541,-0.007417742788903586,0.002747431579403141,-0.012227651251640341,-0.21027373686542786,-0.002016808487502335,0.0058290278217048375,-0.0002830179455188144,-3.207922465776513e-06
C,7,678,0.018383828923106194,0.8033503080769558,0.14630958849554865,False,False,-0.145477943993541,-0.007417742018579478,0.002747431579403141,-0.012227649981948023,-0.21027373686542786,-0.002016808487502335,0.005829026547389681,-0.0002830179455188144,-3.207922465776513e-06
C,7,679,0.018383828923106194,0.8033503080886918,0.14630958855998782,False,False,-0.145477943993541,-0.007417742788903586,0.002747431579403141,-0.012227649981948023,-0.21027373686542786,-0.002016808487502335,0.005829027184547259,-0.0002830179455188144,-3.207922465776513e-06
C,7,680,0.018383828923106194,0.8033503081126406,0.14630958869148544,False,False,-0.145477943993541,-0.007417742788903586,0.002747431579403141,-0.012227651251640341,-0.21027373686542786,-0.002016808487502335,0.0058290278217048375,-0.0002830179455188144,-3.207922465776513e-06
C,7,681,0.018383828923106194,0.8033503081207075,0.14630958873577854,False,False,-0.145477943993541,-0.007417740477931262,0.002747431579403141,-0.012227653791024978,-0.21027373686542786,-0.002016808487502335,0.005829026547389681,-0.0002830179455188144,-3.207922465776513e-06
C,7,682,0.018383828923106194,0.8033503081253086,0.1463095887610424,False,False,-0.145477943993541,-0.007417740477931262,0.002747431579403141,-0.012227653791024978,-0.21027373686542786,-0.002016808487502335,0.005829027184547259,-0.0002830178831209193,-3.2079220838559293e-06
C,7,683,0.018383828923106194,0.8033503081299207,0.14630958878636663,False,False,-0.145477943993541,-0.007417740477931262,0.002747431579403141,-0.012227653791024978,-0.21027373686542786,-0.002016808487502335,0.0058290278217048375,-0.00028301785192197176,-3.2079220838559293e-06
C,7,684,0.018383828923106194,0.8033503080922343,0.1463095885794394,False,False,-0.145477943993541,-0.00741773739663483,0.002747431579403141,-0.012227653791024978,-0.21027373686542786,-0.002016808487502335,0.005829026547389681,-0.0002830178831209193,-3.2079220838559293e-06
C,7,685,0.018383828923106194,0.8033503081111051,0.14630958868305388,False,False,-0.145477943993541,-0.0074177389372830456,0.002747431579403141,-0.012227653791024978,-0.21027373686542786,-0.002016808487502335,0.005829027184547259,-0.0002830179455188144,-3.207922465776513e-06
C,7,686,0.018383828923106194,0.8033503080912913,0.14630958857426124,False,False,-0.145477943993541,-0.007417740477931262,0.002747431579403141,-0.012227651251640341,-0.21027373686542786,-0.002016808487502335,0.0058290278217048375,-0.0002830179143198669,-3.207922465776513e-06
C,7,687,0.018383828923106194,0.8033503080531278,0.14630958836471475,False,False,-0.145477943993541,-0.0074177389372830456,0.002747431579403141,-0.012227649981948023,-0.21027373686542786,-0.002016808487502335,0.005829027184547259,-0.0002830179455188144,-3.207922465776513e-06
C,7,688,0.018383828923106194,0.8033503080607175,0.1463095884063886,False,False,-0.145477943993541,-0.007417738166958938,0.002747431579403141,-0.012227651251640341,-0.21027373686542786,-0.002016808487502335,0.005829026547389681,-0.0002830179455188144,-3.207922465776513e-06
C,7,689,0.018383828923106194,0.803350308142099,0.14630958885323422,False,False,-0.145477943993541,-0.00741774124825537,0.002747431579403141,-0.012227653791024978,-0.21027373686542786,-0.0020168086636698163,0.005829028458862415,-0.00028301785192197176,-3.2079220838559293e-06
C,7,690,0.018383828923106194,0.8033503081719922,0.14630958901737082,False,False,-0.145477943993541,-0.007417739707607154,0.002747431579403141,-0.012227657600101933,-0.21027373686542786,-0.0020168086636698163,0.005829026547389681,-0.0002830178831209193,-3.2079220838559293e-06
C,7,691,0.018383828923106194,0.8033503081984528,0.14630958916265924,False,False,-0.145477943993541,-0.007417740477931262,0.002747431579403141,-0.012227658869794251,-0.21027373686542786,-0.0020168086636698163,0.005829026547389681,-0.0002830179455188144,-3.207922465776513e-06
C,7,692,0.018383828923106194,0.8033503081776849,0.14630958904862806,False,False,-0.145477943993541,-0.00741774509987591,0.002747431579403141,-0.012227653791024978,-0.21027373686542786,-0.0020168086636698163,0.005829028458862415,-0.0002830179143198669,-3.207922465776513e-06
C,7,693,0.018383828923106194,0.8033503081231623,0.1463095887492577,False,False,-0.145477943993541,-0.007417742788903586,0.002747431579403141,-0.01222765252133266,-0.21027373686542786,-0.0020168086636698163,0.005829026547389681,-0.0002830179455188144,-3.207922465776513e-06
C,7,694,0.018383828923106194,0.803350308077398,0.146309588497977,False,False,-0.145477943993541,-0.007417742018579478,0.002747431579403141,-0.012227649981948023,-0.21027373686542786,-0.0020168086636698163,0.005829026547389681,-0.0002830179455188144,-3.207922465776513e-06
C,7,695,0.018383828923106194,0.8033503081150846,0.14630958870490435,False,False,-0.145477943993541,-0.00741774509987591,0.002747431579403141,-0.012227649981948023,-0.21027373686542786,-0.0020168086636698163,0.0058290278217048375,-0.0002830179143198669,-3.207922465776513e-06
C,7,696,0.018383828923106194,0.8033503081471113,0.14630958888075535,False,False,-0.145477943993541,-0.007417742788903586,0.002747431579403141,-0.012227653791024978,-0.21027373686542786,-0.0020168086636698163,0.005829027184547259,-0.0002830179455188144,-3.207922465776513e-06
C,7,697,0.018383828923106194,0.8033503081526884,0.14630958891137844,False,False,-0.145477943993541,-0.007417739707607154,0.002747431579403141,-0.012227656330409615,-0.21027373686542786,-0.0020168086636698163,0.005829026547389681,-0.0002830179455188144,-3.207922465776513e-06
C,7,698,0.018383828923106194,0.8033503081568015,0.14630958893396268,False,False,-0.145477943993541,-0.00741774124825537,0.002747431579403141,-0.012227655060717296,-0.21027373686542786,-0.0020168086636698163,0.0058290278217048375,-0.00028301785192197176,-3.2079220838559293e-06
C,7,699,0.018383828923106194,0.8033503081425759,0.14630958885585346,False,False,-0.145477943993541,-0.007417739707607154,0.002747431579403141,-0.012227655060717296,-0.21027373686542786,-0.0020168086636698163,0.0058290278217048375,-0.00028301785192197176,-3.2079220838559293e-06
C,7,700,0.018383828923106194,0.8033503081120243,0.14630958868810157,False,False,-0.145477943993541,-0.00741773739663483,0.002747431579403141,-0.012227655060717296,-0.21027373686542786,-0.0020168086636698163,0.005829026547389681,-0.0002830179455188144,-3.207922465776513e-06
C,7,701,0.018383828923106194,0.8033503081161595,0.1463095887108065,False,False,-0.145477943993541,-0.0074177389372830456,0.002747431579403141,-0.012227653791024978,-0.21027373686542786,-0.0020168086636698163,0.0058290278217048375,-0.0002830179143198669,-3.207922465776513e-06
C,7,702,0.018383828923106194,0.8033503080897209,0.14630958856563883,False,False,-0.145477943993541,-0.007417738166958938,0.002747431579403141,-0.01222765252133266,-0.21027373686542786,-0.0020168086636698163,0.0058290278217048375,-0.0002830179143198669,-3.207922465776513e-06
C,7,703,0.018383828923106194,0.8033503080973217,0.1463095886073731,False,False,-0.145477943993541,-0.00741773739663483,0.002747431579403141,-0.012227653791024978,-0.21027373686542786,-0.0020168086636698163,0.005829027184547259,-0.0002830179455188144,-3.207922465776513e-06
C,7,704,0.018383828923106194,0.8033503081044345,0.14630958864642768,False,False,-0.145477943993541,-0.007417738166958938,0.002747431579403141,-0.012227653791024978,-0.21027373686542786,-0.0020168086636698163,0.005829027184547259,-0.0002830179455188144,-3.207922465776513e-06
C,7,705,0.018383828923106194,0.803350308130363,0.14630958878879502,False,False,-0.145477943993541,-0.007417740477931262,0.002747431579403141,-0.012227653791024978,-0.21027373686542786,-0.0020168086636698163,0.0058290278217048375,-0.00028301785192197176,-3.2079220838559293e-06
C,7,706,0.018383828923106194,0.8033503081521894,0.14630958890863846,False,False,-0.145477943993541,-0.00741774124825537,0.002747431579403141,-0.012227655060717296,-0.21027373686542786,-0.0020168086636698163,0.005829027184547259,-0.0002830178831209193,-3.2079220838559293e-06
C,7,707,0.018383828923106194,0.803350308166914,0.14630958898948768,False,False,-0.145477943993541,-0.00741774124825537,0.002747431579403141,-0.012227656330409615,-0.21027373686542786,-0.0020168086636698163,0.005829026547389681,-0.0002830179455188144,-3.207922465776513e-06
C,7,708,0.018383828923106194,0.8033503081588361,0.1463095889451342,False,False,-0.145477943993541,-0.007417743559227694,0.002747431579403141,-0.012227653791024978,-0.21027373686542786,-0.0020168086636698163,0.0058290278217048375,-0.0002830179143198669,-3.207922465776513e-06
C,7,709,0.018383828923106194,0.8033503081471113,0.14630958888075535,False,False,-0.145477943993541,-0.007417742788903586,0.002747431579403141,-0.012227653791024978,-0.21027373686542786,-0.0020168086636698163,0.005829027184547259,-0.0002830179455188144,-3.207922465776513e-06
C,7,710,0.018383828923106194,0.8033503081089367,0.14630958867114846,False,False,-0.145477943993541,-0.00741774124825537,0.002747431579403141,-0.01222765252133266,-0.21027373686542786,-0.0020168086636698163,0.005829026547389681,-0.0002830179455188144,-3.207922465776513e-06
C,7,711,0.018383828923106194,0.8033503081394884,0.14630958883890044,False,False,-0.145477943993541,-0.007417743559227694,0.002747431579403141,-0.01222765252133266,-0.21027373686542786,-0.0020168086636698163,0.0058290278217048375,-0.00028301785192197176,-3.2079220838559293e-06
C,7,712,0.018383828923106194,0.803350308147146,0.1463095888809462,False,False,-0.145477943993541,-0.00741774124825537,0.002747431579403141,-0.012227655060717296,-0.21027373686542786,-0.002016808487502335,0.005829026547389681,-0.0002830179455188144,-3.207922465776513e-06
C,7,713,0.018383828923106194,0.803350308171095,0.14630958901244387,False,False,-0.145477943993541,-0.00741774124825537,0.002747431579403141,-0.012227656330409615,-0.21027373686542786,-0.002016808487502335,0.005829027184547259,-0.0002830179455188144,-3.207922465776513e-06
C,7,714,0.018383828923106194,0.8033503081370665,0.1463095888256023,False,False,-0.145477943993541,-0.00741774124825537,0.002747431579403141,-0.012227653791024978,-0.21027373686542786,-0.002016808487502335,0.0058290278217048375,-0.0002830179455188144,-3.207922465776513e-06
C,7,715,0.018383828923106194,0.8033503080871341,0.14630958855143553,False,False,-0.145477943993541,-0.0074177389372830456,0.002747431579403141,-0.01222765252133266,-0.21027373686542786,-0.002016808487502335,0.005829026547389681,-0.0002830178831209193,-3.2079220838559293e-06
C,7,716,0.018383828923106194,0.8033503080912802,0.14630958857420087,False,False,-0.145477943993541,-0.007417740477931262,0.002747431579403141,-0.012227651251640341,-0.21027373686542786,-0.002016808487502335,0.0058290278217048375,-0.0002830178831209193,-3.2079220838559293e-06
C,7,717,0.018383828923106194,0.8033503081299317,0.14630958878642697,False,False,-0.145477943993541,-0.007417740477931262,0.002747431579403141,-0.012227653791024978,-0.21027373686542786,-0.002016808487502335,0.0058290278217048375,-0.0002830178831209193,-3.2079220838559293e-06
C,7,718,0.018383828923106194,0.8033503081644592,0.14630958897600854,False,False,-0.145477943993541,-0.0074177389372830456,0.002747431579403141,-0.012227657600101933,-0.21027373686542786,-0.002016808487502335,0.005829026547389681,-0.0002830179455188144,-3.207922465776513e-06
C,7,719,0.018383828923106194,0.8033503081757181,0.14630958903782845,False,False,-0.145477943993541,-0.00741774124825537,0.002747431579403141,-0.012227656330409615,-0.21027373686542786,-0.002016808487502335,0.0058290278217048375,-0.0002830179455188144,-3.207922465776513e-06
C,7,720,0.018383828923106194,0.8033503081370665,0.1463095888256023,False,False,-0.145477943993541,-0.00741774124825537,0.002747431579403141,-0.012227653791024978,-0.21027373686542786,-0.002016808487502335,0.0058290278217048375,-0.0002830179455188144,-3.207922465776513e-06
C,7,721,0.018383828923106194,0.8033503080871561,0.14630958855155624,False,False,-0.145477943993541,-0.0074177389372830456,0.002747431579403141,-0.01222765252133266,-0.21027373686542786,-0.002016808487502335,0.005829026547389681,-0.0002830179455188144,-3.207922465776513e-06
C,7,722,0.018383828923106194,0.8033503080912802,0.14630958857420087,False,False,-0.145477943993541,-0.007417740477931262,0.002747431579403141,-0.012227651251640341,-0.21027373686542786,-0.002016808487502335,0.0058290278217048375,-0.0002830178831209193,-3.2079220838559293e-06
C,7,723,0.018383828923106194,0.8033503081299317,0.14630958878642697,False,False,-0.145477943993541,-0.007417740477931262,0.002747431579403141,-0.012227653791024978,-0.21027373686542786,-0.002016808487502335,0.0058290278217048375,-0.0002830178831209193,-3.2079220838559293e-06
C,7,724,0.018383828923106194,0.8033503081715719,0.14630958901506316,False,False,-0.145477943993541,-0.007417739707607154,0.002747431579403141,-0.012227657600101933,-0.21027373686542786,-0.002016808487502335,0.005829026547389681,-0.0002830179455188144,-3.207922465776513e-06
C,7,725,0.018383828923106194,0.8033503081757181,0.14630958903782845,False,False,-0.145477943993541,-0.00741774124825537,0.002747431579403141,-0.012227656330409615,-0.21027373686542786,-0.002016808487502335,0.0058290278217048375,-0.0002830179455188144,-3.207922465776513e-06
C,7,726,0.018383828923106194,0.8033503081299538,0.1463095887865477,False,False,-0.145477943993541,-0.007417740477931262,0.002747431579403141,-0.012227653791024978,-0.21027373686542786,-0.002016808487502335,0.0058290278217048375,-0.0002830179455188144,-3.207922465776513e-06
C,7,727,0.018383828923106194,0.8033503080607175,0.1463095884063886,False,False,-0.145477943993541,-0.007417738166958938,0.002747431579403141,-0.012227651251640341,-0.21027373686542786,-0.002016808487502335,0.005829026547389681,-0.0002830179455188144,-3.207922465776513e-06
C,7,728,0.018383828923106194,0.8033503080723857,0.1463095884704559,False,False,-0.145477943993541,-0.007417740477931262,0.002747431579403141,-0.012227649981948023,-0.21027373686542786,-0.0020168086636698163,0.0058290278217048375,-0.00028301785192197176,-3.2079220838559293e-06
C,7,729,0.018383828923106194,0.8033503081115253,0.14630958868536156,False,False,-0.145477943993541,-0.0074177389372830456,0.002747431579403141,-0.012227653791024978,-0.21027373686542786,-0.0020168086636698163,0.005829027184547259,-0.0002830178831209193,-3.2079220838559293e-06
C,7,730,0.018383828923106194,0.8033503081649014,0.14630958897843693,False,False,-0.145477943993541,-0.0074177389372830456,0.002747431579403141,-0.012227657600101933,-0.21027373686542786,-0.0020168086636698163,0.005829026547389681,-0.0002830179455188144,-3.207922465776513e-06
C,7,731,0.018383828923106194,0.8033503082025879,0.14630958918536419,False,False,-0.145477943993541,-0.007417742018579478,0.002747431579403141,-0.012227657600101933,-0.21027373686542786,-0.0020168086636698163,0.0058290278217048375,-0.0002830179143198669,-3.207922465776513e-06
C,7,732,0.018383828923106194,0.8033503081450987,0.14630958886970455,False,False,-0.145477943993541,-0.007417740477931262,0.002747431579403141,-0.012227655060717296,-0.21027373686542786,-0.0020168086636698163,0.005829027184547259,-0.0002830179455188144,-3.207922465776513e-06
C,7,733,0.018383828923106194,0.8033503080875983,0.14630958855398463,False,False,-0.145477943993541,-0.0074177389372830456,0.002747431579403141,-0.01222765252133266,-0.21027373686542786,-0.0020168086636698163,0.005829026547389681,-0.0002830179455188144,-3.207922465776513e-06
C,7,734,0.018383828923106194,0.8033503080794985,0.14630958850951048,False,False,-0.145477943993541,-0.00741774124825537,0.002747431579403141,-0.012227649981948023,-0.21027373686542786,-0.0020168086636698163,0.0058290278217048375,-0.00028301785192197176,-3.2079220838559293e-06
C,7,735,0.018383828923106194,0.8033503080993123,0.1463095886183031,False,False,-0.145477943993541,-0.007417739707607154,0.002747431579403141,-0.01222765252133266,-0.21027373686542786,-0.0020168086636698163,0.005829027184547259,-0.0002830178831209193,-3.2079220838559293e-06
C,7,736,0.018383828923106194,0.8033503081455756,0.14630958887232384,False,False,-0.145477943993541,-0.0074177389372830456,0.002747431579403141,-0.012227656330409615,-0.21027373686542786,-0.0020168086636698163,0.005829026547389681,-0.0002830179455188144,-3.207922465776513e-06
C,7,737,0.018383828923106194,0.8033503082214366,0.14630958928885804,False,False,-0.145477943993541,-0.007417743559227694,0.002747431579403141,-0.012227657600101933,-0.21027373686542786,-0.0020168086636698163,0.005829028458862415,-0.0002830179143198669,-3.207922465776513e-06
C,7,738,0.018383828923106194,0.80335030817865,0.14630958905392688,False,False,-0.145477943993541,-0.007417742018579478,0.002747431579403141,-0.012227656330409615,-0.21027373686542786,-0.0020168086636698163,0.005829027184547259,-0.0002830179455188144,-3.207922847697097e-06
C,7,739,0.018383828923106194,0.8033503081140478,0.14630958869921265,False,False,-0.145477943993541,-0.007417739707607154,0.002747431579403141,-0.012227653791024978,-0.21027373686542786,-0.0020168086636698163,0.005829026547389681,-0.00028301797671776194,-3.207922847697097e-06
C,7,740,0.018383828923106194,0.8033503080912344,0.1463095885739497,False,False,-0.145477943993541,-0.007417742018579478,0.002747431579403141,-0.012227649981948023,-0.21027373686542786,-0.0020168086636698163,0.005829028458862415,-0.00028301785192197176,-3.2079220838559293e-06
C,7,741,0.018383828923106194,0.8033503080728738,0.14630958847313544,False,False,-0.145477943993541,-0.0074177389372830456,0.002747431579403141,-0.012227651251640341,-0.21027373686542786,-0.0020168086636698163,0.005829027184547259,-0.0002830178831209193,-3.2079220838559293e-06
C,7,742,0.018383828923106194,0.8033503080880533,0.14630958855648318,False,False,-0.145477943993541,-0.00741773739663483,0.002747431579403141,-0.012227653791024978,-0.21027373686542786,-0.0020168086636698163,0.005829025910232102,-0.0002830178831209193,-3.2079220838559293e-06
C,7,743,0.018383828923106194,0.8033503081756502,0.14630958903745653,False,False,-0.145477943993541,-0.007417742788903586,0.002747431579403141,-0.012227655060717296,-0.21027373686542786,-0.0020168086636698163,0.005829028458862415,-0.00028301785192197176,-3.2079220838559293e-06
C,7,744,0.018383828923106194,0.8033503081722043,0.14630958905411776,False,False,-0.145477943993541,-0.007417740477931262,0.002747431881159598,-0.012227657600101933,-0.21027373686542786,-0.002016808487502335,0.005829026547389681,-0.0002830179455188144,-3.207922465776513e-06
C,7,745,0.018383828923106194,0.803350308114227,0.14630958873577854,False,False,-0.145477943993541,-0.007417740477931262,0.002747431881159598,-0.012227653791024978,-0.21027373686542786,-0.002016808487502335,0.005829026547389681,-0.0002830179455188144,-3.207922465776513e-06
C,7,746,0.018383828923106194,0.8033503081056501,0.1463095886886852,False,False,-0.145477943993541,-0.007417744329551802,0.002747431881159598,-0.012227649981948023,-0.21027373686542786,-0.002016808487502335,0.005829028458862415,-0.00028301785192197176,-3.2079220838559293e-06
C,7,747,0.018383828923106194,0.8033503080750765,0.1463095885208125,False,False,-0.145477943993541,-0.007417742018579478,0.002747431881159598,-0.012227649981948023,-0.21027373686542786,-0.002016808487502335,0.005829027184547259,-0.0002830178831209193,-3.2079220838559293e-06
C,7,748,0.018383830785751343,0.8033503080638175,0.1463095884589925,False,False,-0.145477943993541,-0.007417739707607154,0.002747431881159598,-0.012227651251640341,-0.21027373686542786,-0.002016808487502335,0.005829025910232102,-0.0002830178831209193,-3.2079220838559293e-06
C,7,749,0.018383828923106194,0.8033502798695991,0.14630958900683352,False,False,-0.145477943993541,-0.007417745870200018,0.002747431881159598,-0.01222765252133266,-0.2102737656475382,-0.0020168086636698163,0.0058290290960199935,-0.00028301785192197176,-3.2079217019353455e-06
C,7,750,0.018383830785751343,0.8033502799369865,0.14630958937684094,False,False,-0.145477943993541,-0.007417742018579478,0.002747431881159598,-0.012227661409178888,-0.2102737656475382,-0.0020168086636698163,0.005829024635916946,-0.0002830179455188144,-3.2079220838559293e-06
C,7,751,0.018383828923106194,0.8033502799975689,0.14630958970948454,False,False,-0.145477943993541,-0.007417751262468774,0.002747431881159598,-0.012227658869794251,-0.2102737656475382,-0.0020168086636698163,0.005829026547389681,-0.00028301797671776194,-3.207922465776513e-06
C,7,752,0.018383828923106194,0.8033502799452734,0.14630958942234268,False,False,-0.145477943993541,-0.00741775665473753,0.002747431881159598,-0.012227651251640341,-0.2102737656475382,-0.0020168086636698163,0.005829028458862415,-0.00028301797671776194,-3.207922847697097e-06
C,7,753,0.018383828923106194,0.8033502939450504,0.14630958861399476,False,False,-0.145477943993541,-0.007417750492144666,0.002747431881159598,-0.012227647442563386,-0.21027375125648304,-0.0020168086636698163,0.005829023998759368,-0.000283018039115657,-3.207922847697097e-06
C,7,754,0.018383828923106194,0.803350294018327,0.14630958898075713,False,False,-0.145477943993541,-0.007417760506358071,0.002747431579403141,-0.01222764363348643,-0.21027375125648304,-0.0020168086636698163,0.005829028458862415,-0.0002830178831209193,-3.2079220838559293e-06
C,7,755,0.018383828923106194,0.8033502941182441,0.14630958949379466,False,False,-0.145477943993541,-0.0074177558844134225,0.002747431277646685,-0.012227653791024978,-0.21027375125648304,-0.0020168086636698163,0.005829025910232102,-0.0002830178831209193,-3.2079217019353455e-06
C,7,756,0.018383828923106194,0.8033502942229508,0.14630959006871347,False,False,-0.145477943993541,-0.0074177535734410984,0.002747431277646685,-0.012227662678871206,-0.21027375125648304,-0.0020168086636698163,0.005829024635916946,-0.0002830179143198669,-3.2079220838559293e-06
C,7,757,0.018383828923106194,0.8033502941922809,0.14630958993589505,False,False,-0.145477943993541,-0.007417760506358071,0.002747431579403141,-0.012227655060717296,-0.21027375125648304,-0.0020168086636698163,0.005829028458862415,-0.0002830179455188144,-3.207922847697097e-06
C,7,758,0.018383828923106194,0.8033502940133216,0.14630958898885552,False,False,-0.145477943993541,-0.0074177558844134225,0.002747431881159598,-0.012227647442563386,-0.21027375125648304,-0.0020168086636698163,0.005829026547389681,-0.0002830180079167095,-3.207922847697097e-06
C,7,759,0.018383828923106194,0.803350293907401,0.14630958837168886,False,False,-0.145477943993541,-0.007417750492144666,0.002747431579403141,-0.01222764363348643,-0.21027375125648304,-0.0020168086636698163,0.005829025910232102,-0.00028301797671776194,-3.207922847697097e-06
C,7,760,0.018383828923106194,0.8033502939831945,0.14630958875227007,False,False,-0.145477943993541,-0.007417749721820558,0.002747431277646685,-0.012227647442563386,-0.21027375125648304,-0.0020168086636698163,0.005829028458862415,-0.00028301785192197176,-3.2079217019353455e-06
C,7,761,0.018383828923106194,0.8033502940944324,0.1463095893630502,False,False,-0.145477943993541,-0.00741774124825537,0.002747431277646685,-0.012227661409178888,-0.21027375125648304,-0.0020168086636698163,0.005829025273074524,-0.0002830178831209193,-3.2079220838559293e-06
C,7,762,0.018383828923106194,0.8033502941664455,0.14630958979403902,False,False,-0.145477943993541,-0.007417743559227694,0.002747431579403141,-0.012227663948563524,-0.21027375125648304,-0.0020168086636698163,0.0058290278217048375,-0.0002830179143198669,-3.207922465776513e-06
C,7,763,0.018383828923106194,0.8033502940603806,0.14630958924724455,False,False,-0.145477943993541,-0.007417744329551802,0.002747431881159598,-0.012227656330409615,-0.21027375125648304,-0.0020168086636698163,0.0058290290960199935,-0.0002830179455188144,-3.207922847697097e-06
C,7,764,0.018383828923106194,0.8033502938837446,0.14630958827737972,False,False,-0.145477943993541,-0.007417738166958938,0.002747431881159598,-0.012227649981948023,-0.21027375125648304,-0.0020168086636698163,0.005829025910232102,-0.00028301797671776194,-3.207922847697097e-06
C,7,765,0.018383828923106194,0.8033502938857944,0.14630958825305188,False,False,-0.145477943993541,-0.007417743559227694,0.002747431579403141,-0.012227644903178748,-0.21027375125648304,-0.0020168086636698163,0.0058290290960199935,-0.0002830178831209193,-3.2079220838559293e-06
C,7,766,0.018383828923106194,0.8033502939858668,0.1463095888025254,False,False,-0.145477943993541,-0.00741774124825537,0.002747431579403141,-0.012227653791024978,-0.21027375125648304,-0.0020168086636698163,0.005829027184547259,-0.0002830178831209193,-3.2079220838559293e-06
C,7,767,0.018383828923106194,0.8033503082349708,0.1463095893631709,False,False,-0.145477943993541,-0.00741774124825537,0.002747431579403141,-0.012227661409178888,-0.21027373686542786,-0.0020168086636698163,0.005829025273074524,-0.0002830179455188144,-3.207922465776513e-06
C,7,768,0.018383828923106194,0.803350308309344,0.14630958977153605,False,False,-0.145477943993541,-0.007417752032792882,0.002747431579403141,-0.012227657600101933,-0.21027373686542786,-0.0020168088398372975,0.005829029733177572,-0.00028301785192197176,-3.2079220838559293e-06
C,7,769,0.018383828923106194,0.8033503081184074,0.1463095887231491,False,False,-0.145477943993541,-0.007417745870200018,0.002747431579403141,-0.012227651251640341,-0.21027373686542786,-0.0020168086636698163,0.005829024635916946,-0.0002830179143198669,-3.207922465776513e-06
C,7,770,0.018383828923106194,0.8033503081229687,0.14630958871261227,False,False,-0.145477943993541,-0.007417752032792882,0.002747431277646685,-0.012227646172871066,-0.21027373686542786,-0.0020168086636698163,0.005829027184547259,-0.0002830178831209193,-3.2079220838559293e-06
C,7,771,0.018383828923106194,0.8033503081956597,0.14630958911174008,False,False,-0.145477943993541,-0.007417752032792882,0.002747431277646685,-0.012227651251640341,-0.21027373686542786,-0.0020168086636698163,0.005829026547389681,-0.0002830179143198669,-3.207922465776513e-06
C,7,772,0.018383828923106194,0.8033503082739387,0.14630958954155138,False,False,-0.145477943993541,-0.00741774895149645,0.002747431277646685,-0.012227658869794251,-0.21027373686542786,-0.0020168086636698163,0.005829025273074524,-0.00028301797671776194,-3.207922847697097e-06
C,7,773,0.018383828923106194,0.8033502799928606,0.14630958961246682,False,False,-0.145477943993541,-0.007417752032792882,0.002747431277646685,-0.012227656330409615,-0.2102737656475382,-0.0020168086636698163,0.005829028458862415,-0.00028301797671776194,-3.207922847697097e-06
C,7,774,0.018383828923106194,0.8033502798559964,0.14630958889656195,False,False,-0.145477943993541,-0.00741774509987591,0.002747431579403141,-0.012227653791024978,-0.2102737656475382,-0.0020168086636698163,0.005829024635916946,-0.000283018039115657,-3.2079232296176807e-06
C,7,775,0.018383828923106194,0.8033502798158572,0.14630958867616706,False,False,-0.145477943993541,-0.007417751262468774,0.002747431579403141,-0.012227646172871066,-0.2102737656475382,-0.0020168088398372975,0.005829027184547259,-0.00028301797671776194,-3.2079232296176807e-06
C,7,776,0.018383828923106194,0.8033502798880491,0.14630958907255506,False,False,-0.145477943993541,-0.00741775280311699,0.002747431579403141,-0.012227649981948023,-0.2102737656475382,-0.0020168088398372975,0.005829027184547259,-0.0002830179455188144,-3.207922847697097e-06
C,7,777,0.018383828923106194,0.8033502941215598,0.14630958958316492,False,False,-0.145477943993541,-0.007417748181172342,0.002747431881159598,-0.01222766013948657,-0.21027375125648304,-0.0020168086636698163,0.005829024635916946,-0.0002830179455188144,-3.207922465776513e-06
C,7,778,0.018383828923106194,0.803350294205702,0.1463095900451699,False,False,-0.145477943993541,-0.0074177558844134225,0.002747431881159598,-0.012227658869794251,-0.21027375125648304,-0.0020168086636698163,0.0058290290960199935,-0.0002830178831209193,-3.2079217019353455e-06
C,7,779,0.018383830785751343,0.8033503082102814,0.14630958929877236,False,False,-0.145477943993541,-0.007417750492144666,0.002747432182916054,-0.012227655060717296,-0.21027373686542786,-0.002016808487502335,0.005829025273074524,-0.0002830179143198669,-3.2079220838559293e-06
C,7,780,0.018383828923106194,0.8033503081055637,0.1463095887237936,False,False,-0.145477943993541,-0.00741775280311699,0.002747432182916054,-0.012227646172871066,-0.21027373686542786,-0.002016808487502335,0.005829026547389681,-0.00028301785192197176,-3.2079217019353455e-06
C,7,781,0.018383828923106194,0.8033503081265241,0.14630958883888134,False,False,-0.145477943993541,-0.0074177535734410984,0.002747432182916054,-0.012227646172871066,-0.21027373686542786,-0.002016808487502335,0.005829028458862415,-0.0002830177895240767,-3.2079213200147617e-06
C,7,782,0.018383828923106194,0.8033503081756385,0.14630958910855646,False,False,-0.145477943993541,-0.007417743559227694,0.002747432182916054,-0.012227657600101933,-0.21027373686542786,-0.002016808487502335,0.005829023998759368,-0.00028301782072302425,-3.2079213200147617e-06
C,7,783,0.018383828923106194,0.8033502941345411,0.14630958965444213,False,False,-0.145477943993541,-0.007417748181172342,0.002747431881159598,-0.012227658869794251,-0.21027375125648304,-0.0020168086636698163,0.0058290290960199935,-0.0002830177895240767,-3.2079213200147617e-06
C,7,784,0.018383828923106194,0.8033502940476552,0.14630958921295548,False,False,-0.145477943993541,-0.007417742018579478,0.002747432182916054,-0.012227658869794251,-0.21027375125648304,-0.002016808487502335,0.005829025910232102,-0.0002830179455188144,-3.2079220838559293e-06
C,7,785,0.018383828923106194,0.8033502939769989,0.14630958882499892,False,False,-0.145477943993541,-0.007417744329551802,0.002747432182916054,-0.01222765252133266,-0.21027375125648304,-0.002016808487502335,0.005829026547389681,-0.00028301797671776194,-3.207922847697097e-06
C,7,786,0.018383828923106194,0.8033502939413275,0.14630958859355309,False,False,-0.145477943993541,-0.007417748181172342,0.002747431881159598,-0.012227646172871066,-0.21027375125648304,-0.0020168086636698163,0.0058290290960199935,-0.0002830179143198669,-3.207922465776513e-06
C,7,787,0.018383828923106194,0.8033503080711184,0.1463095884634971,False,False,-0.145477943993541,-0.00741774124825537,0.002747431579403141,-0.012227651251640341,-0.21027373686542786,-0.0020168086636698163,0.005829023998759368,-0.0002830179455188144,-3.207922465776513e-06
C,7,788,0.018383828923106194,0.8033503082461569,0.14630958938900868,False,False,-0.145477943993541,-0.007417749721820558,0.002747431277646685,-0.012227655060717296,-0.21027373686542786,-0.0020168086636698163,0.005829028458862415,-0.0002830178831209193,-3.2079220838559293e-06
C,7,789,0.018383828923106194,0.803350308294899,0.1463095896566391,False,False,-0.145477943993541,-0.007417749721820558,0.002747431277646685,-0.012227658869794251,-0.21027373686542786,-0.0020168086636698163,0.005829027184547259,-0.0002830179143198669,-3.207922465776513e-06
C,7,790,0.018383830785751343,0.8033503082093256,0.14630958918677667,False,False,-0.145477943993541,-0.007417746640524126,0.002747431277646685,-0.012227656330409615,-0.21027373686542786,-0.0020168086636698163,0.005829024635916946,-0.00028301797671776194,-3.207922847697097e-06
C,7,791,0.018383828923106194,0.8033503081611196,0.14630958892208892,False,False,-0.145477943993541,-0.007417755114089314,0.002747431277646685,-0.012227646172871066,-0.21027373686542786,-0.0020168088398372975,0.005829028458862415,-0.0002830179143198669,-3.207922847697097e-06
C,7,792,0.018383828923106194,0.80335030809536,0.146309588561019,False,False,-0.145477943993541,-0.007417750492144666,0.002747431277646685,-0.012227646172871066,-0.21027373686542786,-0.0020168088398372975,0.005829025273074524,-0.0002830180079167095,-3.2079232296176807e-06
C,7,793,0.018383828923106194,0.8033503081715316,0.14630958894367654,False,False,-0.145477943993541,-0.007417751262468774,0.002747430975890229,-0.012227649981948023,-0.21027373686542786,-0.0020168088398372975,0.005829025910232102,-0.0002830179455188144,-3.207922847697097e-06
C,7,794,0.018383828923106194,0.803350308322195,0.14630958977093286,False,False,-0.145477943993541,-0.007417755114089314,0.002747430975890229,-0.012227656330409615,-0.21027373686542786,-0.0020168088398372975,0.005829028458862415,-0.0002830178831209193,-3.207922465776513e-06
C,7,795,0.018383830785751343,0.8033503082748928,0.14630958954678985,False,False,-0.145477943993541,-0.007417745870200018,0.002747431277646685,-0.012227661409178888,-0.21027373686542786,-0.0020168086636698163,0.005829023998759368,-0.00028301797671776194,-3.207922847697097e-06
C,7,796,0.018383828923106194,0.8033502799613108,0.146309589439235,False,False,-0.145477943993541,-0.00741775280311699,0.002747431277646685,-0.012227653791024978,-0.2102737656475382,-0.0020168086636698163,0.005829028458862415,-0.0002830179455188144,-3.207922465776513e-06
C,7,797,0.018383828923106194,0.8033502939587425,0.14630958865359228,False,False,-0.145477943993541,-0.007417748181172342,0.002747431579403141,-0.012227648712255705,-0.21027375125648304,-0.0020168086636698163,0.005829025273074524,-0.00028301797671776194,-3.207922847697097e-06
C,7,798,0.018383828923106194,0.803350293983739,0.14630958879084235,False,False,-0.145477943993541,-0.0074177535734410984,0.002747431579403141,-0.012227646172871066,-0.21027375125648304,-0.0020168086636698163,0.005829027184547259,-0.0002830179455188144,-3.207922465776513e-06
C,7,799,0.018383828923106194,0.8033502940366052,0.14630958908111735,False,False,-0.145477943993541,-0.007417755114089314,0.002747431579403141,-0.012227648712255705,-0.21027375125648304,-0.0020168086636698163,0.005829027184547259,-0.0002830179143198669,-3.2079220838559293e-06
C,7,800,0.018383828923106194,0.803350294114919,0.14630958951111922,False,False,-0.145477943993541,-0.007417750492144666,0.002747431579403141,-0.012227657600101933,-0.21027375125648304,-0.002016808487502335,0.005829025273074524,-0.00028301797671776194,-3.2079220838559293e-06
C,7,801,0.018383828923106194,0.8033502941303021,0.14630958959558407,False,False,-0.145477943993541,-0.007417754343765206,0.002747431579403141,-0.012227655060717296,-0.21027375125648304,-0.002016808487502335,0.0058290278217048375,-0.0002830179143198669,-3.2079217019353455e-06
C,7,802,0.018383828923106194,0.8033502940081997,0.1463095889251497,False,False,-0.145477943993541,-0.007417750492144666,0.002747431579403141,-0.012227649981948023,-0.21027375125648304,-0.002016808487502335,0.005829026547389681,-0.0002830179455188144,-3.2079220838559293e-06
C,7,803,0.018383828923106194,0.8033502939477328,0.14630958859314058,False,False,-0.145477943993541,-0.007417749721820558,0.002747431579403141,-0.012227646172871066,-0.21027375125648304,-0.002016808487502335,0.005829027184547259,-0.0002830179455188144,-3.2079220838559293e-06
C,7,804,0.018383828923106194,0.8033502939263945,0.14630958847597664,False,False,-0.145477943993541,-0.0074177474108482345,0.002747431579403141,-0.012227646172871066,-0.21027375125648304,-0.002016808487502335,0.005829027184547259,-0.0002830179455188144,-3.2079220838559293e-06
C,7,805,0.018383828923106194,0.8033502940067739,0.1463095889173212,False,False,-0.145477943993541,-0.007417743559227694,0.002747431579403141,-0.012227653791024978,-0.21027375125648304,-0.002016808487502335,0.005829027184547259,-0.0002830179143198669,-3.2079217019353455e-06
C,7,806,0.018383828923106194,0.8033502940769642,0.1463095893027189,False,False,-0.145477943993541,-0.007417742788903586,0.002747431579403141,-0.012227658869794251,-0.21027375125648304,-0.002016808487502335,0.005829027184547259,-0.0002830179143198669,-3.2079217019353455e-06
C,7,807,0.018383828923106194,0.8033502940511581,0.1463095891966058,False,False,-0.145477943993541,-0.007417742788903586,0.002747431881159598,-0.012227657600101933,-0.21027375125648304,-0.002016808487502335,0.005829027184547259,-0.0002830179143198669,-3.2079217019353455e-06
C,7,808,0.018383828923106194,0.803350293961642,0.1463095887050951,False,False,-0.145477943993541,-0.007417743559227694,0.002747431881159598,-0.012227651251640341,-0.21027375125648304,-0.002016808487502335,0.005829027184547259,-0.0002830179143198669,-3.2079217019353455e-06
C,7,809,0.018383828923106194,0.8033502939565418,0.14630958867709135,False,False,-0.145477943993541,-0.00741774509987591,0.002747431881159598,-0.012227649981948023,-0.21027375125648304,-0.002016808487502335,0.005829027184547259,-0.0002830179143198669,-3.2079217019353455e-06
C,7,810,0.018383828923106194,0.803350293984993,0.14630958883330994,False,False,-0.145477943993541,-0.007417748181172342,0.002747431881159598,-0.012227649981948023,-0.21027375125648304,-0.002016808487502335,0.005829027184547259,-0.0002830179143198669,-3.2079217019353455e-06
C,7,811,0.018383828923106194,0.803350294045471,0.14630958916537948,False,False,-0.145477943993541,-0.00741774895149645,0.002747431881159598,-0.012227653791024978,-0.21027375125648304,-0.002016808487502335,0.005829026547389681,-0.0002830179455188144,-3.2079217019353455e-06
C,7,812,0.018383828923106194,0.8033502940789655,0.14630958934929042,False,False,-0.145477943993541,-0.007417752032792882,0.002747431881159598,-0.012227653791024978,-0.21027375125648304,-0.0020168086636698163,0.005829027184547259,-0.0002830178831209193,-3.2079217019353455e-06
C,7,813,0.018383828923106194,0.8033502940987682,0.14630958945802264,False,False,-0.145477943993541,-0.007417750492144666,0.002747431881159598,-0.012227656330409615,-0.21027375125648304,-0.0020168086636698163,0.005829026547389681,-0.0002830178831209193,-3.2079217019353455e-06
C,7,814,0.018383828923106194,0.8033502940272088,0.1463095891006891,False,False,-0.145477943993541,-0.007417749721820558,0.002747432182916054,-0.01222765252133266,-0.21027375125648304,-0.0020168086636698163,0.005829026547389681,-0.0002830179143198669,-3.2079220838559293e-06
C,7,815,0.018383828923106194,0.8033502939733776,0.14630958880511552,False,False,-0.145477943993541,-0.007417751262468774,0.002747432182916054,-0.012227647442563386,-0.21027375125648304,-0.0020168086636698163,0.0058290278217048375,-0.0002830179143198669,-3.2079220838559293e-06
C,7,816,0.018383828923106194,0.8033502939478931,0.14630958866518606,False,False,-0.145477943993541,-0.0074177474108482345,0.002747432182916054,-0.012227648712255705,-0.21027375125648304,-0.0020168086636698163,0.005829026547389681,-0.0002830179143198669,-3.2079220838559293e-06
C,7,817,0.018383828923106194,0.8033502939783115,0.1463095887966233,False,False,-0.145477943993541,-0.0074177474108482345,0.002747431881159598,-0.012227649981948023,-0.21027375125648304,-0.0020168086636698163,0.005829027184547259,-0.0002830178831209193,-3.2079217019353455e-06
C,7,818,0.018383828923106194,0.8033502940729276,0.14630958931613774,False,False,-0.145477943993541,-0.00741774509987591,0.002747431881159598,-0.012227657600101933,-0.21027375125648304,-0.0020168086636698163,0.005829027184547259,-0.0002830178831209193,-3.2079217019353455e-06
C,7,819,0.018383828923106194,0.8033502940851517,0.14630958938325656,False,False,-0.145477943993541,-0.007417744329551802,0.002747431881159598,-0.012227658869794251,-0.21027375125648304,-0.0020168086636698163,0.005829027184547259,-0.0002830179143198669,-3.2079220838559293e-06
C,7,820,0.018383828923106194,0.8033502940322855,0.1463095890929815,False,False,-0.145477943993541,-0.007417742788903586,0.002747431881159598,-0.012227656330409615,-0.21027375125648304,-0.0020168086636698163,0.005829027184547259,-0.0002830179455188144,-3.207922465776513e-06
C,7,821,0.018383828923106194,0.8033502939396475,0.14630958854874618,False,False,-0.145477943993541,-0.007417742018579478,0.002747431579403141,-0.012227649981948023,-0.21027375125648304,-0.0020168086636698163,0.0058290278217048375,-0.0002830179455188144,-3.207922465776513e-06
C,7,822,0.018383828923106194,0.8033502939079534,0.14630958833913935,False,False,-0.145477943993541,-0.007417740477931262,0.002747431277646685,-0.012227648712255705,-0.21027375125648304,-0.0020168086636698163,0.005829027184547259,-0.0002830179455188144,-3.207922465776513e-06
C,7,823,0.018383828923106194,0.803350293939015,0.14630958850969156,False,False,-0.145477943993541,-0.00741774124825537,0.002747431277646685,-0.012227649981948023,-0.21027375125648304,-0.0020168086636698163,0.0058290278217048375,-0.0002830179455188144,-3.207922465776513e-06
C,7,824,0.018383828923106194,0.8033503081607393,0.14630958892000084,False,False,-0.145477943993541,-0.007417742018579478,0.002747431277646685,-0.012227655060717296,-0.21027373686542786,-0.002016808487502335,0.005829026547389681,-0.0002830179455188144,-3.207922465776513e-06
C,7,825,0.018383828923106194,0.8033503082370315,0.14630958933890315,False,False,-0.145477943993541,-0.007417746640524126,0.002747431277646685,-0.012227656330409615,-0.21027373686542786,-0.0020168086636698163,0.005829028458862415,-0.0002830178831209193,-3.207922465776513e-06
C,7,826,0.018383828923106194,0.8033503223055805,0.14630958890816556,False,False,-0.145477943993541,-0.007417742788903586,0.002747431277646685,-0.012227655060717296,-0.2102737224743727,-0.002016808487502335,0.005829025273074524,-0.0002830178831209193,-3.2079220838559293e-06
C,7,827,0.018383828923106194,0.8033503081150575,0.14630958866917365,False,False,-0.145477943993541,-0.007417749721820558,0.002747431277646685,-0.012227646172871066,-0.21027373686542786,-0.002016808487502335,0.0058290290960199935,-0.0002830178831209193,-3.2079217019353455e-06
C,7,828,0.018383828923106194,0.8033503222578947,0.1463095886819172,False,False,-0.145477943993541,-0.007417743559227694,0.002747431579403141,-0.01222765252133266,-0.2102737224743727,-0.0020168083113348534,0.005829023998759368,-0.0002830179455188144,-3.2079220838559293e-06
C,7,829,0.018383828923106194,0.8033502941681094,0.14630958980317518,False,False,-0.145477943993541,-0.007417754343765206,0.002747431579403141,-0.012227656330409615,-0.21027375125648304,-0.002016808487502335,0.00582903037033515,-0.0002830178831209193,-3.2079217019353455e-06
C,7,830,0.018383828923106194,0.8033503083335263,0.1463095899043145,False,False,-0.145477943993541,-0.00741774509987591,0.002747431579403141,-0.012227666487948161,-0.21027373686542786,-0.002016808487502335,0.005829023361601789,-0.0002830179455188144,-3.2079220838559293e-06
C,7,831,0.018383828923106194,0.803350280159314,0.14630959056200513,False,False,-0.145477943993541,-0.007417755114089314,0.002747431579403141,-0.012227665218255843,-0.2102737656475382,-0.0020168086636698163,0.005829029733177572,-0.00028301785192197176,-3.2079213200147617e-06
C,7,832,0.018383830785751343,0.8033502941602462,0.14630958979558203,False,False,-0.145477943993541,-0.007417746640524126,0.002747431881159598,-0.012227663948563524,-0.21027375125648304,-0.002016808487502335,0.005829023998759368,-0.0002830179455188144,-3.2079220838559293e-06
C,7,833,0.018383828923106194,0.8033502799239131,0.14630958930505786,False,False,-0.145477943993541,-0.007417754343765206,0.002747431881159598,-0.012227651251640341,-0.2102737656475382,-0.0020168086636698163,0.005829028458862415,-0.0002830179143198669,-3.2079217019353455e-06
C,7,834,0.018383828923106194,0.8033502939736352,0.14630958877094696,False,False,-0.145477943993541,-0.00741774895149645,0.002747431881159598,-0.012227649981948023,-0.21027375125648304,-0.002016808487502335,0.005829024635916946,-0.00028301797671776194,-3.2079220838559293e-06
C,7,835,0.018383828923106194,0.8033502658505105,0.14630958967356314,False,False,-0.145477943993541,-0.007417757425061638,0.002747431579403141,-0.012227653791024978,-0.21027378003859334,-0.0020168086636698163,0.005829028458862415,-0.0002830179455188144,-3.2079220838559293e-06
C,7,836,0.018383830785751343,0.8033502800939564,0.146309590203142,False,False,-0.145477943993541,-0.007417750492144666,0.002747431579403141,-0.012227666487948161,-0.2102737656475382,-0.002016808487502335,0.005829023998759368,-0.00028301797671776194,-3.2079220838559293e-06
C,7,837,0.018383828923106194,0.8033502802028571,0.1463095908010892,False,False,-0.145477943993541,-0.007417759736033962,0.002747431579403141,-0.012227666487948161,-0.2102737656475382,-0.0020168086636698163,0.005829027184547259,-0.0002830179455188144,-3.207922465776513e-06
C,7,838,0.018383828923106194,0.8033502942410576,0.14630959020371617,False,False,-0.145477943993541,-0.007417758965709854,0.002747431579403141,-0.01222766013948657,-0.21027375125648304,-0.002016808487502335,0.005829026547389681,-0.00028301797671776194,-3.207922465776513e-06
C,7,839,0.018383828923106194,0.803350308152575,0.14630958891075574,False,False,-0.145477943993541,-0.00741775280311699,0.002747431579403141,-0.012227648712255705,-0.21027373686542786,-0.002016808487502335,0.005829025910232102,-0.0002830179143198669,-3.2079220838559293e-06
C,7,840,0.018383828923106194,0.8033502939898194,0.1463095887886453,False,False,-0.145477943993541,-0.007417752032792882,0.002747431277646685,-0.012227646172871066,-0.21027375125648304,-0.0020168086636698163,0.0058290290960199935,-0.00028301782072302425,-3.2079213200147617e-06
C,7,841,0.018383828923106194,0.8033503082110804,0.14630958923199472,False,False,-0.145477943993541,-0.007417738166958938,0.002747431579403141,-0.012227662678871206,-0.21027373686542786,-0.0020168083113348534,0.005829023361601789,-0.0002830179143198669,-3.2079213200147617e-06
C,7,842,0.018383828923106194,0.8033502801469006,0.1463095904938456,False,False,-0.145477943993541,-0.007417749721820558,0.002747431579403141,-0.012227666487948161,-0.2102737656475382,-0.002016808487502335,0.005829032281807885,-0.00028301785192197176,-3.2079213200147617e-06
C,7,843,0.018383828923106194,0.803350294174867,0.1463095899114443,False,False,-0.145477943993541,-0.007417732774690182,0.002747432182916054,-0.012227674106102072,-0.21027375125648304,-0.0020168081351673722,0.005829023361601789,-0.000283018039115657,-3.2079220838559293e-06
C,7,844,0.018383828923106194,0.8033502799965481,0.14630958970387897,False,False,-0.145477943993541,-0.007417743559227694,0.002747431881159598,-0.012227661409178888,-0.2102737656475382,-0.0020168083113348534,0.005829031007492729,-0.0002830179143198669,-3.2079217019353455e-06
C,7,845,0.018383828923106194,0.8033502938691354,0.14630958819716355,False,False,-0.145477943993541,-0.00741773354501429,0.002747431881159598,-0.01222765252133266,-0.21027375125648304,-0.0020168081351673722,0.005829024635916946,-0.0002830179455188144,-3.2079213200147617e-06
C,7,846,0.018383828923106194,0.8033503080663663,0.14630958843740452,False,False,-0.145477943993541,-0.007417743559227694,0.002747431579403141,-0.012227647442563386,-0.21027373686542786,-0.002016808487502335,0.005829028458862415,-0.00028301785192197176,-3.2079213200147617e-06
C,7,847,0.018383828923106194,0.8033503223846733,0.14630958937802788,False,False,-0.145477943993541,-0.007417745870200018,0.002747431579403141,-0.012227657600101933,-0.2102737224743727,-0.002016808487502335,0.0058290278217048375,-0.00028301782072302425,-3.2079213200147617e-06
C,7,848,0.018383828923106194,0.8033503367426431,0.1463095905364287,False,False,-0.145477943993541,-0.007417743559227694,0.002747431579403141,-0.012227674106102072,-0.21027370808331752,-0.0020168083113348534,0.005829025273074524,-0.00028301785192197176,-3.2079213200147617e-06
C,7,849,0.018383828923106194,0.8033503085636745,0.14630959113241995,False,False,-0.145477943993541,-0.007417751262468774,0.002747431277646685,-0.012227674106102072,-0.21027373686542786,-0.002016808487502335,0.00582903037033515,-0.00028301782072302425,-3.2079213200147617e-06
C,7,850,0.018383828923106194,0.803350322475412,0.14630958984066977,False,False,-0.145477943993541,-0.007417739707607154,0.002747431277646685,-0.0122276690273328,-0.2102737224743727,-0.0020168083113348534,0.005829023361601789,-0.0002830179143198669,-3.2079220838559293e-06
C,7,851,0.018383828923106194,0.8033503082293689,0.14630958926124754,False,False,-0.145477943993541,-0.0074177535734410984,0.002747430975890229,-0.012227649981948023,-0.21027373686542786,-0.0020168086636698163,0.005829031007492729,-0.00028301782072302425,-3.2079220838559293e-06
C,7,852,0.018383828923106194,0.8033503222724292,0.14630958872614017,False,False,-0.145477943993541,-0.007417742788903586,0.002747431277646685,-0.012227653791024978,-0.2102737224743727,-0.002016808487502335,0.005829023361601789,-0.0002830180079167095,-3.207922847697097e-06
C,7,853,0.018383828923106194,0.8033502800690085,0.14630958999499424,False,False,-0.145477943993541,-0.007417754343765206,0.002747430975890229,-0.012227658869794251,-0.2102737656475382,-0.0020168088398372975,0.005829029733177572,-0.0002830179455188144,-3.207922847697097e-06
C,7,854,0.018383830785751343,0.8033502943276563,0.14630959060804236,False,False,-0.145477943993541,-0.007417745870200018,0.002747430975890229,-0.012227674106102072,-0.21027375125648304,-0.0020168086636698163,0.005829023998759368,-0.000283018039115657,-3.2079232296176807e-06
C,7,855,0.018383828923106194,0.8033502802454523,0.14630959096380344,False,False,-0.145477943993541,-0.007417755114089314,0.002747430975890229,-0.012227670297025118,-0.2102737656475382,-0.0020168088398372975,0.0058290290960199935,-0.0002830180079167095,-3.2079236115382645e-06
C,7,856,0.018383828923106194,0.8033502941929843,0.14630958990417411,False,False,-0.145477943993541,-0.007417748181172342,0.002747431277646685,-0.012227663948563524,-0.21027375125648304,-0.0020168088398372975,0.005829024635916946,-0.00028301807031460457,-3.2079236115382645e-06
C,7,857,0.018383828923106194,0.8033502798915739,0.14630958905632627,False,False,-0.145477943993541,-0.0074177535734410984,0.002747431277646685,-0.012227648712255705,-0.2102737656475382,-0.0020168088398372975,0.005829028458862415,-0.00028301797671776194,-3.207922847697097e-06
C,7,858,0.018383828923106194,0.8033502939123348,0.1463095883631966,False,False,-0.145477943993541,-0.007417746640524126,0.002747431277646685,-0.012227646172871066,-0.21027375125648304,-0.0020168086636698163,0.005829025273074524,-0.0002830179455188144,-3.207922465776513e-06
C,7,859,0.018383828923106194,0.8033503082384811,0.14630958934686203,False,False,-0.145477943993541,-0.007417752032792882,0.002747431277646685,-0.012227653791024978,-0.21027373686542786,-0.002016808487502335,0.005829027184547259,-0.0002830178831209193,-3.2079220838559293e-06
C,7,860,0.018383828923106194,0.8033503226033057,0.14630959057848525,False,False,-0.145477943993541,-0.00741775280311699,0.002747431579403141,-0.012227667757640481,-0.2102737224743727,-0.002016808487502335,0.0058290278217048375,-0.00028301785192197176,-3.2079217019353455e-06
C,7,861,0.018383828923106194,0.8033503367157274,0.14630959038864147,False,False,-0.145477943993541,-0.007417744329551802,0.002747431579403141,-0.012227671566717436,-0.21027370808331752,-0.0020168083113348534,0.005829025910232102,-0.00028301785192197176,-3.207920938094178e-06
C,7,862,0.018383828923106194,0.803350322545084,0.14630959025880336,False,False,-0.145477943993541,-0.007417746640524126,0.002747431579403141,-0.012227666487948161,-0.2102737224743727,-0.0020168083113348534,0.00582903037033515,-0.00028301772712618163,-3.207920556173594e-06
C,7,863,0.018383828923106194,0.8033503364529629,0.14630958898144808,False,False,-0.145477943993541,-0.007417732774690182,0.002747431881159598,-0.012227662678871206,-0.21027370808331752,-0.0020168081351673722,0.005829023998759368,-0.00028301785192197176,-3.207920938094178e-06
C,7,864,0.018383828923106194,0.8033502940574875,0.14630958919577713,False,False,-0.145477943993541,-0.00741774509987591,0.002747431579403141,-0.012227653791024978,-0.21027375125648304,-0.0020168083113348534,0.005829032281807885,-0.00028301775832512914,-3.207920938094178e-06
C,7,865,0.018383828923106194,0.8033503080684388,0.14630958848436673,False,False,-0.145477943993541,-0.007417728152745533,0.002747431881159598,-0.01222766013948657,-0.21027373686542786,-0.0020168081351673722,0.005829022724444211,-0.00028301797671776194,-3.2079217019353455e-06
C,7,866,0.018383828923106194,0.8033502799884591,0.14630958965946514,False,False,-0.145477943993541,-0.007417745870200018,0.002747431881159598,-0.012227658869794251,-0.2102737656475382,-0.0020168083113348534,0.005829032281807885,-0.00028301785192197176,-3.2079217019353455e-06
C,7,867,0.018383828923106194,0.8033502940964086,0.14630958944506603,False,False,-0.145477943993541,-0.007417735085662506,0.002747431881159598,-0.012227666487948161,-0.21027375125648304,-0.0020168083113348534,0.005829024635916946,-0.0002830180079167095,-3.2079220838559293e-06
C,7,868,0.018383828923106194,0.803350280068906,0.14630959006559652,False,False,-0.145477943993541,-0.007417745870200018,0.002747431579403141,-0.012227665218255843,-0.2102737656475382,-0.002016808487502335,0.0058290290960199935,-0.0002830178831209193,-3.2079217019353455e-06
C,7,869,0.018383828923106194,0.8033502941373214,0.14630958963412494,False,False,-0.145477943993541,-0.007417746640524126,0.002747431579403141,-0.012227661409178888,-0.21027375125648304,-0.002016808487502335,0.005829025273074524,-0.0002830179455188144,-3.2079220838559293e-06
C,7,870,0.018383828923106194,0.8033503082771781,0.1463095895949206,False,False,-0.145477943993541,-0.007417757425061638,0.002747431579403141,-0.012227653791024978,-0.21027373686542786,-0.002016808487502335,0.005829026547389681,-0.0002830179143198669,-3.2079220838559293e-06
C,7,871,0.018383828923106194,0.803350294086856,0.14630958932144938,False,False,-0.145477943993541,-0.007417763587654502,0.002747431277646685,-0.012227646172871066,-0.21027375125648304,-0.002016808487502335,0.0058290278217048375,-0.0002830179143198669,-3.2079220838559293e-06
C,7,872,0.018383828923106194,0.8033503081644477,0.146309588940363,False,False,-0.145477943993541,-0.007417754343765206,0.002747431277646685,-0.012227649981948023,-0.21027373686542786,-0.0020168083113348534,0.0058290220872866325,-0.00028301797671776194,-3.2079220838559293e-06
C,7,873,0.018383828923106194,0.8033502942796847,0.1463095903446429,False,False,-0.145477943993541,-0.0074177682095991505,0.002747430975890229,-0.012227653791024978,-0.21027375125648304,-0.002016808487502335,0.005829031644650306,-0.00028301785192197176,-3.2079217019353455e-06
C,7,874,0.018383828923106194,0.8033503083669259,0.14630959005212157,False,False,-0.145477943993541,-0.007417744329551802,0.002747431277646685,-0.012227670297025118,-0.21027373686542786,-0.0020168081351673722,0.005829020175813898,-0.0002830181015135521,-3.207922465776513e-06
C,7,875,0.018383828923106194,0.803350280268634,0.14630959109108876,False,False,-0.145477943993541,-0.0074177620470062865,0.002747430975890229,-0.012227666487948161,-0.2102737656475382,-0.0020168083113348534,0.005829031644650306,-0.0002830179455188144,-3.2079220838559293e-06
C,7,876,0.018383828923106194,0.8033502942175222,0.14630959000332355,False,False,-0.145477943993541,-0.00741774509987591,0.002747430975890229,-0.012227667757640481,-0.21027375125648304,-0.002016807958999891,0.005829023361601789,-0.000283018039115657,-3.2079217019353455e-06
C,7,877,0.018383828923106194,0.8033502799959905,0.14630958959407037,False,False,-0.145477943993541,-0.007417749721820558,0.002747430975890229,-0.012227657600101933,-0.2102737656475382,-0.0020168081351673722,0.005829028458862415,-0.0002830179455188144,-3.2079213200147617e-06
C,7,878,0.018383828923106194,0.803350294069806,0.14630958922783227,False,False,-0.145477943993541,-0.007417746640524126,0.002747431277646685,-0.012227656330409615,-0.21027375125648304,-0.002016807958999891,0.005829025910232102,-0.00028301797671776194,-3.2079213200147617e-06
C,7,879,0.018383828923106194,0.8033503082982411,0.1463095896749897,False,False,-0.145477943993541,-0.007417748181172342,0.002747431277646685,-0.01222766013948657,-0.21027373686542786,-0.002016807958999891,0.005829027184547259,-0.0002830179455188144,-3.2079213200147617e-06
C,7,880,0.018383828923106194,0.8033503224818547,0.14630958987604442,False,False,-0.145477943993541,-0.007417745870200018,0.002747431277646685,-0.012227663948563524,-0.2102737224743727,-0.002016807958999891,0.005829027184547259,-0.0002830178831209193,-3.2079213200147617e-06
C,7,881,0.018383828923106194,0.8033503365810636,0.1463095896136524,False,False,-0.145477943993541,-0.007417742788903586,0.002747431277646685,-0.012227662678871206,-0.21027370808331752,-0.002016807958999891,0.005829027184547259,-0.00028301785192197176,-3.207920938094178e-06
C,7,882,0.018383828923106194,0.8033503081512104,0.14630958883209794,False,False,-0.145477943993541,-0.007417740477931262,0.002747430975890229,-0.012227653791024978,-0.21027373686542786,-0.0020168081351673722,0.0058290290960199935,-0.00028301775832512914,-3.2079201742530104e-06
C,7,883,0.018383828923106194,0.8033503221934267,0.1463095882923566,False,False,-0.145477943993541,-0.00741772969339375,0.002747431277646685,-0.012227656330409615,-0.2102737224743727,-0.002016807958999891,0.005829023998759368,-0.0002830179143198669,-3.2079213200147617e-06
C,7,884,0.018383828923106194,0.803350279928241,0.14630958925765758,False,False,-0.145477943993541,-0.0074177474108482345,0.002747431277646685,-0.01222765252133266,-0.2102737656475382,-0.0020168083113348534,0.005829033556123042,-0.0002830177895240767,-3.2079213200147617e-06
C,7,885,0.018383828923106194,0.8033502940668459,0.1463095892827443,False,False,-0.145477943993541,-0.007417728152745533,0.002747431881159598,-0.012227670297025118,-0.21027375125648304,-0.0020168081351673722,0.005829021450129055,-0.0002830181015135521,-3.207922465776513e-06
C,7,886,0.018383828923106194,0.8033502659246007,0.14630959008037386,False,False,-0.145477943993541,-0.0074177535734410984,0.002747431579403141,-0.012227658869794251,-0.21027378003859334,-0.0020168086636698163,0.005829032918965463,-0.0002830179143198669,-3.2079220838559293e-06
C,7,887,0.018383828923106194,0.8033502799369333,0.14630958937654914,False,False,-0.145477943993541,-0.007417743559227694,0.002747431881159598,-0.012227661409178888,-0.2102737656475382,-0.002016808487502335,0.005829022724444211,-0.000283018039115657,-3.207922465776513e-06
C,7,888,0.018383828923106194,0.8033502516673627,0.1463095894750675,False,False,-0.145477943993541,-0.007417758195385747,0.002747431579403141,-0.012227651251640341,-0.21027379442964853,-0.0020168086636698163,0.0058290278217048375,-0.00028301797671776194,-3.207922465776513e-06
C,7,889,0.018383828923106194,0.8033502658172622,0.14630958949100462,False,False,-0.145477943993541,-0.007417758965709854,0.002747431579403141,-0.01222765252133266,-0.21027378003859334,-0.002016808487502335,0.005829024635916946,-0.000283018039115657,-3.207922465776513e-06
C,7,890,0.018383828923106194,0.8033502800497114,0.146309589960204,False,False,-0.145477943993541,-0.007417765128302718,0.002747431579403141,-0.012227653791024978,-0.2102737656475382,-0.002016808487502335,0.005829025910232102,-0.00028301797671776194,-3.207922465776513e-06
C,7,891,0.018383828923106194,0.8033502942268397,0.14630959012564865,False,False,-0.145477943993541,-0.007417767439275042,0.002747431579403141,-0.012227653791024978,-0.21027375125648304,-0.0020168083113348534,0.005829027184547259,-0.0002830179455188144,-3.2079220838559293e-06
C,7,892,0.018383828923106194,0.8033503081855982,0.14630958909207695,False,False,-0.145477943993541,-0.0074177558844134225,0.002747431579403141,-0.012227649981948023,-0.21027373686542786,-0.0020168081351673722,0.005829023998759368,-0.0002830179143198669,-3.2079213200147617e-06
C,7,893,0.018383828923106194,0.803350308086093,0.14630958851013645,False,False,-0.145477943993541,-0.007417758195385747,0.002747431277646685,-0.012227638554717157,-0.21027373686542786,-0.0020168083113348534,0.00582903037033515,-0.00028301772712618163,-3.207920556173594e-06
C,7,894,0.018383828923106194,0.8033503221008464,0.14630958781960396,False,False,-0.145477943993541,-0.007417739707607154,0.002747431579403141,-0.012227644903178748,-0.2102737224743727,-0.002016807958999891,0.005829023361601789,-0.0002830178831209193,-3.207920938094178e-06
C,7,895,0.018383828923106194,0.8033503081339085,0.1463095888082627,False,False,-0.145477943993541,-0.007417744329551802,0.002747431579403141,-0.012227649981948023,-0.21027373686542786,-0.002016807958999891,0.005829031644650306,-0.00028301782072302425,-3.207920938094178e-06
C,7,896,0.018383828923106194,0.8033503222475561,0.14630958862515067,False,False,-0.145477943993541,-0.007417727382421426,0.002747431579403141,-0.012227661409178888,-0.2102737224743727,-0.002016807958999891,0.005829024635916946,-0.00028301797671776194,-3.2079217019353455e-06
C,7,897,0.018383828923106194,0.8033502939538139,0.1463095885909484,False,False,-0.145477943993541,-0.007417735855986614,0.002747431277646685,-0.01222765252133266,-0.21027375125648304,-0.002016807958999891,0.005829031644650306,-0.00028301785192197176,-3.207920938094178e-06
C,7,898,0.018383827060461044,0.803350307922398,0.1463095875757445,False,False,-0.145477943993541,-0.007417725071449102,0.002747430975890229,-0.012227649981948023,-0.21027373686542786,-0.00201680778283241,0.005829025273074524,-0.0002830178831209193,-3.207920938094178e-06
C,7,899,0.018383828923106194,0.8033502938095474,0.1463095877276502,False,False,-0.145477943993541,-0.007417738166958938,0.0027474306741337726,-0.012227641094101793,-0.21027375125648304,-0.002016807958999891,0.005829031007492729,-0.00028301782072302425,-3.207920556173594e-06
C,7,900,0.018383828923106194,0.8033503079476956,0.14630958771464733,False,False,-0.145477943993541,-0.007417735085662506,0.002747430975890229,-0.012227646172871066,-0.21027373686542786,-0.00201680778283241,0.005829023998759368,-0.000283018039115657,-3.2079217019353455e-06
C,7,901,0.018383830785751343,0.8033502799138585,0.14630958914310369,False,False,-0.145477943993541,-0.007417755114089314,0.002747430975890229,-0.012227647442563386,-0.2102737656475382,-0.002016807958999891,0.005829031644650306,-0.00028301797671776194,-3.2079220838559293e-06
C,7,902,0.018383828923106194,0.8033502940099747,0.14630958886373094,False,False,-0.145477943993541,-0.00741774509987591,0.002747430975890229,-0.012227655060717296,-0.21027375125648304,-0.00201680778283241,0.005829021450129055,-0.0002830181015135521,-3.207922465776513e-06
C,7,903,0.018383828923106194,0.8033502799282013,0.14630958918627363,False,False,-0.145477943993541,-0.007417768979923259,0.0027474306741337726,-0.012227639824409475,-0.2102737656475382,-0.0020168081351673722,0.005829031007492729,-0.0002830178831209193,-3.2079213200147617e-06
C,7,904,0.018383828923106194,0.8033502939410108,0.14630958848506664,False,False,-0.145477943993541,-0.007417757425061638,0.002747430975890229,-0.01222764363348643,-0.21027375125648304,-0.002016807958999891,0.005829020175813898,-0.0002830180079167095,-3.2079213200147617e-06
C,7,905,0.018383828923106194,0.8033502658204245,0.14630958947278505,False,False,-0.145477943993541,-0.007417778223812554,0.002747431277646685,-0.012227638554717157,-0.21027378003859334,-0.0020168081351673722,0.0058290290960199935,-0.0002830179455188144,-3.2079213200147617e-06
C,7,906,0.018383830785751343,0.803350280003521,0.14630958974216635,False,False,-0.145477943993541,-0.007417769750247366,0.002747431881159598,-0.012227649981948023,-0.2102737656475382,-0.002016807958999891,0.005829022724444211,-0.00028301807031460457,-3.2079217019353455e-06
C,7,907,0.018383828923106194,0.803350294145645,0.14630958971541122,False,False,-0.145477943993541,-0.007417775142516123,0.002747431881159598,-0.012227644903178748,-0.21027375125648304,-0.00201680778283241,0.005829025910232102,-0.00028301797671776194,-3.2079213200147617e-06
C,7,908,0.018383828923106194,0.8033503081925145,0.1463095891300543,False,False,-0.145477943993541,-0.0074177705205714746,0.002747431579403141,-0.012227639824409475,-0.21027373686542786,-0.002016807606664928,0.0058290278217048375,-0.00028301782072302425,-3.2079197923324266e-06
C,7,909,0.018383828923106194,0.8033503221486894,0.1463095880822978,False,False,-0.145477943993541,-0.007417749721820558,0.002747431579403141,-0.012227642363794112,-0.2102737224743727,-0.002016807430497447,0.005829022724444211,-0.00028301782072302425,-3.207919028491259e-06
C,7,910,0.018383828923106194,0.8033502798072543,0.14630958859334803,False,False,-0.145477943993541,-0.007417754343765206,0.002747431277646685,-0.012227641094101793,-0.2102737656475382,-0.002016807606664928,0.005829032281807885,-0.000283017633529339,-3.2079186465706752e-06
C,7,911,0.018383828923106194,0.8033502938747418,0.14630958822794726,False,False,-0.145477943993541,-0.007417727382421426,0.002747431881159598,-0.012227658869794251,-0.21027375125648304,-0.002016807430497447,0.005829020175813898,-0.00028301797671776194,-3.2079201742530104e-06
C,7,912,0.018383828923106194,0.8033502798801322,0.1463095890646681,False,False,-0.145477943993541,-0.00741775280311699,0.002747431881159598,-0.012227646172871066,-0.2102737656475382,-0.002016807430497447,0.005829035467595776,-0.0002830178831209193,-3.2079201742530104e-06
C,7,913,0.018383828923106194,0.8033502937554222,0.14630958757279253,False,False,-0.145477943993541,-0.007417728152745533,0.002747431881159598,-0.012227649981948023,-0.21027375125648304,-0.0020168072543299657,0.005829021450129055,-0.0002830181015135521,-3.207920938094178e-06
C,7,914,0.018383828923106194,0.8033502513829676,0.14630958784235734,False,False,-0.145477943993541,-0.007417752032792882,0.002747430975890229,-0.012227633475947883,-0.21027379442964853,-0.00201680778283241,0.005829032281807885,-0.00028301785192197176,-3.2079197923324266e-06
C,7,915,0.018383828923106194,0.8033502655660111,0.14630958804028132,False,False,-0.145477943993541,-0.007417743559227694,0.002747430975890229,-0.012227646172871066,-0.21027378003859334,-0.002016807606664928,0.005829021450129055,-0.000283018039115657,-3.207920556173594e-06
C,7,916,0.018383828923106194,0.8033502659203636,0.14630959002152694,False,False,-0.145477943993541,-0.0074177682095991505,0.002747431277646685,-0.012227651251640341,-0.21027378003859334,-0.00201680778283241,0.0058290290960199935,-0.000283018039115657,-3.2079217019353455e-06
C,7,917,0.018383828923106194,0.8033502800692497,0.1463095900674838,False,False,-0.145477943993541,-0.007417768979923259,0.002747431579403141,-0.012227653791024978,-0.2102737656475382,-0.002016807606664928,0.005829023998759368,-0.00028301813271249963,-3.2079220838559293e-06
C,7,918,0.018383828923106194,0.8033502940426862,0.1463095890789239,False,False,-0.145477943993541,-0.007417773601867907,0.002747431277646685,-0.012227638554717157,-0.21027375125648304,-0.002016807606664928,0.005829025273074524,-0.00028301797671776194,-3.2079213200147617e-06
C,7,919,0.018383828923106194,0.8033502939468018,0.1463095884812818,False,False,-0.145477943993541,-0.007417774372192014,0.0027474306741337726,-0.012227629666870929,-0.21027375125648304,-0.002016807958999891,0.0058290278217048375,-0.00028301782072302425,-3.2079201742530104e-06
C,7,920,0.018383828923106194,0.8033503080799427,0.14630958844078348,False,False,-0.145477943993541,-0.007417758195385747,0.002747430975890229,-0.012227642363794112,-0.21027373686542786,-0.00201680778283241,0.0058290208129714765,-0.0002830179143198669,-3.207920556173594e-06
C,7,921,0.018383828923106194,0.8033502941568262,0.14630958967005728,False,False,-0.145477943993541,-0.007417771290895583,0.002747430975890229,-0.01222764363348643,-0.21027375125648304,-0.002016807958999891,0.005829032281807885,-0.00028301785192197176,-3.207920556173594e-06
C,7,922,0.018383828923106194,0.8033503081780848,0.14630958905082375,False,False,-0.145477943993541,-0.007417743559227694,0.002747431579403141,-0.012227658869794251,-0.21027373686542786,-0.002016807606664928,0.005829020175813898,-0.00028301813271249963,-3.2079217019353455e-06
C,7,923,0.018383828923106194,0.8033502798957487,0.14630958907924915,False,False,-0.145477943993541,-0.007417761276682178,0.002747431277646685,-0.012227642363794112,-0.2102737656475382,-0.00201680778283241,0.005829032918965463,-0.0002830178831209193,-3.207920556173594e-06
C,7,924,0.018383828923106194,0.8033502938083467,0.14630958779222322,False,False,-0.145477943993541,-0.007417738166958938,0.002747431277646685,-0.012227646172871066,-0.21027375125648304,-0.002016807606664928,0.0058290220872866325,-0.0002830180079167095,-3.207920556173594e-06
C,7,925,0.018383828923106194,0.8033502656504101,0.1463095885036957,False,False,-0.145477943993541,-0.007417755114089314,0.002747430975890229,-0.012227639824409475,-0.21027378003859334,-0.00201680778283241,0.005829031644650306,-0.00028301782072302425,-3.2079197923324266e-06
C,7,926,0.018383828923106194,0.8033502798705698,0.14630958897658103,False,False,-0.145477943993541,-0.007417744329551802,0.002747431579403141,-0.012227656330409615,-0.2102737656475382,-0.002016807430497447,0.005829022724444211,-0.000283018039115657,-3.207920938094178e-06
C,7,927,0.018383828923106194,0.8033502658946798,0.14630958991608667,False,False,-0.145477943993541,-0.007417763587654502,0.002747431579403141,-0.01222765252133266,-0.21027378003859334,-0.002016807606664928,0.005829029733177572,-0.0002830179455188144,-3.207920556173594e-06
C,7,928,0.018383828923106194,0.803350279898423,0.1463095891650983,False,False,-0.145477943993541,-0.007417758965709854,0.002747431881159598,-0.012227649981948023,-0.2102737656475382,-0.002016807606664928,0.0058290220872866325,-0.000283018039115657,-3.207920938094178e-06
C,7,929,0.018383828923106194,0.8033502657337327,0.14630958903236474,False,False,-0.145477943993541,-0.00741777591284023,0.002747431579403141,-0.012227634745640202,-0.21027378003859334,-0.00201680778283241,0.0058290290960199935,-0.0002830179143198669,-3.2079201742530104e-06
C,7,930,0.018383828923106194,0.8033502656520206,0.1463095886192859,False,False,-0.145477943993541,-0.007417765898626826,0.002747431881159598,-0.012227639824409475,-0.21027378003859334,-0.00201680778283241,0.0058290208129714765,-0.0002830180079167095,-3.2079201742530104e-06
C,7,931,0.018383828923106194,0.8033502658827744,0.14630958988629875,False,False,-0.145477943993541,-0.007417784386405419,0.002747431881159598,-0.012227639824409475,-0.21027378003859334,-0.00201680778283241,0.0058290290960199935,-0.00028301785192197176,-3.2079197923324266e-06
C,7,932,0.018383828923106194,0.8033502658647408,0.14630958982286374,False,False,-0.145477943993541,-0.0074177682095991505,0.002747432182916054,-0.012227653791024978,-0.21027378003859334,-0.002016807430497447,0.005829018901498741,-0.0002830181015135521,-3.207920556173594e-06
C,7,933,0.018383828923106194,0.8033502518041277,0.14630959026159243,False,False,-0.145477943993541,-0.007417788238025959,0.002747431881159598,-0.012227641094101793,-0.21027379442964853,-0.002016807606664928,0.005829031007492729,-0.0002830179455188144,-3.2079201742530104e-06
C,7,934,0.018383828923106194,0.8033502657335316,0.14630958906684388,False,False,-0.145477943993541,-0.007417764357978611,0.002747431881159598,-0.012227647442563386,-0.21027378003859334,-0.002016807078162484,0.005829018264341164,-0.00028301813271249963,-3.207920556173594e-06
C,7,935,0.018383828923106194,0.8033502642210443,0.14630958072656128,False,False,-0.145477935294141,-0.0074177828457572025,0.002747431579403141,-0.012227634745640202,-0.21027378003859334,-0.0020168072543299657,0.0058290290960199935,-0.0002830178831209193,-3.207919028491259e-06
C,7,936,0.018383828923106194,0.8033502641821408,0.14630958051295148,False,False,-0.145477935294141,-0.007417767439275042,0.002747431579403141,-0.012227644903178748,-0.21027378003859334,-0.002016807078162484,0.0058290220872866325,-0.0002830180079167095,-3.207919410411843e-06
C,7,937,0.018383828923106194,0.803350278423027,0.1463095810284757,False,False,-0.145477935294141,-0.00741777206121969,0.002747431579403141,-0.012227646172871066,-0.2102737656475382,-0.002016806901995003,0.005829026547389681,-0.0002830179143198669,-3.207919410411843e-06
C,7,938,0.018383828923106194,0.8033502925244149,0.1463095807780485,False,False,-0.145477935294141,-0.007417766668950935,0.002747431579403141,-0.012227646172871066,-0.21027375125648304,-0.0020168067258275217,0.005829027184547259,-0.0002830179143198669,-3.207919028491259e-06
C,7,939,0.018383830785751343,0.8033503065746673,0.14630958021126622,False,False,-0.145477935294141,-0.007417751262468774,0.002747431277646685,-0.012227649981948023,-0.21027373686542786,-0.00201680654966004,0.005829024635916946,-0.0002830178831209193,-3.2079186465706752e-06
C,7,940,0.018383828923106194,0.8033502923719391,0.14630957986967583,False,False,-0.145477935294141,-0.007417752032792882,0.002747430975890229,-0.012227642363794112,-0.21027375125648304,-0.0020168067258275217,0.005829031007492729,-0.00028301775832512914,-3.2079178827295076e-06
C,7,941,0.018383828923106194,0.8033503063788082,0.14630957913585116,False,False,-0.145477935294141,-0.007417732004366074,0.002747431277646685,-0.012227649981948023,-0.21027373686542786,-0.0020168067258275217,0.0058290220872866325,-0.0002830179143198669,-3.207919028491259e-06
C,7,942,0.018383828923106194,0.803350278306655,0.1463095803539226,False,False,-0.145477935294141,-0.007417754343765206,0.002747431277646685,-0.012227644903178748,-0.2102737656475382,-0.002016806901995003,0.005829034830438198,-0.00028301782072302425,-3.207919028491259e-06
C,7,943,0.018383828923106194,0.8033502923746317,0.14630957995562568,False,False,-0.145477935294141,-0.00741772969339375,0.002747431579403141,-0.012227662678871206,-0.21027375125648304,-0.002016806901995003,0.005829018901498741,-0.00028301807031460457,-3.2079201742530104e-06
C,7,944,0.018383828923106194,0.8033502785101714,0.14630958143579928,False,False,-0.145477935294141,-0.007417766668950935,0.002747430975890229,-0.012227649981948023,-0.2102737656475382,-0.002016807430497447,0.005829035467595776,-0.00028301775832512914,-3.207919028491259e-06
C,7,945,0.018383828923106194,0.8033502783345071,0.14630958054243504,False,False,-0.145477935294141,-0.0074177389372830456,0.002747431579403141,-0.012227665218255843,-0.2102737656475382,-0.002016807430497447,0.005829016352868428,-0.0002830181639114472,-3.207920938094178e-06
C,7,946,0.018383828923106194,0.8033502644536379,0.14630958196809374,False,False,-0.145477935294141,-0.0074177828457572025,0.002747431277646685,-0.012227646172871066,-0.21027378003859334,-0.00201680778283241,0.0058290361047533545,-0.0002830178831209193,-3.207920556173594e-06
C,7,947,0.018383828923106194,0.803350278305812,0.14630958042046002,False,False,-0.145477935294141,-0.007417750492144666,0.002747431881159598,-0.012227657600101933,-0.2102737656475382,-0.00201680778283241,0.005829014441395694,-0.0002830182575082898,-3.2079220838559293e-06
C,7,948,0.018383828923106194,0.8033502644528283,0.14630958196364846,False,False,-0.145477935294141,-0.007417793630294715,0.002747431277646685,-0.012227639824409475,-0.21027378003859334,-0.0020168081351673722,0.005829035467595776,-0.00028301782072302425,-3.207920556173594e-06
C,7,949,0.018383828923106194,0.8033502784010111,0.14630958090759258,False,False,-0.145477935294141,-0.007417758965709854,0.002747431579403141,-0.012227658869794251,-0.2102737656475382,-0.002016807958999891,0.005829013167080537,-0.00028301813271249963,-3.2079213200147617e-06
C,7,950,0.018383828923106194,0.8033502504487472,0.14630958278394685,False,False,-0.145477935294141,-0.007417798252239363,0.002747431579403141,-0.012227647442563386,-0.21027379442964853,-0.0020168081351673722,0.00582903419328062,-0.00028301785192197176,-3.207920556173594e-06
C,7,951,0.018383828923106194,0.8033502643413845,0.14630958145848555,False,False,-0.145477935294141,-0.0074177620470062865,0.002747432182916054,-0.012227662678871206,-0.21027378003859334,-0.002016807958999891,0.005829015078553271,-0.00028301822630934226,-3.2079220838559293e-06
C,7,952,0.018383828923106194,0.8033502503299331,0.14630958216714984,False,False,-0.145477935294141,-0.0074177913193223905,0.002747431881159598,-0.012227644903178748,-0.21027379442964853,-0.002016807958999891,0.005829032918965463,-0.0002830179143198669,-3.207920938094178e-06
C,7,953,0.018383828923106194,0.8033502641330807,0.14630958031474028,False,False,-0.145477935294141,-0.007417758965709854,0.002747432182916054,-0.012227649981948023,-0.21027378003859334,-0.00201680778283241,0.005829016990026007,-0.0002830181639114472,-3.2079213200147617e-06
C,7,954,0.018383828923106194,0.8033502642759903,0.14630958106383918,False,False,-0.145477935294141,-0.007417782075433095,0.002747431881159598,-0.012227638554717157,-0.21027378003859334,-0.00201680778283241,0.00582903037033515,-0.00028301785192197176,-3.2079197923324266e-06
C,7,955,0.018383828923106194,0.8033502784481495,0.14630958123758292,False,False,-0.145477935294141,-0.007417767439275042,0.002747432182916054,-0.012227653791024978,-0.2102737656475382,-0.002016807606664928,0.005829021450129055,-0.00028301797671776194,-3.2079197923324266e-06
C,7,956,0.018383828923106194,0.8033502926952404,0.146309581787175,False,False,-0.145477935294141,-0.007417774372192014,0.002747432182916054,-0.012227653791024978,-0.21027375125648304,-0.0020168072543299657,0.005829026547389681,-0.0002830179143198669,-3.207919410411843e-06
C,7,957,0.018383828923106194,0.8033502925937016,0.1463095812296504,False,False,-0.145477935294141,-0.007417769750247366,0.002747432182916054,-0.012227649981948023,-0.21027375125648304,-0.002016806901995003,0.005829026547389681,-0.0002830179143198669,-3.207919028491259e-06
C,7,958,0.018383828923106194,0.8033503065111635,0.14630957993374683,False,False,-0.145477935294141,-0.007417755114089314,0.002747431881159598,-0.012227644903178748,-0.21027373686542786,-0.0020168067258275217,0.005829023361601789,-0.0002830178831209193,-3.2079182646500914e-06
C,7,959,0.018383828923106194,0.8033503064487236,0.14630957951973994,False,False,-0.145477935294141,-0.007417759736033962,0.002747431277646685,-0.012227633475947883,-0.21027373686542786,-0.002016806901995003,0.005829031007492729,-0.00028301769592723407,-3.207917500808924e-06
C,7,960,0.018383828923106194,0.8033503205491449,0.14630957926400526,False,False,-0.145477935294141,-0.0074177366263107215,0.002747431277646685,-0.012227648712255705,-0.2102737224743727,-0.0020168067258275217,0.0058290220872866325,-0.0002830178831209193,-3.2079178827295076e-06
C,7,961,0.018383828923106194,0.803350292532812,0.14630958075299003,False,False,-0.145477935294141,-0.007417754343765206,0.002747430975890229,-0.012227649981948023,-0.21027375125648304,-0.002016806901995003,0.00582903419328062,-0.00028301782072302425,-3.2079186465706752e-06
C,7,962,0.018383828923106194,0.8033503065680205,0.14630958017477014,False,False,-0.145477935294141,-0.007417728923069642,0.002747431277646685,-0.012227665218255843,-0.21027373686542786,-0.00201680654966004,0.005829020175813898,-0.0002830181015135521,-3.2079197923324266e-06
C,7,963,0.018383828923106194,0.803350278379083,0.14630958068044284,False,False,-0.145477935294141,-0.007417759736033962,0.0027474306741337726,-0.012227644903178748,-0.2102737656475382,-0.002016807078162484,0.0058290361047533545,-0.0002830177895240767,-3.207919028491259e-06
C,7,964,0.018383828923106194,0.8033502938121396,0.1463095877774663,False,False,-0.145477943993541,-0.0074177304637178575,0.002747430975890229,-0.012227653791024978,-0.21027375125648304,-0.002016807078162484,0.00582901571571085,-0.00028301813271249963,-3.207920556173594e-06
C,7,965,0.018383828923106194,0.803350280004618,0.146309589605859,False,False,-0.145477943993541,-0.007417779764460771,0.0027474306741337726,-0.012227634745640202,-0.2102737656475382,-0.002016807606664928,0.005829038653383667,-0.00028301785192197176,-3.2079201742530104e-06
C,7,966,0.018383828923106194,0.8033502939990624,0.14630958883939632,False,False,-0.145477943993541,-0.007417739707607154,0.002747431277646685,-0.012227662678871206,-0.21027375125648304,-0.0020168072543299657,0.00582901189276538,-0.0002830183199061849,-3.2079217019353455e-06
C,7,967,0.018383828923106194,0.8033502520750727,0.1463095916069557,False,False,-0.145477943993541,-0.007417798252239363,0.0027474306741337726,-0.012227646172871066,-0.21027379442964853,-0.0020168081351673722,0.00582904120201398,-0.00028301782072302425,-3.207920556173594e-06
C,7,968,0.018383828923106194,0.8033502940758288,0.14630958926090273,False,False,-0.145477943993541,-0.007417743559227694,0.002747431277646685,-0.012227667757640481,-0.21027375125648304,-0.002016807606664928,0.005829006795504754,-0.0002830183199061849,-3.2079220838559293e-06
C,7,969,0.018383828923106194,0.8033502520988932,0.14630959173774782,False,False,-0.145477943993541,-0.007417812888397415,0.0027474306741337726,-0.012227637285024838,-0.21027379442964853,-0.002016808487502335,0.005829044387801872,-0.00028301769592723407,-3.207920938094178e-06
C,7,970,0.018383828923106194,0.8033502938829175,0.14630958827283813,False,False,-0.145477943993541,-0.00741773739663483,0.002747431881159598,-0.012227662678871206,-0.21027375125648304,-0.00201680778283241,0.005829000423928972,-0.000283018444701975,-3.207922847697097e-06
C,7,971,0.018383828923106194,0.8033502521059271,0.14630959181195233,False,False,-0.145477943993541,-0.007417832916824223,0.002747430975890229,-0.012227622048717017,-0.21027379442964853,-0.0020168086636698163,0.0058290526708503895,-0.0002830175399324964,-3.207920556173594e-06
C,7,972,0.018383828923106194,0.8033503078717906,0.14630958740461975,False,False,-0.145477943993541,-0.007417718908856238,0.002747431881159598,-0.0122276690273328,-0.21027373686542786,-0.002016807430497447,0.005828988955092563,-0.00028301860069671276,-3.2079232296176807e-06
C,7,973,0.018383828923106194,0.8033502240585401,0.14630959309484234,False,False,-0.145477943993541,-0.007417852945251032,0.0027474303723773164,-0.012227618239640062,-0.21027382321175886,-0.0020168088398372975,0.005829067325474689,-0.00028301729034091607,-3.207919410411843e-06
C,7,974,0.018383828923106194,0.8033503075921264,0.14630958590463433,False,False,-0.145477943993541,-0.007417677311354405,0.002747432182916054,-0.012227685533332937,-0.21027373686542786,-0.0020168067258275217,0.005828969840365215,-0.0002830189750840832,-3.2079239934588487e-06
C,7,975,0.018383828923106194,0.8033502102102238,0.1463095946636582,False,False,-0.145477943993541,-0.007417895313076973,0.002747429768864404,-0.012227597924562968,-0.210273837602814,-0.002016809016004779,0.005829095360408133,-0.00028301688475459806,-3.2079178827295076e-06
C,7,976,0.018383828923106194,0.8033503636753379,0.1463095831686162,False,False,-0.145477943993541,-0.007417611833805224,0.00274743248467251,-0.012227709657486988,-0.2102736793012072,-0.0020168058449901148,0.005828934159540832,-0.00028301953666513895,-3.2079251392206e-06
C,7,977,0.018383828923106194,0.8033501528511149,0.14630959028728413,False,False,-0.145477935294141,-0.007417975426784206,0.002747428561838579,-0.012227577609485873,-0.21027389516703468,-0.002016809544507223,0.005829143147226503,-0.000283016073581962,-3.207914445444253e-06
C,7,978,0.018383828923106194,0.8033504178426821,0.14630956998419922,False,False,-0.145477935294141,-0.007417498596161346,0.0027474333899418788,-0.012227754096718132,-0.21027362173698655,-0.0020168042594827826,0.005828871718098162,-0.0002830205350314602,-3.207927048823519e-06
C,7,979,0.018383828923106194,0.8033500817923989,0.1463095882962516,False,False,-0.14547792659474096,-0.007418122558688837,0.002747426751299841,-0.012227526821793138,-0.2102739671223105,-0.0020168109538470738,0.005829229163499569,-0.0002830146384303752,-3.2079098623972472e-06
C,7,980,0.018383828923106194,0.8033505293967349,0.14630956129210762,False,False,-0.145477935294141,-0.00741729523059683,0.0027474352004806164,-0.012227830278257237,-0.2102735066085452,-0.002016801969305525,0.005828753206788605,-0.00028302256296305027,-3.20793315955286e-06
C,7,981,0.018383828923106194,0.8033499280456942,0.14630959820955042,False,False,-0.14547792659474096,-0.007418409889581126,0.002747423733735279,-0.012227394773792023,-0.21027412542391732,-0.0020168137725267753,0.005829388452894135,-0.000283012142514572,-3.2079037516679066e-06
C,7,982,0.018383828923106194,0.8033507256111222,0.14630955163207202,False,False,-0.145477943993541,-0.007416929326645523,0.0027474391233145478,-0.012227938202104301,-0.2102733051337729,-0.002016797917453454,0.005828534024581682,-0.0002830262756378075,-3.2079442352497903e-06
C,7,983,0.018383828923106194,0.8033496350595937,0.14630962001450273,False,False,-0.14547792659474096,-0.007418952197753168,0.0027474176986061537,-0.012227184004867168,-0.21027442763607576,-0.002016819233718697,0.005829686005483185,-0.0002830071506829656,-3.2078888567651376e-06
C,7,984,0.018383830785751343,0.8033510905593075,0.14630953663584187,False,False,-0.14547795269294103,-0.007416235264624203,0.0027474457619565853,-0.012228274670568678,-0.21027293096633864,-0.002016790694586719,0.00582811987215581,-0.00028303304580942366,-3.207963331278981e-06
C,7,985,0.018383828923106194,0.8033490906328389,0.14630965892059244,False,False,-0.14547791789534092,-0.007419965944279314,0.002747407438886641,-0.012226867851479884,-0.2102749888872272,-0.002016829627600097,0.005830249252782371,-0.0002829979469934414,-3.2078628861654387e-06
C,7,986,0.018383832648396492,0.8033518458866322,0.14630949106526145,False,False,-0.14547796139234107,-0.007414900292945014,0.0027474602462664857,-0.012228810480727046,-0.21027215384935974,-0.002016776072685767,0.005827337442649701,-0.0002830460869694953,-3.2080011414167786e-06
C,7,987,0.018383832648396492,0.8033480407934733,0.1463097180588134,False,False,-0.14547790049654089,-0.0074218801996877295,0.0027473881264734406,-0.012226100957319568,-0.21027606821636458,-0.0020168495345254892,0.005831333057822998,-0.000282980007598606,-3.207811326886624e-06
C,7,988,0.01838383637368679,0.8033532423489088,0.14630939420032255,False,False,-0.1454779787911411,-0.007412274258060795,0.002747488007860461,-0.01222976274996585,-0.21027071474384323,-0.0020167484143911955,0.00582582164477101,-0.0002830710461275271,-3.2080721786453674e-06
C,7,989,0.018383843824267387,0.8033460421348843,0.14630984730252738,False,False,-0.14547787439834078,-0.0074255893102678164,0.002747349803403496,-0.012224689059461499,-0.21027812613725314,-0.0020168882913713855,0.005833452881085884,-0.0002829449399815713,-3.2077093540907465e-06
C,7,990,0.01838385872542858,0.8033560974390361,0.14630923091520975,False,False,-0.14547803098754128,-0.0074070761109799165,0.0027475420222661307,-0.012231767594136614,-0.2102677789685896,-0.002016692921634571,0.005822835924359262,-0.0002831204028625351,-3.208213107340794e-06
C,7,991,0.01838388666510582,0.8033421016889656,0.1463101073757446,False,False,-0.14547782220194064,-0.007432959001009186,0.0027472734590200634,-0.012221919860515056,-0.21028218441480961,-0.002016965100393253,0.005837669589938839,-0.00028287514793592477,-3.2075077000224936e-06
C,7,992,0.018383946269750595,0.803361835746223,0.14630890341738254,False,False,-0.1454781353803416,-0.007396659788391351,0.0027476500510774703,-0.012235770934016548,-0.21026187863597204,-0.002016581936121322,0.00581685938627514,-0.00028321892913886574,-3.2084938189698956e-06
C,7,993,0.018384061753749847,0.803334219883634,0.14631062220104346,False,False,-0.14547770910974028,-0.007447783888467915,0.002747118356201548,-0.012216320517390885,-0.21029030096992257,-0.0020171197754418765,0.005846163537614684,-0.00028273419109094,-3.207099044997815e-06
C,7,994,0.0183842945843935,0.8033735321463585,0.14630821246659428,False,False,-0.14547831806774217,-0.0073755274871362035,0.0027478673157259746,-0.012243867761931024,-0.21024984771385424,-0.0020163567940801592,0.0058047629496517875,-0.0002834183216125926,-3.2090613529574398e-06
C,7,995,0.018384765833616257,0.8033183306257045,0.1463116603272803,False,False,-0.14547747422593957,-0.007477915115952883,0.0027468027189483045,-0.012204829801909308,-0.21030666359964498,-0.0020174328250562317,0.00586340629599768,-0.0002824477223546296,-3.2062664581251057e-06
C,7,996,0.018385713919997215,0.8033977760459953,0.14630684396380245,False,False,-0.14547870954074335,-0.007332558808391183,0.00274831089771667,-0.012260325513762205,-0.21022492240630877,-0.0020158929451017707,0.005780248311828059,-0.0002838228471663936,-3.2102132254382157e-06
C,7,997,0.01838759332895279,0.8032870417603961,0.14631378190668476,False,False,-0.1454770044583381,-0.007538837738683384,0.002746155753106093,-0.012181628714175073,-0.2103388995632142,-0.0020180573387776094,0.00589794724547298,-0.0002818682019040779,-3.204551634703791e-06
C,7,998,0.01839122362434864,0.8034477365563328,0.14630426778067468,False,False,-0.14547949248674577,-0.007247891715355259,0.0027491844826575303,-0.012293096272500269,-0.210173603903591,-0.0020149523869188546,0.005732611862646687,-0.00028461227413599305,-3.212455863106358e-06
C,7,999,0.018397588282823563,0.8032318131569428,0.1463177548581875,False,False,-0.14547614321773547,-0.007652755578748816,0.002744895316388313,-0.012137947489344944,-0.21039584496850144,-0.0020191950283721533,0.005960428191912759,-0.00028078637839813546,-3.2011800397899015e-06
C,7,1000,0.01840716227889061,0.803539881335505,0.1463007378976755,False,False,-0.14548094528655023,-0.007108782736309553,0.002750659769972164,-0.012349459184206636,-0.21007918419065455,-0.002013274920161461,0.005658756379119729,-0.0002858737411818696,-3.216116953822777e-06
