{
  "params": {
    "epochs": 50000,
    "batch_size": 2000,
    "lr": 0.01,
    "lam_reg": 1e-05,
    "noise": 0.1,
    "log_every": 2000,
    "stride_t": 4,
    "stride_x": 4,
    "selected_derivs": [
      "uu_x",
      "u_xx",
      "u_x_x"
    ],
    "train_pde": true,
    "train_data": true,
    "coeff_plot": true,
    "target": [
      "0.02",
      "0",
      "-1",
      "0"
    ],
    "seed": 34522,
    "part_num": 3,
    "which_part": 1
  },
  "feature_names": [
    "u_xx",
    "u_x_x",
    "uu_x"
  ],
  "feature_powers": [
    2,
    2,
    1
  ],
  "feature_coeffs": "[[-0.003909691236913204, -0.0006543082417920232, -0.9974843963292201], -0.0068403024643801155]",
  "a_hat": 1.1262673139572144,
  "saved_at": "2025-10-13 08:51:11"
}