{
  "params": {
    "epochs": 15000,
    "batch_size": 1000,
    "lr": 0.01,
    "lam_reg": 1e-05,
    "noise": 0.5,
    "log_every": 2000,
    "stride_t": 4,
    "stride_x": 4,
    "selected_derivs": [
      "uu_x",
      "u_xx",
      "u_x_x"
    ],
    "train_pde": true,
    "train_data": true,
    "coeff_plot": true,
    "target": [
      "0.02",
      "0",
      "-1",
      "0"
    ],
    "seed": 34522,
    "part_num": 3,
    "which_part": 3
  },
  "feature_names": [],
  "feature_powers": [],
  "feature_coeffs": "[[-0.45780110359191895, 0.24180254340171814, 0.10523118078708649], -0.06627015769481659]",
  "a_hat": 1.0,
  "saved_at": "2025-10-26 17:21:19"
}