{
  "params": {
    "epochs": 50000,
    "batch_size": 2000,
    "lr": 0.01,
    "lam_reg": 1e-05,
    "noise": 0.05,
    "log_every": 2000,
    "stride_t": 4,
    "stride_x": 4,
    "selected_derivs": [
      "uu_x",
      "u_xx",
      "u_x_x"
    ],
    "train_pde": true,
    "train_data": true,
    "coeff_plot": true,
    "target": [
      "0.02",
      "0",
      "-1",
      "0"
    ],
    "seed": 34522,
    "part_num": 3,
    "which_part": 3
  },
  "feature_names": [
    "u_xx",
    "u_x_x",
    "uu_x"
  ],
  "feature_powers": [
    2,
    2,
    1
  ],
  "feature_coeffs": "[[0.014934021979570389, -0.0021418570540845394, -1.0371442997820708], 0.004696819784444122]",
  "a_hat": 1.032023310661316,
  "saved_at": "2025-10-13 15:38:22"
}