{
  "params": {
    "epochs": 50000,
    "batch_size": 2000,
    "lr": 0.01,
    "lam_reg": 1e-05,
    "noise": 0.1,
    "log_every": 2000,
    "stride_t": 4,
    "stride_x": 4,
    "selected_derivs": [
      "uu_x",
      "u_xx",
      "u_x_x"
    ],
    "train_pde": true,
    "train_data": true,
    "coeff_plot": true,
    "target": [
      "0.02",
      "0",
      "-1",
      "0"
    ],
    "seed": 34522,
    "part_num": 3,
    "which_part": 2
  },
  "feature_names": [
    "u_xx",
    "u_x_x",
    "uu_x"
  ],
  "feature_powers": [
    2,
    2,
    1
  ],
  "feature_coeffs": "[[0.013126279227435589, -0.00026774907018989325, -1.0027808879513032], -0.03171506373310582]",
  "a_hat": 1.655233383178711,
  "saved_at": "2025-10-13 08:29:25"
}