lambda_pde,epoch,data_loss,pde_loss,total_loss,coeff_error,spurious_l2,xi_u,xi_u_x,xi_u_xx,xi_u^2,xi_u*u_x,xi_u*u_xx,xi_u_x^2,xi_u_x*u_xx,xi_u_xx^2,data_grad,pde_grad,weighted_pde_grad,grad_ratio,grad_cos,symnet_pde_grad,symnet_data_grad,surrogate_update_rel,symnet_update_rel
0.0001,0,2.171844959259033,76.15037536621094,2.179460048675537,0.9643839296883523,0.20520962726676284,0.08160520911722177,-0.16650236372411895,0.006268531105383822,-0.08741765588225901,-0.057802133583300205,0.002830534892221806,-0.008820273026813711,0.0009421325894529834,-2.2899140895299556e-05,30.809986042383507,1236.7681538288145,0.12367681538288146,0.004014179532984743,0.5646257718891676,32.1316663897992,0.0,,
0.0001,1,1.9483672380447388,70.03280639648438,1.955370545387268,0.9646546037976135,0.20546796860141775,0.08218898235601606,-0.16670914336508136,0.0062584059692506215,-0.0870868451668522,-0.05758152230538717,0.002819568290340425,-0.008784589016643005,0.0009384711433676081,-2.280830948669279e-05,,,,,,,,,
0.0001,2,1.8273950815200806,63.78575134277344,1.8337736129760742,0.9649208679500818,0.2057161367099009,0.0827714767830064,-0.1668995551593967,0.006248300145530621,-0.0867596505351682,-0.05736324957393842,0.0028087095029576295,-0.008749272009237379,0.0009348447648992675,-2.2718269417535683e-05,,,,,,,,,
0.0001,3,1.5559190511703491,60.50166320800781,1.5619691610336304,0.9651795131581242,0.20596017635559227,0.0833359286543413,-0.16708570243945006,0.006238319852496423,-0.08644325336695993,-0.05715191333107912,0.002798121484993665,-0.00871503880687238,0.0009313055562903532,-2.262978300131352e-05,,,,,,,,,
0.0001,4,1.438525915145874,54.581546783447266,1.443984031677246,0.9654341230882014,0.20620041560129304,0.08388550455163049,-0.16726853424454252,0.0062286558002283806,-0.08613405789358167,-0.056943912215254265,0.0027877490960268704,-0.008681137563605657,0.0009278147060501255,-2.2542900651543365e-05,,,,,,,,,
0.0001,5,1.2718714475631714,50.76073455810547,1.2769474983215332,0.9656754193883633,0.20641646870874147,0.08440608534863055,-0.16742754146562236,0.006218985109318302,-0.08583717335692266,-0.056744286693535345,0.0027776881711670987,-0.008648624686701974,0.0009244318665662805,-2.2457824022293473e-05,,,,,,,,,
0.0001,6,1.157825231552124,48.7968635559082,1.1627049446105957,0.9659022763076082,0.20659068846671896,0.08490884107497582,-0.16753705074081762,0.00620979240063493,-0.08554984706403662,-0.056550306063204825,0.002767924793183323,-0.00861691144255901,0.0009211371953081831,-2.2375072525557827e-05,,,,,,,,,
0.0001,7,1.0224428176879883,43.909358978271484,1.0268337726593018,0.9661269211185214,0.20678972951103508,0.08542346278295755,-0.16766334691897472,0.006200397515125868,-0.08527394800201624,-0.05636404983173403,0.0027585089936402467,-0.008586478247990782,0.0009179607056633664,-2.2294939476344793e-05,,,,,,,,,
0.0001,8,0.9455527663230896,41.623313903808594,0.9497150778770447,0.9663457364778036,0.2069855831631508,0.0859359705367328,-0.1677801157285639,0.00619093624319643,-0.08500740403299786,-0.056183089508563884,0.002749352160294752,-0.008556765678643571,0.000914855848802101,-2.2216551040358612e-05,,,,,,,,,
0.0001,9,0.8830866813659668,36.829437255859375,0.8867696523666382,0.9665572805832823,0.20718405589617703,0.08644559878909919,-0.16789407439580706,0.0061814749712669915,-0.08475195717484237,-0.056010173785230884,0.002740515423262866,-0.008528457404598854,0.0009118687991667459,-2.2140440378734284e-05,,,,,,,,,
0.0001,10,0.7634505033493042,35.60893249511719,0.7670114040374756,0.966760722840706,0.20737769566194963,0.08694269120602706,-0.16800098305681369,0.006172019734466678,-0.08450789691739832,-0.055844518349228545,0.0027320093525934693,-0.008501266704946414,0.0009089867027909146,-2.206669609704725e-05,,,,,,,,,
0.0001,11,0.7569983005523682,32.72939682006836,0.7602712512016296,0.9669562667372862,0.2075681727707146,0.08743403331953724,-0.16809888200705297,0.006162496904220164,-0.08427652850436908,-0.05568628150216367,0.0027238640729258736,-0.008475119032249593,0.0009062086861040763,-2.199547860194272e-05,,,,,,,,,
0.0001,12,0.709693431854248,33.710357666015625,0.7130644917488098,0.9671419532607062,0.2077482887918976,0.08792061686123281,-0.16817852735722874,0.006152971659921999,-0.08405771988775351,-0.05553588418239983,0.002716087335629257,-0.008450164755696862,0.0009035454191462891,-2.1926928440195526e-05,,,,,,,,,
0.0001,13,0.6605979204177856,32.244781494140625,0.6638224124908447,0.9673230504517761,0.20793851407095368,0.08840010169250655,-0.16826744124707216,0.006143419257542772,-0.08384965286815166,-0.05539243414451682,0.002708645316547201,-0.008426301930075698,0.0009009901629448849,-2.1860990615241604e-05,,,,,,,,,
0.0001,14,0.6182894110679626,30.49539566040039,0.621338963508606,0.9675026348653453,0.2081429642517081,0.08886444086833374,-0.16837683959559588,0.00613404851255021,-0.08364882309476472,-0.0552536899816727,0.0027014020143841058,-0.00840319286186962,0.0008984993637690977,-2.1796380346237015e-05,,,,,,,,,
0.0001,15,0.5917520523071289,30.392980575561523,0.5947913527488708,0.9676704528217736,0.20832591293769334,0.08930590932149064,-0.16846517420171003,0.0061247182029227866,-0.08345846574362,-0.05512228525696265,0.0026944823318842464,-0.008381312233474436,0.0008961229399349914,-2.173426478248588e-05,,,,,,,,,
0.0001,16,0.5470796227455139,28.369264602661133,0.5499165654182434,0.9678304852199628,0.2084964680118361,0.08974014857322532,-0.1685364261004049,0.0061153607352143,-0.08327688450578008,-0.05499614406067914,0.002687826195936483,-0.008360184725336763,0.0008938253246423708,-2.1674119928947215e-05,,,,,,,,,
0.0001,17,0.5123082399368286,29.10671615600586,0.5152189135551453,0.9679837694086211,0.20866576162023934,0.09014025137925508,-0.16861788325288274,0.006106089569852304,-0.0831059686834148,-0.05487665512964556,0.0026814964983316574,-0.008340064563330323,0.0008916292307250447,-2.1616465197615002e-05,,,,,,,,,
0.0001,18,0.4886760115623474,26.847925186157227,0.4913608133792877,0.9681269105741555,0.20880593941540548,0.09051663092141192,-0.1686722742975014,0.006096926433301645,-0.08294059379832702,-0.05476114172760127,0.0026753202426030853,-0.008320615965411376,0.0008894898564943458,-2.1559849290270758e-05,,,,,,,,,
0.0001,19,0.4605030119419098,27.714628219604492,0.4632744789123535,0.9682643035145342,0.20894022882678034,0.09086532897268368,-0.16872979593929502,0.006087863479894464,-0.08278244092314636,-0.054650226267682143,0.002669375294777523,-0.008301873338089145,0.0008874244237693162,-2.1505092572328507e-05,,,,,,,,,
0.0001,20,0.4641939401626587,25.940744400024414,0.46678802371025085,0.968395872712102,0.20906400756208132,0.09120537982032885,-0.16877583050798992,0.00607888863937251,-0.08262903161846726,-0.054542962538011094,0.0026635612393906024,-0.008283788257387684,0.0008854114052761536,-2.1451208160999687e-05,,,,,,,,,
0.0001,21,0.401922345161438,27.360502243041992,0.40465840697288513,0.9685226698395536,0.20918428366720793,0.09152418673310873,-0.1688252052020172,0.0060699264726217185,-0.08248187427876398,-0.05443982184564477,0.0026579281080070256,-0.008266361997622148,0.0008834589751391132,-2.1398623807338156e-05,,,,,,,,,
0.0001,22,0.40202632546424866,26.064184188842773,0.4046327471733093,0.968644193229572,0.20929032652094162,0.09182459441483207,-0.1688645102193045,0.0060608556735466754,-0.0823383177864757,-0.05433894414670311,0.002652393806580485,-0.008249272157057936,0.0008815376191538225,-2.1346693301716115e-05,,,,,,,,,
0.0001,23,0.36829155683517456,25.417518615722656,0.37083330750465393,0.9687606767343239,0.20939474485703877,0.09211185730311501,-0.16890466567440704,0.006051764958545518,-0.08220228803025094,-0.054242876657950294,0.0026471045541204994,-0.008232933525278497,0.0008796950717100172,-2.1296762532270908e-05,,,,,,,,,
0.0001,24,0.35595470666885376,25.287925720214844,0.3584834933280945,0.9688759823335411,0.20950760806471994,0.09239139512417419,-0.1689565177307657,0.006042730973758139,-0.0820712608617607,-0.054149892452766545,0.0026419521837935207,-0.008217063841476663,0.0008778951420285513,-2.124774226149751e-05,,,,,,,,,
0.0001,25,0.33764946460723877,23.880149841308594,0.34003746509552,0.9689859611487683,0.20960387877512404,0.09266007609400001,-0.16899191566417715,0.006033721733000171,-0.08194292544098547,-0.05405869633618702,0.00263689106822188,-0.008201491710263877,0.0008761255377240942,-2.1199498053350418e-05,,,,,,,,,
0.0001,26,0.31265005469322205,24.535259246826172,0.31510359048843384,0.9690880431882202,0.20967595663128274,0.09290863535156398,-0.16900580614849287,0.006024854921289556,-0.08181883079255373,-0.05397023092232503,0.0026319659539458403,-0.008186355394834624,0.0008743999863335631,-2.1152347665755363e-05,,,,,,,,,
0.0001,27,0.28631356358528137,23.308597564697266,0.2886444330215454,0.9691848589281856,0.20973429356918355,0.09315661174932616,-0.16900104862680176,0.006016125710522994,-0.08169776816937833,-0.053884114848218694,0.0026271572863749712,-0.00817164533782523,0.000872718238265378,-2.1106295681759348e-05,,,,,,,,,
0.0001,28,0.27632051706314087,23.05878257751465,0.27862638235092163,0.9692745776799541,0.20977297775314155,0.09338152603761746,-0.1689821541170804,0.006007658424360462,-0.08158090568839223,-0.053800909365019446,0.0026225089312121286,-0.00815741442331469,0.0008710915875385481,-2.1061739298769542e-05,,,,,,,,,
0.0001,29,0.2618039846420288,22.892982482910156,0.264093279838562,0.9693600407955498,0.209799710753917,0.0936026473874971,-0.16894876518894264,0.005999272008928206,-0.08146687716066081,-0.05371941281962102,0.002617968390547871,-0.008143431363102097,0.0008694979452982154,-2.1018185075391655e-05,,,,,,,,,
0.0001,30,0.2564042806625366,22.72321128845215,0.25867658853530884,0.9694389595483871,0.2098068327353848,0.09381195495214043,-0.16889579154068274,0.005990860849466537,-0.08135573845264608,-0.05364027280950583,0.0026135384830619,-0.008129897498982179,0.0008679484183697039,-2.097567273136641e-05,,,,,,,,,
0.0001,31,0.23318423330783844,22.129743576049805,0.23539720475673676,0.9695131971141516,0.2098014745271046,0.09402279361118845,-0.1688248107960739,0.005982431584617493,-0.08124725086219219,-0.05356316193816889,0.002609216742409476,-0.008116730637627342,0.000866438576502463,-2.0934219071199488e-05,,,,,,,,,
0.0001,32,0.2238902449607849,21.839126586914062,0.22607415914535522,0.9695827748357042,0.20977774719061357,0.09420141839193748,-0.16874814814084432,0.005974074137805038,-0.08113972315913101,-0.05348675263077123,0.002604936929617613,-0.0081036752788487,0.0008649439597216216,-2.0893194689768774e-05,,,,,,,,,
0.0001,33,0.22315461933612823,21.039752960205078,0.22525858879089355,0.9696521610466933,0.20976402414633008,0.09437244859646315,-0.16868620175737428,0.005965763764999758,-0.08103565409794516,-0.053412757422877474,0.0026007823719049884,-0.008091028975235306,0.0008634928342736506,-2.085329009948979e-05,,,,,,,,,
0.0001,34,0.20623858273029327,20.527650833129883,0.20829135179519653,0.9697190489402571,0.2097523526259909,0.09455135175801303,-0.16862038526558557,0.005957438304371666,-0.08093516049032795,-0.05334177714104074,0.0025967782612214343,-0.008078977139642432,0.0008621020475902216,-2.0814888748628695e-05,,,,,,,,,
0.0001,35,0.1881674975156784,20.474573135375977,0.19021496176719666,0.9697843256022238,0.20973807265683572,0.0947117686945061,-0.1685611873985329,0.00594919854257715,-0.080835154444561,-0.053271868992813796,0.0025928405656783487,-0.008067203104753682,0.0008607447061785553,-2.0777428450086107e-05,,,,,,,,,
0.0001,36,0.1815435141324997,20.089214324951172,0.18355242908000946,0.9698482366292142,0.20971923574279844,0.09486239880596907,-0.16850164442627985,0.005941085518494262,-0.08073503158710077,-0.053202349403076304,0.0025889189013760657,-0.00805556542158668,0.0008593998443459049,-2.0740258411187218e-05,,,,,,,,,
0.0001,37,0.17638030648231506,20.03862190246582,0.17838416993618011,0.9699106367745646,0.20970024200293666,0.09501097585902574,-0.16844231098218418,0.005932938697688273,-0.0806359955862651,-0.053134344471894905,0.0025850689372386914,-0.00804429728981507,0.0008580910484966104,-2.0703963734266427e-05,,,,,,,,,
0.0001,38,0.17083172500133514,19.125171661376953,0.1727442443370819,0.9699719322573203,0.20967632504263453,0.09515983129288326,-0.1683761617103808,0.005924754459081708,-0.08053762998297352,-0.053066382713879,0.002581256496774844,-0.008032976911122043,0.0008567880556515585,-2.0668110557540522e-05,,,,,,,,,
0.0001,39,0.15166588127613068,19.513572692871094,0.1536172330379486,0.970030761487179,0.2096530046008964,0.095283380172063,-0.16832368106955004,0.005916888271780037,-0.08044169203139476,-0.05300107610554101,0.0025775765342569705,-0.008022224876988828,0.0008555448399899927,-2.0633760620232496e-05,,,,,,,,,
0.0001,40,0.14572741091251373,18.085716247558594,0.14753597974777222,0.970090372097823,0.20963866117129276,0.09539453240620463,-0.16828881311912489,0.005909084246308355,-0.08034664286443888,-0.05293695675925411,0.002573950478988389,-0.008011758926608254,0.0008543287050148914,-2.0600040088046597e-05,,,,,,,,,
0.0001,41,0.14364515244960785,18.943511962890625,0.14553950726985931,0.9701518411853862,0.2096380444401637,0.09550338799873921,-0.16827175506207703,0.0059014214428582,-0.0802525332697986,-0.052873970708561445,0.0025703904865253127,-0.008001545290628674,0.0008531425834273236,-2.056715061505107e-05,,,,,,,,,
0.0001,42,0.13560007512569427,18.49374771118164,0.1374494433403015,0.9702135260156604,0.20964438950921704,0.09561560155968411,-0.1682605637934358,0.005893741741046495,-0.08016001840871026,-0.05281230503718015,0.002566923334324907,-0.007991589703468291,0.0008519909678757346,-2.0535339685784223e-05,,,,,,,,,
0.0001,43,0.13326479494571686,17.902467727661133,0.1350550353527069,0.9702749138124759,0.20965366146897788,0.09573460065264987,-0.16824842348549351,0.005885978150939951,-0.08006876308240177,-0.052751592773203536,0.0025635107940437194,-0.007981804874538881,0.0008508591324568859,-2.050407261142873e-05,,,,,,,,,
0.0001,44,0.12663385272026062,18.163108825683594,0.1284501701593399,0.970337153728552,0.20967075401921953,0.0958544696856183,-0.1682453545142472,0.005878341298545034,-0.07997757378009385,-0.05269173677700922,0.0025601493423321226,-0.007972279368743826,0.000849756873640305,-2.047362284712259e-05,,,,,,,,,
0.0001,45,0.11763294786214828,17.251850128173828,0.119358129799366,0.9703989661558436,0.20968642470298565,0.09595846231353793,-0.16824949577665185,0.00587076540095428,-0.0798862524297848,-0.0526320031047838,0.0025568159012500594,-0.00796279464103378,0.0008486664704237891,-2.0443657358116726e-05,,,,,,,,,
0.0001,46,0.1167282909154892,16.735103607177734,0.11840180307626724,0.970461394702226,0.20971091069584458,0.0960686141166765,-0.16825995985933512,0.005863175019053627,-0.07979708955641704,-0.05257358981186976,0.002553565435051712,-0.007953509343645731,0.0008476018999358362,-2.0414464876372495e-05,,,,,,,,,
0.0001,47,0.11235706508159637,17.371740341186523,0.11409424245357513,0.9705247989999296,0.20974340306242936,0.09617932268141677,-0.16827982805872901,0.00585579284910779,-0.07970820093659006,-0.052515946440407045,0.0025503507308520775,-0.007944420927949366,0.0008465579831511546,-2.0385773474434226e-05,,,,,,,,,
0.0001,48,0.10842011123895645,17.4044246673584,0.11016055196523666,0.9705888744297486,0.20978149085071418,0.09627197999110156,-0.16831705011962825,0.005848498188534267,-0.07961893140906756,-0.05245885352680438,0.0025471612186022756,-0.007935540225623513,0.0008455347824676395,-2.035759231839593e-05,,,,,,,,,
0.0001,49,0.10269539058208466,16.68910789489746,0.1043642982840538,0.9706540099374935,0.20982704708869362,0.09637137063640705,-0.1683594734089048,0.005841209563089869,-0.07952997168647075,-0.05240232905988072,0.002544003416499117,-0.007926811166801289,0.0008445274932473697,-2.0329840441093836e-05,,,,,,,,0.0010120818001859756,0.0004706095551795014
0.0001,50,0.0952492356300354,16.5157527923584,0.0969008132815361,0.9707186927489977,0.2098749944850858,0.0964692214879078,-0.1684047561412703,0.00583401689619856,-0.07944290126604373,-0.05234679757576344,0.002540911853368945,-0.007918204442234091,0.0008435379250293025,-2.0302662972349795e-05,1.3446461229225912,279.56014361232764,0.027956014361232764,0.020790610915881948,0.07292094466432936,2.2734578842874735,0.0,,
0.0001,51,0.09600134193897247,16.101354598999023,0.09761147946119308,0.9707852076187096,0.2099351172419577,0.09657362298762869,-0.16846108224004827,0.005826914756244128,-0.07935638951023681,-0.05229208638179055,0.0025378620419318518,-0.007909799696619204,0.0008425691353102968,-2.0276017137058422e-05,,,,,,,,,
0.0001,52,0.09047520905733109,15.949926376342773,0.09207019954919815,0.9708513204258543,0.20999508932508817,0.0966675852073175,-0.16852316420056135,0.005819777009027858,-0.07926973047012095,-0.05223775655077953,0.002534850635005693,-0.007901535762829112,0.0008416202505198214,-2.0250028205171205e-05,,,,,,,,,
0.0001,53,0.08818937838077545,16.25385284423828,0.08981476724147797,0.9709175116964408,0.21005660127600273,0.09675504897518632,-0.16859106364873813,0.005812679697176726,-0.07918248737153863,-0.052183689356525266,0.0025318325337152425,-0.007893406269288035,0.000840679103068336,-2.022406982693069e-05,,,,,,,,,
0.0001,54,0.08126062899827957,16.009262084960938,0.08286155760288239,0.9709819743847214,0.21011094009713688,0.09682547061840277,-0.16865982585991587,0.0058055612623736565,-0.07909500049203116,-0.05212980564822436,0.002528816370267087,-0.007885362154862444,0.0008397437586210928,-2.0198215331088974e-05,,,,,,,,,
0.0001,55,0.07836167514324188,15.634794235229492,0.07992515712976456,0.9710487434630595,0.21017558616663534,0.09688928071759889,-0.1687458186807417,0.005798445241622236,-0.07900604584820363,-0.05207584638688383,0.0025257672634999197,-0.00787744802058282,0.0008388117836601841,-2.0172211122378405e-05,,,,,,,,,
0.0001,56,0.07596281170845032,15.338674545288086,0.07749667763710022,0.9711130524464748,0.2102317308641028,0.09694910649158277,-0.16882306061970048,0.005791381726494205,-0.07891785301976714,-0.052022523929734346,0.0025227454626923613,-0.00786964921182486,0.0008378908531267044,-2.01464437044298e-05,,,,,,,,,
0.0001,57,0.07341787219047546,15.922464370727539,0.07501012086868286,0.971176912129985,0.21028908471842514,0.09697819728527218,-0.16891886428836597,0.005784568065711954,-0.07883073689041666,-0.05196992822087069,0.0025197675275876585,-0.007861961268485521,0.0008369848356901487,-2.0121105565217395e-05,,,,,,,,,
0.0001,58,0.06931479275226593,14.746952056884766,0.07078948616981506,0.971241428515045,0.2103487407516796,0.09699233381031563,-0.16902622898124453,0.005777652411247488,-0.07874319414444719,-0.05191717421040022,0.002516785364463403,-0.007854270776515869,0.0008360791302430685,-2.0095814784157387e-05,,,,,,,,,
0.0001,59,0.06840340048074722,15.100696563720703,0.06991346925497055,0.9713061286918672,0.21041079380181626,0.0970124294243774,-0.169132780211865,0.0057707783991739845,-0.07865625577202127,-0.05186476558525371,0.0025138134190530663,-0.00784662934567974,0.0008351756711202111,-2.0070527058462046e-05,,,,,,,,,
0.0001,60,0.06839532405138016,14.734458923339844,0.0698687732219696,0.9713714091749313,0.21047868057531646,0.09704029360266304,-0.16924148834998795,0.005764003363218134,-0.07857049567406685,-0.051813058524046475,0.0025108772356414425,-0.007839087311425824,0.0008342833188226779,-2.0045515843269384e-05,,,,,,,,,
0.0001,61,0.06530651450157166,14.62637710571289,0.06676915287971497,0.9714347144296361,0.21053830091581602,0.09706319042353342,-0.16934244394628784,0.005757272383704897,-0.07848523329550124,-0.05176154214432018,0.002507947041924185,-0.00783155865748105,0.0008333906545356692,-2.0020463380653674e-05,,,,,,,,,
0.0001,62,0.0640217736363411,14.178845405578613,0.06543965637683868,0.9714966051832722,0.2105898013366576,0.09707216820436101,-0.169441526114357,0.005750595720353785,-0.0783992649680066,-0.051709673183742345,0.0025049995837937555,-0.007823975845142123,0.000832494371170746,-1.9995322312462518e-05,,,,,,,,,
0.0001,63,0.061613377183675766,13.592576026916504,0.06297263503074646,0.9715583573848031,0.21064295824123297,0.09706209429913006,-0.1695531429963118,0.005743961302906549,-0.07831403306205663,-0.05165831510562286,0.0025020697424114604,-0.007816477137603528,0.0008316043899932258,-1.9970275960576148e-05,,,,,,,,,
0.0001,64,0.0565049946308136,13.674739837646484,0.0578724667429924,0.9716217077756867,0.21070414081832903,0.09704898430328976,-0.16967616067506522,0.0057373250749205755,-0.07822923793026419,-0.05160710453581882,0.0024991400771966466,-0.007808985438798293,0.0008307121000935877,-1.99451135048323e-05,,,,,,,,,
0.0001,65,0.05733731761574745,13.850255966186523,0.05872234329581261,0.9716846611601875,0.21076477728023224,0.09703538714104797,-0.16979857441971793,0.005730694278550815,-0.07814464087047343,-0.05155618178711807,0.0024962058316273183,-0.007801549172702367,0.0008298209333560609,-1.99198318898663e-05,,,,,,,,,
0.0001,66,0.05563368275761604,14.040244102478027,0.057037707418203354,0.9717474853549889,0.21082689329770646,0.0970209548364036,-0.16992329297410183,0.005724036324099992,-0.0780598051085268,-0.05150572314994639,0.0024932701767181385,-0.007794270921685851,0.0008289392510985864,-1.989458846695868e-05,,,,,,,,,
0.0001,67,0.05197940394282341,12.9541654586792,0.05327482149004936,0.9718083277660037,0.21087879763138043,0.09698173794108307,-0.17004941659965875,0.005717390439907418,-0.07797487792873324,-0.05145502706036449,0.002490335402646366,-0.007786930229226665,0.0008280548857316233,-1.986938170842711e-05,,,,,,,,,
0.0001,68,0.05294922739267349,13.297391891479492,0.054278966039419174,0.9718688219136459,0.21093079428047404,0.09693891079475143,-0.1701779559616184,0.0057108284440096834,-0.07788911275200955,-0.051404708735980666,0.002487413664968213,-0.007779788329931897,0.0008271893021310793,-1.9844604228631744e-05,,,,,,,,,
0.0001,69,0.050220705568790436,13.352350234985352,0.05155593901872635,0.9719292979564763,0.21098365971389538,0.09690717538345389,-0.1703010229411147,0.005704346715329313,-0.07780356596236461,-0.05135460267966052,0.0024844998548267205,-0.007772694854613078,0.0008263271504147645,-1.9819892439176793e-05,,,,,,,,,
0.0001,70,0.04855048283934593,12.867849349975586,0.04983726888895035,0.9719902342357688,0.21103966648642533,0.0968835565123813,-0.17042335040946732,0.005697784115918666,-0.07771777539179454,-0.051304726880223014,0.002481615112319651,-0.007765700775876468,0.0008254802237848492,-1.9795715338539176e-05,,,,,,,,,
0.0001,71,0.0462334044277668,12.373786926269531,0.047470781952142715,0.9720479367432601,0.21108569128866667,0.09684734960947002,-0.17053947830939864,0.005691261951873157,-0.07763389443847137,-0.05125594480097804,0.0024787883289139443,-0.007758858340643484,0.0008246498949950251,-1.9771969044320103e-05,,,,,,,,,
0.0001,72,0.045869916677474976,12.455485343933105,0.04711546376347542,0.9721051551803599,0.21113165222597463,0.09680135588152865,-0.1706604623325069,0.005684801346144725,-0.07755111049931128,-0.05120764482208108,0.0024759719393896372,-0.007752059232125823,0.0008238195038073059,-1.9748120395384564e-05,,,,,,,,,
0.0001,73,0.04378984123468399,12.838431358337402,0.04507368430495262,0.9721600460890899,0.21116742611576608,0.09673918126953755,-0.17077819250658288,0.005678345568519592,-0.07746765108383781,-0.05115946356938923,0.002473137580782233,-0.007745356334402481,0.0008229921701164456,-1.9724146476497536e-05,,,,,,,,,
0.0001,74,0.04381382465362549,12.14316463470459,0.045028142631053925,0.9722147363096936,0.21120355028583926,0.09667292663893391,-0.1708986958474477,0.005671891601433198,-0.07738380568189954,-0.051111566540036894,0.0024702847245892867,-0.0077387744966190075,0.0008221671451477033,-1.9699981597318604e-05,,,,,,,,,
0.0001,75,0.04278109595179558,12.070354461669922,0.04398813098669052,0.9722656705470681,0.2112315789449138,0.09660466244692409,-0.17100850092710046,0.0056654249605756395,-0.07730366778153101,-0.05106571663828175,0.0024675365118802615,-0.007732458990703249,0.0008213705736191172,-1.9676539311884243e-05,,,,,,,,,
0.0001,76,0.04078143462538719,12.242908477783203,0.04200572520494461,0.9723158657557542,0.21126396033836664,0.096536633138715,-0.1711220651884003,0.0056589341792015815,-0.07722649588241828,-0.05102159366314638,0.002464887481463235,-0.007726389427612701,0.0008206030171117432,-1.9653923502593248e-05,,,,,,,,,
0.0001,77,0.04008157551288605,12.362964630126953,0.04131787270307541,0.9723658117641376,0.21129308836098618,0.0964550066682641,-0.1712394379320902,0.005652631090343314,-0.07714867897960781,-0.050976999380954374,0.002462206388564603,-0.007720242768455183,0.00081982441617694,-1.9630963964776827e-05,,,,,,,,,
0.0001,78,0.03991237282752991,12.358613014221191,0.04114823415875435,0.9724129875122136,0.2113158026992437,0.09635979173497146,-0.17135539327942131,0.005646355763079023,-0.07707306118389282,-0.05093381542216851,0.0024595813169250398,-0.007714314654347009,0.00081906391063171,-1.960833593402715e-05,,,,,,,,,
0.0001,79,0.037994515150785446,11.376458168029785,0.03913215920329094,0.9724580304450935,0.21132941469258373,0.0962590439832618,-0.17146286889897144,0.005640107593895795,-0.07699790047741244,-0.050890789764989466,0.0024569615303099168,-0.007708385903081257,0.0008183030930970045,-1.9585675821948435e-05,,,,,,,,,
0.0001,80,0.03876823931932449,12.051740646362305,0.039973411709070206,0.9725028676126835,0.21134085372099176,0.09615903568055441,-0.17156726322208948,0.005633890203871104,-0.0769223690207751,-0.050847490677762286,0.002454333287655689,-0.007702411276469871,0.0008175384692906992,-1.9562972934764333e-05,,,,,,,,,
0.0001,81,0.03645747900009155,11.219858169555664,0.03757946565747261,0.9725447937128816,0.21134540943780916,0.09604894477321603,-0.17166791068874618,0.005627684280591751,-0.0768485034004595,-0.05080564148934296,0.002451757366743422,-0.007696727193714173,0.0008167972446950488,-1.9540684049493084e-05,,,,,,,,,
0.0001,82,0.03523249924182892,11.494357109069824,0.036381933838129044,0.9725857445138816,0.21134738821632865,0.09593352113366127,-0.1717678432946306,0.005621547761297337,-0.07677544022568913,-0.050764216837051006,0.0024492057569435806,-0.007691090260619266,0.0008160622598889063,-1.951857848610206e-05,,,,,,,,,
0.0001,83,0.03565525263547897,11.62888240814209,0.036818139255046844,0.9726243624365157,0.2113425229578471,0.09580577914366864,-0.17186542179004097,0.005615380462844385,-0.07670379402754611,-0.050723659245832727,0.002446685504955419,-0.007685573750306651,0.0008153365099712355,-1.949660888643888e-05,,,,,,,,,
0.0001,84,0.03517261892557144,11.360190391540527,0.036308638751506805,0.9726623456318144,0.2113333972081144,0.09566331776883077,-0.17196594600484036,0.005609260238398609,-0.07663176692170756,-0.05068280304021978,0.0024441430558646083,-0.007679995435708945,0.0008146027731229947,-1.947438721919038e-05,,,,,,,,,
0.0001,85,0.0338040292263031,10.707605361938477,0.03487478941679001,0.9727000800140052,0.21132275901980133,0.09551361849317065,-0.17206863945232792,0.005603231144402621,-0.07655925225401874,-0.05064186408603963,0.0024416053632957935,-0.007674448978990152,0.0008138741529021503,-1.9452362622963127e-05,,,,,,,,,
0.0001,86,0.03543262183666229,10.998147010803223,0.036532435566186905,0.9727373839873972,0.2113153269111774,0.09538533714037638,-0.17216254504239126,0.00559721049958741,-0.076488149484188,-0.05060208001403646,0.0024391087177501325,-0.007669097492490308,0.0008131629416940331,-1.9430634397108913e-05,,,,,,,,,
0.0001,87,0.033645644783973694,10.460176467895508,0.03469166159629822,0.9727731509647155,0.21129811901248916,0.09525326284917043,-0.17224700954018676,0.005591205546107923,-0.07641563481649918,-0.05056169511548016,0.002436553408433183,-0.007663696944856938,0.0008124375661637328,-1.9408334818061315e-05,,,,,,,,,
0.0001,88,0.03232477977871895,10.944497108459473,0.033419229090213776,0.9728076178458216,0.2112775770774035,0.09512094497476374,-0.172326815117777,0.005585255512303475,-0.07634431873835895,-0.05052190025018562,0.00243404337415894,-0.007658351829932876,0.0008117233598566518,-1.9386444657879565e-05,,,,,,,,,
0.0001,89,0.0305902361869812,10.570755004882812,0.03164731338620186,0.9728371545411898,0.21123807328354618,0.09496701779069062,-0.1723943694607534,0.0055794690304983175,-0.0762746989691561,-0.05048293646832684,0.0024315946461682058,-0.007653105474433446,0.0008110246282275506,-1.936511515711485e-05,,,,,,,,,
0.0001,90,0.031889401376247406,10.250421524047852,0.03291444480419159,0.97286490659345,0.21119520033374836,0.09480811454980222,-0.17245961899399861,0.005573822563688863,-0.07620671456365936,-0.05044505201560543,0.0024292072244609807,-0.007648035611583195,0.00081034605111856,-1.934434020503783e-05,,,,,,,,,
0.0001,91,0.030079485848546028,10.077537536621094,0.03108724020421505,0.9728911266627422,0.2111475544833561,0.09463756281227802,-0.17252504107984404,0.005568180321469795,-0.07613914661724307,-0.05040767844534237,0.002426824735443233,-0.007643075339836405,0.000809672590636966,-1.9323536226996438e-05,,,,,,,,,
0.0001,92,0.029712051153182983,10.248296737670898,0.030736880376935005,0.9729138546959574,0.21108844125967335,0.09446411417454491,-0.17257726289177452,0.005562484366601514,-0.07607281281176025,-0.05037133743328739,0.0024244827649461957,-0.0076383017552600465,0.0008090162895765189,-1.9303072922115806e-05,,,,,,,,,
0.0001,93,0.030019698664546013,10.607141494750977,0.03108041360974312,0.9729330998486125,0.21101184173005813,0.09427486742636323,-0.17261709789204813,0.005556804103068959,-0.07600521439272831,-0.050334683415782566,0.002422124939375837,-0.007633551745514084,0.0008083620476466094,-1.9282679890622598e-05,,,,,,,,,
0.0001,94,0.027700360864400864,10.16978931427002,0.028717339038848877,0.9729535565512804,0.2109422723605615,0.09411101422685961,-0.17265110307947232,0.005551130478178441,-0.07593845397062651,-0.05029835679478275,0.0024197889585731653,-0.007628822761968205,0.0008077112376009293,-1.9262416712127884e-05,,,,,,,,,
0.0001,95,0.028991062194108963,10.134373664855957,0.03000449948012829,0.9729728573861222,0.2108671283697167,0.09395544285618145,-0.1726739046730695,0.005545408572254922,-0.07587107393867333,-0.05026198340285364,0.0024174385320370234,-0.007624148573974056,0.0008070614259215703,-1.9242090898657426e-05,,,,,,,,,
0.0001,96,0.02847963571548462,10.33621597290039,0.02951325662434101,0.9729919226046109,0.210790568336151,0.09380483014351852,-0.1726918501434898,0.005539610623704427,-0.07580437954057209,-0.0502255452511763,0.00241510360823924,-0.0076193890068644195,0.000806408057562192,-1.9221830775527386e-05,,,,,,,,,
0.0001,97,0.02762925811111927,9.677889823913574,0.028597047552466393,0.9730094755179632,0.21070267442406004,0.09363570510759871,-0.17270659106562078,0.005533755944940155,-0.07573608025138039,-0.05018815009433049,0.0024127181243743094,-0.007614492450875456,0.0008057396513100994,-1.9201181093401855e-05,,,,,,,,,
0.0001,98,0.027275200933218002,9.526461601257324,0.028227847069501877,0.9730258000043258,0.2106127773381263,0.09346406594507116,-0.17271918740543502,0.005527878936198122,-0.0756698581788216,-0.05015157882539287,0.0024104064546840638,-0.0076096404959169715,0.0008050867197359866,-1.918117914858647e-05,,,,,,,,,
0.0001,99,0.02680256962776184,9.70382022857666,0.027772951871156693,0.9730413752306274,0.21051866232481486,0.0932814307409098,-0.17273269580899314,0.005522047190924526,-0.07560303173271925,-0.05011484925484843,0.0024080680075366533,-0.007604800646952474,0.0008044288587281624,-1.916089763790373e-05,,,,,,,,,
0.0001,100,0.025098759680986404,9.169966697692871,0.026015756651759148,0.9730565051259131,0.2104234252153484,0.09311640312240257,-0.17273496364316715,0.005516128539791528,-0.07553669284846716,-0.050078339147895265,0.0024057383687633104,-0.007599981824188059,0.0008037726200656104,-1.914063445940902e-05,,,,,,,,,
0.0001,101,0.026316341012716293,9.842309951782227,0.027300572022795677,0.9730704311416793,0.21032604643473826,0.09294325026427037,-0.17273859957295695,0.00551019781840028,-0.07547094310145082,-0.05004259896239341,0.0024034360359495763,-0.007595335033969776,0.0008031310449084021,-1.912066001287567e-05,,,,,,,,,
0.0001,102,0.02526696026325226,9.589211463928223,0.026225881651043892,0.9730856333267933,0.21023413380520303,0.09279202859360558,-0.17273684939658357,0.0055042646829573825,-0.07540546252920598,-0.05000677243056057,0.002401135817145618,-0.00759063408535734,0.0008024859754690693,-1.9100655012695613e-05,,,,,,,,,
0.0001,103,0.02424313686788082,9.368541717529297,0.025179991498589516,0.9731025237290291,0.21015015610382579,0.09265346454997969,-0.1727379709884848,0.0054983345650790475,-0.07533971278218962,-0.04997098187636564,0.0023988230904504844,-0.007585974551987491,0.0008018402820507857,-1.9080512521105383e-05,,,,,,,,,
0.0001,104,0.022642506286501884,9.210087776184082,0.02356351539492607,0.9731179507500235,0.21005995396176483,0.09250231247451511,-0.1727381805166422,0.005492511268986227,-0.07527393256255764,-0.04993532084166719,0.0023965242809863775,-0.007581351973757182,0.000801201577196751,-1.906060682027712e-05,,,,,,,,,
0.0001,105,0.02488335222005844,9.41058349609375,0.02582441084086895,0.9731340250894985,0.20997462926445273,0.09235324825505695,-0.17274291338796186,0.005486691593970881,-0.07520855356569826,-0.04990008434309611,0.0023942464354525504,-0.00757681477464236,0.0008005720448332929,-1.904092721643447e-05,,,,,,,,,
0.0001,106,0.02417747490108013,9.184896469116211,0.02509596385061741,0.9731478418825706,0.20988498948523987,0.09220250505139362,-0.17274222317756105,0.005480911147294849,-0.0751453685971651,-0.049866214994765685,0.0023920476891178487,-0.007572488474685944,0.0007999674092299717,-1.902195492951304e-05,,,,,,,,,
0.0001,107,0.02226848527789116,9.335783004760742,0.023202063515782356,0.9731577888796134,0.2097817286130738,0.09203016123746391,-0.17273588803209675,0.005475217002965305,-0.07508332127294923,-0.0498333098471313,0.002389891927648596,-0.007568353959160585,0.0007993801826393777,-1.9003378312316438e-05,,,,,,,,,
0.0001,108,0.022437259554862976,8.69039249420166,0.02330629900097847,0.9731670697896095,0.20967645878931965,0.09185621673392927,-0.17272728505245846,0.0054694788021931486,-0.0750225385622825,-0.049800656542962306,0.002387779151044792,-0.007564165285241073,0.0007987976358909146,-1.8985166811197964e-05,,,,,,,,,
0.0001,109,0.02280699647963047,8.78378677368164,0.023685375228524208,0.9731781786972896,0.20958188979048553,0.09170772667487287,-0.17271780698463346,0.005463779829760305,-0.07496223325592748,-0.04976850332796029,0.002385707245296661,-0.007560092574000806,0.0007982314373909625,-1.8967485415849816e-05,,,,,,,,,
0.0001,110,0.02112562581896782,8.518891334533691,0.021977514028549194,0.9731894981002275,0.20949038839903153,0.09156095909702176,-0.17271006676799613,0.005458066976530474,-0.07490417784436067,-0.04973682142001492,0.002383663878680508,-0.0075559319350147385,0.0007976586247141318,-1.8949686388961857e-05,,,,,,,,,
0.0001,111,0.02242082916200161,8.749259948730469,0.023295754566788673,0.9731980034652244,0.20939140929809233,0.09140430030134025,-0.17269744577781043,0.005452530952584009,-0.07484830122481224,-0.04970638074057752,0.002381694502406521,-0.007551952885938477,0.0007971074641068938,-1.8932513711831348e-05,,,,,,,,,
0.0001,112,0.022386420518159866,8.79513931274414,0.023265933617949486,0.9732046028507275,0.20928076255263067,0.09123190429101039,-0.17267964820961887,0.00544709993988432,-0.07479068766617225,-0.0496753320390594,0.0023796837267744176,-0.00754795344781971,0.0007965506876890985,-1.89151225761269e-05,,,,,,,,,
0.0001,113,0.021521713584661484,8.793427467346191,0.022401057183742523,0.9732092646963498,0.20915905576039004,0.09105789889167556,-0.17264943917939898,0.005441612196970856,-0.07473247989152725,-0.04964384800812254,0.0023776331372915294,-0.007543883285209756,0.0007959804333259662,-1.8897253275851517e-05,,,,,,,,,
0.0001,114,0.022162362933158875,8.671586990356445,0.023029521107673645,0.9732099809283491,0.209020770297185,0.09087260167110603,-0.1726046864300198,0.005436159457806317,-0.07467495267196489,-0.04961277412225788,0.002375605625748698,-0.007539880661303098,0.0007954169179355024,-1.8879573408185707e-05,,,,,,,,,
0.0001,115,0.02121545374393463,8.343938827514648,0.02204984799027443,0.9732071869337243,0.20887028134488908,0.09067007093908352,-0.17255330273071884,0.005430820782582242,-0.07461925380934105,-0.04958263205721515,0.002373625150923386,-0.007535985717027167,0.0007948646341661529,-1.8862177689434252e-05,,,,,,,,,
0.0001,116,0.020086193457245827,8.269103050231934,0.020913103595376015,0.9732054585602019,0.20872638992056536,0.09048689637212053,-0.1724992198157434,0.005425557546472232,-0.07456445388887864,-0.04955287135513429,0.002371683080609008,-0.007532106701690692,0.0007943212732957999,-1.884517000199595e-05,,,,,,,,,
0.0001,117,0.020766690373420715,8.437911033630371,0.021610481664538383,0.9732040809957305,0.20858327934037943,0.0902998766703457,-0.17244798401867117,0.00542032026141746,-0.07450966412595478,-0.049522945155919026,0.002369740834127149,-0.007528170342172173,0.000793774917326483,-1.8828159259192978e-05,,,,,,,,,
0.0001,118,0.019940564408898354,7.8880720138549805,0.020729372277855873,0.9731995326273702,0.20842701360990826,0.09009394447291275,-0.172390351450206,0.005415038316407162,-0.07445546857903593,-0.04949340391742942,0.0023678088053592076,-0.00752429451262359,0.0007932319308435004,-1.8811159210166352e-05,,,,,,,,,
0.0001,119,0.019653350114822388,7.988779544830322,0.02045222744345665,0.9731967840454563,0.20827800962706935,0.08990376688892822,-0.1723334953684417,0.0054098686247985904,-0.0744004401139562,-0.04946363601982097,0.002365864973370016,-0.007520428877596259,0.0007926900675226292,-1.8794185131739423e-05,,,,,,,,,
0.0001,120,0.019907917827367783,8.354228973388672,0.020743340253829956,0.9731944929660994,0.20813336030474666,0.08971705166615433,-0.17227943710383772,0.005404601767611105,-0.07434666610488706,-0.049434379004670875,0.0023639377011240715,-0.007516584905926589,0.0007921487657828138,-1.8777151473701424e-05,,,,,,,,,
0.0001,121,0.018867839127779007,8.2872896194458,0.019696567207574844,0.9731938565608231,0.2079951420577602,0.08953268528138766,-0.17223203443952698,0.005399249815102956,-0.07429237406135202,-0.04940485935276402,0.0023619951023072495,-0.007512712262165897,0.0007916039073629788,-1.8760010877899953e-05,,,,,,,,,
0.0001,122,0.018361201509833336,7.9768877029418945,0.01915889047086239,0.9731945470476917,0.20786286494393452,0.08935332105163636,-0.17218869908650652,0.0053939817508896456,-0.0742390012750555,-0.04937530012545546,0.0023600824519622566,-0.007508736398877526,0.000791058487362088,-1.874310707286045e-05,,,,,,,,,
0.0001,123,0.01896088756620884,7.8954176902771,0.019750429317355156,0.9731927360619422,0.20772373855175572,0.08917059885347475,-0.1721381658250208,0.005388751104476911,-0.07418690325984666,-0.049346823825048056,0.002358206796788347,-0.007504977169165765,0.0007905294780076033,-1.8726476722958953e-05,,,,,,,,,
0.0001,124,0.01802493818104267,7.528592586517334,0.018777796998620033,0.9731902005369121,0.2075820267210438,0.08900464039916467,-0.1720762317667365,0.005383554254787277,-0.07413362697016633,-0.04931854540164917,0.0023563193383931867,-0.007501393794945605,0.0007900117002742329,-1.8709950255456255e-05,,,,,,,,,
0.0001,125,0.018133495002985,7.701722145080566,0.018903667107224464,0.9731870359087048,0.2074451232172478,0.08884517169727452,-0.17201577673073956,0.005378292225703091,-0.07408237203065692,-0.04929198311157869,0.002354509041354857,-0.007498127088041843,0.0007895255582736678,-1.8694149437062796e-05,,,,,,,,,
0.0001,126,0.01805868372321129,7.911700248718262,0.018849853426218033,0.9731811921210686,0.20729893893856718,0.08866451125691924,-0.17195436033025582,0.005373141846507721,-0.0740325594616212,-0.0492661583630854,0.0023527399675071625,-0.007494951494671772,0.0007890497119257908,-1.8678635822948365e-05,,,,,,,,,
0.0001,127,0.017051255330443382,7.511397361755371,0.017802394926548004,0.9731717506033554,0.20713593383974874,0.08844691316405043,-0.17189176071194218,0.005368078976684665,-0.07398232535473578,-0.049240373189993816,0.002350959266605699,-0.007491833245483745,0.0007885751135358154,-1.8663039713987833e-05,,,,,,,,,
0.0001,128,0.017110038548707962,7.477952003479004,0.017857832834124565,0.9731622420815343,0.2069721310272178,0.0882317509031891,-0.1718270041861261,0.005362955152057444,-0.07393159352846154,-0.049214512463862624,0.0023491734568472766,-0.007488737933968537,0.0007881026366742728,-1.864748790781502e-05,,,,,,,,,
0.0001,129,0.01656693033874035,7.907535552978516,0.017357684671878815,0.9731521206727507,0.20680181363568167,0.08801149079391211,-0.1717572313097186,0.005357956254603113,-0.07388002370525716,-0.049187889011807685,0.0023473436052185172,-0.007485485881689074,0.0007876124388105276,-1.8631454881706604e-05,,,,,,,,,
0.0001,130,0.016525719314813614,7.353715896606445,0.017261091619729996,0.9731371031457534,0.20661456039310624,0.08775799897653298,-0.1716828118382916,0.0053530810772958485,-0.07383098310915104,-0.04916262551446583,0.0023455991948182113,-0.007482409684901213,0.0007871452657700666,-1.8616136810931086e-05,,,,,,,,,
0.0001,131,0.01696822978556156,7.876537322998047,0.017755882814526558,0.973117444968769,0.2064114549903601,0.08748153204368324,-0.17160004821612657,0.005348190208652857,-0.07378371500352142,-0.049138707580781885,0.0023439220803957803,-0.007479567962102153,0.0007867028646939523,-1.8601442034548346e-05,,,,,,,,,
0.0001,132,0.01679420657455921,7.643823146820068,0.017558589577674866,0.9730937621859163,0.20619084279852956,0.0871804719069579,-0.1715083118587514,0.005343227521973278,-0.07373683288435659,-0.049115156619004646,0.0023422551836872678,-0.007476810344103423,0.0007862657674389198,-1.8586811420823688e-05,,,,,,,,,
0.0001,133,0.016091063618659973,7.361207008361816,0.016827184706926346,0.9730725177165497,0.20598087576717736,0.08689072968966735,-0.17142304622388355,0.005338174911869734,-0.07369060592642805,-0.049091468942203335,0.002340599914032524,-0.0074739431350012335,0.0007858234287607006,-1.8572202194651722e-05,,,,,,,,,
0.0001,134,0.016187135130167007,7.191072463989258,0.016906242817640305,0.9730504329281525,0.20576672003762303,0.08659101795994616,-0.17133753408530114,0.005333121698253277,-0.07364430278696042,-0.049067781265402025,0.0023389457013826684,-0.007471072740111152,0.0007853820884488026,-1.855763116053814e-05,,,,,,,,,
0.0001,135,0.01614825241267681,7.329224109649658,0.016881175339221954,0.9730314730382995,0.2055659211788633,0.0863111321628859,-0.17125815988921136,0.0053281179726956465,-0.07359704991763862,-0.04904383095184396,0.0023372604832560956,-0.007468204256693804,0.0007849359434989835,-1.8542808058839242e-05,,,,,,,,,
0.0001,136,0.01575542241334915,7.1850457191467285,0.016473926603794098,0.973014130011283,0.20537017400226373,0.08603416936423462,-0.1711831488088694,0.005323174598429267,-0.07354971070923916,-0.04901935896253617,0.002335562404903384,-0.00746519177566377,0.0007844786293259452,-1.8527803162942448e-05,,,,,,,,,
0.0001,137,0.015850812196731567,7.248645782470703,0.016575677320361137,0.9729981002840439,0.20518084080360643,0.08577309167003218,-0.1711073489166408,0.005318102675912523,-0.0735029504805369,-0.048994969721795574,0.00233388352880614,-0.007462141065179039,0.0007840225007129134,-1.8512955618326185e-05,,,,,,,,,
0.0001,138,0.015678226947784424,7.344700813293457,0.016412697732448578,0.9729804253841126,0.2049873882664073,0.08550904748042061,-0.17102724753459309,0.005312942640510552,-0.0734576021496927,-0.04897141516225454,0.002332246932904419,-0.007459203768743239,0.0007835787268831074,-1.8498421248588645e-05,,,,,,,,,
0.0001,139,0.015096357092261314,7.043840408325195,0.01580074056982994,0.972961638326532,0.2047907048940291,0.08524878752982068,-0.170940860307824,0.005307757257566256,-0.07341291913762335,-0.04894834270306153,0.0023306228448938737,-0.00745635057710777,0.0007831399448849077,-1.8483923543227156e-05,,,,,,,,,
0.0001,140,0.014847839251160622,7.259792327880859,0.015573818236589432,0.9729440907460052,0.20459769026177005,0.08500856229748231,-0.1708488158208056,0.005302640675093986,-0.07336791616308977,-0.04892483131668599,0.002328987305997041,-0.0074533935287870445,0.0007826934255477182,-1.846931737241986e-05,,,,,,,,,
0.0001,141,0.014904331415891647,6.903772830963135,0.015594708733260632,0.9729270097134829,0.20440729831797774,0.08477591424256725,-0.17075604414782927,0.005297519868031328,-0.07332273035286233,-0.048901445852043146,0.0023273468344107303,-0.007450488090230158,0.0007822492773305416,-1.8454686758695203e-05,,,,,,,,,
0.0001,142,0.015160346403717995,6.9185028076171875,0.015852196142077446,0.9729090105034663,0.2042123911884832,0.0845364719562313,-0.1706611648680934,0.005292461826311571,-0.07327731599801757,-0.04887806758292788,0.0023257197515530025,-0.007447606863661246,0.0007818118056881386,-1.8440325017061546e-05,,,,,,,,,
0.0001,143,0.014766594395041466,6.763103485107422,0.015442905016243458,0.97288871950912,0.20400955706270424,0.08429678608669461,-0.17055642543977495,0.005287437581314916,-0.07323263298594822,-0.04885537288893294,0.0023241197984874016,-0.007444863900286817,0.000781386376839486,-1.842621228764854e-05,,,,,,,,,
0.0001,144,0.0142340287566185,6.580866813659668,0.014892115257680416,0.9728671011452324,0.20380131540808624,0.08404415550991812,-0.17045131625588467,0.005282499638664749,-0.0731882140698811,-0.04883291924511202,0.0023225214309291332,-0.007442166812258023,0.0007809628199276857,-1.8412058310812477e-05,,,,,,,,,
0.0001,145,0.01452472060918808,7.126303195953369,0.015237350948154926,0.9728446041153662,0.203587795455171,0.08377529185269174,-0.1703478832972534,0.005277668517800096,-0.07314333806457936,-0.048810278517573955,0.002320910907814652,-0.00743945443244735,0.0007805370166916626,-1.8397824894494982e-05,,,,,,,,,
0.0001,146,0.014278566464781761,6.983872413635254,0.014976954087615013,0.9728214958946227,0.20337152152348395,0.08349430993122811,-0.17024671817279616,0.005272932751975622,-0.07309882265189603,-0.048787720538603085,0.0023192896384838083,-0.007436736318218474,0.0007801055976450823,-1.838332718913349e-05,,,,,,,,,
0.0001,147,0.014086978510022163,6.319585800170898,0.014718936756253242,0.9727960695043344,0.2031486137990658,0.08321517228257015,-0.17013561894864193,0.005268155343760183,-0.0730562727229216,-0.048766166335729964,0.0023177263282543282,-0.007434141812559781,0.0007796884053185801,-1.8369252651778862e-05,,,,,,,,,
0.0001,148,0.013158652000129223,6.389557361602783,0.013797607272863388,0.9727723114662833,0.20293243775554623,0.08296021896598653,-0.17002064961616906,0.005263474497610746,-0.0730133926739444,-0.04874439266926558,0.002316149981631228,-0.007431514811864596,0.0007792668451394225,-1.8355058955202085e-05,,,,,,,,,
0.0001,149,0.013510985299944878,6.9635443687438965,0.014207339845597744,0.9727453486640788,0.20270171847199203,0.08269290380196491,-0.16989405763355447,0.005258822620081109,-0.0729707208545074,-0.04872284566192003,0.002314596712948185,-0.007428936872302937,0.000778854083063471,-1.8341176905821697e-05,,,,,,,,,
0.0001,150,0.01376817375421524,6.961398601531982,0.01446431316435337,0.972719446279548,0.20247552989040923,0.08242831155015166,-0.16977138506000147,0.00525420152171001,-0.07292793222337711,-0.04870123389482625,0.002313040801752921,-0.007426352561165497,0.0007784406346106735,-1.8327287218029632e-05,,,,,,,,,
0.0001,151,0.013682302087545395,6.433144569396973,0.014325616881251335,0.9726907993143661,0.2022374996117277,0.0821372992204572,-0.16964671580636048,0.005249386092181084,-0.07288622029133283,-0.04867996751305643,0.0023115030358082365,-0.007423767612870477,0.0007780273109536664,-1.8313406696331582e-05,,,,,,,,,
0.0001,152,0.013362908735871315,6.42058801651001,0.014004967175424099,0.972663326076695,0.2020046027259788,0.08183780497573667,-0.16953184507537344,0.005244539883493619,-0.07284485371559916,-0.04865865076259353,0.0023099571661594097,-0.007421124046078257,0.0007776069987324103,-1.829931993751827e-05,,,,,,,,,
0.0001,153,0.01315301563590765,6.633759021759033,0.013816391117870808,0.9726334558235977,0.20175989685389423,0.08150810641412332,-0.16941706062068648,0.005239878953270294,-0.07280369029063644,-0.04863733401213062,0.0023084267992489415,-0.00741846518750416,0.0007771895568143278,-1.8285425666679204e-05,,,,,,,,,
0.0001,154,0.013174109160900116,6.57088565826416,0.013831197284162045,0.9726067726633888,0.2015257174489739,0.08121070872480923,-0.169299897405154,0.005235335104551998,-0.07276030744350113,-0.04861504946320789,0.002306831426537856,-0.007415714578238791,0.0007767582001656425,-1.827105628663387e-05,,,,,,,,,
0.0001,155,0.013212752528488636,6.225093841552734,0.013835261575877666,0.9725782761342888,0.20128610904531988,0.08090743024107708,-0.16917821084645923,0.005230779789088363,-0.07271827554899261,-0.04859352764020888,0.0023052704064856332,-0.007413062728398054,0.0007763365151906947,-1.8256900782115476e-05,,,,,,,,,
0.0001,156,0.012423867359757423,6.141021728515625,0.0130379693582654,0.9725492516214822,0.20104473374059004,0.08061024133736364,-0.1690509409786296,0.005226203954185703,-0.07267688357941257,-0.048572232476328726,0.0023037336975458363,-0.007410420435920991,0.0007759194476599827,-1.8242959153124013e-05,,,,,,,,,
0.0001,157,0.012416265904903412,6.442196846008301,0.013060485944151878,0.9725239565495523,0.20081917345231637,0.08032438775188504,-0.168937093238058,0.005221656484389931,-0.07263481105474986,-0.048550523569612584,0.002302187475562047,-0.007407706144637584,0.0007754997594176773,-1.822904349473225e-05,,,,,,,,,
0.0001,158,0.01259530521929264,6.539684772491455,0.013249273411929607,0.9724967835189539,0.20058409086341294,0.08001832546014433,-0.16882142136999861,0.005217190488837348,-0.07259231699223745,-0.048528778685258525,0.0023006391395684815,-0.007405016702499729,0.0007750830662743358,-1.821520727582192e-05,,,,,,,,,
0.0001,159,0.012412989512085915,6.575721740722656,0.013070561923086643,0.972468981925294,0.2003482770224379,0.0797189269088241,-0.1687012754595199,0.0052126864719712765,-0.07255013273465072,-0.048507580661000735,0.0022990983787766137,-0.007402458514822997,0.0007746742352657744,-1.8201403138240632e-05,,,,,,,,,
0.0001,160,0.012260900810360909,6.283342361450195,0.012889235280454159,0.9724422133093193,0.20012301482938508,0.07944568745338426,-0.16857976145342535,0.005208076840345516,-0.07251088908447342,-0.04848760587643195,0.002297621919115438,-0.007399993352152691,0.0007742758247056912,-1.818788162189136e-05,,,,,,,,,
0.0001,161,0.012324712239205837,5.913790225982666,0.01291609089821577,0.9724155779633159,0.19989959181459352,0.07918042534776895,-0.16845600426352825,0.0052035305775755695,-0.07247266118815085,-0.04846793330402163,0.002296171532241502,-0.007397528826639964,0.0007738801596529915,-1.8174520512187293e-05,,,,,,,,,
0.0001,162,0.011973263695836067,6.262505531311035,0.012599513866007328,0.9723911008454198,0.1996818533909175,0.07891388443034972,-0.16833997496508274,0.0051989933674993095,-0.0724330417090473,-0.04844730012867906,0.002294681860019225,-0.007394901188787201,0.0007734707670633744,-1.8160889002709886e-05,,,,,,,,,
0.0001,163,0.011974826455116272,6.024131774902344,0.01257723942399025,0.9723655360237229,0.199460701184967,0.0786449772761232,-0.1682206055413049,0.0051944199466483,-0.07239380313763928,-0.04842711307604659,0.002293214032564635,-0.007392374858989382,0.0007730711709432847,-1.8147503450088453e-05,,,,,,,,,
0.0001,164,0.011622237041592598,6.035891532897949,0.012225826270878315,0.9723408942480669,0.19924254160300223,0.07837433024189135,-0.1681054513310461,0.005189898427907766,-0.07235436141546031,-0.04840665978889358,0.0022917225986675447,-0.007389792459324676,0.0007726620279452477,-1.813380013954129e-05,,,,,,,,,
0.0001,165,0.011852184310555458,5.944839954376221,0.01244666799902916,0.9723143084089452,0.1990199170105738,0.07809450534063127,-0.16798821416439924,0.005185470453668671,-0.07231680391668185,-0.04838730741746068,0.0022902996939206987,-0.007387365526109066,0.0007722727274778461,-1.8120706374245892e-05,,,,,,,,,
0.0001,166,0.011653759516775608,6.288142681121826,0.012282573617994785,0.9722863624782921,0.19879483156747982,0.07781356691616778,-0.16786778477464878,0.005180982731651238,-0.07228046532252907,-0.04836888326908591,0.002288923649723891,-0.007385099793760758,0.0007719008984210669,-1.8108052581463042e-05,,,,,,,,,
0.0001,167,0.011426303535699844,5.833226203918457,0.012009626254439354,0.9722603610246384,0.19857522502513447,0.07752679119428635,-0.16775636509566563,0.005176555964437968,-0.07224394389268243,-0.04834966761267707,0.0022875051491640787,-0.007382611693417634,0.0007715043597978361,-1.80947663281934e-05,,,,,,,,,
0.0001,168,0.011058442294597626,5.906750202178955,0.01164911687374115,0.9722328906611714,0.19834965811942193,0.07723423907078716,-0.16764007696831984,0.005172085744294997,-0.07220786431576261,-0.048330761363954276,0.002286096513983222,-0.007380172017050459,0.0007711115650483101,-1.8081538126852498e-05,,,,,,,,,
0.0001,169,0.011749101802706718,5.919686317443848,0.012341069988906384,0.9722064627559179,0.19812953663947555,0.0769436791098941,-0.1675288298419369,0.005167581123916014,-0.0721722215130003,-0.04831197743920038,0.0022847174749392315,-0.007377727880580236,0.0007707260084546133,-1.8068658237084034e-05,,,,,,,,,
0.0001,170,0.011139425449073315,5.863663673400879,0.011725791729986668,0.9721762476092032,0.19789464219554892,0.07663624231294916,-0.16740705700694203,0.005162964250135303,-0.07213770619701676,-0.04829404258670122,0.002283361690002779,-0.007375423918777231,0.0007703493747599129,-1.805586848057335e-05,,,,,,,,,
0.0001,171,0.01132133137434721,5.741302967071533,0.011895461939275265,0.9721433579101412,0.19764912653865704,0.07631173729315176,-0.16728008294356989,0.005158389622258468,-0.07210342450441978,-0.048276690571936225,0.002282021936307129,-0.007373274149108167,0.0007699847838589628,-1.804327579508391e-05,,,,,,,,,
0.0001,172,0.010733401402831078,5.917256832122803,0.011325127445161343,0.9721089237251078,0.19739795615687356,0.07597458334571548,-0.16715116150085266,0.005153784215223094,-0.07207064104875854,-0.04825980626646409,0.0022807228772996706,-0.007371115459233007,0.0007696252471875142,-1.803095350936781e-05,,,,,,,,,
0.0001,173,0.010614443570375443,5.853151321411133,0.011199758388102055,0.972072549160716,0.19714006579191246,0.07562498055684094,-0.16701893690836028,0.005149205362755872,-0.07203923901833972,-0.04824357675400195,0.002279454647601448,-0.007369029405321768,0.0007692719503055736,-1.8018773298108886e-05,,,,,,,,,
0.0001,174,0.010898024775087833,5.991995334625244,0.011497224681079388,0.9720351161396492,0.19687756211074864,0.07526769619774279,-0.16688441983132243,0.0051447037599414505,-0.0720075271829952,-0.04822754152078454,0.002278188884247964,-0.007367028093368439,0.0007689255795899867,-1.80067030799781e-05,,,,,,,,,
0.0001,175,0.010981668718159199,5.732244968414307,0.011554893106222153,0.9719986506013245,0.19662019079330384,0.07491821520046862,-0.16675178850770103,0.005140170774455579,-0.07197626227934678,-0.04821165019811878,0.002276940209140171,-0.007365029330045424,0.0007685824535649441,-1.7994797851539523e-05,,,,,,,,,
0.0001,176,0.010513472370803356,5.721034526824951,0.011085575446486473,0.9719618120861189,0.19636201136616055,0.07455875599136379,-0.16662167152196816,0.0051357669407329845,-0.0719462772255553,-0.04819603950102873,0.002275729057705905,-0.00736299679737076,0.0007682430714136062,-1.7983169133603624e-05,,,,,,,,,
0.0001,177,0.009839545004069805,5.657788276672363,0.010405323468148708,0.9719254524586853,0.19610952311657676,0.07422010574712291,-0.16648822673608868,0.005131396300220578,-0.07191690670284592,-0.048181180736571044,0.002274534113679923,-0.007361136297242227,0.0007679143593023269,-1.7971639715019518e-05,,,,,,,,,
0.0001,178,0.010509480722248554,5.82119083404541,0.01109160017222166,0.9718901290450203,0.19586542084922348,0.07390209047974547,-0.16635436289389444,0.005126990655959247,-0.07188916646507339,-0.048167055915926765,0.002273378102667319,-0.007359349707392773,0.0007675933845300375,-1.7960318061233005e-05,,,,,,,,,
0.0001,179,0.010218930430710316,5.512840747833252,0.010770214721560478,0.9718547307765116,0.1956173475687912,0.07357703739774638,-0.166218921427927,0.005122701489690029,-0.07186064917560198,-0.04815225111792595,0.0022721895006706655,-0.007357421031403366,0.0007672584326292503,-1.7948672538791417e-05,,,,,,,,,
0.0001,180,0.010144363157451153,5.6241841316223145,0.010706781409680843,0.9718206887504413,0.19537271423858982,0.07325216700314786,-0.1660875719236213,0.00511842379016615,-0.07183096884796691,-0.048136831102316834,0.0022709815202510636,-0.00735540761345605,0.0007669193000694927,-1.793702090562049e-05,,,,,,,,,
0.0001,181,0.009653753601014614,5.3107147216796875,0.010184825398027897,0.9717862748340909,0.19512669171848804,0.07293379941006932,-0.16595151419836746,0.005114281277534673,-0.07180089237632852,-0.04812156579055074,0.002269764907624876,-0.007353482760412113,0.00076658403617923,-1.7925331080391183e-05,,,,,,,,,
0.0001,182,0.010097511112689972,5.434143543243408,0.010640925727784634,0.9717504495322327,0.19487875539660385,0.07261932479850276,-0.1658103045454792,0.005110133333286983,-0.07177272552193699,-0.048107412187796135,0.0022686007929081297,-0.007351715285290007,0.0007662638725795766,-1.7913991094416645e-05,,,,,,,,,
0.0001,183,0.009767123498022556,5.429171562194824,0.010310040786862373,0.9717134035057553,0.19462413403777334,0.07230279277882987,-0.1656621311626545,0.00510600590847832,-0.07174376130076951,-0.04809320102082086,0.002267417123600954,-0.0073500032428772104,0.0007659443953567692,-1.7902539587631638e-05,,,,,,,,,
0.0001,184,0.010013263672590256,5.427450180053711,0.010556008666753769,0.9716772276980129,0.19437301365325815,0.07199328117497855,-0.1655147835672736,0.005101968407093619,-0.07171452282606125,-0.048078881920931855,0.002266221651072528,-0.007348284191731053,0.0007656223598202634,-1.789097503235382e-05,,,,,,,,,
0.0001,185,0.009564055129885674,5.3637003898620605,0.010100425221025944,0.9716421763189867,0.1941277596664151,0.07170750153440017,-0.16536359051394545,0.0050978403787720426,-0.0716855332110474,-0.04806467794948417,0.002265034458415725,-0.007346575335106147,0.00076530219622061,-1.7879476167416416e-05,,,,,,,,,
0.0001,186,0.009845992550253868,5.561736106872559,0.010402166284620762,0.971607215367827,0.1938789065744996,0.07140663713417544,-0.1652150966762918,0.005093682778317753,-0.0716549945714051,-0.04804971125211275,0.0022638086850805075,-0.007344783010838489,0.0007649734841093307,-1.786776037158741e-05,,,,,,,,,
0.0001,187,0.00969089474529028,5.738768100738525,0.010264771059155464,0.9715713683504585,0.19362920017304455,0.07111764306528719,-0.16505951585684445,0.005089504054911525,-0.07162596432623707,-0.04803553966053919,0.00226263135780266,-0.007343088171680305,0.0007646571267812772,-1.7856432607071554e-05,,,,,,,,,
0.0001,188,0.009606904350221157,5.1740827560424805,0.010124312713742256,0.9715328509548126,0.19337163317556066,0.07084114133483733,-0.16488838065300807,0.005085225148361821,-0.0715984983420053,-0.0480225625265443,0.002261490673360933,-0.007341612514729044,0.0007643554953564624,-1.7845289692118265e-05,,,,,,,,,
0.0001,189,0.009323102422058582,5.436100006103516,0.009866712614893913,0.9714968068306028,0.1931227860104415,0.07056776703869709,-0.16472610725771028,0.005080974003406092,-0.07157053971715399,-0.048008898219665294,0.0022603196881124145,-0.007339962276601339,0.0007640383268557729,-1.7833795410227867e-05,,,,,,,,,
0.0001,190,0.00921724084764719,5.287717819213867,0.009746012277901173,0.9714594646451316,0.19286753105196996,0.0702784336932078,-0.16456281087199703,0.0050767457919410385,-0.07154277916430436,-0.04799532385688107,0.0022591612107550714,-0.007338318410049416,0.0007637244030456275,-1.7822447785841653e-05,,,,,,,,,
0.0001,191,0.009156915359199047,5.3596673011779785,0.009692882187664509,0.971423732847162,0.19261624850944548,0.06997850012878591,-0.1644087337252085,0.005072594226615873,-0.07151427203237151,-0.04798097597488174,0.0022579773652804144,-0.0073365063338968325,0.0007633976252690957,-1.7810887813610843e-05,,,,,,,,,
0.0001,192,0.009291807189583778,5.279591083526611,0.009819766506552696,0.971387696240351,0.19236472122748138,0.0696795930935672,-0.16425352266133297,0.005068402829438483,-0.07148598328751742,-0.047966955489387404,0.0022568144837360376,-0.007334776451071843,0.0007630805815641963,-1.779961046261205e-05,,,,,,,,,
0.0001,193,0.00893269944936037,5.498526096343994,0.00948255229741335,0.9713536874431138,0.19212233040305554,0.06939748894950012,-0.164101688698347,0.005064107628040141,-0.07145747615558457,-0.04795277670228625,0.002255663757747874,-0.007333013436052786,0.0007627669073456311,-1.7788576013104564e-05,,,,,,,,,
0.0001,194,0.008735191076993942,5.116360664367676,0.009246827103197575,0.9713165906303914,0.19186432483228505,0.06908247932483191,-0.163945047912927,0.0050597837597784545,-0.07142926359226957,-0.04793866267493335,0.00225451954995652,-0.007331251695348884,0.0007624534827186464,-1.7777567534196775e-05,,,,,,,,,
0.0001,195,0.0087266331538558,5.051496505737305,0.009231782518327236,0.9712808435186135,0.19160990804527342,0.06876187163624649,-0.16379481622408568,0.005055489463649481,-0.07140057362464287,-0.04792396221208248,0.0022533439843534864,-0.007329353602923234,0.0007621255817800031,-1.7766190883846194e-05,,,,,,,,,
0.0001,196,0.0088855791836977,5.150538921356201,0.009400633163750172,0.9712432854457412,0.19134167103099214,0.06840664033555464,-0.16364321643962854,0.005051207539535214,-0.07137031431731061,-0.047908398285921715,0.002252117858683306,-0.007327340184975918,0.0007617835789170719,-1.7754401759265094e-05,,,,,,,,,
0.0001,197,0.008567923679947853,5.292118549346924,0.009097135625779629,0.9712083174022428,0.19108719884534484,0.0680695951306187,-0.1634994924488517,0.0050469630332215226,-0.07134042576013533,-0.04789302863900568,0.002250896665702603,-0.007325350341858998,0.0007614423248288817,-1.7742598885542978e-05,,,,,,,,,
0.0001,198,0.008829759433865547,5.051771640777588,0.009334936738014221,0.9711735436244519,0.19083460586824497,0.06774618188552467,-0.16335163952085593,0.005042772239557044,-0.0713110857100416,-0.04787790364002744,0.0022496819909187103,-0.0073233802506270035,0.0007611016947196421,-1.773076393049182e-05,,,,,,,,,
0.0001,199,0.008967884816229343,5.064701080322266,0.009474354796111584,0.971138060211582,0.19058288455806818,0.06743077208845522,-0.16320063134531373,0.0050385859722394104,-0.07128281728026462,-0.04786374284174525,0.002248509948665303,-0.007321601943826067,0.0007607792847957659,-1.7719336866624176e-05,,,,,,,,0.00023046288470413497,0.0004784740799468281
0.0001,200,0.008346617221832275,5.057710647583008,0.008852388709783554,0.9711018854758953,0.19032962919917426,0.06711864196519586,-0.16304565445996705,0.005034385522368332,-0.07125560015572725,-0.047850046154992124,0.0022473627460267665,-0.007319863777952562,0.0007604613051224403,-1.7708036600390355e-05,0.24098225939841153,88.41468348196298,0.008841468348196298,0.03668929144522154,0.18117403908076027,0.8313318164794744,0.0,,
0.0001,201,0.008574351668357849,4.8977952003479,0.009064131416380405,0.9710664761771848,0.19007643872139166,0.06679634224330523,-0.1628949667392538,0.005030190504113467,-0.07122748408902847,-0.047835647904299713,0.002246187356591214,-0.007317996269090668,0.0007601322810216856,-1.769651940326493e-05,,,,,,,,,
0.0001,202,0.008723803795874119,5.1382575035095215,0.009237629361450672,0.971029805492407,0.1898183267821731,0.06646014957957191,-0.1627430464999677,0.005026054026611115,-0.07120115067034473,-0.047821620223277794,0.0022450533665137784,-0.007316063132998213,0.0007598040680935669,-1.7685208443254764e-05,,,,,,,,,
0.0001,203,0.008688287809491158,5.051645278930664,0.009193452075123787,0.9709936358586376,0.1895642330244979,0.06612313047283605,-0.1625950456697432,0.005022018939278065,-0.07117635103998161,-0.047807948720871206,0.002243946153893508,-0.007314084121560124,0.0007594746072075467,-1.767393720298531e-05,,,,,,,,,
0.0001,204,0.00841335766017437,5.013029098510742,0.008914660662412643,0.9709580121093551,0.18931087497112578,0.06576769473624358,-0.16245505621024203,0.005018089466704704,-0.0711512466834621,-0.047793931833140665,0.0022428288997268,-0.007312019731006546,0.000759139343317284,-1.7662589578599098e-05,,,,,,,,,
0.0001,205,0.008105697110295296,5.088994979858398,0.008614596910774708,0.9709228770041657,0.18906101378185278,0.06541923591847257,-0.1623153009292697,0.005014141586987512,-0.07112733075895258,-0.047780177582166884,0.0022417430033717725,-0.0073099177481558515,0.000758806076159664,-1.7651434442187128e-05,,,,,,,,,
0.0001,206,0.00857297983020544,4.956378936767578,0.009068617597222328,0.9708890422201676,0.18881929375827672,0.06508674484945062,-0.16217772720617127,0.005010218451299733,-0.07110432901291235,-0.04776677591204463,0.0022406736667599913,-0.00730782595982641,0.0007584749305304765,-1.764031902551587e-05,,,,,,,,,
0.0001,207,0.008214153349399567,4.862363338470459,0.008700389415025711,0.9708575455999353,0.18858735127989742,0.06477975607160706,-0.16204128740015983,0.005006384333766549,-0.07108044356101849,-0.04775298568343294,0.0022395761433511947,-0.007305696579199849,0.0007581374203159911,-1.7628979039541334e-05,,,,,,,,,
0.0001,208,0.008435730822384357,4.837377548217773,0.008919468149542809,0.970825105705162,0.18834964481537614,0.06445337198140388,-0.16190583360900665,0.005002522756395847,-0.07105578613619504,-0.047739073130852336,0.002238454308829972,-0.007303601605082515,0.0007577979757667581,-1.7617449620957227e-05,,,,,,,,,
0.0001,209,0.008221914991736412,4.9006452560424805,0.0087119797244668,0.9707937548814742,0.1881161117369646,0.06414098522584373,-0.16176949240448105,0.004998615312043792,-0.07103059544059787,-0.0477249339191529,0.0022373097487036553,-0.007301489427710568,0.0007574530402027582,-1.7605686466975828e-05,,,,,,,,,
0.0001,210,0.007950031198561192,4.840860366821289,0.008434116840362549,0.9707626622249619,0.1878872592374611,0.06383574067770553,-0.1616346178970571,0.004994758864532846,-0.07100714676286153,-0.0477115106624479,0.0022362058832655304,-0.007299428222944882,0.000757114968407217,-1.759414024388603e-05,,,,,,,,,
0.0001,211,0.008252146653831005,4.88372278213501,0.008740519173443317,0.9707306734733055,0.1876530562471692,0.06351488940591936,-0.1614990655044181,0.0049908788800183115,-0.07098423135589894,-0.04769800105941192,0.0022350977898078525,-0.007297288010639492,0.0007567688472832104,-1.7582392366727984e-05,,,,,,,,,
0.0001,212,0.007485118228942156,4.960611820220947,0.007981179282069206,0.97070073341165,0.18742433655782503,0.0632013934768558,-0.16136686556229715,0.004987065281924153,-0.07096070649662352,-0.04768353804897126,0.0022339660899076746,-0.007294899944036156,0.0007564062531149029,-1.7570429086360667e-05,,,,,,,,,
0.0001,213,0.008021323010325432,4.829231262207031,0.008504246361553669,0.9706723400800255,0.1871997173546255,0.06287964181716686,-0.1612422086338419,0.004983231767903881,-0.07093729844904137,-0.04766835908353616,0.0022328081410527756,-0.007292280589231911,0.0007560221940706881,-1.7558016667386787e-05,,,,,,,,,
0.0001,214,0.0078728087246418,4.752988338470459,0.00834810733795166,0.970643371186005,0.18697559882874304,0.06256515850620027,-0.16111479086378352,0.004979383467817254,-0.0709140732371531,-0.047653917659678253,0.0022316774981574854,-0.007289867673483023,0.0007556568543949971,-1.7545990752043725e-05,,,,,,,,,
0.0001,215,0.007634094450622797,4.996443271636963,0.008133739233016968,0.9706136382998485,0.18674677011345459,0.06223489448358517,-0.16098768122336835,0.004975576206608677,-0.07089067534710951,-0.04763938269396178,0.002230535404375908,-0.007287430545746161,0.0007552880204371816,-1.7533831928337495e-05,,,,,,,,,
0.0001,216,0.007603325881063938,4.691720962524414,0.008072498254477978,0.9705846881680141,0.1865145246646257,0.06189891060545249,-0.160859400690309,0.004971854342477221,-0.07086492598689223,-0.04762343380707536,0.002229324252941642,-0.007284791439056989,0.0007548981583887243,-1.7521173552507642e-05,,,,,,,,,
0.0001,217,0.007861449383199215,5.045379638671875,0.008365986868739128,0.9705557906388084,0.18628006270827405,0.06156135213591497,-0.1607288646482614,0.0049681723101979896,-0.07083877032513305,-0.04760705318853399,0.0022281067594780474,-0.0072820554844159205,0.0007545032421107656,-1.7508518232042456e-05,,,,,,,,,
0.0001,218,0.007652060128748417,4.968602657318115,0.008148920722305775,0.9705252061028891,0.18603919727053225,0.061211405720739374,-0.16059500080606715,0.004964497520073709,-0.07081294986214595,-0.04759119784350614,0.0022269171004765057,-0.007279451421393554,0.0007541218661760391,-1.7496218861561385e-05,,,,,,,,,
0.0001,219,0.007374346721917391,4.571544170379639,0.007831500843167305,0.9704958488676256,0.1858034046804431,0.06089660053197179,-0.1604531009427781,0.004960868295174323,-0.0707872716046985,-0.04757514102370598,0.0022257124672390495,-0.007276784916928516,0.0007537311929549457,-1.7483649091306974e-05,,,,,,,,,
0.0001,220,0.007704414427280426,4.967883110046387,0.008201202377676964,0.9704674187006839,0.1855735302503922,0.0605820867731051,-0.16031720344493872,0.004957237863249111,-0.07076235516264211,-0.04755935043842637,0.002224527388592023,-0.007274126058354418,0.0007533432028433409,-1.747119695259238e-05,,,,,,,,,
0.0001,221,0.0073484391905367374,4.656958103179932,0.007814135402441025,0.9704377018030412,0.18534038475546724,0.06026996099954575,-0.16017582123945026,0.004953547683545561,-0.07073831734767004,-0.04754429019919638,0.002223367854229792,-0.007271598454241443,0.0007529661323633749,-1.7458935774169688e-05,,,,,,,,,
0.0001,222,0.007604178972542286,4.812070369720459,0.008085385896265507,0.9704085080751822,0.18510871896012554,0.05995537329577884,-0.1600367068681358,0.004949960402793594,-0.07071421350869742,-0.04752903927848545,0.002222194578804016,-0.007269021788994941,0.00075258207331916,-1.744646835863174e-05,,,,,,,,,
0.0001,223,0.007553792558610439,4.473587512969971,0.008001151494681835,0.970378926725118,0.18487869439911575,0.059637127494300675,-0.15990005753396697,0.004946326048034452,-0.0706909730605013,-0.04751455827922584,0.0022210568892094716,-0.007266592944306596,0.0007522131769634495,-1.7434355365395567e-05,,,,,,,,,
0.0001,224,0.0071404981426894665,4.5243048667907715,0.007592928595840931,0.970350374227506,0.18465618072925127,0.05933821610938194,-0.1597640367842703,0.004942608710249839,-0.07066874328739065,-0.0475005413914953,0.002219955842451048,-0.0072642048777032606,0.0007518530787109452,-1.7422564713132132e-05,,,,,,,,,
0.0001,225,0.007355842273682356,4.6563944816589355,0.007821481674909592,0.9703209563099205,0.18443100378915184,0.05903931342386323,-0.15962445405589817,0.004938886544361926,-0.07064675729520513,-0.047486941844364534,0.0022188680082537255,-0.007261924490730652,0.0007515014665721716,-1.7410928356784558e-05,,,,,,,,,
0.0001,226,0.007147153373807669,4.583158493041992,0.007605469319969416,0.9702930939692573,0.18421471393277014,0.058764425432118336,-0.15948562316385545,0.004935135409854213,-0.070625446779333,-0.04747352938095092,0.0022178011379866834,-0.007259630086291321,0.000751152849532362,-1.7399449351717515e-05,,,,,,,,,
0.0001,227,0.006974296644330025,4.464691162109375,0.0074207657016813755,0.9702661213930713,0.18399834539089266,0.058479537480042705,-0.1593505637786456,0.00493146243026867,-0.07060303417052849,-0.047459242660936034,0.0022166928683615243,-0.0072571674722513285,0.0007507880714377268,-1.738759148143133e-05,,,,,,,,,
0.0001,228,0.007346781436353922,4.830133438110352,0.00782979466021061,0.9702379994748184,0.1837753563493581,0.05818291838703102,-0.15921186846364588,0.004927760783819782,-0.07058050475003069,-0.04744489837670049,0.0022155837178989587,-0.007254698486635553,0.0007504236053325668,-1.73757534710155e-05,,,,,,,,,
0.0001,229,0.006939122453331947,4.399137020111084,0.00737903593108058,0.9702095161726811,0.18354521021874456,0.057861231972842285,-0.15907394963534705,0.004924134576484959,-0.07055737095598934,-0.0474295934895327,0.002214439862442568,-0.007251991204085507,0.000750038797513611,-1.736351826319251e-05,,,,,,,,,
0.0001,230,0.007260615937411785,4.565454483032227,0.007717161439359188,0.9701802507706754,0.18331019500377455,0.05753938461975305,-0.15893022564457024,0.004920566004633279,-0.07053380038779045,-0.04741420225603391,0.002213272400543676,-0.007249299213317339,0.0007496495594441046,-1.73510264047372e-05,,,,,,,,,
0.0001,231,0.006946465000510216,4.67244815826416,0.007413710001856089,0.9701495677577763,0.18306891999631184,0.0572109257226435,-0.15878110322244446,0.004916962127276219,-0.07051050407313232,-0.047399109636929795,0.0022121244932352137,-0.0072466766727252024,0.0007492684331009584,-1.733877133704385e-05,,,,,,,,,
0.0001,232,0.006722268648445606,4.343544006347656,0.007156623061746359,0.9701196149615916,0.18283257230805022,0.056888491160052464,-0.15863484024340763,0.004913344067365715,-0.07048765976893956,-0.04738427965458244,0.002210986451305707,-0.007244084078539244,0.0007488899274694056,-1.7326555989091216e-05,,,,,,,,,
0.0001,233,0.006585381925106049,4.5963006019592285,0.007045011967420578,0.9700884325195103,0.1825936933099855,0.05655844462243804,-0.15848741869691235,0.00490979209211913,-0.07046596326660264,-0.04737027356014327,0.0022098787101829925,-0.007241627198917456,0.000748522528663177,-1.73145407675245e-05,,,,,,,,,
0.0001,234,0.006886777933686972,4.175933837890625,0.0073043713346123695,0.9700582707575742,0.1823559960572483,0.05621388313587899,-0.15834645554773866,0.004906334868399809,-0.07044335766456573,-0.047355511935307945,0.002208740668253486,-0.007239023773052667,0.0007481425878800373,-1.730227653373714e-05,,,,,,,,,
0.0001,235,0.006916426122188568,4.669524669647217,0.007383378688246012,0.9700278525465371,0.1821191270230645,0.05587697712134348,-0.15820265760584745,0.0049028489778171445,-0.0704220115973087,-0.04734122881305686,0.002207629051446181,-0.007236448382121322,0.0007477662037769172,-1.729011465466624e-05,,,,,,,,,
0.0001,236,0.006837634835392237,4.533516883850098,0.007290986366569996,0.9699982323637121,0.1818872825231755,0.05553589104509511,-0.15806552758943523,0.004899351922245598,-0.07040085344451477,-0.04732715076334186,0.002206526243012944,-0.007233914406432563,0.0007473937507411872,-1.727804596421779e-05,,,,,,,,,
0.0001,237,0.006589911878108978,4.139754295349121,0.007003887090831995,0.9699680731309402,0.18165483069224783,0.05519727994815436,-0.1579260311373632,0.004895820164681582,-0.07038032505911078,-0.04731356200950247,0.002205433299958662,-0.0072314626240714015,0.0007470261647412733,-1.726598032913401e-05,,,,,,,,,
0.0001,238,0.006405475549399853,4.498147964477539,0.00685529038310051,0.9699390020869365,0.18142703282654252,0.05486469753543213,-0.15778914762466556,0.004892279052667423,-0.0703601013998632,-0.047299807758528684,0.002204326439673354,-0.007228927374067487,0.0007466483454865664,-1.7253618323677194e-05,,,,,,,,,
0.0001,239,0.006510221865028143,4.325644016265869,0.006942786276340485,0.9699088079920862,0.18119884410272108,0.05453549918932031,-0.15764935536813604,0.0048887551407712695,-0.07034164007355358,-0.04728717600985776,0.0022032653829331967,-0.0072265647937672815,0.0007462853145329934,-1.7241543522499404e-05,,,,,,,,,
0.0001,240,0.006433271802961826,4.249152660369873,0.006858187261968851,0.9698783033838514,0.18097123011834024,0.05422005459465076,-0.1575046576876867,0.004885272267753167,-0.07032395072017354,-0.04727502276377106,0.002202220709768804,-0.007224271026485529,0.0007459271506152365,-1.7229535939344364e-05,,,,,,,,,
0.0001,241,0.006593665108084679,4.4676971435546875,0.00704043498262763,0.9698483624472048,0.18074588768148578,0.05389216985794297,-0.15736630747788738,0.004881830735369573,-0.0703064543600259,-0.04726277957358958,0.002201166347392938,-0.0072219383925915025,0.0007455628717037618,-1.7217332812850414e-05,,,,,,,,,
0.0001,242,0.006497374270111322,4.3019256591796875,0.0069275666028261185,0.9698183050009093,0.18052149975129972,0.05355278886409985,-0.15723211085567848,0.004878351181672489,-0.07028979091803915,-0.04725088896425964,0.0022001241405732843,-0.007219634430788498,0.0007451995287607134,-1.7205109826486103e-05,,,,,,,,,
0.0001,243,0.006418242119252682,4.49190092086792,0.006867432035505772,0.9697895634378029,0.1803018832052452,0.05321825343607162,-0.15710143923658787,0.004874906329967875,-0.0702726449929714,-0.04723861339420404,0.0021990646693404586,-0.0072172565587064145,0.0007448293844471012,-1.7192741710299947e-05,,,,,,,,,
0.0001,244,0.006465563550591469,4.4527668952941895,0.0069108400493860245,0.9697586703006504,0.18007200991331987,0.05286774155989429,-0.1569639024890466,0.004871404144536572,-0.07025540765005671,-0.0472266400363069,0.0021980240480281373,-0.007214972348788336,0.000744470970937764,-1.7180697462768863e-05,,,,,,,,,
0.0001,245,0.00629745377227664,4.202548980712891,0.006717708893120289,0.9697288296403659,0.17984185217872628,0.05250638153188361,-0.15682981679350927,0.004868019945879666,-0.07023659588866721,-0.04721359454479999,0.0021969385040080725,-0.007212512920536235,0.0007440966459651816,-1.7168332401947373e-05,,,,,,,,,
0.0001,246,0.005985901225358248,4.145442485809326,0.0064004454761743546,0.9696979559576305,0.17961075164912263,0.05214860565668395,-0.15669216911929645,0.004864651438558484,-0.07021927728544414,-0.047201477276351204,0.002195901582212859,-0.007210190481163461,0.0007437374212832084,-1.715636759389772e-05,,,,,,,,,
0.0001,247,0.006426685024052858,4.217777729034424,0.006848462857306004,0.9696647500154322,0.17937425682538322,0.051774535805234216,-0.1565523522123955,0.0048612376677688645,-0.07020366514869703,-0.04719077392907236,0.0021949333657353717,-0.007208133736500822,0.0007434055892771752,-1.7145065799981565e-05,,,,,,,,,
0.0001,248,0.006285591050982475,4.444838523864746,0.006730074994266033,0.9696324392913325,0.17914173031335046,0.051405637747100365,-0.15641479081448278,0.004857866444639577,-0.07018789049133314,-0.04717996264887978,0.002193950703524414,-0.007206061700056306,0.000743069202224801,-1.713357762882051e-05,,,,,,,,,
0.0001,249,0.006204648409038782,4.30245304107666,0.006634893827140331,0.969599578057167,0.1789071266082121,0.05105476484582192,-0.15626844155914585,0.004854451165067676,-0.07017182634412067,-0.047169378027806054,0.0021929585282694634,-0.0072040877858788425,0.0007427360598629712,-1.7122005435131017e-05,,,,,,,,,
0.0001,250,0.005771821830421686,3.996677875518799,0.006171489600092173,0.969566333162966,0.1786710407290951,0.05072462696450721,-0.15611303329229867,0.004851044032920094,-0.0701558739298322,-0.04715896250163051,0.0021919566638030383,-0.00720215783557428,0.0007424012951558691,-1.711026366870231e-05,,,,,,,,,
0.0001,251,0.006074319593608379,4.17532205581665,0.00649185199290514,0.9695338910065748,0.17843561762926272,0.05036809945321139,-0.15596630195620417,0.0048477367821595325,-0.07014018561154599,-0.04714791017126392,0.002190927669544486,-0.007200008703062793,0.0007420451279707547,-1.709802846087932e-05,,,,,,,,,
0.0001,252,0.006153914611786604,4.281477928161621,0.006582062225788832,0.9695027317079142,0.1782008449590574,0.04999988864767966,-0.15582406931290047,0.0048444096154728585,-0.07012317681324862,-0.04713573174083068,0.002189854809583078,-0.007197634653926179,0.000741670491008697,-1.708543883075455e-05,,,,,,,,,
0.0001,253,0.005589494481682777,4.300846099853516,0.006019579246640205,0.9694762466575072,0.17798402798223376,0.049652852181813006,-0.15569543134945502,0.0048411198665867594,-0.07010516241863507,-0.04712220774673953,0.0021887305087171165,-0.007194931194321603,0.0007412682117791188,-1.7072285485848075e-05,,,,,,,,,
0.0001,254,0.0061012981459498405,4.361445903778076,0.006537442561239004,0.9694503659511571,0.177775124097852,0.049334597680934816,-0.15556540064002225,0.004837829212431292,-0.07008875291511199,-0.04710959398688756,0.002187668571139552,-0.007192354529075101,0.0007408844023264842,-1.705972029864067e-05,,,,,,,,,
0.0001,255,0.005800378508865833,4.22286319732666,0.0062226648442447186,0.9694267491714784,0.177578118055909,0.04902474680048246,-0.155445686111044,0.00483446402443113,-0.07007266845282242,-0.04709694065163388,0.0021866025817099165,-0.007189726254064759,0.0007404956010422433,-1.704701303697609e-05,,,,,,,,,
0.0001,256,0.005906904581934214,4.172569751739502,0.006324161775410175,0.9694019588588572,0.1773725097600367,0.048699628472983175,-0.15532049919960245,0.0048310924995453855,-0.07005653828160939,-0.04708392034447351,0.0021855313072558407,-0.007186987750793379,0.0007400995616021731,-1.7034238557288754e-05,,,,,,,,,
0.0001,257,0.005952952895313501,4.037301063537598,0.0063566830940544605,0.9693768319037086,0.17716299659833856,0.04835405350632102,-0.15519707478972,0.0048276313529921335,-0.07003962090115894,-0.047070561847516755,0.0021844522814325855,-0.007184223761218867,0.000739703584559998,-1.7021534350988843e-05,,,,,,,,,
0.0001,258,0.005913584027439356,4.220005989074707,0.006335584446787834,0.9693514169711244,0.17694894922242974,0.04800371561814422,-0.15506954609299006,0.004824187104800433,-0.07002231245547443,-0.047056699663629235,0.0021833471828220908,-0.007181343808965111,0.0007392953151324923,-1.700852766358655e-05,,,,,,,,,
0.0001,259,0.006024551577866077,3.871586322784424,0.006411710288375616,0.9693271646219951,0.17673976464031443,0.047651485610461605,-0.154947193974266,0.004820791741154644,-0.07000579121902732,-0.04704260362509528,0.0021822533589304026,-0.007178310301734993,0.0007388789963765213,-1.6995499588631568e-05,,,,,,,,,
0.0001,260,0.0056555019691586494,3.795952796936035,0.006035097409039736,0.9693029938024226,0.17653162444586265,0.04729985151168083,-0.15482543346445687,0.0048174814728295205,-0.06998881797211487,-0.04702866229040435,0.002181155835521606,-0.007175369182353724,0.0007384685430226877,-1.6982529565605324e-05,,,,,,,,,
0.0001,261,0.0056239040568470955,3.751046657562256,0.005999008659273386,0.9692790038424228,0.17631598165679688,0.04691457683299664,-0.15470591613845028,0.004814299450998305,-0.06996920376518014,-0.04701319190610216,0.0021799874927853073,-0.0071722082436079535,0.0007380378727508484,-1.6969098182513832e-05,,,,,,,,,
0.0001,262,0.005808822810649872,3.9975361824035645,0.006208576261997223,0.9692540002294018,0.17609304526253616,0.04649278642270023,-0.15458859269550332,0.004811211878937897,-0.06994899534224039,-0.046997451689515635,0.0021788203832213784,-0.007169019907086318,0.0007376091992116516,-1.6955839427526227e-05,,,,,,,,,
0.0001,263,0.005789116956293583,3.930612564086914,0.0061821783892810345,0.969225826667951,0.17586087450479973,0.04606755539969324,-0.15445996705724357,0.004808082966242983,-0.06993072700916315,-0.04698328369570586,0.0021777094710839994,-0.007166124663050683,0.0007372038000873195,-1.6942979397628117e-05,,,,,,,,,
0.0001,264,0.005593346431851387,3.8139567375183105,0.005974742118269205,0.9691998113995562,0.17563511589372263,0.04565562140962712,-0.15433420086207278,0.004804936853430062,-0.0699115394188474,-0.04696815869672762,0.002176571252987011,-0.007163007051020235,0.0007367835502639585,-1.6929922296708766e-05,,,,,,,,,
0.0001,265,0.005703182891011238,3.80350923538208,0.006083533633500338,0.9691737461717913,0.1754105737400276,0.04525858514210679,-0.15420404690078274,0.004801810656543254,-0.06989350978792604,-0.04695336109425439,0.0021754573460024493,-0.007159883067414004,0.0007363649227858695,-1.6916967550505873e-05,,,,,,,,,
0.0001,266,0.005336625501513481,4.083961009979248,0.005745021626353264,0.9691507916542296,0.17519151170089228,0.04483627711750878,-0.15408748761935093,0.00479876231282216,-0.06987373306037455,-0.0469364587999633,0.002174268744005796,-0.007156278666993761,0.0007359069222359853,-1.6903274933735057e-05,,,,,,,,,
0.0001,267,0.005559884011745453,3.9362008571624756,0.005953504238277674,0.969127859944913,0.17497838170677338,0.044425121723745055,-0.15397262921354962,0.004795755913248485,-0.0698558913439163,-0.04692067181244748,0.002173135810933248,-0.007152818264186207,0.0007354648331493464,-1.6889979514371405e-05,,,,,,,,,
0.0001,268,0.005440110340714455,3.940906524658203,0.005834200885146856,0.9691030829756043,0.1747568254407206,0.04399860318953411,-0.15385116450819797,0.004792800510515918,-0.0698392329806988,-0.04690526259012974,0.0021720301838203094,-0.0071493642329544345,0.0007350256767637762,-1.6876821586417923e-05,,,,,,,,,
0.0001,269,0.005249003414064646,3.823004722595215,0.005631303880363703,0.9690792077069907,0.1745383467215812,0.043579078972944656,-0.1537309939473478,0.00478985084115602,-0.06982092909623666,-0.04688955115565354,0.002170882981181773,-0.007145983474844162,0.0007345850228287242,-1.686342381233781e-05,,,,,,,,,
0.0001,270,0.005480763502418995,3.65639066696167,0.005846402607858181,0.9690541310139609,0.17432245212338124,0.043151081540729164,-0.15361423746294434,0.0047868359924015695,-0.06980471766471526,-0.04687558463661607,0.0021698198104318387,-0.00714293340151701,0.0007341778141654348,-1.6850826543801365e-05,,,,,,,,,
0.0001,271,0.005474443547427654,3.812042474746704,0.005855647847056389,0.9690292376766934,0.1741094500035673,0.04272604625422278,-0.15349875047267086,0.0047837116060534994,-0.06978895316488992,-0.04686201027383185,0.00216876773823323,-0.007139951504050732,0.000733775846925332,-1.6838293437922998e-05,,,,,,,,,
0.0001,272,0.005499567370861769,3.7950756549835205,0.005879074800759554,0.9690057855828534,0.1739015740130951,0.04230951463124252,-0.153386184551415,0.0047805422579934465,-0.06977225925028752,-0.0468479538106996,0.0021676955829417473,-0.007136919908293349,0.0007333694494346787,-1.6825680892563203e-05,,,,,,,,,
0.0001,273,0.005480997264385223,3.913300037384033,0.005872327368706465,0.9689815870527753,0.17369374861221637,0.04191034266101563,-0.15326734511062348,0.004777368081830094,-0.06975698231231246,-0.046834710442184166,0.002166651966782243,-0.007133997266481849,0.000732970664487225,-1.6813164591190527e-05,,,,,,,,,
0.0001,274,0.005253538955003023,3.901700496673584,0.005643709097057581,0.9689576850064315,0.1734917373987355,0.041533284565656706,-0.1531473964031164,0.004774159203674272,-0.06974355912512227,-0.046822269374994174,0.002165659086857367,-0.00713113706611302,0.0007325823623861447,-1.680099507370795e-05,,,,,,,,,
0.0001,275,0.005284544080495834,3.807140827178955,0.005665258038789034,0.9689325818256297,0.17329136530041117,0.041155808899096494,-0.1530274846711665,0.004770945497415149,-0.06973268548010744,-0.04681138973728956,0.0021647505911560564,-0.007128507516787522,0.0007322199554115225,-1.6789520651687912e-05,,,,,,,,,
0.0001,276,0.0050912112928926945,3.8451242446899414,0.005475723650306463,0.9689089798728479,0.17309202662264883,0.040775205798226674,-0.15290981612301915,0.004767861848188673,-0.06971963304307421,-0.046799211306856325,0.0021637652864328785,-0.0071256880945037016,0.0007318343364199305,-1.6777386270899048e-05,,,,,,,,,
0.0001,277,0.005247263237833977,3.8705568313598633,0.00563431903719902,0.9688846302739266,0.17288783684660186,0.04039234955274992,-0.15278640403832244,0.004764808374607823,-0.06970673804788849,-0.04678695372561968,0.0021627866760739914,-0.007122829168450028,0.0007314480310514929,-1.6765320635815268e-05,,,,,,,,,
0.0001,278,0.00521426647901535,3.82979416847229,0.005597245879471302,0.9688628361986024,0.17269566088811605,0.04003566545225362,-0.15266908059537548,0.004761759427373816,-0.06969352816900778,-0.04677431837918496,0.002161780407420533,-0.007119882951808133,0.0007310502444703604,-1.675289752306504e-05,,,,,,,,,
0.0001,279,0.005058393348008394,3.867806911468506,0.005445173941552639,0.9688411674289038,0.1725041989806197,0.0396739009021417,-0.15255340872731613,0.004758754838338879,-0.06967986120089247,-0.046761722608151944,0.002160762864048268,-0.0071169972651361725,0.0007306540802345001,-1.674041483070374e-05,,,,,,,,,
0.0001,280,0.005020897835493088,3.820650815963745,0.005402962677180767,0.9688205130528248,0.17231679249018506,0.03932407627856648,-0.15243871054892927,0.004755706192861329,-0.06966581332508162,-0.04674886779812596,0.002159741797326376,-0.007114066340276156,0.0007302564808470529,-1.6727965747353813e-05,,,,,,,,,
0.0001,281,0.0051971543580293655,3.692235231399536,0.005566377658396959,0.9687992842345738,0.17212805718174445,0.03897933210460688,-0.15232058596890996,0.004752599911900634,-0.06965167403142385,-0.04673639435106185,0.0021587237254516675,-0.007111262846931791,0.0007298669307880711,-1.6715597631167656e-05,,,,,,,,,
0.0001,282,0.005117145366966724,3.7854208946228027,0.005495687481015921,0.9687775700947493,0.17193530076807206,0.03862791984052678,-0.15219894871095813,0.004749449574497325,-0.06963759060422808,-0.046723726624753006,0.0021577070629168094,-0.007108398823617492,0.000729474136038545,-1.670323868107551e-05,,,,,,,,,
0.0001,283,0.0050071473233401775,3.6761059761047363,0.005374758038669825,0.9687569211559297,0.17174352462325074,0.03826879555832297,-0.1520801092701666,0.0047462892791309596,-0.06962261839240944,-0.046710191837370484,0.0021566490010238347,-0.0071053474759751835,0.0007290629963078657,-1.6690445869200154e-05,,,,,,,,,
0.0001,284,0.00472843274474144,3.6775450706481934,0.005096187349408865,0.968737099135029,0.1715546846617632,0.037888857961555195,-0.15196896074526947,0.004743119327557995,-0.06960790519782376,-0.04669638361993983,0.0021556008045098152,-0.007102179528496052,0.000728648549488747,-1.6677756939723594e-05,,,,,,,,,
0.0001,285,0.004838252905756235,3.721709728240967,0.005210423842072487,0.9687157361703498,0.17136444158785952,0.037501921697465905,-0.15185606204399893,0.004739828371646071,-0.06959556378848884,-0.04668392816169467,0.0021546269506729247,-0.007099195719557039,0.0007282556299434308,-1.6665650057216762e-05,,,,,,,,,
0.0001,286,0.005024315323680639,3.5185136795043945,0.0053761666640639305,0.9686942171198226,0.17117406838203736,0.03711954826869064,-0.1517407599315114,0.00473655008950531,-0.06958389277669805,-0.04667164539611149,0.00215367212292402,-0.007096202990411931,0.0007278642703454916,-1.66536760830731e-05,,,,,,,,,
0.0001,287,0.005008622072637081,3.711663246154785,0.00537978857755661,0.9686735572238352,0.17098851870656825,0.03675559146977199,-0.15162582757459572,0.0047333384955413815,-0.06957176467567264,-0.04665939141263864,0.002152699149924536,-0.007093263782503396,0.0007274721619728114,-1.664153711923723e-05,,,,,,,,,
0.0001,288,0.004948766902089119,3.688849925994873,0.00531765166670084,0.9686525285944265,0.17079851265150772,0.03639978818352839,-0.15150348778105738,0.004730167336942591,-0.06955896617710311,-0.04664674887067634,0.0021516907672613013,-0.007090280610721962,0.0007270693835600727,-1.662900859640587e-05,,,,,,,,,
0.0001,289,0.004933523945510387,3.783236265182495,0.005311847664415836,0.968629759475049,0.17060271980982575,0.03605764078047676,-0.15137033879963538,0.004727025448720059,-0.06954688378500115,-0.04663487625016535,0.0021507118045674518,-0.007087463099910875,0.0007266806446737269,-1.6616765750171204e-05,,,,,,,,,
0.0001,290,0.004861028399318457,3.6304707527160645,0.005224075634032488,0.968606849033629,0.17041231543141128,0.03574297478210961,-0.1512354519670257,0.004723812949486761,-0.06953625392091145,-0.046624151316303764,0.0021497811117634916,-0.007084850116682412,0.0007263109995432754,-1.660493537816705e-05,,,,,,,,,
0.0001,291,0.00472004571929574,3.5803027153015137,0.005078075919300318,0.9685839345152671,0.17022067275232183,0.035411821245841774,-0.15110270971673273,0.00472063454873302,-0.06952516696758713,-0.046613246494252615,0.0021488299835316946,-0.0070822237531448055,0.0007259364873770076,-1.6592892658318303e-05,,,,,,,,,
0.0001,292,0.004742300137877464,3.6768856048583984,0.005109988618642092,0.9685623280800246,0.17002949100789375,0.0350697891098405,-0.150973221315472,0.004717473046340831,-0.0695123481539405,-0.04660113282356762,0.0021478149065041687,-0.007079393499182155,0.0007255396991621965,-1.6580280112958504e-05,,,,,,,,,
0.0001,293,0.004773939959704876,3.6424593925476074,0.005138185806572437,0.9685395133413932,0.16983240219264323,0.03470505806431946,-0.1508416499578232,0.004714371895239892,-0.0694995445766017,-0.04658923142094631,0.0021468137467076692,-0.007076637155498582,0.0007251508354800605,-1.656787838776097e-05,,,,,,,,,
0.0001,294,0.004534847103059292,3.684927463531494,0.0049033397808671,0.9685179731186231,0.16963771993893922,0.034335070406332276,-0.15071404730997892,0.004711353727164423,-0.06948500913894058,-0.04657650253265302,0.002145768016538389,-0.0070737935212267875,0.0007247519881347118,-1.6555207790472433e-05,,,,,,,,,
0.0001,295,0.004669899586588144,3.4995791912078857,0.005019857548177242,0.9684966807208037,0.169450773224501,0.033992076986628046,-0.15058733207550704,0.0047083609066312804,-0.06947253568160457,-0.046564935722064285,0.0021447724941012925,-0.00707109770751315,0.0007243668683262805,-1.654282286978059e-05,,,,,,,,,
0.0001,296,0.004655327647924423,3.49766206741333,0.00500509375706315,0.9684753506734771,0.16926455655695932,0.033648687744222604,-0.15046091264549266,0.004705312261153729,-0.06945996064888306,-0.04655357398401165,0.0021437907127277414,-0.007068470706817966,0.0007239903594273703,-1.653067626753304e-05,,,,,,,,,
0.0001,297,0.004577212035655975,3.7274491786956787,0.0049499571323394775,0.9684554520179529,0.16908535858256124,0.03331449376764543,-0.1503398423460843,0.004702231629491817,-0.06944705549615879,-0.04654203955329704,0.0021428101645265597,-0.007065815671189337,0.0007236151608842567,-1.6518635075366627e-05,,,,,,,,,
0.0001,298,0.00443284772336483,3.5687177181243896,0.004789719358086586,0.9684349532864027,0.16890890018347726,0.0329902714783489,-0.15021789695848928,0.004699059263867201,-0.06943659831022439,-0.04653163482041287,0.002141893036618663,-0.007063265766561122,0.0007232536898780607,-1.6506988025242707e-05,,,,,,,,,
0.0001,299,0.004561007022857666,3.660006046295166,0.004927007481455803,0.9684141169974076,0.168727055242855,0.03265003359360314,-0.15009305515224808,0.00469596233735665,-0.06942557738090063,-0.04652065084755832,0.002140942789224273,-0.007060596076308194,0.0007228779921517864,-1.649496210989964e-05,,,,,,,,,
0.0001,300,0.004546246491372585,3.4646120071411133,0.0048927078023552895,0.9683933437050396,0.16854733367569846,0.032328806072765816,-0.14996576063404699,0.0046928865337980364,-0.06941473420850144,-0.04651001226002772,0.0021399990600266933,-0.007058003482122235,0.0007225084718171252,-1.6482995774167654e-05,,,,,,,,,
0.0001,301,0.004620447289198637,3.5680646896362305,0.00497725373134017,0.9683715258313764,0.168362534808655,0.031993874822036375,-0.14983499041347054,0.004689811937265248,-0.06940413481702738,-0.04649957154950563,0.0021390549784941503,-0.007055459311912224,0.0007221395754614145,-1.6470974441871597e-05,,,,,,,,,
0.0001,302,0.0043031563982367516,3.5772294998168945,0.004660879261791706,0.968351978654179,0.16818396941418282,0.03166625324217939,-0.14970939677089995,0.004686845671300255,-0.06939279900400865,-0.04648795796798762,0.0021380643887465318,-0.007052618863428321,0.0007217446591834558,-1.6458407726981857e-05,,,,,,,,,
0.0001,303,0.004627486690878868,3.5404863357543945,0.004981535486876965,0.9683330319431892,0.16800463565011237,0.03134178954453212,-0.1495821638786275,0.004683902640582395,-0.069380406806981,-0.04647563202923894,0.002137046316871823,-0.007049656717846969,0.0007213400712317598,-1.6445674494717575e-05,,,,,,,,,
0.0001,304,0.004620031453669071,3.408583164215088,0.004960889928042889,0.968312991023395,0.16782257733159361,0.031013408942022813,-0.14945166481213706,0.004680933055296383,-0.06936890847334552,-0.046463971676791636,0.0021360479757550252,-0.007046816269363066,0.0007209435326085289,-1.6433037506440414e-05,,,,,,,,,
0.0001,305,0.004380563274025917,3.5897140502929688,0.004739534575492144,0.9682948743561008,0.16764380909504772,0.03067011974271768,-0.14932789529705423,0.004678017786172497,-0.06935617599877654,-0.046450969358450216,0.002135001012413375,-0.0070436757196598,0.0007205229083977974,-1.6419946796509686e-05,,,,,,,,,
0.0001,306,0.0042718336917459965,3.397644519805908,0.004611598327755928,0.9682772834250795,0.16746770938232444,0.03033391837958433,-0.1492048283175579,0.004675136012015257,-0.06934381935313381,-0.04643793466023467,0.0021339540490717254,-0.007040485471665429,0.0007200979163344103,-1.6406767481003512e-05,,,,,,,,,
0.0001,307,0.004430178552865982,3.567678451538086,0.004786946345120668,0.9682589744899013,0.16729126229153216,0.029995859694545275,-0.1490810588024751,0.004672188153194095,-0.06933151349518382,-0.04642560152595841,0.0021329229408033968,-0.007037499751253682,0.000719688336551108,-1.639382190089463e-05,,,,,,,,,
0.0001,308,0.004445889964699745,3.394132137298584,0.004785303026437759,0.9682430409027403,0.1671218517387929,0.02967068264609581,-0.14896226866242648,0.00466933172657918,-0.06931856771230535,-0.04641212070503276,0.002131845676654955,-0.007034219664040776,0.0007192527992434524,-1.6380326355145063e-05,,,,,,,,,
0.0001,309,0.00440767128020525,3.4015800952911377,0.004747829400002956,0.9682273344336055,0.16695377292366723,0.029333272066358745,-0.14884676934696728,0.004666487973735427,-0.06930562192942688,-0.04639867226398123,0.0021307759877082113,-0.0070309523199794345,0.0007188202570347607,-1.636694691325297e-05,,,,,,,,,
0.0001,310,0.004459910560399294,3.496241569519043,0.004809534642845392,0.968212862645546,0.1667880676478237,0.028991252979457514,-0.148734585506469,0.004663682242205163,-0.06929178736192552,-0.04638441432607667,0.002129678111964452,-0.007027530146626576,0.0007183749232575776,-1.6353347485104605e-05,,,,,,,,,
0.0001,311,0.004309161566197872,3.5348644256591797,0.004662647843360901,0.9681974589526023,0.1666161611705192,0.028633535825208035,-0.14861761949390814,0.0046608384893614095,-0.06927831846581188,-0.046370048455258384,0.002128567199827073,-0.007024035974467373,0.0007179200426024474,-1.633946390804188e-05,,,,,,,,,
0.0001,312,0.004243754781782627,3.5670080184936523,0.004600455518811941,0.9681827547072679,0.16644330293183188,0.02827029890164159,-0.14850048092874713,0.004658008013801732,-0.06926357987737981,-0.04635483710994916,0.0021274212303609057,-0.007020400990483374,0.0007174536183367275,-1.63253481232642e-05,,,,,,,,,
0.0001,313,0.0043907081708312035,3.4510414600372314,0.004735812544822693,0.9681667753686461,0.16626812246354863,0.027921690019220107,-0.14837695791737884,0.004655173917164579,-0.06924934916587512,-0.046340546792170485,0.0021263001005096083,-0.007016997931857862,0.0007170042910942593,-1.631149051680118e-05,,,,,,,,,
0.0001,314,0.004347099922597408,3.4068193435668945,0.004687781911343336,0.9681517072768738,0.16609816477244604,0.02757983187121937,-0.1482573296647007,0.004652258044527781,-0.06923508290298551,-0.04632627446321076,0.002125187602864897,-0.007013598696177821,0.0007165585829297058,-1.6297782623207007e-05,,,,,,,,,
0.0001,315,0.004301400389522314,3.4897212982177734,0.0046503725461661816,0.968136667817462,0.16592905167484565,0.02725542689452228,-0.14813453383929043,0.004649382305499665,-0.06922126865056125,-0.04631214964256648,0.0021240832089243276,-0.0070102020091280925,0.0007161133115504178,-1.6284093061800862e-05,,,,,,,,,
0.0001,316,0.004088080022484064,3.282754898071289,0.004416355397552252,0.9681205135725961,0.16575617038048554,0.026927831412865384,-0.14800733792257514,0.004646468846914518,-0.06920773880921631,-0.04629853210661677,0.002123007530283218,-0.007006932116436439,0.0007156823292891031,-1.6270782365613858e-05,,,,,,,,,
0.0001,317,0.004087626934051514,3.2608940601348877,0.004413716495037079,0.9681066404728615,0.16558633242569584,0.026569311738963437,-0.14788933659441314,0.004643543016314663,-0.06919240600477924,-0.046283158861936936,0.002121868783683786,-0.007003292035191813,0.0007152217080276256,-1.6256936980609516e-05,,,,,,,,,
0.0001,318,0.0038876431062817574,3.2950592041015625,0.004217149224132299,0.968091799697422,0.1654120535055965,0.02618794309089126,-0.1477690920824486,0.004640695340636979,-0.06917825655358292,-0.04626802666743112,0.0021207538196943362,-0.006999613087334914,0.0007147607747766727,-1.6243175618133612e-05,,,,,,,,,
0.0001,319,0.004082411993294954,3.320859432220459,0.004414497874677181,0.9680772907608953,0.16523976033698679,0.025796591881288404,-0.14765233559804514,0.0046378165840443,-0.06916324371161009,-0.046252934048327005,0.0021196214151242327,-0.006996032261745068,0.0007143035230015294,-1.6229354676046636e-05,,,,,,,,,
0.0001,320,0.004105797037482262,3.178464889526367,0.004423643462359905,0.9680614467155375,0.1650620383633663,0.02539062567964063,-0.1475306120637932,0.004634975547008654,-0.06914924662349198,-0.046238287551933,0.002118504337125006,-0.006992490939925072,0.000713847768775868,-1.6215532206277322e-05,,,,,,,,,
0.0001,321,0.004111764952540398,3.255671262741089,0.0044373320415616035,0.9680450211733103,0.16488416542813647,0.024986723410649194,-0.14740723695465366,0.004632131794164901,-0.06913550347383755,-0.04622423828432834,0.002117408046888579,-0.006989112093287536,0.0007134057420871242,-1.6201974025552006e-05,,,,,,,,,
0.0001,322,0.004360283259302378,3.530183792114258,0.004713301546871662,0.9680309782193738,0.1647161527951679,0.02460648133488048,-0.14728972863392079,0.004629369213807881,-0.06912223772849485,-0.04620950544160334,0.002116307352465118,-0.006985473923515645,0.0007129470551603942,-1.6188237105993468e-05,,,,,,,,,
0.0001,323,0.004085305146872997,3.331299304962158,0.004418435040861368,0.9680166884331373,0.164545314754746,0.024235327957289703,-0.1471664151507099,0.004626692030527981,-0.06910954588408005,-0.04619456392857846,0.002115198554337515,-0.006981722976852402,0.0007124771366125498,-1.6174245063484945e-05,,,,,,,,,
0.0001,324,0.0040757362730801105,3.2742152214050293,0.004403157625347376,0.9680071917524943,0.1643891932741618,0.023857206360277508,-0.1470604308786329,0.004624106279454327,-0.06909566052888597,-0.04617732344449099,0.0021140231649019628,-0.0069773699162776984,0.0007119619795907726,-1.6159515150408495e-05,,,,,,,,,
0.0001,325,0.004007184877991676,3.2889580726623535,0.004336080513894558,0.9680012368069842,0.1642447283482467,0.023480894238470877,-0.14696703062118444,0.004621520830137129,-0.06908025662167906,-0.046158521530918144,0.0021128012672513344,-0.006972670879137997,0.0007114227993793899,-1.614443387039494e-05,,,,,,,,,
0.0001,326,0.004026586655527353,3.5576376914978027,0.004382350482046604,0.9679923196890468,0.16409037231687446,0.023104701733414612,-0.1468609354224359,0.004618880461144893,-0.06906640173910061,-0.04614104719218425,0.002111625349313338,-0.006968230527975071,0.0007109037112902228,-1.6129696318906812e-05,,,,,,,,,
0.0001,327,0.004106141626834869,3.4365313053131104,0.004449794534593821,0.9679843777472713,0.16393791676162883,0.022737469610385887,-0.1467548278985016,0.004616181249643686,-0.06905228276051995,-0.046122936049259315,0.0021104205399084005,-0.006963620055738749,0.0007103682749525448,-1.611458601292889e-05,,,,,,,,,
0.0001,328,0.004018652718514204,3.3699467182159424,0.004355647601187229,0.9679767705709099,0.163783255710016,0.022369902560456133,-0.14664615673593587,0.004613520964725336,-0.069036711253927,-0.04610413053792268,0.002109173626475421,-0.006958936947538504,0.000709822667757969,-1.6099171698166247e-05,,,,,,,,,
0.0001,329,0.0039038476534187794,3.1643409729003906,0.004220281727612019,0.9679694450272402,0.16363281420593506,0.022027907396904977,-0.14653768277634174,0.004610817528633742,-0.06902076391840782,-0.0460857891381151,0.0021079242466977024,-0.006954434792090487,0.0007092874810118712,-1.6083815435332347e-05,,,,,,,,,
0.0001,330,0.0039556436240673065,3.247002363204956,0.004280343651771545,0.9679616398435182,0.16348269042883304,0.021696777783987216,-0.14642689168183076,0.004608134310224717,-0.0690055174530484,-0.04606801258722275,0.0021066944215104135,-0.006950042864903509,0.0007087606555837143,-1.6068598191590953e-05,,,,,,,,,
0.0001,331,0.003953803330659866,3.2131335735321045,0.004275116603821516,0.9679549387644562,0.1633384484795351,0.02137867334775949,-0.14632061160529627,0.004605489414885637,-0.06898914350091023,-0.04605014609223561,0.0021054367618610717,-0.006945722299365297,0.0007082345165324032,-1.6053220541204362e-05,,,,,,,,,
0.0001,332,0.0036644665524363518,3.0551304817199707,0.003969979472458363,0.9679482379326177,0.16319288586998257,0.021071208277764465,-0.146210966753058,0.004602906681376546,-0.06897219564784415,-0.04603207452471238,0.0021041567289415987,-0.00694139982235435,0.0007077038224347512,-1.6037639709067178e-05,,,,,,,,,
0.0001,333,0.003782004350796342,3.194164752960205,0.0041014207527041435,0.9679400789943545,0.16304438248531108,0.020765487437474802,-0.1460968601835861,0.004600272045756978,-0.0689559537437071,-0.0460150031355231,0.00210292302806972,-0.006937320102380722,0.0007071966523435443,-1.602260731488835e-05,,,,,,,,,
0.0001,334,0.0038867744151502848,3.1058130264282227,0.004197355825453997,0.9679301784145782,0.16289324755840776,0.02046492969110101,-0.1459775523857369,0.004597583697488196,-0.0689417230322024,-0.045999273712227944,0.002101742529777209,-0.006933452555880656,0.0007067074528461203,-1.600792017691729e-05,,,,,,,,,
0.0001,335,0.003741402179002762,3.2565152645111084,0.0040670535527169704,0.9679204975468364,0.16274314940606432,0.02015873255865988,-0.14585947710646052,0.004594873019241653,-0.06892779704685413,-0.04598352270235004,0.002100561855317216,-0.006929542319822847,0.0007062153206476276,-1.5993162765558804e-05,,,,,,,,,
0.0001,336,0.003660497022792697,3.439394235610962,0.004004436545073986,0.967912967280484,0.16259696241592247,0.0198364785086194,-0.1457474165178195,0.004592257997791741,-0.06891381011627457,-0.045966278620498784,0.002099345242691028,-0.006925182887672361,0.0007056891191984214,-1.597787830379466e-05,,,,,,,,,
0.0001,337,0.0037376857362687588,3.127840757369995,0.00405046995729208,0.9679055979268878,0.16244970261222394,0.019508115304910142,-0.14563469036914917,0.004589676169552018,-0.0688990512127654,-0.045948710739906314,0.0020980937489035335,-0.006920803703636949,0.0007051546188291697,-1.596224247509341e-05,,,,,,,,,
0.0001,338,0.0036240152548998594,3.1612799167633057,0.003940143156796694,0.9678962199932958,0.1622994286522931,0.019184534596365585,-0.14551668904098716,0.004587150468013159,-0.06888552645018975,-0.04593268989774407,0.0020969128982760593,-0.006916776230584738,0.0007046544997001067,-1.5947401041206488e-05,,,,,,,,,
0.0001,339,0.0035629200283437967,3.157381057739258,0.0038786581717431545,0.9678862146808719,0.16214780326256834,0.018841806508362178,-0.14539903281802555,0.004584556569515186,-0.06887192042730571,-0.04591710078723677,0.002095746141047093,-0.006912887020727012,0.0007041661113753188,-1.5932800981128533e-05,,,,,,,,,
0.0001,340,0.003894214518368244,3.3512587547302246,0.004229340236634016,0.9678738222170975,0.16199001600199026,0.01849926763230935,-0.1452725517620825,0.004581971421954444,-0.06886078776505793,-0.04590291120684425,0.002094644918121188,-0.0069091978783488595,0.0007036961304295793,-1.5918630199786787e-05,,,,,,,,,
0.0001,341,0.00375517550855875,3.124440908432007,0.004067619796842337,0.967863889094483,0.16183708963003043,0.018145544590097144,-0.14515282490791853,0.004579388688445352,-0.06884825336249062,-0.04588707744839914,0.002093475166045039,-0.0069051321758419534,0.0007031927666099723,-1.5903742935429807e-05,,,,,,,,,
0.0001,342,0.0036495591048151255,3.1092965602874756,0.0039604888297617435,0.967854867413727,0.16168876642990065,0.017791793274834856,-0.1450373379176451,0.004576738059733603,-0.06883592211069425,-0.045871124963748934,0.002092298543437117,-0.006901013589256051,0.000702683724581913,-1.5888707485886306e-05,,,,,,,,,
0.0001,343,0.0035296238493174314,3.0472025871276855,0.003834343980997801,0.9678460221097732,0.16154652366789823,0.017446490164423532,-0.14492627566904806,0.0045740590659149654,-0.06882469295183027,-0.045856046735699985,0.0020911541594782817,-0.006897050469119245,0.0007021880357034007,-1.5873911882469442e-05,,,,,,,,,
0.0001,344,0.0037335222586989403,3.2325892448425293,0.004056781064718962,0.9678408978249603,0.16141303729456405,0.017108990415836193,-0.14482433405788991,0.004571506809807955,-0.06881130023725572,-0.04583869472093499,0.002089904603533082,-0.00689260629501085,0.000701644986822523,-1.58580163477712e-05,,,,,,,,,
0.0001,345,0.003673139028251171,3.2034518718719482,0.003993484191596508,0.9678391051376468,0.16128861207204762,0.016778526307020477,-0.14473182121381387,0.0045688893743063945,-0.06879608932328121,-0.04581951504216406,0.0020886011403385895,-0.006887775366252448,0.0007010747948572857,-1.584173125407747e-05,,,,,,,,,
0.0001,346,0.0034478981979191303,3.067171573638916,0.003754615318030119,0.9678367624934199,0.1611619111391268,0.01644632340562442,-0.1446364982273918,0.004566233917491345,-0.06878037053237934,-0.04580052604487407,0.0020872985579815043,-0.006883042559761099,0.0007005125274247235,-1.5825580596429242e-05,,,,,,,,,
0.0001,347,0.003497537225484848,3.223559856414795,0.0038198931142687798,0.9678321673084146,0.16103081856998838,0.016103633377496127,-0.144535764484435,0.004563536818285333,-0.06876665785534056,-0.04578309847706947,0.0020860845878675365,-0.006878597111337547,0.0006999832684786584,-1.5810319049900126e-05,,,,,,,,,
0.0001,348,0.003500630147755146,3.2634146213531494,0.0038269716314971447,0.967826071179929,0.16089191832254912,0.01575286595644301,-0.14442644008702568,0.004560907916038434,-0.06875295533584032,-0.04576589397061991,0.0020848718509259385,-0.00687422366172034,0.000699457628610508,-1.5795078890923705e-05,,,,,,,,,
0.0001,349,0.0035891090519726276,3.0507638454437256,0.0038941854145377874,0.9678174153145462,0.16074841945381044,0.015416841843585206,-0.1443085003847923,0.00455827297866241,-0.0687415585775903,-0.04575053151923146,0.0020837290524744353,-0.006870186631304455,0.0006989601925909334,-1.5780376476129288e-05,,,,,,,,,
0.0001,350,0.003399850334972143,3.1101720333099365,0.003710867604240775,0.9678091051076078,0.1606057175989987,0.015075320797335506,-0.14419166994927446,0.004555613900769886,-0.06872935429502579,-0.045734974788598275,0.0020825767409789397,-0.006866161706882558,0.0006984645661103163,-1.5765716836440262e-05,,,,,,,,,
0.0001,351,0.0034751715138554573,2.960768222808838,0.003771248273551464,0.9678016486244471,0.1604611625460388,0.014713647590923867,-0.14407455603448488,0.004553113848529808,-0.06871615965245291,-0.04571825957802433,0.0020813696413967448,-0.006861887016689981,0.0006979435436864017,-1.5750458345275816e-05,,,,,,,,,
0.0001,352,0.0033684037625789642,2.971618413925171,0.003665565513074398,0.9677934329391912,0.16031587005945439,0.014366565453207076,-0.14395413896992013,0.004550552539729111,-0.06870329512988282,-0.04570221355151555,0.0020801942519611924,-0.006857785633358692,0.000697439743081529,-1.573561232834189e-05,,,,,,,,,
0.0001,353,0.003519812598824501,3.08372163772583,0.0038281846791505814,0.9677874590978074,0.16018095984772393,0.014033745981834121,-0.14384344647689495,0.004547912170736874,-0.06868971450084514,-0.045685660240312204,0.0020790010696100235,-0.00685358995070582,0.0006969297650850436,-1.5720662429009163e-05,,,,,,,,,
0.0001,354,0.0033105823677033186,3.0942635536193848,0.0036200087051838636,0.9677825956325512,0.16005139802903803,0.013697365193575221,-0.14373857147153352,0.004545206320593629,-0.06867560567980302,-0.04566889825880897,0.0020777802289642837,-0.006849382799216539,0.0006964133601053649,-1.5705420742350407e-05,,,,,,,,,
0.0001,355,0.0034528772812336683,3.062161684036255,0.003759093349799514,0.9677786218036426,0.15992005650410396,0.013336293333190431,-0.14363391831951516,0.004542571383217606,-0.0686601459061341,-0.04565095261301842,0.00207650142921718,-0.006844945633841504,0.000695873306323451,-1.568961075786294e-05,,,,,,,,,
0.0001,356,0.0035203450825065374,2.8727340698242188,0.0038076185155659914,0.9677730326849432,0.15978702497545746,0.01297544874463134,-0.14352553063622114,0.004539880017384262,-0.06864668208878973,-0.045634381312996124,0.0020752782983941825,-0.006840733385091597,0.0006953525958890118,-1.5674194915417963e-05,,,,,,,,,
0.0001,357,0.003352399915456772,3.003551721572876,0.003652755171060562,0.967768268134418,0.1596576083216451,0.012618206795108321,-0.14342021192417348,0.004537167830355436,-0.06863274086713363,-0.04561759774491014,0.0020740366699856434,-0.006836503933087077,0.0006948277671934974,-1.5658612555598447e-05,,,,,,,,,
0.0001,358,0.0033678996842354536,3.004880905151367,0.0036683878861367702,0.9677658282428331,0.15953448279961308,0.012266689050802896,-0.14332114208129001,0.0045344680153413175,-0.06861760105592896,-0.04559952617738691,0.0020727457146823267,-0.006831987760172338,0.0006942791025020625,-1.5642568835713684e-05,,,,,,,,,
0.0001,359,0.003365065436810255,3.0654819011688232,0.003671613521873951,0.967763819156658,0.15941144148075512,0.01190297692250999,-0.14322205991322084,0.004531768803840111,-0.0686030910121142,-0.045581048062555266,0.002071459692068488,-0.006827286174402323,0.0006937198301684642,-1.5626450259394496e-05,,,,,,,,,
0.0001,360,0.003473915159702301,3.080228328704834,0.0037819379940629005,0.9677601854978856,0.15928240749979766,0.011555465251916879,-0.1431140543106844,0.004529154385903113,-0.06858868254368493,-0.04556323193626121,0.0020701712031099104,-0.00682277892169368,0.0006931686071633311,-1.5610284324922914e-05,,,,,,,,,
0.0001,361,0.003373257350176573,2.9416823387145996,0.003667425597086549,0.9677555608757493,0.15915153759929138,0.011209133437452393,-0.14300242510354388,0.004526568031316546,-0.06857567581557518,-0.045546131764961605,0.0020689130149581245,-0.006818355773785367,0.0006926247471098173,-1.5594255881861506e-05,,,,,,,,,
0.0001,362,0.003502055536955595,2.9467756748199463,0.003796732984483242,0.9677514495112348,0.15902188147752092,0.010852720105781921,-0.14289243514610522,0.004523899900730334,-0.06856198345361349,-0.04552873297926732,0.0020676578216535214,-0.006813899493682985,0.0006920838197573724,-1.5578439786644695e-05,,,,,,,,,
0.0001,363,0.0032546743750572205,3.246208906173706,0.003579295240342617,0.9677474487410258,0.15889379056970884,0.010491089308945411,-0.14278357910575354,0.00452128427576751,-0.06854856534519257,-0.04551149969070744,0.0020664179549197957,-0.006809470611356469,0.0006915476970428485,-1.5562791736484765e-05,,,,,,,,,
0.0001,364,0.0033274884335696697,3.1699907779693604,0.003644487587735057,0.9677432467498328,0.1587649143458177,0.01014354827787721,-0.14267199919935594,0.004518726286287831,-0.06853506597646328,-0.04549435634624234,0.0020651757980088125,-0.006805081869957382,0.0006910134462651771,-1.554714063096016e-05,,,,,,,,,
0.0001,365,0.0034081602934747934,3.068234920501709,0.003714983817189932,0.9677376316223167,0.15863027774304247,0.009796449828785369,-0.14255264210076382,0.004516179461797034,-0.06852263822805071,-0.04547770589541663,0.002063942273304415,-0.00680073581811604,0.0006904790706917154,-1.5531378004625086e-05,,,,,,,,,
0.0001,366,0.0031736884266138077,2.9450645446777344,0.0034681949764490128,0.9677340643060514,0.15850282812544675,0.009477314513654474,-0.1424392257416927,0.0045136317320368675,-0.06850893570855048,-0.04546019198128104,0.0020626527273409495,-0.006796245768662009,0.0006899261005455201,-1.5515060829602314e-05,,,,,,,,,
0.0001,367,0.0033801994286477566,2.94010853767395,0.0036742102820426226,0.9677302643708563,0.1583765146425769,0.009192160142453023,-0.14232339364621885,0.004511030893140401,-0.06849688886783344,-0.04544312059209176,0.002061397181701384,-0.0067917289585896915,0.0006893750023361771,-1.549888572903672e-05,,,,,,,,,
0.0001,368,0.0032435127068310976,2.871556520462036,0.0035306683275848627,0.9677291463266189,0.1582587059057534,0.00888369029175491,-0.14221818586084273,0.004508413155882384,-0.06848434430772758,-0.04542475760570144,0.002060111687589989,-0.0067868617118493286,0.0006887998185393336,-1.5482383704451386e-05,,,,,,,,,
0.0001,369,0.0031692455522716045,3.093437433242798,0.0034785892348736525,0.9677272170951579,0.15814159119853793,0.00855055655455599,-0.14211417361848225,0.004505722393561952,-0.06847263266578262,-0.04540734802671578,0.002058879748392924,-0.006782195169746119,0.0006882482211468299,-1.5466503446576495e-05,,,,,,,,,
0.0001,370,0.003249705070629716,2.816303253173828,0.003531335387378931,0.9677202826638915,0.15800870258665634,0.00820795841384048,-0.14199141476862914,0.004502953476319351,-0.0684628915863158,-0.04539241730698228,0.0020577314887494993,-0.006778099520833034,0.0006877417374324689,-1.5451442026433297e-05,,,,,,,,,
0.0001,371,0.0033682307694107294,2.8820624351501465,0.0036564369220286608,0.9677148845848248,0.15787613391098707,0.007843384501232427,-0.1418702951684779,0.004500409669393116,-0.06845136278006467,-0.045375997113039204,0.0020565020158971733,-0.006773741362997705,0.0006872043043621484,-1.543556176855841e-05,,,,,,,,,
0.0001,372,0.0032145436853170395,2.995304822921753,0.0035140742547810078,0.9677103874159625,0.1577481854477076,0.007482032628909276,-0.14175345240777434,0.0044977668863492295,-0.06843937180580964,-0.04535944739959965,0.0020552591543162644,-0.006769378107901749,0.0006866652489465558,-1.5419599015837413e-05,,,,,,,,,
0.0001,373,0.003016054630279541,2.833057165145874,0.0032993603963404894,0.967705002222453,0.15761987778349998,0.007119340505269505,-0.14163451436549698,0.004495026334213516,-0.06842914824326184,-0.0453437575517062,0.0020540691429797604,-0.006765105329181907,0.0006861391722931398,-1.540403193284125e-05,,,,,,,,,
0.0001,374,0.0032378779724240303,2.8496291637420654,0.0035228407941758633,0.9677000599568344,0.15749553310522565,0.006765202610418527,-0.14151853436779438,0.004492238104557714,-0.06841918877671625,-0.0453282907651678,0.0020528893493571743,-0.006760869505601604,0.0006856174634923794,-1.538856567687921e-05,,,,,,,,,
0.0001,375,0.0030006493907421827,2.9429893493652344,0.0032949482556432486,0.9676951923713145,0.15736958535296047,0.0064295955250495045,-0.14139934982180247,0.004489467075019919,-0.06840862493662711,-0.045312500179888186,0.002051703389872741,-0.006756590992463557,0.0006850947563252976,-1.5373151362116573e-05,,,,,,,,,
0.0001,376,0.0031764402519911528,3.024696111679077,0.003478909842669964,0.9676913299331958,0.15724741976412424,0.006091844037573892,-0.14128356702707154,0.004486619097585779,-0.06839830995623239,-0.04529633182941051,0.0020505174303883074,-0.006752174216131028,0.0006845638750339604,-1.5357682050789865e-05,,,,,,,,,
0.0001,377,0.0031152518931776285,2.8489162921905518,0.0034001434687525034,0.9676894737635019,0.15712862533172767,0.00574914422262057,-0.14117164201547353,0.00448386285411434,-0.06838657799921032,-0.0452786991890698,0.002049265408098369,-0.006747450967003353,0.0006840036043340408,-1.5341551253011992e-05,,,,,,,,,
0.0001,378,0.003259412944316864,2.941211700439453,0.003553534159436822,0.967685963765629,0.15700525748211802,0.0054087910708244605,-0.1410534558095256,0.00448112200022217,-0.0683753539191156,-0.045262005565078596,0.0020480415726054457,-0.006742967289125105,0.0006834616162173794,-1.5325732102430514e-05,,,,,,,,,
0.0001,379,0.003334508277475834,2.9724388122558594,0.0036317522171884775,0.9676820330689134,0.1568841835495146,0.00510181207980593,-0.1409353312295063,0.004478335882861562,-0.0683650897264136,-0.04524613223123179,0.0020468566701259006,-0.00673863652906564,0.0006829352275744881,-1.5310288761703504e-05,,,,,,,,,
0.0001,380,0.003204245353117585,2.896009922027588,0.003493846394121647,0.9676793758934584,0.15676647525404058,0.004799377981588868,-0.1408209165303912,0.004475588390327355,-0.06835322064262114,-0.045229535746862955,0.0020456095805254397,-0.00673424205324835,0.0006823938634367775,-1.5294272540100778e-05,,,,,,,,,
0.0001,381,0.002989386208355427,2.8644275665283203,0.0032758289016783237,0.9676799490908715,0.1566594094509195,0.0044912571943168285,-0.14071837098513237,0.004472939873910799,-0.06834039167143596,-0.04521142460393802,0.0020443052364935406,-0.006729473565932617,0.0006818211131578419,-1.5277625385693592e-05,,,,,,,,,
0.0001,382,0.0030033804941922426,2.875922918319702,0.0032909726724028587,0.9676803117322251,0.15655291601007673,0.00417447289204316,-0.14061649099990287,0.0044702542414501245,-0.06832663836424299,-0.045193633661990494,0.0020430047681462317,-0.006724880296950908,0.0006812632759758304,-1.526125015874208e-05,,,,,,,,,
0.0001,383,0.0031700299587100744,2.9149434566497803,0.0034615243785083294,0.9676813603653001,0.15645269752410876,0.0038683932015023932,-0.14052028060010835,0.004467554124679549,-0.0683135249819785,-0.04517618810536693,0.0020417268492365346,-0.006720334177629991,0.0006807119905728022,-1.524507200281182e-05,,,,,,,,,
0.0001,384,0.002840351779013872,2.85737943649292,0.003126089693978429,0.9676815966220237,0.15634979985015557,0.0035590846742704525,-0.14042045892089547,0.004464834695495774,-0.06830049793879164,-0.0451591383027604,0.0020404582672033495,-0.006715891277836752,0.0006801688792940295,-1.5229019116833046e-05,,,,,,,,,
0.0001,385,0.003182845190167427,2.8888003826141357,0.0034717251546680927,0.9676825258978817,0.15624861270748805,0.003242449621078493,-0.14032268322251348,0.004462061251906328,-0.06828613517928583,-0.04514167835508167,0.002039151104491749,-0.00671144965235867,0.0006796204017962799,-1.521269735876327e-05,,,,,,,,,
0.0001,386,0.0029387346003204584,2.921226978302002,0.0032308571971952915,0.9676824072959054,0.15614184716340043,0.0029223481288321294,-0.14021736451046582,0.004459440195327292,-0.06827319955394591,-0.045124376709009754,0.0020378552164989545,-0.006706937939546978,0.0006790641245616453,-1.5196224360142305e-05,,,,,,,,,
0.0001,387,0.003108734032139182,2.8758955001831055,0.003396323649212718,0.9676793224780347,0.15603132268859057,0.0026477148663942665,-0.14010453976030965,0.004456639291900328,-0.06826378859448189,-0.04510948196691416,0.002036661857980305,-0.0067028148928580285,0.0006785438509124717,-1.518050603659495e-05,,,,,,,,,
0.0001,388,0.0030783414840698242,2.7950375080108643,0.0033578453585505486,0.967679310939649,0.1559318472835457,0.0023555707991275822,-0.14000420042329617,0.00445393857161684,-0.06825353455931844,-0.045093288432089935,0.0020354274524385005,-0.006698379638955729,0.0006779991172884269,-1.5164366072723068e-05,,,,,,,,,
0.0001,389,0.0031057889573276043,2.852877616882324,0.003391076810657978,0.9676780741413837,0.15582807419556238,0.002037226721614745,-0.1398987954349484,0.004451268026978978,-0.06824336686323264,-0.04507764535512577,0.002034202736108171,-0.006694113868969247,0.0006774651785002308,-1.5148357489532017e-05,,,,,,,,,
0.0001,390,0.0029232550878077745,2.7617666721343994,0.003199431812390685,0.9676762117697374,0.15572045309422206,0.001735979955573208,-0.13978821386859477,0.004448595671802378,-0.06823309759176137,-0.04506202026698055,0.0020329665688915534,-0.006689852559085814,0.0006769288061941267,-1.5132205304201454e-05,,,,,,,,,
0.0001,391,0.003025055630132556,2.9327569007873535,0.003318331204354763,0.9676795490743216,0.1556261167216898,0.001401260752719415,-0.1396939385229596,0.004446070573776431,-0.06821916144887455,-0.0450433011019749,0.0020316033849208845,-0.006684994232551547,0.0006763406436351064,-1.5114985268918552e-05,,,,,,,,,
0.0001,392,0.002964342013001442,2.9829249382019043,0.003262634389102459,0.9676824822894508,0.15553284157503258,0.0010950757178814496,-0.13959903459285228,0.004443444387337639,-0.06820683019707818,-0.0450251755679948,0.0020302860044953655,-0.006680159480847676,0.000675760967189817,-1.5098095213020063e-05,,,,,,,,,
0.0001,393,0.0028717012610286474,2.867997884750366,0.0031585011165589094,0.9676877235521363,0.15544999800767179,0.0008023443051848355,-0.13951503845211444,0.004440934075378048,-0.06819444307881982,-0.045006416827587443,0.002028962458208,-0.00667512784745212,0.0006751704959086788,-1.5081131828369484e-05,,,,,,,,,
0.0001,394,0.0029542441479861736,2.7799277305603027,0.0032322369515895844,0.9676929012570535,0.1553652942875727,0.0005169529772787504,-0.1394284663475594,0.004438397510606764,-0.06818177154948213,-0.04498742783029745,0.0020276301035465666,-0.00667005734744429,0.000674576343151731,-1.5064107336425494e-05,,,,,,,,,
0.0001,395,0.0029832213185727596,2.953625202178955,0.0032785837538540363,0.9677003951684459,0.15528992951307244,0.00020822506703453182,-0.1393520994967873,0.0044358434439610165,-0.06816840422875395,-0.04496761854286307,0.002026278898964629,-0.0066648039832115,0.0006739707091820885,-1.5046969795988696e-05,,,,,,,,,
0.0001,396,0.0029546546284109354,2.820499897003174,0.003236704505980015,0.9677084586106542,0.15521323322485092,-0.00010398528780085918,-0.13927454942818535,0.004433334942540164,-0.06815302063662414,-0.044947021345158406,0.0020248396106420175,-0.00665950601794823,0.00067334473349865,-1.5028961476620807e-05,,,,,,,,,
0.0001,397,0.0028409636579453945,2.771026372909546,0.0031180663499981165,0.9677178599095868,0.15513907649890274,-0.00040323024033936844,-0.13919992042860094,0.004430759451186022,-0.06813610833494296,-0.04492548872886803,0.0020233446533953004,-0.00665407233812079,0.0006727022847709106,-1.5010478048046656e-05,,,,,,,,,
0.0001,398,0.002939320635050535,2.623619556427002,0.003201682586222887,0.9677260901652601,0.1550647399307537,-0.0006982422551242424,-0.1391237384556148,0.004428270563934826,-0.0681206587188126,-0.044905118190282214,0.002021909769259723,-0.006648852743239646,0.0006720823616832948,-1.4992564444983554e-05,,,,,,,,,
0.0001,399,0.002979779615998268,2.8633055686950684,0.003266110084950924,0.9677326824880702,0.15498823570220796,-0.0009881484017340478,-0.13904382195135298,0.004425830259473087,-0.0681066616306945,-0.04488606083548019,0.002020527030698624,-0.006643895020123169,0.0006714854634189635,-1.4975115257350364e-05,,,,,,,,,
0.0001,400,0.002919838298112154,2.6723427772521973,0.0031870724633336067,0.9677379918378486,0.15490591004622672,-0.0012611555560075377,-0.13895683079048318,0.0044233193440005834,-0.06809291848104006,-0.04486736685482108,0.002019165960737731,-0.006639030322013119,0.0006708984864199497,-1.495794105253752e-05,,,,,,,,,
0.0001,401,0.0028004792984575033,2.7825846672058105,0.003078737761825323,0.9677439387294414,0.1548251031962942,-0.0015481368012146032,-0.13887167608228687,0.004420798470565024,-0.06807745362860187,-0.04484828071790872,0.002017777937152192,-0.0066342121364062825,0.0006703133813577884,-1.494075309858366e-05,,,,,,,,,
0.0001,402,0.0028777210973203182,2.657724380493164,0.003143493551760912,0.9677492237288461,0.15474117463758655,-0.001835336075134839,-0.13878229383538582,0.004418238972303064,-0.06806227826601229,-0.04482936727365835,0.002016386037882063,-0.0066294264458359375,0.0006697270907356206,-1.492344904077232e-05,,,,,,,,,
0.0001,403,0.002803369192406535,2.7138640880584717,0.003074755659326911,0.9677556303871969,0.15466165346523414,-0.0021423120757346104,-0.13869694192421786,0.004415818885523894,-0.06804706735203778,-0.04481003648880819,0.002014994138611934,-0.006624523518271192,0.0006691351219050005,-1.4906158732101996e-05,,,,,,,,,
0.0001,404,0.0027973975520581007,2.6782915592193604,0.003065226599574089,0.9677628358982834,0.1545848029068097,-0.0024653531496212594,-0.13861393179833828,0.004413422335748312,-0.0680311758829806,-0.04479033513428754,0.002013585327263596,-0.0066195657951547155,0.0006685387852217249,-1.4888772179444554e-05,,,,,,,,,
0.0001,405,0.002755175344645977,2.8865408897399902,0.0030438294634222984,0.9677686266964479,0.15450493729158346,-0.0027838583019627167,-0.13852609019965323,0.004410948536319928,-0.06801689438378317,-0.04477158718717156,0.002012214568091229,-0.006614741237972096,0.0006679539921490389,-1.4871602557678716e-05,,,,,,,,,
0.0001,406,0.002948615001514554,2.850489377975464,0.003233663970604539,0.9677740863817051,0.1544269129949609,-0.003103342408663433,-0.1384389511365547,0.004408458743799364,-0.0680037962378265,-0.044753479642010416,0.0020108892601290495,-0.006609987405280664,0.0006673819906448444,-1.4854854576237405e-05,,,,,,,,,
0.0001,407,0.0029097837395966053,2.838634490966797,0.0031936471350491047,0.9677764868386384,0.15434375484908336,-0.0034077099485364374,-0.13834439231164775,0.004405914635116672,-0.06799332889435356,-0.044737649481329106,0.0020096707096605667,-0.006605666202584874,0.0006668531060861498,-1.4839117920502027e-05,,,,,,,,,
0.0001,408,0.0027559639420360327,2.786536693572998,0.003034617519006133,0.9677770693774667,0.15425046088007666,-0.0036948129853438772,-0.13823822316178483,0.004403385010743882,-0.06798301391395882,-0.04472203158871147,0.0020084361279512817,-0.006601401069755971,0.0006663208520411208,-1.4823115448040318e-05,,,,,,,,,
0.0001,409,0.002878059633076191,2.5890965461730957,0.003136969171464443,0.9677794054228389,0.15415820368250105,-0.00398723298670516,-0.13813311397789454,0.004400932636023892,-0.0679713682960144,-0.044704812691206755,0.0020071247372201286,-0.006596791234677227,0.0006657529064001064,-1.4806272750294222e-05,,,,,,,,,
0.0001,410,0.0028565877582877874,2.7398509979248047,0.003130572848021984,0.9677831029204936,0.15406860273191503,-0.004286235715324174,-0.1380304698311499,0.004398541216108067,-0.06795904720175659,-0.04468665117958874,0.0020058040096124644,-0.006591957757288512,0.0006651746027085087,-1.4789449912418485e-05,,,,,,,,,
0.0001,411,0.002805395284667611,2.5584912300109863,0.003061244497075677,0.9677875834132125,0.15398670977112863,-0.00456903309283088,-0.13793599728254305,0.004395991675809163,-0.06794733555981161,-0.044668950181736,0.0020045042459350807,-0.00658718544702731,0.0006646044731411665,-1.4772807341058307e-05,,,,,,,,,
0.0001,412,0.002725113183259964,2.708101987838745,0.0029959233943372965,0.9677933723436802,0.15391347262602473,-0.004869741447567637,-0.1378497333076312,0.004393489511273892,-0.06793608608587053,-0.044651324736922876,0.002003234078394563,-0.006582385101832665,0.0006640408329549126,-1.4756508498223558e-05,,,,,,,,,
0.0001,413,0.002819616347551346,2.635873556137085,0.003083203686401248,0.9677986638741715,0.15383869912955908,-0.005157823710590587,-0.1377613001000312,0.004390972258915807,-0.0679253495676261,-0.04463396192886651,0.002001962149179232,-0.006577614703044198,0.0006634760072086522,-1.474007521934331e-05,,,,,,,,,
0.0001,414,0.0027416113298386335,2.6949055194854736,0.003011101856827736,0.967806229458473,0.15376752460201282,-0.00545014312513906,-0.13767699582965015,0.004388546740520425,-0.0679128304013666,-0.04461487938971795,0.0020006215146461752,-0.0065724983276907335,0.0006628807312895928,-1.472302781216429e-05,,,,,,,,,
0.0001,415,0.0026623858138918877,2.7353262901306152,0.002935918513685465,0.9678185503097991,0.15371078569951102,-0.005752286880880229,-0.13760926893407358,0.004386158941682074,-0.06789731984000495,-0.04459330719802587,0.001999177293634086,-0.006566917464462714,0.0006622438359745154,-1.4705108098371846e-05,,,,,,,,,
0.0001,416,0.0026497216895222664,2.6256768703460693,0.0029122894629836082,0.9678308507305663,0.1536533036781665,-0.006042154695758667,-0.1375403218451099,0.004383675184290634,-0.06788233239187849,-0.04457164146447522,0.0019977373006415497,-0.006561251859276786,0.0006616023232152022,-1.4687142554109346e-05,,,,,,,,,
0.0001,417,0.002722508041188121,2.6426610946655273,0.002986774081364274,0.967842830100862,0.1535968596585936,-0.00635405047892981,-0.13747086942353134,0.0043811540090986185,-0.06786738049513694,-0.044550472222327754,0.001996320385589069,-0.006555735348964171,0.000660974974778072,-1.4669517683007603e-05,,,,,,,,,
0.0001,418,0.0026243203319609165,2.622145652770996,0.0028865349013358355,0.9678521740698397,0.15353328668540173,-0.0066689296125976225,-0.13739184033264198,0.0043785471350730265,-0.06785390144148473,-0.04453083202979156,0.001994966186159949,-0.006550539328913424,0.0006603765165663636,-1.465250388483996e-05,,,,,,,,,
0.0001,419,0.0026591778732836246,2.688063383102417,0.0029279841110110283,0.9678637519260095,0.15348040165242793,-0.006975278984539217,-0.13732445854226577,0.004376046781076492,-0.06784042238783254,-0.04451064857492289,0.001993625375459411,-0.006545173187789279,0.0006597745016746357,-1.463569479610524e-05,,,,,,,,,
0.0001,420,0.0028202589601278305,2.6736931800842285,0.0030876281671226025,0.967875416807768,0.15342439555789233,-0.007271714302725341,-0.13725362569988567,0.004373568153544809,-0.06782653195386917,-0.04448987868455624,0.0019922380565437973,-0.006539679615149483,0.0006591533306291184,-1.4618296021989114e-05,,,,,,,,,
0.0001,421,0.0028075892478227615,2.6520655155181885,0.0030727956909686327,0.9678888666525718,0.15337206475784315,-0.007559218055646513,-0.13718732852585355,0.00437118186348874,-0.06781147340297287,-0.04446789275002818,0.0019907920738568945,-0.0065339375510541624,0.0006585067636403037,-1.4600290757985896e-05,,,,,,,,,
0.0001,422,0.0025533661246299744,2.5013427734375,0.0028035002760589123,0.9679039225102837,0.1533261867374154,-0.007850045523090399,-0.13712767462692896,0.004368907525077941,-0.06779595268407268,-0.04444531678223835,0.001989329355259264,-0.006528059772394672,0.0006578506497735418,-1.4582154113301846e-05,,,,,,,,,
0.0001,423,0.0025920551270246506,2.6179890632629395,0.0028538540937006474,0.9679166387732452,0.15327249296803763,-0.008141906587999964,-0.13705853033499363,0.004366617797087874,-0.06778051830425014,-0.044423859718987595,0.0019878823155674735,-0.006522517775778927,0.0006572155015995266,-1.4564231344144731e-05,,,,,,,,,
0.0001,424,0.0028066656086593866,2.7439708709716797,0.0030810628086328506,0.967929154291301,0.15321641084594556,-0.008421621659334697,-0.13698681007924107,0.004364329276123631,-0.0677651194758125,-0.04440222636531106,0.001986423296486951,-0.006516909514775042,0.000656573801646528,-1.4546126780789722e-05,,,,,,,,,
0.0001,425,0.0027054857928305864,2.6583282947540283,0.0029713185504078865,0.967941656303006,0.15315793721346066,-0.008706550389847953,-0.13691198387668504,0.0043621008046941835,-0.06774873536613579,-0.044380226039727834,0.0019849410232988906,-0.00651128213904381,0.0006559283578198248,-1.4527912224306576e-05,,,,,,,,,
0.0001,426,0.00268607959151268,2.77120041847229,0.002963199745863676,0.967953813301885,0.1530965220210463,-0.008986034927081978,-0.13683411335325413,0.004359924838888124,-0.06773133550260435,-0.04435810698793949,0.001983418055422639,-0.006505712744652199,0.0006552778597636201,-1.4509321857968957e-05,,,,,,,,,
0.0001,427,0.0027308017015457153,2.723466634750366,0.0030031483620405197,0.9679674247903295,0.15303845688183917,-0.009245330875416449,-0.13676072919742827,0.004357711153525033,-0.06771404229322767,-0.04433505611532922,0.0019818919165317233,-0.006499841974726069,0.0006546115126420651,-1.4490671912020265e-05,,,,,,,,,
0.0001,428,0.0026892099995166063,2.726651668548584,0.002961875172331929,0.9679841400930179,0.15298817375988052,-0.009538526754517615,-0.13669425947079597,0.0043556136443976,-0.06769461600075605,-0.044310109221200995,0.001980281393417242,-0.006493603564877281,0.0006539104722908459,-1.4471245903445266e-05,,,,,,,,,
0.0001,429,0.002689867280423641,2.5655415058135986,0.002946421504020691,0.9680000131274468,0.15293427476227833,-0.009815411258568649,-0.13662367313213042,0.004353543896864143,-0.06767639337660228,-0.04428543935488469,0.0019786988809322946,-0.006487347314616301,0.0006532113038764791,-1.4451989467609482e-05,,,,,,,,,
0.0001,430,0.0024474814999848604,2.6215693950653076,0.002709638327360153,0.9680144713743013,0.15287835608219247,-0.01008982295816208,-0.13654996852147566,0.0043513522397223585,-0.06765907477337922,-0.04426188479534365,0.001977160762652647,-0.006481338918653266,0.0006525346611022361,-1.443319439183894e-05,,,,,,,,,
0.0001,431,0.002503205556422472,2.5699424743652344,0.0027601998299360275,0.968026368219393,0.15281551908634367,-0.010362757934600973,-0.1364676239556254,0.004349078504824472,-0.0676425941670863,-0.04423982330777597,0.001975664748401042,-0.006475706445661407,0.0006518856605955132,-1.4414834705533945e-05,,,,,,,,,
0.0001,432,0.0025116964243352413,2.6481218338012695,0.0027765086852014065,0.9680381085152976,0.15275401787365236,-0.010637482812595368,-0.13638603122610454,0.004346729934325435,-0.06762617450602468,-0.044218139585406366,0.001974197801783859,-0.006470174006409336,0.0006512511987983439,-1.4396904297965154e-05,,,,,,,,,
0.0001,433,0.002688291249796748,2.5913777351379395,0.002947428962215781,0.9680484130202847,0.15269000436872016,-0.010901633569857261,-0.13630109837125134,0.004344345454808103,-0.06761133942097643,-0.044197513605591376,0.001972776834879308,-0.0064648129625458186,0.0006506322116791544,-1.4379308452827783e-05,,,,,,,,,
0.0001,434,0.0027591155376285315,2.63628888130188,0.003022744320333004,0.9680603996147218,0.15262935960136176,-0.011171345418586246,-0.13621960424321633,0.004342022533607848,-0.06759520417099411,-0.04417572554807182,0.001971309007424718,-0.006459217444693499,0.0006499933196314345,-1.4361316937965581e-05,,,,,,,,,
0.0001,435,0.0025415613781660795,2.5155704021453857,0.0027931183576583862,0.9680708452446772,0.1525640369919661,-0.011466684612369002,-0.13613018502075808,0.0043397931569090316,-0.06757897750316488,-0.044154754182932875,0.0019698751802940282,-0.006453893993127098,0.0006493777643964743,-1.434384941814437e-05,,,,,,,,,
0.0001,436,0.0026078145019710064,2.6043872833251953,0.0028682532720267773,0.9680855311244114,0.15251337544838464,-0.01176172258942583,-0.1360572322464327,0.004337533001051677,-0.06756143543409379,-0.0441318328298191,0.001968379694544867,-0.0064481003192679385,0.0006487267047592138,-1.4325769297706724e-05,,,,,,,,,
0.0001,437,0.0025034674908965826,2.5382161140441895,0.002757288981229067,0.9681028967631234,0.15247220832522504,-0.012054901069726945,-0.13599487913183364,0.00433536246686183,-0.06754300965916908,-0.04410771342136284,0.001966829596876488,-0.006442032030492547,0.0006480492508123347,-1.4307087270428992e-05,,,,,,,,,
0.0001,438,0.0026043716352432966,2.6800875663757324,0.0028723804280161858,0.9681209951248597,0.15243490094372866,-0.012361574494319535,-0.1359350403551231,0.004333277329749104,-0.06752445691501252,-0.044083468091173895,0.001965275447356038,-0.0064359478127776985,0.0006473698625307082,-1.4288377744869224e-05,,,,,,,,,
0.0001,439,0.002518501365557313,2.738825559616089,0.002792384009808302,0.96813711443781,0.15239587542895466,-0.012657425865278864,-0.13587274886645268,0.004331070584784507,-0.06750752429825425,-0.044060956883132316,0.001963792821833015,-0.006430222314779414,0.0006467239819187393,-1.4270374008548342e-05,,,,,,,,,
0.0001,440,0.002308857161551714,2.6246540546417236,0.002571322489529848,0.9681514736987015,0.15235021554172057,-0.01292831213301146,-0.135804072931575,0.004328880436425003,-0.0674919020039686,-0.04403917242337655,0.00196234525363878,-0.006424595576205759,0.0006460880225720881,-1.4252617756765769e-05,,,,,,,,,
0.0001,441,0.0023731905966997147,2.543468952178955,0.0026275375857949257,0.9681658329251968,0.152306695860424,-0.01320076755502388,-0.13573702392121348,0.004326573810073385,-0.06747639144260695,-0.04401773334894475,0.0019609052606462435,-0.006419058039693061,0.0006454584278107351,-1.423494705519397e-05,,,,,,,,,
0.0001,442,0.0025579568464308977,2.516303300857544,0.0028095871675759554,0.9681788197872212,0.15225937422955718,-0.013478591594277799,-0.13566435462615986,0.004324185105965666,-0.06746136844309555,-0.04399708218478322,0.001959494335288129,-0.006413705278878061,0.000644845306093683,-1.4217606333006582e-05,,,,,,,,,
0.0001,443,0.0024526496417820454,2.569892406463623,0.0027096387930214405,0.9681915489152746,0.15221350327434463,-0.013759494133716181,-0.135592104387421,0.004321681130891657,-0.06744694473835847,-0.04397692751202488,0.001958123047613318,-0.006408453188960426,0.0006442465982903943,-1.4200725443202107e-05,,,,,,,,,
0.0001,444,0.0025290767662227154,2.4961724281311035,0.0027786940336227417,0.9682043975500793,0.15216804022656388,-0.014026549403162003,-0.13552075388724033,0.004319197071743761,-0.0674333031640895,-0.043956718872809664,0.001956748412756361,-0.006403118905715196,0.0006436390299860043,-1.4183630677870696e-05,,,,,,,,,
0.0001,445,0.0024787127040326595,2.4966511726379395,0.0027283779345452785,0.9682215575323335,0.15213540597722006,-0.014283861344577877,-0.13546559868110652,0.0043168189291120105,-0.06741707649626028,-0.04393418607818533,0.0019552714245927414,-0.006397320134595409,0.000642989655091911,-1.4165604026314784e-05,,,,,,,,,
0.0001,446,0.0024492363445460796,2.507106304168701,0.0026999469846487045,0.9682385453147401,0.15210354529742018,-0.014540732878867396,-0.1354106037023872,0.004314451951469142,-0.06740134754781986,-0.04391195189795567,0.0019538034209706703,-0.006391571061766728,0.0006423429633073062,-1.4147610983770247e-05,,,,,,,,,
0.0001,447,0.002557728672400117,2.698185443878174,0.0028275472577661276,0.9682573678032451,0.15208114668306608,-0.014834430060895104,-0.1353616110891175,0.004312137479449661,-0.06738581667138112,-0.04388936513687448,0.0019523267851420131,-0.006385708574889116,0.0006416872862258098,-1.4129454479215839e-05,,,,,,,,,
0.0001,448,0.002428474137559533,2.619529962539673,0.002690427005290985,0.9682736592257795,0.15204834834266287,-0.015107093181083161,-0.13530219136872174,0.00430981093717193,-0.06737114410694962,-0.04386768861003246,0.0019508948958536184,-0.006380030226551622,0.000641050827695998,-1.4111774611550029e-05,,,,,,,,,
0.0001,449,0.0022894064895808697,2.4529953002929688,0.002534705912694335,0.9682908100281832,0.15201725090338972,-0.015362228097642344,-0.13524621037514414,0.004307405636459117,-0.06735627854928572,-0.04384541485440109,0.001949436757610503,-0.006374184305771045,0.000640399393671367,-1.4093763236817469e-05,,,,,,,,,
0.0001,450,0.0025933347642421722,2.657607078552246,0.0028590955771505833,0.9683078124233973,0.15198109338456836,-0.015614092039791473,-0.13518490490133195,0.0043051231506239995,-0.06734044802545983,-0.043822486305759724,0.0019479477900581515,-0.0063682383512506805,0.000639737663994048,-1.4075515071322946e-05,,,,,,,,,
0.0001,451,0.0023527152370661497,2.4375691413879395,0.002596472157165408,0.9683273811829326,0.1519545267572992,-0.01587842330960392,-0.13513274471533013,0.004302994862338028,-0.06732401312809037,-0.043798482025744795,0.001946417246980202,-0.006362020967601975,0.0006390530342892347,-1.4056804018080845e-05,,,,,,,,,
0.0001,452,0.0024973617400974035,2.6064274311065674,0.002758004469797015,0.9683470760281666,0.1519310809863866,-0.01618249561358852,-0.13507855087368312,0.0043009972345976165,-0.06730808102887902,-0.04377484471763656,0.0019448969216161705,-0.0063558781313899256,0.0006383725852433918,-1.403814185067347e-05,,,,,,,,,
0.0001,453,0.002428292529657483,2.532712936401367,0.0026815638411790133,0.9683660485874079,0.15190583432562746,-0.016484536607666873,-0.13502144828820425,0.004298999003344292,-0.06729299708413636,-0.04375165353223844,0.0019434023167044158,-0.0063497977366205475,0.0006376991247617978,-1.4019678281969677e-05,,,,,,,,,
0.0001,454,0.0024045738391578197,2.516976833343506,0.0026562714483588934,0.9683843659922939,0.15187379016434113,-0.01679366870019202,-0.13495601387717313,0.004297126001020313,-0.06727611017630156,-0.043728045006240536,0.0019418649030946938,-0.006343761942881647,0.0006370223571917646,-1.4000982505550928e-05,,,,,,,,,
0.0001,455,0.0025730771012604237,2.6094553470611572,0.0028340225107967854,0.9684016906655921,0.15184081585068537,-0.017115808570607148,-0.13488675865856622,0.00429519536321319,-0.06725998508385779,-0.043705296345788736,0.0019403526814348044,-0.0063379083762101305,0.0006363596915460193,-1.3982503660023784e-05,,,,,,,,,
0.0001,456,0.0024043312296271324,2.4829349517822266,0.002652624621987343,0.9684197101483382,0.15181439781916226,-0.017432127454979386,-0.13482441786915286,0.004293286451870917,-0.06724470306711346,-0.043682885875133304,0.0019388668848971172,-0.006332065641217444,0.0006357028913024115,-1.3964238690023573e-05,,,,,,,,,
0.0001,457,0.0023199378047138453,2.436107635498047,0.002563548507168889,0.9684373501153375,0.1517877591207365,-0.01775416075774419,-0.13476031457818038,0.004291452376129795,-0.06722939565652275,-0.04366082438756562,0.0019373854925464637,-0.006326343329007051,0.0006350528924293674,-1.3946042465728449e-05,,,,,,,,,
0.0001,458,0.002259000902995467,2.5891165733337402,0.0025179125368595123,0.9684550279483515,0.15176279332583137,-0.018072547924472784,-0.13469749310652362,0.004289703093952882,-0.06721467738316779,-0.043638989559116784,0.0019358995198412953,-0.006320647140257365,0.0006344000856510448,-1.3927673613329442e-05,,,,,,,,,
0.0001,459,0.0021889267954975367,2.38978910446167,0.002427905797958374,0.9684729526617663,0.15173829596227031,-0.018384235465755787,-0.13463493046376715,0.004287822245961041,-0.06720078187043516,-0.04361698203800597,0.0019344255265248585,-0.006314819059888979,0.0006337409142874239,-1.3909303233248099e-05,,,,,,,,,
0.0001,460,0.0023524207063019276,2.5344042778015137,0.0026058610528707504,0.968486788307075,0.15170402776779773,-0.01871078266970946,-0.13455731876923654,0.004285798968921847,-0.06718927337926112,-0.04359756850458862,0.0019330327464173228,-0.006309556775450092,0.000633123986298772,-1.3891624893264624e-05,,,,,,,,,
0.0001,461,0.002429886721074581,2.4644904136657715,0.0026763356290757656,0.9685030552094381,0.15167540951245279,-0.019027734435433645,-0.13448731171430023,0.0042838046605024535,-0.06717638854161394,-0.043576589943922085,0.001931580597868573,-0.00630394787728863,0.0006324780432889081,-1.3873382838499442e-05,,,,,,,,,
0.0001,462,0.002260736655443907,2.4666574001312256,0.002507402328774333,0.9685229371435452,0.15165616186791409,-0.01936128248155884,-0.13442606786641667,0.004281980542724388,-0.06716082211379028,-0.043553434736161876,0.0019300458267710711,-0.0062979350212225465,0.0006317988422009668,-1.3854515961659145e-05,,,,,,,,,
0.0001,463,0.0023699270095676184,2.577657699584961,0.002627692651003599,0.9685409967908032,0.15163169683579902,-0.01966546352804377,-0.13436180434802972,0.004279969034186988,-0.06714639333028391,-0.04353130129331837,0.0019285558022138316,-0.006292103755066269,0.0006311386724710247,-1.3836067669778705e-05,,,,,,,,,
0.0001,464,0.0023600333370268345,2.4120068550109863,0.002601234009489417,0.9685593681285132,0.1516123923124472,-0.019974883788194803,-0.13430132466166134,0.004277924935952313,-0.06713305140340209,-0.043509671537405634,0.0019270929074487197,-0.006286313266995001,0.0006304849297242758,-1.3817792006002148e-05,,,,,,,,,
0.0001,465,0.002312759403139353,2.5107691287994385,0.0025638362858444452,0.9685760621307236,0.15158595799306965,-0.02025805578361516,-0.13423571769803,0.004275919462544038,-0.06712029861375603,-0.04348861022817191,0.0019256358262104921,-0.0062806438388636025,0.0006298363660028186,-1.3799487316261221e-05,,,,,,,,,
0.0001,466,0.0022501321509480476,2.422034502029419,0.0024923356249928474,0.9685927066343543,0.15155938636238023,-0.020550044620962618,-0.13416795382689622,0.0042739438630249324,-0.06710759661180268,-0.04346757770104851,0.0019241817398194475,-0.0062749788708352525,0.0006291886758518924,-1.378121929089634e-05,,,,,,,,,
0.0001,467,0.002216565189883113,2.581322431564331,0.002474697306752205,0.9686126769629229,0.15154482038661504,-0.020837488021796104,-0.13411454879713583,0.004271932656243989,-0.06709342176676,-0.04344508088406209,0.001922663352297711,-0.006269001695593553,0.0006285137178208165,-1.3762344775644367e-05,,,,,,,,,
0.0001,468,0.002196581568568945,2.5045905113220215,0.00244704051874578,0.9686345845860351,0.15153308503798,-0.021128696087991162,-0.13406411413713593,0.004270024046658172,-0.06707727128046988,-0.04342106940851957,0.0019210792543054318,-0.006262759462799295,0.000627814050223289,-1.3742938626939727e-05,,,,,,,,,
0.0001,469,0.0022006481885910034,2.5965116024017334,0.0024602992925792933,0.9686556043871325,0.1515148810893331,-0.021411539681060507,-0.13400703620202853,0.004268152251360019,-0.06706115126679539,-0.043396932011244366,0.0019194643270039166,-0.006256485372126123,0.0006271030886067522,-1.3723094033404871e-05,,,,,,,,,
0.0001,470,0.00240184273570776,2.4660916328430176,0.002648451831191778,0.9686729495862113,0.15148917269306647,-0.021695675135033825,-0.13393949418423787,0.004266070131811855,-0.0670472659116013,-0.043375331037441955,0.0019179462918171427,-0.006250761785600573,0.0006264394869925807,-1.3704190492188529e-05,,,,,,,,,
0.0001,471,0.0023713805712759495,2.528445243835449,0.002624225104227662,0.9686898924304385,0.15146109103177316,-0.021992148513095066,-0.13386681256399852,0.0042639976684702915,-0.06703296409732677,-0.04335376244351367,0.0019164280804628876,-0.006245096817572223,0.0006257798788436944,-1.3685380139594634e-05,,,,,,,,,
0.0001,472,0.002311127493157983,2.4502477645874023,0.0025561521761119366,0.9687062920272604,0.1514361689789647,-0.022285587975396984,-0.1337964480786761,0.004261748979358275,-0.0670207902873779,-0.043333247994376205,0.0019149761080816193,-0.006239541440647334,0.0006251373677180598,-1.3667086143630056e-05,,,,,,,,,
0.0001,473,0.002258655149489641,2.513895034790039,0.0025100447237491608,0.9687234638796896,0.1514131323583239,-0.02258364464426309,-0.13372711890895483,0.0042594604583940324,-0.06700791052849998,-0.04331225144489072,0.0019135109231392497,-0.006233902596079693,0.0006244903015460844,-1.3648760066336435e-05,,,,,,,,,
0.0001,474,0.0022187726572155952,2.584786891937256,0.002477251458913088,0.9687425113947503,0.1513940889149395,-0.0228934803007654,-0.13366048895490806,0.004257376226550675,-0.0669932735154534,-0.04328998488478694,0.0019120034580013567,-0.006228050303723333,0.0006238273239108638,-1.3630203309010193e-05,,,,,,,,,
0.0001,475,0.002182269934564829,2.4413955211639404,0.0024264093954116106,0.9687628172330376,0.15137459429346958,-0.02319735469339939,-0.13359468478830508,0.004255325791430418,-0.0669765592857739,-0.04326637276102525,0.0019104042096056816,-0.00622198583789341,0.0006231356432439065,-1.3610762023611843e-05,,,,,,,,,
0.0001,476,0.002144069643691182,2.320901870727539,0.0023761598858982325,0.9687815075983168,0.1513490636905977,-0.02350729474270202,-0.13351987091093476,0.004253366788516406,-0.06696058147763907,-0.04324344061462009,0.0019088146504214806,-0.006216073652724694,0.0006224502023664572,-1.3591317682848822e-05,,,,,,,,,
0.0001,477,0.002218269044533372,2.464953660964966,0.0024647642858326435,0.96879624911323,0.1513111454708973,-0.023801732461157004,-0.13343222651522135,0.004251423476938121,-0.06694613237905561,-0.04322254840028455,0.0019072844596784938,-0.006210636787109362,0.0006217995795144624,-1.3572418724679483e-05,,,,,,,,,
0.0001,478,0.002219165675342083,2.4687020778656006,0.002466036006808281,0.9688094585125397,0.15126881320269642,-0.024078199394006752,-0.1333413282704757,0.004249416494747565,-0.0669332526201777,-0.04320251245373132,0.001905815575219016,-0.006205309512597492,0.0006211663032772996,-1.3554085008974187e-05,,,,,,,,,
0.0001,479,0.0020949398167431355,2.4253838062286377,0.0023374781012535095,0.9688216056007822,0.1512236710012414,-0.02434021009886207,-0.1332490126293713,0.004247436067125159,-0.06692085026561151,-0.04318310971360534,0.0019043530327888666,-0.006200117952649792,0.000620540202798071,-1.3535754348633561e-05,,,,,,,,,
0.0001,480,0.0021967566572129726,2.342507839202881,0.0024310073349624872,0.9688329221964006,0.15117557399249185,-0.024605987643928965,-0.13315216131991894,0.00424537446701602,-0.06690827523289002,-0.04316408473867744,0.0019028848529993143,-0.006195057010005637,0.0006199196557315045,-1.351738702391689e-05,,,,,,,,,
0.0001,481,0.0022507214453071356,2.458271026611328,0.0024965484626591206,0.9688451460709815,0.15113181250367927,-0.02488037542017232,-0.13305828038022705,0.004243254929667281,-0.0668952227958568,-0.04314482950686689,0.0019014184348845754,-0.006189971855373508,0.0006193004814186297,-1.349914802451638e-05,,,,,,,,,
0.0001,482,0.0021061161532998085,2.3784937858581543,0.0023439654614776373,0.96885967535971,0.1510939892612126,-0.02515893020902849,-0.13297030320449899,0.004241228635063525,-0.06688107842342975,-0.04312417834270536,0.0018998954670083237,-0.0061845872366795935,0.0006186537272361298,-1.3480334616557815e-05,,,,,,,,,
0.0001,483,0.0021890534553676844,2.357980728149414,0.0024248515255749226,0.9688752832008799,0.15105845602130744,-0.025437215316483824,-0.13288477874073085,0.0042392946779353825,-0.06686609097530329,-0.04310279683249422,0.0018983439600000938,-0.0061790662662639315,0.0006179953670451449,-1.3461298166978306e-05,,,,,,,,,
0.0001,484,0.0021726733539253473,2.3975510597229004,0.002412428380921483,0.9688916725813816,0.15102702944533603,-0.02572389751981497,-0.13280158373706533,0.00423728015183342,-0.06685127620533213,-0.04308127500949522,0.0018967885773072742,-0.006173480305775286,0.0006173325142057144,-1.3442179222552692e-05,,,,,,,,,
0.0001,485,0.0021510631777346134,2.423166513442993,0.002393379807472229,0.9689099112364403,0.15099901443408834,-0.026020979855878083,-0.13272020053570188,0.004235382405480028,-0.06683522729442747,-0.04305841841612968,0.001895195847108409,-0.00616761909321283,0.0006166497564377536,-1.3422791406036075e-05,,,,,,,,,
0.0001,486,0.0021522913593798876,2.385185480117798,0.0023908098228275776,0.9689276859664221,0.15096522403535842,-0.026282775250582736,-0.13263857083062386,0.004233615923185108,-0.06681910728075298,-0.04303511929781782,0.001893591137520812,-0.006161635546395348,0.0006159575765876357,-1.340325540433294e-05,,,,,,,,,
0.0001,487,0.0021600178442895412,2.375603199005127,0.0023975782096385956,0.9689455099160555,0.15093314520146822,-0.026533531106653463,-0.13255991149530633,0.004231757103414574,-0.06680423664431981,-0.04301204324086102,0.0018920190189172644,-0.006155599752656448,0.0006152680174491111,-1.3383940916568415e-05,,,,,,,,,
0.0001,488,0.0021840911358594894,2.620300054550171,0.002446121070533991,0.9689645317186204,0.1509060819030491,-0.026805894097540597,-0.13248266955634755,0.004229915785518502,-0.06678819789095371,-0.042988546245540646,0.0018904070864629323,-0.0061495505786084035,0.0006145704089821213,-1.3364304087831153e-05,,,,,,,,,
0.0001,489,0.002076175296679139,2.3692028522491455,0.002313095610588789,0.9689810174750291,0.15086831695900377,-0.027067528553344756,-0.13239402682059015,0.004228082916803206,-0.06677372847729315,-0.042965930702349116,0.0018888266879877613,-0.0061436237388153864,0.0006138815362204427,-1.3344810861233404e-05,,,,,,,,,
0.0001,490,0.0023302549961954355,2.539524555206299,0.0025842073373496532,0.968996623497535,0.15082734375466883,-0.02734110511053562,-0.13229848198082497,0.0042261459421105005,-0.06675966536517448,-0.04294370371764704,0.0018872632015907997,-0.006137783552453014,0.0006132001512061735,-1.3325488735057204e-05,,,,,,,,,
0.0001,491,0.002092464827001095,2.3281211853027344,0.002325276844203472,0.9690116954748494,0.1507847692593199,-0.02758798103419442,-0.13220558705599134,0.00422414982315237,-0.06674654182537143,-0.04292176815181205,0.0018857141609273087,-0.006131930622939075,0.0006125197645582256,-1.3306189524116032e-05,,,,,,,,,
0.0001,492,0.0020194293465465307,2.29695463180542,0.002249124925583601,0.9690274263586575,0.15074429659630276,-0.02783618796605731,-0.13211483671347443,0.00422219474307229,-0.06673234666525166,-0.04289949799394448,0.0018841549025498995,-0.00612608024205545,0.0006118408130618646,-1.3286972808020963e-05,,,,,,,,,
0.0001,493,0.0021567377261817455,2.405714750289917,0.0023973092902451754,0.9690439006493056,0.1507109032261206,-0.028094910297702516,-0.13202929992452056,0.004220277986062154,-0.06671836481344137,-0.04287759121021981,0.0018826372196980882,-0.006120301222820591,0.0006111780850182242,-1.3268309112931253e-05,,,,,,,,,
0.0001,494,0.002174052409827709,2.286869525909424,0.002402739366516471,0.9690611408225954,0.1506755823562808,-0.028339633119854695,-0.13194399731409553,0.004218474387723115,-0.06670444390686237,-0.04285460509735779,0.0018811112569746538,-0.006114211907845116,0.0006104969495955354,-1.324952778630173e-05,,,,,,,,,
0.0001,495,0.0021295843180269003,2.453817367553711,0.002374966163188219,0.9690792931270894,0.15064744254535992,-0.028595060553739778,-0.13186393290760498,0.004216645743598205,-0.0666908023325934,-0.04283182765479566,0.0018796161235604552,-0.006108151902118242,0.0006098264218150102,-1.3231139074032365e-05,,,,,,,,,
0.0001,496,0.0021021864376962185,2.2563095092773438,0.002327817492187023,0.9690974802557337,0.15061819225087,-0.028843136994602267,-0.1317835850218427,0.004214798994085921,-0.06667733343647975,-0.04280884154193364,0.0018781077775851555,-0.006102023083372915,0.0006091475327165443,-1.3212533430871394e-05,,,,,,,,,
0.0001,497,0.0020939121022820473,2.4599320888519287,0.002339905360713601,0.9691152398548033,0.15059140642842786,-0.029102002866347915,-0.13170264552716546,0.00421281735943769,-0.066664865057913,-0.0427866793169798,0.0018766429449777486,-0.006096050368234263,0.0006084852414581694,-1.3194355538764292e-05,,,,,,,,,
0.0001,498,0.00207520998083055,2.3799853324890137,0.002313208533450961,0.969132295420782,0.1505559100333657,-0.029350105405410484,-0.13161394116547942,0.0042109603502058935,-0.06665171104549432,-0.04276385870125217,0.0018751402363618521,-0.006089951495895115,0.0006078079747049756,-1.3175786559979368e-05,,,,,,,,,
0.0001,499,0.001977046485990286,2.1840333938598633,0.0021954497788101435,0.9691518894562189,0.15052685443925895,-0.029591304970551836,-0.13153419721381782,0.004209016736871151,-0.06663749557029744,-0.04273948385156674,0.0018735793924771107,-0.006083476063427212,0.0006071005697684583,-1.3156621785083698e-05,,,,,,,,0.00010620771710835201,0.0004302073765732116
0.0001,500,0.0019551145378500223,2.370847463607788,0.002192199230194092,0.9691686689819679,0.15048754174941903,-0.029819174880002217,-0.1314448396172882,0.004207099376348103,-0.06662405714679943,-0.04271634663262549,0.0018720472638918291,-0.006077310926699924,0.0006064131321583664,-1.3137712133138013e-05,0.1078308329825268,61.571935722852125,0.006157193572285213,0.05710049159392974,0.16598279930594104,0.6849722981224645,0.0,,
0.0001,501,0.002020150190219283,2.4134745597839355,0.0022614975459873676,0.9691860940856788,0.15044791814233346,-0.030034478506113974,-0.13135823053717596,0.004205242367116306,-0.06660929316452101,-0.04269250784974495,0.001870483072824942,-0.006071057225069258,0.0006057174580261241,-1.311862527004144e-05,,,,,,,,,
0.0001,502,0.002021393273025751,2.4772019386291504,0.0022691134363412857,0.9692040021997792,0.15041067629005547,-0.030253864325688277,-0.13127310047935112,0.00420330388364132,-0.066594351425318,-0.04266855753618688,0.0018689266331272346,-0.006064781222923352,0.000605024404605475,-1.3099695758225397e-05,,,,,,,,,
0.0001,503,0.0021950637456029654,2.2934494018554688,0.002424408681690693,0.9692222170362582,0.15037035861843218,-0.030449522531689654,-0.13118979454901405,0.004201340052624009,-0.066578927203034,-0.04264381571459475,0.0018673414781300672,-0.006058321082237327,0.0006043158765068463,-1.3080465292989312e-05,,,,,,,,,
0.0001,504,0.002029665280133486,2.257674217224121,0.0022554327733814716,0.9692442911254235,0.15034565276795755,-0.030656951025927203,-0.1311222525312234,0.004199373505798591,-0.06656165938750368,-0.04261762039643097,0.0018656923743371706,-0.006051591423895697,0.0006035837620038774,-1.3060704721982894e-05,,,,,,,,,
0.0001,505,0.0019799387082457542,2.2937986850738525,0.00220931856893003,0.9692647631936616,0.15031985762009598,-0.0308760736886507,-0.13104966951246988,0.004197297119623096,-0.0665456917369074,-0.04259287857483884,0.0018641077478424473,-0.0060451771585553074,0.0006028812241031763,-1.3041610220474646e-05,,,,,,,,,
0.0001,506,0.0021270683500915766,2.30340576171875,0.002357408870011568,0.9692845200315248,0.1502926035006078,-0.031094539546672177,-0.130974337977299,0.004195188747263238,-0.06653134929247868,-0.04256863324464989,0.0018625662823806542,-0.006038764804687653,0.0006021851755835635,-1.3022807506292429e-05,,,,,,,,,
0.0001,507,0.001990553457289934,2.2437310218811035,0.002214926527813077,0.969303319019492,0.15026527583291813,-0.031322124550771685,-0.13089597444643894,0.0041932101301795695,-0.06651769756067118,-0.04254534491962941,0.001861055646228097,-0.006032570995869343,0.0006015061616893074,-1.3004310328577261e-05,,,,,,,,,
0.0001,508,0.002120222197845578,2.285827159881592,0.002348804846405983,0.9693231239999848,0.15024428449567853,-0.03154631678886076,-0.13082544973370203,0.004191133744004075,-0.06650368523624525,-0.04252203500802618,0.001859545186243021,-0.0060263918416753335,0.0006008303300877003,-1.2985900228755202e-05,,,,,,,,,
0.0001,509,0.0019548009149730206,2.4442660808563232,0.0021992274560034275,0.9693449445148588,0.15023078829420225,-0.03176552644558452,-0.13076469889324763,0.004189031406773343,-0.06648895680535175,-0.04249786163311306,0.0018580209851944,-0.006020020265892688,0.0006001443900270904,-1.296744277078075e-05,,,,,,,,,
0.0001,510,0.0019104734528809786,2.146972894668579,0.0021251707803457975,0.9693640891284027,0.15020948804614973,-0.03198026461069454,-0.13069429743236802,0.004186877469188589,-0.06647692012217325,-0.04247517413464571,0.0018565787020246058,-0.006013838563068365,0.0005994812875960796,-1.2949619300975427e-05,,,,,,,,,
0.0001,511,0.0019883757922798395,2.456151247024536,0.0022339909337460995,0.9693800905070246,0.15017869096220995,-0.032192245065996085,-0.13061295120656174,0.004184642962630017,-0.06646546241869195,-0.04245418118292401,0.001855178170547891,-0.006008109879282188,0.0005988503200810348,-1.2932273995741034e-05,,,,,,,,,
0.0001,512,0.0019482487114146352,2.2618794441223145,0.002174436580389738,0.9693937914576103,0.15014001049819684,-0.032378677558269106,-0.13052775952280826,0.004182421733355519,-0.06645541661306872,-0.04243428195139484,0.0018538118155625575,-0.006002576165714961,0.0005982332672965927,-1.2915141038351243e-05,,,,,,,,,
0.0001,513,0.001987605122849345,2.2896530628204346,0.002216570544987917,0.9694071027739399,0.15010008544189835,-0.03256634536534592,-0.130440743711567,0.004180180286398453,-0.06644491371821086,-0.042414584194637985,0.001852437356873082,-0.0059971475831481465,0.0005976207071605963,-1.2897991276455761e-05,,,,,,,,,
0.0001,514,0.0020162654109299183,2.385288715362549,0.0022547943517565727,0.969420319543573,0.1500614904769709,-0.032774197955334775,-0.13034982081644989,0.004177952418481918,-0.06643449716243066,-0.04239519224780338,0.0018510643075234576,-0.005991798008121037,0.0005970126396730457,-1.2880850680654294e-05,,,,,,,,,
0.0001,515,0.002041382947936654,2.29960298538208,0.002271343255415559,0.9694331600173277,0.15002221517791176,-0.03299077169385044,-0.13025566872267197,0.0041756699326468,-0.06642378095926331,-0.042376077328780695,0.0018496961908633107,-0.005986557387039811,0.0005964124343202751,-1.2863849103945333e-05,,,,,,,,,
0.0001,516,0.0019287792965769768,2.142296314239502,0.002143008867278695,0.9694465862020943,0.14998446014076602,-0.033232610664893754,-0.1301568084079459,0.004173361797512901,-0.06641227246808928,-0.042356609828906475,0.001848298301898816,-0.005981288093867563,0.0005958052404032556,-1.2846595459651056e-05,,,,,,,,,
0.0001,517,0.001955844461917877,2.137833595275879,0.002169627696275711,0.9694592865764124,0.1499486837036208,-0.03348047179560558,-0.1300576399635766,0.004171011718231582,-0.06640176957323142,-0.04233818927829549,0.0018469375842728858,-0.00597623734574466,0.0005952155802947535,-1.2829670267058856e-05,,,,,,,,,
0.0001,518,0.001955706626176834,2.2867183685302734,0.0021843784488737583,0.9694690293605969,0.1499049792768402,-0.03371981403884122,-0.12995010271809787,0.004168590726183044,-0.06639298330238805,-0.04232152443641462,0.0018456468051370506,-0.005971543405865585,0.0005946578679085321,-1.2813398158664976e-05,,,,,,,,,
0.0001,519,0.001953127793967724,2.2509570121765137,0.0021782235708087683,0.9694785069859008,0.14986141052155685,-0.033960061019679647,-0.12984166573406095,0.004166195383433287,-0.06638478616878042,-0.042305151013400835,0.0018443771660989771,-0.0059668896069139405,0.0005941054593433925,-1.279731089983366e-05,,,,,,,,,
0.0001,520,0.0019112835871055722,2.2036304473876953,0.0021316467318683863,0.9694909841372225,0.1498313492433872,-0.03419554725385343,-0.12974964589741403,0.004163794005554404,-0.06637644682963313,-0.0422878565628565,0.0018431096410706797,-0.0059619586444157515,0.0005935423183402992,-1.2781295442072101e-05,,,,,,,,,
0.0001,521,0.001990115037187934,2.2785708904266357,0.0022179721854627132,0.969504644220657,0.14981062586968308,-0.03445971323506537,-0.1296606334060848,0.00416148949149798,-0.06636746248678808,-0.04227082474906893,0.0018418401782000877,-0.005957153839118058,0.0005929881626340974,-1.2765379283662332e-05,,,,,,,,,
0.0001,522,0.0019000971224159002,2.2950289249420166,0.002129599917680025,0.9695216353143667,0.1497981344338395,-0.034737241494718386,-0.12957826418986307,0.004159354564569972,-0.0663559641531526,-0.04225170623228245,0.0018404639578357988,-0.005951991588418959,0.0005923935106939889,-1.2748475478622826e-05,,,,,,,,,
0.0001,523,0.00182970124296844,2.242311477661133,0.002053932286798954,0.9695388385329475,0.1497860708424442,-0.035011194300960405,-0.12949680703738525,0.004157215714808032,-0.066344277905054,-0.04223244020718054,0.0018390711777282632,-0.005946804488574307,0.0005917938045243789,-1.2731383768656086e-05,,,,,,,,,
0.0001,524,0.0018334147753193974,2.1594223976135254,0.002049356931820512,0.9695535671036883,0.1497688340724005,-0.03528798093676114,-0.12940705503491232,0.00415496823272184,-0.0663343235172777,-0.04221487232658808,0.0018377389992343114,-0.005941944250567305,0.0005912222398054499,-1.2714807651477492e-05,,,,,,,,,
0.0001,525,0.0018176152370870113,2.2101964950561523,0.0020386348478496075,0.9695695345190246,0.14975501588519835,-0.03557899109160559,-0.12931725373169647,0.004152744891152149,-0.06632329243041538,-0.04219658489323737,0.0018363796909482318,-0.005936971872826528,0.0005906416273917343,-1.2698071891494862e-05,,,,,,,,,
0.0001,526,0.001931002363562584,2.186742067337036,0.0021496766712516546,0.9695853109532901,0.14974471544687332,-0.03587823305372534,-0.12922798241146696,0.004150450938571694,-0.06631330757002343,-0.042179042196991444,0.0018350501549665,-0.005932136483965078,0.0005900720594054478,-1.2681552298562672e-05,,,,,,,,,
0.0001,527,0.0019921325147151947,2.274685859680176,0.0022196010686457157,0.9696041089902256,0.14973978657537493,-0.03617057856647389,-0.12914700594123252,0.004148218242551859,-0.06630163655823264,-0.04215927968048634,0.001833643457627938,-0.005926795191986486,0.0005894624319705201,-1.266430018195073e-05,,,,,,,,,
0.0001,528,0.0018906360492110252,2.224609375,0.002113096881657839,0.9696231665460799,0.14973310720458713,-0.03644790673992629,-0.12906752081847123,0.0041459728727608605,-0.06628999094028822,-0.04213898109717635,0.0018322082211573976,-0.005921299070716376,0.0005888367682765571,-1.2646651631772791e-05,,,,,,,,,
0.0001,529,0.0018298695795238018,2.0941996574401855,0.002039289567619562,0.9696428256991811,0.1497275758815533,-0.03673084602639593,-0.1289875550134665,0.004143866612696197,-0.06627751240418292,-0.04211825078221141,0.0018307396890328827,-0.005915757074100631,0.0005882020568878075,-1.2628710530427655e-05,,,,,,,,,
0.0001,530,0.0019442925695329905,2.238363742828369,0.002168128965422511,0.9696622059685918,0.14972451824182975,-0.03700687363954433,-0.12891124978862306,0.004141751299937845,-0.06626604454316308,-0.04209818965131164,0.0018293192506307755,-0.005910318297012565,0.0005875835065538835,-1.2611251412859286e-05,,,,,,,,,
0.0001,531,0.0019318298436701298,2.3280153274536133,0.0021646313834935427,0.9696793708955196,0.1497168472632878,-0.03728758152990711,-0.12882661273822735,0.004139616674766293,-0.06625645074800521,-0.04207965037449555,0.0018279661082065432,-0.005905169426622609,0.0005869907265506274,-1.2594372050737146e-05,,,,,,,,,
0.0001,532,0.0018149260431528091,2.162255048751831,0.0020311514381319284,0.9696949571919391,0.14970383364160603,-0.03757058606187695,-0.12873344665930772,0.004137509207675804,-0.06624875133378638,-0.04206187382360319,0.0018266665206966405,-0.005900066431578288,0.0005864087413832201,-1.257788606681633e-05,,,,,,,,,
0.0001,533,0.0018449050839990377,2.245748996734619,0.0020694800186902285,0.9697090480661491,0.14968543327253825,-0.037855626253453054,-0.12863254036375074,0.00413537307372197,-0.06624139219710891,-0.0420447700545398,0.0018253915966341266,-0.005895132920449786,0.0005858411701295761,-1.256167812108053e-05,,,,,,,,,
0.0001,534,0.0018084675539284945,2.3038530349731445,0.0020388527773320675,0.9697258332016568,0.14967640703753496,-0.03813736502271901,-0.12854367577465026,0.004133270434734781,-0.06623239261795605,-0.042026403470385686,0.0018240691073516488,-0.005889982138587095,0.0005852556282821492,-1.2545140195960316e-05,,,,,,,,,
0.0001,535,0.0018893014639616013,2.2283413410186768,0.002112135523930192,0.9697427358796499,0.1496652896673083,-0.03841558923437415,-0.12845328286251945,0.0041312034030094305,-0.06622235696987136,-0.04200759076352146,0.001822709622898088,-0.005884788667166661,0.0005846616003209916,-1.2528292915167215e-05,,,,,,,,,
0.0001,536,0.0017346356762573123,2.1872119903564453,0.0019533568993210793,0.9697613221332251,0.14965901097335713,-0.03869699307673908,-0.128367228415765,0.004129237157940469,-0.06621171694824311,-0.04198782824701636,0.0018213117339335933,-0.0058793753763817245,0.000584048104216569,-1.2511042326237609e-05,,,,,,,,,
0.0001,537,0.0018454287201166153,2.0634100437164307,0.002051769755780697,0.9697768270371335,0.14964596605466446,-0.03897010639087852,-0.1282739144346166,0.0041271013257430916,-0.0662033826878651,-0.04197013084692741,0.0018200132034285788,-0.00587434374298617,0.0005834741059797319,-1.2494733553467682e-05,,,,,,,,,
0.0001,538,0.0017870533047243953,2.112365484237671,0.001998289953917265,0.9697919985912579,0.1496340450238283,-0.039247939129532464,-0.12817963908898145,0.00412489005443165,-0.06619538362625914,-0.041952947927060606,0.0018187444452279122,-0.005869432532372906,0.0005829138352798122,-1.24787799668407e-05,,,,,,,,,
0.0001,539,0.0018414929509162903,2.126603841781616,0.0020541532430797815,0.96980721345009,0.14962550477414086,-0.039524488706682466,-0.12808876549460724,0.004122598817659301,-0.0661879025991191,-0.041936250705305614,0.0018174959462876005,-0.005864604152244817,0.0005823626746725742,-1.246301199361745e-05,,,,,,,,,
0.0001,540,0.0018541100434958935,2.190214157104492,0.002073131501674652,0.9698248177348133,0.1496212759322224,-0.03979692346761982,-0.12800510213388405,0.004120502213801238,-0.06617744033441542,-0.041917804970348096,0.001816157954266764,-0.00585954384675824,0.0005817850573578224,-1.2446587880831212e-05,,,,,,,,,
0.0001,541,0.0018338231602683663,2.1040096282958984,0.0020442241802811623,0.9698419974985034,0.14961325341424253,-0.0400626292426365,-0.127918394452286,0.004118361251744104,-0.06616713551155924,-0.04189919733601997,0.0018147972366408338,-0.0058544376659260275,0.0005811973939819628,-1.242982767793122e-05,,,,,,,,,
0.0001,542,0.0017838631756603718,2.2462987899780273,0.002008493058383465,0.969858720345354,0.14960344735159886,-0.04032130155273155,-0.12783107051140152,0.004116260423295653,-0.066157089705936,-0.0418807731876452,0.0018134557212703703,-0.005849367803075777,0.000580615783201926,-1.2413289752811006e-05,,,,,,,,,
0.0001,543,0.001972662517800927,2.3052468299865723,0.002203187206760049,0.9698750730285274,0.14959311056520969,-0.040567224892087424,-0.12774643346100584,0.004114194900352583,-0.06614734354769992,-0.041862640458137514,0.0018121052213583583,-0.005844343815571161,0.0005800336732387284,-1.2396582254951579e-05,,,,,,,,,
0.0001,544,0.0017434880137443542,2.1769025325775146,0.0019611781463027,0.9698928717293959,0.14958021393248852,-0.040784131382654104,-0.1276680699301458,0.004112157440759945,-0.06613661718699403,-0.041842644086985986,0.0018106840782863257,-0.005838866809028399,0.0005794127517847915,-1.237909487526001e-05,,,,,,,,,
0.0001,545,0.00178237771615386,2.1349592208862305,0.001995873637497425,0.9699110592329558,0.14956612782764694,-0.040989980935786804,-0.12759150587640206,0.004110136276015945,-0.06612579432967193,-0.04182206847586407,0.001809257826357334,-0.00583321968141224,0.0005787833442171236,-1.2361571595033562e-05,,,,,,,,,
0.0001,546,0.0018991399556398392,2.08536434173584,0.002107676351442933,0.9699284418682386,0.14955241038916314,-0.041188910116198234,-0.12751655642198872,0.004108013419346187,-0.06611626147974534,-0.04180236712134342,0.0018078537715309922,-0.005827708268360252,0.0005781622355695014,-1.2344113241306363e-05,,,,,,,,,
0.0001,547,0.0018537715077400208,2.208817720413208,0.002074653282761574,0.9699495206845418,0.14955520008145345,-0.041421253692112366,-0.12745035784944242,0.0041059370331706915,-0.06610561130057854,-0.041781500091354416,0.0018063980996326156,-0.005821966841422509,0.0005775194124543915,-1.2326167556914219e-05,,,,,,,,,
0.0001,548,0.001871963031589985,2.1376140117645264,0.0020857243798673153,0.9699725418600482,0.14956462535951684,-0.04166405829655865,-0.12738891679858724,0.004103942724751298,-0.06609334099401347,-0.04175970124054349,0.0018048897536573159,-0.005816099257284271,0.0005768615514465674,-1.2307813981338564e-05,,,,,,,,,
0.0001,549,0.0019140159711241722,2.1593680381774902,0.0021299528889358044,0.9699963613447846,0.14957314531890628,-0.041891860785658826,-0.12733196211533712,0.004101975876169424,-0.06607894776189202,-0.04173695258009169,0.001803322039240802,-0.005810143745400232,0.0005761903372891961,-1.2289057097626405e-05,,,,,,,,,
0.0001,550,0.0017519770190119743,2.2788233757019043,0.0019798593129962683,0.9700196180303587,0.1495814783208015,-0.042109137000726646,-0.1272776326966471,0.004100061533210939,-0.06606493543746608,-0.04171474358420857,0.0018017795167741208,-0.005804305470510594,0.0005755314779150507,-1.2270579779781594e-05,,,,,,,,,
0.0001,551,0.001935814623720944,2.2383556365966797,0.002159650204703212,0.9700405355380848,0.14957788146144335,-0.04231219404645076,-0.12721304872343123,0.004098268194591412,-0.06605199981212617,-0.041693038275256215,0.0018002355849675888,-0.0057985289999060476,0.0005748703722166825,-1.2251893933298025e-05,,,,,,,,,
0.0001,552,0.0018860039999708533,2.2338011264801025,0.002109384164214134,0.9700619413368128,0.1495713079679463,-0.042499535626026576,-0.12714959866730233,0.004096583488296137,-0.0660395923787907,-0.04167037236337161,0.0017986766789251424,-0.005792439684930573,0.0005741873024592462,-1.2232917827170756e-05,,,,,,,,,
0.0001,553,0.0017012672033160925,2.248669147491455,0.0019261341076344252,0.9700854194277626,0.1495702461914562,-0.04267862147497701,-0.12709554040269833,0.004094915378605956,-0.0660263621848329,-0.04164646882074283,0.0017970818347165008,-0.005786050905893314,0.000573483890988014,-1.2213611741659075e-05,,,,,,,,,
0.0001,554,0.0018408390460535884,2.2259116172790527,0.0020634301472455263,0.9701071202728301,0.1495613879549941,-0.04284417105748584,-0.127036009755631,0.004093214980974955,-0.06601424424134604,-0.041623148115848226,0.001795515705807319,-0.005779744320183651,0.0005727881544578766,-1.2194502727168641e-05,,,,,,,,,
0.0001,555,0.0017472170293331146,2.1651391983032227,0.001963730901479721,0.9701276642631863,0.14954686933970346,-0.04300773717678858,-0.12697068627127142,0.0040915206184730804,-0.0660012527495441,-0.041600115232056915,0.0017939363643370361,-0.005773602121129181,0.0005720997808793585,-1.2175389129631202e-05,,,,,,,,,
0.0001,556,0.0016944773960858583,2.102281332015991,0.0019047055393457413,0.9701472132655468,0.1495283625397433,-0.04318455248233204,-0.12689584774352966,0.004089844964871493,-0.06598837299066619,-0.04157746730899126,0.0017923716447677052,-0.005767566327390281,0.0005714201430061516,-1.2156464200862165e-05,,,,,,,,,
0.0001,557,0.0018252128502354026,2.215482473373413,0.002046761102974415,0.9701639703033479,0.14950499502770623,-0.04335890585766793,-0.12681522870368134,0.004087932734208201,-0.06597660548225921,-0.04155689169786935,0.0017908865528999433,-0.005762022419301801,0.0005707841836595004,-1.2138429147053408e-05,,,,,,,,,
0.0001,558,0.0016187247820198536,2.211122512817383,0.001839837059378624,0.970186458299372,0.1494958577577534,-0.043544037789636954,-0.12674958476449283,0.00408617198528595,-0.06596070893443276,-0.041532732714011394,0.0017892427341314873,-0.005755811407228878,0.0005700852648367139,-1.2119009249207752e-05,,,,,,,,,
0.0001,559,0.0018444901797920465,2.2862703800201416,0.002073117299005389,0.9702037765637426,0.1494728557352336,-0.04372284525778654,-0.12666753600310002,0.00408431195848959,-0.06594844878540623,-0.04151164622043113,0.0017877160667381274,-0.0057501738369763935,0.0005694344547910338,-1.2100520473745428e-05,,,,,,,,,
0.0001,560,0.0016790119698271155,2.1065080165863037,0.001889662817120552,0.9702217115189808,0.14945028170965854,-0.043914406046375316,-0.12658156783264568,0.004082504135560163,-0.06593561981422105,-0.04149000207346323,0.0017861423626272476,-0.00574442540130529,0.0005687668597115773,-1.2081504647877445e-05,,,,,,,,,
0.0001,561,0.0016909536207094789,2.2157740592956543,0.0019125309772789478,0.9702375191245947,0.1494185178284223,-0.04409408780422759,-0.12648835245298312,0.004080593111922696,-0.06592313112057721,-0.041469081077017356,0.0017845896224466483,-0.0057388770331137625,0.0005681131169648284,-1.2062724085089089e-05,,,,,,,,,
0.0001,562,0.0018312284955754876,2.0635101795196533,0.0020375794265419245,0.970251893189639,0.1493747601673169,-0.04423917204817352,-0.1263926720361749,0.00407871347095668,-0.06591082018385795,-0.04144774273997171,0.0017830108094788095,-0.00573320187056416,0.0005674447107127358,-1.204356847628743e-05,,,,,,,,,
0.0001,563,0.001734038582071662,2.2396304607391357,0.0019580016378313303,0.9702679774261549,0.14934292332864557,-0.04438651378642639,-0.12630999469030998,0.004076765331275094,-0.06589864637390908,-0.04142653392242254,0.0017814608879779116,-0.0057275470970570615,0.0005667860385322757,-1.2024789441181409e-05,,,,,,,,,
0.0001,564,0.0016321325674653053,1.996631383895874,0.0018317956710234284,0.9702841904864544,0.14931202932706117,-0.04453280289727602,-0.12622819243263178,0.004074801198501326,-0.06588722930058197,-0.04140534309369233,0.0017799382724366227,-0.005721817138955729,0.000566129300686563,-1.2006253307566691e-05,,,,,,,,,
0.0001,565,0.001817775540985167,2.2309467792510986,0.0020408702548593283,0.9703002395706376,0.14929018596959778,-0.04470270217979823,-0.12614756106759772,0.0040726692891378796,-0.06587762026911627,-0.04138573168326646,0.00177852100504918,-0.005716375176079771,0.0005655114367294848,-1.1988828562850867e-05,,,,,,,,,
0.0001,566,0.001723168883472681,2.1976990699768066,0.001942938775755465,0.9703144475232974,0.14926145727475687,-0.04487236657851971,-0.12605782139031052,0.004070573892305641,-0.06586945868689355,-0.041366911780874656,0.0017771178310602449,-0.005711044078622432,0.0005648968798608459,-1.1971336600112293e-05,,,,,,,,,
0.0001,567,0.0017224029870703816,2.099119186401367,0.0019323149463161826,0.9703283786063185,0.14923499780074542,-0.045047763881858806,-0.1259680324122804,0.004068340894529349,-0.06586205384129261,-0.0413487286826739,0.0017757476003903217,-0.005705818112165506,0.0005642951769585934,-1.195416163145828e-05,,,,,,,,,
0.0001,568,0.0016975244507193565,2.114997148513794,0.001909024198539555,0.970347779910073,0.14922521782703377,-0.04523823724544425,-0.12589366224159632,0.004066298908589868,-0.06585208929597776,-0.04132760261369193,0.0017742702598917393,-0.00569998238590618,0.0005636422453844806,-1.1936015056839051e-05,,,,,,,,,
0.0001,569,0.0016998464707285166,2.033574342727661,0.0019032038981094956,0.9703680876676278,0.14921816823354983,-0.04542511775681864,-0.12582344565850262,0.0040642901158605745,-0.06584223140481765,-0.04130598365107056,0.0017728004945948548,-0.0056939950161432286,0.0005629841347850762,-1.191796549004811e-05,,,,,,,,,
0.0001,570,0.0017108380561694503,2.2095437049865723,0.0019317923579365015,0.9703856464462376,0.1492071021982909,-0.045614829922901744,-0.12574606814250083,0.0040622095050946916,-0.06583433899736643,-0.04128652334672392,0.0017714043673051736,-0.005688455568157796,0.0005623621525669228,-1.1900558313679142e-05,,,,,,,,,
0.0001,571,0.0017600487917661667,2.051974296569824,0.0019652461633086205,0.9704040650687527,0.14919997374782312,-0.04581220191070838,-0.12567029290064372,0.0040602311897674805,-0.06582635009329903,-0.04126680400338432,0.0017699876284201746,-0.0056828600503054764,0.0005617315594392485,-1.1882905944295365e-05,,,,,,,,,
0.0001,572,0.0016070258570834994,2.0488359928131104,0.0018119094893336296,0.9704247276928273,0.14920300090938265,-0.04602374087145857,-0.1256015060390945,0.00405824955511925,-0.06581747240460872,-0.0412463938893968,0.0017685663091806607,-0.0056771441096708656,0.0005610977840189251,-1.1865360512675057e-05,,,,,,,,,
0.0001,573,0.0017649716464802623,2.071803569793701,0.0019721519201993942,0.9704460496162028,0.14920593630387383,-0.04624008625072353,-0.1255311045782149,0.004056170151379192,-0.06580734533867712,-0.04122530379805274,0.0017671122227896161,-0.005671331321084358,0.0005604549609038151,-1.1847616482351166e-05,,,,,,,,,
0.0001,574,0.0016220180550590158,2.101900100708008,0.0018322080140933394,0.9704686541465156,0.149210100190015,-0.04644442645795159,-0.12546712453909967,0.004054155323520774,-0.06579546101857683,-0.04120310559546099,0.0017656070478289808,-0.005665363066048754,0.0005597964759170403,-1.1829508863631486e-05,,,,,,,,,
0.0001,575,0.0016257287934422493,2.0977797508239746,0.0018355067586526275,0.9704880177895887,0.14920368252740926,-0.046636687548242524,-0.12539374038327383,0.004052157394023905,-0.06578533903141451,-0.04118254077763045,0.001764148381083421,-0.005659706381068921,0.0005591602045809136,-1.1811719766678705e-05,,,,,,,,,
0.0001,576,0.0017298776656389236,2.1523988246917725,0.0019451174885034561,0.970503987348426,0.14918706293423292,-0.0468132157735851,-0.12531222160486735,0.0040500900605420975,-0.06577810178519959,-0.04116382521038859,0.001762777621911054,-0.0056543357798417284,0.0005585523242870482,-1.179460055842993e-05,,,,,,,,,
0.0001,577,0.0016206760192289948,2.218113899230957,0.001842487370595336,0.9705224276083662,0.14917744095854352,-0.04699431118394171,-0.12523771585714025,0.004047939140521908,-0.06576957453158917,-0.04114369931974058,0.001761367401222865,-0.005648660617292126,0.0005579242894730721,-1.1777194145902128e-05,,,,,,,,,
0.0001,578,0.0016791856614872813,2.1670548915863037,0.001895891153253615,0.9705423349415039,0.14916972170841863,-0.047172327006688865,-0.12516646395844538,0.004045914958213345,-0.06576082381213072,-0.04112238256927768,0.0017599069728024919,-0.005642679619104957,0.0005572673644336743,-1.1759163675140378e-05,,,,,,,,,
0.0001,579,0.0016004592180252075,2.0395236015319824,0.0018044115277007222,0.9705636870036437,0.1491640629393674,-0.04735600613885342,-0.12509609947312297,0.004044037127786067,-0.06575043772896616,-0.04109992172992917,0.0017583672690155124,-0.005636524676898921,0.0005565846690636084,-1.1740376237781513e-05,,,,,,,,,
0.0001,580,0.0017088257009163499,2.1572213172912598,0.0019245478324592113,0.9705840979583488,0.14915297644713207,-0.0475388805765155,-0.12501941216752196,0.004042186455439851,-0.06573974691964518,-0.0410775688234944,0.0017568203423617974,-0.005630443007814386,0.0005559039704261852,-1.1721555955252441e-05,,,,,,,,,
0.0001,581,0.001609108061529696,1.9751843214035034,0.0018066264456138015,0.9706070154435175,0.14915313401094796,-0.04774539563375025,-0.12494734680656903,0.004040332162016161,-0.06572803019893092,-0.04105442800678936,0.001755252275610321,-0.0056242192525898975,0.0005552148480729262,-1.1702653177877265e-05,,,,,,,,,
0.0001,582,0.001687056035734713,2.01247239112854,0.0018883033189922571,0.9706296984868537,0.14915428929266478,-0.04795073627198138,-0.12487635373677446,0.004038497784518582,-0.06571665883452728,-0.04103167934633755,0.0017536984784248333,-0.005618080876480897,0.0005545329638754964,-1.1683887128071095e-05,,,,,,,,,
0.0001,583,0.001649355050176382,2.043375253677368,0.001853692578151822,0.9706521955441896,0.14916004206162817,-0.04816202729983081,-0.1248078996552399,0.004036464851272788,-0.06570580042582026,-0.04100983732236113,0.001752190308617015,-0.005612144479324206,0.000553873293328715,-1.1665650420194086e-05,,,,,,,,,
0.0001,584,0.001651461934670806,1.9848694801330566,0.0018499488942325115,0.9706763392901382,0.14917308194991763,-0.048367198299761424,-0.12475021778603182,0.0040343860510456435,-0.0656947998115736,-0.04098746282934362,0.001750689890178376,-0.005606055164348731,0.0005532105028871795,-1.1647553495250754e-05,,,,,,,,,
0.0001,585,0.0016886487137526274,2.061307191848755,0.0018947793869301677,0.9707007195226509,0.14918671906776282,-0.048576536312304845,-0.12469183338123722,0.004032376051290525,-0.06568271234070237,-0.04096494082801066,0.0017491688601444192,-0.005600019370609831,0.0005525484612203851,-1.1629390879967005e-05,,,,,,,,,
0.0001,586,0.0015493507962673903,1.945907473564148,0.001743941567838192,0.9707259946317212,0.14920408736350751,-0.04878583517754814,-0.12463782441737614,0.004030498522619702,-0.06567011191413451,-0.0409420914301727,0.0017476332082095106,-0.005593940250155609,0.0005518818021093548,-1.1611132784537302e-05,,,,,,,,,
0.0001,587,0.001757348538376391,1.9475992918014526,0.0019521084614098072,0.9707504128953842,0.14921689512652173,-0.04899353770288654,-0.12457927978516709,0.004028597758701748,-0.06565622148017114,-0.04091940033394156,0.0017460799395264672,-0.005588014684677749,0.0005512223187562586,-1.1592881563678109e-05,,,,,,,,,
0.0001,588,0.001599603332579136,2.1080994606018066,0.0018104133196175098,0.970776427758122,0.149239922297747,-0.04920617278804009,-0.12453052135042623,0.004026658973470306,-0.06564259514221,-0.04089668405336387,0.0017445504534534058,-0.005582043243854253,0.000550568014428454,-1.1574913727892106e-05,,,,,,,,,
0.0001,589,0.001568782376125455,2.163335084915161,0.0017851159209385514,0.970805473495637,0.14926530480502195,-0.049392896710214004,-0.12449571502592972,0.004024785367633415,-0.06562669859438357,-0.040871265852179,0.0017429066346849496,-0.00557549453826485,0.0005498622318372087,-1.1555830684001369e-05,,,,,,,,,
0.0001,590,0.0016596409259364009,2.039808988571167,0.001863621873781085,0.9708325016317493,0.14928424751037586,-0.04958373109890055,-0.12445091297580763,0.004022945558519625,-0.06561143689271633,-0.040846887404729776,0.0017412836036792925,-0.0055691994213915965,0.0005491716743323629,-1.1536922559738021e-05,,,,,,,,,
0.0001,591,0.001675985287874937,2.0600321292877197,0.0018819884862750769,0.970860651814879,0.14930654900796836,-0.0497677973543663,-0.12441275420079305,0.0040210438893323016,-0.06559578412581502,-0.04082189733743605,0.0017396373185660976,-0.005562762855535967,0.0005484696980127175,-1.1517786046965553e-05,,,,,,,,,
0.0001,592,0.0015832106582820415,2.032104969024658,0.001786421169526875,0.9708890203181961,0.14932956964356026,-0.04994170706030083,-0.12437942689858393,0.004019097560189453,-0.06557980631768019,-0.04079679933722859,0.0017379993133245259,-0.005556312272213617,0.0005477715279646719,-1.1498829036867475e-05,,,,,,,,,
0.0001,593,0.0015546741196885705,2.07340669631958,0.00176201481372118,0.9709162478975046,0.14934994946739874,-0.05011844842094406,-0.12434116952208353,0.004017108683386272,-0.06556450906462803,-0.04077244607412591,0.0017363974224166305,-0.005550020978285833,0.000547088770196711,-1.1480246308941534e-05,,,,,,,,,
0.0001,594,0.0015717203496024013,2.072915554046631,0.0017790119163691998,0.9709415995265848,0.1493640076342877,-0.050298639093697896,-0.12429291641995753,0.0040151741227452175,-0.06555060339435685,-0.04074900664302619,0.001734842039723811,-0.005543881327861676,0.0005464209879235693,-1.1462042446234734e-05,,,,,,,,,
0.0001,595,0.0016313680680468678,2.0976290702819824,0.0018411310156807303,0.9709622318292185,0.1493605311784685,-0.05046210951960034,-0.12422880080379932,0.004013209386458537,-0.0655391152182599,-0.040727614339523675,0.0017333342222509553,-0.005538118237566273,0.0005457764176673971,-1.1444053222896035e-05,,,,,,,,,
0.0001,596,0.0015440061688423157,1.968976616859436,0.00174090382643044,0.9709813113226711,0.14935746491127716,-0.050627893985909896,-0.12416277478385322,0.004011164382954493,-0.06552989725202828,-0.04070785901854616,0.001731879255022504,-0.005532618930508271,0.0005451521267271258,-1.1426379465959565e-05,,,,,,,,,
0.0001,597,0.0015598676400259137,2.017953872680664,0.001761663006618619,0.9710021756893215,0.14936250988153818,-0.0508116862102748,-0.12409964518255326,0.004009092221369386,-0.06551923691532294,-0.040687560435236164,0.0017303938108197794,-0.005527084579783465,0.0005445230311489334,-1.1408561343042414e-05,,,,,,,,,
0.0001,598,0.0016104684909805655,2.187471628189087,0.0018292156746611,0.9710266800739831,0.14937918490974836,-0.051004743295668176,-0.12404728779357976,0.00400707558297223,-0.06550694121491149,-0.04066538741699095,0.0017288468841660646,-0.005521164748723809,0.0005438638597853126,-1.1390227627337118e-05,,,,,,,,,
0.0001,599,0.0014141530264168978,2.098128318786621,0.0016239657998085022,0.9710502917037049,0.1493908292810786,-0.05119073646823985,-0.12399113424740198,0.004005161240013744,-0.06549527020312071,-0.04064333312495085,0.001727316341088115,-0.005515229625882275,0.0005432064979606491,-1.1372014598536307e-05,,,,,,,,,
0.0001,600,0.0015693714376538992,2.027707815170288,0.0017721422482281923,0.9710720942595165,0.14939313526377415,-0.05137304979460021,-0.12392476312225549,0.004003416182427218,-0.06548393439010197,-0.04062165300034504,0.0017258051764331137,-0.005509368413319819,0.0005425568110770804,-1.135401238989776e-05,,,,,,,,,
0.0001,601,0.001638987916521728,2.0734267234802246,0.0018463305896148086,0.9710948794371855,0.14939949366128186,-0.05156221389848162,-0.12386070913202592,0.004001660261608267,-0.0654714914053816,-0.040599609501596315,0.0017242652964786528,-0.005503496369078533,0.0005419031307282266,-1.1335834497790657e-05,,,,,,,,,
0.0001,602,0.0015782087575644255,2.13570499420166,0.0017917793011292815,0.9711208595377447,0.14941331047097564,-0.05174211314133456,-0.12381023749646883,0.00399990071971184,-0.06545713372464505,-0.04057549369090385,0.0017226579443788356,-0.005497200615047701,0.0005412172530655118,-1.1317110459248705e-05,,,,,,,,,
0.0001,603,0.0015801485860720277,2.1137568950653076,0.0017915242351591587,0.9711438532792004,0.14941578682973827,-0.05191004635945072,-0.12375064522347287,0.0039979930153953925,-0.06544306045498784,-0.04055263709753831,0.0017210881159525455,-0.005491230448539362,0.0005405572705292549,-1.1298843197724993e-05,,,,,,,,,
0.0001,604,0.0016146417474374175,2.0547735691070557,0.001820119097828865,0.9711716299618779,0.14942924911872,-0.052074473719356106,-0.12370703871636642,0.003996283263314248,-0.06542621417730723,-0.04052664685191063,0.001719383871737987,-0.005484607195513302,0.0005398381971863577,-1.1279294974563176e-05,,,,,,,,,
0.0001,605,0.001598151633515954,2.0710747241973877,0.0018052591476589441,0.9711945870257355,0.1494275842107323,-0.05221399034728492,-0.12365360903623457,0.003994387025743138,-0.06541278591134776,-0.040503182236464375,0.0017178092867897005,-0.005478398732070691,0.0005391646119089735,-1.1260874180964769e-05,,,,,,,,,
0.0001,606,0.001549447188153863,2.056765079498291,0.0017551237251609564,0.9712158691221581,0.14941802546978442,-0.052336651887661935,-0.12359757874191406,0.003992396941914132,-0.06539937288169613,-0.04048018533031098,0.0017162461527277018,-0.005472307505622482,0.0005385012598863824,-1.1242611502488062e-05,,,,,,,,,
0.0001,607,0.0015484776813536882,1.969884991645813,0.0017454661428928375,0.9712407042229547,0.1494194896516393,-0.05247013113197219,-0.12355096488948993,0.0039905218272949594,-0.06538443114249312,-0.04045530679369479,0.001714609204491018,-0.005465823152948484,0.0005378032770320221,-1.1223652200866482e-05,,,,,,,,,
0.0001,608,0.0015257324557751417,1.9242262840270996,0.0017181551083922386,0.9712679454468434,0.1494397463948992,-0.05264739445661703,-0.1235083813727989,0.0039887520256790205,-0.0653692608586728,-0.04043091755295419,0.0017130011477212756,-0.00545949872682663,0.0005371220792114382,-1.1205129052551615e-05,,,,,,,,,
0.0001,609,0.0015845808666199446,1.974367618560791,0.0017820176435634494,0.9712955091069053,0.14946243984399568,-0.05284412703852171,-0.12346054732698768,0.003986950539635175,-0.06535332875946144,-0.040406582278670465,0.001711379878390432,-0.005453266688553624,0.0005364435021024477,-1.1186572295225372e-05,,,,,,,,,
0.0001,610,0.0016420027241110802,1.9140641689300537,0.001833409070968628,0.9713246263172305,0.14949101328652417,-0.053047566857847,-0.12341716267322432,0.003985067277591683,-0.06533638598516463,-0.040381592211376736,0.0017097353549520504,-0.005446923147704422,0.0005357578740313131,-1.1167896378676981e-05,,,,,,,,,
0.0001,611,0.0014904274139553308,1.9034380912780762,0.0016807712381705642,0.9713590861933219,0.14953490537092373,-0.05324385577035032,-0.12339659193824391,0.003983289026794969,-0.06531664480899806,-0.0403535800224984,0.0017079833693500468,-0.005439960926846725,0.0005350229516230657,-1.1148300033521603e-05,,,,,,,,,
0.0001,612,0.0014951896155253053,2.1624035835266113,0.0017114300280809402,0.9713957774827938,0.14958558784387593,-0.0534584525702099,-0.12337725372183633,0.003981689415820358,-0.06529458263527342,-0.0403243661805138,0.00170616954896209,-0.005432871911630954,0.0005342718057620976,-1.1128305727117893e-05,,,,,,,,,
0.0001,613,0.0014684353955090046,2.0892417430877686,0.001677359570749104,0.9714282440910046,0.14961764392903704,-0.05364014823916836,-0.12334800605610326,0.00398009523646196,-0.06527489732556886,-0.04029652668429744,0.0017044076979811308,-0.005425980415264444,0.0005335357601917387,-1.1108597861152044e-05,,,,,,,,,
0.0001,614,0.0015003830194473267,1.9900346994400024,0.0016993865137919784,0.9714603640030867,0.1496484823901834,-0.05381574997840809,-0.1233193746496566,0.003978498341295455,-0.06525577068048438,-0.04026884908745168,0.0017026213597202643,-0.005419101024891922,0.000532791228507649,-1.1088482104002681e-05,,,,,,,,,
0.0001,615,0.0015661995857954025,2.010878801345825,0.0017672874964773655,0.9714911066076067,0.14967122438520103,-0.0539654797019683,-0.12329222226549733,0.003976847129966824,-0.06523619710370383,-0.04024130460786619,0.0017008115911843786,-0.005412298093428791,0.000532045636059343,-1.1068146360597044e-05,,,,,,,,,
0.0001,616,0.0015154846478253603,1.9890457391738892,0.001714389189146459,0.971524539544272,0.14970184868031716,-0.05411248216362013,-0.12327632277590791,0.003975171476365237,-0.06521538430722053,-0.040212267056307364,0.0016989667653197046,-0.005405163840024963,0.0005312802010804016,-1.1047576117952946e-05,,,,,,,,,
0.0001,617,0.0015551388496533036,2.060234546661377,0.0017611623043194413,0.9715596928064943,0.14974472017211582,-0.054285426236151686,-0.12326329505459317,0.003973333176033727,-0.06519534856243607,-0.040183402197410505,0.0016971603439659645,-0.005398000277372534,0.0005305224410425551,-1.102738779589266e-05,,,,,,,,,
0.0001,618,0.0015731360763311386,2.0448403358459473,0.001777620054781437,0.971597555025608,0.14979996653012606,-0.054475834354236925,-0.12325730501432926,0.003971500910831344,-0.06517542962934492,-0.04015372784166063,0.001695331549342093,-0.005390609886622244,0.0005297470224004011,-1.1006900048094666e-05,,,,,,,,,
0.0001,619,0.0014680286403745413,1.9278111457824707,0.0016608097357675433,0.9716351133391796,0.14985319523722385,-0.054654794061886974,-0.12325290492302428,0.003969814695753787,-0.06515695814549674,-0.04012404629038317,0.0016935126200971773,-0.005383115639186696,0.0005289635544297817,-1.0986308417897876e-05,,,,,,,,,
0.0001,620,0.0014274460263550282,1.9783471822738647,0.0016252807108685374,0.9716705949037572,0.14990217939555786,-0.05484661583247656,-0.1232368452060204,0.003968071750462455,-0.06513946686411838,-0.040095807442385986,0.001691756758810584,-0.005375945704958485,0.0005282103494382759,-1.096638667640509e-05,,,,,,,,,
0.0001,621,0.0015165763907134533,1.9980847835540771,0.0017163848970085382,0.9717012426694327,0.14993660583695595,-0.05502611055322825,-0.12320663617580054,0.003966231639592208,-0.06512506347445839,-0.04007019136419259,0.0016901235100910087,-0.005369258736174598,0.0005275038180722897,-1.094754958937033e-05,,,,,,,,,
0.0001,622,0.0015099243028089404,1.8808903694152832,0.0016980133950710297,0.9717286353444028,0.1499617634480328,-0.0551993417059607,-0.12316669024885536,0.003964314580825617,-0.06511251383558325,-0.040046424536587875,0.001688570065240484,-0.005362945778889153,0.0005268311687633318,-1.092945190058583e-05,,,,,,,,,
0.0001,623,0.0015432672807946801,1.9740561246871948,0.0017406728584319353,0.9717559617810354,0.14998962495325605,-0.05538383858172777,-0.12312457508922202,0.003962438560937075,-0.06510022321394109,-0.04002314700485877,0.0016870359988129073,-0.005356762164592095,0.0005261689399028521,-1.0911575725739939e-05,,,,,,,,,
0.0001,624,0.0015259291976690292,1.9224398136138916,0.0017181731527671218,0.971781170444387,0.15001425531775311,-0.0555666303750896,-0.12307833099236973,0.003960494645845877,-0.06508917689077096,-0.04000151005341845,0.0016855502022752203,-0.0053509340842237095,0.0005255334173414664,-1.0894125010424415e-05,,,,,,,,,
0.0001,625,0.0014309374382719398,2.0585005283355713,0.0016367875505238771,0.9718056600019496,0.15004183197075194,-0.05576731248460641,-0.12302631870859662,0.0039584315369544576,-0.0650799436882315,-0.03998106396179302,0.0016841436811041396,-0.005345281222189346,0.000524923165927588,-1.0877409110312145e-05,,,,,,,,,
0.0001,626,0.0014035642379894853,1.9681957960128784,0.0016003837808966637,0.9718300403165389,0.1500678468571069,-0.05596520643641466,-0.12297327110922235,0.003956379291295463,-0.06507081713984679,-0.03996048475290731,0.0016827218333621816,-0.005339579617600246,0.0005243063003368312,-1.0860486209243449e-05,,,,,,,,,
0.0001,627,0.001630023936741054,1.9810712337493896,0.0018281310331076384,0.9718504315444362,0.15007964276492386,-0.05614988164988228,-0.12290784902337694,0.003954260357459636,-0.06506300599270397,-0.03994172241473616,0.0016813611157362512,-0.005334274643603615,0.00052372132007046,-1.0844146882826817e-05,,,,,,,,,
0.0001,628,0.001362579525448382,1.9637751579284668,0.0015589570393785834,0.9718720107976963,0.15009810722170447,-0.056337371119258545,-0.1228488360341102,0.003952039731698051,-0.06505545894156335,-0.0399228017749582,0.0016800040976274293,-0.0053288791932308704,0.0005231342182756562,-1.0827819014027701e-05,,,,,,,,,
0.0001,629,0.001450157375074923,2.0137901306152344,0.0016515364404767752,0.9718895058103838,0.15010461749476042,-0.05652321205232975,-0.12277462609084057,0.003949762073966233,-0.06504981135013109,-0.039906147726368704,0.0016787399197812777,-0.005323959062411511,0.0005225891102642409,-1.081238560323587e-05,,,,,,,,,
0.0001,630,0.0015218366170302033,2.0424180030822754,0.0017260784516111016,0.971907021592495,0.15011236371586842,-0.05671028395050473,-0.12270079822832851,0.003947456956396897,-0.06504460561162562,-0.03988966637044119,0.001677483845639268,-0.005319044028852779,0.0005220455622002026,-1.0796995731390595e-05,,,,,,,,,
0.0001,631,0.001412184676155448,2.0609021186828613,0.0016182748368009925,0.9719226500039749,0.15011211912921357,-0.056878869623622895,-0.12262497368572847,0.003945106273602666,-0.0650402581851274,-0.03987384700305125,0.0016762304140094785,-0.005314255471073332,0.0005215052588267083,-1.0781503504828856e-05,,,,,,,,,
0.0001,632,0.001459050108678639,1.9429395198822021,0.001653344021178782,0.9719381927948042,0.1501050101143238,-0.05703696817000883,-0.12254585831853901,0.003942928195501413,-0.06503495595000573,-0.03985703825061873,0.0016749165569335867,-0.005309293287853807,0.0005209418058341397,-1.0765399441491854e-05,,,,,,,,,
0.0001,633,0.0014642021851614118,2.052805185317993,0.00166948267724365,0.971956192027901,0.15011231877933706,-0.05720922064023826,-0.12247772469183338,0.003940827970565873,-0.06502932359488128,-0.03983999564353978,0.0016735960054934038,-0.005304292556600798,0.0005203762937110334,-1.074927246291982e-05,,,,,,,,,
0.0001,634,0.0013798278523609042,1.8987873792648315,0.001569706597365439,0.9719682770491705,0.15009564599815134,-0.057345248808756355,-0.1223955896541405,0.0039385113862512,-0.06502607826131544,-0.03982519444330276,0.0016723739316752942,-0.005299714260822178,0.0005198507474397255,-1.0734030012419896e-05,,,,,,,,,
0.0001,635,0.0015181521885097027,2.1213669776916504,0.0017302888445556164,0.9719831195421021,0.1500919771066655,-0.057512616565870776,-0.12231553757283568,0.003936241272430789,-0.06502083697142505,-0.03980963411490578,0.0016711264897398706,-0.005295099647061596,0.0005193230484410375,-1.0718808185631497e-05,,,,,,,,,
0.0001,636,0.0015709513099864125,2.1097004413604736,0.0017819213680922985,0.9720007390643073,0.15009490334461342,-0.057669710331553624,-0.12224840228617405,0.0039340128010013405,-0.06501515890737715,-0.03979229289343216,0.0016698378246138117,-0.005290007802274895,0.0005187634953169112,-1.0703134164871865e-05,,,,,,,,,
0.0001,637,0.001463427790440619,1.9212299585342407,0.0016555507900193334,0.9720208937471801,0.15010827680307773,-0.057839026754274034,-0.1221884649079777,0.003931703157085161,-0.06500876981563092,-0.03977401985113662,0.001668505822287341,-0.005284704102593421,0.0005181853476200512,-1.0687026282329025e-05,,,,,,,,,
0.0001,638,0.0014624660834670067,1.892911672592163,0.0016517572803422809,0.9720430189482305,0.15012675582767923,-0.058007729869292556,-0.12213535568267478,0.003929491885773719,-0.06500141575772271,-0.03975454875349861,0.001667132068267791,-0.005279165928923146,0.0005175871078009756,-1.0670552519866891e-05,,,,,,,,,
0.0001,639,0.0014198186108842492,1.9935649633407593,0.0016191750764846802,0.9720642206007538,0.15014054749298533,-0.05816747260228354,-0.12208039767951263,0.003927326783200086,-0.06499424453550835,-0.039735279130632906,0.0016657736408191182,-0.00527367171912577,0.0005169946709861425,-1.0654256732396813e-05,,,,,,,,,
0.0001,640,0.001384118921123445,1.967551827430725,0.0015808740863576531,0.9720862613183473,0.15015482574249883,-0.05833348325299379,-0.12202327044366232,0.003925182501821933,-0.06498622008005603,-0.03971523598855209,0.0016643801560416573,-0.00526803223740055,0.0005163885690322869,-1.0637664574553698e-05,,,,,,,,,
0.0001,641,0.0014178795972838998,2.0244834423065186,0.0016203279374167323,0.9721066824159773,0.15016447882173684,-0.05849156005087966,-0.12196357956918052,0.003922976662126705,-0.06497897267630257,-0.03969611027623803,0.0016630217285929845,-0.0052625724341124015,0.0005157989089237848,-1.0621402396094997e-05,,,,,,,,,
0.0001,642,0.0014403588138520718,1.8642523288726807,0.0016267839819192886,0.9721290486913572,0.15017996116345014,-0.05866354718940828,-0.12190503493697147,0.003920788324305939,-0.06497006451499664,-0.03967592682136936,0.0016616074560527245,-0.005256963535950938,0.000515191933399398,-1.060470788353542e-05,,,,,,,,,
0.0001,643,0.0014534029178321362,2.028266429901123,0.0016562296077609062,0.9721524647670635,0.1502017393018299,-0.05883261567922793,-0.12185504398365779,0.0039184608767588395,-0.06496181151492698,-0.03965566781346107,0.001660222779649331,-0.005251273081619458,0.0005145884833560833,-1.0588297519890199e-05,,,,,,,,,
0.0001,644,0.001393174403347075,2.034196138381958,0.0015965939965099096,0.9721769542633004,0.1502287688478976,-0.05900840010586822,-0.12180801107491888,0.003916218524532404,-0.064953588987473,-0.039635142571032234,0.0016588356369011987,-0.005245512221375578,0.0005139807590569557,-1.0571856602598274e-05,,,,,,,,,
0.0001,645,0.0014333308208733797,1.9219083786010742,0.0016255216905847192,0.9721970775096408,0.15024063606985538,-0.05916159654033908,-0.12175117964352605,0.003913840985413566,-0.06494871336897032,-0.03961666805396438,0.0016575291788595234,-0.005240039674935864,0.0005133988674863909,-1.0555910654382968e-05,,,,,,,,,
0.0001,646,0.0013603308470919728,1.91058349609375,0.0015513892285525799,0.9722177619298363,0.15025478526979127,-0.05932183948883161,-0.12169374427803252,0.003911540394191074,-0.06494340605507938,-0.039597981268832856,0.0016562031662274187,-0.005234536544932393,0.0005128126704610656,-1.0539793605746115e-05,,,,,,,,,
0.0001,647,0.0015139203751459718,2.082376718521118,0.0017221580492332578,0.9722382868566337,0.15026951452127293,-0.059495696998365974,-0.12163056537598965,0.0039092696768577495,-0.06493727090179684,-0.03957954632716671,0.0016548604176845859,-0.005229186651326495,0.0005122309036862912,-1.0523607811404174e-05,,,,,,,,,
0.0001,648,0.0013055101735517383,1.9290953874588013,0.0014984196750447154,0.9722632630977572,0.15029119626487894,-0.059661755495776375,-0.12158140021011976,0.003907203852158224,-0.06492768726417751,-0.039557689912135124,0.001653387481373037,-0.00522318175973014,0.0005115927292143646,-1.0506335834921876e-05,,,,,,,,,
0.0001,649,0.0014088439056649804,2.021543264389038,0.001610998180694878,0.9722889410774099,0.15031896179173482,-0.059843272827034284,-0.12153148320792045,0.003905200491045143,-0.06491889083579559,-0.039536074547277554,0.0016519226487656303,-0.005217196620018712,0.0005109543987477004,-1.0489048581616222e-05,,,,,,,,,
0.0001,650,0.0013883709907531738,1.9769787788391113,0.0015860688872635365,0.9723126868081743,0.15033714002488283,-0.0600002926478169,-0.12148157853090688,0.0039031413049876547,-0.06490996743818182,-0.03951491609842146,0.0016504655675274027,-0.005211351017816924,0.0005103255527610883,-1.0471892708991402e-05,,,,,,,,,
0.0001,651,0.001338766422122717,1.9747034311294556,0.0015362367266789079,0.9723368810569663,0.15035340483436557,-0.060147651784869825,-0.1214339909888102,0.0039012130812321813,-0.06490083073225858,-0.03949300211916922,0.0016489635635814316,-0.005205321595653806,0.000509676177866995,-1.0454208258278585e-05,,,,,,,,,
0.0001,652,0.0013604657724499702,2.0022478103637695,0.0015606905799359083,0.9723583532392732,0.1503581601757698,-0.0602874815911996,-0.12137463289434308,0.00389932257703374,-0.06489365951004422,-0.039472041547321646,0.001647504368333428,-0.005199407817591144,0.0005090370986255898,-1.0436763653692402e-05,,,,,,,,,
0.0001,653,0.001431655022315681,1.9252537488937378,0.0016241803532466292,0.9723750096070352,0.1503478439033271,-0.06041330536348634,-0.12130131036444589,0.0038972842121717333,-0.06489032275863145,-0.03945359941012792,0.0016461501689043075,-0.005193880475599699,0.000508433118200167,-1.042004240669196e-05,,,,,,,,,
0.0001,654,0.0013321348233148456,1.908285140991211,0.0015229632845148444,0.972391747486174,0.1503386456481326,-0.060551852008312174,-0.1212230577602574,0.0038951924364169694,-0.06488658478444606,-0.03943525081479276,0.0016448077726964373,-0.005188407929159984,0.0005078368439147864,-1.0403552603565305e-05,,,,,,,,,
0.0001,655,0.0014116924721747637,1.9087152481079102,0.0016025640070438385,0.9724076573142583,0.15032542565043322,-0.06068630993512544,-0.12114119387665052,0.003893120878344775,-0.06488370512226792,-0.039417110889757495,0.0016434752418675227,-0.005182945895820312,0.0005072398520536124,-1.038706050891515e-05,,,,,,,,,
0.0001,656,0.001430395059287548,1.8633532524108887,0.0016167303547263145,0.9724251739431459,0.15031971249302825,-0.06084127669750175,-0.12105861513227142,0.0038911498051725133,-0.06487994683300544,-0.039398517646484534,0.0016421090630496706,-0.005177442128659262,0.0005066342804818649,-1.0370291903762313e-05,,,,,,,,,
0.0001,657,0.0014176826225593686,2.0381722450256348,0.001621499890461564,0.9724491884020123,0.1503397038166055,-0.06104119760951623,-0.12098673464910442,0.0038893425857559985,-0.0648730803369475,-0.039377366393156026,0.0016406456397821147,-0.005171496174138897,0.0005059907397909616,-1.0352805287911912e-05,,,,,,,,,
0.0001,658,0.0013319161953404546,1.917597770690918,0.001523675979115069,0.9724769786360784,0.15036854285306592,-0.06124174922803264,-0.12092719167685138,0.0038876651216156735,-0.06486247078793489,-0.03935377585597708,0.0016390576661052458,-0.005165179075329193,0.0005053077948293154,-1.03343539406668e-05,,,,,,,,,
0.0001,659,0.0013672641944140196,1.9955676794052124,0.0015668210107833147,0.9725022434587609,0.1503883241152281,-0.06143375368602279,-0.12085985918721809,0.003885908899040266,-0.06485278557493009,-0.03933132580991995,0.0016375116202889377,-0.0051591047335568085,0.0005046446923983047,-1.0316296735464184e-05,,,,,,,,,
0.0001,660,0.001327958540059626,1.8450294733047485,0.0015124614583328366,0.9725268262763105,0.15040647669101959,-0.061631256164829826,-0.12078696803882137,0.0038841741011732523,-0.0648438113896236,-0.039309311093281556,0.0016359891809151301,-0.005153096019014984,0.0005039894521020739,-1.0298442712012156e-05,,,,,,,,,
0.0001,661,0.0013931458815932274,1.9875779151916504,0.0015919036231935024,0.9725508450584341,0.1504189656335504,-0.06182353465392081,-0.1207097260998626,0.003882501163379771,-0.06483410078277242,-0.03928697977342953,0.0016344473631183744,-0.00514706914548218,0.0005033299999479252,-1.028047182086148e-05,,,,,,,,,
0.0001,662,0.0014363876543939114,2.0229949951171875,0.0016386870993301272,0.9725744899742035,0.15042550278830055,-0.0619987318710593,-0.12063361807799082,0.0038808701697337095,-0.06482415655253466,-0.03926409439795366,0.0016328787678644538,-0.005140913247539776,0.0005026576938273902,-1.0262212197749443e-05,,,,,,,,,
0.0001,663,0.0013941980432718992,1.8704980611801147,0.0015812478959560394,0.9726027866848944,0.15044735640299922,-0.06219249360785485,-0.12056765368397336,0.0038793918648545134,-0.06481256172228299,-0.03923889566036005,0.0016312400579529566,-0.005134249216428708,0.0005019477617761221,-1.0243344557067978e-05,,,,,,,,,
0.0001,664,0.001386303803883493,1.8812001943588257,0.0015744238626211882,0.9726328578536597,0.1504835340942183,-0.06241586810234141,-0.12050396944931563,0.0038779896026022937,-0.06480081960772237,-0.03921414304547654,0.0016296473277540914,-0.005127714209727237,0.0005012580778418074,-1.0225097155414623e-05,,,,,,,,,
0.0001,665,0.0013692501233890653,2.031660318374634,0.0015724161639809608,0.9726644079250493,0.15052246480498246,-0.06263339225030999,-0.12044708871717988,0.003876595789530849,-0.06478768083161149,-0.03918832549251084,0.001628022182738658,-0.005121005896164478,0.000500556101522162,-1.020667559797505e-05,,,,,,,,,
0.0001,666,0.0013538874918594956,1.88465416431427,0.0015423528384417295,0.972691989811095,0.1505431671627697,-0.06283194735652027,-0.12037571356662774,0.003875210123883723,-0.0647767411625961,-0.03916367001724969,0.0016264252245202404,-0.005114463243572069,0.0004998613633583459,-1.0188273900405835e-05,,,,,,,,,
0.0001,667,0.0013550713192671537,1.9604225158691406,0.0015511135570704937,0.9727238198882139,0.15057221949270028,-0.06302928454672681,-0.1203170949833043,0.0038739110623395427,-0.06476206351939533,-0.03913602120251427,0.0016246989593705135,-0.00510739525455638,0.0004991187972079511,-1.0168845600307335e-05,,,,,,,,,
0.0001,668,0.0013513374142348766,1.9787033796310425,0.001549207721836865,0.9727535068012684,0.15059297345522574,-0.06321494279239745,-0.12025307796863191,0.0038725531582863926,-0.0647488587192839,-0.03910924304661631,0.0016230024665251344,-0.005100447688322983,0.0004983862147207692,-1.01495761791717e-05,,,,,,,,,
0.0001,669,0.001306352554820478,1.8344223499298096,0.0014897948130965233,0.9727793399818749,0.15059955725271978,-0.06338344582121536,-0.12017928708167704,0.0038712260333917804,-0.06473700995056854,-0.03908414504640885,0.0016213609379339357,-0.0050938531073879455,0.0004976809625116322,-1.0130793324859841e-05,,,,,,,,,
0.0001,670,0.0013660730328410864,1.9008963108062744,0.0015561627224087715,0.9728053499217886,0.1506050726363776,-0.06353742520168863,-0.12011199156760093,0.003869839462475286,-0.06472435873630794,-0.03905870166087743,0.0016197266322094724,-0.005087215836895163,0.0004969796725688327,-1.0112244205945275e-05,,,,,,,,,
0.0001,671,0.0012685474939644337,1.7820197343826294,0.0014467494329437613,0.9728298121096797,0.15060233636985504,-0.06368264863603498,-0.12003895251697548,0.0038684649618170417,-0.06471132661435182,-0.03903353170539415,0.0016181113525729947,-0.0050806868831906864,0.0004962899886345179,-1.009401284495644e-05,,,,,,,,,
0.0001,672,0.0013363211182877421,1.9585469961166382,0.001532175811007619,0.9728555343597457,0.1506054038367814,-0.06383290467329682,-0.11997085586582704,0.0038671462861032046,-0.06469726350223315,-0.03900799477800416,0.0016164856790551172,-0.0050741537879619505,0.0004956004606949409,-1.007582502291416e-05,,,,,,,,,
0.0001,673,0.0013244430301710963,1.9020516872406006,0.0015146482037380338,0.9728826660132133,0.1506139231909279,-0.06399670567640027,-0.11990266061319278,0.003865807694463255,-0.06468226081779886,-0.03898188580617137,0.0016148068029578728,-0.005067544870981401,0.0004948956764700169,-1.0057126954971908e-05,,,,,,,,,
0.0001,674,0.001298612216487527,2.028480291366577,0.0015014602104201913,0.9729093033682972,0.15062226314986266,-0.06414081993724323,-0.11984421458246955,0.0038643143017612455,-0.06466780664044613,-0.038956251739159016,0.0016131612225146032,-0.005061004129861726,0.0004942032782272662,-1.0038773379396253e-05,,,,,,,,,
0.0001,675,0.0012474209070205688,1.9561529159545898,0.0014430361334234476,0.9729281765707057,0.15060216728102507,-0.06423946243414641,-0.11977121250740128,0.003862614809399614,-0.06465885277021673,-0.03893402475445694,0.00161166679377033,-0.005054947947080322,0.0004935583335837236,-1.0021458627808566e-05,,,,,,,,,
0.0001,676,0.0013481287751346827,1.8695793151855469,0.0015350866597145796,0.9729452293471665,0.15057196047765206,-0.06432199364220008,-0.11969337895952754,0.0038609331206689015,-0.0646510974895359,-0.038912056808747826,0.0016101920957839677,-0.00504888698561708,0.0004929139505212367,-1.000421720497297e-05,,,,,,,,,
0.0001,677,0.0013517470797523856,1.9197250604629517,0.0015437195543199778,0.9729614596403643,0.15054047593506772,-0.06442341559741181,-0.11960382416002627,0.0038592773829934273,-0.06464302732516011,-0.03889072206946597,0.0016087205688122698,-0.005043040746257714,0.0004922808926767066,-9.987078900695005e-06,,,,,,,,,
0.0001,678,0.0012525510974228382,1.9203027486801147,0.0014445814304053783,0.9729761515129024,0.1505032108146441,-0.06452022252090936,-0.1195091174328906,0.0038575398693183076,-0.0646353482260184,-0.03887004212319411,0.0016072574978796765,-0.005037346468980763,0.0004916563521448551,-9.969995592981108e-06,,,,,,,,,
0.0001,679,0.0014147077454254031,1.8665035963058472,0.0016013580607250333,0.972987920665725,0.1504568614363023,-0.06461191419719117,-0.11940461218310099,0.003855711225193398,-0.06462945177489172,-0.038850902019824884,0.0016058647177721408,-0.0050319191607291055,0.0004910587675036779,-9.953523358201309e-06,,,,,,,,,
0.0001,680,0.0012336722575128078,1.8750053644180298,0.0014211727539077401,0.9730030772240228,0.1504244597000918,-0.06471611996041146,-0.11931168028271018,0.003853937500743528,-0.06462187425113547,-0.038830517090183904,0.0016044197920901263,-0.005026272351691736,0.0004904430250750325,-9.936673785884706e-06,,,,,,,,,
0.0001,681,0.00129425257910043,1.986376404762268,0.0014928901800885797,0.9730148724236961,0.15038123746442159,-0.06481043885550136,-0.1192092826396801,0.003852075059895518,-0.06461618095077974,-0.038811844696107545,0.0016030472712429457,-0.005020943165707131,0.0004898564224633891,-9.92044827180205e-06,,,,,,,,,
0.0001,682,0.0013150149025022984,1.8442388772964478,0.0014994387747719884,0.973026546334101,0.15033709908406218,-0.06489404878915835,-0.11911081673089732,0.0038501914960955706,-0.06461159990089493,-0.03879315431321222,0.00160166752752903,-0.005015523503346413,0.0004892603977695889,-9.903966107087073e-06,,,,,,,,,
0.0001,683,0.0012946809874847531,1.9796555042266846,0.0014926465228199959,0.9730449613252516,0.15031362965759287,-0.06500893741561146,-0.11902341883889848,0.0038485701586561095,-0.06460307264728452,-0.038770869764289485,0.0016001577722138795,-0.005009465727671063,0.0004886101181060169,-9.886491712695353e-06,,,,,,,,,
0.0001,684,0.0013024667277932167,1.93541419506073,0.0014960081316530704,0.9730624818490653,0.1502858922839573,-0.06511477866603678,-0.1189352567853845,0.0038468220835050208,-0.06459482472598414,-0.038748826265540756,0.0015986453743865087,-0.005003444907135252,0.00048796055601823846,-9.868955447169056e-06,,,,,,,,,
0.0001,685,0.0012471141526475549,1.8883322477340698,0.001435947371646762,0.9730813563514881,0.15026251183178568,-0.0652122902409365,-0.11885647419820969,0.003844990723572005,-0.06458760271607705,-0.03872609559390791,0.0015971523549820864,-0.004997131631271017,0.0004873016030472504,-9.851512370265208e-06,,,,,,,,,
0.0001,686,0.0012563567142933607,1.856162428855896,0.0014419729122892022,0.9730998425913393,0.15023854322074662,-0.06529402545388771,-0.11878504974691463,0.0038431376371741398,-0.06458119330925374,-0.038703667134433524,0.0015957120096545868,-0.004990822496931041,0.000486655691236334,-9.834611620590372e-06,,,,,,,,,
0.0001,687,0.001281824428588152,1.9242157936096191,0.0014742460334673524,0.973117113154066,0.15020981993230803,-0.06536584335080846,-0.11871304601189035,0.003841232346909342,-0.06457464169689076,-0.038681727970834745,0.0015942954469370693,-0.004984655448731019,0.00048602378775286303,-9.818044669505789e-06,,,,,,,,,
0.0001,688,0.001303360564634204,1.9175195693969727,0.0014951125485822558,0.9731332921623288,0.15018299491364656,-0.06545125406027097,-0.11863495363511632,0.0038392926564085306,-0.06456974576331098,-0.03866119193511453,0.0015929294442866987,-0.004978741352089567,0.0004854126939674011,-9.801861166687353e-06,,,,,,,,,
0.0001,689,0.0012855028035119176,1.9204572439193726,0.0014775485033169389,0.9731501662103883,0.15016463436518138,-0.06553649513143298,-0.11856709116249672,0.0038371779471630917,-0.064565718299277,-0.0386412783125302,0.0015915942709455637,-0.004972908811618133,0.00048481289420094847,-9.785934314501238e-06,,,,,,,,,
0.0001,690,0.0012873634696006775,1.8499081134796143,0.0014723542844876647,0.9731664853090725,0.15014193795899278,-0.06561517685497481,-0.11849765106610391,0.003835075006419446,-0.06456098996508326,-0.03862124956150455,0.0015902370766692606,-0.004967087421404319,0.0004842107545134304,-9.76985393024043e-06,,,,,,,,,
0.0001,691,0.001262242323718965,1.9117200374603271,0.0014534143265336752,0.9731877236179471,0.1501405543748985,-0.06572326255060702,-0.11844038825321059,0.003833013708066764,-0.06455341244132701,-0.03859956943689873,0.0015887928556571713,-0.004961047167562371,0.00048358396765735593,-9.75314108549283e-06,,,,,,,,,
0.0001,692,0.0012802293058484793,1.8796368837356567,0.001468193018808961,0.9732094479961105,0.1501423717774215,-0.06584088278866854,-0.11838189292174443,0.0038309931468356764,-0.06454558097910708,-0.0385778965078205,0.0015873452874629367,-0.004955033037181132,0.00048295821036655026,-9.73644122604508e-06,,,,,,,,,
0.0001,693,0.001300170784816146,1.7746191024780273,0.0014776326715946198,0.9732285162934441,0.1501378168159433,-0.06596223941904154,-0.11831240352460871,0.0038289119325568815,-0.06453896334274355,-0.03855791812548793,0.0015859496886756995,-0.004949382723777081,0.00048236056332747796,-9.720208837391916e-06,,,,,,,,,
0.0001,694,0.0012905499897897243,1.8950570821762085,0.0014800557401031256,0.9732488302184612,0.15014388813876361,-0.06609987262686456,-0.11824705538987768,0.003826781833732173,-0.06453249806945822,-0.03853833909493618,0.0015845840383602915,-0.004943830532640085,0.00048177545826531663,-9.704336217928702e-06,,,,,,,,,
0.0001,695,0.0012459361460059881,1.8099989891052246,0.0014269360108301044,0.9732671023816064,0.15014033008346836,-0.06623557456788166,-0.11816976415017598,0.003824760367231717,-0.06452711457402818,-0.03851932131553586,0.0015832303674336151,-0.0049383646763549414,0.00048119303631264374,-9.688457487736148e-06,,,,,,,,,
0.0001,696,0.0012700343504548073,1.9046709537506104,0.0014605014584958553,0.9732843359774267,0.15013706154231046,-0.06638779231984952,-0.1180835248256356,0.003822693335506366,-0.06452138572228754,-0.03850140085409186,0.0015818973081022565,-0.004933226956222605,0.0004806327344137765,-9.672898806992827e-06,,,,,,,,,
0.0001,697,0.0012437977129593492,1.908604621887207,0.0014346581883728504,0.9733061356239775,0.1501472760918847,-0.0665516324702531,-0.11800894512679412,0.0038207352378617234,-0.06451328508529611,-0.038480961957994005,0.0015804474497307641,-0.00492760786353989,0.0004800252909051767,-9.65626845709133e-06,,,,,,,,,
0.0001,698,0.0012891421793028712,1.8235576152801514,0.0014714979333803058,0.9733249835053877,0.15014739055949894,-0.06671068360094196,-0.1179231248585685,0.0038188049018110562,-0.06450665221262475,-0.038461933385302315,0.0015790493845987883,-0.004922263385773407,0.0004794397802566974,-9.640064330561368e-06,,,,,,,,,
0.0001,699,0.001298332354053855,1.8214560747146606,0.0014804779784753919,0.9733449199398607,0.1501575079600644,-0.06687780342515562,-0.11784529131069477,0.0038168516322697136,-0.06449983142549028,-0.03844336532637589,0.001577678977761384,-0.00491703041058312,0.0004788696506893552,-9.624242888456385e-06,,,,,,,,,
0.0001,700,0.0012253944296389818,1.787693977355957,0.001404163776896894,0.9733638291354048,0.15016667766709735,-0.06704760701427752,-0.11776385880858839,0.0038148772397764335,-0.06449404670728762,-0.03842568951286969,0.001576340809573066,-0.004911949397475249,0.00047831318626103536,-9.608670458572048e-06,,,,,,,,,
0.0001,701,0.001315093133598566,1.9245296716690063,0.001507546054199338,0.9733840564372853,0.15017764750775997,-0.06721043803427801,-0.11768882307787495,0.0038129656126260542,-0.06448751541000174,-0.03840695955457266,0.0015749859054740203,-0.004906648246424088,0.0004777440238610669,-9.593018589206276e-06,,,,,,,,,
0.0001,702,0.0013081879587844014,2.023970127105713,0.0015105849597603083,0.9734053934852503,0.1501910981987004,-0.06737665312088888,-0.11761505684129155,0.003811156582670802,-0.06448042544809575,-0.03838749205469844,0.0015735964725486302,-0.004901198956235981,0.00047716016675680717,-9.57703750429726e-06,,,,,,,,,
0.0001,703,0.0012682192027568817,1.8479981422424316,0.001453018980100751,0.9734247945195821,0.1501906858511525,-0.06752538676314603,-0.11753326690879905,0.003809327938545893,-0.06447347261296016,-0.038367819482288124,0.0015721998167565051,-0.004895685313132468,0.00047657060024514764,-9.560960175401124e-06,,,,,,,,,
0.0001,704,0.0012557468144223094,1.7435853481292725,0.0014301053015515208,0.9734437565743277,0.1501890051617249,-0.06767853535091675,-0.1174471754864874,0.003807596761756354,-0.06446631154828435,-0.0383483915578156,0.0015707816685316554,-0.0048902726595051104,0.00047598003536716686,-9.544660568725208e-06,,,,,,,,,
0.0001,705,0.0012763524428009987,1.9552468061447144,0.001471877098083496,0.9734650067713655,0.15020157679690643,-0.06784615974033195,-0.11737053748162932,0.003805848083092353,-0.06445943489468786,-0.038328873689248304,0.0015693952304534485,-0.004884810307586649,0.00047539580387553665,-9.52871843971574e-06,,,,,,,,,
0.0001,706,0.001198980025947094,1.7681204080581665,0.0013757920823991299,0.9734872361489245,0.15021477881665662,-0.0679986993701008,-0.11730382125128244,0.0038040764709376764,-0.06445137488785062,-0.038308463575260784,0.001567941144062404,-0.004879190259167566,0.00047479082508379247,-9.512132392601967e-06,,,,,,,,,
0.0001,707,0.001217068638652563,1.8221851587295532,0.0013992871390655637,0.9735077773319397,0.15022210113417733,-0.06813491022601946,-0.11723841149062275,0.003802248732082136,-0.06444405638132733,-0.03828884496930733,0.0015665200009903713,-0.004873725995776369,0.00047420013541002155,-9.49584959043174e-06,,,,,,,,,
0.0001,708,0.0011858902871608734,1.7958259582519531,0.0013654729118570685,0.9735263720673112,0.1502230264177086,-0.06827166479443979,-0.11716360993843816,0.003800403491352133,-0.0644379567794297,-0.038270197759577504,0.0015651356769219404,-0.00486843153487978,0.0004736237036552763,-9.47984406260536e-06,,,,,,,,,
0.0001,709,0.0013023921055719256,1.8519103527069092,0.0014875831548124552,0.9735468055686165,0.15023171185452472,-0.06843282552963513,-0.1170852833831353,0.0037986792549610884,-0.06443006437197848,-0.03825089935460147,0.0015637101296628742,-0.004863107127577012,0.0004730401897394395,-9.463617784681536e-06,,,,,,,,,
0.0001,710,0.0012249993160367012,1.7724717855453491,0.0014022465329617262,0.973569119073273,0.1502421039575665,-0.06858262919809557,-0.11701653349714326,0.003796987910023776,-0.06442037408020442,-0.03822996396710043,0.0015622426545432472,-0.00485748676057914,0.0004724368332929674,-9.447163118248592e-06,,,,,,,,,
0.0001,711,0.0012746027205139399,1.910009741783142,0.0014656037092208862,0.9735929097873292,0.15026326304671184,-0.0687493184020079,-0.11695175232095573,0.0037952805719942816,-0.06441014543888733,-0.038209215663316545,0.0015607794074431725,-0.004851956232799804,0.0004718407774002196,-9.430850526272827e-06,,,,,,,,,
0.0001,712,0.0011728440877050161,1.813739538192749,0.0013542179949581623,0.9736143520144667,0.15027723190499603,-0.06891232775970893,-0.11687904605034494,0.003793487836887667,-0.0644009477877328,-0.038189722979095786,0.0015593513938393674,-0.004846676745106303,0.00047126350327389075,-9.41482513857609e-06,,,,,,,,,
0.0001,713,0.0012717321515083313,1.7807811498641968,0.0014498102245852351,0.9736336069487056,0.15028052577698384,-0.06906132238396688,-0.11679978278092673,0.003791661606814408,-0.06439326360982181,-0.03817077715497129,0.001557953681042354,-0.004841452690122113,0.0004706912209791683,-9.398955574477546e-06,,,,,,,,,
0.0001,714,0.0012327150907367468,1.8154079914093018,0.0014142559375613928,0.9736520920303874,0.15028582142188057,-0.06921072153032608,-0.11672196155823872,0.0037897376076493224,-0.06438674247007448,-0.038152925051039316,0.0015566014194555286,-0.004836435074193279,0.00047013778284875986,-9.383474041692156e-06,,,,,,,,,
0.0001,715,0.0012919656001031399,1.8102459907531738,0.0014729901449754834,0.9736780114331308,0.1503141573945781,-0.06937911146694364,-0.11666431666458782,0.0037880212169261406,-0.06437661032537359,-0.038131144189047346,0.0015551133327405837,-0.004830646816173534,0.0004695227579959079,-9.366890286101884e-06,,,,,,,,,
0.0001,716,0.0012876713881269097,1.8137013912200928,0.0014690415700897574,0.9737052492215239,0.15034449077827058,-0.06954696204075954,-0.11660995027034063,0.0037863057314723274,-0.06436532022127832,-0.03810834156213868,0.0015535803233178954,-0.004824673145298515,0.00046889107290506966,-9.349942178274657e-06,,,,,,,,,
0.0001,717,0.0011993680382147431,1.7156791687011719,0.0013709359336644411,0.9737297996200576,0.15036739337449276,-0.06970532156914627,-0.1165506784521736,0.0037844767855909622,-0.06435533536088638,-0.03808710036471539,0.0015521160192129325,-0.004819009451585321,0.0004682891828091319,-9.333645626963411e-06,,,,,,,,,
0.0001,718,0.0011558301048353314,1.8721511363983154,0.001343045150861144,0.9737563564281306,0.15040211186152358,-0.0698755209809694,-0.11649952893140146,0.003782659608211391,-0.06434496959279891,-0.03806567568133875,0.001550645725413604,-0.00481333014751146,0.00046768666873424336,-9.317343728763994e-06,,,,,,,,,
0.0001,719,0.0012437463738024235,1.8629568815231323,0.0014300420880317688,0.9737797400092728,0.15043029210268516,-0.07004940023900384,-0.11643601724934394,0.003780826437739638,-0.06433717876073317,-0.038046442036110954,0.0015492541784784379,-0.004808029952196666,0.00046711607118268806,-9.301626932898975e-06,,,,,,,,,
0.0001,720,0.001243554288521409,1.7133785486221313,0.001414892147295177,0.9738037471618762,0.15046030792456683,-0.07021104379090067,-0.11638234106549751,0.0037788918770985834,-0.06432872768866185,-0.038026866603322995,0.0015478506521545401,-0.00480265361655127,0.00046654366409217544,-9.28587347265791e-06,,,,,,,,,
0.0001,721,0.0011867622379213572,1.8191299438476562,0.0013686752645298839,0.9738290604264809,0.15050086118151346,-0.07040286991119026,-0.11632361155550253,0.003776936797018503,-0.06432059657905478,-0.03800761856704004,0.001546473198617882,-0.004797350554027374,0.000465980055104869,-9.27039499523719e-06,,,,,,,,,
0.0001,722,0.0012142014456912875,1.8380050659179688,0.0013980019139125943,0.9738544230564921,0.15054311695332315,-0.07060209922090262,-0.11626251560984772,0.003774887870680528,-0.06431199314390526,-0.03798858999434834,0.0015450916932291524,-0.004792143383719007,0.0004654216875407493,-9.254950890669014e-06,,,,,,,,,
0.0001,723,0.0011559539707377553,1.7854063510894775,0.0013344945618882775,0.9738771905306414,0.15057376190187804,-0.07078920156697768,-0.11619287831048326,0.0037727342348522317,-0.06430432420230209,-0.03797037451627346,0.0015437330896129985,-0.004787100281487043,0.00046487339723668493,-9.239658026652025e-06,,,,,,,,,
0.0001,724,0.0012122708139941096,1.8378045558929443,0.0013960512587800622,0.9739010854610108,0.15060677661343239,-0.07096775675252649,-0.11613128935739933,0.0037706008167065043,-0.06429651305515925,-0.03795138911674726,0.0015423374908257613,-0.004781865076245232,0.0004643069179462049,-9.223947341516347e-06,,,,,,,,,
0.0001,725,0.0012239695060998201,1.7334734201431274,0.0013973168097436428,0.9739192430054332,0.15061855420942544,-0.07112530288701073,-0.11605324628136822,0.0037683424713878875,-0.06429131747419234,-0.03793488977200079,0.0015410303281141607,-0.004777105509135596,0.00046377800218856273,-9.208931751843207e-06,,,,,,,,,
0.0001,726,0.0012247840641066432,1.8778587579727173,0.0014125698944553733,0.9739421909850215,0.15065137095638953,-0.07130512818496344,-0.11598995645265378,0.0037660316204458817,-0.06428363837505062,-0.037916836193296506,0.001539649527395357,-0.004772098087728015,0.0004632273719634329,-9.193398277858418e-06,,,,,,,,,
0.0001,727,0.001222624210640788,1.8265691995620728,0.001405281131155789,0.9739632300093103,0.15067524984384423,-0.07147017755197074,-0.11592280884080643,0.0037637880611936215,-0.06427784349930941,-0.03789931508363333,0.001538317348901405,-0.004767104046629577,0.00046268373030255197,-9.178190964052205e-06,,,,,,,,,
0.0001,728,0.0011949328472837806,1.8706457614898682,0.001381997368298471,0.973983177319238,0.15069465880020624,-0.07162276502843973,-0.1158567704956746,0.003761482943624285,-0.06427296788080673,-0.03788220052127856,0.0015370233987509056,-0.004762136447570638,0.0004621496043206707,-9.163323559565583e-06,,,,,,,,,
0.0001,729,0.0012130786199122667,1.7813684940338135,0.0013912154827266932,0.9739997893747387,0.15069615724699137,-0.07175515249804663,-0.1157798243611733,0.0037591304502913162,-0.06426786371768674,-0.03786565800336659,0.0015357352621272905,-0.0047573310051153665,0.00046162568039463485,-9.148571495095272e-06,,,,,,,,,
0.0001,730,0.0011913587804883718,1.8354493379592896,0.0013749037170782685,0.9740195267727154,0.1507128239947492,-0.07190820104271704,-0.11570995288328,0.003756771620072766,-0.06426212470840754,-0.03784832757518434,0.0015344117158399245,-0.004752364361792794,0.0004610869993664128,-9.133493270446387e-06,,,,,,,,,
0.0001,731,0.0011354716261848807,1.828885793685913,0.0013183602131903172,0.9740401276728284,0.15073478316281255,-0.07207290678342329,-0.11563916934164281,0.0037545265520382244,-0.0642569342062099,-0.03783095037607281,0.0015330788326760473,-0.004747354073176111,0.00046054182895710236,-9.118237070805446e-06,,,,,,,,,
0.0001,732,0.0010967652779072523,1.6781935691833496,0.001264584599994123,0.9740573289486644,0.15073512248384688,-0.07220324989402391,-0.1155611755663546,0.0037523288597673147,-0.0642521195329385,-0.03781362714341815,0.0015317316799461809,-0.00474234282882306,0.00045999119873197254,-9.102760884908228e-06,,,,,,,,,
0.0001,733,0.001201717765070498,1.7251390218734741,0.0013742316514253616,0.9740725629352018,0.1507319353048391,-0.07234571561856179,-0.11547019104530887,0.0037501323745222303,-0.0642483460073682,-0.037797743016279965,0.0015304400199729388,-0.004737650163259141,0.0004594663700364581,-9.087815568622508e-06,,,,,,,,,
0.0001,734,0.0011877573560923338,1.6970455646514893,0.0013574619079008698,0.9740917598154853,0.1507461743849701,-0.07251156533037155,-0.11538804368243025,0.0037480888798004674,-0.06424276951870576,-0.03778057448746833,0.0015291064321391362,-0.004732764757527798,0.0004589266906419147,-9.072640336145335e-06,,,,,,,,,
0.0001,735,0.0012198156910017133,1.7575078010559082,0.0013955665053799748,0.9741081097941029,0.15075124666493764,-0.07268374820540077,-0.11528908476621834,0.0037460266761784166,-0.06423813260235894,-0.03776485225970075,0.0015278168861756704,-0.004728205257897736,0.00045841022326434096,-9.057866884122332e-06,,,,,,,,,
0.0001,736,0.0011496753431856632,1.775564432144165,0.0013272317592054605,0.9741235306879014,0.1507504964218069,-0.07284792763240538,-0.11518734035803185,0.0037439394267704965,-0.0642332874564719,-0.037749158814043504,0.0015265215266853202,-0.0047236635986798664,0.0004578944422636131,-9.043065933817293e-06,,,,,,,,,
0.0001,737,0.0011955300578847528,1.7631096839904785,0.0013718410627916455,0.9741395436675343,0.15075536646872492,-0.07302361636564539,-0.11508522619427353,0.0037418814477388333,-0.06422862514627871,-0.037733745993961974,0.001525239379756071,-0.00471919043390166,0.00045738452666502265,-9.02840476644593e-06,,,,,,,,,
0.0001,738,0.0011422723764553666,1.775430679321289,0.0013198154047131538,0.9741554346984779,0.15076137223548294,-0.07320632116500694,-0.11497909401996778,0.003739775187674169,-0.06422518174071119,-0.0377186353860389,0.0015239894714759086,-0.00471471153470525,0.00045687910371487793,-9.013970459901352e-06,,,,,,,,,
0.0001,739,0.0011300365440547466,1.8183015584945679,0.0013118666829541326,0.9741706673102662,0.15076269722260302,-0.073379099948938,-0.11487288789454768,0.0037377618685980316,-0.06422153010560346,-0.0377034564206038,0.0015227210656102044,-0.004710225945354267,0.0004563696872994482,-8.99935359531771e-06,,,,,,,,,
0.0001,740,0.0012062106980010867,1.7123202085494995,0.001377442735247314,0.9741876448737368,0.15076618725603713,-0.07354809449385742,-0.11477215415159091,0.003735809504326058,-0.06421689826802592,-0.03768684914294359,0.0015213966384854318,-0.004705434201786928,0.00045583418856387514,-8.98421579105775e-06,,,,,,,,,
0.0001,741,0.001159760868176818,1.758172869682312,0.0013355781557038426,0.9742052340453873,0.1507780862186649,-0.07372569274540329,-0.11467594375179639,0.0037336655247043617,-0.06421344470491985,-0.03767094342922266,0.0015201312274669106,-0.004700719554286559,0.00045531637963155714,-8.969627952438478e-06,,,,,,,,,
0.0001,742,0.0011888706358149648,1.7200322151184082,0.0013608738081529737,0.9742255481362758,0.1507967894386824,-0.0738946524927226,-0.11459546028899109,0.0037316558267056995,-0.0642072333700982,-0.03765334316875608,0.0015187699813385364,-0.004695758008224613,0.00045477071003908613,-8.954293077157272e-06,,,,,,,,,
0.0001,743,0.001219255500473082,1.8824503421783447,0.0014075005892664194,0.9742437803201865,0.15080983399119888,-0.0740584012994259,-0.11451026860523761,0.00372951939099541,-0.06420157562112738,-0.0376369661479785,0.001517439564519398,-0.004691082545915308,0.0004542454757572537,-8.939258391454941e-06,,,,,,,,,
0.0001,744,0.001136639155447483,1.7428333759307861,0.0013109224382787943,0.9742631539513293,0.15082653213954816,-0.07421872254251867,-0.11443226250476368,0.0037273832570415763,-0.06419513574168843,-0.03762000628946675,0.0015160781422235423,-0.004686303545499535,0.00045371032021010357,-8.923972402008462e-06,,,,,,,,,
0.0001,745,0.0011344810482114553,1.7742129564285278,0.0013119023060426116,0.9742809347366368,0.15084335069846072,-0.0743872038228365,-0.11434779800696816,0.003725141206571597,-0.06419051406164944,-0.037604679815716205,0.0015147827827331922,-0.004681806805890932,0.000453201496574677,-8.90922721210866e-06,,,,,,,,,
0.0001,746,0.0010945303365588188,1.7505297660827637,0.0012695833574980497,0.9742966566682351,0.1508516414942269,-0.07455210964974336,-0.11425373218949036,0.0037228668681607985,-0.06418653230653891,-0.037590101676834235,0.0015135134960300813,-0.004677466807046584,0.00045270471573300087,-8.89471270224148e-06,,,,,,,,,
0.0001,747,0.0011140892747789621,1.722794771194458,0.0012863687006756663,0.9743153567456272,0.15086690185955942,-0.07470870754962468,-0.11417503587861566,0.0037207352605538088,-0.06418073235202844,-0.03757359873432397,0.0015122065094859622,-0.0046727454693916435,0.0004521860644290993,-8.88002174506458e-06,,,,,,,,,
0.0001,748,0.001144744222983718,1.7077174186706543,0.0013155159540474415,0.9743356484120954,0.15089374229371785,-0.07487865902854704,-0.11410261308727661,0.0037185632175816812,-0.06417494763382578,-0.0375573008643498,0.0015109273574038958,-0.0046680483437246765,0.0004516778959715711,-8.865669169524936e-06,,,,,,,,,
0.0001,749,0.0012272766325622797,1.7202190160751343,0.0013992985477671027,0.9743577212550623,0.1509310650795604,-0.07505993712630422,-0.11403666101844488,0.0037163600936945588,-0.064168548384541,-0.03754084469276882,0.0015096614178829308,-0.0046633540852668125,0.00045117553051828534,-8.851570953094111e-06,,,,,,,,,
0.0001,750,0.0011708729434758425,1.863084077835083,0.001357181346975267,0.97438114567728,0.15097479630103533,-0.0752594056695173,-0.11396744277539518,0.0037142465914749446,-0.06416113846017078,-0.03752402514704492,0.0015083487939794083,-0.004658646127921016,0.0004506630878049442,-8.83706713700328e-06,,,,,,,,,
0.0001,751,0.0011973516084253788,1.728130578994751,0.0013701646821573377,0.974400889888434,0.15100536805443152,-0.07545669066332368,-0.11388051324045402,0.0037121699035429934,-0.06415607492720499,-0.037508867768192566,0.0015071031137187981,-0.004654210555439927,0.00045017317073172677,-8.823040721642211e-06,,,,,,,,,
0.0001,752,0.0011235247366130352,1.6578493118286133,0.0012893097009509802,0.9744239259217139,0.15104042109821744,-0.07564594611090537,-0.1138056993630837,0.0037101768021494254,-0.06414886815360571,-0.03749108042400884,0.0015057623030182603,-0.004649255380953764,0.0004496401991109045,-8.808200815437624e-06,,,,,,,,,
0.0001,753,0.0010567245772108436,1.7026176452636719,0.0012269862927496433,0.9744484147453404,0.15108519186790115,-0.07585173911793791,-0.11373248775985806,0.003708279659308946,-0.06414152425323605,-0.037473347046281975,0.001504436995056081,-0.004644336205870772,0.0004491126561069541,-8.793573257077636e-06,,,,,,,,,
0.0001,754,0.00111717963591218,1.6952927112579346,0.0012867088662460446,0.974472286434457,0.15112768075731553,-0.07604979835834666,-0.11366074285373406,0.003706291687775134,-0.06413465775717811,-0.03745588350083946,0.0015031004123750953,-0.004639467047657674,0.00044858292917667586,-8.778754738425743e-06,,,,,,,,,
0.0001,755,0.0011215603444725275,1.7410188913345337,0.0012956622522324324,0.9744995027168653,0.15117764438600878,-0.07625205940896833,-0.11359681211536177,0.0037044277381448436,-0.06412594258910458,-0.03743620733066535,0.001501679445470544,-0.0046341694009731935,0.0004480159507030352,-8.763207515299937e-06,,,,,,,,,
0.0001,756,0.0010966674890369177,1.7274702787399292,0.0012694145552814007,0.9745245748922499,0.15122028821745273,-0.07645298945138591,-0.11352364981287903,0.0037024231700059375,-0.0641172121847232,-0.037417556523171726,0.001500268167777467,-0.004629136174683693,0.00044746454050421686,-8.747784034443286e-06,,,,,,,,,
0.0001,757,0.0011450430611148477,1.769067645072937,0.0013219497632235289,0.9745509938393692,0.15126825229570415,-0.07664631621818012,-0.11346234433906685,0.0037003845033874746,-0.06410846654403403,-0.03739838044216459,0.00149886605079342,-0.004623947800523884,0.0004469096984211691,-8.732485059696956e-06,,,,,,,,,
0.0001,758,0.0011232101824134588,1.813736081123352,0.0013045837404206395,0.9745761530482442,0.15131124254096812,-0.0768393385059734,-0.1133939395582752,0.003698293331145623,-0.0641002897255035,-0.03737970085256065,0.0014974762655330673,-0.004618847991267455,0.0004463607217402589,-8.717263232908557e-06,,,,,,,,,
0.0001,759,0.0011721610790118575,1.729076862335205,0.0013450687984004617,0.9745994554786312,0.15134173986451416,-0.07701393546451003,-0.11332085120690684,0.003696206081737703,-0.0640924125543601,-0.0373609385143895,0.0014960746770514644,-0.004613701988086601,0.0004458060044530013,-8.701870305698612e-06,,,,,,,,,
0.0001,760,0.0011413812171667814,1.8117088079452515,0.0013225520960986614,0.9746234399979201,0.1513710200493996,-0.07718185128382614,-0.11325137413495684,0.0036941348254219647,-0.06408278828658658,-0.03734129472408951,0.001494631336876782,-0.004608449579590177,0.00044524077312042284,-8.686240587726702e-06,,,,,,,,,
0.0001,761,0.001056889072060585,1.7450593709945679,0.0012313949409872293,0.9746449755900226,0.15138724824780644,-0.07732452144426465,-0.11318129312890617,0.003692024642523369,-0.06407335193327618,-0.037322079067680675,0.0014931867635297302,-0.0046032978419911184,0.0004446799408394475,-8.670578788425753e-06,,,,,,,,,
0.0001,762,0.0011710355756804347,1.8025274276733398,0.0013512882869690657,0.9746661401943361,0.15139848940424824,-0.07745606507206897,-0.1131119639591849,0.003690010418177863,-0.06406386987104233,-0.03730245326619964,0.0014917458896997868,-0.004598058813803839,0.00044411520869002964,-8.654979624100547e-06,,,,,,,,,
0.0001,763,0.0011457785731181502,1.8491262197494507,0.0013306911569088697,0.974684156060073,0.15139384754720933,-0.0775580394391824,-0.11304074903604723,0.0036879572672495,-0.0640556321072805,-0.03728351823536651,0.0014903395446961873,-0.004592898155998684,0.0004435607409943524,-8.639629471995988e-06,,,,,,,,,
0.0001,764,0.001213962328620255,1.7716014385223389,0.0013911224668845534,0.9747059173129816,0.15139802818020173,-0.07766685153471684,-0.1129780261658763,0.0036860450365862082,-0.06404476861980422,-0.03726217630055707,0.0014888287323761489,-0.004587310921194882,0.0004429659018605587,-8.623424581624858e-06,,,,,,,,,
0.0001,765,0.0010881765047088265,1.7494523525238037,0.0012631217250600457,0.97472889104239,0.15140964462322273,-0.0777723839564412,-0.11292765313180504,0.0036840968969046217,-0.06403344296432405,-0.03724077680152697,0.0014873177438886288,-0.004581728465072918,0.0004423743386162566,-8.607290728482317e-06,,,,,,,,,
0.0001,766,0.0010137904901057482,1.7559878826141357,0.0011893892660737038,0.974755239431165,0.15143379865257459,-0.07788776409899584,-0.11288797835894589,0.0036822477333406877,-0.06402073588360144,-0.037217931001452806,0.0014857662368803989,-0.004575867889668041,0.00044176340082553234,-8.590886475566438e-06,,,,,,,,,
0.0001,767,0.0010368434013798833,1.7043265104293823,0.001207276014611125,0.9747804438612829,0.15145222875741102,-0.07798686766410044,-0.1128513848825188,0.00368034968523084,-0.06400865857026876,-0.03719534424037161,0.0014842159630445385,-0.004570015278732891,0.0004411524318358605,-8.57442035151598e-06,,,,,,,,,
0.0001,768,0.001064755255356431,1.6701501607894897,0.0012317702639847994,0.9748017081560002,0.15145684410339733,-0.07807875942658288,-0.11280000118321783,0.003678409391217116,-0.06399855689818351,-0.037174574350004964,0.001482746197747654,-0.004564502909944535,0.0004405721626105679,-8.558640920675217e-06,,,,,,,,,
0.0001,769,0.0011446858989074826,1.7506415843963623,0.001319750095717609,0.9748237229851476,0.15147021890689272,-0.07819604473774336,-0.11274249186660994,0.003676426247786604,-0.06398877010979324,-0.037154423275010416,0.0014813099042722256,-0.004559130715823398,0.00044000649449272384,-8.543219731342069e-06,,,,,,,,,
0.0001,770,0.0010250179329887033,1.7275681495666504,0.0011977747781202197,0.9748468040000821,0.15149201408955193,-0.07832138569332861,-0.11269038098135101,0.0036744895748503557,-0.06397928296879012,-0.037134516847953665,0.0014798825953383458,-0.004553792291053908,0.0004394446638454272,-8.527876453808018e-06,,,,,,,,,
0.0001,771,0.0011071113403886557,1.8068954944610596,0.0012878008419647813,0.9748682624550137,0.1515054995298653,-0.07844761398771659,-0.11262606816222114,0.0036726108391537085,-0.06397022244440596,-0.0371149450129295,0.0014784642709460148,-0.004548528095142286,0.0004388863898781501,-8.512589700520371e-06,,,,,,,,,
0.0001,772,0.0011544686276465654,1.8085695505142212,0.0013353255344554782,0.9748869704463271,0.15149991105396968,-0.0785366958439904,-0.11256185394457709,0.003670700419029154,-0.06396112128986763,-0.03709515731207786,0.0014770136198208564,-0.004543202732103151,0.0004383180074518701,-8.496941650360439e-06,,,,,,,,,
0.0001,773,0.0011144739110022783,1.7318016290664673,0.0012876540422439575,0.9749053198766675,0.1514939217606995,-0.07863649536109714,-0.11248972695769553,0.003668874188955895,-0.0639516138337874,-0.03707566822562089,0.00147555275098178,-0.004537993968900838,0.00043775299451192444,-8.481239367477605e-06,,,,,,,,,
0.0001,774,0.0011164654279127717,1.7277238368988037,0.0012892377562820911,0.9749255587586427,0.1514958621979634,-0.07873750409480759,-0.11242737384309644,0.003667061537923168,-0.06394199464478316,-0.037055513552862546,0.0014740769959905296,-0.004532609031628135,0.0004371776859192906,-8.465391954772921e-06,,,,,,,,,
0.0001,775,0.0010613680351525545,1.7581406831741333,0.001237182063050568,0.9749472463027555,0.15150552301857337,-0.078842723338131,-0.11237279792069187,0.0036652368166321904,-0.06393158824654151,-0.03703510703663882,0.0014725774583892973,-0.004527208802573554,0.00043659844625926675,-8.449384135423038e-06,,,,,,,,,
0.0001,776,0.0010222061537206173,1.6501978635787964,0.0011872259201481938,0.9749703285167208,0.15151395649612184,-0.07894207048643635,-0.11232219070809178,0.0036633834284778683,-0.06391834789504516,-0.037013095917764215,0.0014709902774660945,-0.004521595125730254,0.0004359946530275291,-8.43275454936271e-06,,,,,,,,,
0.0001,777,0.001002044533379376,1.6861515045166016,0.0011706596706062555,0.9749904561610183,0.1515181538802062,-0.07904517577555326,-0.11226162474542328,0.0036613592461693057,-0.06390768247957054,-0.03699341255206252,0.001469509149366663,-0.004516386043949152,0.0004354315120244358,-8.417017129786165e-06,,,,,,,,,
0.0001,778,0.0010696904500946403,1.6721595525741577,0.001236906391568482,0.9750103422385418,0.15152219672753225,-0.07914978606087478,-0.11219877862339507,0.003659382137867919,-0.06389856608872439,-0.03697394864995209,0.0014680534774682862,-0.004511145422867926,0.0004348680902308146,-8.40137977340258e-06,,,,,,,,,
0.0001,779,0.0010596952633932233,1.7069340944290161,0.0012303886469453573,0.9750322042719104,0.15153016870724023,-0.07925991176581326,-0.11213842218888397,0.0036575709956174728,-0.06388733692986041,-0.03695309960878204,0.0014665127166764186,-0.004505722574719317,0.00043427933489179114,-8.385050376921127e-06,,,,,,,,,
0.0001,780,0.0011424340773373842,1.8147094249725342,0.001323905074968934,0.9750530163831332,0.1515340453519608,-0.07936495702113613,-0.1120763402283709,0.003655623459448799,-0.06387547292483722,-0.03693267150597557,0.0014649857850318367,-0.004500451688653122,0.00043370337112125896,-8.368978394913164e-06,,,,,,,,,
0.0001,781,0.001042475225403905,1.8041765689849854,0.0012228928972035646,0.9750695373394999,0.15151716031773943,-0.07943168141934122,-0.11201174392996928,0.0036535983718708675,-0.06386618893460504,-0.03691332273230646,0.0014635249161927602,-0.004495264588808471,0.0004331416652697525,-8.353337983164908e-06,,,,,,,,,
0.0001,782,0.0011761828791350126,1.7603747844696045,0.001352220308035612,0.975081880336147,0.15149104791837117,-0.07949041976832176,-0.11193810094524315,0.0036514438307732027,-0.0638606479973275,-0.03689675503004795,0.0014621770587929684,-0.004490519676323135,0.00043262033085636253,-8.338515645307176e-06,,,,,,,,,
0.0001,783,0.0011099372059106827,1.642000675201416,0.0012741372920572758,0.9751019707589824,0.15149430268227085,-0.07957791833379069,-0.11188553402811227,0.0036494736628703097,-0.06385192775048469,-0.03687696013366872,0.001460723412820627,-0.004485176154293019,0.00043205247881219073,-8.322908078729127e-06,,,,,,,,,
0.0001,784,0.001058331225067377,1.6889832019805908,0.0012272296007722616,0.9751242094637419,0.15150947557408515,-0.07969390743434719,-0.11182887514931962,0.003647618162420794,-0.06384293832887038,-0.03685686302513104,0.001459255937701,-0.004479792809914261,0.0004314793541458847,-8.307190519022942e-06,,,,,,,,,
0.0001,785,0.0010336004197597504,1.8320733308792114,0.001216807751916349,0.9751527245421423,0.1515457372050321,-0.07983284555217424,-0.11178682161561493,0.0036459799266197824,-0.0638295151416802,-0.036833725806189786,0.0014576346683701565,-0.004473962499494352,0.0004308571847340461,-8.290301226965621e-06,,,,,,,,,
0.0001,786,0.0010054223239421844,1.6475703716278076,0.0011701793409883976,0.975178754891536,0.15156839954617668,-0.07996523302178114,-0.1117299532086649,0.0036444877409435982,-0.06381762574281064,-0.03681096275468282,0.0014560308396199663,-0.004468137604913857,0.0004302341105527288,-8.273424156366981e-06,,,,,,,,,
0.0001,787,0.0010787425562739372,1.7334173917770386,0.0012520842719823122,0.9751979398717927,0.15157031942299334,-0.08008089154513663,-0.11165423959273642,0.003642818424227592,-0.06381006853413149,-0.036791869422242884,0.0014545793957411418,-0.0044629575138025665,0.000429668224042252,-8.257740205672171e-06,,,,,,,,,
0.0001,788,0.0010678140679374337,1.6968952417373657,0.001237503602169454,0.9752201699426192,0.15158391030970322,-0.08019753310069513,-0.11159424058861143,0.0036410570717924284,-0.06380123655436465,-0.03677153126353119,0.001453099676981561,-0.004457527019763017,0.00042908879718854293,-8.241913416679014e-06,,,,,,,,,
0.0001,789,0.001035618712194264,1.7614591121673584,0.0012117646401748061,0.9752425278353667,0.15160349918031799,-0.08032855476449785,-0.11153171492141215,0.0036391777325828684,-0.06379268898567714,-0.0367520097972001,0.0014516547512995466,-0.0044522631424301845,0.0004285271849338791,-8.22645861833449e-06,,,,,,,,,
0.0001,790,0.0010185701539739966,1.662164568901062,0.001184786669909954,0.975268028845767,0.15163088680136866,-0.08044872827646721,-0.11148900815286386,0.0036372507158532203,-0.06378142427542824,-0.03673053474513038,0.0014501255294777071,-0.004446669217471811,0.0004279378056159048,-8.210405732355719e-06,,,,,,,,,
0.0001,791,0.0011200632434338331,1.7650668621063232,0.001296569942496717,0.9752906592395958,0.15165283553909994,-0.08056958034163866,-0.11143692191797638,0.0036351103573089992,-0.06377248564150666,-0.036711114016185445,0.0014486752306875116,-0.004441438790911837,0.00042737987483705065,-8.19495857242287e-06,,,,,,,,,
0.0001,792,0.0011021672980859876,1.6151219606399536,0.0012636794708669186,0.9753165283051809,0.15167406104731015,-0.08067326849055736,-0.11139807293256102,0.003633190582734301,-0.06376020009863376,-0.03668829699822161,0.001447083645577275,-0.004435597967391886,0.00042676531796841176,-8.178347318550565e-06,,,,,,,,,
0.0001,793,0.001082918606698513,1.7321913242340088,0.0012561377370730042,0.9753434540185962,0.1516982378664975,-0.08076544733324068,-0.11137206679067446,0.003631251193989946,-0.06374690388067542,-0.036664875555940855,0.0014455074751216564,-0.004429639588298745,0.0004261547857640055,-8.162056877968661e-06,,,,,,,,,
0.0001,794,0.0010610390454530716,1.6877639293670654,0.0012298154179006815,0.9753745062940665,0.1517415985595239,-0.08088883962321994,-0.11135015261044968,0.0036294533290235752,-0.06373239891562994,-0.03664029563371932,0.0014439000349380986,-0.0044234840089351305,0.0004255296212532031,-8.145583115506528e-06,,,,,,,,,
0.0001,795,0.0010813437402248383,1.698332667350769,0.001251177047379315,0.9754059993609888,0.15179054905687203,-0.08102645543224292,-0.11132530503602159,0.003627694994152974,-0.0637180209198163,-0.036616151040916534,0.001442317082034448,-0.004417428463311304,0.0004249151579814068,-8.129387391229409e-06,,,,,,,,,
0.0001,796,0.0010283449664711952,1.663731336593628,0.0011947180610150099,0.9754398731426701,0.15185225144763145,-0.08117849484651023,-0.1113074088663442,0.003625986147341198,-0.06370324677999933,-0.03659160709633292,0.0014407336006283535,-0.0044112942287265625,0.00042429872917591554,-8.113250482722197e-06,,,,,,,,,
0.0001,797,0.0010531555162742734,1.5749071836471558,0.0012106462381780148,0.9754698084517592,0.15189936648816674,-0.08132756776536841,-0.11127010052914488,0.0036242836374150043,-0.06369105265497337,-0.03656875410073117,0.0014392158296928019,-0.004405436201951998,0.0004237037964452792,-8.097541325268855e-06,,,,,,,,,
0.0001,798,0.0010782902827486396,1.7586463689804077,0.001254154951311648,0.9754995005141154,0.15194966319628742,-0.08147825007323155,-0.11123563930984876,0.0036224670635483453,-0.0636790667594876,-0.036546653037761785,0.0014377357585982583,-0.004399741924675048,0.00042312645992105525,-8.082245405887197e-06,,,,,,,,,
0.0001,799,0.0010966865811496973,1.646479606628418,0.0012613345170393586,0.9755316602325907,0.15200610394478553,-0.08163470008331242,-0.11120672442413035,0.003620771494020645,-0.06366434340736336,-0.036523022925181135,0.00143617923081681,-0.004393858730176141,0.0004225278145156617,-8.066449170540745e-06,,,,,,,,,
0.0001,800,0.001084633287973702,1.7949905395507812,0.0012641323264688253,0.9755642682255992,0.15207152529410056,-0.08180552150223745,-0.11117822859472669,0.003618988716877087,-0.0636515144361782,-0.03650036061106032,0.0014346903513481992,-0.0043880762065746015,0.0004219472956987887,-8.05118762401163e-06,,,,,,,,,
0.0001,801,0.0010935398750007153,1.663076400756836,0.0012598475441336632,0.9755969322697586,0.15213714316767699,-0.08197801320596762,-0.11114859884823604,0.00361719055015426,-0.06363857881083827,-0.03647767671035676,0.001433188083151006,-0.0043822713824578224,0.0004213643433640076,-8.035796224484018e-06,,,,,,,,,
0.0001,802,0.0010668030008673668,1.7006967067718506,0.0012368726311251521,0.9756278454951585,0.15219643379044073,-0.08216183152853261,-0.11110166454098297,0.0036153993238299265,-0.06362566857934472,-0.036455769926632096,0.0014316888978847364,-0.004376696253648007,0.0004207908443103311,-8.020450655426465e-06,,,,,,,,,
0.0001,803,0.0010607920121401548,1.6504499912261963,0.0012258370406925678,0.9756541197919115,0.1522379302120966,-0.08233181780505508,-0.11103878144339757,0.0036136035711587496,-0.06361537899279636,-0.03643575196889782,0.0014302563039264163,-0.004371434924945488,0.0004202414308441553,-8.005531309740445e-06,,,,,,,,,
0.0001,804,0.0010299254208803177,1.7539446353912354,0.001205319887958467,0.9756846666677541,0.1522966534811429,-0.08251517505941865,-0.11099046671534293,0.0036119523598301187,-0.06360309852869273,-0.036414129408512665,0.0014287541238129637,-0.004365911087320723,0.0004196671518167903,-7.990091024378107e-06,,,,,,,,,
0.0001,805,0.0010485934326425195,1.6815145015716553,0.0012167448876425624,0.975718266531377,0.1523656123303991,-0.08269961103938553,-0.11095567271603216,0.0036103968052981212,-0.0635898581771964,-0.036391035362736905,0.0014272072852429896,-0.004360066440855302,0.00041907075273561956,-7.9742772206848e-06,,,,,,,,,
0.0001,806,0.0010370861273258924,1.5622483491897583,0.0011933109490200877,0.9757545369581926,0.15244516928507248,-0.08289236364577797,-0.11092907496523065,0.003608963160374451,-0.06357641975369838,-0.036366915954280654,0.0014256387780728096,-0.0043539924176617065,0.0004184578806101478,-7.958257179876234e-06,,,,,,,,,
0.0001,807,0.0010509067215025425,1.5348756313323975,0.001204394269734621,0.9757877276024064,0.1525152940658235,-0.08308275871476317,-0.110889967150915,0.0036074196761007034,-0.06356473350559977,-0.036344429930585606,0.001424127701501549,-0.004348235380363297,0.00041786868848585877,-7.942675583897886e-06,,,,,,,,,
0.0001,808,0.0009472881210967898,1.6979385614395142,0.0011170819634571671,0.9758209630881524,0.15259097304898112,-0.0832772338023609,-0.11085465549380363,0.003605679446617477,-0.06355388525443131,-0.03632278578361771,0.0014226509775891513,-0.004342611827577534,0.00041729431586165114,-7.927381956039729e-06,,,,,,,,,
0.0001,809,0.001024009077809751,1.525796890258789,0.0011765887029469013,0.9758541465537042,0.1526674625305044,-0.08347972103738327,-0.11081456166462972,0.003603896669473919,-0.06354226503033325,-0.03630132872036695,0.0014211656214701675,-0.004337088308531558,0.0004167248414722073,-7.912101313481425e-06,,,,,,,,,
0.0001,810,0.0009603534708730876,1.6354541778564453,0.001123898895457387,0.9758898576331867,0.1527547293730147,-0.08369409165284215,-0.11078111111056332,0.003602088243031579,-0.06352874534652686,-0.036279026182625254,0.0014196397468304736,-0.004331476224582204,0.0004161470681627178,-7.896615961490195e-06,,,,,,,,,
0.0001,811,0.0009729345911182463,1.6237467527389526,0.0011353092268109322,0.9759251516306766,0.1528433188693662,-0.08391193332891171,-0.1107461199082809,0.0036002101108478443,-0.0635158757451875,-0.036257364046838395,0.001418144613416275,-0.0043259816962060394,0.0004155811504532935,-7.881403300795808e-06,,,,,,,,,
0.0001,812,0.0010463575599715114,1.7468544244766235,0.0012210430577397346,0.975957940999917,0.15291995879900627,-0.08411693469054181,-0.11070410335013338,0.003598329564612459,-0.06350282838692356,-0.03623634950853395,0.0014166618117257706,-0.004320664934794211,0.0004150272443386719,-7.866366323569974e-06,,,,,,,,,
0.0001,813,0.0010065498063340783,1.6407546997070312,0.0011706252116709948,0.9759901764635768,0.15299423057324754,-0.08431687300135635,-0.11066168006085683,0.003596434232310718,-0.06349090851543836,-0.03621552565171045,0.001415190725172776,-0.0043153220499216735,0.0004144721214650963,-7.851327818661805e-06,,,,,,,,,
0.0001,814,0.0009540403843857348,1.6002532243728638,0.001114065758883953,0.9760206915848203,0.15306983069169933,-0.08452324886819065,-0.11061478272916095,0.0035943880217808484,-0.06348081700089167,-0.036196662576153144,0.0014137911626172085,-0.004310332150347495,0.00041394844713064086,-7.83686983304103e-06,,,,,,,,,
0.0001,815,0.001070190453901887,1.6578689813613892,0.001235977397300303,0.9760492257606919,0.15313728245189165,-0.08472053386199703,-0.11056252394167328,0.0035923870747194176,-0.06347191391835501,-0.036178515455590296,0.0014124508804191148,-0.004305444195985838,0.00041344124584048644,-7.822941189349418e-06,,,,,,,,,
0.0001,816,0.001013179775327444,1.630265235900879,0.0011762062786146998,0.9760805852902464,0.15321878181767104,-0.08493239905024823,-0.1105188681338239,0.0035902925831565475,-0.06346185287642396,-0.03615974592189157,0.0014110739553849004,-0.004300466402405646,0.0004129251840492307,-7.808753603501981e-06,,,,,,,,,
0.0001,817,0.0009669746505096555,1.6548107862472534,0.0011324557708576322,0.9761120380030207,0.15330559868090649,-0.085156817472738,-0.1104724884599286,0.0035881099787084506,-0.0634518883311091,-0.03614173551635279,0.0014096898074839508,-0.00429567370310194,0.0004124158612306435,-7.794478939761435e-06,,,,,,,,,
0.0001,818,0.0010173618793487549,1.7432003021240234,0.0011916819494217634,0.9761426393042759,0.15339184288213067,-0.08536972658899239,-0.11043260415891207,0.003585782531161351,-0.06344400608119644,-0.036124505825556694,0.0014083751576543931,-0.004290922419040821,0.00041192185709529837,-7.780733617950053e-06,,,,,,,,,
0.0001,819,0.0010081740329042077,1.6024075746536255,0.0011684148339554667,0.9761685008474659,0.15345485581568222,-0.08555972148557636,-0.11037652456384865,0.003583473189001627,-0.06343837880484127,-0.0361083842460083,0.0014070810313364123,-0.004286319911274227,0.00041143262639892686,-7.76694322950978e-06,,,,,,,,,
0.0001,820,0.001010915613733232,1.7665510177612305,0.0011875707423314452,0.9761912480631023,0.15351360294363445,-0.08575460544497536,-0.11030897022087226,0.003580921838163986,-0.06343518425896816,-0.03609474512347583,0.0014058824758770626,-0.004282166281021521,0.00041098276877435055,-7.753928139854645e-06,,,,,,,,,
0.0001,821,0.00096054159803316,1.7515681982040405,0.0011356984032317996,0.9762111986369373,0.15355602972454482,-0.08592953298071301,-0.11023349078347261,0.0035784682564181714,-0.06343267026817771,-0.03608133985558979,0.0014046728218663881,-0.004278057888956871,0.00041052876168975143,-7.740711396131258e-06,,,,,,,,,
0.0001,822,0.0009298751829192042,1.6713021993637085,0.0010970054427161813,0.9762266497242701,0.15357598180285703,-0.08607152458794944,-0.11015028345462138,0.0035759534181117373,-0.06343331019310619,-0.03606891317945496,0.0014035124066667502,-0.004273989000662073,0.00041008030801781444,-7.727661169782412e-06,,,,,,,,,
0.0001,823,0.000988601939752698,1.6732289791107178,0.0011559248669072986,0.9762459715745792,0.1536118751043429,-0.08622173712821113,-0.11008354257390304,0.003573552643745768,-0.0634324010934062,-0.036055104962024305,0.0014023060998382213,-0.004269667479387494,0.0004096135717626191,-7.714302351601847e-06,,,,,,,,,
0.0001,824,0.0009713182225823402,1.6562552452087402,0.0011369436979293823,0.9762599316288241,0.15362369773991227,-0.08634358092498563,-0.11000419302818475,0.003571010949114727,-0.06343325432664418,-0.03604289415171695,0.0014011445395499546,-0.004265632360444344,0.000409166615640164,-7.701233029223811e-06,,,,,,,,,
0.0001,825,0.0010117875644937158,1.6995493173599243,0.0011817425256595016,0.9762730700374399,0.15363547211641895,-0.08647427201158732,-0.10991720186731493,0.0035685078793100864,-0.06343482874511899,-0.03603150722931778,0.0014000121349798513,-0.004261766406838224,0.0004087324822851477,-7.688413482907588e-06,,,,,,,,,
0.0001,826,0.0009222711669281125,1.6559367179870605,0.0010878648608922958,0.9762894583904906,0.15365602945052903,-0.08660604182379233,-0.10984285634700229,0.0035660654625531535,-0.06343394503926539,-0.03601822788316444,0.0013988127867668354,-0.0042575825116005495,0.0004082737329605226,-7.675162366331658e-06,,,,,,,,,
0.0001,827,0.0010538657661527395,1.7379666566848755,0.0012276624329388142,0.9763031955370373,0.1536647092681509,-0.08671858596193825,-0.10976608276510119,0.0035636526179289338,-0.06343441228603856,-0.036005740045045156,0.0013976680504730376,-0.004253501517311765,0.00040783048951282473,-7.662364971409296e-06,,,,,,,,,
0.0001,828,0.0009891288354992867,1.5955901145935059,0.0011486877920106053,0.9763258393230884,0.1536941711176651,-0.0868412301035152,-0.10971437861097129,0.0035615922248456206,-0.06342782512229067,-0.035987538958025436,0.0013962934156160809,-0.00424847338828289,0.00040730332089624477,-7.647898583535676e-06,,,,,,,,,
0.0001,829,0.0010046357056125998,1.6046433448791504,0.0011651000240817666,0.9763487735170547,0.15372352322951702,-0.08697112084531444,-0.10965752252920699,0.003559655250152916,-0.0634196736976065,-0.035969024865555886,0.0013948851327701868,-0.004243494638966331,0.00040677303238491086,-7.633263386764013e-06,,,,,,,,,
0.0001,830,0.0010409288806840777,1.8479526042938232,0.0012257241178303957,0.976376417569022,0.15375977487848946,-0.08709082458968236,-0.10962094137796563,0.003557974466691572,-0.06340693614426825,-0.03594683745625551,0.001393319268112227,-0.00423791441289589,0.0004061871473490611,-7.617457221482382e-06,,,,,,,,,
0.0001,831,0.0009017466800287366,1.6699022054672241,0.0010687368921935558,0.9764051328183683,0.15379389484181544,-0.08720810990084285,-0.10958358374002337,0.0035565540990519767,-0.0633934875632317,-0.035923221734730025,0.0013916914805845735,-0.004232046191600073,0.00040557302726568776,-7.601062898501681e-06,,,,,,,,,
0.0001,832,0.0009812728967517614,1.661696195602417,0.0011474424973130226,0.9764338895722062,0.1538281352810576,-0.08733200675602365,-0.10954129602778984,0.003555116531294375,-0.06337951586895996,-0.03589958442662179,0.0013900611386284405,-0.00422621715549532,0.00040496152789390775,-7.584718989038043e-06,,,,,,,,,
0.0001,833,0.000984695041552186,1.670236349105835,0.0011517186649143696,0.9764653015839452,0.15387052357419598,-0.08746039250161826,-0.10950811662780946,0.0035537239252487556,-0.06336315207436033,-0.03587455838169016,0.001388355749325253,-0.004220195379223142,0.0004043294372167515,-7.567849556851081e-06,,,,,,,,,
0.0001,834,0.0009810893097892404,1.6446821689605713,0.0011455575004220009,0.976498003203839,0.1539238942879334,-0.0875987129620434,-0.10948160515330806,0.0035522667433214973,-0.06334795639669365,-0.03584998205723242,0.0013866915832127014,-0.004214181248841903,0.00040370708061122766,-7.551304757160359e-06,,,,,,,,,
0.0001,835,0.0009806797606870532,1.6664949655532837,0.001147329225204885,0.9765286823006041,0.15397243136442887,-0.08773437140606036,-0.10944939944300021,0.0035507039466345495,-0.06333424879842414,-0.03582668653668435,0.0013850810600982198,-0.004208394583716104,0.0004031050345205522,-7.535181597794165e-06,,,,,,,,,
0.0001,836,0.0009305934654548764,1.6501544713974,0.0010956089245155454,0.9765580648206552,0.15401746968796867,-0.08785762450563919,-0.10942160614918306,0.0035489782014612235,-0.06332133856693058,-0.035804150144296235,0.0013835129052630027,-0.004202712093854351,0.00040251918068364995,-7.51944112285295e-06,,,,,,,,,
0.0001,837,0.0009253459284082055,1.534639596939087,0.0010788098443299532,0.9765858789703821,0.15405508449946556,-0.08797504030780008,-0.10938740375878724,0.0035473215585163803,-0.06330932219882919,-0.03578201670145272,0.0013819663309442504,-0.004197085036701908,0.00040193850587203926,-7.503841958527745e-06,,,,,,,,,
0.0001,838,0.0009678851347416639,1.699986219406128,0.0011378837516531348,0.9766129905223161,0.15409717294056838,-0.08810002458798423,-0.10935206745130442,0.0035456302135790678,-0.06329938812612998,-0.03576131157083433,0.0013804948039725525,-0.004191688630592796,0.0004013817294542441,-7.4888286603781074e-06,,,,,,,,,
0.0001,839,0.0009732728940434754,1.6350730657577515,0.0011367802508175373,0.9766347826338423,0.15412562237905095,-0.08821767527394585,-0.10930112745868968,0.0035437231127755323,-0.06329313108238487,-0.03574381924328148,0.0013791455372329099,-0.0041868293483221615,0.00040087250023249955,-7.474723569376775e-06,,,,,,,,,
0.0001,840,0.0010162955150008202,1.666758418083191,0.0011829712893813848,0.976652950990728,0.15414205628785865,-0.08832808805908521,-0.10923801018257544,0.003541701646275076,-0.06328845861465314,-0.03572807902669495,0.0013778654162296961,-0.0041822997950982784,0.000400391880445649,-7.46120052534517e-06,,,,,,,,,
0.0001,841,0.001002395641990006,1.6321828365325928,0.0011656138813123107,0.9766709862566186,0.15415530332144162,-0.08842830514739324,-0.10917923137183755,0.0035394514483807777,-0.06328253676968008,-0.03571196824043792,0.001376564331296202,-0.004177733286734857,0.0003999096071145788,-7.447608735608479e-06,,,,,,,,,
0.0001,842,0.0009443463641218841,1.70938241481781,0.001115284627303481,0.9766868880401481,0.1541571025154811,-0.08851273282465273,-0.109116853606867,0.003537192197792792,-0.06327680283917017,-0.035696188448449684,0.0013752469508706833,-0.004173243874438405,0.00039942633541718744,-7.4338206386917095e-06,,,,,,,,,
0.0001,843,0.0009414261439815164,1.618488073348999,0.0011032749898731709,0.9767021947288416,0.15415538914562202,-0.08859547281830704,-0.10905074131062081,0.003535029207514352,-0.0632711349326608,-0.03568044823186316,0.00137392243566217,-0.004168768479608674,0.0003989412541808387,-7.4199584491816806e-06,,,,,,,,,
0.0001,844,0.0009164219372905791,1.5229161977767944,0.0010687136091291904,0.9767135069476272,0.15414317054203108,-0.08866238860331271,-0.10898066030457013,0.003532608215465813,-0.06326868188710164,-0.03566707894161503,0.001372709170218128,-0.004164644158604567,0.00039849398606890815,-7.40693877647954e-06,,,,,,,,,
0.0001,845,0.0009372317581437528,1.584035873413086,0.0010956353507936,0.9767259787008987,0.15413773697630076,-0.08873469801633496,-0.10891581750245394,0.003530199595431981,-0.06326603076954081,-0.03565361970727212,0.0013715253247434708,-0.004160503908661004,0.0003980545176938626,-7.394276581443848e-06,,,,,,,,,
0.0001,846,0.0009574060095474124,1.6130036115646362,0.0011187063064426184,0.9767381113450031,0.15413332010014683,-0.08881327969677649,-0.1088467964623759,0.003527717045066366,-0.06326408560090901,-0.03564066775762378,0.0013703523135689165,-0.00415644871925414,0.00039761997875252834,-7.381656397672374e-06,,,,,,,,,
0.0001,847,0.0009175860323011875,1.5525485277175903,0.0010728408815339208,0.9767507396942757,0.15412887044280216,-0.0888993689594411,-0.10877211816204858,0.003525236003483032,-0.06326106881196047,-0.03562720852328087,0.001369145390154203,-0.004152351477447109,0.00039717717209009605,-7.368807825391781e-06,,,,,,,,,
0.0001,848,0.0009546350920572877,1.5825557708740234,0.001112890662625432,0.9767655305987438,0.15413864712310035,-0.08900733721317296,-0.10869951049292362,0.003522795397264837,-0.06325816883470524,-0.035613832037505164,0.0013679599591722138,-0.004148274624682583,0.0003967398564424307,-7.3561884054614756e-06,,,,,,,,,
0.0001,849,0.0009658795315772295,1.5984665155410767,0.0011257261503487825,0.9767827003606719,0.1541526509897858,-0.08912064689852121,-0.1086300210957879,0.003520592575134171,-0.06325243998296459,-0.035598717831818304,0.0013666921698926944,-0.004143973811029298,0.00039627786242726144,-7.343021311413984e-06,,,,,,,,,
0.0001,850,0.0009378191316500306,1.6632680892944336,0.0011041458928957582,0.9767993724894902,0.15417154007304698,-0.0892416729516932,-0.1085601126423374,0.0035182201658750896,-0.06324815858046692,-0.035584891625568695,0.0013654789044486523,-0.004139889312373832,0.00039583664691115366,-7.330282732261529e-06,,,,,,,,,
0.0001,851,0.0009621146600693464,1.591191053390503,0.001121233799494803,0.9768157880863791,0.15418802872141912,-0.08935158987103105,-0.10849545471800714,0.0035157696016938377,-0.06324441552751227,-0.03557094309535018,0.0013643092404562436,-0.004135705735714947,0.0003954028879435079,-7.317967321115936e-06,,,,,,,,,
0.0001,852,0.0009491733508184552,1.668363094329834,0.0011160096619278193,0.9768314433652653,0.1542067660363203,-0.0894717285854003,-0.10842443699784111,0.003513327184936905,-0.06324233323211008,-0.03555812426296211,0.0013631908412009073,-0.004131690687235514,0.0003949858204127959,-7.30602313677781e-06,,,,,,,,,
0.0001,853,0.0009871580405160785,1.7489734888076782,0.0011620554141700268,0.97684813893509,0.1542262755041193,-0.08959001432756387,-0.10835627872076405,0.0035109973233381554,-0.06323957038162523,-0.035544373609752114,0.0013620388820403742,-0.004127482580009865,0.00039455396458095,-7.293800914254668e-06,,,,,,,,,
0.0001,854,0.0009499947191216052,1.6669715642929077,0.001116691855713725,0.976862762702178,0.1542362102351671,-0.08969470290748564,-0.10828549517912685,0.0035086128438208235,-0.06323693957914149,-0.035531191403221134,0.0013608920317368,-0.004123397444196822,0.0003941292845070383,-7.2816275775662545e-06,,,,,,,,,
0.0001,855,0.0008516330271959305,1.5774332284927368,0.0010093763703480363,0.9768757814384301,0.15422710330432032,-0.08977500706913247,-0.10820853671943982,0.003506331565011531,-0.06323282069726058,-0.035516588079992625,0.0013596674915739516,-0.0041190698699252485,0.0003936774925477146,-7.268791990585511e-06,,,,,,,,,
0.0001,856,0.0009393731597810984,1.6642435789108276,0.0011057974770665169,0.976885429450257,0.15420894963085466,-0.08984479365614696,-0.10812548961800306,0.0035038224600777656,-0.06323177954955948,-0.035503956331321695,0.001358544071545397,-0.004115021689251745,0.00039325671234224533,-7.2567019125843685e-06,,,,,,,,,
0.0001,857,0.0009407863835804164,1.602076530456543,0.0011009940644726157,0.976892019204058,0.15417901290807084,-0.08989509358710156,-0.10804051978759267,0.003501212870244067,-0.06323280546095275,-0.035492540626812195,0.0013574786106182054,-0.0041111353466031205,0.00039285281076739513,-7.245006740466887e-06,,,,,,,,,
0.0001,858,0.0008979873964563012,1.5801842212677002,0.001056005829013884,0.976902104522731,0.15416390147742873,-0.08996299240431026,-0.10796324087307671,0.0034987755833468907,-0.063231677974174,-0.03547995205130676,0.0013563457656293985,-0.004107104687763019,0.0003924310009966571,-7.232842569872485e-06,,,,,,,,,
0.0001,859,0.0009002541773952544,1.636154055595398,0.0010638695675879717,0.9769125864976883,0.1541468395449399,-0.09002323574949542,-0.10789007857059398,0.003496501244936092,-0.06322951441846345,-0.035466647520806874,0.001355185790848464,-0.004102971446552817,0.0003919999563374473,-7.220518756474049e-06,,,,,,,,,
0.0001,860,0.0009398795082233846,1.639012098312378,0.001103780698031187,0.9769219855240732,0.15412686068882744,-0.09007972095386903,-0.10781601652955308,0.00349410469516051,-0.0632269801125959,-0.035453976196734245,0.0013540190336194977,-0.0040990086449948,0.0003915773665930208,-7.208167444793579e-06,,,,,,,,,
0.0001,861,0.0009117596782743931,1.5623455047607422,0.0010679941624403,0.9769301616050095,0.15409866288247157,-0.09012472295020735,-0.10773985920693839,0.003491590158610532,-0.06322422234088033,-0.03544123291738579,0.0013528562401588617,-0.004095044250542838,0.00039115671118334174,-7.195892517229871e-06,,,,,,,,,
0.0001,862,0.0009357231319881976,1.6583119630813599,0.0011015543714165688,0.9769418826873155,0.15408479881719206,-0.09018195630298326,-0.10767515198186521,0.0034892210686724694,-0.06321935180114692,-0.035427187247544914,0.0013516672858272455,-0.0040909001776538055,0.0003907263840999253,-7.183598493636973e-06,,,,,,,,,
0.0001,863,0.0008636871934868395,1.6984316110610962,0.0010335303377360106,0.9769525104810338,0.1540665689463655,-0.09024400912337399,-0.10759941371556528,0.0034868577121070755,-0.06321561890573081,-0.035413551722776236,0.001350506518292645,-0.004086798794322516,0.0003903011736439054,-7.1714877919243045e-06,,,,,,,,,
0.0001,864,0.0009479047148488462,1.527709722518921,0.001100675668567419,0.9769609192528373,0.15404545667037156,-0.0903198504928071,-0.10750667901814613,0.0034844638781396,-0.06321390228171632,-0.035401704286611796,0.001349404502613074,-0.004082999742262114,0.0003898998303827535,-7.159783453712811e-06,,,,,,,,,
0.0001,865,0.0009853971423581243,1.666109323501587,0.0011520080734044313,0.9769731318960206,0.1540449457747971,-0.09041625724390341,-0.10742639275831248,0.003482007278829223,-0.06321160667800464,-0.03538929559929592,0.0013482935904756948,-0.00407909460346493,0.00038949377608052307,-7.14805925563096e-06,,,,,,,,,
0.0001,866,0.0009483394678682089,1.56040620803833,0.001104380120523274,0.9769888604379509,0.154051923913853,-0.0905126900931998,-0.10735844400939278,0.0034796885822193546,-0.06320635015180645,-0.035374519583405435,0.0013470843768837236,-0.004074793789811644,0.00038905315334441853,-7.13562774062789e-06,,,,,,,,,
0.0001,867,0.0009383586584590375,1.607145071029663,0.0010990732116624713,0.977004079929214,0.15405840480143804,-0.09062006678772984,-0.10728029000669011,0.003477419977181225,-0.06320128661884064,-0.03536017889693368,0.0013458805363999336,-0.004070609575995181,0.00038861764723571057,-7.1232412922537085e-06,,,,,,,,,
0.0001,868,0.0008977811667136848,1.529416799545288,0.001050722785294056,0.9770162654902746,0.15404837433010535,-0.09071062754200819,-0.10719234980651923,0.003475187582917846,-0.06319642623664579,-0.035346273539880665,0.0013446722036453691,-0.004066528900285186,0.0003881846994407008,-7.110790681221448e-06,,,,,,,,,
0.0001,869,0.0009900389704853296,1.649887204170227,0.0011550276540219784,0.9770320794296347,0.15405811950289525,-0.09081733438273616,-0.10711953260923689,0.003472823321083083,-0.06319069230613586,-0.035331853702605505,0.0013434821923088648,-0.004062357748199076,0.00038775580750887123,-7.098653245067912e-06,,,,,,,,,
0.0001,870,0.0009405234595760703,1.6932364702224731,0.0011098471004515886,0.977049106097583,0.15406980760136083,-0.09092271021526004,-0.10705046226841593,0.003470641018391443,-0.06318501424208794,-0.035316512837799796,0.0013422585329834233,-0.004057976015533351,0.0003873076970253572,-7.086156039724426e-06,,,,,,,,,
0.0001,871,0.000927728833630681,1.6371657848358154,0.0010914454469457269,0.9770662004286106,0.15407316382938427,-0.09100573728911523,-0.10698854053531733,0.00346847983865174,-0.06317887908880541,-0.03529977244287931,0.0013410028111763763,-0.0040532753854997045,0.0003868386520480439,-7.07337926851359e-06,,,,,,,,,
0.0001,872,0.0009612797875888646,1.4971990585327148,0.0011109997285529971,0.9770805480594407,0.1540614554527674,-0.09107436685592617,-0.10691640122325004,0.003466427592992746,-0.06317388157984016,-0.03528340621539311,0.0013397579236694322,-0.0040486184007601685,0.0003863696694686257,-7.060599441938083e-06,,,,,,,,,
0.0001,873,0.0008977976394817233,1.63790762424469,0.001061588409356773,0.9770976278521093,0.15406032638888562,-0.09113881201132425,-0.10686361245277605,0.003464267016765956,-0.0631678480019431,-0.03526596425653334,0.0013384929530696143,-0.0040437482868107034,0.0003858902664407292,-7.047732537469467e-06,,,,,,,,,
0.0001,874,0.0009238196653313935,1.6386761665344238,0.0010876873275265098,0.9771182216654207,0.15407371485962196,-0.09121855941136936,-0.10681963619009775,0.00346213993550581,-0.06316012827264719,-0.035247281069165595,0.0013371783913237972,-0.0040386787425392414,0.00038539439036853167,-7.034535653616438e-06,,,,,,,,,
0.0001,875,0.0009078391594812274,1.6559568643569946,0.0010734348325058818,0.977140567075004,0.15409435062427343,-0.09131052946845204,-0.10677614060966285,0.0034601525674849104,-0.06315148420734348,-0.035227979066425774,0.0013358307100914866,-0.004033523181994714,0.00038488853063312143,-7.021103506683781e-06,,,,,,,,,
0.0001,876,0.0009909733198583126,1.656281590461731,0.0011566014727577567,0.9771617770673785,0.15410901945753966,-0.09139994190192686,-0.10672574292522014,0.003458332976053689,-0.06314348514573752,-0.03520887134293067,0.0013344706971354819,-0.0040283956563836295,0.0003843780534534753,-7.007475816412212e-06,,,,,,,,,
0.0001,877,0.0009835603414103389,1.6408849954605103,0.0011476487852633,0.9771860108229738,0.15413330626450972,-0.09148875407679984,-0.10669020941476567,0.003456485321272036,-0.06313457698443158,-0.0351882381675881,0.0013330632070432536,-0.004022926614310596,0.00038384445785370216,-6.99345398409815e-06,,,,,,,,,
0.0001,878,0.0009194482699967921,1.6280953884124756,0.0010822578333318233,0.9772064538935032,0.1541396402871474,-0.09155545237680483,-0.10664688638693097,0.0034546430981065956,-0.06312691820036695,-0.03516857638846915,0.0013316838156643006,-0.004017624188944279,0.0003833220626760958,-6.979599432999797e-06,,,,,,,,,
0.0001,879,0.00089561304775998,1.518208622932434,0.0010474339360371232,0.9772272378319866,0.1541430195567477,-0.09162038469860441,-0.10660149272789392,0.003452976497198696,-0.06311801003906102,-0.035148094319205805,0.001330252102543387,-0.004012231287201847,0.000382783974427877,-6.965343865288442e-06,,,,,,,,,
0.0001,880,0.0008809014107100666,1.6697983741760254,0.0010478812037035823,0.9772461746298194,0.15414497826876317,-0.09168979721141776,-0.10654929556633488,0.0034510832771921483,-0.06311048838176678,-0.035129260025758835,0.0013288958771882312,-0.004007135619469676,0.000382275930766139,-6.951745964822411e-06,,,,,,,,,
0.0001,881,0.0008883809205144644,1.5420647859573364,0.001042587449774146,0.9772629334971693,0.1541407302982891,-0.09174143684997647,-0.10650259543761065,0.003448880455061482,-0.06310423641679094,-0.03511164537423709,0.0013275806107724887,-0.004002216125807896,0.0003817860136929216,-6.93844672625292e-06,,,,,,,,,
0.0001,882,0.0008836693596094847,1.5019277334213257,0.0010338621214032173,0.9772819016298243,0.15414822887904492,-0.09181943567061622,-0.10645107616126667,0.003446813121579675,-0.06309637956072466,-0.03509366734857242,0.00132622271182626,-0.0039973332687068645,0.00038129020001861913,-6.924886254004102e-06,,,,,,,,,
0.0001,883,0.0008739529293961823,1.5645235776901245,0.0010304052848368883,0.9773005816804625,0.15415568679282182,-0.09189294560084216,-0.1064030079369266,0.0034445991344601275,-0.06308900010897008,-0.03507597714401106,0.001324882165376944,-0.0039924825880635366,0.00038080028294540174,-6.9114640370066235e-06,,,,,,,,,
0.0001,884,0.0009856922551989555,1.6154451370239258,0.0011472367914393544,0.9773148037391148,0.15414801575087425,-0.0919542241746305,-0.1063424789498153,0.00344221918128964,-0.06308333728122999,-0.03506038803350376,0.0013236002826989169,-0.0039880473341612375,0.0003803390689039209,-6.8984810286805295e-06,,,,,,,,,
0.0001,885,0.0008999366546049714,1.6096348762512207,0.001060900161974132,0.977326377736745,0.1541329149059602,-0.09200716002379321,-0.10627722941657008,0.0034397610731969814,-0.06307950788919767,-0.035046295592733596,0.0013223787373832514,-0.003983854518717468,0.0003798999749162458,-6.885937229025818e-06,,,,,,,,,
0.0001,886,0.0008589798817411065,1.5061489343643188,0.0010095947654917836,0.9773371554565535,0.15411041934252315,-0.09204395848590631,-0.10621528303310003,0.0034373005510526734,-0.06307549566147151,-0.035031828984529154,0.0013211440675902255,-0.003979585244364306,0.00037945464113906284,-6.873285727766472e-06,,,,,,,,,
0.0001,887,0.0009241154766641557,1.4811838865280151,0.0010722338920459151,0.977346653918814,0.1540910469645493,-0.09209412792586051,-0.10614547318113536,0.003434613409809717,-0.06307272773221738,-0.03501916125822031,0.0013199763414401117,-0.003975655893579148,0.000379040069524154,-6.861210926588682e-06,,,,,,,,,
0.0001,888,0.0008680330356582999,1.6963386535644531,0.001037666923366487,0.9773611259373259,0.15409279835052875,-0.09215891235785963,-0.10609492759446391,0.0034320321850829067,-0.06306771498694431,-0.03500482776727615,0.001318748894513821,-0.003971467538238426,0.00037860481300702633,-6.848765662444594e-06,,,,,,,,,
0.0001,889,0.0008851230959407985,1.5719444751739502,0.0010423175990581512,0.9773739037852768,0.15409205531021195,-0.09222761151987079,-0.10603648156374068,0.003429497129093903,-0.06306404303675948,-0.03499181105787956,0.0013175440851088836,-0.003967523851407757,0.0003781822856604949,-6.836414350764124e-06,,,,,,,,,
0.0001,890,0.0009027612977661192,1.6053396463394165,0.0010632952908053994,0.97738394352474,0.15408266190413655,-0.09229191748486844,-0.10596778097849156,0.0034269415536658746,-0.06306275302936398,-0.034980186683070166,0.0013164130017948902,-0.003963777683426351,0.0003777803496193397,-6.82459467253632e-06,,,,,,,,,
0.0001,891,0.0009402771247550845,1.6674007177352905,0.0011070171603932977,0.9773915208937011,0.15406303140280422,-0.09234832439464181,-0.10589034183656114,0.0034243754167618766,-0.06306254479982376,-0.03496942217380687,0.0013153102814453938,-0.0039601850704213066,0.0003773887716287677,-6.812963663076919e-06,,,,,,,,,
0.0001,892,0.0008619026630185544,1.5765860080718994,0.0010195611976087093,0.9774001609945547,0.15404410485539438,-0.09240788918662489,-0.10581159622494352,0.0034218497152230173,-0.06306149349458412,-0.03495769346384754,0.0013141773483728461,-0.00395640927461251,0.0003769835908970684,-6.801118778090583e-06,,,,,,,,,
0.0001,893,0.0008520310511812568,1.6467400789260864,0.0010167050641030073,0.9774080892658831,0.15402791679280778,-0.09248163400065156,-0.10572364369958691,0.003419322806658333,-0.06306161030627741,-0.034947123233828974,0.0013130857265746746,-0.003952838006386338,0.00037659531999493563,-6.7895901233476435e-06,,,,,,,,,
0.0001,894,0.000954852148424834,1.7206788063049316,0.0011269199894741178,0.977416011371559,0.15401045991365891,-0.09255048105246316,-0.1056385259669478,0.003416700844809928,-0.06306086372719419,-0.03493635872456568,0.0013119527054183864,-0.0039492689682116885,0.00037619949894749825,-6.777727670014452e-06,,,,,,,,,
0.0001,895,0.0009105814388021827,1.5862598419189453,0.0010692074429243803,0.9774231692288501,0.1539871234374338,-0.09261513499346188,-0.10554788655110244,0.003414179971374369,-0.06306098053888749,-0.03492542871816799,0.0013108219744393556,-0.0039456062678730345,0.00037579768770213323,-6.7658056370701865e-06,,,,,,,,,
0.0001,896,0.0008947767200879753,1.5446721315383911,0.0010492439614608884,0.9774338223817054,0.15397903413281244,-0.09269422993850499,-0.1054676002912688,0.0034117348388093293,-0.0630596092711836,-0.03491339060052261,0.001309644735245249,-0.003941767393463991,0.0003753809009619491,-6.753566610041357e-06,,,,,,,,,
0.0001,897,0.0008720002952031791,1.4743506908416748,0.0010194353526458144,0.9774423630755129,0.15395619739361552,-0.09274590437466382,-0.10539018579970981,0.0034092417269677455,-0.06305756760593562,-0.03490114021481355,0.0013084791231049114,-0.003937902714173027,0.00037496866926810577,-6.741535347810121e-06,,,,,,,,,
0.0001,898,0.0009264239924959838,1.6590427160263062,0.0010923282243311405,0.9774500663917918,0.15392756113291273,-0.09279159362360424,-0.10531029394581946,0.0034067060674658296,-0.0630541800668301,-0.034888814276064876,0.001307278101300823,-0.003934117679579346,0.0003745544408416199,-6.7292840993226096e-06,,,,,,,,,
0.0001,899,0.00089088553795591,1.641652226448059,0.001055050757713616,0.977455344221249,0.15388583115613627,-0.092813637903272,-0.10523146205790175,0.003404113677750138,-0.0630517524151173,-0.0348768589069867,0.0013060643954380775,-0.0039303603613403204,0.00037413690532669486,-6.71679758775547e-06,,,,,,,,,
0.0001,900,0.0009295680793002248,1.6326382160186768,0.0010928318370133638,0.9774599731260527,0.1538433317699287,-0.0928418152599586,-0.10514525970891855,0.0034015463338203152,-0.06305062492833857,-0.0348654396047134,0.0013048807261309017,-0.003926664847386386,0.00037372545360654,-6.704498981115566e-06,,,,,,,,,
0.0001,901,0.0008940736297518015,1.6669939756393433,0.001060773036442697,0.9774654017705597,0.1538053663993984,-0.09286900088504216,-0.10506656339804385,0.0033990324007832497,-0.06304941110248218,-0.034853933956109126,0.001303678383070703,-0.003922937794132327,0.0003733097588295198,-6.6920178164366005e-06,,,,,,,,,
0.0001,902,0.0008577486732974648,1.5742652416229248,0.0010151751339435577,0.9774747235294456,0.15377171156989564,-0.09290110167114082,-0.10499200834957383,0.003396818111907246,-0.06304452024767167,-0.034839168733510006,0.001302358888635408,-0.003918678077142839,0.000372848139201721,-6.678733090849294e-06,,,,,,,,,
0.0001,903,0.000934237614274025,1.635345220565796,0.0010977721540257335,0.9774844790443133,0.1537430904912104,-0.09294358954087141,-0.10491567847435893,0.0033946309811123056,-0.06303945163593659,-0.03482476688505381,0.0013010474098205146,-0.00391452922557197,0.00037239347693922357,-6.665565232960635e-06,,,,,,,,,
0.0001,904,0.0008318801992572844,1.545764446258545,0.0009864566382020712,0.9774971586950695,0.15372170819811184,-0.09298688645480449,-0.10485008383591332,0.003392565458169236,-0.06303290002357362,-0.03480855536141063,0.001299682728426254,-0.003910040131854307,0.00037191360592711396,-6.652015454488164e-06,,,,,,,,,
0.0001,905,0.0009177726460620761,1.6022666692733765,0.001077999360859394,0.9775112288498239,0.15370964737196363,-0.09305121851800223,-0.10477932494464759,0.0033905699427240173,-0.06302652108936595,-0.034792419390807065,0.0012983057153082992,-0.003905576524439774,0.00037143136379499134,-6.63832818460552e-06,,,,,,,,,
0.0001,906,0.0008523931028321385,1.5486341714859009,0.0010072565637528896,0.9775254161942848,0.15369485787718387,-0.0931096784861819,-0.10470979857195468,0.003388638097891069,-0.06301997963454152,-0.03477572936457965,0.001296923329082163,-0.003900988034139902,0.00037094247628704276,-6.624613416440843e-06,,,,,,,,,
0.0001,907,0.0008588966447860003,1.5663042068481445,0.0010155270574614406,0.9775419290353068,0.15369182426433864,-0.09318426714201117,-0.10464330419495091,0.0033868604506072674,-0.06301310298094502,-0.03475855364024043,0.0012955437615357285,-0.0038963100232002838,0.0003704505936801303,-6.6109857261692744e-06,,,,,,,,,
0.0001,908,0.0008542824652977288,1.4875082969665527,0.001003033248707652,0.9775558816754532,0.15368031319963066,-0.09324756397660572,-0.10457370387114363,0.0033849832236929013,-0.06300724208120326,-0.03474262274217296,0.0012941994274855637,-0.003891850875888799,0.00036997652567226315,-6.5976207972593675e-06,,,,,,,,,
0.0001,909,0.0008972203941084445,1.6482353210449219,0.0010620439425110817,0.9775717823800768,0.15367455264872465,-0.09331606305241626,-0.10450924314978502,0.003383137681206442,-0.06299904494759563,-0.034725634101550884,0.0012928163365895022,-0.003887286597576901,0.0003694937219590848,-6.584119904621624e-06,,,,,,,,,
0.0001,910,0.000834057864267379,1.518462061882019,0.0009859041310846806,0.977584131460648,0.1536563798234487,-0.09337527116899823,-0.10443367743608528,0.003381202818808931,-0.06299259491061814,-0.034710268052398636,0.0012914907643761008,-0.0038829911997630305,0.00036903378707445314,-6.5710375969437386e-06,,,,,,,,,
0.0001,911,0.0008299772161990404,1.639000654220581,0.0009938773000612855,0.9775936369972413,0.1536355481253749,-0.09344524044341329,-0.10434301336986847,0.0033790431478515097,-0.0629885369739685,-0.034697362873679576,0.0012902529235684105,-0.0038791478652509385,0.00036860988697422995,-6.558619067240518e-06,,,,,,,,,
0.0001,912,0.0008624816546216607,1.5511943101882935,0.0010176011128351092,0.9776015081304917,0.15360363770528457,-0.09349776742077474,-0.10425088260655,0.0033769260245544203,-0.06298558620902053,-0.03468434976204678,0.0012890091811500952,-0.003875211824311209,0.0003681780623413316,-6.546025617909911e-06,,,,,,,,,
0.0001,913,0.0009783527348190546,1.5749331712722778,0.0011358460178598762,0.9776112358888461,0.15357589853354633,-0.09354674504292528,-0.10416848873995682,0.0033748420944675187,-0.06298182791975805,-0.034670120606252554,0.0012877264176346613,-0.0038710336634917393,0.000367728360711493,-6.533122812906417e-06,,,,,,,,,
0.0001,914,0.0008453976479358971,1.4774222373962402,0.0009931398089975119,0.9776277386487211,0.15358035116564026,-0.09362287349255927,-0.10411035083887679,0.0033726670339308284,-0.0629760025714012,-0.03465415373054718,0.0012863960888992636,-0.003866527366519463,0.00036726040769734366,-6.519956482700093e-06,,,,,,,,,
0.0001,915,0.000877340033184737,1.6177347898483276,0.0010391135001555085,0.9776458518907157,0.1535984251569226,-0.09372454338067175,-0.10404892211320732,0.003370501327844282,-0.06297067494243316,-0.03463872292164669,0.0012850980868966931,-0.0038621262005476007,0.00036680365510536104,-6.507085759025639e-06,,,,,,,,,
0.0001,916,0.000910524046048522,1.6903278827667236,0.0010795567650347948,0.9776617632044088,0.15360534290345892,-0.09381481705474923,-0.10398112126651636,0.003368434296118931,-0.06296540825869641,-0.0346237454309839,0.0012837912765200554,-0.003857833351364043,0.0003663496480207619,-6.494125665934573e-06,,,,,,,,,
0.0001,917,0.0008540092967450619,1.5550079345703125,0.0010095101315528154,0.9776790513855573,0.15361402807879113,-0.09390268969441931,-0.1039183367704168,0.003366493398592295,-0.06295956767403176,-0.03460765263354582,0.0012824236002786117,-0.0038533229128675083,0.00036587177374129487,-6.480607968791143e-06,,,,,,,,,
0.0001,918,0.0008181065204553306,1.5055469274520874,0.0009686612174846232,0.977694044928578,0.15360960016127867,-0.0939693183992241,-0.10385460323501615,0.0033645449571542527,-0.06295482410353018,-0.034591797288517974,0.0012810738931202659,-0.0038488003683769863,0.0003653954906081524,-6.467169711129144e-06,,,,,,,,,
0.0001,919,0.0008388126734644175,1.5840036869049072,0.0009972130646929145,0.9777035197759169,0.15358962448848096,-0.09401635605516867,-0.10378391829486479,0.0033621601758804646,-0.06295269609920454,-0.034579064802460896,0.0012798388709922772,-0.0038448238679310376,0.0003649685642100178,-6.454641188297785e-06,,,,,,,,,
0.0001,920,0.0007908646948635578,1.593653678894043,0.0009502300526946783,0.9777130133521519,0.15356702027135202,-0.09407658200155378,-0.10369819662812499,0.0033599111850119916,-0.06294911048809736,-0.03456589338922128,0.0012785753097323102,-0.0038408664822124363,0.0003645368331739621,-6.44198968703844e-06,,,,,,,,,
0.0001,921,0.000819046632386744,1.5224475860595703,0.0009712913888506591,0.9777192917992431,0.15353677403860846,-0.09413695583773934,-0.103599287012656,0.0033575312318415034,-0.06294818107332029,-0.03455476550581508,0.0012774032674789035,-0.003837233728279961,0.0003641355211117577,-6.430014949053608e-06,,,,,,,,,
0.0001,922,0.0008307479438371956,1.5699427127838135,0.000987742212601006,0.9777225074191915,0.1534953296292939,-0.09418965680310133,-0.1034901598182183,0.0033550571306566637,-0.06294800839516498,-0.03454496159948404,0.001276282137627606,-0.003833871766318248,0.0003637570466791525,-6.4184924050400095e-06,,,,,,,,,
0.0001,923,0.0008207219652831554,1.5329864025115967,0.0009740205714479089,0.97772921120036,0.1534602086141429,-0.09423752960144847,-0.1033962665533407,0.003352798785338047,-0.06294528109606504,-0.034532628465207785,0.0012750765354690027,-0.003830066979839641,0.0003633439102158305,-6.406387432136097e-06,,,,,,,,,
0.0001,924,0.0008139611454680562,1.4949922561645508,0.0009634603629820049,0.977740310142331,0.15343922222191028,-0.0942918051582153,-0.10331894450067468,0.0033506626513842134,-0.06294008551509812,-0.034518089901727514,0.0012737884869291282,-0.0038258939162807972,0.00036290004278918185,-6.393703849547711e-06,,,,,,,,,
0.0001,925,0.0009137609740719199,1.530836820602417,0.0010668446775525808,0.9777499901587373,0.15341915154560726,-0.09434381017157513,-0.1032433849495678,0.003348316796693282,-0.06293748518523003,-0.03450513795207917,0.0012725840298591536,-0.0038219186901500045,0.0003624812905153027,-6.381610716181898e-06,,,,,,,,,
0.0001,926,0.0007979287183843553,1.5533931255340576,0.000953268026933074,0.9777591571419216,0.15339318382507064,-0.0943830705638958,-0.1031713688893578,0.003345999005352783,-0.06293369134458263,-0.03449176866183104,0.0012713593135288237,-0.003817916703400925,0.0003620595743414073,-6.369447691349247e-06,,,,,,,,,
0.0001,927,0.0008753791335038841,1.653949499130249,0.001040774048306048,0.9777658768332655,0.153355514801208,-0.09441116962598217,-0.10309184062844642,0.0033437801901299354,-0.0629303291993235,-0.034479018186955,0.0012701548564588488,-0.0038140411924311307,0.00036164693706124595,-6.357458822302815e-06,,,,,,,,,
0.0001,928,0.0008249002858065069,1.7018154859542847,0.0009950818493962288,0.97776881607427,0.15330134973364312,-0.09441636316779814,-0.10300761647177262,0.0033414590794684173,-0.06292873446577157,-0.0344674801584766,0.0012689740939151155,-0.003810339944058992,0.00036124459543377275,-6.345531824390959e-06,,,,,,,,,
0.0001,929,0.000862827873788774,1.5556004047393799,0.0010183879639953375,0.9777695247580497,0.15323127761633126,-0.09441133491458267,-0.10290912591261837,0.0033393488965698217,-0.06292700768421854,-0.03445567589547765,0.0012677677870865866,-0.0038066141651200897,0.0003608333621062507,-6.333369563399476e-06,,,,,,,,,
0.0001,930,0.0008254115236923099,1.5882313251495361,0.0009842346189543605,0.9777679231107841,0.15315220142803293,-0.0943985206983433,-0.10280270409644802,0.0033371883203430317,-0.0629279218626878,-0.034444789062245455,0.0012666233150440106,-0.0038029575177784295,0.0003604334227977381,-6.321576237691955e-06,,,,,,,,,
0.0001,931,0.0008535606320947409,1.5493040084838867,0.0010084910318255424,0.977765045416954,0.15307293830508312,-0.09439017797371765,-0.10269068664595707,0.0033349770490315907,-0.06293071010701902,-0.034435172239631565,0.0012655235014579565,-0.0037994894690799356,0.0003600489893661527,-6.310050638313686e-06,,,,,,,,,
0.0001,932,0.0008449529996141791,1.5059683322906494,0.000995549838989973,0.9777673805320841,0.15301849811400284,-0.09441229184858561,-0.1025888189859133,0.0033329637299554533,-0.06293153286764135,-0.03442421345112354,0.0012643607079973205,-0.003795828043056438,0.0003596453373828828,-6.298094996358044e-06,,,,,,,,,
0.0001,933,0.0008240584284067154,1.4834096431732178,0.000972399371676147,0.977773236514263,0.15297741529827338,-0.09444867273949745,-0.10249522152549317,0.003330968214510235,-0.06292983147993468,-0.03441180836157146,0.001263139162681655,-0.0037919757883382505,0.0003592255555437349,-6.285811284620909e-06,,,,,,,,,
0.0001,934,0.0008677548030391335,1.428385615348816,0.001010593376122415,0.9777824370439514,0.15295343664557737,-0.09450581039887306,-0.10240839059203784,0.0033290137379430674,-0.06292739367068334,-0.03439872689242663,0.0012619355864490868,-0.003788005022310506,0.00035880617929090496,-6.273808284512875e-06,,,,,,,,,
0.0001,935,0.00081002147635445,1.5558055639266968,0.0009656019974499941,0.9777966898541943,0.15294895938756012,-0.09458460956431526,-0.10233209769238012,0.003327207423795921,-0.06292251805218066,-0.034383616284503565,0.001260660662386573,-0.0037837268277512485,0.0003583600655400334,-6.2613427785778455e-06,,,,,,,,,
0.0001,936,0.0008401266532018781,1.5075050592422485,0.0009908771608024836,0.9778073368844441,0.1529284996941699,-0.09464394817189764,-0.10224865618500005,0.0033254650820175014,-0.0629194860269243,-0.03436962458111956,0.001259438412400982,-0.003779595498013781,0.00035792920807450884,-6.249238187594518e-06,,,,,,,,,
0.0001,937,0.0008169029606506228,1.5166971683502197,0.0009685726836323738,0.9778150992285055,0.15290028198068162,-0.09469423070405218,-0.10216056192000757,0.0033236409642394362,-0.06291860739983997,-0.034357327424481214,0.0012582987849641433,-0.003775732093037974,0.00035752568088702913,-6.237761092130393e-06,,,,,,,,,
0.0001,938,0.0008268798119388521,1.604638695716858,0.0009873437229543924,0.9778276016564609,0.15289482369474758,-0.09477019386508567,-0.10208333846882739,0.0033219586719958113,-0.06291658097089979,-0.03434383221250039,0.0012571080689577135,-0.0037716616118492305,0.00035710312234155014,-6.225892528067861e-06,,,,,,,,,
0.0001,939,0.0008672972326166928,1.5336897373199463,0.0010206662118434906,0.9778393209425582,0.15288205005903066,-0.09483522188028554,-0.10200564666058953,0.003320384710319982,-0.06291383843549203,-0.03432997002861287,0.0012558906635778597,-0.003767543980999696,0.00035667382482340256,-6.21383873252218e-06,,,,,,,,,
0.0001,940,0.0008583224262110889,1.5504199266433716,0.0010133644100278616,0.9778544846670948,0.1528858410096107,-0.09492064998854811,-0.10193425918485166,0.003318706039153832,-0.06291020711546139,-0.03431524438141546,0.001254638641287921,-0.003763266423598017,0.0003562321413230817,-6.201535160914687e-06,,,,,,,,,
0.0001,941,0.0008322121575474739,1.6136698722839355,0.0009935791604220867,0.9778689593829033,0.15289098979290225,-0.09500537344540852,-0.10186422747954389,0.003316960076297937,-0.06290854127913964,-0.034301432566221014,0.001253442376005829,-0.003759071378102723,0.0003558043725533636,-6.189600524591155e-06,,,,,,,,,
0.0001,942,0.0008021394605748355,1.5469682216644287,0.0009568362729623914,0.977879715108999,0.1528756214061299,-0.09506760895319981,-0.10178387343118873,0.003315192688733648,-0.06290750521020783,-0.03428813882901251,0.001252246286891218,-0.0037549690390350663,0.00035537922449523876,-6.177614328988809e-06,,,,,,,,,
0.0001,943,0.0008916783845052123,1.556275725364685,0.0010473059955984354,0.9778906953431703,0.15285640498733868,-0.09512117115916444,-0.10170639731370112,0.0033135511336116175,-0.06290542799357492,-0.034274006812840645,0.0012509899484979864,-0.003750763161860942,0.0003549355130633278,-6.165138129277432e-06,,,,,,,,,
0.0001,944,0.000835502811241895,1.533235788345337,0.0009888263884931803,0.9779036364946276,0.1528427109218867,-0.09518365025015647,-0.10162952513031419,0.0033119409611610377,-0.0629021775812398,-0.034258763087657296,0.0012496925630816008,-0.0037463664559921274,0.0003544761709586994,-6.152377016810532e-06,,,,,,,,,
0.0001,945,0.0008694021962583065,1.527747392654419,0.0010221769334748387,0.9779154631596463,0.15282106618052677,-0.09523850866672508,-0.10154777217337888,0.0033103398414041454,-0.06289887638121193,-0.03424338984297747,0.0012483861050399255,-0.0037419541397626455,0.00035401377135721207,-6.1395418117503725e-06,,,,,,,,,
0.0001,946,0.0008511300547979772,1.6457428932189941,0.001015704357996583,0.9779293222767103,0.1528082517850766,-0.09529288861629222,-0.10148018701743816,0.0033086273735148945,-0.06289475749933103,-0.03422735820752385,0.0012470772687372522,-0.003737389224293169,0.000353549593415715,-6.126772297030629e-06,,,,,,,,,
0.0001,947,0.0008642963948659599,1.6288055181503296,0.0010271769715473056,0.9779453896711766,0.1528006137393548,-0.0953569422986891,-0.1014116651473821,0.00330716023362458,-0.06288995806236745,-0.034209905455372704,0.0012457280019976095,-0.003732550331065039,0.0003530636074098876,-6.113682732861651e-06,,,,,,,,,
0.0001,948,0.0008049163152463734,1.624847650527954,0.0009674010798335075,0.9779590203967891,0.1527789058141534,-0.09540585902503945,-0.10133560026366037,0.0033057280974831908,-0.06288595599217983,-0.03419269375339557,0.0012443856057897395,-0.0037277257738824194,0.00035257824538301104,-6.100592404851505e-06,,,,,,,,,
0.0001,949,0.00081992382183671,1.4892820119857788,0.0009688520221970975,0.9779662836424299,0.15272815129535797,-0.09542800769750752,-0.10123946997757309,0.003304184009696531,-0.06288419365924189,-0.034177338497534696,0.0012431083034662273,-0.003723185388979706,0.0003521174681267958,-6.087940521671576e-06,,,,,,,,,
0.0001,950,0.0007979824440553784,1.510627031326294,0.0009490451775491238,0.9779756302656041,0.1526892388177779,-0.09545735077379772,-0.1011547096753201,0.0033025931496591513,-0.06288186250414529,-0.034161749387027394,0.0012418287109654577,-0.003718611871882923,0.0003516572212526887,-6.075333705120535e-06,,,,,,,,,
0.0001,951,0.0007914594607427716,1.5675177574157715,0.0009482112363912165,0.977986821695795,0.15265610597565918,-0.0954869548320887,-0.10107915628680608,0.0033010388021529787,-0.06287827181426883,-0.03414520686911542,0.0012404870194275132,-0.003713902958800759,0.00035117881659111347,-6.062236502539881e-06,,,,,,,,,
0.0001,952,0.0007993284380063415,1.603844165802002,0.000959712837357074,0.9779981607292723,0.15262476071754869,-0.09551541926897619,-0.10100740521808924,0.003299345043164016,-0.06287455415516055,-0.034128801066227524,0.0012391544005148577,-0.003709213160445943,0.0003507055285569348,-6.049254639975538e-06,,,,,,,,,
0.0001,953,0.0007649725885130465,1.5237396955490112,0.0009173465659841895,0.9780099805804042,0.15259284151218194,-0.09555106071088575,-0.10092840077757131,0.003297817853738906,-0.06287010515327685,-0.03411181602336923,0.0012377891025344124,-0.0037044647435939258,0.0003502212896921696,-6.036035222808064e-06,,,,,,,,,
0.0001,954,0.0007702079601585865,1.5083487033843994,0.0009210428106598556,0.9780215022816027,0.1525598381436514,-0.09559192179281133,-0.10084269759861011,0.0032964261529626554,-0.06286572725416299,-0.034094960500007425,0.001236416053184788,-0.003699770803714851,0.0003497360212621357,-6.022744768412001e-06,,,,,,,,,
0.0001,955,0.0008206756901927292,1.4599989652633667,0.0009666755795478821,0.9780312093625343,0.15251923087183034,-0.09561932490289556,-0.10075802357265722,0.0032948938336777897,-0.06286158805720499,-0.03407874537860046,0.001235061149085742,-0.0036952033396150615,0.00034926154766795045,-6.009620449469896e-06,,,,,,,,,
0.0001,956,0.0007906184764578938,1.5249528884887695,0.0009431137586943805,0.978043379417111,0.15249165149826885,-0.09566239563242794,-0.1006787972787962,0.003293360910880011,-0.0628563873974688,-0.03406209492777475,0.0012337057164842522,-0.003690590955906004,0.00034878791644534884,-5.996610706702935e-06,,,,,,,,,
0.0001,957,0.0008089729235507548,1.637111783027649,0.0009726841235533357,0.9780568718471605,0.15246979875366953,-0.09571237368558155,-0.10060230101357398,0.0032918976938236277,-0.06285007448726168,-0.0340450091475303,0.0012323169882287877,-0.0036859549973665513,0.0003483072966584983,-5.983393581058963e-06,,,,,,,,,
0.0001,958,0.0007816401775926352,1.4193530082702637,0.0009235754841938615,0.9780658702646361,0.15242840620652343,-0.0957385153826619,-0.10051794744245,0.003290403999365162,-0.06284510745091207,-0.03402939125491267,0.0012309729184298449,-0.003681586007852391,0.000347846113815965,-5.970500324070065e-06,,,,,,,,,
0.0001,959,0.0007941920193843544,1.579543948173523,0.0009521464235149324,0.9780777308925657,0.15240864295500953,-0.0957947396050347,-0.10043758723150199,0.003288803784877639,-0.06284025722625576,-0.03401429144028098,0.0012296813465403436,-0.0036773106805022358,0.00034740277677142454,-5.958131825963323e-06,,,,,,,,,
0.0001,960,0.0008061076514422894,1.503809928894043,0.0009564886568114161,0.9780892450363292,0.1523929022120969,-0.09585679242542544,-0.1003563827453316,0.003287209303762784,-0.06283746390315527,-0.03400017741292807,0.0012284489669245752,-0.0036731525901464814,0.0003469738536406474,-5.946162052946081e-06,,,,,,,,,
0.0001,961,0.0007640497060492635,1.5106528997421265,0.000915115000680089,0.9781008389944028,0.15237652847451924,-0.09591396488240116,-0.10027864163635082,0.0032855891733491478,-0.06283489912467208,-0.033985883497385606,0.0012272120069542916,-0.0036689342883995807,0.0003465410618403754,-5.9341346099206835e-06,,,,,,,,,
0.0001,962,0.0008953473879955709,1.5419858694076538,0.0010495459428057075,0.9781149081333829,0.15237094479118873,-0.09597237265418068,-0.10021682466733091,0.003283873989651791,-0.06283107989017832,-0.0339707872805177,0.0012259576944870954,-0.0036645821835612448,0.00034610287262217893,-5.92206553755165e-06,,,,,,,,,
0.0001,963,0.0007508528651669621,1.5288467407226562,0.0009037375566549599,0.9781277576405243,0.1523604155040235,-0.09602549989014397,-0.1001523824337509,0.0032820447420139694,-0.06282740286122421,-0.033956147979651276,0.001224708050458155,-0.0036603132277868724,0.00034567079839770034,-5.910038094526252e-06,,,,,,,,,
0.0001,964,0.0008157733245752752,1.4570921659469604,0.0009614825248718262,0.9781421259825412,0.15236222070369837,-0.09609756571996547,-0.10008842704500714,0.0032800682372254955,-0.06282378169873212,-0.033941918823857053,0.001223477168265978,-0.0036561261467613067,0.000345247179088005,-5.898201229872177e-06,,,,,,,,,
0.0001,965,0.0007843634230084717,1.537671446800232,0.0009381305426359177,0.9781554226760845,0.15236131333138503,-0.09616891819898479,-0.10002058306016613,0.003278025647773101,-0.06282070904332157,-0.03392834805883662,0.0012222838978310688,-0.0036520578956240873,0.00034483713132048944,-5.886694726523098e-06,,,,,,,,,
0.0001,966,0.000830604403745383,1.509631633758545,0.0009815675439313054,0.9781678816001333,0.15235596905568727,-0.09622301976775108,-0.09996205691573566,0.003275834292387773,-0.06281832202176298,-0.03391492839989542,0.001221114057671179,-0.00364795587513522,0.0003444315450024721,-5.87536161511907e-06,,,,,,,,,
0.0001,967,0.0007709095953032374,1.5847543478012085,0.0009293850162066519,0.978182292706877,0.15235707717657518,-0.09627742581551829,-0.09991328615580908,0.0032737358779909714,-0.06281551346235466,-0.033900548138021964,0.0012199288909404116,-0.0036436458226970494,0.00034401507025176337,-5.863926912839748e-06,,,,,,,,,
0.0001,968,0.0008079261751845479,1.4993629455566406,0.0009578624740242958,0.9781970408125236,0.1523626957512794,-0.09633706890210161,-0.09986529804517624,0.0032716109090260193,-0.06281428440019045,-0.033886538445819,0.0012187591388642624,-0.003639322071370946,0.0003435991258831628,-5.852496793607432e-06,,,,,,,,,
0.0001,969,0.0007470198906958103,1.456769585609436,0.0008926968439482152,0.9782139283497525,0.15237067507021815,-0.09640175764070044,-0.09981780294197254,0.003269775928015529,-0.06281017567584808,-0.033870729871720434,0.0012175259664948279,-0.003634780412153076,0.00034316221582181554,-5.840741659958292e-06,,,,,,,,,
0.0001,970,0.0007812056574039161,1.5614243745803833,0.0009373481152579188,0.9782308079794164,0.1523846963223632,-0.09647694655513155,-0.09976900136908164,0.0032677550650279854,-0.06280655959212526,-0.03385588549831792,0.0012163428256900962,-0.003630412696954073,0.0003427454914795265,-5.829443303327391e-06,,,,,,,,,
0.0001,971,0.0007972623570822179,1.4601342678070068,0.0009432757506147027,0.9782473885953497,0.1523949634599259,-0.09654455829213936,-0.09972179590774254,0.003265651219014971,-0.06280282669670914,-0.0338407533038121,0.0012151423323884518,-0.003625981584576032,0.0003423226209445721,-5.8179944699864675e-06,,,,,,,,,
0.0001,972,0.0006981667829677463,1.524242639541626,0.0008505910518579185,0.9782647754788862,0.1524123107855195,-0.09661813781756551,-0.09967969307329493,0.003263452621474693,-0.06279888557175281,-0.033825923321464745,0.0012139487977023205,-0.003621612595061872,0.00034190673897386664,-5.806635006062157e-06,,,,,,,,,
0.0001,973,0.0007475115708075464,1.603154182434082,0.0009078269940800965,0.9782780204499713,0.15241708527956363,-0.09668601923597415,-0.0996217955133366,0.0032611327178389995,-0.06279812883513104,-0.03381330596384898,0.0012128365643088313,-0.0036175685559126265,0.0003415180000875208,-5.795774712340887e-06,,,,,,,,,
0.0001,974,0.000859395251609385,1.5901521444320679,0.00101841043215245,0.9782889838148332,0.15241343261087906,-0.09674548833455693,-0.09955780931162851,0.00325873194347303,-0.06279939852744945,-0.033801670795748216,0.0012117752433174517,-0.003613622320451645,0.0003411419279738761,-5.785228739260095e-06,,,,,,,,,
0.0001,975,0.0007730378420092165,1.4712172746658325,0.0009201595676131546,0.9783022850959631,0.15241419131790565,-0.09679938111772257,-0.0995075348790431,0.0032564283346859747,-0.06279813899266959,-0.03378836266748454,0.0012106512947864527,-0.0036094256820624056,0.00034074626292117643,-5.77432376083052e-06,,,,,,,,,
0.0001,976,0.0007563589606434107,1.6007897853851318,0.0009164379443973303,0.9783140809038094,0.1524141340070363,-0.09686017252510942,-0.09944811515864732,0.0032538978050438154,-0.06279864179082768,-0.033776454069335646,0.0012095628440029454,-0.00360545141166798,0.0003403656357611909,-5.763600576598839e-06,,,,,,,,,
0.0001,977,0.0008502968121320009,1.5846697092056274,0.001008763792924583,0.9783270895766414,0.1524254684701224,-0.09692909787152128,-0.09939779142531899,0.003251190144361834,-0.06279972356868296,-0.03376511751562955,0.0012084883985342054,-0.0036015456357132184,0.0003399931515265133,-5.752956831848591e-06,,,,,,,,,
0.0001,978,0.0007713253144174814,1.5447533130645752,0.0009258006466552615,0.9783415733810575,0.152438696418272,-0.09699130728111248,-0.09935705052389435,0.0032486716849779245,-0.06280051585668965,-0.03375258290658098,0.00120734921151607,-0.003597380536624103,0.0003395955209401186,-5.741708124893586e-06,,,,,,,,,
0.0001,979,0.0008167152991518378,1.5028635263442993,0.0009670016588643193,0.9783604539219133,0.15246530096936992,-0.09705671806991353,-0.09933553074961286,0.00324621568918046,-0.06279837261605617,-0.03373770615330434,0.0012061167438165608,-0.00359282900146377,0.0003391665978093415,-5.729835359704631e-06,,,,,,,,,
0.0001,980,0.0008004847913980484,1.5162112712860107,0.0009521059109829366,0.9783822687637992,0.15250316002572964,-0.09712921017033634,-0.09932516526841544,0.0032437702548589646,-0.06279491397418084,-0.03372163494244902,0.0012048483379508569,-0.003588070071511712,0.00033872385354480426,-5.717746045544656e-06,,,,,,,,,
0.0001,981,0.000736114801838994,1.5327554941177368,0.0008893903577700257,0.9784052317227674,0.1525467227633466,-0.09720518203076985,-0.09932006880411681,0.003241428926514877,-0.0627915315138446,-0.03370530109483694,0.0012035752636468972,-0.0035832467886442493,0.00033827736540656227,-5.705615865882213e-06,,,,,,,,,
0.0001,982,0.00074195017805323,1.539056420326233,0.00089585583191365,0.9784252048252807,0.1525750471812508,-0.09726612132795714,-0.09930553741014324,0.0032391144544953966,-0.0627892613039793,-0.03368958966036074,0.001202342795947388,-0.003578515256468057,0.00033784123531890344,-5.693791604607403e-06,,,,,,,,,
0.0001,983,0.0008098289836198092,1.3710049390792847,0.000946929445490241,0.978440560457087,0.15258662989311475,-0.09731848301671808,-0.09927225940867702,0.0032365688370304246,-0.06278916988613237,-0.03367591456019036,0.0012011761268021623,-0.003574132886644753,0.00033743162433665346,-5.682409607368647e-06,,,,,,,,,
0.0001,984,0.0007843428757041693,1.538658618927002,0.0009382087155245245,0.9784603892443644,0.15262392518926765,-0.097398491398764,-0.09925226795742585,0.00323398067190512,-0.06278763609781174,-0.03366177175072712,0.0012000002088641659,-0.00356971356168191,0.00033702285572598706,-5.671081079011625e-06,,,,,,,,,
0.0001,985,0.0007445565424859524,1.4088214635849,0.0008854386978782713,0.9784766404010246,0.15263930833069936,-0.09744834766031724,-0.09922778397597673,0.0032314217771560725,-0.06278664573780338,-0.03364779084063449,0.0011988212960789865,-0.003565315900076728,0.000336612776759524,-5.659679603823094e-06,,,,,,,,,
0.0001,986,0.000773005886003375,1.4533957242965698,0.0009183454676531255,0.9784888577977903,0.15263838228340165,-0.09748893036144197,-0.09918646995341573,0.003228914784517501,-0.0627869301488827,-0.033635317393570376,0.0011976740934404497,-0.003561219614006065,0.0003362193580310472,-5.648474435814643e-06,,,,,,,,,
0.0001,987,0.0008032519835978746,1.5465764999389648,0.0009579096222296357,0.9785017672365972,0.15264923217211332,-0.097552383785237,-0.09914008411692755,0.00322625057676522,-0.06278825570766311,-0.03362400602421082,0.001196570668421028,-0.0035573253068877124,0.0003358430363258222,-5.6376087952052e-06,,,,,,,,,
0.0001,988,0.0007583683473058045,1.5040158033370972,0.0009087698999792337,0.9785116094038027,0.15265244660260593,-0.09761595900063241,-0.09908076916061048,0.003223384192187248,-0.06279111505476416,-0.033614597871896815,0.001195526435675339,-0.003553756268713063,0.0003354938577049568,-5.627177398299552e-06,,,,,,,,,
0.0001,989,0.0007683578878641129,1.5777767896652222,0.0009261355735361576,0.9785207490759062,0.15265555122753618,-0.09768648503664919,-0.09901397897914924,0.003220495175875057,-0.06279455338156241,-0.03360588408799451,0.001194501933687561,-0.003550323900838952,0.00033515350838624514,-5.6168949504215895e-06,,,,,,,,,
0.0001,990,0.0008133996743708849,1.4307695627212524,0.0009564766078256071,0.9785309502432317,0.15265809860874519,-0.09775106938244768,-0.09895210038420069,0.0032177700133186127,-0.06279801202343775,-0.03359600462862385,0.001193456908188206,-0.003546626793991072,0.0003347961244421768,-5.60642536145756e-06,,,,,,,,,
0.0001,991,0.000732559128664434,1.4212169647216797,0.0008746808161959052,0.9785442726607729,0.1526757399762878,-0.09783730653491275,-0.0988925820623191,0.0032151115389390007,-0.06280059711699802,-0.0335853480522743,0.0011923986701277498,-0.003542816910251839,0.0003344316583370169,-5.595923309243906e-06,,,,,,,,,
0.0001,992,0.0007454511942341924,1.506552815437317,0.0008961064741015434,0.9785619882592671,0.15270929186440144,-0.09793888072962495,-0.09884484661799368,0.003212538461636509,-0.06279925124314051,-0.03357275587900507,0.001191255519341284,-0.0035387986759845133,0.00033404572735594966,-5.584978992994198e-06,,,,,,,,,
0.0001,993,0.0007782924803905189,1.5013706684112549,0.0009284295374527574,0.9785788303947678,0.15273978521695283,-0.09803161633390997,-0.09880044513640776,0.0032099140857364543,-0.06279883478406008,-0.03356056665528046,0.0011901483948047538,-0.003534792547711175,0.00033366909366124925,-5.574306222279581e-06,,,,,,,,,
0.0001,994,0.0007527141133323312,1.4004287719726562,0.0008927569724619389,0.9785936452689352,0.15276919795293561,-0.09813531318222869,-0.09874204224383457,0.0032071469790325904,-0.0628005056991511,-0.03355026265978245,0.0011891002863744754,-0.003531095759442084,0.00033331598397299384,-5.5640115529429365e-06,,,,,,,,,
0.0001,995,0.0007464766968041658,1.4518792629241943,0.0008916646474972367,0.9786120874657191,0.1528149131547528,-0.09826089772101469,-0.09868827978368806,0.0032045385962247166,-0.06280010447637849,-0.03353886134632811,0.0011879988872810889,-0.003527285875702851,0.00033294864756466027,-5.55340905561574e-06,,,,,,,,,
0.0001,996,0.0007805860950611532,1.438909888267517,0.0009244770626537502,0.9786289261472103,0.1528557093959218,-0.09838538613539732,-0.0986270051228402,0.003201848437417198,-0.06280097294592427,-0.0335283091051285,0.0011869260273196808,-0.0035236212638914623,0.0003325906396416411,-5.542973839504254e-06,,,,,,,,,
0.0001,997,0.0007310292567126453,1.5530658960342407,0.0008863358525559306,0.9786502725769906,0.15291153678890076,-0.09852086189201373,-0.0985794730440793,0.003199304026978051,-0.06279937313360308,-0.033515569423543834,0.0011857584773370484,-0.003519612586987811,0.00033220030960897073,-5.531860714356501e-06,,,,,,,,,
0.0001,998,0.0007602706318721175,1.471219539642334,0.0009073925903066993,0.9786667427080141,0.15294741372037907,-0.09863914763417729,-0.09851633111759361,0.003196690514310421,-0.06280037872991925,-0.03350461423279961,0.0011846583114160315,-0.0035158632332185132,0.0003318315692479979,-5.521166938009774e-06,,,,,,,,,
0.0001,999,0.0007484701927751303,1.50335693359375,0.0008988059125840664,0.9786790557606874,0.1529605078525862,-0.09872806420185058,-0.0984466506800791,0.0031940942017607975,-0.062802044566241,-0.033494263466372305,0.001183573736317114,-0.0035122244262890444,0.00033146956785969366,-5.510569023729583e-06,,,,,,,,6.734674842388319e-05,0.0004231081019188665
0.0001,1000,0.0007728551281616092,1.4399906396865845,0.0009168541873805225,0.9786892160353934,0.15295831825546083,-0.09879156982204577,-0.09837844926485197,0.0031916243251663453,-0.06280394910471862,-0.033483671649770994,0.0011824792958392409,-0.0035085091604501835,0.0003311022002524126,-5.499863025924174e-06,0.07786769457973997,41.34004667271811,0.004134004667271811,0.05309011252462865,0.34274786871775137,0.6218497964889118,0.0,,
