checkpoint_epoch,seed,epoch,pde_loss,coefficient_error,spurious_l2,xi_u,xi_u_x,xi_u_xx,xi_u^2,xi_u*u_x,xi_u*u_xx,xi_u_x^2,xi_u_x*u_xx,xi_u_xx^2
500,8,0,7.801974773406982,1.975175669140373,1.5886292582061246,1.5148146453577989,-0.4263504301507831,0.004076209178819525,0.21716919218413466,0.17359381253543674,0.011441786369389867,-0.0027751907664357624,-0.0019311763017957025,-0.0001315803151646291
500,8,1,7.780087471008301,1.9424351904055706,1.5569924772162762,1.4819403906752036,-0.4187517171292434,0.004526180676783749,0.22930568245254987,0.16128784361733553,0.010935211433762887,-0.0044614749679001515,-0.0021567634208302443,-0.00014406018917341242
500,8,2,7.7591552734375,1.9094895222249793,1.5253052490845516,1.449111301548865,-0.41119562378770563,0.004973787286252165,0.239583433144356,0.1486376040917234,0.010370646996025643,-0.00609929545788694,-0.002387412312304449,-0.00015712127811774967
500,8,3,7.7392354011535645,1.8762526966964492,1.4933695636072188,1.4163587293410442,-0.4037214182054062,0.005416869294765174,0.24683655757492992,0.13576355842715634,0.009765080136078269,-0.007685402608571276,-0.002623410462576714,-0.00017078886533007418
500,8,4,7.720374584197998,1.842693399390052,1.4610206588455463,1.3837130456839315,-0.39637864972338877,0.005852736951769631,0.2502535770324631,0.12282565589250576,0.009136660126499465,-0.009217619067137865,-0.0028650806410011266,-0.00018508613725546337
500,8,5,7.702608108520508,1.8090240581474273,1.42849457240563,1.3512024668035612,-0.3892290059124955,0.0062781084464510395,0.2513036359608909,0.10985720219136082,0.008473062985751352,-0.01069478813170829,-0.00311276446849626,-0.00020003335374800912
500,8,6,7.685956001281738,1.7754194449080154,1.3960260688217252,1.3188545231149185,-0.38234807895755435,0.00668897815253382,0.25120324787953074,0.09683555614550626,0.007759055668687644,-0.012116989389394598,-0.0033668354098396153,-0.00021564784807081747
500,8,7,7.67042350769043,1.741932111340558,1.3636416780532727,1.2866970389520103,-0.3758260903278146,0.0070805076704189476,0.2498801059930658,0.08380899660105012,0.006997141105202144,-0.013485715636298358,-0.0036277025949306907,-0.00023194372518559796
500,8,8,7.655993461608887,1.7085944211721384,1.331279180080802,1.254757054864786,-0.3697665773117825,0.007447056670640377,0.24675658126708078,0.0709029201368871,0.006201850285688893,-0.014803864273498555,-0.0038957896744686573,-0.00024893089627934855
500,8,9,7.642630577087402,1.675509464224953,1.2990177193847556,1.223058770185991,-0.3642816826593883,0.007782402150609617,0.2420089718400461,0.05817562801956823,0.005375792495274962,-0.01607549962121697,-0.004171481577020229,-0.00026661376632406835
500,8,10,7.63027811050415,1.6427994406349715,1.267099805838751,1.1916232491121441,-0.35948375293412266,0.008080094475384453,0.23665951704375035,0.045517096965065916,0.0044992876072986535,-0.017305550702892723,-0.004455065406817495,-0.0002849897406102236
500,8,11,7.61886739730835,1.610511495171842,1.2356929859945696,1.1604692044875948,-0.355474853437669,0.00833388985656881,0.2313190804669151,0.03279912002217923,0.003554987595342783,-0.018499495047737124,-0.0047466787293310225,-0.00030404724854355645
500,8,12,7.608323097229004,1.5786430048840914,1.2048437815250046,1.1296137815885794,-0.3523352640667364,0.008538316933197043,0.22597004839965656,0.019967562627006493,0.0025384902895577983,-0.019662856431526588,-0.005046242826541542,-0.00032376417475094807
500,8,13,7.598576545715332,1.5471815942881637,1.1745596251553208,1.0990716763661577,-0.3501140133054927,0.008689292970352518,0.22042776877253095,0.0070018076277450075,0.0014506335818203044,-0.020800442346029138,-0.005353367929615782,-0.0003441046458645426
500,8,14,7.589573383331299,1.5161102868628986,1.1448489201376946,1.068854155716142,-0.348824666078657,0.008784586511013957,0.2145660066430459,-0.006125980573329351,0.0002916101032247524,-0.021915494352808273,-0.005667249025800059,-0.0003650156815361864
500,8,15,7.58128023147583,1.4854069377491737,1.1157161208554502,1.0389688615330837,-0.3484469769059308,0.008823959524158955,0.20828968823773766,-0.019445868655928837,-0.0009385135020007568,-0.023008870702072245,-0.005986559882057765,-0.00038642272912334653
500,8,16,7.5736870765686035,1.4550543964342173,1.087150936335236,1.0094193208452367,-0.3489335251656755,0.00880898368504529,0.20147070652837765,-0.03296282420901606,-0.002236812017202347,-0.024078299934623276,-0.0063093582777451985,-0.00040822507769086526
500,8,17,7.566796779632568,1.4250505846431138,1.0591360357101258,0.9802054356795942,-0.3502180035130211,0.008742641421807171,0.19397362718342567,-0.04665153352524764,-0.0035973095388278377,-0.02511783237608536,-0.00663299989881703,-0.00043029030653939944
500,8,18,7.5606207847595215,1.3954082386438282,1.0316600161199565,0.9513236790079018,-0.35222330248441486,0.00862885320596005,0.1857110056820419,-0.06047221401651412,-0.005013074309442634,-0.026117416389307733,-0.006954071593097985,-0.00045244936732572296
500,8,19,7.555171012878418,1.3661504581968493,1.004722818241879,0.9227677805577075,-0.35486787400988506,0.00847203568636185,0.176660538035025,-0.07438331963261324,-0.006477627201299839,-0.027062835995277017,-0.007268360800178275,-0.0004744917265251111
500,8,20,7.5504374504089355,1.337312268048244,0.9783336768749918,0.894530196407467,-0.35807005678970455,0.008276752353543467,0.1668430688099002,-0.08833674833893969,-0.007984283540010023,-0.027936042127583594,-0.0075708937640443135,-0.0004961631629453411
500,8,21,7.546387672424316,1.3089555751469595,0.9525050927618652,0.8666032846626295,-0.3617506352868667,0.00804747416766653,0.15628146563458514,-0.1022495429701831,-0.009522858021031753,-0.028716025939651047,-0.007856060361005708,-0.0005171680908968565
500,8,22,7.542958736419678,1.2812197235991158,0.9272444154636938,0.838981264915778,-0.3658339267327391,0.007788445456538942,0.14493527736620967,-0.11592271148591345,-0.011070639669086878,-0.029380251372752925,-0.008117866812559705,-0.0005371778270580245
500,8,23,7.540055274963379,1.2544443242875445,0.9025428982841793,0.8116610020306865,-0.3702477584811125,0.007503641673489775,0.13260542882317952,-0.12885665902642449,-0.0125721143587897,-0.029906591058738146,-0.008350293355614673,-0.0005558459777060935
500,8,24,7.53755521774292,1.2292174013881332,0.8784017448215495,0.784642398034348,-0.37492215454303596,0.0071968391304011985,0.1190593284502359,-0.14021986901208303,-0.013935534445076527,-0.030275339658865374,-0.008547713562424447,-0.0005728310066559267
500,8,25,7.5353217124938965,1.2058928379167588,0.8549086230300752,0.7579268735353648,-0.3797868898240962,0.0068717631804012845,0.10461536166723688,-0.14962571052167656,-0.015117619409704429,-0.030471005649325523,-0.008705308056003518,-0.000587822091842217
500,8,26,7.533234119415283,1.1843262676716624,0.8321856033808165,0.7315186903595443,-0.3847702898890086,0.006532129789479195,0.08998127753224154,-0.15743579099585003,-0.016156427894281886,-0.03048445802226388,-0.008819569935855932,-0.0006005699601234805
500,8,27,7.531189918518066,1.1642068176160814,0.810302330846045,0.7054291643892024,-0.38979995563205255,0.006181544289486919,0.07566023431427674,-0.1641790280861536,-0.017108157342791756,-0.030315197744977908,-0.008888838735801777,-0.000610917661743968
500,8,28,7.52912712097168,1.1453576388156734,0.7892768660962128,0.6796801925914183,-0.3948039861584323,0.00582339342604179,0.061809321143062534,-0.1701294237865743,-0.01800115555787541,-0.029972491338513086,-0.008913624976587375,-0.0006188199401420448
500,8,29,7.527032852172852,1.1278774226677766,0.7691074900533221,0.6543053307211117,-0.39971181668446787,0.005460819543894476,0.048361902837864575,-0.17515470448134896,-0.018818922599664882,-0.02947481591888165,-0.008896570934251091,-0.0006243453439230669
500,8,30,7.52493143081665,1.112086046558245,0.7497957204356376,0.6293479808204122,-0.4044539241402306,0.005096790319960898,0.03521747808633061,-0.17883031783486833,-0.019511917869865808,-0.028847914690325084,-0.008842105197941671,-0.0006276626498908907
500,8,31,7.522875785827637,1.09822837394056,0.7313500616820745,0.6048579621634125,-0.408961193082912,0.004734245269740241,0.022379869063505416,-0.1808543442474545,-0.020043244368484887,-0.028122039359431986,-0.008755908712091766,-0.0006290173899779051
500,8,32,7.520927906036377,1.0861868418884681,0.7137745672312534,0.5808882291604311,-0.4131647345292147,0.0043762043699223626,0.009923627054593966,-0.1814136455598649,-0.020430481017497542,-0.02732941195156478,-0.008644375723573995,-0.0006287071109913375
500,8,33,7.519150257110596,1.0755876805926565,0.6970625844487169,0.5574935977089208,-0.4169983317180731,0.004025739226461132,-0.002146929750707427,-0.18101438657501157,-0.02072818088774636,-0.026502346985216106,-0.008514229617386853,-0.0006270600135161629
500,8,34,7.517586708068848,1.0660309678909619,0.6812042323614589,0.5347304512744476,-0.42040201817093,0.0036858450071792837,-0.013943870783247658,-0.18017278243385537,-0.0209936082819272,-0.025671907095116183,-0.008372213139595065,-0.000624417271685025
500,8,35,7.516258716583252,1.0572848296194337,0.6661957742533573,0.5126559571066337,-0.4233260633791328,0.003359288906525982,-0.025640005723348566,-0.17917268073932371,-0.021258517676526322,-0.024866745792603662,-0.00822484281748953,-0.0006211175856051976
500,8,36,7.51516580581665,1.0493518800306723,0.6520411731382741,0.49132649867104516,-0.42573387148567676,0.003048518956227396,-0.03737012757479224,-0.17799372025099938,-0.021519366836106165,-0.02411195237699945,-0.008078163379747285,-0.0006174836043900952
500,8,37,7.514284133911133,1.0423553609146563,0.6387451237727971,0.47079473645897923,-0.42760279653944505,0.0027556662044439465,-0.04917346206948973,-0.17646372378871836,-0.021753615063974493,-0.023427929112026027,-0.007937499119580988,-0.0006138099784270009
500,8,38,7.513576030731201,1.0363547438230336,0.6263074697487496,0.4511063748782318,-0.42892396132759986,0.0024825971831717243,-0.06102574758019834,-0.1744921266396196,-0.021946866380266536,-0.022829545881617327,-0.007807246527529594,-0.0006103533425914243
500,8,39,7.512992858886719,1.0312484753672275,0.6147267161682637,0.4322980068469416,-0.4297013515375378,0.002230942237286703,-0.07292037141697888,-0.17219039449735804,-0.022108215535085192,-0.022325920787609893,-0.00769077290061152,-0.0006073264630651309
500,8,40,7.512486934661865,1.0268222316965256,0.6040091997434588,0.4143960850770161,-0.42995145342167185,0.0020020517737723126,-0.08491490021621986,-0.16981155392817834,-0.022264369264311867,-0.021920835293327293,-0.0075904158328229075,-0.0006048952202320324
500,8,41,7.512017726898193,1.0228529285621606,0.594174996844245,0.3974172649796564,-0.4297025744188981,0.0017969022227028438,-0.09711590698769489,-0.16762218084295386,-0.02244477198672369,-0.02161358602077931,-0.007507583077479221,-0.000603178910388598
500,8,42,7.511549949645996,1.0192040793660755,0.5852518148785766,0.3813687965573853,-0.42899393731655083,0.0016159951255001468,-0.10960948251282701,-0.165782224510556,-0.02266655295657409,-0.021399982816067007,-0.00744287075161958,-0.000602251995664237
500,8,43,7.511064052581787,1.0158651276405561,0.5772551949616873,0.36624894078932735,-0.42787409503382445,0.0014593189158680626,-0.12237564781211957,-0.16428794397182211,-0.02292631541915909,-0.02127324571764551,-0.0073961881639337595,-0.0006021470607833266
500,8,44,7.510553359985352,1.012906689373042,0.570167904056378,0.352047288043482,-0.42639884719427085,0.0013263820262198345,-0.13525747982797423,-0.16301743234856894,-0.023204803015559914,-0.0212246631632506,-0.007366845449061956,-0.0006028581922218133
500,8,45,7.510018348693848,1.0103913432127396,0.5639360532976823,0.33874473358347146,-0.4246285679035674,0.0012163113688229408,-0.148018139584806,-0.16183893715367278,-0.023480555133318544,-0.021244056606552843,-0.007353618783817873,-0.0006043449004425544
500,8,46,7.509472846984863,1.0083125046425174,0.5584872263850237,0.3263142613525977,-0.4226260770301121,0.001127954923817199,-0.16044159241464678,-0.16069673484617475,-0.023741745952196972,-0.02132012467764208,-0.0073548084703874,-0.0006065360421306603
500,8,47,7.508932590484619,1.0065959400604634,0.5537552884712893,0.3147222911026891,-0.42045496440464114,0.0010599554114924757,-0.17240236831326203,-0.15962404737684688,-0.02398907862907421,-0.021440755078466524,-0.00736831994710573,-0.0006093355526913008
500,8,48,7.508417129516602,1.0051403535232448,0.5496937496987255,0.30393019697571044,-0.41817823106316127,0.0010107801299802258,-0.18387004085494976,-0.15870140773223876,-0.02423102851880863,-0.02159335798830212,-0.007391738685213552,-0.000612627092590034
500,8,49,7.507943630218506,1.0038609597791555,0.546271108909259,0.2938964139234143,-0.4158576098684171,0.000978725229754248,-0.19486194193023554,-0.15800065721766143,-0.02447647435465628,-0.02176520377122799,-0.007422433617710848,-0.0006162797798506121
500,8,50,7.5075297355651855,1.0027170923413364,0.5434453348834669,0.2845781767282169,-0.41355247850423676,0.0009619245978871535,-0.20536178640620975,-0.15753558713032623,-0.024727474909422814,-0.021943754230592756,-0.0074576529256845485,-0.0006201543449473645
500,8,51,7.507178783416748,1.0017115065344864,0.5411344511425945,0.27593308757131085,-0.4113188177617811,0.0009583818748991553,-0.21525503484374284,-0.15724448094991925,-0.02497611030014174,-0.02211697665545667,-0.007494616258123985,-0.0006241083805663476
500,8,52,7.506897926330566,1.0008641859202425,0.5392109203011886,0.2679204631615125,-0.4092078527824763,0.0009660332312495387,-0.22433750911786274,-0.157018143614715,-0.025207883151285502,-0.022273644961015564,-0.0075306171417712,-0.0006280031602606302
500,8,53,7.506681442260742,1.000183490987475,0.5375314113683121,0.2605023634518359,-0.4072645584252404,0.0009828305943807621,-0.23239828756895617,-0.15675309386628614,-0.025409265958883796,-0.022403610714982394,-0.0075631080679120005,-0.000631708827869362
500,8,54,7.506521224975586,0.999655416761838,0.5359858118643663,0.25364476731557783,-0.40552634580131836,0.0010068133932801388,-0.23932254893853544,-0.1563949854322211,-0.025574395408522244,-0.022498108580017245,-0.007589796278703616,-0.0006351111558309769
500,8,55,7.506403923034668,0.9992531430866001,0.5345331113206386,0.24731833183712224,-0.40402215643623746,0.0010361524768797451,-0.2451483790998577,-0.15594930877497248,-0.025707053999274185,-0.022550083266187623,-0.0076087512720424315,-0.0006381161311814391
500,8,56,7.506318092346191,0.9989543665157774,0.5332036938577603,0.2414990291364865,-0.40277223581029614,0.001069158160175487,-0.2500504054051987,-0.15546150445073637,-0.025817850803423963,-0.02255450357741057,-0.007618490397856786,-0.0006406552053153925
500,8,57,7.506252765655518,0.9987542799655514,0.5320613916321815,0.23616831782208356,-0.4017880880666617,0.0011042638805477455,-0.2542505807290474,-0.15497707815678885,-0.025917952569401364,-0.02250858826677063,-0.007618054264364916,-0.0006426876473273659
500,8,58,7.50619649887085,0.998666298620603,0.5311431477795148,0.2313127510986938,-0.40107301951419727,0.001140010859846905,-0.25789661867497715,-0.15450273011849572,-0.026012437897360786,-0.022411887774634903,-0.0076070408746917225,-0.0006442019922217454
500,8,59,7.506143093109131,0.9987107659365406,0.5304219795365265,0.22692343791592604,-0.4006225009626794,0.0011750566533948615,-0.26099806084125654,-0.1539968444916405,-0.02609815029623404,-0.022266178829504685,-0.007585590851318228,-0.0006452148944132122
500,8,60,7.5060906410217285,0.9989011611655428,0.5298233158785234,0.22299511222465054,-0.4004247112256251,0.001208207334461292,-0.2634699990812689,-0.1533964019343104,-0.02616752256362093,-0.022075143948564253,-0.007554333938398582,-0.0006457690760959497
500,8,61,7.506037712097168,0.9992390653456458,0.5292845293518728,0.21952512875367655,-0.400461125915021,0.0012384623346147047,-0.2652553851049451,-0.15266027981332278,-0.026215619375847096,-0.02184393693506917,-0.007514296781944602,-0.00064592910329789
500,8,62,7.505985260009766,0.9997193856653885,0.5288065514315076,0.2165124587864299,-0.4007074232793674,0.0012650426051391743,-0.2664238886836081,-0.15179514113056922,-0.026244739769353962,-0.02157869460065889,-0.007466795934459783,-0.0006457761964616469
500,8,63,7.505936145782471,1.0003379183941854,0.5284578768980057,0.21395631853885408,-0.4011345712093327,0.0012873938857702132,-0.26717638662974885,-0.15084862262722687,-0.026263755864636966,-0.021286067846696604,-0.007413333916583755,-0.0006454027996571195
500,8,64,7.505892276763916,1.0010934412749828,0.5283256469184905,0.2118549444968219,-0.40171027657862435,0.0013051588785329973,-0.26774831888713885,-0.14987613144472345,-0.026282780776934127,-0.020972825879712057,-0.007355488655214089,-0.0006449063653470279
500,8,65,7.50585412979126,1.0019825988658178,0.5284460220573123,0.21020412382102957,-0.40240047987676253,0.0013181455661485395,-0.26827479770805174,-0.1489036960974314,-0.026306756442680414,-0.02064548623888069,-0.007294826868210013,-0.0006443841046257634
500,8,66,7.5058207511901855,1.002993341309112,0.5287702257975591,0.20899626360342957,-0.40317053279853865,0.0013263057557161776,-0.26872548725157924,-0.14791491964494166,-0.026332942974726558,-0.020309985692560338,-0.0072328021640438445,-0.000643927375405746
500,8,67,7.505791664123535,1.004103910034882,0.5291915087410499,0.208219509110167,-0.403986194665864,0.001329746142127291,-0.2689576661427779,-0.14686904238294557,-0.026353905425884706,-0.019971379097867264,-0.007170685749563964,-0.0006436175791558359
500,8,68,7.505763053894043,1.005288970899341,0.5296074771727861,0.20785754783556562,-0.40481431180630356,0.00132874280784237,-0.2688368260279985,-0.14573234914963717,-0.026363147860974732,-0.019633619998367303,-0.00710949306174385,-0.0006435232041393069
500,8,69,7.505733489990234,1.0065285631977525,0.5299729714909093,0.2078894870358688,-0.40562367809921845,0.0013237485985001605,-0.26833810641386235,-0.14450038243397448,-0.026359457940550047,-0.019299403600854786,-0.0070499470835565905,-0.0006436972910463951
500,8,70,7.505699634552002,1.0078123688498681,0.5303056505952758,0.20828997619549847,-0.4063857596462014,0.001315375186777244,-0.2675568025033289,-0.14319630454281235,-0.026347010520813972,-0.018970143114319236,-0.006992453378389483,-0.0006441764675209834
500,8,71,7.50565767288208,1.0091363431926994,0.5306439028147347,0.209029329493314,-0.4070754194415128,0.0013043520874690385,-0.26662657719197286,-0.14184868449264107,-0.026331505801418974,-0.01864603428003623,-0.006937105694563211,-0.0006449805257660266
500,8,72,7.505608081817627,1.010495722927145,0.530991062364273,0.2100738932013885,-0.40767155145871176,0.0012914808113738652,-0.2656091690491809,-0.14046519031915705,-0.0263152384102994,-0.018326171525730885,-0.006883702269387609,-0.0006461129052802091
500,8,73,7.505548477172852,1.0118810602422748,0.5312928885084743,0.21138670700280682,-0.40815757886158077,0.0012775995797082885,-0.26444724796552593,-0.13902345071433336,-0.026295076103175993,-0.01800871466831258,-0.006831776908767982,-0.0006475619600416701
500,8,74,7.505478382110596,1.0132808375081677,0.531460634005058,0.21292843473523235,-0.4085214540041257,0.001263565555594177,-0.26300745299474537,-0.13748240818606736,-0.02626438187264211,-0.01769102012505966,-0.006780628538306183,-0.0006493028894546339
500,8,75,7.505398273468018,1.0146881921849866,0.5314214997796484,0.21465849108048846,-0.4087554319710646,0.001250253419225118,-0.2611795726378525,-0.1358057140117495,-0.02621739600419972,-0.017369800087843522,-0.006729361453938303,-0.0006513002727168611
500,8,76,7.505308151245117,1.0161059948143618,0.5311546735727612,0.2165362662271467,-0.4088558441183166,0.00123854707030613,-0.25894953605689464,-0.1339779948965128,-0.026152533639554113,-0.017041295678872387,-0.006676924553568867,-0.0006535113876341683
500,8,77,7.505207538604736,1.0175460934310552,0.5306888773216901,0.21852210560059757,-0.4088228263215883,0.0012293169983437868,-0.2563975007293082,-0.1320040154450617,-0.026072382572360355,-0.016701489899991092,-0.006622166363259058,-0.0006558885639616339
500,8,78,7.505095958709717,1.0190232240568045,0.5300642574953623,0.22057826509986928,-0.40866009251686286,0.0012233844941791157,-0.25362288849865405,-0.12989216024497216,-0.025980462995520603,-0.016346335639002084,-0.006563889044411466,-0.0006583826229022814
500,8,79,7.504971981048584,1.0205485586883631,0.5292885461782099,0.2226695969086773,-0.4083743459056709,0.0012214848557556143,-0.25065430402978334,-0.12763518933050158,-0.02587714081512238,-0.015971981524983365,-0.006500903419958303,-0.000660945954553271
500,8,80,7.504834175109863,1.022128742963324,0.5283284331453546,0.22476430878622908,-0.40797509778748153,0.0012242481109589858,-0.24742749250904017,-0.1252064786116895,-0.025758556383218473,-0.015574954763545916,-0.006432074320016528,-0.0006635350522733514
500,8,81,7.504679203033447,1.023769038230069,0.5271323781980591,0.22683477234453228,-0.4074737617216575,0.0012322005262644638,-0.24382968593326051,-0.12257064717625703,-0.025618533381391938,-0.015152284819507787,-0.006356356756511579,-0.0006661134694448859
500,8,82,7.504505157470703,1.0254780645210624,0.5256706937796094,0.22885808639318547,-0.4068829741489221,0.001245776592101672,-0.23978352488863505,-0.11970240167344828,-0.025452491370788245,-0.014701581928504652,-0.006272814774741861,-0.0006686535090521542
500,8,83,7.504308223724365,1.0272693728900915,0.5239568892906179,0.23081637085839932,-0.40621609618043425,0.0012653328521217723,-0.23529589381948407,-0.11659717292179854,-0.025259861653994267,-0.01422107796604733,-0.006180634190922319,-0.0006711379736017351
500,8,84,7.504083633422852,1.029158473889731,0.5220327286632009,0.23269684026275184,-0.40548657951115724,0.001291143293441748,-0.23043104753946336,-0.11326499264761937,-0.025043002782296986,-0.013709671618585382,-0.0060791220826826925,-0.0006735606478591641
500,8,85,7.503828048706055,1.0311590316573482,0.5199370376782806,0.2344915587926708,-0.40470764937654335,0.0013233901271329726,-0.22524490706120948,-0.10971599494177653,-0.02480410578371441,-0.013166938063020741,-0.0059677118840849456,-0.0006759267212435086
500,8,86,7.503538131713867,1.0332812455238167,0.5176829649131496,0.23619699941990183,-0.403891987509218,0.0013621584241418332,-0.21973241976623004,-0.10594904448830528,-0.024542504973677687,-0.012593102079169851,-0.00584593536302741,-0.0006782515809857244
500,8,87,7.503208637237549,1.0355331913905,0.51526154781752,0.23781367650273202,-0.4030513245118597,0.0014074499445568755,-0.21383082045747656,-0.10195276020995231,-0.024254609623171396,-0.011988984274687973,-0.0057134022411750715,-0.000680560208707834
500,8,88,7.502834796905518,1.0379234032226414,0.5126648893411473,0.23934548446819223,-0.40219612281388445,0.0014592037557889144,-0.2074702783239929,-0.09771626354636676,-0.023936273531288233,-0.011355902138929879,-0.00556975739581317,-0.0006828851287921321
500,8,89,7.502408504486084,1.040461991338717,0.5099095253937036,0.24079908548076284,-0.4013353502119344,0.0015173284170473017,-0.2006314887397465,-0.09324103413065023,-0.023585660554830013,-0.010695590455837808,-0.005414636533195579,-0.0006852644774345561
500,8,90,7.501924991607666,1.0431593025374089,0.5070371923813868,0.24218305217856206,-0.40047629870226925,0.0015817210050589705,-0.19335507395221777,-0.08854216608161292,-0.023203875024819895,-0.010010140000355173,-0.0052476228808966555,-0.000687739226908906
500,8,91,7.501375675201416,1.0460239749032205,0.5040972710256199,0.24350715736904463,-0.39962462977266816,0.0016522715561966704,-0.18570476539625452,-0.08364010439248908,-0.022793149850093126,-0.00930200291593412,-0.00506821763671016,-0.0006903516166727077
500,8,92,7.50075101852417,1.0490620717617674,0.5011278376342689,0.2447814187921829,-0.39878446498623443,0.001728866419028578,-0.17772066194052918,-0.07855098543936802,-0.022354322646994614,-0.008574016375568845,-0.004875810417548173,-0.0006931421966051857
500,8,93,7.500039100646973,1.0522775443746448,0.49814918018225524,0.24601529084315865,-0.3979586124409065,0.0018113978090846907,-0.16939734862737466,-0.07328289136909726,-0.02188543603838152,-0.007829483244409147,-0.004669658369869635,-0.0006961479564027163
500,8,94,7.4992289543151855,1.0556725408422556,0.4951747307655912,0.24721700325456533,-0.3971484761856537,0.0018997807392323615,-0.16070883768597963,-0.06784181516103173,-0.021382848597407023,-0.007072258119881559,-0.004448868846621095,-0.0006994001532638683
500,8,95,7.498306751251221,1.0592466436287888,0.4922257262515717,0.24839299775161747,-0.3963543732637915,0.0019939764875235807,-0.15165034825223284,-0.062240398837615125,-0.020843505228665734,-0.006306889835639966,-0.004212392528963177,-0.0007029232257319245
500,8,96,7.497256755828857,1.0629949194999526,0.48933573203477704,0.24954736470736003,-0.39557566958868884,0.002094010533335393,-0.14225992593948308,-0.05650219089924767,-0.020266297192627424,-0.005538804834573757,-0.003959025464277553,-0.0007067328024061696
500,8,97,7.4960618019104,1.0669063096154217,0.48654407097415886,0.2506813532776331,-0.3948111422789852,0.0021999784243317217,-0.13260868987575228,-0.050659650215479246,-0.019651735876113192,-0.004774544316891686,-0.00368742970098753,-0.0007108351588631501
500,8,98,7.494704723358154,1.0709630616007966,0.48388388852206377,0.2517931264685541,-0.39405925141000486,0.0023120377303442966,-0.1227677491240853,-0.044748515974528426,-0.01900008138104067,-0.004022017251853064,-0.0033961630944100043,-0.0007152262521833599
500,8,99,7.4931640625,1.0751406437107494,0.4813760089775312,0.25287736924448995,-0.3933185023489739,0.0024304053613329693,-0.11278451979148911,-0.038804988005107656,-0.01830981277246778,-0.003290758229255761,-0.0030837266904175454,-0.0007198921433458158
500,8,100,7.491419792175293,1.0794070169684176,0.47903246407343736,0.2539253130213083,-0.3925877627983366,0.0025553530414437354,-0.10268936791380322,-0.03286862788094801,-0.01757782095077743,-0.0025921557346325805,-0.002748609561591766,-0.0007248079110705773
500,8,101,7.4894490242004395,1.083720979268599,0.4768627916305842,0.25492456421361526,-0.39186662513097287,0.0026872121702056716,-0.09251952384123328,-0.02698750971904913,-0.01680090644195742,-0.0019396375388247443,-0.002389342559657192,-0.0007299383155816518
500,8,102,7.48723030090332,1.0880306323101485,0.4748769400192049,0.2558590552482523,-0.3911556781416117,0.002826373319648494,-0.08233974563628893,-0.0212213655632537,-0.01597734882612037,-0.0013487963972213584,-0.002004558309311481,-0.000735237617580747
500,8,103,7.4847412109375,1.0922731042814409,0.47308290498080663,0.2567093384833171,-0.3904568240901468,0.0029732739974964767,-0.0722440099899326,-0.015640721101704655,-0.015107428043465763,-0.0008374405983305738,-0.0015930510746802057,-0.0007406496989314357
500,8,104,7.481958866119385,1.0963755997742313,0.471481320775482,0.2574524637419046,-0.38977359574495263,0.003128378028988343,-0.062337093313529754,-0.010323200073791816,-0.01419247987163838,-0.0004255473475108352,-0.0011538445230486524,-0.0007461086057378959
500,8,105,7.478862285614014,1.1002569435304095,0.4700628563874568,0.2580623702041356,-0.38911147342619923,0.003292148401225413,-0.052716032051074044,-0.005350765080122784,-0.013233640603337699,-0.0001350998116867832,-0.0006862550304533676,-0.0007515391517657318
500,8,106,7.475433826446533,1.1038286524053849,0.4688091825681437,0.2585100823531705,-0.38847802088155975,0.0034650199398922723,-0.04346490398857327,-0.0008092080862190956,-0.012231409501990352,1.0197431673896983e-05,-0.00018994694669932706,-0.000756857280494467
500,8,107,7.4716572761535645,1.1069961589928698,0.4676959735735114,0.2587640773739864,-0.38788306645381887,0.0036473785234491804,-0.03466373072627345,0.0032116247825962987,-0.011186394941573174,-1.468610236124755e-05,0.00033502271178405957,-0.000761971452985435
500,8,108,7.467521667480469,1.109661276179372,0.46669514376654964,0.2587906525521527,-0.3873387483727752,0.0038395396268145606,-0.026400633654722814,0.006619406805411459,-0.010100673328920123,-0.0002356190568001431,0.0008881692973858468,-0.0007667827685659437
500,8,109,7.4630208015441895,1.1117261624672687,0.4657755077389572,0.2585543661523639,-0.3868595147552412,0.004041723512497875,-0.018771183505628296,0.00932332288333925,-0.008978294979909552,-0.0006787499466121049,0.001468555597572013,-0.0007711863526971648
500,8,110,7.458154201507568,1.1130977264307207,0.4649036622890932,0.2580188212024952,-0.3864619424374344,0.004254018352553903,-0.01186841463647356,0.01123844736905973,-0.007824885149573592,-0.0013699013667456033,0.0020747772026322832,-0.0007750734086049285
500,8,111,7.452928066253662,1.1136904410201771,0.46404575861094416,0.2571471553586385,-0.386164465223564,0.004476354078695765,-0.005767913137919254,0.01228797718446703,-0.0066463269906084695,-0.002333941802616941,0.0027049590187775766,-0.0007783330275421886
500,8,112,7.447354793548584,1.1134275410451617,0.4631706762908337,0.25590302063517273,-0.38598701155061266,0.0047084698625637035,-0.0005213161167337652,0.012403073330095387,-0.005447834113697867,-0.003594165272644624,0.0033567684196537436,-0.000780854964524803
500,8,113,7.44145393371582,1.1122424698369693,0.4622529620736198,0.2542512447225615,-0.3859505968612168,0.0049498990292518264,0.003838498235871208,0.01152311156195356,-0.004234269653212726,-0.00517170712927067,0.004027439065548043,-0.000782532474409396
500,8,114,7.435251235961914,1.1100815843598266,0.46127476313709126,0.2521587127444169,-0.38607659893323076,0.005199958664404312,0.0072906781181681455,0.00959777912003558,-0.003010926848495835,-0.007085006039328182,0.004713806186384836,-0.0007832644238662346
500,8,115,7.4287824630737305,1.106908215423561,0.46022719602050016,0.24959515104155594,-0.3863862596688021,0.005457743914881072,0.009822964073547444,0.0065909040932346785,-0.001784260993802697,-0.009349335737569646,0.005412352436882435,-0.000782958791219995
500,8,116,7.4220871925354,1.102704721279601,0.45911122982060887,0.24653391095605684,-0.3868999604239358,0.005722128324012709,0.011435360190906043,0.0024822808236237143,-0.0005615648275264184,-0.011976384774450297,0.006119257572973041,-0.0007815348991068028
500,8,117,7.415210723876953,1.0974709168565895,0.4579382525807446,0.2429526546423089,-0.38763649733805905,0.005991762490580676,0.012144739775251477,-0.002734368660377041,0.0006500588221588847,-0.01497389676087165,0.00683045526124706,-0.000778926491920425
500,8,118,7.408205032348633,1.091220414293291,0.45673005802697475,0.23883413885106858,-0.38861231137168245,0.006265080438661538,0.011984950715430648,-0.009055501730928776,0.001844549532354386,-0.01834535847274242,0.007541693200158762,-0.0007750835460747346
500,8,119,7.401126861572266,1.0839799928993716,0.45551808874671673,0.23416663131473994,-0.38984099009547624,0.006540317386139905,0.011001462803508378,-0.016468234994621953,0.003016577727975363,-0.0220897320511015,0.00824859680774414,-0.0007699734768453547
500,8,120,7.394035339355469,1.0757935247647255,0.45434187100302836,0.22894410669338847,-0.3913325883117362,0.006815534218320605,0.009246485591824276,-0.02494546714492379,0.004160496042571366,-0.02620120225926215,0.008946720171795184,-0.0007635819228167265
500,8,121,7.38699197769165,1.066725550864818,0.4532474880632935,0.22316666296002124,-0.39309322042726386,0.0070886476608751775,0.006778791626832843,-0.03444139876808167,0.005269889685045674,-0.030668928041962248,0.009631600566546373,-0.0007559121424612877
500,8,122,7.38006067276001,1.0568595329020778,0.4522855063583609,0.21684044792083154,-0.3951247434100509,0.007357454418199077,0.003665494490210119,-0.04489264526684169,0.006338182264963972,-0.03547681989655087,0.0102988063458385,-0.0007469846520869795
500,8,123,7.373302459716797,1.0462891392880336,0.4515085917472662,0.20997787965446488,-0.39742443974596314,0.007619660675848254,-1.850580693882841e-05,-0.05622689073659597,0.007359998710070829,-0.040603318319676354,0.010943987383791213,-0.0007368365620743421
500,8,124,7.366779804229736,1.0351139205914461,0.45096874355682676,0.20259752404576006,-0.3999848362711322,0.00787291897858488,-0.0041946024718536945,-0.0683665126011883,0.00833136364910823,-0.04602117010297144,0.01156290972092152,-0.0007255204303769541
500,8,125,7.360546112060547,1.0234411068265292,0.4507148172471035,0.19472404579924565,-0.4027938853395638,0.008114873825052053,-0.008783715559560791,-0.08122549206455086,0.009249041237880572,-0.05169731432989269,0.012151508552325063,-0.0007131022712327201
500,8,126,7.354654788970947,1.0113888680806125,0.4507897577415486,0.1863878410403636,-0.4058349648231383,0.008343209944488216,-0.01370720417039507,-0.09470438196227862,0.010109916866136917,-0.057592809241617596,0.012705930006819008,-0.0006996607103747198
500,8,127,7.349147796630859,0.9990844630048176,0.4512284806817495,0.17762503731546905,-0.4090872857387304,0.008555700573441542,-0.018887788781302782,-0.10869104657818002,0.010911160823396264,-0.06366295699522016,0.01322258821113726,-0.0006852853557949901
500,8,128,7.344058990478516,0.986652601284678,0.452055813629105,0.1684772976458164,-0.41252598283201386,0.00875025908503396,-0.024253587842248472,-0.12307221488009873,0.011651350263999037,-0.06985764782415547,0.01369824273419537,-0.0006700765563761959
500,8,129,7.339412689208984,0.9742093197220836,0.4532853650905083,0.1589917225545521,-0.4161225222045815,0.00892498525414579,-0.029742331856304656,-0.1377392966877659,0.012330683570763768,-0.07612201824518626,0.014130083164379838,-0.0006541444364183146
500,8,130,7.335221767425537,0.9618634154209027,0.45491907344559784,0.14922048266793822,-0.4198453806924788,0.009078226273818659,-0.03530288193306822,-0.15258594453523663,0.01295039402354566,-0.0823974835398365,0.01451582693388275,-0.0006376085939282264
500,8,131,7.331487655639648,0.949720661274774,0.4569468608073166,0.13922054928958302,-0.42366031761761697,0.009208625702479835,-0.04089443213922714,-0.16750228403238027,0.01351204994873788,-0.08862311439632943,0.01485381816203988,-0.0006205966524097411
500,8,132,7.328202724456787,0.937883842375499,0.4593474109135056,0.129053375988168,-0.4275311900420137,0.009315173081676476,-0.04648640507442326,-0.18237423453647544,0.01401740703428443,-0.09473752979225235,0.015143136688703663,-0.0006032442608635985
500,8,133,7.32534646987915,0.9264443266961283,0.46208953580834583,0.11878443322566426,-0.43142045097871723,0.00939723545004197,-0.05206133045469621,-0.19709282432664224,0.01446898915048774,-0.10068096625946975,0.015383699974591759,-0.0005856932231829205
500,8,134,7.3228960037231445,0.9154773093279345,0.46513422348512534,0.10848262051929025,-0.43528973818653577,0.009454585504712665,-0.057616608999716004,-0.2115599881599573,0.014870250362643792,-0.10639768700751495,0.015576335450534539,-0.0005680904723378147
500,8,135,7.320817947387695,0.9050485359309597,0.4684365961925717,0.09821930508137981,-0.4391006441323752,0.009487417693566022,-0.06316112808424112,-0.22568127147049996,0.01522480123804986,-0.11183829640284838,0.015722809049572677,-0.000550585173955429
500,8,136,7.319077968597412,0.8952212457553224,0.47194782246088923,0.08806726860955631,-0.4428155312454793,0.009496356931849586,-0.06871056391006806,-0.23935816233365573,0.01553577291885843,-0.1169618135357768,0.01582581807393276,-0.0005333260712683359
500,8,137,7.317639350891113,0.8860529647444629,0.4756173482295983,0.07809944588426664,-0.4463982565878657,0.009482444521472625,-0.07428604286408022,-0.252492558283027,0.015806044160191747,-0.12173727256670622,0.01588891273175889,-0.0005164578042475203
500,8,138,7.316466331481934,0.8775894562516761,0.4793951047065383,0.06838738169391999,-0.4498146700652502,0.009447116694688618,-0.07991407106340831,-0.2649950857569289,0.01603864360641272,-0.12614482403969243,0.01591638914174668,-0.0005001177416430638
500,8,139,7.315524101257324,0.8698661488210958,0.48323324455947864,0.058999534677202946,-0.4530335202650917,0.009392170418089221,-0.0856224882346457,-0.27678480231059505,0.016236542591292247,-0.13017586394262268,0.015913108969526284,-0.0004844321190908862
500,8,140,7.314781188964844,0.8629083910393833,0.48708723355942746,0.049999568918768916,-0.4560270885432231,0.009319721820989085,-0.09143616996863672,-0.28779016442650834,0.016402591214656558,-0.13383258629858566,0.01588429868397575,-0.0004695126901271842
500,8,141,7.314207077026367,0.8567347588884321,0.4909158639983371,0.041444443475600265,-0.4587716872347763,0.009232155236671764,-0.09737074214229252,-0.29794578907214087,0.01653919982775081,-0.13712662373195791,0.015835330471471554,-0.0004554541013078564
500,8,142,7.313774108886719,0.8513544557740783,0.49468154342019105,0.033382820315643554,-0.46124833903271534,0.009132066209046327,-0.10342917392385063,-0.3071966599525445,0.016648503250127757,-0.14007742131011433,0.015771498055121794,-0.0004423314181831343
500,8,143,7.313456058502197,0.8467608312644839,0.4983503944013016,0.025853815161969464,-0.46344300344734785,0.00902219645318489,-0.10960172241550109,-0.3155072844850177,0.016732767454425736,-0.1427100167083032,0.015697814932076,-0.00043019943136363695
500,8,144,7.313232898712158,0.8429312245384778,0.5018918831138859,0.01888593356714918,-0.46534693914154274,0.008905369486370088,-0.11586414108746683,-0.32286301523244126,0.01679437964722774,-0.14505287199859362,0.015618847256953484,-0.00041909205309954937
500,8,145,7.313082695007324,0.8398316592880195,0.5052774937366336,0.012496506037635547,-0.46695679451453465,0.008784425588632615,-0.12217420736091228,-0.32926452221735175,0.01683551652890376,-0.14713581729098066,0.01553858035238673,-0.000409023252582896
500,8,146,7.312987327575684,0.8374159564678116,0.508480557743197,0.006691645170572475,-0.46827478886953317,0.008662154081249067,-0.12847420865728132,-0.3347297843778141,0.016858310714753015,-0.14898796856245405,0.01546033311272859,-0.00039998793090773277
500,8,147,7.312932014465332,0.8356276976275803,0.5114757938659422,0.0014666608909537898,-0.4693083953704067,0.008541226275749726,-0.1346934787725205,-0.3392921539467603,0.016864793424411915,-0.15063634241104792,0.015386711129891935,-0.0003919643045823928
500,8,148,7.3129048347473145,0.8343976297560414,0.5142404881073853,-0.0031928836596014087,-0.47007006929026957,0.008424132445985867,-0.1407563794039005,-0.3430052327271168,0.016857240549659716,-0.15210473753426634,0.015319621978401952,-0.0003849162588706916
500,8,149,7.31289529800415,0.8336479973602,0.5167554743634108,-0.007309821166931014,-0.47057693096816605,0.008313124164276433,-0.14658795666713342,-0.3459387030626879,0.01683809330129113,-0.15341306361613827,0.015260302728490254,-0.00037879588215937855
500,8,150,7.312896251678467,0.8332972319827262,0.5190058180652546,-0.010913938869546296,-0.4708501317224393,0.008210166024693646,-0.15211823884158393,-0.34817315377523456,0.01680981713688979,-0.1545771176229028,0.015209379048297047,-0.0003735462718649583
500,8,151,7.312901973724365,0.8332652098067362,0.5209818322165244,-0.01404007841808472,-0.47091435563980655,0.008116897423997432,-0.15728633281593984,-0.34979416163206767,0.016774797058785148,-0.15560866984313027,0.015166959971195298,-0.00036910415931426554
500,8,152,7.3129096031188965,0.8334733051259914,0.522680932176618,-0.016726460001099258,-0.4707970043211192,0.008034601718178994,-0.16204726827262367,-0.3508935197206989,0.0167355040351947,-0.1565159285043763,0.015132728587100961,-0.00036540265530920417
500,8,153,7.312915802001953,0.8338471336736945,0.5241088236711272,-0.019012742785684145,-0.4705275175028292,0.007964192812262372,-0.16637544997493015,-0.3515664084647967,0.01669450161298457,-0.1573041936781023,0.01510604292381806,-0.0003623731810733771
500,8,154,7.312918663024902,0.8343204252366677,0.5252793358114861,-0.020938529298288912,-0.47013651251084626,0.00790621247826475,-0.17026432562278254,-0.35190592377347163,0.01665427949652733,-0.15797656280866892,0.015086041923401199,-0.0003599478215932911
500,8,155,7.312918663024902,0.8348381467827497,0.5262135064935914,-0.022542073405687705,-0.46965505959010284,0.00786084175386514,-0.1737237186338074,-0.3519979029783544,0.016617087126559772,-0.15853482553059567,0.015071736133465782,-0.00035806095485457594
500,8,156,7.31291389465332,0.8353574069307901,0.5269380719310575,-0.023859173526165112,-0.4691136854827043,0.007827924410251657,-0.17677684891012,-0.3519181330730271,0.016584848816421655,-0.15898023802965094,0.015062097379494767,-0.0003566505491967509
500,8,157,7.312904357910156,0.8358478841030669,0.5274838608986823,-0.024922428646993754,-0.4685416940493959,0.007806997795577939,-0.17945674970648515,-0.35173015452804207,0.016559107543590437,-0.15931426298789395,0.015056130095082644,-0.00035565933998382763
500,8,158,7.312890529632568,0.8362880615219161,0.5278850409208767,-0.025760691818754247,-0.46796635101532214,0.0077973350770882575,-0.18180595561602772,-0.35148924420266725,0.01654119688145736,-0.15953922348859514,0.01505293755716202,-0.0003550356140513781
500,8,159,7.31287145614624,0.8366666256533911,0.5281761548533314,-0.02639903188462934,-0.46741220459149374,0.007797988153752538,-0.18386981942545408,-0.3512380229749239,0.01653204151438214,-0.1596586127606723,0.015051754494115149,-0.0003547336019300692
500,8,160,7.312848091125488,0.8369814559706739,0.5283897902143968,-0.026858773281938,-0.4669004966800583,0.007807840626550219,-0.18569166079610103,-0.3510057484955761,0.01653209551859385,-0.15967752437929625,0.015051983769899427,-0.0003547136287008678
500,8,161,7.312820911407471,0.8372392731418967,0.528554080179747,-0.027157848132629586,-0.4664487099552779,0.007825656075184654,-0.18730765325558124,-0.3508066773552632,0.016541245375035225,-0.15960254901774532,0.015053190270026467,-0.00035494166142942447
500,8,162,7.312789440155029,0.8374509231282603,0.528692620851541,-0.027311151395434437,-0.466070114944507,0.007850127675817357,-0.18874833394434454,-0.35064605806385524,0.016559046926618106,-0.1594418949035752,0.015055117205617882,-0.0003553892789950328
500,8,163,7.312755584716797,0.8376288268396249,0.5288243690774047,-0.027331192998692157,-0.46577372473629014,0.007879921784212957,-0.19003924777421083,-0.35052333226923826,0.016584853224928732,-0.1592049748260372,0.015057647391272817,-0.00035603267644627285
500,8,164,7.312718868255615,0.837786644974962,0.5289622425297347,-0.027228645876859883,-0.46556397793704624,0.007913722189394056,-0.19119843118410107,-0.350431427511304,0.016617755015382162,-0.1589021480157152,0.015060792036029615,-0.000356852152093313
500,8,165,7.312681198120117,0.8379408495821403,0.5291115422169227,-0.027013068521439382,-0.4654412368819931,0.007950269673726654,-0.19223152056117804,-0.35035344433274096,0.016656399988432078,-0.1585443415679924,0.01506465405924033,-0.0003578309610083484
500,8,166,7.312642574310303,0.8381079276596153,0.5292708788297923,-0.026693394846012394,-0.4654018782189521,0.00798838950382695,-0.19313487238374005,-0.3502670114255221,0.016699171324107445,-0.1581425342023248,0.015069385292424327,-0.00035895474177582027
500,8,167,7.31260347366333,0.8382998598100927,0.52943562130287,-0.026278384249741816,-0.4654386552435658,0.008027014227898706,-0.1939045411807732,-0.35015292147693217,0.01674460760231175,-0.15770744651780486,0.015075158966174172,-0.0003602101286245259
500,8,168,7.312563896179199,0.8385225252735075,0.5295996193682508,-0.025777031879338795,-0.4655412866940272,0.008065202450011072,-0.19453988279374454,-0.34999859295267316,0.0167915405686692,-0.15724912800058038,0.015082142197061513,-0.00036158469108553615
500,8,169,7.312526226043701,0.8387844463263097,0.5297501286765695,-0.025198833462347456,-0.4656970908377109,0.008102152240297025,-0.1950285776907126,-0.34978265957852306,0.01683837985425123,-0.1567766128633698,0.015090457265504635,-0.0003630656969795113
500,8,170,7.312489986419678,0.8390918410679159,0.5298720250986227,-0.02455396135239196,-0.4658916648497065,0.008137206499032748,-0.19535669594340357,-0.3494847973375389,0.01688357476669299,-0.15629773075719575,0.015100173463740563,-0.00036463993139045396
500,8,171,7.312455177307129,0.8394432654253876,0.5299534615226442,-0.023853212481016507,-0.46610956419135247,0.008169850945107873,-0.1955224057259896,-0.3490972637470757,0.016926179681226144,-0.1558190551473124,0.015111286715755352,-0.00036629336478425734
500,8,172,7.312422275543213,0.8398350744551596,0.5299832109698132,-0.02310793487793004,-0.46633511786447596,0.00819970942245601,-0.19552699535553647,-0.3486157036606458,0.016965430823999348,-0.15534571402493896,0.015123724672301522,-0.00036801112283766415
500,8,173,7.31239128112793,0.8402641742244473,0.5299494733148244,-0.022329943475453303,-0.4665530172061219,0.008226538535975379,-0.19537018301268597,-0.3480346452275337,0.01700052364247078,-0.15488156198750203,0.01513733244484925,-0.0003697771545568147
500,8,174,7.312363147735596,0.8407270555116333,0.5298416607094756,-0.021531265991031747,-0.4667491311427935,0.00825021424133036,-0.19505307584491657,-0.34735021720641696,0.01703074946912758,-0.15442918023863536,0.015151897061670026,-0.0003715748356980684
500,8,175,7.312337398529053,0.8412160468477721,0.5296543955190665,-0.020723711233673166,-0.46691082323376754,0.008270715752713365,-0.19458817455375715,-0.3465682264592793,0.017055918738165362,-0.15399008308447087,0.015167151543850605,-0.00037338727047841504
500,8,176,7.312313079833984,0.8417211786534791,0.5293868420343814,-0.01991865938047945,-0.46702758575772585,0.008288112132646387,-0.1939959714325353,-0.3457011800734702,0.017076207789867275,-0.15356502767807448,0.01518279834237317,-0.00037519744243067995
500,8,177,7.312291145324707,0.8422358689575956,0.5290382202558507,-0.019126807859159493,-0.467091402047973,0.008302548211272635,-0.19329202693581113,-0.3447573044367999,0.017091623236993935,-0.1531540312274704,0.015198525642171105,-0.00037698899885059244
500,8,178,7.312271595001221,0.8427542906558737,0.5286103462446384,-0.01835794172379391,-0.4670968823681433,0.008314225812078704,-0.19249327035502717,-0.3437459798647805,0.01710227419009553,-0.15275676678019834,0.01521402162817779,-0.0003787463714809502
500,8,179,7.312252998352051,0.8432700104718791,0.5281084609446122,-0.01762056319440206,-0.46704130920410264,0.008323390341696147,-0.19162013359364855,-0.34268012290297833,0.017108485776569104,-0.15237268367948306,0.015228998941410266,-0.0003804555911297286
500,8,180,7.31223726272583,0.8437749446564687,0.5275425066777829,-0.01692180593056085,-0.46692472784775324,0.008330314697663321,-0.19069973169991908,-0.34157849418241765,0.017110929191617347,-0.1520012312685494,0.015243210983025,-0.00038210440835424525
500,8,181,7.312222957611084,0.8442638005792971,0.5269227442595967,-0.016267203876341212,-0.4667497652294248,0.008335287199246798,-0.1897542076234069,-0.34045642977449125,0.01711014778373769,-0.15164197934679166,0.015256460066345769,-0.0003836827460267761
500,8,182,7.312210559844971,0.8447351639561932,0.5262585545488951,-0.015660859651414002,-0.4665213581664606,0.008338602200302449,-0.1887978133716522,-0.33932349611208257,0.017106430310143764,-0.15129475583396762,0.015268604549888062,-0.0003851827596766378
500,8,183,7.312199115753174,0.8451866498701952,0.5255619943700508,-0.01510534198555819,-0.46624639102800025,0.008340546679077,-0.18784753862595993,-0.3381925352938093,0.017100273830008672,-0.15095962956217418,0.015279563932376516,-0.00038659886766122877
500,8,184,7.312190055847168,0.8456154948227269,0.5248470687020591,-0.01460173164350797,-0.4659333786916637,0.008341394874128659,-0.18692172177456334,-0.3370782878154764,0.017092307657717867,-0.15063708235608964,0.015289324966765813,-0.00038792808304748117
500,8,185,7.31218147277832,0.8460203623954545,0.5241271642949975,-0.014149863295813917,-0.46559183245691993,0.008341402920247726,-0.18603449404527775,-0.33599303742358766,0.01708307293751523,-0.15032787136877993,0.01529792637518841,-0.00038916925933583343
500,8,186,7.312174320220947,0.846401704933843,0.523414804442401,-0.013748478601666541,-0.46523207887747825,0.008340804154887149,-0.18519551781609644,-0.334945978316284,0.017072982966939373,-0.15003290862552904,0.015305457829951047,-0.00039032342234168277
500,8,187,7.312168121337891,0.8467624431267403,0.5227201514003958,-0.013395399192486881,-0.46486458038275463,0.008339806436122827,-0.18440726907138025,-0.3339412050757334,0.017062215188400193,-0.14975336427198424,0.01531203753545806,-0.00039139280472206975
500,8,188,7.312163829803467,0.8471049720123982,0.5220530748516863,-0.01308777925858535,-0.46449948235884936,0.008338588790104002,-0.18367214327567336,-0.3329831845188464,0.017050993333631935,-0.14949037403774448,0.015317813247214877,-0.00039238090631776076
500,8,189,7.312160015106201,0.8474271775427323,0.5214262050851305,-0.012822299198933506,-0.46414629610523156,0.008337302081563186,-0.18300187619224687,-0.332084200392127,0.017039972065935747,-0.14924509086043286,0.015322944948768744,-0.00039329225278491935
500,8,190,7.31215763092041,0.8477309389533527,0.520847413781667,-0.01259544117024642,-0.4638136270833256,0.008336071025345919,-0.18239711197963365,-0.33124767725520654,0.017029359687271088,-0.14901847838940602,0.01532758447163903,-0.00039413130943762677
500,8,191,7.3121562004089355,0.8480209856814098,0.5203204340578447,-0.012403716414975645,-0.4635086767055866,0.008334996197940536,-0.1818503019050264,-0.33047019054845367,0.01701903827007361,-0.1488113109857541,0.015331873457310243,-0.0003949028734714163
500,8,192,7.312154293060303,0.8482981872986918,0.5198503015945574,-0.012243653014683312,-0.4632371970435983,0.008334152696458335,-0.18136144596842513,-0.3297542342446434,0.017009206197161838,-0.1486240016420585,0.015335930110186722,-0.00039561134985828707
500,8,193,7.312153339385986,0.8485606879105821,0.5194422105341212,-0.012112113536900995,-0.46300335495236605,0.008333592820673247,-0.18093515392933082,-0.3291058757700792,0.017000259132046072,-0.14845670523053728,0.01533985021659612,-0.0003962606910046218
500,8,194,7.312152862548828,0.8488102441734783,0.5190964260486048,-0.012006244517797924,-0.46280968677841505,0.00833335009608139,-0.18056637316925112,-0.3285228072693574,0.01699217393006415,-0.14830916363082702,0.015343690840733636,-0.0003968541553828582
500,8,195,7.31215238571167,0.8490480181988341,0.5188118013683221,-0.01192361194047983,-0.46265709835979,0.008333440614920895,-0.18025035301900597,-0.32800242309928007,0.016984916425286208,-0.14818077456207987,0.015347476438682924,-0.00039739442821565334
500,8,196,7.3121514320373535,0.8492731656781696,0.5185867443180574,-0.011862150717657175,-0.4625449103179573,0.008333864377191762,-0.17998528178272163,-0.3275443510251047,0.016978571481473515,-0.14807064320703608,0.015351203953433529,-0.00039788338010755467
500,8,197,7.3121514320373535,0.8494839087851543,0.5184190025689919,-0.011820124124696909,-0.4624710845173165,0.00833460864320547,-0.17977107894058145,-0.3271489260580996,0.016973273558091955,-0.14797763383609674,0.015354844852887852,-0.0003983224290974935
500,8,198,7.312150955200195,0.8496797455413566,0.5183038246700926,-0.011796129922935413,-0.462432405232809,0.008335649274604817,-0.17960369837180074,-0.3268129842029531,0.016968976365817214,-0.14790031818325114,0.01535834818687161,-0.0003987124501456613
500,8,199,7.312150478363037,0.8498601233015891,0.5182356000965616,-0.011788940388127906,-0.46242479619323373,0.008336952075383767,-0.17947879200628247,-0.3265328031122398,0.016965604960028947,-0.14783726798248856,0.015361652815175658,-0.0003990541070149623
500,8,200,7.312149524688721,0.8500239390969263,0.5182083047077091,-0.011797503075862557,-0.4624434111650518,0.008338476814946986,-0.17939287736195825,-0.326305069896751,0.016963102030135145,-0.14778691730360446,0.015364692502573432,-0.0003993479126130948
500,8,201,7.312149524688721,0.8501691524564015,0.51821622960888,-0.01182074104847577,-0.4624829962876039,0.008340175216580068,-0.17934432391254163,-0.326127923382774,0.016961488516544422,-0.1477478034645397,0.015367405089852303,-0.0003995945608740039
500,8,202,7.312148094177246,0.8502951779920098,0.5182526870425788,-0.011857616404423952,-0.46253825240832896,0.00834199498050908,-0.17932878358793566,-0.3259969339768726,0.016960658615086898,-0.14771846378323505,0.01536973249381359,-0.00039979483624475804
500,8,203,7.312147617340088,0.8504031411553363,0.5183098066832854,-0.011907052206043505,-0.46260383508276326,0.008343880454410474,-0.17933842583597484,-0.32590461976072155,0.01696033458981663,-0.1476976592819463,0.015371633954317862,-0.00039995003608012396
500,8,204,7.31214714050293,0.8504922764220112,0.5183816865970574,-0.011967716632769639,-0.4626748074935633,0.008345773974430936,-0.179369929214224,-0.3258474072807924,0.01696044700674713,-0.14768428864712302,0.015373088072291922,-0.00040006191030048495
500,8,205,7.312146186828613,0.8505613684229086,0.5184633264011561,-0.012038146978223441,-0.4627465951586036,0.008347616535697305,-0.17942148202680938,-0.3258229886816815,0.016960989253117783,-0.14767743985348125,0.015374094847735772,-0.0004001327217339227
500,8,206,7.312145709991455,0.8506126754829286,0.5185483068430227,-0.012116741230656577,-0.46281539355809653,0.00834935114486619,-0.17948499203216156,-0.3258235842572696,0.01696166485682756,-0.1476764762041246,0.015374667527694721,-0.00040016524611621754
500,8,207,7.312145233154297,0.8506472533080367,0.518631867587039,-0.01220170832103364,-0.4628779416750812,0.008350923490633889,-0.17955572869105457,-0.3258442060620066,0.01696232613288933,-0.14768079541820522,0.015374843815297743,-0.000400162711748766
500,8,208,7.3121442794799805,0.8506664706154031,0.5187101517731403,-0.012291197478018042,-0.4629318843306414,0.008352283284756231,-0.17962900172417084,-0.32588016393813635,0.01696282649844274,-0.14769008775128706,0.015374674660719121,-0.0004001287391564989
500,8,209,7.3121442794799805,0.8506726428528489,0.5187797944739033,-0.012383265315164958,-0.4629756363081991,0.008353384262048581,-0.17969955721347647,-0.32592594881146936,0.016962988511077873,-0.14770406066695824,0.01537422018516451,-0.00040006722040371675
500,8,210,7.312143325805664,0.8506665433719802,0.5188393552271487,-0.012475973038514266,-0.4630082464778073,0.00835418820344537,-0.17976592567231833,-0.32597947616744727,0.016962803353780576,-0.14772257650102497,0.015373548661867449,-0.0003999822587520079
500,8,211,7.312143325805664,0.850650782509145,0.5188871673555044,-0.012567445383477616,-0.46302957896375935,0.008354664265490174,-0.17982394020018677,-0.3260361675187368,0.01696212885219757,-0.1477454459652208,0.01537272836406148,-0.00039987780660775496
500,8,212,7.312142848968506,0.8506266956009382,0.5189232470274675,-0.012655892046433718,-0.46304013197697974,0.00835479032135556,-0.17987261442932828,-0.32609434780899654,0.01696097161908947,-0.14777251418732765,0.015371829602987112,-0.00039975778620629976
500,8,213,7.312142372131348,0.8505982025607294,0.5189465303011114,-0.012739800569086008,-0.4630408566474155,0.008354554301862924,-0.17990671457166316,-0.326148247399717,0.016959118943989743,-0.14780359187907907,0.015370905366825604,-0.00039962578790153186
500,8,214,7.312142372131348,0.8505658037818558,0.5189588559963393,-0.012817810045133226,-0.4630331570240358,0.008353954865992424,-0.17992827375256082,-0.3261986479838575,0.016956699775730426,-0.147838369296039,0.01537000558674775,-0.00039948507016588904
500,8,215,7.3121418952941895,0.8505311927212477,0.518961600752985,-0.012888861906850596,-0.46301870890722324,0.008352998718843282,-0.17993735236188377,-0.32624447008066476,0.01695374276960754,-0.14787645065365024,0.015369163889868582,-0.0003993384992482748
500,8,216,7.312141418457031,0.8504945219145986,0.518957432958979,-0.012952207579231016,-0.4629993692649695,0.008351703964183398,-0.1799372919720213,-0.3262875748638514,0.01695041875527037,-0.1479173713352587,0.015368401675261295,-0.00039918848883197623
500,8,217,7.312141418457031,0.8504576534254938,0.5189479561405976,-0.01300741689954034,-0.46297708564907053,0.008350100104449353,-0.17992819323274423,-0.3263268456291899,0.016946740958240152,-0.14796058068408918,0.015367727094953777,-0.0003990369095215411
500,8,218,7.312140941619873,0.8504225968610656,0.5189345322393807,-0.013054350562409148,-0.462953715027518,0.008348224017686872,-0.17990977432469438,-0.32636079343770996,0.01694269835724919,-0.14800540758719685,0.015367130977914657,-0.0003988851793559005
500,8,219,7.312140464782715,0.8503895689680926,0.5189195955578048,-0.013093135626580979,-0.46293097849259673,0.008346119287040899,-0.17988517552071964,-0.32639101889880456,0.016938438637284614,-0.1480511637236127,0.01536660211510559,-0.0003987344448346158
500,8,220,7.312140464782715,0.8503556792729273,0.5189073495890948,-0.013124078257702907,-0.4629103706770804,0.008343836200755605,-0.1798631734808306,-0.3264244083552108,0.01693437399375826,-0.14809717798039193,0.015366117069446409,-0.0003985854602337144
500,8,221,7.312140464782715,0.8503226343363788,0.5188985625770353,-0.01314780456452321,-0.4628932050461339,0.008341430411154538,-0.1798431643064027,-0.32645939842101,0.01693046695435996,-0.14814272762051708,0.015365651384853454,-0.00039843870828985356
500,8,222,7.312140464782715,0.8502920815782653,0.5188936160100687,-0.013165052406251343,-0.46288043272970397,0.00833896159362078,-0.17982428240940734,-0.32649420236943794,0.01692667343401893,-0.1481871759470918,0.015365173472218671,-0.0003982944907134443
500,8,223,7.312139987945557,0.8502635313694564,0.518893882616017,-0.013176646899306185,-0.46287273310632426,0.00833648674149772,-0.17980918494379275,-0.32653049525683603,0.016923112462426296,-0.14822990347124396,0.015364660913465377,-0.0003981530488728153
500,8,224,7.312139987945557,0.8502334001808949,0.5189023800870021,-0.013183397851824253,-0.46287037792740815,0.008334063518638675,-0.17980614532071568,-0.3265751262024671,0.016920177498838798,-0.1482704799923679,0.015364093328523854,-0.00039801471464941856
500,8,225,7.312139987945557,0.850202372961436,0.5189189254149869,-0.013186219168262075,-0.46287350306866226,0.008331746236347345,-0.1798145395115974,-0.32662709017252634,0.01691783327519982,-0.14830852693393068,0.01536345543234182,-0.00039787963889845954
500,8,226,7.312139511108398,0.850173778564755,0.5189410981684213,-0.01318605843129736,-0.46288188207057546,0.008329585853377825,-0.17982816749055885,-0.3266803197407102,0.016915791034295715,-0.14834375175952047,0.015362740091894875,-0.000397748093159308
500,8,227,7.312139511108398,0.850146126832232,0.5189693541292553,-0.013183651969311327,-0.46289506201412545,0.008327625282365138,-0.17984954550186916,-0.326737048315474,0.016914176418578224,-0.1483760340129677,0.015361948326186505,-0.0003976205299975803
500,8,228,7.312139987945557,0.8501157959770015,0.5190054845718383,-0.013179702432464023,-0.4629124088126809,0.00832589871931532,-0.17988537682026118,-0.3268032316526984,0.01691331675969792,-0.14840539090229657,0.015361090325251564,-0.0003974974924920161
500,8,229,7.312139511108398,0.8500842384930155,0.5190474230745404,-0.013174770103889597,-0.46293315250390393,0.008324433655135183,-0.17993159519499605,-0.3268754451927521,0.0169130346152449,-0.14843189125960396,0.015360182393145827,-0.00039737949355031385
500,8,230,7.312139987945557,0.850054522578201,0.5190920824989569,-0.013169432105832794,-0.46295643254165203,0.00832324886410255,-0.17998133631170768,-0.3269474353919602,0.016913012572709506,-0.1484557243731564,0.015359244909939005,-0.0003972671969353776
500,8,231,7.312139511108398,0.8500251915190349,0.5191392965786275,-0.013164104823573637,-0.46298138837978275,0.008322351051316646,-0.1800361501768658,-0.3270209145301385,0.016913342108613623,-0.14847706232319616,0.01535829825570081,-0.00039716123623907023
500,8,232,7.312139987945557,0.8499941281637691,0.5191893125817012,-0.013159114323526268,-0.4630071141802514,0.008321739546267545,-0.18009879459418937,-0.3270987488148046,0.01691416870369084,-0.148496197646135,0.015357374019539302,-0.0003970622148822135
500,8,233,7.312139511108398,0.8499630155178277,0.5192398665372381,-0.013154733093116584,-0.4630327946888179,0.008321404961816338,-0.1801646195442691,-0.32717706700463595,0.016915285158108462,-0.1485133884623364,0.015356493600527677,-0.0003969707061145881
500,8,234,7.312139987945557,0.8499343447108727,0.5192883801455376,-0.013151132585106947,-0.4630577052350464,0.008321330535214966,-0.18022786786021727,-0.32725073226018553,0.016916428063568557,-0.14852887568413942,0.015355675340728679,-0.0003968870418176461
500,8,235,7.312139511108398,0.8499061786935221,0.5193351563819777,-0.013148392402565599,-0.4630811664404034,0.008321490787086386,-0.18029095513653223,-0.3273224246715996,0.016917725266776398,-0.14854288301585905,0.015354941658218992,-0.00039681164438596267
500,8,236,7.312139511108398,0.8498785380217404,0.5193795063154345,-0.013146547754541955,-0.46310263480206215,0.008321854873974173,-0.18035313656491028,-0.3273915858867644,0.016919144806055667,-0.14855559974576177,0.015354300705026502,-0.00039674457416162003
500,8,237,7.312139511108398,0.8498530969184189,0.5194197358775542,-0.013145636911741898,-0.46312174798480477,0.008322387258852447,-0.18041036602456675,-0.3274547913460485,0.016920496013475218,-0.14856716353804136,0.015353761652182578,-0.0003966859216577415
500,8,238,7.312139511108398,0.8498287576023563,0.5194562195892972,-0.013145615480146602,-0.4631382342372178,0.008323050393165563,-0.18046437469155877,-0.3275137161057933,0.016921863752796317,-0.14857762601677052,0.015353324499687224,-0.00039663538516391606
500,8,239,7.312139511108398,0.8498051025208789,0.5194890946999836,-0.013146463558989008,-0.4631520029754968,0.008323804716828104,-0.18051570607464848,-0.32756899296506115,0.01692326896442758,-0.1485870904300946,0.01535298822853695,-0.0003965927233118151
500,8,240,7.312139987945557,0.8497851794810471,0.5195161692107542,-0.013148113791826758,-0.4631630089077396,0.008324612681284427,-0.18055826079772755,-0.3276150756261882,0.01692441738052152,-0.1485954879459167,0.015352739591686445,-0.0003965574835358222
500,8,241,7.312139511108398,0.8497673949156301,0.5195386924546022,-0.013150515661328084,-0.4631713879096528,0.008325436067468961,-0.18059527978341458,-0.3276549419671147,0.016925451175431424,-0.1486028185642368,0.015352570437107822,-0.0003965290925861567
500,8,242,7.312139511108398,0.849749699944825,0.5195583238531737,-0.013153592626081219,-0.4631773211488454,0.00832624000886575,-0.18063109097185245,-0.3276924632291632,0.01692656322134197,-0.14860904786900647,0.015352464460745311,-0.00039650700738407896
500,8,243,7.312139511108398,0.8497341173063714,0.5195739888154045,-0.013157304884552037,-0.463181125668633,0.00832699634405806,-0.1806618696717521,-0.3277242520761765,0.016927565054575554,-0.1486141070281288,0.015352406377546628,-0.0003964905339956439
500,8,244,7.312139511108398,0.8497224341813543,0.5195848542082249,-0.013161589672782893,-0.46318307322042906,0.008327680264178764,-0.1806846165199448,-0.32774740507716277,0.01692830017313089,-0.14861791000148264,0.015352380902459486,-0.0003964790690000298
500,8,245,7.312139511108398,0.8497129328106606,0.519592445924499,-0.013166341363625543,-0.4631834808475492,0.008328270983420274,-0.1807028743883614,-0.3277652723448049,0.016928925079009265,-0.14862049120511647,0.015352376826445543,-0.0003964719788053737
500,8,246,7.312139987945557,0.8497033209599626,0.5195987464030605,-0.01317144208330586,-0.46318266559330895,0.008328754421074223,-0.18072153485586107,-0.3277822834725392,0.01692965799331106,-0.14862183343100607,0.015352381921462972,-0.0003964687505039771
500,8,247,7.31213903427124,0.8496952029178008,0.5196030563589007,-0.013176819882896783,-0.4631809445010241,0.008329123872041388,-0.1807377797288624,-0.3277958700406421,0.016930356741683,-0.14862195388717567,0.015352390073490858,-0.00039646878067501815
500,8,248,7.312139511108398,0.8496910886823524,0.5196040390349049,-0.013182398220986543,-0.46317867990591244,0.008329378665811847,-0.18074683820823118,-0.3278018257965228,0.01693078657112315,-0.14862088698967368,0.01535239211149783,-0.00039647170726600387
500,8,249,7.312139511108398,0.8496884257090451,0.519603732591971,-0.013188066877942191,-0.46317605297558284,0.008329521484425288,-0.18075396421200127,-0.3278049525683602,0.01693118664314052,-0.14861878761071814,0.015352390073490858,-0.0003964771682244411
500,8,250,7.312139511108398,0.8496851258964769,0.5196037788815625,-0.01319370491833313,-0.4631732901695466,0.008329559703490858,-0.18076320386095743,-0.3278091588209509,0.01693174321715918,-0.14861575899845444,0.015352381921462972,-0.00039648486183991905
500,8,251,7.312139987945557,0.8496841553663552,0.5196024313684434,-0.013199260293999359,-0.46317061794731484,0.008329505392187153,-0.18076890063798268,-0.3278093449383222,0.016932182965740256,-0.14861190440102792,0.01535237071242463,-0.00039649457691514993
500,8,252,7.312139511108398,0.8496855722720312,0.5195996891805003,-0.013204656463529108,-0.463168126892692,0.008329374642752314,-0.18077067207394812,-0.32780543647352545,0.016932482744221593,-0.14860741310670503,0.015352360522389773,-0.00039650604191076406
500,8,253,7.312139511108398,0.8496882434921988,0.5195964444982949,-0.013209829132136489,-0.4631659075894825,0.008329183547424469,-0.18077073246381056,-0.32779955516459325,0.016932742846139222,-0.1486024227796796,0.015352355427372344,-0.00039651913614259705
500,8,254,7.312139511108398,0.8496907156369189,0.5195937400494586,-0.013214717066692087,-0.46316400532958873,0.0083289495394616,-0.18077179935138066,-0.32779434387819767,0.016933087811818116,-0.14859712270821812,0.015352364598403716,-0.0003965337087554434
500,8,255,7.31213903427124,0.8496946932890984,0.5195903667737354,-0.013219274342348842,-0.46316242011301056,0.008328692063651453,-0.1807702896048192,-0.32778671306597545,0.016933344607355436,-0.1485916677645386,0.015352390073490858,-0.0003965495787230567
500,8,256,7.31213903427124,0.8497000180405141,0.5195864030507602,-0.013223500959106753,-0.46316110664784577,0.008328429223761927,-0.180766444783576,-0.32777692329224656,0.016933517641258264,-0.14858617840481064,0.015352435928647714,-0.0003965665951902313
500,8,257,7.31213903427124,0.8497052362816465,0.5195826505017331,-0.013227383139511701,-0.46315997435028994,0.008328177112031158,-0.18076272074205774,-0.3277674313063117,0.016933720432583874,-0.14858074066915536,0.015352502163874283,-0.00039658451678863864
500,8,258,7.312139511108398,0.8497106858514698,0.519578843258262,-0.013230934661017804,-0.4631589779284408,0.008327951150187356,-0.18075837267196074,-0.3277576043091085,0.016933914406895328,-0.14857547501374233,0.01535259183618102,-0.00039660316249203213
500,8,259,7.312139511108398,0.8497162490997946,0.5195749818041151,-0.013234175424392125,-0.4631580720903961,0.008327762736899202,-0.18075346096314746,-0.32774759119453406,0.016934091849305236,-0.14857045027066845,0.015352701888557474,-0.0003966223211031242
500,8,260,7.312139987945557,0.8497221062344974,0.5195708312993547,-0.013237137577027602,-0.4631571662523514,0.008327622600325449,-0.18074754275662652,-0.3277369825043715,0.01693422851302467,-0.14856566643993374,0.015352830282996669,-0.00039664169091150383
500,8,261,7.312139511108398,0.8497285903679712,0.519566117849056,-0.013239836427206594,-0.4631562151224045,0.0083275367750554,-0.18073989337404844,-0.3277251454395586,0.01693428251723638,-0.14856119235363507,0.015352971924481179,-0.0003966609702067602
500,8,262,7.312139987945557,0.8497343341416083,0.5195616395591279,-0.013242293406524394,-0.4631551281167509,0.008327507943128743,-0.18073306931959063,-0.3277144250789733,0.01693437289163149,-0.14855697638769982,0.015353121717993573,-0.0003966799779626468
500,8,263,7.312139511108398,0.8497388027528556,0.5195578704328938,-0.0132445299465763,-0.46315390523539063,0.008327534763525633,-0.18072839917022718,-0.3277058636798948,0.016934551436168167,-0.1485530529581764,0.01535327354951294,-0.00039669838229771157
500,8,264,7.312139511108398,0.8497437517892326,0.5195534431277332,-0.013246591972209369,-0.4631525011864214,0.008327615895226227,-0.18072213875448565,-0.32769618557658864,0.016934636299929428,-0.1485493532329679,0.01535342436202882,-0.000396716002185708
500,8,265,7.312139511108398,0.8497481690446749,0.5195491585327577,-0.013248442743545955,-0.46315096126174543,0.008327745974151144,-0.18071648223736872,-0.32768728916624185,0.016934731082831615,-0.14854586000405007,0.015353566003513328,-0.00039673268677143064
500,8,266,7.312139511108398,0.8497514206191126,0.5195454729716819,-0.013250063890647232,-0.4631492854613628,0.008327917624691244,-0.1807127380658963,-0.32768032837655625,0.01693488978908644,-0.14854257327142298,0.015353696435959494,-0.0003967481645155097
500,8,267,7.312139511108398,0.8497541548215898,0.5195420015987213,-0.01325144929020026,-0.46314751907717566,0.008328122800727455,-0.18070971857277338,-0.32767418650330427,0.016935052903848346,-0.14853945861903817,0.01535381056434989,-0.00039676237507586305
500,8,268,7.312139987945557,0.8497568625515912,0.5195384392174791,-0.013252560671499153,-0.46314570740108635,0.008328352115120868,-0.18070643739024644,-0.32766800740657803,0.016935175239919772,-0.14853651604689558,0.01535390736968103,-0.0003967752279393673
500,8,269,7.312139511108398,0.849759448066049,0.5195349661847131,-0.013253362825494497,-0.4631439410168992,0.008328594839712726,-0.18070319646762786,-0.3276620516506973,0.01693527002282196,-0.14853372834697104,0.015353985832949427,-0.0003967867532770636
500,8,270,7.312139511108398,0.8497609119622227,0.5195323080620622,-0.01325378992657217,-0.46314221992461435,0.008328840916854196,-0.18070204906024115,-0.3276581431859006,0.016935434239710632,-0.14853112993531298,0.015354049011165539,-0.00039679695108895194
500,8,271,7.312139511108398,0.8497622852261654,0.5195298387307935,-0.013253808296510995,-0.4631406347080362,0.008329080959406364,-0.1807010023026252,-0.3276544952854236,0.016935576414063912,-0.14852868639587294,0.01535409588532588,-0.0003968059118881556
500,8,272,7.312139511108398,0.8497639166307376,0.5195273577197793,-0.013253396503715676,-0.4631392306590669,0.008329306921250165,-0.18069931138647635,-0.3276505123736784,0.016935664584205482,-0.14852646656074783,0.015354130531444393,-0.0003968136658457157
500,8,273,7.312139511108398,0.849765414501967,0.5195251876826738,-0.013252508623339149,-0.46313805306960887,0.008329511426776454,-0.1806978016399149,-0.32764693892015,0.016935735120318738,-0.14852445322191343,0.01535415702553502,-0.00039682036381683764
500,8,274,7.312139511108398,0.8497658537439353,0.5195239831524856,-0.013251126285442593,-0.46313710193966195,0.008329687770886008,-0.18069830488876873,-0.32764544998117984,0.01693588060105233,-0.14852269800344242,0.01535417842460822,-0.0003968261566567269
500,8,275,7.312139511108398,0.8497668358076662,0.5195227023054727,-0.013249277044934242,-0.46313642256112847,0.008329832601029217,-0.1806977211200983,-0.32764321657272455,0.01693595664779943,-0.1485212009053348,0.015354195747667476,-0.0003968310141943423
500,8,276,7.312139511108398,0.8497686318525318,0.5195210659885918,-0.013246971617611744,-0.4631359696421061,0.00832994323516639,-0.1806953659154624,-0.3276396803426704,0.0169359324010105,-0.14851996192759057,0.01535420899471279,-0.00039683511745593057
500,8,277,7.312139511108398,0.8497697106503621,0.5195201344880906,-0.013244246743352752,-0.46313574318259493,0.008330019002787604,-0.1806942990278923,-0.32763759582811214,0.016935954443545894,-0.14851894665416124,0.015354224279765075,-0.0003968385569546148
500,8,278,7.312139511108398,0.8497708542817795,0.5195193564188301,-0.013241174371084324,-0.4631356978906927,0.008330059903892862,-0.18069301071082652,-0.32763554853702814,0.016935948932912046,-0.14851820670911955,0.015354238545813874,-0.0003968412723483129
500,8,279,7.312139511108398,0.8497724757806085,0.5195183957476666,-0.013237827980561764,-0.4631358337663994,0.00833006795001193,-0.18069057498637403,-0.32763275677645903,0.016935879498925558,-0.14851769046839278,0.015354254849869646,-0.00039684344466327134
500,8,280,7.312139511108398,0.8497743606118309,0.5195173352203795,-0.013234277989883894,-0.4631360602259106,0.00833004716420434,-0.18068745484348034,-0.32762955555767315,0.016935768184121826,-0.14851739793198096,0.015354271153925417,-0.00039684510407053127
500,8,281,7.312139511108398,0.8497762541535101,0.5195162883383819,-0.013230605532947196,-0.46313633197732396,0.008330000228509781,-0.180684113271091,-0.32762635433888726,0.016935633724655935,-0.1485172946838356,0.015354287457981187,-0.0003968462505700927
500,8,282,7.312139511108398,0.8497769283239219,0.5195159924648605,-0.013226888681991669,-0.4631366037287374,0.008329932507007634,-0.1806827846941169,-0.3276252748581339,0.01693558523107807,-0.1485173635159325,0.015354303762036958,-0.00039684691433299665
500,8,283,7.312139511108398,0.8497778179211788,0.5195155186838305,-0.013223228471680854,-0.4631368301882485,0.008329849363777272,-0.18068093273833483,-0.3276237859191637,0.01693549926519004,-0.14851758722024744,0.015354319047089244,-0.0003968470953592432
500,8,284,7.312139511108398,0.8497803464036304,0.5195138231626736,-0.013219722875021812,-0.4631370113558575,0.008329756833408001,-0.1806756184304385,-0.3276192818787789,0.01693524136752595,-0.14851789696468348,0.015354328218120614,-0.00039684673330675014
500,8,285,7.312139987945557,0.8497818535433816,0.5195127211449571,-0.01321642240934631,-0.46313710193966195,0.00832965826844943,-0.18067213594837006,-0.3276165273416841,0.01693506061873573,-0.1485183099572649,0.015354333313138043,-0.0003968459488596818
500,8,286,7.312139511108398,0.8497818216298849,0.5195124258148315,-0.013213380653642592,-0.4631370113558575,0.008329558362471012,-0.1806713508801581,-0.3276163412243128,0.016934998899636632,-0.14851879178194322,0.0153543363701485,-0.0003968447420180382
500,8,287,7.312139511108398,0.8497822638690403,0.5195117017384688,-0.013210666495181246,-0.4631368301882485,0.00832946247955213,-0.18066951905433018,-0.3276152245200852,0.016934877665691975,-0.14851930802267,0.015354332294134557,-0.0003968432032949426
500,8,288,7.312139511108398,0.8497839182646897,0.5195099736068483,-0.013208330451294043,-0.4631365131449329,0.008329373972242392,-0.18066509046441656,-0.32761179996045375,0.016934628585042043,-0.14851987588746943,0.015354325161110157,-0.00039684130251935396
500,8,289,7.312139511108398,0.8497842609700158,0.5195089907135632,-0.013206346497900978,-0.4631360602259106,0.008329294181561642,-0.18066311772890958,-0.3276106088092776,0.01693448751281553,-0.1485204437522689,0.015354311914064844,-0.0003968390698623133
500,8,290,7.312139511108398,0.8497833557448241,0.5195087610605268,-0.01320470545003264,-0.4631355167230838,0.008329225119039649,-0.18066348006808433,-0.32761157661960827,0.016934452244758903,-0.14852104603311678,0.015354296629012559,-0.0003968367165211083
500,8,291,7.312139511108398,0.84978349847171,0.5195077406279431,-0.013203421085143148,-0.46313492792835476,0.008329168125696257,-0.1806616683722106,-0.3276106088092776,0.016934313376785932,-0.14852164831396467,0.015354279305953303,-0.0003968341218115746
500,8,292,7.312139511108398,0.8497843804004666,0.5195062434026978,-0.013202475033293677,-0.46313433913362567,0.008329123872041388,-0.18065846770950028,-0.32760833817734814,0.016934105074826473,-0.14852225059481255,0.015354257906880104,-0.0003968314365889176
500,8,293,7.312139511108398,0.8497836259165477,0.5195059238958688,-0.01320181983880893,-0.4631337956307989,0.008329091017055198,-0.18065848783945443,-0.32760904542335895,0.016934048866361223,-0.1485228700836847,0.015354237526810388,-0.0003968287815373017
500,8,294,7.312139987945557,0.8497815979240069,0.519506556704002,-0.013201440193406553,-0.4631332974198743,0.008329069560737685,-0.18066108460354016,-0.32761209774824784,0.01693411389184063,-0.14852350678058104,0.01535421816574416,-0.0003968260963146447
500,8,295,7.312139511108398,0.8497814111372909,0.5195060582161749,-0.013201340689571253,-0.46313288979275424,0.00832905883257893,-0.18066021901551158,-0.3276119488543508,0.016934015802558135,-0.14852410906142893,0.015354199823681419,-0.0003968234714340699
500,8,296,7.312139511108398,0.8497823694672237,0.5195049278160329,-0.013201481525768909,-0.4631326180413408,0.008329057491559084,-0.1806571793924345,-0.32760986433979256,0.01693382072611991,-0.14852471134227682,0.015354182500622163,-0.00039682093706661835
500,8,297,7.312139511108398,0.8497808180118562,0.5195056662199565,-0.013201784629759516,-0.4631324368737319,0.008329062185128541,-0.1806592326477581,-0.3276123955360419,0.016933865913317466,-0.14852533083114894,0.01535416925357685,-0.0003968186138964544
500,8,298,7.312139511108398,0.8497790511584281,0.5195067268840197,-0.013202246939886603,-0.46313239158182967,0.008329072242777374,-0.18066184954179795,-0.3276154478609307,0.01693394196006457,-0.14852595032002106,0.015354158044538506,-0.00039681644158149595
500,8,299,7.312139511108398,0.8497799870013779,0.5195061382050179,-0.013202857740352524,-0.46313252745753636,0.008329086993995665,-0.1806593131675747,-0.3276138100280635,0.016933778845302665,-0.14852651818482052,0.015354146835500165,-0.00039681438995070183
500,8,300,7.312139511108398,0.8497798733897372,0.5195064345023946,-0.013203561921340803,-0.4631327539170475,0.008329103086233799,-0.18065907160812486,-0.3276141822628061,0.016933728147471263,-0.14852708604961995,0.01535414072147925,-0.00039681257968823645
500,8,301,7.312139511108398,0.8497777899121126,0.5195081818080706,-0.013204331927943205,-0.46313307096036316,0.008329119178471933,-0.18066277551968898,-0.3276181651745513,0.016933868117571003,-0.14852761949837096,0.015354139702475764,-0.0003968109504520176
500,8,302,7.312139511108398,0.8497775515286025,0.519508852117004,-0.013205184599270317,-0.4631335238793855,0.008329134600200145,-0.18066305733904714,-0.3276189840909849,0.01693384938141592,-0.1485281357390977,0.015354135626461821,-0.0003968094720710042
500,8,303,7.312139511108398,0.8497787960771417,0.5195086238632667,-0.013206087787929196,-0.4631340673822123,0.008329148680908512,-0.18066060148464047,-0.3276172345876949,0.01693370720706264,-0.14852856593970337,0.01535413358845485,-0.00039680817471623737
500,8,304,7.31213903427124,0.8497773509452555,0.5195102589255447,-0.01320698638410337,-0.4631346108850391,0.008329158738557345,-0.18066348006808433,-0.32762032413605807,0.016933818521866373,-0.148528996140309,0.015354134607458336,-0.00039680708855875814
500,8,305,7.312139511108398,0.8497764948724609,0.5195115566661488,-0.013207900288559898,-0.46313519967976813,0.00832916544365657,-0.1806653320238664,-0.3276224086506163,0.01693388685372609,-0.14852935750881774,0.015354135626461821,-0.00039680618342752543
500,8,306,7.312139511108398,0.8497776377853531,0.5195114991848647,-0.013208834093783485,-0.46313578847449716,0.008329169466716102,-0.18066335928835942,-0.32762091971164614,0.016933774436795588,-0.14852965004522958,0.01535413358845485,-0.00039680530846733384
500,8,307,7.312139511108398,0.8497775039479696,0.5195122437792035,-0.013209737282442366,-0.46313633197732396,0.00832916879620618,-0.18066384240725908,-0.3276216641811312,0.016933782151682973,-0.14852989095756872,0.015354132569451364,-0.0003968045843623477
500,8,308,7.312139511108398,0.849776426205775,0.5195136122656061,-0.013210600669567125,-0.4631368301882485,0.008329164773146646,-0.18066625800175742,-0.3276240837069577,0.01693388354734578,-0.14853009745385945,0.015354132569451364,-0.000396804011112567
500,8,309,7.312139511108398,0.8497766374532698,0.5195140058318072,-0.013211447217581296,-0.46313723781536864,0.008329158068047423,-0.18066615735198666,-0.32762412093043203,0.016933867015444234,-0.14853025232607747,0.015354129512440907,-0.0003968034982048684
500,8,310,7.312139511108398,0.8497774334369511,0.5195138623389992,-0.013212263149030758,-0.4631375548586843,0.008329148680908512,-0.18066480864505843,-0.3276230042262044,0.01693379537720421,-0.14853033836619858,0.015354125436426965,-0.0003968030456392521
500,8,311,7.312139511108398,0.849776491816413,0.5195148270177691,-0.01321301631652257,-0.46313778131819544,0.008329137282239834,-0.18066688203033615,-0.3276249398468656,0.01693388685372609,-0.1485304071982955,0.015354123398419994,-0.0003968027439288412
500,8,312,7.312139511108398,0.8497762418862396,0.5195151887331259,-0.01321372355916732,-0.4631379171939021,0.008329124542551311,-0.1806675060589149,-0.32762553542245365,0.01693390999838825,-0.14853042440631972,0.015354120341409537,-0.00039680253273155356
500,8,313,7.312139511108398,0.8497770611643684,0.5195146496865439,-0.013214377222823832,-0.4631379171939021,0.008329111802862789,-0.18066591579253682,-0.3276240837069577,0.016933831747387607,-0.14853042440631972,0.01535411728439908,-0.0003968023818763481
500,8,314,7.312139511108398,0.8497769762181009,0.5195146067896528,-0.013214957406725044,-0.46313782661009767,0.008329098392664342,-0.18066599631235344,-0.3276241581539063,0.016933835053767915,-0.1485304071982955,0.015354114227388622,-0.00039680229136322486
500,8,315,7.312139511108398,0.8497762193235857,0.5195149100588241,-0.013215456456729781,-0.46313764544248875,0.008329084982465897,-0.18066730475937337,-0.3276253493050824,0.016933895670740245,-0.14853038999027127,0.015354114227388622,-0.00039680232153426593
500,8,316,7.312139511108398,0.8497766740756294,0.5195143528790573,-0.013215888150292161,-0.46313741898297756,0.008329072913287296,-0.18066629826166572,-0.3276243442712775,0.01693385158566946,-0.14853033836619858,0.01535411218938165,-0.0003968023818763481
500,8,317,7.312139511108398,0.8497771999495157,0.5195136711814291,-0.013216241771614536,-0.4631371472315642,0.008329062185128541,-0.1806650703344624,-0.3276231531201014,0.016933797581457747,-0.1485302695341017,0.015354113208385136,-0.0003968025629025946
500,8,318,7.312139511108398,0.8497763900895613,0.5195138397310582,-0.013216502012414552,-0.4631368301882485,0.00832905279798963,-0.1806663989114365,-0.32762430704780326,0.016933864811190694,-0.1485302007020048,0.015354114227388622,-0.00039680283444196445
500,8,319,7.312139511108398,0.8497761301518405,0.519513655262012,-0.013216701020085151,-0.4631365131449329,0.008329045422380483,-0.18066672099070294,-0.32762449316517456,0.01693388685372609,-0.14853013186990788,0.015354116265395594,-0.00039680310598133427
500,8,320,7.312139511108398,0.8497771073773607,0.5195126521042969,-0.01321685104125222,-0.4631362413935195,0.008329040728811028,-0.18066458721556275,-0.3276224830975648,0.01693379317295067,-0.148530063037811,0.015354118303402565,-0.00039680346803382734
500,8,321,7.312139511108398,0.849777067116445,0.5195123453065598,-0.013216926051835755,-0.4631359696421061,0.008329038046771339,-0.18066446643583783,-0.3276222969801935,0.01693379427507744,-0.14852997699768986,0.015354122379416508,-0.00039680379991527935
500,8,322,7.312139511108398,0.8497759358862461,0.5195128555411844,-0.01321693064432046,-0.46313574318259493,0.008329036705751495,-0.18066655995106973,-0.32762412093043203,0.016933902283500862,-0.14852990816559294,0.015354126455430451,-0.0003968042524808957
500,8,323,7.312139511108398,0.8497765605827015,0.5195122875962115,-0.013216903089412224,-0.46313560730688824,0.00832903871728126,-0.18066535215382054,-0.3276228925557816,0.016933853789923,-0.14852982212547183,0.015354129512440907,-0.00039680461453338875
500,8,324,7.312139511108398,0.8497775406292076,0.5195114819469874,-0.013216834202141632,-0.4631355167230838,0.008329042740340796,-0.18066337941831356,-0.3276210313820689,0.016933770028288508,-0.14852970166930224,0.015354131550447878,-0.00039680500675692295
500,8,325,7.312139511108398,0.8497768396378195,0.5195119252494401,-0.013216705612569858,-0.46313547143118156,0.00832904743391025,-0.18066482877501258,-0.32762225975671927,0.01693384717716238,-0.14852963283720536,0.015354134607458336,-0.0003968053989804571
500,8,326,7.312139987945557,0.8497764199179509,0.51951225054492,-0.013216543344776907,-0.46313547143118156,0.008329053468499551,-0.18066585540267438,-0.32762304144967863,0.01693390338562763,-0.14852952958906,0.015354137664468793,-0.00039680582137503235
500,8,327,7.312139511108398,0.8497771126511999,0.5195118421986848,-0.013216362707045131,-0.4631355167230838,0.008329061514618619,-0.18066466773537934,-0.3276218502985025,0.016933853789923,-0.14852942634091465,0.015354138683472279,-0.00039680615325648436
500,8,328,7.312139511108398,0.8497769550268781,0.5195120663295056,-0.013216154514405118,-0.46313560730688824,0.008329070231247607,-0.18066519111418733,-0.327622222533245,0.016933885751599317,-0.14852930588474506,0.01535414072147925,-0.00039680651530897744
500,8,329,7.312139511108398,0.8497766487635526,0.5195124809155001,-0.013215932544310987,-0.46313574318259493,0.008329078947876597,-0.18066611709207836,-0.3276229297792559,0.016933936449430722,-0.14852921984462394,0.015354141740482736,-0.0003968067868483472
500,8,330,7.312139511108398,0.8497767938933102,0.5195125739889209,-0.013215707512560385,-0.4631358790583016,0.008329088335015509,-0.1806661372220325,-0.3276228181088331,0.01693394306219134,-0.14852911659647858,0.01535414072147925,-0.000396807058387717
500,8,331,7.312139511108398,0.8497772107124535,0.5195124370159979,-0.013215479419153311,-0.46313601493400836,0.008329098392664342,-0.18066551319345378,-0.3276221853097708,0.016933918815402408,-0.148528996140309,0.015354138683472279,-0.00039680726958500465
500,8,332,7.312139511108398,0.8497769885894141,0.5195127965412459,-0.013215232955807414,-0.46313615080971504,0.008329107779803254,-0.18066629826166572,-0.3276227436618846,0.016933957389839344,-0.14852889289216364,0.015354135626461821,-0.0003968074204402101
500,8,333,7.312139511108398,0.8497763487301289,0.5195133881006068,-0.013214980369148574,-0.4631362866854217,0.008329116496432244,-0.18066774761836474,-0.32762400926000923,0.016934030130206137,-0.14852878964401828,0.015354134607458336,-0.00039680757129541554
500,8,334,7.312139511108398,0.8497769418870977,0.5195132022889161,-0.013214743090772089,-0.46313642256112847,0.008329124542551311,-0.18066694242019862,-0.3276231158966271,0.01693399486214951,-0.1485287208119214,0.015354132569451364,-0.000396807722150621
500,8,335,7.312139511108398,0.8497769423187653,0.5195132995132029,-0.013214504281567369,-0.4631365131449329,0.008329131918160456,-0.18066706319992354,-0.3276231903435756,0.016934002577036898,-0.14852865197982448,0.015354131550447878,-0.00039680784283478536
500,8,336,7.312139511108398,0.8497765306135687,0.5195137342683663,-0.013214265472362648,-0.4631366037287374,0.008329137952749756,-0.18066815021744778,-0.3276240464834835,0.016934056581248608,-0.14852858314772757,0.015354130531444393,-0.00039680796351894974
500,8,337,7.312139511108398,0.8497765766028269,0.5195137614380556,-0.013214049625581457,-0.4631366490206396,0.008329143316829135,-0.18066817034740196,-0.32762400926000923,0.016934058785502148,-0.14852853152365492,0.015354129512440907,-0.00039680808420311406
500,8,338,7.312139511108398,0.8497765769802487,0.5195138103369923,-0.013213856741223799,-0.46313669431254184,0.00832914801039859,-0.18066825086721855,-0.3276240464834835,0.016934065398262765,-0.14852847989958223,0.015354128493437423,-0.00039680817471623737
500,8,339,7.312139511108398,0.8497766799620879,0.5195137379805375,-0.013213688350117906,-0.46313669431254184,0.008329151362948201,-0.1806680696976312,-0.32762386036611224,0.01693405988762892,-0.148528462691558,0.015354129512440907,-0.0003968082652293606
500,8,340,7.312139511108398,0.8497767759331338,0.5195136541412967,-0.013213541390607307,-0.46313669431254184,0.00832915404498789,-0.18066786839808965,-0.32762367424874095,0.016934051070614763,-0.14852842827550955,0.015354130531444393,-0.0003968083557424839
500,8,341,7.312139511108398,0.8497765089030579,0.519513795515135,-0.013213412801035536,-0.4631366490206396,0.008329156056517658,-0.1806684119068518,-0.32762412093043203,0.016934078623784002,-0.14852841106748532,0.015354131550447878,-0.00039680844625560713
500,8,342,7.312139511108398,0.8497766022036319,0.519513659086485,-0.013213311766371999,-0.4631366037287374,0.00832915672702758,-0.18066813008749363,-0.3276238975895865,0.016934066500389536,-0.14852842827550955,0.015354131550447878,-0.0003968085065976893
500,8,343,7.312139511108398,0.8497767652915748,0.5195134922814689,-0.013213230632475524,-0.46313655843683516,0.008329157397537501,-0.18066778787827303,-0.3276235625783182,0.01693405217274153,-0.14852841106748532,0.015354132569451364,-0.00039680853676873044
500,8,344,7.312139511108398,0.8497765966560452,0.5195135536598695,-0.013213167868517874,-0.4631365131449329,0.00832915672702758,-0.1806680696976312,-0.327623823142638,0.016934064296135996,-0.14852842827550955,0.01535413358845485,-0.0003968085669397715
500,8,345,7.312139511108398,0.8497766657801941,0.5195134258162819,-0.013213126536155518,-0.4631364678530307,0.008329155386007734,-0.18066780800822718,-0.3276236370252667,0.0169340532748683,-0.14852844548353378,0.015354134607458336,-0.00039680853676873044
500,8,346,7.312139511108398,0.8497767658982293,0.5195133004936038,-0.013213105104560223,-0.46313642256112847,0.00832915404498789,-0.18066756644877735,-0.32762341368442116,0.016934041151473834,-0.14852844548353378,0.015354134607458336,-0.0003968085065976893
500,8,347,7.312139511108398,0.8497766858400784,0.5195133140246176,-0.013213097450419046,-0.4631363772692262,0.008329152033458123,-0.18066770735845644,-0.32762352535484396,0.016934046662107682,-0.148528462691558,0.015354134607458336,-0.00039680847642664825
500,8,348,7.312139511108398,0.8497766318844013,0.5195132738843763,-0.013213108166216693,-0.46313633197732396,0.008329149351418434,-0.18066770735845644,-0.3276235625783182,0.016934045559980914,-0.148528462691558,0.015354134607458336,-0.0003968085065976893
500,8,349,7.312139511108398,0.849776668962808,0.5195131899452158,-0.01321313572112493,-0.4631362866854217,0.008329146669378746,-0.18066756644877735,-0.3276234509078954,0.016934040049347066,-0.14852847989958223,0.015354134607458336,-0.00039680847642664825
500,8,350,7.312139511108398,0.8497767105150883,0.5195131133240134,-0.01321317858431552,-0.4631362413935195,0.008329143987339057,-0.18066744566905243,-0.32762333923747267,0.016934032334459677,-0.14852849710760646,0.015354134607458336,-0.00039680841608456607
500,8,351,7.312139511108398,0.8497765891007951,0.5195131073692785,-0.01321323216330376,-0.46313619610161727,0.008329141305299367,-0.18066752618886905,-0.32762348813136966,0.016934035640839985,-0.1485285143156307,0.015354135626461821,-0.0003968083557424839
500,8,352,7.312139511108398,0.8497767433565848,0.5195130223941425,-0.01321329798891788,-0.46313619610161727,0.008329138623259678,-0.18066726449946507,-0.3276232275670499,0.01693402021106521,-0.14852853152365492,0.01535413358845485,-0.0003968082954004017
500,8,353,7.312139511108398,0.8497766345583082,0.519513085251926,-0.013213365345360238,-0.46313619610161727,0.008329135941219989,-0.1806674255390983,-0.32762341368442116,0.0169340279259526,-0.14852854873167914,0.015354132569451364,-0.00039680817471623737
500,8,354,7.312139511108398,0.84977651353824,0.5195131762944944,-0.013213437294287301,-0.46313619610161727,0.0083291332591803,-0.18066766709854812,-0.3276236370252667,0.016934036742966757,-0.14852856593970337,0.015354132569451364,-0.0003968081143741552
500,8,355,7.312139511108398,0.8497766496339021,0.519513061614582,-0.013213518428183777,-0.46313619610161727,0.00832913057714061,-0.18066730475937337,-0.3276233764609469,0.016934019108938443,-0.1485286003557518,0.015354132569451364,-0.000396808054032073
500,8,356,7.312139511108398,0.8497766207697754,0.5195131107083377,-0.013213599562080253,-0.46313619610161727,0.008329128565610844,-0.1806674255390983,-0.3276234509078954,0.01693402241531875,-0.14852861756377603,0.015354132569451364,-0.0003968079333479086
500,8,357,7.312139511108398,0.8497765232976683,0.5195132402837475,-0.013213682226804965,-0.4631362413935195,0.008329126554081077,-0.18066764696859397,-0.32762367424874095,0.016934030130206137,-0.14852865197982448,0.015354132569451364,-0.0003968078730058264
500,8,358,7.312139511108398,0.8497765614968141,0.5195132545603875,-0.01321376642235791,-0.4631362866854217,0.008329125213061233,-0.18066756644877735,-0.3276236370252667,0.01693402461957229,-0.14852865197982448,0.015354130531444393,-0.0003968078126637443
500,8,359,7.312139511108398,0.849776469589197,0.5195133932526821,-0.01321384602542615,-0.46313633197732396,0.008329123872041388,-0.18066782813818136,-0.32762386036611224,0.016934036742966757,-0.1485286691878487,0.015354129512440907,-0.0003968076919795799
500,8,360,7.312139511108398,0.849776553728147,0.5195133863364867,-0.013213927159322627,-0.4631363772692262,0.008329123201531466,-0.18066768722850227,-0.32762374869568944,0.01693402682382583,-0.1485286691878487,0.015354128493437423,-0.00039680763163749773
500,8,361,7.312139511108398,0.8497764948258076,0.5195134826937332,-0.013214002169906161,-0.46313642256112847,0.008329123201531466,-0.18066782813818136,-0.3276238975895865,0.016934032334459677,-0.14852868639587294,0.015354127474433937,-0.00039680757129541554
500,8,362,7.312139511108398,0.8497763775753154,0.5195136281384125,-0.013214071057176754,-0.4631364678530307,0.008329123201531466,-0.18066810995753949,-0.3276241581539063,0.016934043355727374,-0.14852870360389717,0.015354128493437423,-0.00039680751095333335
500,8,363,7.312139511108398,0.8497764781407178,0.5195135999452405,-0.013214139944447345,-0.4631365131449329,0.008329123872041388,-0.18066790865799795,-0.32762400926000923,0.016934034538713217,-0.14852870360389717,0.015354127474433937,-0.0003968074807822923
500,8,364,7.312139511108398,0.8497764109421565,0.5195136345710429,-0.013214202708404996,-0.4631365131449329,0.008329124542551311,-0.18066798917781457,-0.32762412093043203,0.016934037845093525,-0.1485287208119214,0.015354127474433937,-0.0003968074204402101
500,8,365,7.312139511108398,0.8497763522848832,0.5195136831830042,-0.013214260879877942,-0.4631365131449329,0.008329125883571155,-0.18066810995753949,-0.32762423260085477,0.016934043355727374,-0.14852873801994562,0.015354128493437423,-0.0003968074204402101
500,8,366,7.312139511108398,0.8497763768941837,0.5195136752907963,-0.01321431445886618,-0.4631365131449329,0.008329127224590999,-0.1806680696976312,-0.3276241953773805,0.016934038947220294,-0.14852875522796985,0.015354127474433937,-0.0003968073600981279
500,8,367,7.312139511108398,0.8497762438711818,0.519513746789989,-0.013214361914541476,-0.4631365131449329,0.008329128565610844,-0.1806682709971727,-0.32762441871822606,0.01693404776423445,-0.14852875522796985,0.015354127474433937,-0.00039680732992708684
500,8,368,7.312139511108398,0.8497763144001012,0.5195137176569418,-0.013214406308560304,-0.4631365131449329,0.008329129906630688,-0.18066817034740196,-0.32762430704780326,0.016934042253600606,-0.14852877243599408,0.015354127474433937,-0.0003968072997560458
500,8,369,7.312139511108398,0.8497763050536888,0.519513702399002,-0.013214441517609718,-0.4631365131449329,0.008329131247650534,-0.18066810995753949,-0.32762430704780326,0.016934040049347066,-0.14852878964401828,0.015354127474433937,-0.00039680726958500465
500,8,370,7.312139511108398,0.8497763084732959,0.5195137080226302,-0.01321447060334619,-0.4631365131449329,0.008329132588670378,-0.18066810995753949,-0.32762430704780326,0.016934038947220294,-0.1485288068520425,0.015354127474433937,-0.00039680720924292247
500,8,371,7.312139511108398,0.849776336912072,0.5195137063792933,-0.013214492034941485,-0.4631365131449329,0.0083291332591803,-0.18066808982758534,-0.327624269824329,0.016934035640839985,-0.14852882406006673,0.015354127474433937,-0.00039680720924292247
500,8,372,7.312139511108398,0.8497763286051698,0.5195136928066321,-0.013214508874052074,-0.4631365131449329,0.008329133929690223,-0.180668049567677,-0.327624269824329,0.016934035640839985,-0.14852882406006673,0.015354127474433937,-0.0003968071489008403
500,8,373,7.312139511108398,0.8497762286956747,0.5195137702638092,-0.013214516528193252,-0.4631365131449329,0.008329133929690223,-0.1806682709971727,-0.3276244559417003,0.016934044457854142,-0.14852882406006673,0.015354126455430451,-0.0003968071489008403
500,8,374,7.312139511108398,0.8497762912485981,0.5195137280541886,-0.013214518059021487,-0.4631365131449329,0.008329133929690223,-0.18066815021744778,-0.3276243442712775,0.016934037845093525,-0.14852882406006673,0.015354125436426965,-0.00039680708855875814
500,8,375,7.312139511108398,0.8497762660485214,0.5195137349951109,-0.013214511935708545,-0.4631365131449329,0.0083291332591803,-0.18066817034740196,-0.3276243814947518,0.016934038947220294,-0.14852882406006673,0.015354127474433937,-0.0003968071489008403
500,8,376,7.312139511108398,0.849776302037686,0.519513697495807,-0.013214501219910897,-0.4631365131449329,0.008329132588670378,-0.180668049567677,-0.32762430704780326,0.016934034538713217,-0.14852884126809096,0.015354127474433937,-0.0003968071790718814
500,8,377,7.312139987945557,0.8497763631046613,0.5195136528405065,-0.013214487442456778,-0.4631365131449329,0.008329131918160456,-0.18066790865799795,-0.3276241953773805,0.01693402682382583,-0.1485288584761152,0.015354128493437423,-0.0003968071790718814
500,8,378,7.312139511108398,0.8497763633661629,0.5195136050619776,-0.013214469072517955,-0.4631364678530307,0.00832913057714061,-0.1806678885280438,-0.3276241581539063,0.0169340279259526,-0.1485288584761152,0.015354129512440907,-0.00039680720924292247
500,8,379,7.312139511108398,0.8497764465105216,0.519513548327739,-0.01321444764092266,-0.4631364678530307,0.008329129236120766,-0.1806677274884106,-0.32762400926000923,0.01693402131319198,-0.1485288584761152,0.015354130531444393,-0.0003968072394139636
500,8,380,7.312139987945557,0.8497765375091804,0.5195134562646864,-0.013214421616842657,-0.4631364678530307,0.008329127895100923,-0.18066746579900658,-0.327623823142638,0.016934009189797514,-0.1485288584761152,0.015354130531444393,-0.00039680720924292247
500,8,381,7.312139511108398,0.8497764834380508,0.5195134641419126,-0.013214384876965008,-0.46313642256112847,0.008329126554081077,-0.18066760670868567,-0.3276238975895865,0.016934015802558135,-0.1485288584761152,0.015354129512440907,-0.0003968072394139636
500,8,382,7.312139511108398,0.849776400666906,0.519513521426406,-0.013214343544602653,-0.46313642256112847,0.008329125213061233,-0.18066778787827303,-0.3276240464834835,0.01693402351744552,-0.14852884126809096,0.015354129512440907,-0.0003968072394139636
500,8,383,7.312139511108398,0.8497766172004245,0.5195133938368579,-0.013214303743068532,-0.46313642256112847,0.008329124542551311,-0.1806674255390983,-0.32762367424874095,0.016934006985543978,-0.14852884126809096,0.015354128493437423,-0.00039680726958500465
500,8,384,7.312139511108398,0.8497765006108103,0.5195134439952359,-0.013214256287393235,-0.46313642256112847,0.008329123872041388,-0.1806675865787315,-0.32762386036611224,0.016934014700431363,-0.14852882406006673,0.015354129512440907,-0.0003968072997560458
500,8,385,7.312139511108398,0.8497765250733923,0.5195134358178258,-0.013214208831717937,-0.46313642256112847,0.008329123201531466,-0.18066756644877735,-0.327623823142638,0.016934014700431363,-0.14852882406006673,0.015354130531444393,-0.0003968072997560458
500,8,386,7.312139511108398,0.8497766078515829,0.5195133784996145,-0.013214164437699112,-0.46313642256112847,0.008329122531021544,-0.18066740540914414,-0.32762367424874095,0.016934008087670746,-0.14852882406006673,0.015354131550447878,-0.00039680732992708684
500,8,387,7.312139987945557,0.8497765445531721,0.5195134194749003,-0.013214116982023814,-0.46313642256112847,0.008329121860511622,-0.18066752618886905,-0.3276237859191637,0.016934013598304595,-0.14852882406006673,0.015354131550447878,-0.0003968073600981279
500,8,388,7.312139987945557,0.8497765273391205,0.5195134394937877,-0.013214074118833224,-0.46313642256112847,0.008329121860511622,-0.1806675865787315,-0.327623823142638,0.016934016904684903,-0.14852882406006673,0.015354131550447878,-0.0003968073600981279
500,8,389,7.312139511108398,0.8497767267227962,0.519513283866886,-0.013214037378955575,-0.46313642256112847,0.008329121860511622,-0.18066714371974016,-0.3276234509078954,0.01693399596427628,-0.14852882406006673,0.015354131550447878,-0.0003968073600981279
500,8,390,7.312139987945557,0.849776522271383,0.519513383028215,-0.01321399604659322,-0.4631363772692262,0.008329121860511622,-0.1806675463188232,-0.3276237859191637,0.016934014700431363,-0.14852882406006673,0.015354130531444393,-0.00039680732992708684
500,8,391,7.312139987945557,0.8497765339824732,0.5195133540231012,-0.013213960837543805,-0.4631363772692262,0.008329122531021544,-0.18066746579900658,-0.32762374869568944,0.016934011394051054,-0.14852882406006673,0.015354130531444393,-0.0003968073600981279
500,8,392,7.312139511108398,0.8497766671758319,0.5195132828474855,-0.013213928690150862,-0.4631363772692262,0.008329123201531466,-0.18066726449946507,-0.32762352535484396,0.01693400147491013,-0.14852882406006673,0.015354129512440907,-0.00039680732992708684
500,8,393,7.312139987945557,0.8497765176483753,0.5195133755114749,-0.013213896542757918,-0.4631363772692262,0.008329123872041388,-0.1806675463188232,-0.3276237859191637,0.016934013598304595,-0.1485288068520425,0.015354129512440907,-0.0003968072997560458
500,8,394,7.312139987945557,0.8497764797955094,0.5195134099623753,-0.013213868987849682,-0.4631363772692262,0.008329124542551311,-0.18066764696859397,-0.32762386036611224,0.016934019108938443,-0.1485288068520425,0.015354128493437423,-0.00039680726958500465
500,8,395,7.312139987945557,0.8497765598238634,0.5195133481763375,-0.013213847556254385,-0.4631363772692262,0.008329125213061233,-0.18066748592896076,-0.3276237114722152,0.016934010291924286,-0.14852878964401828,0.015354127474433937,-0.00039680726958500465
500,8,396,7.312139511108398,0.8497764147756515,0.5195134481670252,-0.013213829186315562,-0.4631363772692262,0.008329125883571155,-0.18066778787827303,-0.327623972036535,0.01693402351744552,-0.14852877243599408,0.015354125436426965,-0.0003968072394139636
500,8,397,7.312139511108398,0.8497763367493636,0.5195135132579353,-0.013213816939689678,-0.4631363772692262,0.008329126554081077,-0.18066798917781457,-0.32762412093043203,0.016934032334459677,-0.14852875522796985,0.015354126455430451,-0.0003968072394139636
500,8,398,7.312139987945557,0.8497766047501589,0.5195133253557968,-0.013213810816376736,-0.4631363772692262,0.008329127224590999,-0.18066746579900658,-0.3276236370252667,0.016934009189797514,-0.14852873801994562,0.01535412441742348,-0.0003968072394139636
500,8,399,7.312139511108398,0.849776391738193,0.5195134587056527,-0.013213801631407325,-0.4631363772692262,0.008329127895100923,-0.1806678482681355,-0.32762400926000923,0.01693402682382583,-0.14852873801994562,0.01535412441742348,-0.00039680720924292247
500,8,400,7.312139511108398,0.8497764167370968,0.5195134514356445,-0.013213792446437913,-0.4631363772692262,0.008329128565610844,-0.18066782813818136,-0.327623972036535,0.01693402572169906,-0.14852873801994562,0.01535412441742348,-0.00039680720924292247
500,8,401,7.312139987945557,0.8497765374922323,0.5195133599147019,-0.013213786323124971,-0.4631363772692262,0.008329129236120766,-0.18066756644877735,-0.32762374869568944,0.016934014700431363,-0.14852873801994562,0.01535412441742348,-0.0003968072394139636
500,8,402,7.312139511108398,0.8497764662277493,0.5195133878898749,-0.013213778668983794,-0.4631363772692262,0.008329129906630688,-0.18066764696859397,-0.32762386036611224,0.01693401800681167,-0.14852873801994562,0.015354126455430451,-0.00039680726958500465
500,8,403,7.312139511108398,0.8497763974059767,0.5195134680367881,-0.013213774076499088,-0.4631363772692262,0.00832913057714061,-0.1806678482681355,-0.32762400926000923,0.01693402902807937,-0.14852877243599408,0.015354128493437423,-0.00039680739026916903
500,8,404,7.312139511108398,0.849776530599323,0.519513348669983,-0.013213777138155558,-0.4631363772692262,0.00832913057714061,-0.1806675060589149,-0.32762374869568944,0.016934014700431363,-0.14852877243599408,0.015354129512440907,-0.0003968074204402101
500,8,405,7.312139511108398,0.8497766018641165,0.5195133207103639,-0.0132137832614685,-0.4631363772692262,0.00832913057714061,-0.1806674255390983,-0.3276236370252667,0.016934010291924286,-0.14852877243599408,0.015354130531444393,-0.0003968074506112512
500,8,406,7.312139511108398,0.8497764295899815,0.5195134243283227,-0.013213790915609676,-0.4631363772692262,0.00832913057714061,-0.18066770735845644,-0.32762393481306074,0.01693402461957229,-0.14852878964401828,0.015354131550447878,-0.0003968074506112512
500,8,407,7.312139511108398,0.8497765966878154,0.5195133122434016,-0.013213806223892031,-0.4631363772692262,0.00832913057714061,-0.18066738527919,-0.3276236370252667,0.016934010291924286,-0.14852878964401828,0.015354131550447878,-0.0003968074506112512
500,8,408,7.312139511108398,0.8497766442566337,0.5195132936850186,-0.01321382306300262,-0.4631363772692262,0.008329129906630688,-0.18066734501928167,-0.3276235625783182,0.016934009189797514,-0.14852877243599408,0.015354130531444393,-0.0003968074807822923
500,8,409,7.312139511108398,0.8497764862493266,0.5195134206244297,-0.013213839902113209,-0.4631363772692262,0.008329129236120766,-0.18066770735845644,-0.32762386036611224,0.01693402461957229,-0.14852877243599408,0.015354130531444393,-0.0003968074807822923
500,8,410,7.312139511108398,0.8497765180004649,0.519513376192835,-0.01321386286453674,-0.4631363772692262,0.008329128565610844,-0.18066760670868567,-0.3276237859191637,0.01693402021106521,-0.14852873801994562,0.015354129512440907,-0.0003968074807822923
500,8,411,7.312139511108398,0.8497766269401564,0.5195133134911951,-0.013213885826960271,-0.4631363772692262,0.008329127895100923,-0.1806674255390983,-0.32762359980179245,0.016934012496177823,-0.14852873801994562,0.015354128493437423,-0.0003968074506112512
500,8,412,7.312139511108398,0.8497765272484491,0.5195133912897876,-0.013213905727727331,-0.4631363772692262,0.008329127224590999,-0.18066764696859397,-0.3276237859191637,0.01693402131319198,-0.14852873801994562,0.015354128493437423,-0.0003968074807822923
500,8,413,7.312139511108398,0.849776446694016,0.5195134522152876,-0.013213924097666155,-0.4631363772692262,0.008329126554081077,-0.1806678482681355,-0.32762393481306074,0.01693403123233291,-0.14852870360389717,0.015354127474433937,-0.0003968074506112512
500,8,414,7.312139511108398,0.8497765916795961,0.5195133521372063,-0.013213943998433215,-0.4631363772692262,0.008329126554081077,-0.1806675463188232,-0.32762367424874095,0.016934016904684903,-0.1485287208119214,0.015354126455430451,-0.0003968074506112512
500,8,415,7.312139511108398,0.8497766545057361,0.5195133103743328,-0.01321395930671557,-0.4631363772692262,0.008329126554081077,-0.1806674255390983,-0.3276235625783182,0.016934011394051054,-0.1485287208119214,0.015354127474433937,-0.0003968074204402101
500,8,416,7.312139511108398,0.8497764043937578,0.5195134793764341,-0.013213970022513217,-0.4631363772692262,0.008329126554081077,-0.18066790865799795,-0.32762400926000923,0.01693403343658645,-0.1485287208119214,0.015354127474433937,-0.0003968074807822923
500,8,417,7.312139987945557,0.849776567211749,0.51951336029095,-0.01321398533079557,-0.4631363772692262,0.008329126554081077,-0.18066756644877735,-0.3276237114722152,0.016934019108938443,-0.1485287208119214,0.015354127474433937,-0.0003968074807822923
500,8,418,7.312139987945557,0.8497766299700359,0.5195133184170936,-0.01321399604659322,-0.4631363772692262,0.008329126554081077,-0.18066744566905243,-0.32762359980179245,0.016934014700431363,-0.1485287208119214,0.015354127474433937,-0.0003968074807822923
500,8,419,7.312139511108398,0.8497764546020578,0.5195134169744161,-0.013214002169906161,-0.4631363772692262,0.008329126554081077,-0.1806677274884106,-0.3276238975895865,0.01693402682382583,-0.1485287208119214,0.015354127474433937,-0.00039680751095333335
500,8,420,7.312139511108398,0.8497765424178783,0.51951336791141,-0.013214008293219103,-0.4631363772692262,0.008329126554081077,-0.1806675865787315,-0.32762374869568944,0.01693402021106521,-0.1485287208119214,0.015354127474433937,-0.00039680751095333335
500,8,421,7.312139511108398,0.8497766675737048,0.519513283588671,-0.013214011354875573,-0.4631363772692262,0.008329127224590999,-0.18066734501928167,-0.32762352535484396,0.016934008087670746,-0.1485287208119214,0.015354127474433937,-0.0003968074807822923
500,8,422,7.312139511108398,0.8497764007456812,0.5195134734242804,-0.013214009824047338,-0.4631363772692262,0.008329127224590999,-0.1806678885280438,-0.32762400926000923,0.016934034538713217,-0.1485287208119214,0.015354127474433937,-0.00039680751095333335
500,8,423,7.312139511108398,0.8497766136458071,0.5195133399216196,-0.013214014416532043,-0.4631363772692262,0.008329127895100923,-0.1806675060589149,-0.3276236370252667,0.016934015802558135,-0.1485287208119214,0.015354127474433937,-0.0003968074807822923
500,8,424,7.312139511108398,0.8497766676597134,0.5195132837444197,-0.013214017478188515,-0.4631363772692262,0.008329127895100923,-0.18066734501928167,-0.32762352535484396,0.016934008087670746,-0.1485287208119214,0.015354127474433937,-0.0003968074807822923
500,8,425,7.312139987945557,0.8497764468026465,0.5195134524231023,-0.013214012885703808,-0.4631363772692262,0.008329127895100923,-0.18066782813818136,-0.32762393481306074,0.01693403123233291,-0.1485287208119214,0.015354128493437423,-0.00039680751095333335
500,8,426,7.312139987945557,0.8497764921873905,0.5195133821311001,-0.013214012885703808,-0.4631363772692262,0.008329127895100923,-0.18066762683863982,-0.327623823142638,0.01693402241531875,-0.1485287208119214,0.015354128493437423,-0.00039680751095333335
500,8,427,7.312139511108398,0.8497766497229572,0.5195133025811868,-0.013214011354875573,-0.4631363772692262,0.008329127895100923,-0.18066738527919,-0.3276235625783182,0.016934010291924286,-0.14852873801994562,0.015354127474433937,-0.0003968074807822923
500,8,428,7.312139511108398,0.8497764036507842,0.5195134781912665,-0.013214005231562631,-0.4631363772692262,0.008329127895100923,-0.1806678885280438,-0.32762400926000923,0.01693403343658645,-0.14852873801994562,0.015354127474433937,-0.0003968074506112512
500,8,429,7.312139511108398,0.8497765453137579,0.5195133726783739,-0.013214003700734396,-0.4631363772692262,0.008329127895100923,-0.1806675865787315,-0.32762374869568944,0.016934019108938443,-0.14852873801994562,0.015354127474433937,-0.0003968074204402101
500,8,430,7.312139511108398,0.8497765660696068,0.5195133584528554,-0.01321399910824969,-0.4631363772692262,0.008329127895100923,-0.1806675463188232,-0.3276237114722152,0.016934015802558135,-0.14852873801994562,0.015354127474433937,-0.00039680739026916903
500,8,431,7.312139511108398,0.8497764033503471,0.5195134776998368,-0.013213989923280278,-0.4631363772692262,0.008329127895100923,-0.1806678885280438,-0.32762400926000923,0.01693403123233291,-0.14852873801994562,0.015354126455430451,-0.00039680732992708684
500,8,432,7.312139511108398,0.8497765479496239,0.519513376989903,-0.013213983799967336,-0.4631363772692262,0.008329127895100923,-0.1806675865787315,-0.32762374869568944,0.016934016904684903,-0.14852875522796985,0.015354126455430451,-0.0003968072997560458
500,8,433,7.312139511108398,0.8497765017846676,0.5195133978295225,-0.013213974614997924,-0.4631363772692262,0.008329127895100923,-0.18066764696859397,-0.327623823142638,0.016934019108938443,-0.14852875522796985,0.015354126455430451,-0.00039680732992708684
500,8,434,7.312139987945557,0.8497765224672713,0.5195133834842,-0.013213963899200275,-0.4631363772692262,0.008329127895100923,-0.18066760670868567,-0.3276237859191637,0.016934016904684903,-0.14852875522796985,0.015354126455430451,-0.00039680732992708684
500,8,435,7.312139511108398,0.8497765223172118,0.5195133832387453,-0.013213951652574392,-0.4631363772692262,0.008329127895100923,-0.18066760670868567,-0.3276237859191637,0.01693401800681167,-0.14852875522796985,0.015354127474433937,-0.00039680732992708684
500,8,436,7.312139511108398,0.849776583490478,0.5195133387722566,-0.01321394246760498,-0.4631363772692262,0.008329127895100923,-0.18066746579900658,-0.32762367424874095,0.016934012496177823,-0.14852877243599408,0.015354128493437423,-0.00039680739026916903
500,8,437,7.312139511108398,0.8497765790827679,0.519513331562492,-0.013213933282635568,-0.4631363772692262,0.008329127895100923,-0.18066744566905243,-0.32762367424874095,0.016934011394051054,-0.14852877243599408,0.015354130531444393,-0.00039680739026916903
500,8,438,7.312139987945557,0.8497765580300563,0.5195133453024297,-0.01321392256683792,-0.4631363772692262,0.008329127895100923,-0.18066748592896076,-0.3276237114722152,0.016934013598304595,-0.14852877243599408,0.015354128493437423,-0.0003968073600981279
500,8,439,7.312139511108398,0.849776571372068,0.5195133189349088,-0.013213911851040273,-0.4631363772692262,0.008329127224590999,-0.1806674255390983,-0.32762367424874095,0.016934009189797514,-0.14852875522796985,0.015354127474433937,-0.00039680732992708684
500,8,440,7.312139511108398,0.8497766257724864,0.5195133115510916,-0.01321389960441439,-0.4631363772692262,0.008329126554081077,-0.18066740540914414,-0.32762359980179245,0.016934006985543978,-0.14852875522796985,0.015354127474433937,-0.0003968072997560458
500,8,441,7.312139511108398,0.8497765004500618,0.5195133956012971,-0.013213885826960271,-0.4631363772692262,0.008329125883571155,-0.18066764696859397,-0.327623823142638,0.016934019108938443,-0.14852875522796985,0.015354127474433937,-0.00039680732992708684
500,8,442,7.312139511108398,0.8497766253512233,0.5195133108318987,-0.013213875111162622,-0.4631363772692262,0.008329125213061233,-0.18066740540914414,-0.32762359980179245,0.016934005883417206,-0.14852875522796985,0.015354125436426965,-0.0003968072394139636
500,8,443,7.312139511108398,0.8497764165879693,0.5195134511013361,-0.013213861333708504,-0.4631363772692262,0.008329124542551311,-0.18066780800822718,-0.327623972036535,0.01693402461957229,-0.14852875522796985,0.015354125436426965,-0.00039680726958500465
500,8,444,7.312139511108398,0.8497766164165426,0.5195132962022283,-0.013213850617910857,-0.4631363772692262,0.008329124542551311,-0.18066736514923584,-0.32762359980179245,0.016934004781290438,-0.14852875522796985,0.015354126455430451,-0.00039680726958500465
500,8,445,7.312139987945557,0.8497765443671402,0.5195133710546608,-0.013213835309628504,-0.4631363772692262,0.008329124542551311,-0.18066756644877735,-0.32762374869568944,0.016934013598304595,-0.14852877243599408,0.015354127474433937,-0.00039680726958500465
500,8,446,7.312139511108398,0.8497764147338495,0.5195134480685228,-0.013213821532174385,-0.4631363772692262,0.008329124542551311,-0.18066778787827303,-0.327623972036535,0.01693402461957229,-0.14852877243599408,0.015354127474433937,-0.00039680726958500465
500,8,447,7.312139511108398,0.8497766900279431,0.5195132720809713,-0.013213815408861443,-0.4631363772692262,0.008329124542551311,-0.18066728462941922,-0.32762348813136966,0.016934000372783357,-0.14852877243599408,0.015354126455430451,-0.00039680726958500465
500,8,448,7.312139511108398,0.8497764548984044,0.519513417413966,-0.013213804693063795,-0.4631363772692262,0.008329124542551311,-0.18066768722850227,-0.3276238975895865,0.01693402021106521,-0.14852878964401828,0.015354127474433937,-0.0003968072394139636
500,8,449,7.312139511108398,0.8497764143325701,0.519513447427207,-0.01321380010057909,-0.4631363772692262,0.008329125213061233,-0.18066778787827303,-0.327623972036535,0.01693402351744552,-0.14852877243599408,0.015354125436426965,-0.00039680720924292247
500,8,450,7.312139511108398,0.8497766811514663,0.5195132575916931,-0.013213801631407325,-0.4631363772692262,0.008329125883571155,-0.18066724436951093,-0.32762348813136966,0.01693399706640305,-0.14852877243599408,0.015354125436426965,-0.0003968071790718814
500,8,451,7.312139987945557,0.8497765363431651,0.5195133579598391,-0.013213795508094383,-0.4631363772692262,0.008329125883571155,-0.1806675463188232,-0.32762374869568944,0.016934011394051054,-0.14852875522796985,0.01535412441742348,-0.00039680720924292247
500,8,452,7.312139511108398,0.8497764228059353,0.5195134613022883,-0.013213790915609676,-0.4631363772692262,0.008329125883571155,-0.18066782813818136,-0.327623972036535,0.01693402682382583,-0.14852877243599408,0.015354125436426965,-0.00039680720924292247
500,8,453,7.312139511108398,0.849776694581392,0.5195132313980834,-0.013213790915609676,-0.4631363772692262,0.008329126554081077,-0.18066718397964845,-0.3276234509078954,0.01693399706640305,-0.14852875522796985,0.015354125436426965,-0.0003968072394139636
500,8,454,7.312139987945557,0.8497765835000634,0.5195133387578094,-0.0132137832614685,-0.4631363772692262,0.008329126554081077,-0.1806675060589149,-0.32762367424874095,0.016934011394051054,-0.14852873801994562,0.015354125436426965,-0.0003968072394139636
500,8,455,7.312139987945557,0.8497763692895162,0.5195134701320425,-0.013213775607327323,-0.4631363772692262,0.008329126554081077,-0.18066786839808965,-0.3276240464834835,0.016934030130206137,-0.14852875522796985,0.015354126455430451,-0.0003968072997560458
500,8,456,7.312139511108398,0.8497767386280468,0.5195132070934785,-0.013213774076499088,-0.4631363772692262,0.008329126554081077,-0.18066714371974016,-0.3276233764609469,0.01693399596427628,-0.1485287208119214,0.015354125436426965,-0.0003968072997560458
500,8,457,7.312139511108398,0.8497767501367419,0.5195132259184498,-0.013213764891529676,-0.4631363772692262,0.008329126554081077,-0.18066718397964845,-0.3276233764609469,0.01693399927065659,-0.14852873801994562,0.015354126455430451,-0.0003968073600981279
500,8,458,7.312139511108398,0.8497764077093608,0.5195134366236441,-0.013213754175732027,-0.4631363772692262,0.008329126554081077,-0.18066778787827303,-0.327623972036535,0.0169340279259526,-0.14852873801994562,0.015354127474433937,-0.00039680739026916903
500,8,459,7.312139511108398,0.8497767346231928,0.5195132487189085,-0.01321374958324732,-0.4631363772692262,0.008329126554081077,-0.18066726449946507,-0.32762341368442116,0.016934002577036898,-0.1485287208119214,0.015354126455430451,-0.0003968074204402101
500,8,460,7.312139987945557,0.8497767689794448,0.5195132085635429,-0.013213743459934379,-0.4631363772692262,0.008329126554081077,-0.1806671638496943,-0.32762333923747267,0.01693399927065659,-0.14852870360389717,0.015354127474433937,-0.0003968074506112512
500,8,461,7.312139987945557,0.8497764645712983,0.519513433281263,-0.013213732744136732,-0.4631363772692262,0.008329126554081077,-0.18066780800822718,-0.3276238975895865,0.016934030130206137,-0.14852870360389717,0.015354126455430451,-0.0003968074807822923
500,8,462,7.312139987945557,0.849776795255976,0.519513203368276,-0.013213731213308497,-0.4631363772692262,0.008329126554081077,-0.1806671638496943,-0.3276233020139984,0.016934000372783357,-0.14852868639587294,0.015354127474433937,-0.0003968075411243745
500,8,463,7.312139987945557,0.8497767130595485,0.5195132616231201,-0.01321372662082379,-0.4631363772692262,0.008329126554081077,-0.18066734501928167,-0.3276234509078954,0.016934009189797514,-0.1485286691878487,0.015354127474433937,-0.00039680757129541554
500,8,464,7.312139987945557,0.8497766253113986,0.5195133107968829,-0.013213722028339083,-0.4631363772692262,0.008329126554081077,-0.18066748592896076,-0.32762359980179245,0.01693401800681167,-0.1485286691878487,0.015354127474433937,-0.00039680760146645666
500,8,465,7.312139511108398,0.8497767265059133,0.519513235441335,-0.013213718966682613,-0.4631363772692262,0.008329126554081077,-0.18066728462941922,-0.32762341368442116,0.016934008087670746,-0.14852865197982448,0.015354126455430451,-0.00039680763163749773
500,8,466,7.312139511108398,0.84977676567793,0.5195131549869495,-0.013213715905026143,-0.46313633197732396,0.008329126554081077,-0.18066718397964845,-0.3276233020139984,0.016934004781290438,-0.14852863477180026,0.015354127474433937,-0.00039680766180853885
500,8,467,7.312139511108398,0.8497766035182783,0.5195132269732867,-0.013213711312541437,-0.4631362866854217,0.008329126554081077,-0.1806675060589149,-0.3276235625783182,0.01693402021106521,-0.14852863477180026,0.015354126455430451,-0.0003968076919795799
500,8,468,7.312139511108398,0.8497768133892221,0.5195130885003749,-0.013213711312541437,-0.4631362866854217,0.008329126554081077,-0.180667123589786,-0.3276231903435756,0.016934002577036898,-0.14852861756377603,0.015354127474433937,-0.0003968077523216621
500,8,469,7.312139511108398,0.8497767299391525,0.519513144704657,-0.01321370672005673,-0.4631362866854217,0.008329126554081077,-0.18066728462941922,-0.32762333923747267,0.016934011394051054,-0.14852861756377603,0.015354128493437423,-0.00039680778249270317
500,8,470,7.312139511108398,0.8497767005012528,0.5195131447288198,-0.01321370365840026,-0.4631362866854217,0.008329126554081077,-0.18066728462941922,-0.3276233764609469,0.016934013598304595,-0.14852861756377603,0.015354129512440907,-0.0003968078730058264
500,8,471,7.312139511108398,0.8497768729992451,0.5195130414767422,-0.013213705189228495,-0.4631362866854217,0.008329126554081077,-0.18066700281006107,-0.3276230786731529,0.01693400147491013,-0.1485286003557518,0.015354130531444393,-0.0003968078730058264
500,8,472,7.312139511108398,0.849776668701993,0.5195131890667058,-0.013213705189228495,-0.4631362866854217,0.008329126554081077,-0.1806674255390983,-0.3276234509078954,0.01693402021106521,-0.1485286003557518,0.015354129512440907,-0.00039680790317686755
500,8,473,7.312139511108398,0.8497767951646732,0.5195131068664206,-0.013213708250884965,-0.4631362866854217,0.008329126554081077,-0.1806672041096026,-0.3276232275670499,0.016934010291924286,-0.14852858314772757,0.015354128493437423,-0.0003968078730058264
500,8,474,7.312139511108398,0.8497768326145239,0.5195130717712763,-0.013213712843369672,-0.4631362866854217,0.008329126554081077,-0.18066710345983183,-0.3276231531201014,0.016934004781290438,-0.14852858314772757,0.015354127474433937,-0.0003968078730058264
500,8,475,7.312139511108398,0.8497766909934446,0.5195131773529775,-0.013213715905026143,-0.4631362866854217,0.008329126554081077,-0.18066740540914414,-0.32762341368442116,0.016934019108938443,-0.14852858314772757,0.015354128493437423,-0.0003968078730058264
500,8,476,7.312139511108398,0.8497767492906699,0.5195131281820208,-0.013213718966682613,-0.4631362866854217,0.008329126554081077,-0.18066726449946507,-0.3276233020139984,0.016934012496177823,-0.14852858314772757,0.015354127474433937,-0.00039680784283478536
500,8,477,7.312139511108398,0.8497767983646423,0.5195131121006669,-0.013213722028339083,-0.4631362866854217,0.008329126554081077,-0.1806672041096026,-0.3276232275670499,0.016934009189797514,-0.1485286003557518,0.015354128493437423,-0.00039680784283478536
500,8,478,7.312139511108398,0.8497767259670346,0.5195131382073942,-0.013213725089995555,-0.4631362866854217,0.008329126554081077,-0.18066726449946507,-0.32762333923747267,0.016934012496177823,-0.14852861756377603,0.015354128493437423,-0.0003968078126637443
500,8,479,7.312139511108398,0.8497767886212684,0.5195130961632572,-0.013213728151652025,-0.4631362866854217,0.008329126554081077,-0.18066714371974016,-0.3276232275670499,0.016934006985543978,-0.14852861756377603,0.015354130531444393,-0.0003968078730058264
500,8,480,7.312139511108398,0.8497768542648013,0.5195130590087513,-0.013213731213308497,-0.4631362866854217,0.008329126554081077,-0.18066702294001524,-0.3276231158966271,0.01693400147491013,-0.14852863477180026,0.015354131550447878,-0.0003968078730058264
500,8,481,7.312139511108398,0.8497767972960946,0.5195131103528245,-0.013213732744136732,-0.4631362866854217,0.008329126554081077,-0.18066718397964845,-0.3276232275670499,0.016934009189797514,-0.14852861756377603,0.015354130531444393,-0.00039680790317686755
500,8,482,7.312139511108398,0.8497767888080309,0.5195130964687482,-0.013213737336621439,-0.4631362866854217,0.008329126554081077,-0.18066714371974016,-0.3276232275670499,0.016934009189797514,-0.14852861756377603,0.015354130531444393,-0.00039680790317686755
500,8,483,7.312139511108398,0.8497768460087185,0.5195130936804,-0.013213741929106144,-0.4631362866854217,0.008329126554081077,-0.1806671638496943,-0.3276231531201014,0.016934008087670746,-0.14852858314772757,0.015354129512440907,-0.0003968078730058264
500,8,484,7.312139511108398,0.8497767123407425,0.5195131640948791,-0.01321374652159085,-0.4631362866854217,0.008329126554081077,-0.18066736514923584,-0.3276233764609469,0.01693401800681167,-0.14852858314772757,0.015354128493437423,-0.0003968078730058264
500,8,485,7.312139511108398,0.8497767971251851,0.5195131100732645,-0.013213751114075557,-0.4631362866854217,0.008329126554081077,-0.18066722423955675,-0.3276232275670499,0.016934011394051054,-0.14852856593970337,0.015354128493437423,-0.00039680790317686755
500,8,486,7.312139511108398,0.8497768432188073,0.5195130891168923,-0.013213755706560262,-0.4631362866854217,0.008329126554081077,-0.1806671638496943,-0.3276231531201014,0.016934009189797514,-0.14852856593970337,0.015354128493437423,-0.00039680790317686755
500,8,487,7.312139511108398,0.8497766929521207,0.5195131805568179,-0.013213757237388497,-0.4631362866854217,0.008329126554081077,-0.1806674255390983,-0.32762341368442116,0.01693402131319198,-0.14852856593970337,0.015354128493437423,-0.00039680790317686755
500,8,488,7.312139511108398,0.849776818093491,0.5195130961952314,-0.013213758768216734,-0.4631362866854217,0.008329126554081077,-0.18066718397964845,-0.3276231903435756,0.016934009189797514,-0.14852856593970337,0.015354128493437423,-0.0003968079333479086
500,8,489,7.312139511108398,0.8497768971852329,0.5195130328619201,-0.013213755706560262,-0.4631362866854217,0.008329126554081077,-0.18066700281006107,-0.32762304144967863,0.01693400147491013,-0.14852856593970337,0.015354128493437423,-0.0003968079333479086
500,8,490,7.312139511108398,0.8497766554547308,0.5195132155741673,-0.01321374958324732,-0.4631362866854217,0.008329126554081077,-0.18066752618886905,-0.32762348813136966,0.01693402682382583,-0.14852856593970337,0.015354129512440907,-0.0003968079333479086
500,8,491,7.312139511108398,0.8497768123367093,0.5195130867938242,-0.013213744990762616,-0.4631362866854217,0.008329127224590999,-0.18066714371974016,-0.3276231903435756,0.016934009189797514,-0.14852858314772757,0.015354129512440907,-0.00039680796351894974
500,8,492,7.312139511108398,0.8497768625836742,0.5195130726462073,-0.013213743459934379,-0.4631362866854217,0.008329127895100923,-0.18066710345983183,-0.3276231158966271,0.016934005883417206,-0.14852858314772757,0.015354129512440907,-0.0003968079333479086
500,8,493,7.312139511108398,0.8497766748487435,0.5195131991511776,-0.013213740398277909,-0.4631362866854217,0.008329127895100923,-0.18066746579900658,-0.3276234509078954,0.01693402351744552,-0.14852858314772757,0.015354129512440907,-0.0003968079333479086
500,8,494,7.312139511108398,0.8497767287838836,0.5195131428601525,-0.013213740398277909,-0.4631362866854217,0.008329128565610844,-0.18066730475937337,-0.32762333923747267,0.016934014700431363,-0.14852858314772757,0.015354129512440907,-0.00039680790317686755
500,8,495,7.312139511108398,0.8497768122413113,0.519513086682969,-0.013213743459934379,-0.4631362866854217,0.008329129236120766,-0.18066714371974016,-0.3276231903435756,0.016934006985543978,-0.14852858314772757,0.015354129512440907,-0.0003968078730058264
500,8,496,7.312139511108398,0.8497766275469923,0.5195132181614865,-0.01321374652159085,-0.4631362866854217,0.008329129236120766,-0.1806675060589149,-0.32762352535484396,0.01693402241531875,-0.1485286003557518,0.015354128493437423,-0.00039680784283478536
500,8,497,7.312139511108398,0.8497767484561597,0.5195131268772496,-0.013213751114075557,-0.4631362866854217,0.008329129236120766,-0.18066724436951093,-0.3276233020139984,0.016934010291924286,-0.1485286003557518,0.015354128493437423,-0.0003968078126637443
500,8,498,7.312139511108398,0.8497767110849798,0.519513162101058,-0.013213754175732027,-0.4631362866854217,0.008329129236120766,-0.18066734501928167,-0.3276233764609469,0.016934014700431363,-0.1485286003557518,0.015354128493437423,-0.0003968078126637443
500,8,499,7.312139511108398,0.8497767276729128,0.5195131410579811,-0.013213754175732027,-0.4631362866854217,0.008329129236120766,-0.18066728462941922,-0.32762333923747267,0.016934012496177823,-0.1485286003557518,0.015354129512440907,-0.0003968078126637443
500,8,500,7.312139511108398,0.8497767276491229,0.5195131410190678,-0.013213752644903792,-0.4631362866854217,0.008329129236120766,-0.18066728462941922,-0.32762333923747267,0.016934012496177823,-0.1485286003557518,0.015354129512440907,-0.00039680784283478536
500,8,501,7.312139511108398,0.8497767319581944,0.5195131480524282,-0.013213751114075557,-0.4631362866854217,0.008329128565610844,-0.18066730475937337,-0.32762333923747267,0.016934014700431363,-0.1485286003557518,0.015354129512440907,-0.00039680784283478536
500,8,502,7.312139511108398,0.8497767067944733,0.5195131550528761,-0.013213751114075557,-0.4631362866854217,0.008329127895100923,-0.18066732488932752,-0.3276233764609469,0.016934014700431363,-0.1485286003557518,0.015354129512440907,-0.00039680784283478536
500,8,503,7.312139511108398,0.8497767442224865,0.5195131199069669,-0.013213751114075557,-0.4631362866854217,0.008329127224590999,-0.18066722423955675,-0.3276233020139984,0.016934010291924286,-0.1485286003557518,0.015354129512440907,-0.0003968078730058264
500,8,504,7.312139511108398,0.8497767651029285,0.5195131058701539,-0.013213751114075557,-0.4631362866854217,0.008329126554081077,-0.18066718397964845,-0.32762326479052417,0.016934009189797514,-0.1485286003557518,0.015354129512440907,-0.0003968078730058264
500,8,505,7.312139511108398,0.8497766859728534,0.5195131691256467,-0.013213751114075557,-0.4631362866854217,0.008329125883571155,-0.18066736514923584,-0.32762341368442116,0.016934016904684903,-0.1485286003557518,0.015354129512440907,-0.0003968078730058264
500,8,506,7.312139511108398,0.8497767638657707,0.5195131038314498,-0.013213754175732027,-0.4631362866854217,0.008329125883571155,-0.1806671638496943,-0.32762326479052417,0.016934008087670746,-0.14852861756377603,0.015354129512440907,-0.00039680790317686755
500,8,507,7.312139511108398,0.8497767639317761,0.5195131039394161,-0.013213757237388497,-0.4631362866854217,0.008329125883571155,-0.1806671638496943,-0.32762326479052417,0.016934008087670746,-0.14852861756377603,0.015354130531444393,-0.0003968078730058264
500,8,508,7.312139511108398,0.8497766683145063,0.5195131884178242,-0.013213760299044969,-0.4631362866854217,0.008329125883571155,-0.18066740540914414,-0.3276234509078954,0.01693402021106521,-0.14852861756377603,0.015354130531444393,-0.0003968078730058264
500,8,509,7.312139511108398,0.8497768365014028,0.5195130781140506,-0.01321376642235791,-0.4631362866854217,0.008329125883571155,-0.18066710345983183,-0.3276231531201014,0.016934004781290438,-0.1485286003557518,0.015354129512440907,-0.0003968078730058264
500,8,510,7.312139511108398,0.8497766696890011,0.5195131906661089,-0.01321376948401438,-0.4631362866854217,0.008329125883571155,-0.1806674255390983,-0.3276234509078954,0.016934019108938443,-0.1485286003557518,0.015354129512440907,-0.00039680790317686755
500,8,511,7.312139511108398,0.849776837895998,0.5195130803952149,-0.013213774076499088,-0.4631362866854217,0.008329125883571155,-0.180667123589786,-0.3276231531201014,0.016934005883417206,-0.14852858314772757,0.015354128493437423,-0.0003968078730058264
500,8,512,7.312139511108398,0.8497766012007747,0.5195132231674435,-0.013213774076499088,-0.4631362866854217,0.008329125883571155,-0.1806675463188232,-0.3276235625783182,0.01693402682382583,-0.14852856593970337,0.015354128493437423,-0.0003968078730058264
500,8,513,7.312139511108398,0.8497767723074533,0.5195131176547221,-0.013213772545670853,-0.4631362866854217,0.008329126554081077,-0.18066724436951093,-0.32762326479052417,0.016934012496177823,-0.14852856593970337,0.015354128493437423,-0.0003968078730058264
500,8,514,7.312139511108398,0.8497766471093245,0.5195132019385063,-0.013213767953186146,-0.4631362866854217,0.008329127224590999,-0.18066748592896076,-0.32762348813136966,0.01693402461957229,-0.14852856593970337,0.015354128493437423,-0.00039680790317686755
500,8,515,7.312139511108398,0.849776647028704,0.5195132018216969,-0.013213763360701439,-0.4631362866854217,0.008329127895100923,-0.18066748592896076,-0.32762348813136966,0.01693402461957229,-0.14852856593970337,0.015354128493437423,-0.00039680790317686755
500,8,516,7.312139511108398,0.8497767567936233,0.519513140499922,-0.013213758768216734,-0.4631362866854217,0.008329128565610844,-0.18066732488932752,-0.3276233020139984,0.016934016904684903,-0.14852854873167914,0.015354127474433937,-0.00039680790317686755
500,8,517,7.312139511108398,0.8497766511234194,0.519513208549619,-0.013213752644903792,-0.4631362866854217,0.008329129236120766,-0.1806675060589149,-0.32762348813136966,0.01693402461957229,-0.14852856593970337,0.015354128493437423,-0.0003968079333479086
500,8,518,7.312139511108398,0.8497767540482278,0.5195131360242937,-0.013213748052419086,-0.4631362866854217,0.008329129236120766,-0.18066728462941922,-0.3276233020139984,0.016934014700431363,-0.14852858314772757,0.015354128493437423,-0.0003968079333479086
500,8,519,7.312139511108398,0.8497768165484316,0.5195130937282024,-0.013213744990762616,-0.4631362866854217,0.008329129236120766,-0.1806671638496943,-0.3276231903435756,0.016934008087670746,-0.14852858314772757,0.015354128493437423,-0.0003968079333479086
500,8,520,7.312139511108398,0.8497767416613772,0.5195131639391567,-0.013213740398277909,-0.4631362866854217,0.008329129236120766,-0.18066736514923584,-0.32762333923747267,0.01693401800681167,-0.14852858314772757,0.015354128493437423,-0.00039680790317686755
500,8,521,7.312139511108398,0.8497767453388222,0.5195131217781661,-0.013213738867449674,-0.4631362866854217,0.008329129236120766,-0.18066724436951093,-0.3276233020139984,0.016934012496177823,-0.14852858314772757,0.015354130531444393,-0.0003968079333479086
500,8,522,7.312139511108398,0.849776828827452,0.519513065636947,-0.013213741929106144,-0.4631362866854217,0.008329129236120766,-0.1806670833298777,-0.3276231531201014,0.016934005883417206,-0.14852858314772757,0.015354130531444393,-0.0003968079333479086
500,8,523,7.312139511108398,0.8497767153246671,0.5195131690359887,-0.013213744990762616,-0.4631362866854217,0.008329129236120766,-0.18066736514923584,-0.3276233764609469,0.01693401800681167,-0.1485286003557518,0.015354130531444393,-0.0003968079333479086
500,8,524,7.312139511108398,0.8497766902873439,0.5195131762582486,-0.013213751114075557,-0.4631362866854217,0.008329129236120766,-0.18066738527919,-0.32762341368442116,0.016934019108938443,-0.1485286003557518,0.015354131550447878,-0.00039680796351894974
500,8,525,7.312139511108398,0.8497767959537816,0.5195131082174314,-0.013213758768216734,-0.4631362866854217,0.008329129236120766,-0.1806672041096026,-0.3276232275670499,0.016934011394051054,-0.14852858314772757,0.015354129512440907,-0.00039680796351894974
500,8,526,7.312139511108398,0.849776529180352,0.5195132981426168,-0.013213763360701439,-0.4631362866854217,0.008329129236120766,-0.18066774761836474,-0.3276237114722152,0.016934036742966757,-0.14852858314772757,0.015354128493437423,-0.0003968079333479086
500,8,527,7.312139511108398,0.8497767526969453,0.5195131338139773,-0.013213772545670853,-0.4631362866854217,0.008329129236120766,-0.18066730475937337,-0.3276233020139984,0.016934015802558135,-0.14852854873167914,0.015354127474433937,-0.00039680790317686755
500,8,528,7.312139511108398,0.849776566336638,0.519513262567347,-0.013213778668983794,-0.4631362866854217,0.008329129236120766,-0.18066768722850227,-0.3276236370252667,0.016934032334459677,-0.14852853152365492,0.015354126455430451,-0.00039680790317686755
500,8,529,7.312139511108398,0.8497766455234332,0.5195131993896259,-0.013213781730640264,-0.4631362866854217,0.008329129236120766,-0.1806675060589149,-0.32762348813136966,0.01693402461957229,-0.14852853152365492,0.015354126455430451,-0.00039680790317686755
500,8,530,7.312139511108398,0.8497768240183209,0.5195131059468331,-0.0132137832614685,-0.4631362866854217,0.008329129236120766,-0.18066722423955675,-0.3276231903435756,0.016934012496177823,-0.14852854873167914,0.015354126455430451,-0.0003968078730058264
500,8,531,7.312139511108398,0.8497766098753591,0.5195132374319235,-0.01321378019981203,-0.4631362866854217,0.008329129236120766,-0.1806675865787315,-0.3276235625783182,0.016934030130206137,-0.14852856593970337,0.015354128493437423,-0.0003968079333479086
500,8,532,7.312139511108398,0.8497768674310439,0.5195130806052628,-0.013213777138155558,-0.4631362866854217,0.008329129236120766,-0.180667123589786,-0.3276231158966271,0.016934008087670746,-0.14852858314772757,0.015354130531444393,-0.0003968079936899908
500,8,533,7.312139511108398,0.8497768674496181,0.519513080620582,-0.013213772545670853,-0.4631362866854217,0.008329128565610844,-0.180667123589786,-0.3276231158966271,0.016934010291924286,-0.14852858314772757,0.015354132569451364,-0.000396808054032073
500,8,534,7.312139511108398,0.8497767962784183,0.5195131087183193,-0.01321376948401438,-0.4631362866854217,0.008329127895100923,-0.1806672041096026,-0.3276232275670499,0.016934014700431363,-0.14852858314772757,0.01535413358845485,-0.00039680808420311406
500,8,535,7.312139511108398,0.8497767754567966,0.5195131228212214,-0.01321376948401438,-0.4631362866854217,0.008329127224590999,-0.18066724436951093,-0.32762326479052417,0.016934016904684903,-0.14852858314772757,0.015354134607458336,-0.00039680814454519625
500,8,536,7.312139511108398,0.8497769435574942,0.5195130123763652,-0.013213771014842616,-0.4631362866854217,0.008329127224590999,-0.18066694242019862,-0.32762296700273014,0.016934002577036898,-0.14852856593970337,0.015354131550447878,-0.00039680808420311406
500,8,537,7.312139511108398,0.849776665013259,0.5195131830480431,-0.013213767953186146,-0.4631362866854217,0.008329127224590999,-0.18066744566905243,-0.3276234509078954,0.01693402461957229,-0.14852854873167914,0.015354129512440907,-0.0003968080238610319
500,8,538,7.312139511108398,0.8497769251309519,0.5195130304120206,-0.013213767953186146,-0.4631362866854217,0.008329127224590999,-0.18066702294001524,-0.3276230042262044,0.016934004781290438,-0.14852853152365492,0.015354127474433937,-0.0003968079936899908
500,8,539,7.312139511108398,0.8497767330484842,0.5195131498057083,-0.013213763360701439,-0.4631362866854217,0.008329127224590999,-0.18066736514923584,-0.32762333923747267,0.01693402021106521,-0.14852853152365492,0.015354127474433937,-0.0003968079936899908
500,8,540,7.312139511108398,0.8497767611487842,0.5195131475936092,-0.013213757237388497,-0.4631362866854217,0.008329127224590999,-0.18066734501928167,-0.3276233020139984,0.016934019108938443,-0.14852854873167914,0.015354129512440907,-0.0003968080238610319
500,8,541,7.312139511108398,0.8497768806432073,0.5195130539951723,-0.013213752644903792,-0.4631362866854217,0.008329127224590999,-0.18066706319992354,-0.3276230786731529,0.016934006985543978,-0.14852856593970337,0.015354129512440907,-0.0003968080238610319
500,8,542,7.312139511108398,0.8497767541512535,0.5195131361476256,-0.01321374652159085,-0.4631362866854217,0.008329127224590999,-0.18066728462941922,-0.3276233020139984,0.016934016904684903,-0.14852858314772757,0.015354131550447878,-0.0003968080238610319
500,8,543,7.312139511108398,0.8497767405656251,0.5195131621016267,-0.013213744990762616,-0.4631362866854217,0.008329127224590999,-0.18066734501928167,-0.32762333923747267,0.016934019108938443,-0.1485286003557518,0.015354131550447878,-0.0003968079936899908
500,8,544,7.312139511108398,0.849776895838405,0.5195130306739523,-0.01321374652159085,-0.4631362866854217,0.008329127224590999,-0.18066698268010692,-0.32762304144967863,0.016934002577036898,-0.14852858314772757,0.015354131550447878,-0.0003968079936899908
500,8,545,7.312139511108398,0.8497767405436483,0.5195131620656788,-0.013213744990762616,-0.4631362866854217,0.008329127224590999,-0.18066734501928167,-0.32762333923747267,0.01693401800681167,-0.1485286003557518,0.015354131550447878,-0.00039680796351894974
500,8,546,7.312139511108398,0.8497766498241704,0.5195132063792263,-0.01321374652159085,-0.4631362866854217,0.008329127224590999,-0.18066748592896076,-0.32762348813136966,0.01693402572169906,-0.14852858314772757,0.015354129512440907,-0.0003968079333479086
500,8,547,7.312139511108398,0.8497768792814353,0.5195130517676975,-0.013213751114075557,-0.4631362866854217,0.008329127224590999,-0.1806670430699694,-0.3276230786731529,0.016934003679163666,-0.14852858314772757,0.015354129512440907,-0.00039680790317686755
500,8,548,7.312139511108398,0.8497765247598746,0.5195132908667796,-0.013213754175732027,-0.4631362866854217,0.008329127224590999,-0.1806677274884106,-0.3276237114722152,0.016934034538713217,-0.14852858314772757,0.015354129512440907,-0.00039680790317686755
500,8,549,7.312139511108398,0.8497768155750499,0.5195130921058985,-0.013213761829873204,-0.4631362866854217,0.008329127895100923,-0.18066714371974016,-0.3276231903435756,0.016934008087670746,-0.1485286003557518,0.015354129512440907,-0.0003968078730058264
500,8,550,7.312139511108398,0.8497767365089876,0.519513155481177,-0.013213767953186146,-0.4631362866854217,0.008329127895100923,-0.18066732488932752,-0.32762333923747267,0.016934014700431363,-0.1485286003557518,0.015354129512440907,-0.00039680784283478536
500,8,551,7.312139511108398,0.8497765697496874,0.519513268120003,-0.013213775607327323,-0.4631362866854217,0.008329127895100923,-0.18066764696859397,-0.3276236370252667,0.01693402902807937,-0.1485286003557518,0.015354128493437423,-0.0003968078126637443
500,8,552,7.312139511108398,0.8497768231753385,0.5195131045528889,-0.013213786323124971,-0.4631362866854217,0.008329128565610844,-0.1806671638496943,-0.3276231903435756,0.016934006985543978,-0.14852861756377603,0.015354127474433937,-0.0003968078126637443
500,8,553,7.312139511108398,0.849776597523627,0.5195132172129225,-0.013213792446437913,-0.4631362866854217,0.008329128565610844,-0.18066748592896076,-0.3276235625783182,0.01693402131319198,-0.14852861756377603,0.015354128493437423,-0.00039680778249270317
500,8,554,7.312139511108398,0.8497765129058952,0.5195132715071542,-0.013213798569750853,-0.4631362866854217,0.008329128565610844,-0.18066762683863982,-0.3276237114722152,0.0169340279259526,-0.14852863477180026,0.015354128493437423,-0.0003968077523216621
500,8,555,7.312139511108398,0.8497768049804137,0.5195130747911264,-0.013213806223892031,-0.4631362866854217,0.008329128565610844,-0.18066706319992354,-0.3276231903435756,0.016934000372783357,-0.14852863477180026,0.015354128493437423,-0.000396807722150621
500,8,556,7.312139511108398,0.8497764633384401,0.5195133349574645,-0.013213806223892031,-0.4631362866854217,0.008329128565610844,-0.18066780800822718,-0.327623823142638,0.016934035640839985,-0.14852863477180026,0.015354128493437423,-0.0003968077523216621
500,8,557,7.312139511108398,0.8497768082375696,0.5195131764714341,-0.013213813878033208,-0.46313633197732396,0.008329128565610844,-0.18066722423955675,-0.32762326479052417,0.016934006985543978,-0.14852865197982448,0.015354127474433937,-0.000396807722150621
500,8,558,7.312139511108398,0.8497766702589674,0.519513239834899,-0.013213816939689678,-0.46313633197732396,0.008329128565610844,-0.18066740540914414,-0.32762348813136966,0.016934014700431363,-0.14852865197982448,0.015354128493437423,-0.0003968076919795799
500,8,559,7.312139511108398,0.849776461792223,0.5195133806044865,-0.013213820001346148,-0.46313633197732396,0.008329128565610844,-0.18066780800822718,-0.32762386036611224,0.016934035640839985,-0.14852865197982448,0.015354128493437423,-0.0003968076919795799
500,8,560,7.312139511108398,0.8497768747924398,0.519513092631367,-0.013213830717143797,-0.46313633197732396,0.008329128565610844,-0.18066698268010692,-0.3276231158966271,0.01693399706640305,-0.14852865197982448,0.015354129512440907,-0.000396807722150621
500,8,561,7.312139511108398,0.8497765619510524,0.51951330353986,-0.013213829186315562,-0.46313633197732396,0.008329127895100923,-0.1806675865787315,-0.32762367424874095,0.01693402572169906,-0.14852865197982448,0.015354129512440907,-0.000396807722150621
500,8,562,7.312139511108398,0.8497766275395127,0.5195132662802895,-0.013213830717143797,-0.46313633197732396,0.008329127224590999,-0.18066746579900658,-0.3276235625783182,0.016934019108938443,-0.1485286691878487,0.015354129512440907,-0.000396807722150621
500,8,563,7.312139987945557,0.8497767987726164,0.5195131609593182,-0.013213835309628504,-0.46313633197732396,0.008329127224590999,-0.1806671638496943,-0.32762326479052417,0.016934005883417206,-0.1485286691878487,0.015354129512440907,-0.0003968077523216621
500,8,564,7.312139987945557,0.8497765485597369,0.519513329796609,-0.013213838371284974,-0.46313633197732396,0.008329127224590999,-0.18066764696859397,-0.3276237114722152,0.0169340279259526,-0.1485286691878487,0.015354130531444393,-0.0003968077523216621
500,8,565,7.312139511108398,0.8497767737901,0.5195131682712308,-0.013213847556254385,-0.46313633197732396,0.008329127224590999,-0.18066718397964845,-0.3276233020139984,0.016934005883417206,-0.1485286691878487,0.015354129512440907,-0.000396807722150621
500,8,566,7.312139511108398,0.8497766100111004,0.519513285784991,-0.013213853679567327,-0.46313633197732396,0.008329127224590999,-0.1806675060589149,-0.32762359980179245,0.016934019108938443,-0.14852868639587294,0.015354129512440907,-0.0003968076919795799
500,8,567,7.312139511108398,0.8497765683912464,0.5195133140591293,-0.013213861333708504,-0.46313633197732396,0.008329127224590999,-0.1806675865787315,-0.32762367424874095,0.01693402241531875,-0.14852868639587294,0.015354128493437423,-0.00039680766180853885
500,8,568,7.312139511108398,0.8497766015649179,0.5195132719694282,-0.013213868987849682,-0.46313633197732396,0.008329127224590999,-0.18066746579900658,-0.32762359980179245,0.016934014700431363,-0.14852868639587294,0.015354127474433937,-0.00039680757129541554
500,8,569,7.312139987945557,0.8497764807582832,0.5195133634212603,-0.013213873580334387,-0.46313633197732396,0.008329127224590999,-0.1806677274884106,-0.327623823142638,0.01693402572169906,-0.14852868639587294,0.015354126455430451,-0.00039680751095333335
500,8,570,7.312139987945557,0.849776521261502,0.5195133333206404,-0.01321387970364733,-0.46313633197732396,0.008329127224590999,-0.18066762683863982,-0.32762374869568944,0.01693402131319198,-0.14852870360389717,0.015354125436426965,-0.0003968074807822923
500,8,571,7.312139511108398,0.849776604684087,0.5195132770715057,-0.013213882765303801,-0.46313633197732396,0.008329127224590999,-0.18066746579900658,-0.32762359980179245,0.016934011394051054,-0.14852870360389717,0.015354125436426965,-0.0003968074204402101
500,8,572,7.312139987945557,0.8497765617081862,0.5195133031275365,-0.013213881234475564,-0.46313633197732396,0.008329127224590999,-0.18066752618886905,-0.32762367424874095,0.016934015802558135,-0.1485287208119214,0.015354126455430451,-0.0003968074506112512
500,8,573,7.312139511108398,0.8497765782668999,0.5195132820366871,-0.013213878172819094,-0.46313633197732396,0.008329127224590999,-0.18066746579900658,-0.3276236370252667,0.016934013598304595,-0.1485287208119214,0.015354128493437423,-0.0003968074506112512
500,8,574,7.312139511108398,0.8497765977287811,0.5195132656945949,-0.013213873580334387,-0.46313633197732396,0.008329127224590999,-0.18066740540914414,-0.32762359980179245,0.016934009189797514,-0.14852873801994562,0.015354128493437423,-0.0003968074506112512
500,8,575,7.312139511108398,0.849776550387123,0.5195132845944219,-0.01321386592619321,-0.46313633197732396,0.008329126554081077,-0.18066744566905243,-0.32762367424874095,0.016934013598304595,-0.14852875522796985,0.015354129512440907,-0.0003968074807822923
500,8,576,7.312139511108398,0.8497765919484565,0.5195132562094945,-0.013213856741223799,-0.46313633197732396,0.008329125883571155,-0.18066736514923584,-0.32762359980179245,0.016934008087670746,-0.14852875522796985,0.015354130531444393,-0.0003968074807822923
500,8,577,7.312139511108398,0.8497766659442603,0.519513232717007,-0.01321384602542615,-0.46313633197732396,0.008329125883571155,-0.18066728462941922,-0.32762348813136966,0.016934004781290438,-0.14852877243599408,0.015354129512440907,-0.0003968074506112512
500,8,578,7.312139987945557,0.8497766614924847,0.5195132254351617,-0.013213833778800267,-0.46313633197732396,0.008329125883571155,-0.18066726449946507,-0.32762348813136966,0.016934004781290438,-0.14852877243599408,0.015354130531444393,-0.0003968074204402101
500,8,579,7.312139511108398,0.8497765526459726,0.519513288274197,-0.013213820001346148,-0.46313633197732396,0.008329125883571155,-0.18066744566905243,-0.32762367424874095,0.016934011394051054,-0.14852877243599408,0.015354129512440907,-0.0003968074204402101
500,8,580,7.312139987945557,0.8497766457791333,0.5195132479087948,-0.013213810816376736,-0.46313633197732396,0.008329125883571155,-0.18066734501928167,-0.32762352535484396,0.016934005883417206,-0.14852875522796985,0.015354128493437423,-0.00039680739026916903
500,8,581,7.312139511108398,0.8497766217371238,0.519513256759098,-0.01321380010057909,-0.46313633197732396,0.008329125883571155,-0.18066738527919,-0.3276235625783182,0.016934008087670746,-0.14852873801994562,0.015354127474433937,-0.00039680739026916903
500,8,582,7.312139511108398,0.8497765112904547,0.5195133169807077,-0.013213789384781441,-0.46313633197732396,0.008329125883571155,-0.1806675865787315,-0.32762374869568944,0.016934019108938443,-0.14852870360389717,0.015354126455430451,-0.0003968074506112512
500,8,583,7.312139987945557,0.8497767529993612,0.5195132305858225,-0.013213781730640264,-0.4631363772692262,0.008329125883571155,-0.18066722423955675,-0.3276233764609469,0.016934002577036898,-0.14852870360389717,0.015354125436426965,-0.0003968074506112512
500,8,584,7.312139511108398,0.8497765204120142,0.5195133800771935,-0.01321376948401438,-0.4631363772692262,0.008329125883571155,-0.18066766709854812,-0.3276237859191637,0.01693402351744552,-0.14852868639587294,0.015354126455430451,-0.0003968074807822923
500,8,585,7.312139987945557,0.8497767374090125,0.5195132532606586,-0.013213760299044969,-0.4631363772692262,0.008329125883571155,-0.18066730475937337,-0.32762341368442116,0.016934005883417206,-0.14852868639587294,0.015354126455430451,-0.00039680751095333335
500,8,586,7.312139987945557,0.8497766207687382,0.5195133515275274,-0.01321374958324732,-0.4631363772692262,0.008329125883571155,-0.1806675865787315,-0.3276236370252667,0.01693402131319198,-0.14852868639587294,0.015354127474433937,-0.00039680757129541554
500,8,587,7.312139987945557,0.8497766746801932,0.519513295182748,-0.013213743459934379,-0.4631363772692262,0.008329125883571155,-0.1806674255390983,-0.32762352535484396,0.016934014700431363,-0.14852868639587294,0.015354128493437423,-0.00039680760146645666
500,8,588,7.312139511108398,0.8497767550804506,0.5195132340049595,-0.013213741929106144,-0.4631363772692262,0.008329126554081077,-0.18066726449946507,-0.3276233764609469,0.016934008087670746,-0.1485286691878487,0.015354128493437423,-0.00039680766180853885
500,8,589,7.312139511108398,0.8497766176549437,0.519513346464368,-0.013213737336621439,-0.4631363772692262,0.008329127224590999,-0.1806675865787315,-0.3276236370252667,0.01693402461957229,-0.1485286691878487,0.015354129512440907,-0.0003968076919795799
500,8,590,7.312139511108398,0.8497767146503127,0.5195132642552862,-0.013213738867449674,-0.4631363772692262,0.008329127895100923,-0.18066736514923584,-0.3276234509078954,0.016934014700431363,-0.14852865197982448,0.015354129512440907,-0.0003968077523216621
500,8,591,7.312139511108398,0.8497767815143936,0.5195132291123652,-0.013213740398277909,-0.4631363772692262,0.008329128565610844,-0.18066726449946507,-0.32762333923747267,0.016934009189797514,-0.14852865197982448,0.015354129512440907,-0.0003968077523216621
500,8,592,7.312139511108398,0.8497764404724469,0.5195134420988198,-0.013213737336621439,-0.4631363772692262,0.008329129236120766,-0.1806678885280438,-0.32762393481306074,0.016934038947220294,-0.14852863477180026,0.015354129512440907,-0.0003968077523216621
500,8,593,7.312139511108398,0.8497769245978448,0.5195131259528153,-0.01321374652159085,-0.4631363772692262,0.008329129906630688,-0.18066698268010692,-0.3276230786731529,0.01693399816852982,-0.14852863477180026,0.015354128493437423,-0.0003968077523216621
500,8,594,7.312139511108398,0.8497764202214161,0.5195134089889475,-0.013213744990762616,-0.46313633197732396,0.008329129906630688,-0.18066790865799795,-0.32762393481306074,0.016934041151473834,-0.14852863477180026,0.015354129512440907,-0.0003968077523216621
500,8,595,7.312139511108398,0.849776879162948,0.5195130998104115,-0.013213755706560262,-0.46313633197732396,0.008329129906630688,-0.18066702294001524,-0.3276231158966271,0.01693399816852982,-0.14852863477180026,0.015354128493437423,-0.0003968077523216621
500,8,596,7.312139511108398,0.8497765915329039,0.519513303796364,-0.013213757237388497,-0.46313633197732396,0.008329129906630688,-0.18066760670868567,-0.3276236370252667,0.01693402682382583,-0.14852863477180026,0.015354128493437423,-0.0003968077523216621
500,8,597,7.312139511108398,0.8497765959078688,0.5195133109525673,-0.013213763360701439,-0.46313633197732396,0.008329129906630688,-0.18066762683863982,-0.3276236370252667,0.01693402682382583,-0.14852863477180026,0.015354128493437423,-0.0003968077523216621
500,8,598,7.312139511108398,0.8497769124961719,0.5195130579816157,-0.013213771014842616,-0.46313633197732396,0.008329129906630688,-0.18066690216029033,-0.32762304144967863,0.0169339915557692,-0.14852863477180026,0.015354128493437423,-0.0003968077523216621
500,8,599,7.312139511108398,0.8497764609225488,0.5195133791970092,-0.013213764891529676,-0.46313633197732396,0.008329129236120766,-0.18066780800822718,-0.32762386036611224,0.016934034538713217,-0.14852865197982448,0.015354129512440907,-0.0003968077523216621
500,8,600,7.312139511108398,0.8497768155721888,0.519513140292544,-0.01321376948401438,-0.46313633197732396,0.008329128565610844,-0.180667123589786,-0.3276232275670499,0.016934003679163666,-0.14852865197982448,0.015354129512440907,-0.0003968077523216621
500,8,601,7.312139511108398,0.8497766861163651,0.5195132175818199,-0.013213767953186146,-0.46313633197732396,0.008329127895100923,-0.18066734501928167,-0.3276234509078954,0.016934013598304595,-0.14852865197982448,0.015354129512440907,-0.0003968077523216621
500,8,602,7.312139511108398,0.8497765990202782,0.5195133159833353,-0.013213767953186146,-0.46313633197732396,0.008329127224590999,-0.18066762683863982,-0.3276236370252667,0.01693402572169906,-0.14852865197982448,0.015354129512440907,-0.0003968077523216621
500,8,603,7.312139511108398,0.8497769573126956,0.5195130348609367,-0.013213772545670853,-0.46313633197732396,0.008329126554081077,-0.1806668216404737,-0.32762296700273014,0.016933988249388892,-0.14852865197982448,0.015354129512440907,-0.0003968077523216621
500,8,604,7.312139511108398,0.8497764314610936,0.5195133791073049,-0.013213758768216734,-0.46313633197732396,0.008329125883571155,-0.18066780800822718,-0.3276238975895865,0.016934035640839985,-0.14852865197982448,0.015354130531444393,-0.0003968077523216621
500,8,605,7.312139511108398,0.8497769989162157,0.5195130065449323,-0.013213761829873204,-0.46313633197732396,0.008329125883571155,-0.1806667411206571,-0.3276228925557816,0.016933986045135352,-0.14852865197982448,0.015354130531444393,-0.0003968077523216621
500,8,606,7.312139987945557,0.849776565048257,0.5195133085457572,-0.01321374958324732,-0.46313633197732396,0.008329125213061233,-0.18066760670868567,-0.32762367424874095,0.01693402572169906,-0.14852865197982448,0.015354130531444393,-0.0003968077523216621
500,8,607,7.312139511108398,0.849776869291764,0.519513083558498,-0.013213748052419086,-0.46313633197732396,0.008329125213061233,-0.18066696255015277,-0.3276231158966271,0.01693399706640305,-0.14852865197982448,0.015354130531444393,-0.0003968077523216621
500,8,608,7.312139987945557,0.8497767109636769,0.5195132099885056,-0.013213743459934379,-0.46313633197732396,0.008329125213061233,-0.18066732488932752,-0.32762341368442116,0.016934013598304595,-0.14852865197982448,0.015354130531444393,-0.0003968077523216621
500,8,609,7.312139511108398,0.8497767483586599,0.5195131748036408,-0.013213741929106144,-0.46313633197732396,0.008329125213061233,-0.18066722423955675,-0.32762333923747267,0.016934009189797514,-0.14852865197982448,0.015354130531444393,-0.0003968077523216621
500,8,610,7.312139511108398,0.8497768066487025,0.5195131256209248,-0.013213741929106144,-0.46313633197732396,0.008329125213061233,-0.1806670833298777,-0.3276232275670499,0.016934003679163666,-0.14852865197982448,0.015354130531444393,-0.0003968077523216621
500,8,611,7.312139987945557,0.8497766279085569,0.5195132186775888,-0.013213738867449674,-0.4631362866854217,0.008329125883571155,-0.18066746579900658,-0.32762352535484396,0.016934019108938443,-0.14852865197982448,0.015354130531444393,-0.0003968077523216621
500,8,612,7.312139511108398,0.8497769904368653,0.5195129445138652,-0.013213740398277909,-0.4631362866854217,0.008329126554081077,-0.18066668073079464,-0.32762285533230734,0.016933982738755043,-0.14852865197982448,0.015354130531444393,-0.0003968077523216621
500,8,613,7.312139511108398,0.849776377942459,0.519513339757261,-0.013213728151652025,-0.4631362413935195,0.008329126554081077,-0.1806679287879521,-0.32762393481306074,0.016934041151473834,-0.14852865197982448,0.015354130531444393,-0.0003968077523216621
500,8,614,7.312139511108398,0.8497771324442027,0.5195127914024552,-0.013213732744136732,-0.4631362413935195,0.008329127224590999,-0.1806663586515282,-0.3276225575445133,0.01693396730898027,-0.14852865197982448,0.015354129512440907,-0.000396807722150621
500,8,615,7.312139511108398,0.8497763260517252,0.5195133512461869,-0.013213709781713202,-0.4631362413935195,0.008329127224590999,-0.18066794891790627,-0.32762400926000923,0.016934042253600606,-0.1485286691878487,0.015354130531444393,-0.0003968077523216621
500,8,616,7.312139511108398,0.8497769768047652,0.519512922245711,-0.013213708250884965,-0.4631362413935195,0.008329127895100923,-0.18066672099070294,-0.32762285533230734,0.016933983840881815,-0.1485286691878487,0.015354129512440907,-0.000396807722150621
500,8,617,7.312139511108398,0.8497765717648214,0.5195131750637426,-0.013213696004259083,-0.4631362413935195,0.008329127895100923,-0.18066744566905243,-0.3276235625783182,0.01693401800681167,-0.1485286691878487,0.015354129512440907,-0.000396807722150621
500,8,618,7.312139511108398,0.8497766967633138,0.5195130904684823,-0.013213688350117906,-0.4631362413935195,0.008329127895100923,-0.1806672041096026,-0.32762333923747267,0.016934005883417206,-0.1485286691878487,0.015354129512440907,-0.0003968076919795799
500,8,619,7.312139511108398,0.8497767426921476,0.5195130692425688,-0.0132136837576332,-0.4631362413935195,0.008329127895100923,-0.18066714371974016,-0.32762326479052417,0.016934002577036898,-0.1485286691878487,0.015354129512440907,-0.0003968076919795799
500,8,620,7.312139511108398,0.8497765962112841,0.5195132150512382,-0.013213680695976728,-0.4631362866854217,0.008329127895100923,-0.18066744566905243,-0.3276235625783182,0.01693401800681167,-0.1485286691878487,0.015354129512440907,-0.0003968076919795799
500,8,621,7.312139511108398,0.8497768423612766,0.5195131359206054,-0.013213682226804965,-0.46313633197732396,0.008329127895100923,-0.18066710345983183,-0.3276231903435756,0.01693400147491013,-0.1485286691878487,0.015354129512440907,-0.0003968076919795799
500,8,622,7.312139511108398,0.8497765252566968,0.5195133398707092,-0.0132136837576332,-0.46313633197732396,0.008329127895100923,-0.18066768722850227,-0.32762374869568944,0.01693402902807937,-0.1485286691878487,0.015354129512440907,-0.0003968076919795799
500,8,623,7.312139511108398,0.8497769794707835,0.5195130711354506,-0.013213694473430846,-0.4631363772692262,0.008329127895100923,-0.18066680151051956,-0.32762296700273014,0.016933987147262124,-0.1485286691878487,0.015354129512440907,-0.0003968076919795799
500,8,624,7.312139511108398,0.8497763580826695,0.5195134999920574,-0.013213692942602611,-0.4631363772692262,0.008329127224590999,-0.18066802943772287,-0.3276240837069577,0.016934044457854142,-0.1485286691878487,0.015354129512440907,-0.0003968076919795799
500,8,625,7.312139511108398,0.8497770005673297,0.5195130574521071,-0.013213709781713202,-0.4631363772692262,0.008329127224590999,-0.18066676125061124,-0.3276229297792559,0.016933984943008584,-0.1485286691878487,0.015354129512440907,-0.0003968076919795799
500,8,626,7.312139511108398,0.8497765129125819,0.5195134160165695,-0.013213708250884965,-0.4631363772692262,0.008329127224590999,-0.18066778787827303,-0.327623823142638,0.01693403343658645,-0.1485286691878487,0.015354129512440907,-0.0003968076919795799
500,8,627,7.312139511108398,0.8497768259771891,0.5195132054583141,-0.01321372355916732,-0.4631363772692262,0.008329127224590999,-0.18066718397964845,-0.32762326479052417,0.016934004781290438,-0.1485286691878487,0.015354129512440907,-0.0003968076919795799
500,8,628,7.312139511108398,0.849776713272127,0.5195132619859014,-0.013213734274964967,-0.4631363772692262,0.008329127224590999,-0.18066734501928167,-0.3276234509078954,0.016934012496177823,-0.1485286691878487,0.015354129512440907,-0.0003968076919795799
500,8,629,7.312139511108398,0.8497766134502893,0.5195133395867447,-0.013213744990762616,-0.4631363772692262,0.008329127224590999,-0.18066756644877735,-0.3276236370252667,0.01693402241531875,-0.1485286691878487,0.015354129512440907,-0.0003968076919795799
500,8,630,7.312139511108398,0.849776868247029,0.5195131782473253,-0.013213760299044969,-0.4631363772692262,0.008329127224590999,-0.18066710345983183,-0.3276231903435756,0.016934000372783357,-0.1485286691878487,0.015354129512440907,-0.0003968076919795799
500,8,631,7.312139511108398,0.8497764887137954,0.519513424610412,-0.01321376948401438,-0.4631363772692262,0.008329127224590999,-0.18066780800822718,-0.32762386036611224,0.016934034538713217,-0.1485286691878487,0.015354129512440907,-0.0003968076919795799
500,8,632,7.312139511108398,0.849776876665454,0.5195131438412312,-0.013213789384781441,-0.4631363772692262,0.008329127224590999,-0.18066700281006107,-0.3276231531201014,0.01693399596427628,-0.1485286691878487,0.015354129512440907,-0.0003968076919795799
500,8,633,7.312139511108398,0.8497764392848409,0.5195133919348608,-0.013213797038922618,-0.46313633197732396,0.008329127224590999,-0.18066782813818136,-0.3276238975895865,0.016934034538713217,-0.1485286691878487,0.015354129512440907,-0.0003968076919795799
500,8,634,7.312139511108398,0.849776935780927,0.5195130478323785,-0.013213813878033208,-0.46313633197732396,0.008329127224590999,-0.18066684177042786,-0.3276230042262044,0.016933988249388892,-0.1485286691878487,0.015354129512440907,-0.0003968076919795799
500,8,635,7.312139511108398,0.8497763510627196,0.519513392157071,-0.013213815408861443,-0.4631362866854217,0.008329127224590999,-0.1806679287879521,-0.32762400926000923,0.016934040049347066,-0.14852868639587294,0.015354130531444393,-0.0003968076919795799
500,8,636,7.312139511108398,0.8497770769668492,0.519512893362402,-0.013213832247972032,-0.4631362866854217,0.008329127224590999,-0.18066649956120726,-0.32762270643841035,0.016933972819614118,-0.14852868639587294,0.015354130531444393,-0.00039680766180853885
500,8,637,7.312139511108398,0.8497762720135104,0.5195134555597155,-0.013213820001346148,-0.4631362866854217,0.008329127224590999,-0.18066810995753949,-0.3276241581539063,0.01693404776423445,-0.14852868639587294,0.015354131550447878,-0.0003968076919795799
500,8,638,7.312139511108398,0.8497770142997446,0.5195129354006425,-0.013213829186315562,-0.4631362866854217,0.008329127895100923,-0.18066662034093217,-0.3276228181088331,0.016933977228121195,-0.14852868639587294,0.015354129512440907,-0.00039680766180853885
500,8,639,7.312139511108398,0.8497764509538336,0.5195133146846977,-0.013213812347204971,-0.4631362866854217,0.008329127895100923,-0.18066770735845644,-0.327623823142638,0.01693402902807937,-0.14852868639587294,0.015354129512440907,-0.00039680766180853885
500,8,640,7.312139511108398,0.8497768483561097,0.5195130493739241,-0.013213804693063795,-0.4631362866854217,0.008329127895100923,-0.18066696255015277,-0.3276231158966271,0.01693399376002274,-0.1485286691878487,0.015354128493437423,-0.00039680763163749773
500,8,641,7.312139987945557,0.8497765021852914,0.5195133021173678,-0.013213790915609676,-0.4631362866854217,0.008329127224590999,-0.18066768722850227,-0.32762374869568944,0.01693402682382583,-0.1485286691878487,0.015354128493437423,-0.00039680763163749773
500,8,642,7.312139511108398,0.8497769148595362,0.5195130136108785,-0.01321378019981203,-0.4631362866854217,0.008329127224590999,-0.180666861900382,-0.3276230042262044,0.016933990453642432,-0.1485286691878487,0.015354127474433937,-0.00039680763163749773
500,8,643,7.312139511108398,0.8497764599943298,0.5195133294422595,-0.013213757237388497,-0.4631362866854217,0.008329126554081077,-0.18066776774831889,-0.327623823142638,0.016934032334459677,-0.1485286691878487,0.015354128493437423,-0.00039680766180853885
500,8,644,7.312139511108398,0.8497770138656229,0.519512982836719,-0.013213748052419086,-0.46313633197732396,0.008329126554081077,-0.1806666606008405,-0.32762285533230734,0.016933979432374735,-0.1485286691878487,0.015354128493437423,-0.00039680766180853885
500,8,645,7.312139511108398,0.8497762669261124,0.5195134953842134,-0.013213717435854378,-0.46313633197732396,0.008329125883571155,-0.18066813008749363,-0.3276241953773805,0.016934048866361223,-0.1485286691878487,0.015354129512440907,-0.00039680766180853885
500,8,646,7.312139511108398,0.8497772257162424,0.5195128957628681,-0.013213711312541437,-0.4631363772692262,0.008329125883571155,-0.18066629826166572,-0.32762252032103906,0.016933962900473193,-0.1485286691878487,0.015354129512440907,-0.00039680766180853885
500,8,647,7.312139511108398,0.8497761314822195,0.5195136592456993,-0.013213677634320258,-0.4631363772692262,0.008329125883571155,-0.18066847229671423,-0.32762449316517456,0.016934065398262765,-0.14852868639587294,0.015354130531444393,-0.000396807722150621
500,8,648,7.312139511108398,0.8497772030162608,0.5195129068234661,-0.013213676103492023,-0.4631363772692262,0.008329126554081077,-0.1806663183916199,-0.3276225575445133,0.01693396400259996,-0.14852868639587294,0.015354129512440907,-0.0003968076919795799
500,8,649,7.312139511108398,0.8497762770070932,0.5195135600650437,-0.01321364701775555,-0.4631363772692262,0.008329126554081077,-0.1806681904773561,-0.32762423260085477,0.0169340532748683,-0.14852868639587294,0.015354130531444393,-0.0003968076919795799
500,8,650,7.312139511108398,0.8497770357162715,0.5195130185932921,-0.01321364701775555,-0.4631363772692262,0.008329127224590999,-0.18066664047088632,-0.32762285533230734,0.016933979432374735,-0.14852868639587294,0.015354129512440907,-0.00039680766180853885
500,8,651,7.312139987945557,0.8497765477537125,0.5195133766543846,-0.01321362711698849,-0.4631363772692262,0.008329127224590999,-0.18066766709854812,-0.32762374869568944,0.01693402682382583,-0.14852868639587294,0.015354129512440907,-0.00039680766180853885
500,8,652,7.312139987945557,0.8497766893177902,0.5195132709946768,-0.013213620993675549,-0.4631363772692262,0.008329127895100923,-0.18066736514923584,-0.32762348813136966,0.016934012496177823,-0.14852868639587294,0.015354128493437423,-0.00039680763163749773
500,8,653,7.312139511108398,0.8497769021284692,0.5195131373453991,-0.013213620993675549,-0.4631363772692262,0.008329128565610844,-0.18066698268010692,-0.3276231158966271,0.01693399376002274,-0.14852868639587294,0.015354127474433937,-0.00039680757129541554
500,8,654,7.312139511108398,0.8497761972432678,0.519513622343896,-0.013213616401190842,-0.4631363772692262,0.008329128565610844,-0.18066837164694347,-0.3276243814947518,0.01693405768337538,-0.14852868639587294,0.015354127474433937,-0.00039680757129541554
500,8,655,7.312139511108398,0.8497772562921039,0.5195128494990366,-0.013213637832786137,-0.4631363772692262,0.008329129236120766,-0.18066615735198666,-0.32762244587409056,0.016933955185585804,-0.14852868639587294,0.015354127474433937,-0.0003968075411243745
500,8,656,7.312139511108398,0.8497758096057438,0.5195138072884267,-0.013213625586160255,-0.46313633197732396,0.008329129236120766,-0.18066901580547637,-0.32762501429381413,0.0169340896450517,-0.14852868639587294,0.015354128493437423,-0.00039680760146645666
500,8,657,7.312139511108398,0.8497775084974739,0.5195126357586702,-0.013213651610240256,-0.46313633197732396,0.008329129906630688,-0.180665674233087,-0.32762196196892523,0.01693393204092364,-0.1485286691878487,0.015354126455430451,-0.00039680757129541554
500,8,658,7.312139511108398,0.8497758600925748,0.5195137935182828,-0.013213636301957902,-0.46313633197732396,0.008329129236120766,-0.18066897554556804,-0.3276249398468656,0.01693408744079816,-0.14852868639587294,0.015354129512440907,-0.00039680766180853885
500,8,659,7.312139511108398,0.8497772252813521,0.519512846965552,-0.013213659264381433,-0.46313633197732396,0.008329129906630688,-0.18066627813171157,-0.3276224830975648,0.01693396179834642,-0.1485286691878487,0.015354127474433937,-0.00039680766180853885
500,8,660,7.312139511108398,0.8497763817080366,0.5195134423443558,-0.013213651610240256,-0.46313633197732396,0.008329129906630688,-0.18066796904786042,-0.32762400926000923,0.016934041151473834,-0.14852868639587294,0.015354128493437423,-0.00039680766180853885
500,8,661,7.312139987945557,0.84977662789917,0.5195132669288391,-0.013213665387694374,-0.46313633197732396,0.008329129906630688,-0.18066746579900658,-0.3276235625783182,0.01693401800681167,-0.14852868639587294,0.015354128493437423,-0.00039680766180853885
500,8,662,7.312139511108398,0.8497770158256904,0.519512986118153,-0.013213682226804965,-0.46313633197732396,0.008329129906630688,-0.1806666606008405,-0.32762285533230734,0.016933980534501507,-0.14852868639587294,0.015354128493437423,-0.00039680766180853885
500,8,663,7.312139511108398,0.8497760606689471,0.5195136398429422,-0.013213676103492023,-0.46313633197732396,0.008329129236120766,-0.1806685326865767,-0.32762456761212305,0.016934067602516305,-0.14852868639587294,0.015354128493437423,-0.00039680766180853885
500,8,664,7.312139511108398,0.8497772914598056,0.51951281067084,-0.013213697535087318,-0.46313633197732396,0.008329129236120766,-0.18066615735198666,-0.32762237142714207,0.016933955185585804,-0.14852868639587294,0.015354128493437423,-0.00039680766180853885
500,8,665,7.312139511108398,0.8497761736922839,0.5195135838211985,-0.013213685288461435,-0.46313633197732396,0.008329128565610844,-0.18066837164694347,-0.3276243814947518,0.01693405988762892,-0.14852868639587294,0.015354128493437423,-0.00039680766180853885
500,8,666,7.312139511108398,0.8497769130838533,0.5195130589127708,-0.013213696004259083,-0.46313633197732396,0.008329128565610844,-0.18066688203033615,-0.32762304144967863,0.0169339915557692,-0.1485286691878487,0.015354128493437423,-0.00039680766180853885
500,8,667,7.312139511108398,0.8497766922665865,0.5195132276418424,-0.013213696004259083,-0.46313633197732396,0.008329127895100923,-0.18066736514923584,-0.3276234509078954,0.016934013598304595,-0.1485286691878487,0.015354128493437423,-0.00039680766180853885
500,8,668,7.312139511108398,0.8497764168717834,0.5195134034496475,-0.013213699065915553,-0.46313633197732396,0.008329127224590999,-0.18066786839808965,-0.32762393481306074,0.016934035640839985,-0.1485286691878487,0.015354128493437423,-0.00039680766180853885
500,8,669,7.312139511108398,0.8497771010774389,0.5195129328005491,-0.013213715905026143,-0.46313633197732396,0.008329127224590999,-0.1806665196911614,-0.32762270643841035,0.016933972819614118,-0.1485286691878487,0.015354128493437423,-0.00039680766180853885
500,8,670,7.312139511108398,0.8497761250399791,0.5195136005469704,-0.013213705189228495,-0.46313633197732396,0.008329126554081077,-0.18066843203680594,-0.3276244559417003,0.016934063194009228,-0.1485286691878487,0.015354129512440907,-0.0003968076919795799
500,8,671,7.312139511108398,0.849777272358957,0.5195128275433049,-0.013213722028339083,-0.46313633197732396,0.008329126554081077,-0.18066621774184913,-0.3276224086506163,0.016933958491966113,-0.1485286691878487,0.015354130531444393,-0.0003968076919795799
500,8,672,7.312139511108398,0.8497762028905494,0.5195135351687115,-0.013213705189228495,-0.46313633197732396,0.008329125883571155,-0.1806682307372644,-0.32762430704780326,0.0169340532748683,-0.14852868639587294,0.015354130531444393,-0.0003968076919795799
500,8,673,7.312139511108398,0.849776974719049,0.5195130151414747,-0.013213714374197907,-0.46313633197732396,0.008329125883571155,-0.1806667411206571,-0.3276229297792559,0.016933984943008584,-0.14852868639587294,0.015354130531444393,-0.0003968076919795799
500,8,674,7.312139987945557,0.8497765992527082,0.519513268157182,-0.013213711312541437,-0.46313633197732396,0.008329125883571155,-0.18066746579900658,-0.32762359980179245,0.01693401800681167,-0.14852868639587294,0.015354130531444393,-0.0003968076919795799
500,8,675,7.312139511108398,0.8497767035923608,0.5195131979461796,-0.013213715905026143,-0.46313633197732396,0.008329125883571155,-0.18066726449946507,-0.32762341368442116,0.016934008087670746,-0.14852868639587294,0.015354130531444393,-0.0003968076919795799
500,8,676,7.312139511108398,0.8497768497129763,0.5195130997395204,-0.01321372355916732,-0.46313633197732396,0.008329126554081077,-0.18066698268010692,-0.3276231531201014,0.01693399596427628,-0.14852868639587294,0.015354130531444393,-0.0003968076919795799
500,8,677,7.312139511108398,0.8497763744215907,0.5195134303504855,-0.013213728151652025,-0.46313633197732396,0.008329126554081077,-0.1806679287879521,-0.32762400926000923,0.016934041151473834,-0.14852868639587294,0.015354130531444393,-0.0003968076919795799
500,8,678,7.312139511108398,0.8497771311418068,0.5195129338010868,-0.013213752644903792,-0.46313633197732396,0.008329127224590999,-0.1806665196911614,-0.3276226692149361,0.016933973921740886,-0.1485286691878487,0.015354129512440907,-0.0003968076919795799
500,8,679,7.312139511108398,0.8497762802651622,0.5195135172332292,-0.01321374652159085,-0.46313633197732396,0.008329127224590999,-0.1806681904773561,-0.3276241953773805,0.01693405217274153,-0.1485286691878487,0.015354129512440907,-0.0003968076919795799
500,8,680,7.312139511108398,0.8497770613538677,0.5195129641916434,-0.013213760299044969,-0.46313633197732396,0.008329127895100923,-0.18066662034093217,-0.32762278088535884,0.016933978330247967,-0.14852865197982448,0.015354128493437423,-0.00039680763163749773
500,8,681,7.312139987945557,0.8497764857658587,0.5195133716272963,-0.01321374652159085,-0.46313633197732396,0.008329127895100923,-0.18066778787827303,-0.327623823142638,0.016934032334459677,-0.14852865197982448,0.015354128493437423,-0.0003968076919795799
500,8,682,7.312139511108398,0.8497767317648967,0.5195131958974312,-0.01321374652159085,-0.46313633197732396,0.008329127895100923,-0.18066728462941922,-0.3276233764609469,0.016934010291924286,-0.14852865197982448,0.015354128493437423,-0.0003968076919795799
500,8,683,7.312139511108398,0.849776894325134,0.5195130763900095,-0.013213748052419086,-0.46313633197732396,0.008329127895100923,-0.18066694242019862,-0.3276230786731529,0.01693399376002274,-0.14852865197982448,0.015354128493437423,-0.0003968076919795799
500,8,684,7.312139511108398,0.8497763188733969,0.5195134840480639,-0.013213740398277909,-0.46313633197732396,0.008329127895100923,-0.18066810995753949,-0.32762412093043203,0.016934048866361223,-0.14852865197982448,0.015354129512440907,-0.000396807722150621
500,8,685,7.312139511108398,0.8497771152180108,0.5195129077692953,-0.013213751114075557,-0.46313633197732396,0.008329127895100923,-0.18066645930129896,-0.3276226692149361,0.01693397171748735,-0.14852865197982448,0.015354129512440907,-0.000396807722150621
500,8,686,7.312139511108398,0.8497762671843232,0.5195134958366988,-0.013213731213308497,-0.46313633197732396,0.008329127224590999,-0.18066813008749363,-0.3276241953773805,0.016934051070614763,-0.1485286691878487,0.015354130531444393,-0.00039680778249270317
500,8,687,7.312139511108398,0.849776934581699,0.5195130458707795,-0.013213732744136732,-0.46313633197732396,0.008329127224590999,-0.18066684177042786,-0.3276230042262044,0.016933990453642432,-0.1485286691878487,0.015354130531444393,-0.00039680778249270317
500,8,688,7.312139511108398,0.8497766468104986,0.5195132496259425,-0.01321372662082379,-0.46313633197732396,0.008329127224590999,-0.1806674255390983,-0.32762352535484396,0.01693401800681167,-0.1485286691878487,0.015354130531444393,-0.00039680778249270317
500,8,689,7.312139511108398,0.8497766842292666,0.5195132144799972,-0.01321372662082379,-0.46313633197732396,0.008329127224590999,-0.18066732488932752,-0.3276234509078954,0.016934013598304595,-0.1485286691878487,0.015354130531444393,-0.00039680778249270317
500,8,690,7.312139987945557,0.8497768940671224,0.5195130759529124,-0.013213729682480262,-0.46313633197732396,0.008329127224590999,-0.18066694242019862,-0.3276230786731529,0.01693399376002274,-0.14852865197982448,0.015354129512440907,-0.000396807722150621
500,8,691,7.312139511108398,0.8497764352498903,0.5195133853348269,-0.013213728151652025,-0.46313633197732396,0.008329127224590999,-0.18066782813818136,-0.3276238975895865,0.016934036742966757,-0.14852865197982448,0.015354129512440907,-0.000396807722150621
500,8,692,7.312139511108398,0.8497769360072951,0.5195130482026528,-0.013213744990762616,-0.46313633197732396,0.008329127224590999,-0.180666861900382,-0.3276230042262044,0.016933990453642432,-0.14852865197982448,0.015354128493437423,-0.000396807722150621
500,8,693,7.312139511108398,0.8497765109717915,0.5195133646657928,-0.013213748052419086,-0.46313633197732396,0.008329127224590999,-0.18066776774831889,-0.3276237859191637,0.016934032334459677,-0.14852865197982448,0.015354128493437423,-0.000396807722150621
500,8,694,7.312139511108398,0.8497767946057284,0.5195131541434662,-0.013213763360701439,-0.46313633197732396,0.008329127224590999,-0.1806671638496943,-0.32762326479052417,0.016934004781290438,-0.14852865197982448,0.015354128493437423,-0.000396807722150621
500,8,695,7.312139511108398,0.849776819947133,0.5195131474185914,-0.013213775607327323,-0.46313633197732396,0.008329127224590999,-0.18066714371974016,-0.3276232275670499,0.016934003679163666,-0.14852865197982448,0.015354128493437423,-0.000396807722150621
500,8,696,7.312139511108398,0.849776544661924,0.5195133234208917,-0.013213786323124971,-0.46313633197732396,0.008329127224590999,-0.18066764696859397,-0.3276237114722152,0.01693402572169906,-0.14852865197982448,0.015354128493437423,-0.000396807722150621
500,8,697,7.312139511108398,0.849776841153468,0.5195131339299084,-0.013213798569750853,-0.46313633197732396,0.008329127224590999,-0.18066710345983183,-0.3276231903435756,0.01693400147491013,-0.14852865197982448,0.015354128493437423,-0.000396807722150621
500,8,698,7.312139511108398,0.8497766897467838,0.5195132235050949,-0.013213806223892031,-0.46313633197732396,0.008329127224590999,-0.18066734501928167,-0.3276234509078954,0.016934013598304595,-0.1485286691878487,0.015354130531444393,-0.000396807722150621
500,8,699,7.312139511108398,0.8497766438655866,0.5195132448088998,-0.013213813878033208,-0.46313633197732396,0.008329127224590999,-0.18066740540914414,-0.32762352535484396,0.016934016904684903,-0.1485286691878487,0.015354130531444393,-0.000396807722150621
500,8,700,7.312139511108398,0.8497768237533965,0.5195131536445637,-0.013213824593830855,-0.46313633197732396,0.008329127224590999,-0.18066714371974016,-0.3276232275670499,0.016934003679163666,-0.1485286691878487,0.015354130531444393,-0.000396807722150621
500,8,701,7.312139511108398,0.8497766901514519,0.5195132241670174,-0.013213832247972032,-0.46313633197732396,0.008329127224590999,-0.18066734501928167,-0.3276234509078954,0.016934013598304595,-0.1485286691878487,0.015354130531444393,-0.000396807722150621
500,8,702,7.312139511108398,0.8497766111532108,0.5195132876531603,-0.013213839902113209,-0.46313633197732396,0.008329127224590999,-0.18066752618886905,-0.32762359980179245,0.01693402241531875,-0.1485286691878487,0.015354130531444393,-0.000396807722150621
500,8,703,7.312139511108398,0.8497768321242096,0.5195131191605903,-0.013213850617910857,-0.46313633197732396,0.008329127224590999,-0.1806670430699694,-0.3276231903435756,0.01693399927065659,-0.1485286691878487,0.015354130531444393,-0.000396807722150621
500,8,704,7.312139511108398,0.8497766487861984,0.5195132528576283,-0.013213853679567327,-0.46313633197732396,0.008329127224590999,-0.1806674255390983,-0.32762352535484396,0.01693401800681167,-0.1485286691878487,0.015354130531444393,-0.000396807722150621
500,8,705,7.312139511108398,0.8497766697068643,0.5195132389016884,-0.013213858272052034,-0.46313633197732396,0.008329127224590999,-0.18066738527919,-0.32762348813136966,0.016934015802558135,-0.1485286691878487,0.015354130531444393,-0.000396807722150621
500,8,706,7.312139511108398,0.8497767697668144,0.5195131616902724,-0.01321386286453674,-0.46313633197732396,0.008329127224590999,-0.1806671638496943,-0.3276233020139984,0.016934005883417206,-0.1485286691878487,0.015354130531444393,-0.000396807722150621
500,8,707,7.312139511108398,0.8497765403847709,0.5195133164246816,-0.01321386592619321,-0.46313633197732396,0.008329127224590999,-0.18066760670868567,-0.3276237114722152,0.01693402572169906,-0.1485286691878487,0.015354130531444393,-0.000396807722150621
500,8,708,7.312139511108398,0.8497768159355318,0.5195131408567445,-0.013213875111162622,-0.46313633197732396,0.008329127224590999,-0.18066710345983183,-0.3276232275670499,0.01693400147491013,-0.1485286691878487,0.015354130531444393,-0.000396807722150621
500,8,709,7.312139511108398,0.8497765988413437,0.5195132675144323,-0.01321387664199086,-0.46313633197732396,0.008329127224590999,-0.18066746579900658,-0.32762359980179245,0.01693402021106521,-0.1485286691878487,0.015354130531444393,-0.000396807722150621
500,8,710,7.312139511108398,0.8497766909369864,0.5195132254519296,-0.013213882765303801,-0.46313633197732396,0.008329127224590999,-0.18066734501928167,-0.3276234509078954,0.016934013598304595,-0.1485286691878487,0.015354130531444393,-0.000396807722150621
500,8,711,7.312139511108398,0.8497766867286565,0.5195132185682922,-0.013213887357788506,-0.46313633197732396,0.008329127224590999,-0.18066732488932752,-0.3276234509078954,0.016934013598304595,-0.1485286691878487,0.015354130531444393,-0.000396807722150621
500,8,712,7.312139987945557,0.8497765659165873,0.5195133100112885,-0.013213890419444978,-0.46313633197732396,0.008329127224590999,-0.1806675865787315,-0.32762367424874095,0.01693402461957229,-0.1485286691878487,0.015354130531444393,-0.000396807722150621
500,8,713,7.312139511108398,0.8497767881154943,0.5195131435272762,-0.013213898073586154,-0.46313633197732396,0.008329127224590999,-0.180667123589786,-0.32762326479052417,0.016934002577036898,-0.14852865197982448,0.015354129512440907,-0.000396807722150621
500,8,714,7.312139511108398,0.8497765672892315,0.5195133122565453,-0.013213898073586154,-0.46313633197732396,0.008329127224590999,-0.18066760670868567,-0.32762367424874095,0.01693402461957229,-0.14852865197982448,0.015354129512440907,-0.000396807722150621
500,8,715,7.312139511108398,0.8497766299266544,0.5195132701849775,-0.01321389960441439,-0.46313633197732396,0.008329127224590999,-0.18066748592896076,-0.3276235625783182,0.01693402131319198,-0.14852865197982448,0.015354129512440907,-0.000396807722150621
500,8,716,7.312139511108398,0.8497767090238076,0.519513206860617,-0.013213901135242625,-0.46313633197732396,0.008329127224590999,-0.18066730475937337,-0.32762341368442116,0.016934010291924286,-0.14852865197982448,0.015354129512440907,-0.000396807722150621
500,8,717,7.312139511108398,0.8497765170569034,0.5195133264431091,-0.013213901135242625,-0.46313633197732396,0.008329127224590999,-0.18066764696859397,-0.32762374869568944,0.0169340279259526,-0.14852865197982448,0.015354129512440907,-0.000396807722150621
500,8,718,7.312139511108398,0.8497766925458244,0.5195132280835335,-0.013213904196899096,-0.46313633197732396,0.008329127224590999,-0.18066736514923584,-0.3276234509078954,0.016934014700431363,-0.14852865197982448,0.015354129512440907,-0.000396807722150621
500,8,719,7.312139511108398,0.849776634254009,0.5195132772633045,-0.01321390266607086,-0.46313633197732396,0.008329127224590999,-0.1806675060589149,-0.3276235625783182,0.01693402131319198,-0.14852865197982448,0.015354129512440907,-0.000396807722150621
500,8,720,7.312139511108398,0.8497766133828007,0.519513291300138,-0.01321390266607086,-0.46313633197732396,0.008329127224590999,-0.1806675463188232,-0.32762359980179245,0.01693402241531875,-0.14852865197982448,0.015354129512440907,-0.000396807722150621
500,8,721,7.312139511108398,0.8497767176875791,0.5195132210471602,-0.013213904196899096,-0.46313633197732396,0.008329127895100923,-0.18066734501928167,-0.32762341368442116,0.016934013598304595,-0.14852865197982448,0.015354129512440907,-0.000396807722150621
500,8,722,7.312139511108398,0.8497765378895638,0.5195133123733557,-0.01321390266607086,-0.46313633197732396,0.008329128565610844,-0.18066760670868567,-0.3276237114722152,0.01693402461957229,-0.14852865197982448,0.015354129512440907,-0.000396807722150621
500,8,723,7.312139511108398,0.8497766256321736,0.5195132631905488,-0.01321390266607086,-0.46313633197732396,0.008329128565610844,-0.18066746579900658,-0.3276235625783182,0.016934019108938443,-0.14852865197982448,0.015354129512440907,-0.000396807722150621
500,8,724,7.312139511108398,0.8497766090608316,0.5195132842607465,-0.013213901135242625,-0.46313633197732396,0.008329128565610844,-0.18066752618886905,-0.32762359980179245,0.01693402241531875,-0.14852865197982448,0.015354129512440907,-0.000396807722150621
500,8,725,7.312139511108398,0.8497765464215764,0.5195133263293105,-0.013213898073586154,-0.46313633197732396,0.008329128565610844,-0.18066764696859397,-0.3276237114722152,0.01693402682382583,-0.14852865197982448,0.015354129512440907,-0.000396807722150621
500,8,726,7.312139511108398,0.8497767089375144,0.5195132067495918,-0.013213896542757918,-0.46313633197732396,0.008329128565610844,-0.18066730475937337,-0.32762341368442116,0.016934011394051054,-0.14852865197982448,0.015354128493437423,-0.0003968076919795799
500,8,727,7.312139511108398,0.8497764377143073,0.5195133893960396,-0.013213890419444978,-0.46313633197732396,0.008329128565610844,-0.18066782813818136,-0.3276238975895865,0.016934035640839985,-0.14852865197982448,0.015354128493437423,-0.0003968076919795799
500,8,728,7.312139511108398,0.8497767548681742,0.5195131855266815,-0.013213893481101448,-0.46313633197732396,0.008329128565610844,-0.18066724436951093,-0.32762333923747267,0.016934006985543978,-0.14852865197982448,0.015354128493437423,-0.0003968076919795799
500,8,729,7.312139511108398,0.8497765339925578,0.519513354175164,-0.013213888888616741,-0.46313633197732396,0.008329128565610844,-0.1806677274884106,-0.32762374869568944,0.016934030130206137,-0.14852865197982448,0.015354128493437423,-0.0003968076919795799
500,8,730,7.312139511108398,0.8497765922367106,0.5195133049174664,-0.013213887357788506,-0.46313633197732396,0.008329128565610844,-0.1806675865787315,-0.3276236370252667,0.01693402351744552,-0.14852865197982448,0.015354128493437423,-0.0003968076919795799
500,8,731,7.312139511108398,0.8497767590746604,0.5195131924073041,-0.013213887357788506,-0.46313633197732396,0.008329128565610844,-0.18066726449946507,-0.32762333923747267,0.016934008087670746,-0.14852865197982448,0.015354128493437423,-0.0003968076919795799
500,8,732,7.312139511108398,0.8497765338954999,0.5195133540164047,-0.013213881234475564,-0.46313633197732396,0.008329128565610844,-0.1806677274884106,-0.32762374869568944,0.01693403123233291,-0.14852865197982448,0.015354128493437423,-0.0003968076919795799
500,8,733,7.312139511108398,0.8497766129888953,0.5195132906859462,-0.01321387970364733,-0.46313633197732396,0.008329128565610844,-0.1806675463188232,-0.32762359980179245,0.01693402241531875,-0.14852865197982448,0.015354128493437423,-0.0003968076919795799
500,8,734,7.312139511108398,0.849776842372846,0.5195131359545928,-0.013213878172819094,-0.46313633197732396,0.008329128565610844,-0.18066710345983183,-0.3276231903435756,0.01693400147491013,-0.14852865197982448,0.015354128493437423,-0.0003968076919795799
500,8,735,7.312139511108398,0.8497765502617944,0.5195133325957555,-0.013213868987849682,-0.46313633197732396,0.008329127895100923,-0.18066766709854812,-0.3276237114722152,0.0169340279259526,-0.14852865197982448,0.015354128493437423,-0.0003968076919795799
500,8,736,7.312139511108398,0.8497765710158144,0.5195133183672419,-0.01321386286453674,-0.46313633197732396,0.008329127895100923,-0.18066762683863982,-0.32762367424874095,0.01693402572169906,-0.14852865197982448,0.015354128493437423,-0.0003968076919795799
500,8,737,7.312139511108398,0.8497768168996637,0.519513142448855,-0.013213858272052034,-0.46313633197732396,0.008329127895100923,-0.180667123589786,-0.3276232275670499,0.01693400147491013,-0.14852865197982448,0.015354128493437423,-0.0003968076919795799
500,8,738,7.312139987945557,0.8497764524189181,0.5195133652422934,-0.013213847556254385,-0.46313633197732396,0.008329127224590999,-0.18066774761836474,-0.32762386036611224,0.01693403343658645,-0.1485286691878487,0.015354131550447878,-0.00039680778249270317
500,8,739,7.312139511108398,0.8497770032807628,0.519513013714228,-0.013213849087082622,-0.46313633197732396,0.008329127224590999,-0.1806667411206571,-0.3276228925557816,0.016933986045135352,-0.1485286691878487,0.015354131550447878,-0.00039680778249270317
500,8,740,7.312139511108398,0.8497764190731131,0.5195134070353344,-0.013213832247972032,-0.46313633197732396,0.008329126554081077,-0.18066786839808965,-0.32762393481306074,0.016934038947220294,-0.1485286691878487,0.015354131550447878,-0.00039680778249270317
500,8,741,7.312139511108398,0.8497769900992574,0.5195129921379337,-0.013213830717143797,-0.46313633197732396,0.008329126554081077,-0.18066668073079464,-0.3276228925557816,0.016933982738755043,-0.1485286691878487,0.015354131550447878,-0.00039680778249270317
500,8,742,7.312139511108398,0.8497764187252617,0.5195134064512853,-0.013213809285548501,-0.46313633197732396,0.008329125883571155,-0.18066786839808965,-0.32762393481306074,0.016934038947220294,-0.1485286691878487,0.015354131550447878,-0.00039680778249270317
500,8,743,7.312139511108398,0.8497769940292905,0.5195129985512983,-0.013213806223892031,-0.46313633197732396,0.008329125883571155,-0.1806667008607488,-0.3276228925557816,0.016933983840881815,-0.1485286691878487,0.015354131550447878,-0.00039680778249270317
500,8,744,7.312139511108398,0.8497765435074945,0.5195133215024464,-0.013213786323124971,-0.46313633197732396,0.008329125883571155,-0.18066762683863982,-0.3276237114722152,0.0169340279259526,-0.1485286691878487,0.015354131550447878,-0.00039680778249270317
500,8,745,7.312139511108398,0.849776705902726,0.5195132017252839,-0.013213778668983794,-0.46313633197732396,0.008329125883571155,-0.18066728462941922,-0.32762341368442116,0.016934010291924286,-0.1485286691878487,0.015354131550447878,-0.00039680778249270317
500,8,746,7.312139511108398,0.8497768726821886,0.5195130891344022,-0.013213774076499088,-0.46313633197732396,0.008329126554081077,-0.18066696255015277,-0.3276231158966271,0.01693399596427628,-0.1485286691878487,0.015354131550447878,-0.00039680778249270317
500,8,747,7.312139987945557,0.8497765431668719,0.5195133209603473,-0.01321376642235791,-0.46313633197732396,0.008329126554081077,-0.18066762683863982,-0.3276237114722152,0.01693402682382583,-0.1485286691878487,0.015354131550447878,-0.00039680778249270317
500,8,748,7.312139511108398,0.8497769020304413,0.5195130889786562,-0.013213767953186146,-0.46313633197732396,0.008329127224590999,-0.18066696255015277,-0.3276230786731529,0.01693399596427628,-0.1485286691878487,0.015354131550447878,-0.00039680778249270317
500,8,749,7.312139511108398,0.8497766474697738,0.5195132507043302,-0.01321376642235791,-0.46313633197732396,0.008329127224590999,-0.1806674255390983,-0.32762352535484396,0.016934019108938443,-0.1485286691878487,0.015354131550447878,-0.00039680778249270317
500,8,750,7.312139511108398,0.8497766223682641,0.5195132578215909,-0.013213771014842616,-0.46313633197732396,0.008329127224590999,-0.18066744566905243,-0.3276235625783182,0.016934019108938443,-0.1485286691878487,0.015354131550447878,-0.00039680778249270317
500,8,751,7.312139511108398,0.8497768476410184,0.519513096365445,-0.013213781730640264,-0.46313633197732396,0.008329127224590999,-0.18066698268010692,-0.3276231531201014,0.01693399706640305,-0.1485286691878487,0.015354131550447878,-0.00039680778249270317
500,8,752,7.312139987945557,0.849776643455555,0.5195132441382043,-0.013213786323124971,-0.46313633197732396,0.008329127224590999,-0.18066740540914414,-0.32762352535484396,0.016934016904684903,-0.1485286691878487,0.015354131550447878,-0.00039680778249270317
500,8,753,7.312139511108398,0.8497766644238295,0.5195132302601383,-0.013213793977266148,-0.46313633197732396,0.008329127224590999,-0.18066736514923584,-0.32762348813136966,0.016934014700431363,-0.1485286691878487,0.015354131550447878,-0.00039680778249270317
500,8,754,7.312139511108398,0.8497767492630548,0.519513176328164,-0.013213804693063795,-0.46313633197732396,0.008329127224590999,-0.18066722423955675,-0.32762333923747267,0.016934006985543978,-0.14852865197982448,0.015354130531444393,-0.000396807722150621
500,8,755,7.312139511108398,0.8497765703239355,0.5195133172204611,-0.013213815408861443,-0.46313633197732396,0.008329127224590999,-0.18066762683863982,-0.32762367424874095,0.01693402572169906,-0.14852865197982448,0.015354130531444393,-0.000396807722150621
500,8,756,7.312139511108398,0.8497768538608311,0.5195131065543668,-0.013213827655487327,-0.46313633197732396,0.008329127895100923,-0.18066702294001524,-0.3276231531201014,0.01693399706640305,-0.14852865197982448,0.015354129512440907,-0.000396807722150621
500,8,757,7.312139511108398,0.8497764705917628,0.5195133949829732,-0.013213832247972032,-0.46313633197732396,0.008329127895100923,-0.1806678482681355,-0.32762386036611224,0.016934036742966757,-0.14852865197982448,0.015354129512440907,-0.000396807722150621
500,8,758,7.312139511108398,0.8497767959717581,0.519513156392968,-0.013213850617910857,-0.46313633197732396,0.008329127895100923,-0.1806671638496943,-0.32762326479052417,0.016934004781290438,-0.14852865197982448,0.015354129512440907,-0.000396807722150621
500,8,759,7.312139511108398,0.8497767292907215,0.5195131918503799,-0.01321386286453674,-0.46313633197732396,0.008329127895100923,-0.18066726449946507,-0.3276233764609469,0.016934009189797514,-0.14852865197982448,0.015354129512440907,-0.000396807722150621
500,8,760,7.312139511108398,0.8497764668851464,0.5195133889200009,-0.013213870518677917,-0.46313633197732396,0.008329127895100923,-0.18066782813818136,-0.32762386036611224,0.016934035640839985,-0.14852865197982448,0.015354129512440907,-0.000396807722150621
500,8,761,7.312139511108398,0.8497769216826699,0.5195130729629477,-0.013213887357788506,-0.46313633197732396,0.008329127895100923,-0.18066692229024447,-0.32762304144967863,0.01693399376002274,-0.14852865197982448,0.015354129512440907,-0.000396807722150621
500,8,762,7.312139511108398,0.8497764462520037,0.5195134033462241,-0.013213885826960271,-0.46313633197732396,0.008329127895100923,-0.18066786839808965,-0.3276238975895865,0.016934036742966757,-0.14852865197982448,0.015354129512440907,-0.000396807722150621
500,8,763,7.312139511108398,0.8497767340923111,0.5195131997044231,-0.013213895011929683,-0.46313633197732396,0.008329127895100923,-0.18066728462941922,-0.3276233764609469,0.016934010291924286,-0.14852865197982448,0.015354129512440907,-0.000396807722150621
500,8,764,7.312139511108398,0.8497766924413991,0.5195132279277861,-0.013213898073586154,-0.46313633197732396,0.008329127895100923,-0.18066736514923584,-0.3276234509078954,0.016934014700431363,-0.14852865197982448,0.015354129512440907,-0.000396807722150621
500,8,765,7.312139511108398,0.8497764881848077,0.5195133755840105,-0.013213898073586154,-0.46313633197732396,0.008329127895100923,-0.18066778787827303,-0.327623823142638,0.016934034538713217,-0.14852865197982448,0.015354129512440907,-0.000396807722150621
500,8,766,7.312139511108398,0.8497768342017544,0.5195131225739303,-0.013213904196899096,-0.46313633197732396,0.008329127895100923,-0.18066706319992354,-0.3276231903435756,0.01693399927065659,-0.14852865197982448,0.015354129512440907,-0.000396807722150621
500,8,767,7.312139511108398,0.8497763422293892,0.5195134740605983,-0.01321389960441439,-0.46313633197732396,0.008329127224590999,-0.1806680696976312,-0.3276240837069577,0.01693404776423445,-0.14852865197982448,0.015354129512440907,-0.000396807722150621
500,8,768,7.312139511108398,0.8497769802694897,0.5195130242505585,-0.013213907258555566,-0.46313633197732396,0.008329127224590999,-0.1806667813805654,-0.3276229297792559,0.016933987147262124,-0.14852865197982448,0.015354129512440907,-0.000396807722150621
500,8,769,7.312139511108398,0.8497763170144443,0.5195134809772202,-0.013213893481101448,-0.46313633197732396,0.008329126554081077,-0.18066808982758534,-0.32762412093043203,0.01693404996848799,-0.14852865197982448,0.015354129512440907,-0.00039680778249270317
500,8,770,7.312139511108398,0.8497769678899864,0.5195130521624038,-0.013213898073586154,-0.46313633197732396,0.008329126554081077,-0.180666861900382,-0.32762296700273014,0.0169339915557692,-0.14852865197982448,0.015354129512440907,-0.00039680778249270317
500,8,771,7.312139511108398,0.8497763585700308,0.5195134525980111,-0.013213884296132036,-0.46313633197732396,0.008329126554081077,-0.18066800930776872,-0.3276240464834835,0.016934045559980914,-0.14852865197982448,0.015354129512440907,-0.00039680778249270317
500,8,772,7.312139511108398,0.8497769676665403,0.5195130518119723,-0.013213884296132036,-0.46313633197732396,0.008329127224590999,-0.180666861900382,-0.32762296700273014,0.0169339915557692,-0.14852865197982448,0.015354129512440907,-0.00039680778249270317
500,8,773,7.312139511108398,0.8497763165786025,0.51951348027937,-0.013213867457021446,-0.46313633197732396,0.008329127224590999,-0.18066808982758534,-0.32762412093043203,0.016934048866361223,-0.14852865197982448,0.015354129512440907,-0.00039680778249270317
500,8,774,7.312139511108398,0.8497770295245085,0.5195130566566681,-0.013213870518677917,-0.4631363772692262,0.008329127895100923,-0.18066676125061124,-0.3276228925557816,0.016933986045135352,-0.14852865197982448,0.015354129512440907,-0.00039680778249270317
500,8,775,7.312139511108398,0.8497761158392774,0.5195136818796161,-0.013213847556254385,-0.4631363772692262,0.008329127895100923,-0.18066855281653085,-0.3276245303886488,0.016934070908896613,-0.14852865197982448,0.015354129512440907,-0.00039680778249270317
500,8,776,7.312139511108398,0.849777437283567,0.5195128083007967,-0.013213853679567327,-0.46313642256112847,0.008329128565610844,-0.18066593592249097,-0.3276221853097708,0.016933947470698416,-0.14852865197982448,0.015354128493437423,-0.000396807722150621
500,8,777,7.312139511108398,0.8497753683488046,0.5195142417282701,-0.013213812347204971,-0.46313642256112847,0.008329128565610844,-0.18067004243313817,-0.32762590765719624,0.01693414144500987,-0.14852865197982448,0.015354130531444393,-0.0003968078126637443
500,8,778,7.312139511108398,0.8497784682083004,0.5195120858290596,-0.013213838371284974,-0.46313642256112847,0.00832913057714061,-0.1806638826671674,-0.32762032413605807,0.01693385158566946,-0.14852863477180026,0.015354128493437423,-0.000396807722150621
500,8,779,7.312139511108398,0.8497739660000826,0.5195151757052974,-0.013213772545670853,-0.4631363772692262,0.008329129906630688,-0.18067282036681123,-0.32762840162997126,0.016934272598095455,-0.1485286691878487,0.01535413358845485,-0.00039680784283478536
500,8,780,7.312139511108398,0.8497805289734868,0.5195106872570115,-0.01321386286453674,-0.46313642256112847,0.008329133929690223,-0.18065987680629098,-0.32761663901210686,0.016933663121991856,-0.14852863477180026,0.015354128493437423,-0.000396807722150621
500,8,781,7.312139511108398,0.8497708960202187,0.5195172359556375,-0.01321378019981203,-0.46313633197732396,0.008329131247650534,-0.18067881909314878,-0.3276338734806867,0.016934555844675247,-0.14852868639587294,0.015354135626461821,-0.0003968079333479086
500,8,782,7.312139511108398,0.8497854363657358,0.5195072965265985,-0.013213989923280278,-0.46313642256112847,0.008329137952749756,-0.18065017416838933,-0.32760781704870856,0.016933205739382465,-0.14852861756377603,0.01535412441742348,-0.00039680757129541554
500,8,783,7.312139511108398,0.8497627870300017,0.5195226638682041,-0.013213781730640264,-0.46313619610161727,0.008329129236120766,-0.18069466136706705,-0.3276483161886974,0.016935299780244738,-0.14852873801994562,0.015354139702475764,-0.0003968080238610319
500,8,784,7.312139511108398,0.8497988159861295,0.5194981071992509,-0.013214262410706177,-0.4631364678530307,0.008329143987339057,-0.18062378379849497,-0.32758380790781444,0.016931963642513103,-0.14852854873167914,0.015354116265395594,-0.00039680732992708684
500,8,785,7.312139511108398,0.8497400525408448,0.5195381301425518,-0.013213619462847314,-0.4631359696421061,0.008329119848981855,-0.18073939012519463,-0.3276890014460575,0.01693740814875502,-0.14852889289216364,0.01535415702553502,-0.00039680853676873044
500,8,786,7.312139511108398,0.8498388949627653,0.5194708693003461,-0.013214867087859156,-0.4631368301882485,0.008329158738557345,-0.18054497502798666,-0.32751211549640036,0.016928254985933335,-0.14852834223538844,0.015354091809311937,-0.0003968066058221007
500,8,787,7.312139511108398,0.8496708436987959,0.5195853730351252,-0.013212955083393154,-0.4631354261392793,0.00832908900552543,-0.18087566991480922,-0.3278129928387991,0.01694382473080774,-0.1485292714686966,0.015354205937702333,-0.00039680998497870274
500,8,788,7.312139511108398,0.8499572112106332,0.5193906395355853,-0.013216540283120436,-0.4631379624858044,0.00832920165119237,-0.18031257470729234,-0.3273006489391608,0.01691731307136456,-0.1485276539144194,0.015354012327040055,-0.00039680428265193675
500,8,789,7.312139511108398,0.8494703313623583,0.5197225106585489,-0.013210772122329488,-0.4631337956307989,0.008329001168725614,-0.18127092156459987,-0.32817253437662297,0.016962433039185987,-0.1485303555742228,0.015354341465165929,-0.00039681411841133206
500,8,790,7.312139511108398,0.8502952202110835,0.5191621355070133,-0.01322100877073954,-0.46314099704325407,0.008329334412156978,-0.17964973557694824,-0.32669736809191874,0.01688609312636157,-0.1485256921996577,0.015353774899227892,-0.00039679728297040395
500,8,791,7.312140464782715,0.8489278942642371,0.5200953413167435,-0.013204241609077317,-0.4631289493972599,0.008328765819742902,-0.1823426403236961,-0.3291474171673472,0.017012886198445595,-0.14853345301858342,0.015354718496455628,-0.00039682534203861744
500,8,792,7.312141418457031,0.851088713891435,0.5186317907350776,-0.013232142484495526,-0.46314860608282926,0.008329684418336397,-0.178101842752367,-0.3252875662280054,0.01681312792570572,-0.14852066745658382,0.015353165535143458,-0.00039677921051679116
500,8,793,7.312143325805664,0.8481120497151617,0.5206597851037204,-0.013191299987175333,-0.4631193928058886,0.008328313225545376,-0.18395939772143413,-0.33061878665767747,0.01708905858800103,-0.14853951024311082,0.015355452178965315,-0.0003968471557013254
500,8,794,7.312142372131348,0.8512685376436362,0.5185173746553035,-0.013239540977357165,-0.4631534976082705,0.0083299103801802,-0.17775969392163152,-0.32497284175318397,0.01679679220272643,-0.14851705377149643,0.015352730420655073,-0.0003967664481664102
500,8,795,7.312139511108398,0.8492729812414254,0.5198556139747977,-0.01320714252858338,-0.4631304440300336,0.008328827506655749,-0.18165794006314204,-0.3285251151247612,0.01698069197337826,-0.14853199033652426,0.01535453915184215,-0.00039682000176434457
500,8,796,7.312139987945557,0.8490694900054415,0.5199946347803136,-0.0132036828567714,-0.463127998267313,0.0083287115084392,-0.18205882810009547,-0.3288902029602489,0.016999589038970146,-0.14853353905870456,0.015354724610476543,-0.0003968254023806996
500,8,797,7.312141418457031,0.8510777967788943,0.5186437565669451,-0.013236848250491115,-0.4631515953483767,0.008329815167771239,-0.17813054806698894,-0.3253105331116204,0.016814259809898122,-0.14851818950109533,0.015352858815094269,-0.00039677000834925874
500,8,798,7.312140464782715,0.8489739183659317,0.5200584392683328,-0.013200148174375885,-0.46312573367220133,0.00832860221532187,-0.1822447684866051,-0.32906057480191153,0.017008415972268022,-0.1485352426531029,0.015354918221138821,-0.000396830893510178
500,8,799,7.312139987945557,0.8494617333075263,0.5197258252124214,-0.013208661110192886,-0.4631318933709051,0.00832888986407852,-0.18128458980346965,-0.3281859720508288,0.016963126276924076,-0.14853130201555523,0.015354436232490096,-0.00039681650192357814
500,8,800,7.312140464782715,0.8508262909862181,0.5188107488252138,-0.013232601732966143,-0.4631490137099494,0.008329693134965387,-0.17861936374368192,-0.32575628421581754,0.016837321812552396,-0.14852015121585704,0.015353084014864604,-0.0003967763744389287
500,8,801,7.312140464782715,0.8490461741671763,0.5200083487275425,-0.013200377798611194,-0.46312627717502813,0.008328627024188994,-0.18210104061395394,-0.3289303298654952,0.017001665445804108,-0.14853520823705443,0.015354900898079565,-0.00039683004872102746
500,8,802,7.312139511108398,0.8495286347695284,0.5196803231444685,-0.013209405092715286,-0.4631327086251453,0.008328930765183777,-0.18115279899363113,-0.32806618691067796,0.01695691799683081,-0.14853099227111916,0.01535439037733324,-0.00039681493302944147
500,8,803,7.312140464782715,0.8506677220453227,0.5189168887888502,-0.013230495313314248,-0.46314770024478463,0.008329634130092228,-0.17892872087910247,-0.326038103139398,0.01685190294971445,-0.1485212009053348,0.015353204257275913,-0.000396779844108654
500,8,804,7.312139987945557,0.8492117332906625,0.5198956006735206,-0.013203597130390217,-0.463128587062042,0.008328741010875778,-0.181775297695853,-0.32863354710526443,0.01698629959438208,-0.14853381438709218,0.015354730724497457,-0.0003968250101571655
500,8,805,7.312139511108398,0.8494739544526385,0.5197177483981799,-0.013208927474305843,-0.46313225570612293,0.008328915343455565,-0.18126049424834872,-0.32816427076533844,0.016961996596985215,-0.1485314224717248,0.015354443365514496,-0.0003968165320946192
500,8,806,7.312139511108398,0.850548890861792,0.5189966521147737,-0.013229503336617715,-0.4631467038229355,0.008329595240516737,-0.17916094003020944,-0.32624953247316335,0.016862850374917075,-0.14852190643432805,0.015353292910579167,-0.0003967825595023521
500,8,807,7.312139987945557,0.8494045409514314,0.5197648510452186,-0.013208013569849316,-0.4631313498680783,0.008328877794899919,-0.18139675390800916,-0.3282884854989256,0.01696843522157333,-0.14853205916862117,0.015354521828782892,-0.0003968189457779064
500,8,808,7.312139511108398,0.84939324879145,0.519772662429765,-0.013208051840555202,-0.463131304576176,0.008328877124389997,-0.18141907802716464,-0.3283088095158685,0.016969487752638315,-0.14853214520874228,0.015354533037821236,-0.0003968192776593584
500,8,809,7.312139987945557,0.8504279418825109,0.5190775593454194,-0.013228088851328215,-0.4631454356496729,0.008329541599722956,-0.17939670205324726,-0.32646457248393135,0.016873984059543764,-0.1485228700836847,0.015353413152990478,-0.0003967861498562418
500,8,810,7.312139511108398,0.8495992385826459,0.5196331977142126,-0.013212203446729577,-0.46313411267411453,0.008329011896884371,-0.18101484841782184,-0.32794048323812064,0.016950412142509752,-0.14853042440631972,0.015354324142106671,-0.00039681309259593497
500,8,811,7.312139987945557,0.8493347352618482,0.5198122501037146,-0.013207223662479856,-0.4631304440300336,0.008328842928383961,-0.1815336174662942,-0.3284134447019978,0.0169749080120913,-0.14853286794575976,0.015354618634114033,-0.00039682181202680994
500,8,812,7.312139987945557,0.8502895389345541,0.5191697778460531,-0.013225931914344551,-0.4631435333897791,0.008329461138532284,-0.1796661012296745,-0.32671043353138207,0.01688671693011317,-0.14852421230957427,0.015353573136537728,-0.00039679082636761073
500,8,813,7.312139511108398,0.8497740323432,0.519515091429918,-0.013215934075139222,-0.46313633197732396,0.008329125883571155,-0.18067229698800327,-0.32762825273607427,0.016934246147052984,-0.14852896172426056,0.015354145816496679,-0.00039680778249270317
500,8,814,7.312139511108398,0.8493190583490868,0.5198225108308313,-0.01320702312398102,-0.46312994581910905,0.008328827506655749,-0.18156393317724837,-0.3284412134137916,0.016976348491779193,-0.14853312606612315,0.015354652261229059,-0.0003968227775001248
500,8,815,7.312139511108398,0.8501372377498577,0.5192712776043268,-0.013223124375360848,-0.46314126879466744,0.00832935855051418,-0.17996275636402462,-0.3269810854126862,0.016900732676242414,-0.14852558895151233,0.01535374229111635,-0.0003967958951025138
500,8,816,7.312139511108398,0.8499115590684642,0.5194224724391087,-0.013218701812588806,-0.4631380983615111,0.008329207685781671,-0.18040336080052158,-0.3273829128172631,0.016921546340286666,-0.14852763670639518,0.01535398990896337,-0.00039680328700758083
500,8,817,7.312139987945557,0.8493495790942296,0.5198016364004844,-0.013207638516931646,-0.4631302175705224,0.008328835552774817,-0.18150398617378125,-0.3283864576831633,0.016973517128108042,-0.1485327646976144,0.015354612520093118,-0.0003968217215136867
500,8,818,7.312139511108398,0.8499849984569681,0.5193732444601924,-0.0132202112092289,-0.46313914007526247,0.008329249927906773,-0.18026009591681594,-0.32725210952873296,0.016914773771287358,-0.14852682792925656,0.015353898198649659,-0.0003968006319559649
500,8,819,7.312139511108398,0.8500029510766388,0.5193612551686456,-0.01322050359742186,-0.46313941182667584,0.00832925797402584,-0.1802251704463608,-0.32722017178782264,0.01691312278538647,-0.14852660422494163,0.015353874761569488,-0.0003968000285351431
500,8,820,7.312139511108398,0.8494171461213805,0.5197559132636931,-0.013208771329825834,-0.46313121399237156,0.00832886907827093,-0.181371571335364,-0.32826563028573336,0.016967263660817224,-0.1485320247525727,0.015354529980810779,-0.00039681942851456386
500,8,821,7.312139511108398,0.8498481654731165,0.5194652179250484,-0.013217204662574596,-0.4631373283991731,0.008329150692438279,-0.1805276028775528,-0.32749603495552243,0.01692740855257427,-0.14852803249095237,0.015354045954155082,-0.0003968050972700462
500,8,822,7.312139511108398,0.8500463955689423,0.5193323951101719,-0.013221053164758365,-0.46314022708091607,0.008329280771363197,-0.18014058437901065,-0.32714300752569314,0.01690912647371983,-0.148526174024336,0.015353823811395205,-0.0003967985199830886
500,8,823,7.312139511108398,0.8495085362711693,0.5196943924822048,-0.013210230209134161,-0.4631327539170475,0.008328926071614322,-0.1811926160429454,-0.32810247979807605,0.016958814757001325,-0.1485312159754341,0.015354431137472669,-0.00039681650192357814
500,8,824,7.312139511108398,0.8497393799854126,0.5195387633190877,-0.01321472931331797,-0.4631361055178128,0.008329079618386519,-0.18074061805239794,-0.3276903414911307,0.016937470969980887,-0.14852908218043012,0.015354173329590791,-0.0003968088686501824
500,8,825,7.312139511108398,0.8500473761204735,0.5193319746339854,-0.013220725567515992,-0.4631404535404272,0.008329285464932654,-0.18013879281309103,-0.3271414441397744,0.01690904601846565,-0.14852620844038444,0.015353827887409147,-0.00039679867083829406
500,8,826,7.312139511108398,0.8496052896887323,0.5196291776684334,-0.013211773283995433,-0.4631342485498212,0.00832899647515616,-0.18100311265455074,-0.3279297256540611,0.0169498698961391,-0.14853033836619858,0.015354328218120614,-0.00039681345464842805
500,8,827,7.312139511108398,0.8496646668520693,0.5195890917288785,-0.01321291987434374,-0.46313506380406144,0.00832904139932095,-0.18088680177945574,-0.32782367597591017,0.016944379100572858,-0.14852978770942338,0.01535426096389056,-0.0003968115237017983
500,8,828,7.312139511108398,0.8500173593973541,0.5193519989908464,-0.013219901981925351,-0.46313995532950264,0.008329280771363197,-0.1801973508497216,-0.32719482260185534,0.016911814560910933,-0.1485265009767963,0.015353864571534632,-0.0003967997871668144
500,8,829,7.312139511108398,0.8496940921856109,0.5195690210528051,-0.01321334850624965,-0.4631352902635726,0.008329071572267453,-0.18082902881103713,-0.32777096753636586,0.016941652438944823,-0.14852949517301153,0.015354228355779018,-0.0003968105883995245
500,8,830,7.312139511108398,0.8496235710920021,0.5196164609929295,-0.013211811554701318,-0.463134203257919,0.00832902933014235,-0.18096705990666304,-0.3278967828793459,0.01694816931453358,-0.14853011466188365,0.015354305800043929,-0.00039681288139864734
500,8,831,7.312139511108398,0.8499686918882559,0.5193842139757255,-0.013218632925318214,-0.46313895890765355,0.008329262667595295,-0.1802921226738731,-0.32728118106212567,0.016916290297722354,-0.1485268451372808,0.015353913483701943,-0.0003968013560609511
500,8,832,7.312139511108398,0.8497663629191641,0.5195199860949601,-0.013214487442456778,-0.46313601493400836,0.008329131247650534,-0.1806874347135262,-0.3276417276337544,0.016934963631580004,-0.14852870360389717,0.01535414072147925,-0.0003968081143741552
500,8,833,7.312139511108398,0.8496112890314074,0.5196243998615944,-0.013211239024941283,-0.46313375033889664,0.00832902933014235,-0.18099093403228828,-0.327918446941362,0.016949297892345668,-0.14853013186990788,0.015354313952071815,-0.0003968133339642637
500,8,834,7.312139511108398,0.8499132370919438,0.5194211214841192,-0.013217226094169891,-0.4631379624858044,0.00832923115362895,-0.18040024065762789,-0.3273797488219515,0.016921400859553078,-0.14852727533788643,0.015353972585904114,-0.00039680328700758083
500,8,835,7.312139511108398,0.8498198152718531,0.5194838433114857,-0.01321532021301683,-0.4631366037287374,0.00832916879620618,-0.18058283947174814,-0.32754624942229166,0.016930025001525344,-0.14852815294712193,0.015354078562266624,-0.00039680642479585413
500,8,836,7.312139511108398,0.8496198402194625,0.5196185457327906,-0.01321129260392952,-0.4631337956307989,0.008329034023711806,-0.18097416578047898,-0.32790311086996915,0.016948507667451852,-0.14853002862176254,0.015354305800043929,-0.00039681321328009935
500,8,837,7.312139511108398,0.849859296008628,0.5194574056360043,-0.013216134613638058,-0.46313723781536864,0.008329191593543537,-0.18050574174734282,-0.327475934279425,0.01692638688105883,-0.14852777437058898,0.015354035764120226,-0.0003968052179542105
500,8,838,7.312139511108398,0.8498529521905506,0.5194617733116533,-0.013216159106889825,-0.46313723781536864,0.008329184888444315,-0.18051818205900927,-0.3274873246625469,0.01692697541675381,-0.14852786041071012,0.015354044935151596,-0.00039680548949358035
500,8,839,7.312139511108398,0.8496422333396852,0.5196037870478951,-0.013212166706851929,-0.46313438442552796,0.008329042069830872,-0.18093056429978396,-0.3278633934229397,0.016946454405280052,-0.14852983933349606,0.015354285419974216,-0.00039681264003031864
500,8,840,7.312139511108398,0.8498134313115072,0.5194887220558767,-0.013215833040475687,-0.46313696606395527,0.00832915404498789,-0.18059576290231424,-0.3275580864871046,0.01693064219251633,-0.1485282561952673,0.015354093847318909,-0.00039680696787459377
500,8,841,7.312139511108398,0.8498696490532909,0.5194511631080222,-0.013217141898616945,-0.4631379171939021,0.008329188911503848,-0.18048607478213552,-0.3274580297883086,0.016925461094572353,-0.14852773995454052,0.015354030669102797,-0.0003968050972700462
500,8,842,7.312139511108398,0.8496702433676276,0.5195854499846341,-0.013213380653642592,-0.46313519967976813,0.008329054809519395,-0.18087613290375473,-0.3278138117552327,0.0169438842456533,-0.14852963283720536,0.01535425892588359,-0.00039681173489908593
500,8,843,7.312139511108398,0.8497770315204051,0.5195136379761096,-0.013215704450903913,-0.4631367848963463,0.008329125213061233,-0.18066726449946507,-0.32762333923747267,0.016934016904684903,-0.14852863477180026,0.015354135626461821,-0.00039680808420311406
500,8,844,7.312139511108398,0.8498724729980353,0.5194495181077528,-0.01321773126748757,-0.4631381436534133,0.008329188240993926,-0.18048074034428502,-0.3274531907366555,0.0169252054011618,-0.14852773995454052,0.015354026593088854,-0.0003968048257306764
500,8,845,7.312139511108398,0.849700276051561,0.5195653119516033,-0.013214420086014422,-0.4631356978906927,0.008329074254307142,-0.18081741382749097,-0.3277602843992548,0.016941106886193862,-0.14852935750881774,0.015354220203751132,-0.00039681055822848345
500,8,846,7.312139511108398,0.8497514743364291,0.5195307993287285,-0.01321547329584037,-0.4631363772692262,0.0083291091208231,-0.1807172471756265,-0.32766890076996014,0.01693637325171835,-0.14852887568413942,0.015354160082545478,-0.00039680871779497695
500,8,847,7.312139511108398,0.8498655603807238,0.5194539195412503,-0.013217705243407568,-0.4631378719019999,0.008329185558954236,-0.18049400598407173,-0.3274653255892625,0.016925828102786634,-0.1485277915786132,0.015354029650099311,-0.00039680485590171745
500,8,848,7.312139987945557,0.8497275884445314,0.5195465484937851,-0.01321496506086622,-0.46313578847449716,0.008329094369604809,-0.1807636869798571,-0.3277112610836617,0.016938564279736352,-0.14852908218043012,0.015354184538629134,-0.0003968094418999631
500,8,849,7.312139511108398,0.8497355963089203,0.5195410048935478,-0.013215096712094464,-0.46313578847449716,0.00832910040419411,-0.18074788496584712,-0.3276968555991252,0.01693781703778655,-0.148528996140309,0.015354175367597762,-0.0003968091401895522
500,8,850,7.312139511108398,0.8498537256602465,0.519461400135733,-0.013217357745398135,-0.4631373283991731,0.008329180194874858,-0.18051675283226443,-0.32748605906442224,0.016926901574260245,-0.1485279120347828,0.015354040859137654,-0.00039680518778316946
500,8,851,7.312139511108398,0.8497510236131557,0.5195303512231171,-0.01321525744905918,-0.46313578847449716,0.00832911247337271,-0.1807174686051222,-0.3276691241108056,0.016936383170859274,-0.14852889289216364,0.015354160082545478,-0.00039680865745289476
500,8,852,7.312139511108398,0.8497277539154655,0.5195459039985425,-0.013214665018532084,-0.46313538084737704,0.008329096381134576,-0.18076286165173683,-0.32771055383765085,0.016938526807426184,-0.1485291338045028,0.015354188614643077,-0.0003968095324130864
500,8,853,7.312139511108398,0.8498391965680081,0.5194708328889567,-0.013216736229134567,-0.46313687548015076,0.008329169466716102,-0.1805448341183076,-0.3275117060381835,0.016928231841271173,-0.14852808411502505,0.015354064296217823,-0.00039680588171711454
500,8,854,7.312139511108398,0.8497700132060572,0.5195173814945387,-0.013215222240009766,-0.4631359243502039,0.008329121190001698,-0.1806801275401687,-0.32763510185533706,0.016934623074408194,-0.14852873801994562,0.015354143778489707,-0.0003968082652293606
500,8,855,7.312139511108398,0.8497259849160417,0.5195470566161017,-0.013214147598588523,-0.4631353355554748,0.00832908900552543,-0.1807662837439428,-0.32771368060948824,0.016938694330695166,-0.14852916822055126,0.015354195747667476,-0.0003968098341234973
500,8,856,7.312139511108398,0.8498243712848554,0.5194809363677084,-0.013215946321765105,-0.4631367848963463,0.008329152033458123,-0.18057396216196675,-0.32753824637532697,0.016929611703986738,-0.14852820457119462,0.015354084676287539,-0.00039680657565105957
500,8,857,7.312139511108398,0.849783829574151,0.5195082812185331,-0.013214991084946223,-0.4631362866854217,0.008329123201531466,-0.18065329431128302,-0.3276106088092776,0.01693336003713021,-0.14852858314772757,0.015354130531444393,-0.0003968079936899908
500,8,858,7.312139987945557,0.8497282886163353,0.5195457185979405,-0.013213758768216734,-0.463135562014986,0.00832908565297582,-0.1807619759337541,-0.32770973492121724,0.016938493743623096,-0.14852908218043012,0.015354193709660506,-0.00039680992463662055
500,8,859,7.312139511108398,0.8498106943186231,0.5194903636520181,-0.013215304904734477,-0.4631367848963463,0.008329140634789445,-0.1806009363005315,-0.3275628138683349,0.016930889068912724,-0.14852829061131576,0.015354098942336337,-0.0003968071489008403
500,8,860,7.312139511108398,0.8497929443851446,0.519502377957446,-0.013214851779576802,-0.4631366037287374,0.008329129906630688,-0.1806357208613076,-0.3275945282683997,0.016932532339926226,-0.14852842827550955,0.01535411728439908,-0.0003968077523216621
500,8,861,7.312139511108398,0.849733115802202,0.5195427278953426,-0.013213578130484958,-0.4631358337663994,0.00832909168756512,-0.1807528369345687,-0.3277013224160358,0.016938062812056173,-0.14852896172426056,0.015354184538629134,-0.00039680974361037404
500,8,862,7.312139511108398,0.8497990141763293,0.5194984312796632,-0.013214819632183858,-0.4631367848963463,0.008329138623259678,-0.18062404548789895,-0.32758380790781444,0.016931979072287877,-0.1485283250273642,0.015354107094364224,-0.0003968074807822923
500,8,863,7.312139511108398,0.8497979907813644,0.519499118087786,-0.013214735436630912,-0.4631367848963463,0.008329140634789445,-0.18062601822340593,-0.3275856318580529,0.016932071650936527,-0.1485283250273642,0.015354108113367708,-0.0003968074807822923
500,8,864,7.312139511108398,0.8497394095726287,0.5195385714227674,-0.013213501589073189,-0.4631359696421061,0.008329104427253643,-0.18074065831230626,-0.3276901553737594,0.016937486399755664,-0.14852889289216364,0.015354175367597762,-0.0003968094418999631
500,8,865,7.312139511108398,0.8497893217048583,0.5195049318052896,-0.013214441517609718,-0.4631366490206396,0.008329140634789445,-0.18064294751484847,-0.3276010795998685,0.0169328706928445,-0.14852842827550955,0.015354119322406051,-0.00039680778249270317
500,8,866,7.312139511108398,0.8498000554666415,0.5194976777097505,-0.0132146527719062,-0.4631367848963463,0.008329151362948201,-0.18062187145285044,-0.32758190951062743,0.0169318765744983,-0.14852835944341264,0.015354109132371193,-0.0003968074506112512
500,8,867,7.312139511108398,0.8497459516539801,0.5195340983485784,-0.013213591907939077,-0.46313601493400836,0.008329117837452087,-0.18072773488174015,-0.32767842997936925,0.016936875821525293,-0.14852889289216364,0.015354172310587305,-0.00039680929104475766
500,8,868,7.31213903427124,0.8497821188125746,0.5195096747565361,-0.01321433435963324,-0.4631364678530307,0.008329143987339057,-0.18065689757307637,-0.32761384725153775,0.0169335308667795,-0.14852854873167914,0.015354130531444393,-0.000396808054032073
500,8,869,7.312139511108398,0.8498001913716036,0.519497418353451,-0.013214744621600324,-0.4631366490206396,0.008329157397537501,-0.1806214688537674,-0.3275815372758849,0.01693185783834322,-0.14852835944341264,0.015354110151374679,-0.0003968074807822923
500,8,870,7.312139987945557,0.8497520187373012,0.51952976326269,-0.013213852148739092,-0.4631359243502039,0.008329125213061233,-0.18071559651938598,-0.32766741183098996,0.01693630381773186,-0.14852882406006673,0.01535416415855942,-0.00039680904967642896
500,8,871,7.312139511108398,0.8497768814072164,0.5195129591785043,-0.01321437416116736,-0.46313619610161727,0.008329139964279522,-0.18066696255015277,-0.3276230042262044,0.016934006985543978,-0.14852858314772757,0.015354136645465307,-0.00039680823505831956
500,8,872,7.312139511108398,0.8497989624837494,0.5194980579389995,-0.013214811978042681,-0.4631364678530307,0.008329152033458123,-0.18062374353858668,-0.3275835845669689,0.01693196694889341,-0.14852837665143687,0.015354111170378165,-0.00039680751095333335
500,8,873,7.312139511108398,0.8497577669461956,0.5195257732659688,-0.01321399910824969,-0.4631358790583016,0.008329121190001698,-0.1807043237450604,-0.3276570637051472,0.016935771490502138,-0.14852877243599408,0.015354158044538506,-0.0003968089289922646
500,8,874,7.312139511108398,0.8497734358959019,0.5195151757130088,-0.013214300681412062,-0.4631360602259106,0.008329127224590999,-0.18067364569493152,-0.3276290716525079,0.016934323295926857,-0.1485286003557518,0.01535414072147925,-0.00039680841608456607
500,8,875,7.312139511108398,0.8497970939708803,0.5194992409853588,-0.013214743090772089,-0.4631363772692262,0.008329138623259678,-0.18062736693033418,-0.3275868602327033,0.016932139982796243,-0.14852837665143687,0.015354114227388622,-0.0003968076919795799
500,8,876,7.312139511108398,0.8497624848699818,0.5195225546339279,-0.013214020539844985,-0.4631359243502039,0.008329111802862789,-0.18069506396615012,-0.3276486139764914,0.016935338354681674,-0.14852868639587294,0.015354153968524563,-0.0003968089289922646
500,8,877,7.312139511108398,0.8497712441778312,0.5195167452199081,-0.013214141475275581,-0.4631361055178128,0.0083291151554124,-0.18067803402493682,-0.32763305456425307,0.016934534904266624,-0.1485286003557518,0.015354144797493193,-0.00039680865745289476
500,8,878,7.312139511108398,0.8497953193385233,0.5195005776896161,-0.013214559391383843,-0.4631364678530307,0.008329129906630688,-0.18063099032208169,-0.32759013589843766,0.016932311914572302,-0.14852835944341264,0.01535411728439908,-0.00039680790317686755
500,8,879,7.312139511108398,0.8497662683079414,0.5195201680947081,-0.013213956245059099,-0.4631361055178128,0.008329110461842943,-0.18068781718265509,-0.32764198819807416,0.016934997797509864,-0.14852863477180026,0.015354150911514106,-0.0003968088686501824
500,8,880,7.312139987945557,0.8497697965882122,0.5195178459685807,-0.013213989923280278,-0.46313619610161727,0.008329113143882632,-0.1806809931281973,-0.3276357346543994,0.016934674874366364,-0.14852856593970337,0.015354144797493193,-0.00039680877813705914
500,8,881,7.312139987945557,0.8497928614085806,0.5195023385844537,-0.013214401716075597,-0.4631365131449329,0.008329129906630688,-0.18063594229080326,-0.32759460271534824,0.01693254666757423,-0.14852834223538844,0.015354116265395594,-0.0003968079333479086
500,8,882,7.312139511108398,0.8497694298834044,0.5195181133921185,-0.013213921036009685,-0.46313619610161727,0.008329117166942165,-0.18068177819640924,-0.327636404676936,0.016934710142422992,-0.14852854873167914,0.015354141740482736,-0.0003968086876239359
500,8,883,7.312139987945557,0.8497692636450784,0.5195182269371281,-0.013213878172819094,-0.46313619610161727,0.008329119848981855,-0.18068212040562984,-0.32763670246473003,0.016934726674324538,-0.14852853152365492,0.015354141740482736,-0.0003968086272818537
500,8,884,7.312139511108398,0.8497904330450592,0.5195039552457569,-0.013214236386626175,-0.4631364678530307,0.00832913661172991,-0.18064071308993748,-0.3275989206383617,0.016932770399308465,-0.1485283250273642,0.015354116265395594,-0.00039680796351894974
500,8,885,7.312139511108398,0.8497719612822966,0.5195163768475926,-0.013213856741223799,-0.46313619610161727,0.008329127224590999,-0.18067682622768766,-0.32763186341307693,0.016934474287294294,-0.14852853152365492,0.015354138683472279,-0.00039680853676873044
500,8,886,7.312139511108398,0.8497693126860729,0.5195181146342872,-0.013213784792296734,-0.46313615080971504,0.008329127895100923,-0.18068187884618,-0.327636553570833,0.01693471565305684,-0.14852858314772757,0.015354143778489707,-0.00039680865745289476
500,8,887,7.312139511108398,0.8497880136307556,0.5195054901293671,-0.01321411545119558,-0.4631363772692262,0.00832914197580929,-0.18064526245957604,-0.32760316411442675,0.01693298641615531,-0.14852842827550955,0.01535412441742348,-0.00039680808420311406
500,8,888,7.312139511108398,0.8497737586405982,0.5195150293193685,-0.013213850617910857,-0.46313615080971504,0.008329133929690223,-0.18067304179630692,-0.3276285505238683,0.016934299049137926,-0.14852858314772757,0.015354141740482736,-0.0003968085669397715
500,8,889,7.312139511108398,0.8497696852729608,0.5195177606630249,-0.013213793977266148,-0.4631360602259106,0.008329131918160456,-0.18068105351805974,-0.32763580910134793,0.016934675976493136,-0.14852863477180026,0.01535414785450365,-0.0003968086876239359
500,8,890,7.312139511108398,0.8497861964168071,0.5195066127693712,-0.013214127697821463,-0.4631362866854217,0.008329142646319211,-0.18064866442182786,-0.3276063281097384,0.016933147326663674,-0.14852847989958223,0.015354128493437423,-0.0003968081143741552
500,8,891,7.312139511108398,0.8497748653246667,0.5195142862286917,-0.013213943998433215,-0.46313615080971504,0.008329134600200145,-0.18067090802116673,-0.3276265776797328,0.01693419655134835,-0.14852858314772757,0.015354139702475764,-0.00039680847642664825
500,8,892,7.312139511108398,0.8497702254803849,0.5195174398705747,-0.013213895011929683,-0.4631361055178128,0.00832913057714061,-0.18068002689039794,-0.3276348785144915,0.01693462527866173,-0.14852861756377603,0.015354143778489707,-0.00039680859711081263
500,8,893,7.312139511108398,0.8497847223788121,0.5195077185053875,-0.01321419811592029,-0.46313633197732396,0.008329138623259678,-0.18065172417485909,-0.32760904542335895,0.016933288398890186,-0.148528462691558,0.015354125436426965,-0.000396808054032073
500,8,894,7.312139987945557,0.849775745730551,0.5195137992042291,-0.013214051156409693,-0.4631362413935195,0.008329131247650534,-0.18066931775478864,-0.3276250887407626,0.016934118300347707,-0.14852853152365492,0.015354134607458336,-0.0003968082954004017
500,8,895,7.312139511108398,0.8497706588366242,0.5195172332914636,-0.013213968491684982,-0.46313619610161727,0.008329126554081077,-0.180679241822186,-0.3276341712684807,0.016934586704224795,-0.14852856593970337,0.015354138683472279,-0.00039680844625560713
500,8,896,7.312139511108398,0.849783464110645,0.5195086472056456,-0.01321421495503088,-0.4631363772692262,0.008329133929690223,-0.1806542806790365,-0.32761135327876273,0.016933407428581303,-0.14852844548353378,0.015354123398419994,-0.0003968080238610319
500,8,897,7.312139511108398,0.8497763562343683,0.5195134488227202,-0.013214089427115577,-0.4631362866854217,0.008329128565610844,-0.18066821060731025,-0.3276240464834835,0.016934065398262765,-0.1485285143156307,0.015354132569451364,-0.0003968082652293606
500,8,898,7.312139511108398,0.849771346879679,0.5195168170693066,-0.013213986861623806,-0.4631362413935195,0.008329124542551311,-0.18067793337516605,-0.3276329801173046,0.016934524985125696,-0.14852856593970337,0.015354138683472279,-0.00039680841608456607
500,8,899,7.31213903427124,0.8497826147970775,0.5195092331620095,-0.013214190461779114,-0.4631363772692262,0.008329131247650534,-0.18065593133527702,-0.32761287944120715,0.016933486781708716,-0.14852847989958223,0.015354128493437423,-0.0003968081143741552
500,8,900,7.312139511108398,0.8497765593070921,0.5195132992000271,-0.013214086365459107,-0.4631362866854217,0.008329127224590999,-0.18066776774831889,-0.32762367424874095,0.01693404776423445,-0.14852853152365492,0.015354136645465307,-0.00039680841608456607
500,8,901,7.312139511108398,0.8497721498228854,0.5195162034293012,-0.013214000639077924,-0.46313619610161727,0.008329124542551311,-0.18067626258897138,-0.3276314911783344,0.016934448938378595,-0.1485286003557518,0.015354141740482736,-0.0003968085669397715
500,8,902,7.312139511108398,0.8497816251557418,0.5195098305214372,-0.013214184338466172,-0.46313633197732396,0.008329131247650534,-0.18065774303115079,-0.32761459172102286,0.016933574951850286,-0.14852849710760646,0.015354131550447878,-0.0003968082652293606
500,8,903,7.312139511108398,0.8497767631536322,0.5195131027419072,-0.01321411238953911,-0.4631362413935195,0.008329129236120766,-0.18066730475937337,-0.32762326479052417,0.01693402682382583,-0.14852854873167914,0.015354137664468793,-0.00039680841608456607
500,8,904,7.312139511108398,0.8497727735933285,0.5195157303522776,-0.013214046563924987,-0.46313615080971504,0.008329127224590999,-0.18067503466176807,-0.3276303372506325,0.016934390525659804,-0.14852858314772757,0.015354141740482736,-0.00039680859711081263
500,8,905,7.312139511108398,0.849780988500298,0.5195101863030442,-0.013214208831717937,-0.4631362413935195,0.0083291332591803,-0.18065899108830827,-0.32761567120177626,0.016933633364569076,-0.14852849710760646,0.015354131550447878,-0.00039680823505831956
500,8,906,7.312139511108398,0.8497767389340273,0.5195130631857225,-0.013214146067760286,-0.46313619610161727,0.008329131918160456,-0.18066730475937337,-0.32762326479052417,0.01693402572169906,-0.14852854873167914,0.015354137664468793,-0.00039680841608456607
500,8,907,7.312139511108398,0.8497732937400195,0.5195153768440068,-0.013214083303802636,-0.46313615080971504,0.00832913057714061,-0.18067404829401457,-0.32762940666377616,0.01693434423633548,-0.14852854873167914,0.015354139702475764,-0.00039680847642664825
500,8,908,7.312139511108398,0.8497804335512161,0.5195106275708055,-0.01321421495503088,-0.4631362866854217,0.008329135941219989,-0.18066013849569496,-0.32761671345905535,0.016933686266654018,-0.14852849710760646,0.015354131550447878,-0.0003968082652293606
500,8,909,7.312139511108398,0.8497768077215698,0.5195130793953884,-0.01321413841361911,-0.4631362413935195,0.008329133929690223,-0.18066726449946507,-0.3276231903435756,0.01693402351744552,-0.1485285143156307,0.015354135626461821,-0.000396808385913525
500,8,910,7.312139511108398,0.8497734818095249,0.5195152990952177,-0.013214057279722635,-0.46313619610161727,0.008329131918160456,-0.18067372621474811,-0.3276291088759821,0.016934328806560706,-0.14852853152365492,0.015354138683472279,-0.0003968085065976893
500,8,911,7.312139511108398,0.849780180766258,0.5195107922206351,-0.013214165968527347,-0.4631362866854217,0.00832913661172991,-0.1806606417445488,-0.32761716014074643,0.01693371051344295,-0.148528462691558,0.015354129512440907,-0.0003968082652293606
500,8,912,7.312139511108398,0.8497766993943675,0.5195131430990244,-0.013214072588004989,-0.4631362413935195,0.008329134600200145,-0.18066746579900658,-0.3276233764609469,0.01693403343658645,-0.14852849710760646,0.015354134607458336,-0.000396808385913525
500,8,913,7.312139511108398,0.849773822491476,0.5195151337304886,-0.01321398533079557,-0.4631362413935195,0.008329132588670378,-0.18067314244607768,-0.3276285505238683,0.016934302355518235,-0.14852853152365492,0.015354137664468793,-0.00039680847642664825
500,8,914,7.312139511108398,0.8497798483417818,0.5195110674555157,-0.0132140817729744,-0.46313633197732396,0.008329135941219989,-0.18066130603303582,-0.32761779293980875,0.01693374247511927,-0.14852847989958223,0.015354130531444393,-0.0003968082954004017
500,8,915,7.312139511108398,0.8497766381887387,0.5195132356587504,-0.013213994515764984,-0.4631362866854217,0.0083291332591803,-0.18066760670868567,-0.32762352535484396,0.016934040049347066,-0.1485285143156307,0.015354135626461821,-0.00039680841608456607
500,8,916,7.312139511108398,0.8497742163791582,0.5195148626460964,-0.013213916443524978,-0.4631362413935195,0.008329131247650534,-0.18067235737786574,-0.32762784327785743,0.0169342637810813,-0.14852854873167914,0.015354138683472279,-0.00039680847642664825
500,8,917,7.312139511108398,0.8497797998883427,0.5195110845072589,-0.01321399910824969,-0.46313633197732396,0.008329133929690223,-0.18066134629294414,-0.32761786738675724,0.016933746883626345,-0.14852849710760646,0.01535413358845485,-0.0003968083557424839
500,8,918,7.312139511108398,0.8497764719298543,0.5195133490708331,-0.013213913381868508,-0.4631362866854217,0.008329131247650534,-0.18066790865799795,-0.327623823142638,0.016934056581248608,-0.14852854873167914,0.015354138683472279,-0.00039680847642664825
500,8,919,7.312139987945557,0.8497745810187505,0.5195145918953827,-0.013213855210395564,-0.4631362413935195,0.008329129906630688,-0.18067157230965378,-0.32762717325532087,0.01693422851302467,-0.14852856593970337,0.01535414072147925,-0.00039680853676873044
500,8,920,7.312139511108398,0.8497796357230616,0.519511153199932,-0.013213948590917922,-0.4631362866854217,0.0083291332591803,-0.18066164824225642,-0.32761812795107703,0.016933760109147582,-0.1485285143156307,0.01535413358845485,-0.000396808385913525
500,8,921,7.312139987945557,0.8497763841538601,0.5195133500227911,-0.013213881234475564,-0.4631362413935195,0.008329131247650534,-0.18066802943772287,-0.32762393481306074,0.016934060989755688,-0.14852854873167914,0.015354138683472279,-0.00039680844625560713
500,8,922,7.312139987945557,0.8497748784009992,0.5195144038792117,-0.013213847556254385,-0.4631362413935195,0.00832913057714061,-0.1806710489308458,-0.3276266521266813,0.016934203164108968,-0.14852854873167914,0.015354138683472279,-0.0003968085065976893
500,8,923,7.312139511108398,0.8497793032556448,0.5195113802169367,-0.013213945529261452,-0.4631362866854217,0.008329133929690223,-0.18066231253074347,-0.3276187235266651,0.01693379096869713,-0.14852849710760646,0.01535413358845485,-0.0003968083557424839
500,8,924,7.312139511108398,0.8497763064916544,0.5195134157243266,-0.013213896542757918,-0.4631362413935195,0.008329132588670378,-0.1806682307372644,-0.3276240837069577,0.016934069806769845,-0.14852853152365492,0.015354136645465307,-0.00039680844625560713
500,8,925,7.312139511108398,0.8497751678302843,0.5195142028689318,-0.01321387970364733,-0.4631362413935195,0.008329131918160456,-0.1806704852921295,-0.3276261309980417,0.016934176713066497,-0.14852853152365492,0.015354137664468793,-0.00039680847642664825
500,8,926,7.312139511108398,0.8497790661369471,0.5195115704910741,-0.01321396543002851,-0.4631362866854217,0.008329134600200145,-0.1806628560395056,-0.3276191702083562,0.01693381521548606,-0.14852849710760646,0.015354132569451364,-0.0003968083255714428
500,8,927,7.312139987945557,0.8497762006692835,0.5195134835248975,-0.013213908789383801,-0.4631362413935195,0.0083291332591803,-0.18066845216676009,-0.327624269824329,0.01693407972591077,-0.14852849710760646,0.015354136645465307,-0.000396808385913525
500,8,928,7.312139987945557,0.8497753900102017,0.5195140363856087,-0.013213888888616741,-0.4631362413935195,0.0083291332591803,-0.180670022303184,-0.32762572153982494,0.016934153568404334,-0.1485285143156307,0.015354136645465307,-0.00039680844625560713
500,8,929,7.312139511108398,0.8497788372303415,0.5195117742126599,-0.013213947060089687,-0.46313633197732396,0.008329135941219989,-0.18066333915840527,-0.3276196168900472,0.016933838360148223,-0.14852847989958223,0.015354131550447878,-0.0003968083255714428
500,8,930,7.312139987945557,0.8497762524379329,0.5195135682337955,-0.013213872049506152,-0.46313633197732396,0.008329134600200145,-0.18066845216676009,-0.327624269824329,0.01693407972591077,-0.1485285143156307,0.015354135626461821,-0.00039680841608456607
500,8,931,7.312139987945557,0.8497755458797046,0.5195140504783068,-0.013213836840456739,-0.46313633197732396,0.008329133929690223,-0.18066982100364248,-0.32762553542245365,0.01693414585351695,-0.14852853152365492,0.015354136645465307,-0.00039680844625560713
500,8,932,7.312139511108398,0.849778689762326,0.5195119184084841,-0.01321387970364733,-0.4631363772692262,0.008329135941219989,-0.18066364110771757,-0.32761991467784124,0.01693385268779623,-0.14852847989958223,0.01535413358845485,-0.000396808385913525
500,8,933,7.312139987945557,0.849776251518926,0.519513566730562,-0.013213807754720266,-0.46313633197732396,0.008329134600200145,-0.18066845216676009,-0.327624269824329,0.01693408193016431,-0.1485285143156307,0.015354137664468793,-0.00039680844625560713
500,8,934,7.312139987945557,0.8497758684156426,0.5195138072529432,-0.0132137832614685,-0.46313633197732396,0.008329134600200145,-0.18066915671515543,-0.3276249398468656,0.016934114993967398,-0.14852849710760646,0.015354136645465307,-0.0003968085065976893
500,8,935,7.312139511108398,0.8497784559689094,0.5195121141058593,-0.013213830717143797,-0.4631363772692262,0.008329135941219989,-0.18066420474643383,-0.3276203613595323,0.01693388134309224,-0.14852847989958223,0.01535413358845485,-0.00039680841608456607
500,8,936,7.312139511108398,0.8497762228420336,0.5195135679994766,-0.013213775607327323,-0.46313633197732396,0.008329134600200145,-0.18066847229671423,-0.32762430704780326,0.01693408303229108,-0.14852849710760646,0.015354136645465307,-0.0003968085065976893
500,8,937,7.312139987945557,0.8497761865342838,0.5195136049626173,-0.01321376642235791,-0.46313633197732396,0.008329134600200145,-0.18066859307643915,-0.3276243814947518,0.01693408744079816,-0.14852847989958223,0.015354135626461821,-0.0003968085065976893
500,8,938,7.312139511108398,0.8497782690919421,0.519512242000591,-0.01321380316223556,-0.4631363772692262,0.008329135270710067,-0.18066458721556275,-0.3276206963708006,0.016933897874993786,-0.148528462691558,0.015354132569451364,-0.00039680841608456607
500,8,939,7.312139511108398,0.849776012156977,0.5195137051249795,-0.01321374958324732,-0.46313633197732396,0.008329133929690223,-0.18066889502575145,-0.32762467928254585,0.016934102870572933,-0.148528462691558,0.015354135626461821,-0.00039680853676873044
500,8,940,7.312139511108398,0.8497766508361756,0.5195133045376638,-0.013213757237388497,-0.46313633197732396,0.008329133929690223,-0.18066774761836474,-0.3276235625783182,0.01693404996848799,-0.148528462691558,0.015354134607458336,-0.00039680853676873044
500,8,941,7.312139511108398,0.849777950516107,0.5195123953547593,-0.0132137832614685,-0.46313633197732396,0.008329134600200145,-0.18066517098423318,-0.3276212174994402,0.016933928734543333,-0.14852842827550955,0.015354134607458336,-0.00039680859711081263
500,8,942,7.312139511108398,0.8497761181358582,0.5195135894044268,-0.013213740398277909,-0.4631362866854217,0.0083291332591803,-0.18066869372620992,-0.3276244559417003,0.016934096257812316,-0.14852844548353378,0.015354136645465307,-0.00039680865745289476
500,8,943,7.312139511108398,0.8497769856667688,0.5195129850533236,-0.013213752644903792,-0.4631362866854217,0.008329133929690223,-0.18066696255015277,-0.3276228925557816,0.016934015802558135,-0.14852844548353378,0.015354136645465307,-0.00039680865745289476
500,8,944,7.312139511108398,0.8497777365947112,0.5195124790269625,-0.013213760299044969,-0.4631362866854217,0.008329134600200145,-0.18066551319345378,-0.32762155251070846,0.016933948572825187,-0.14852844548353378,0.015354136645465307,-0.0003968086876239359
500,8,945,7.312139511108398,0.8497761960974394,0.5195134760617243,-0.013213715905026143,-0.4631362413935195,0.008329133929690223,-0.18066847229671423,-0.327624269824329,0.01693408744079816,-0.148528462691558,0.015354137664468793,-0.0003968087479660181
500,8,946,7.312139511108398,0.8497772623779858,0.5195127632216398,-0.01321372355916732,-0.4631362413935195,0.008329134600200145,-0.18066645930129896,-0.32762237142714207,0.016933992657895972,-0.14852842827550955,0.015354135626461821,-0.0003968086876239359
500,8,947,7.312139511108398,0.8497773634723205,0.5195126877018305,-0.013213712843369672,-0.4631362413935195,0.008329134600200145,-0.18066625800175742,-0.3276221853097708,0.016933982738755043,-0.14852841106748532,0.015354135626461821,-0.0003968086876239359
500,8,948,7.312139511108398,0.8497762954784012,0.519513349563723,-0.013213677634320258,-0.46313619610161727,0.008329133929690223,-0.1806682709971727,-0.3276240464834835,0.016934077521657234,-0.14852841106748532,0.015354135626461821,-0.0003968086876239359
500,8,949,7.312139511108398,0.8497773886706109,0.5195126325513602,-0.013213685288461435,-0.46313619610161727,0.008329133929690223,-0.18066621774184913,-0.3276221108628223,0.016933980534501507,-0.14852841106748532,0.015354135626461821,-0.00039680865745289476
500,8,950,7.312139511108398,0.8497771042920647,0.5195127936653636,-0.013213662326037904,-0.46313619610161727,0.0083291332591803,-0.18066668073079464,-0.32762259476798755,0.016934002577036898,-0.14852841106748532,0.015354134607458336,-0.00039680865745289476
500,8,951,7.312139511108398,0.8497765953648938,0.5195131655959927,-0.013213633240301432,-0.46313619610161727,0.008329132588670378,-0.18066774761836474,-0.32762352535484396,0.01693405217274153,-0.14852841106748532,0.015354135626461821,-0.0003968086876239359
500,8,952,7.312139511108398,0.8497773328790089,0.5195126857909207,-0.013213636301957902,-0.4631362413935195,0.008329132588670378,-0.18066625800175742,-0.327622222533245,0.016933983840881815,-0.14852841106748532,0.015354135626461821,-0.00039680865745289476
500,8,953,7.312139511108398,0.8497769075091033,0.5195130017081453,-0.013213617932019077,-0.4631362413935195,0.008329132588670378,-0.1806671638496943,-0.3276230042262044,0.01693402572169906,-0.14852841106748532,0.015354135626461821,-0.0003968086876239359
500,8,954,7.312139511108398,0.8497767405538501,0.519513114026618,-0.013213611808706137,-0.4631362413935195,0.008329132588670378,-0.18066748592896076,-0.3276233020139984,0.016934040049347066,-0.14852841106748532,0.015354135626461821,-0.0003968086876239359
500,8,955,7.312139511108398,0.8497772867414615,0.5195128030433303,-0.013213622524503784,-0.4631362866854217,0.0083291332591803,-0.1806664794312531,-0.32762237142714207,0.0169339915557692,-0.14852841106748532,0.015354134607458336,-0.0003968086272818537
500,8,956,7.312139511108398,0.8497768322268235,0.5195131194640049,-0.013213622524503784,-0.4631362866854217,0.0083291332591803,-0.18066738527919,-0.3276231903435756,0.016934034538713217,-0.14852841106748532,0.015354134607458336,-0.0003968086272818537
500,8,957,7.312139511108398,0.8497768697608328,0.5195130845215813,-0.013213631709473195,-0.4631362866854217,0.008329133929690223,-0.18066728462941922,-0.3276231158966271,0.016934030130206137,-0.14852841106748532,0.01535413358845485,-0.00039680865745289476
500,8,958,7.312139511108398,0.8497772454052448,0.5195128318116937,-0.01321364701775555,-0.4631362866854217,0.008329134600200145,-0.18066655995106973,-0.32762244587409056,0.01693399596427628,-0.14852841106748532,0.015354134607458336,-0.0003968086272818537
500,8,959,7.312139511108398,0.8497766809976297,0.5195132093596463,-0.013213643956099079,-0.4631362866854217,0.008329134600200145,-0.18066762683863982,-0.3276234509078954,0.016934046662107682,-0.14852842827550955,0.015354135626461821,-0.00039680865745289476
500,8,960,7.312139511108398,0.8497771228943914,0.519512872315067,-0.013213659264381433,-0.4631362866854217,0.008329135270710067,-0.1806666606008405,-0.32762263199146185,0.01693400147491013,-0.14852842827550955,0.015354137664468793,-0.00039680865745289476
500,8,961,7.312139511108398,0.8497770468982152,0.5195129407119556,-0.013213665387694374,-0.4631362866854217,0.008329135270710067,-0.18066684177042786,-0.32762278088535884,0.016934010291924286,-0.14852844548353378,0.015354138683472279,-0.00039680865745289476
500,8,962,7.312139511108398,0.8497767413640266,0.5195131635883422,-0.01321366691852261,-0.4631362866854217,0.008329135270710067,-0.18066746579900658,-0.32762333923747267,0.016934038947220294,-0.148528462691558,0.015354137664468793,-0.0003968086876239359
500,8,963,7.312139511108398,0.8497772226144911,0.5195128427238198,-0.01321368681928967,-0.4631362866854217,0.008329135270710067,-0.18066655995106973,-0.3276224830975648,0.01693399596427628,-0.14852844548353378,0.015354136645465307,-0.00039680865745289476
500,8,964,7.312139511108398,0.8497769055402096,0.519513046724126,-0.013213692942602611,-0.4631362866854217,0.008329135270710067,-0.18066714371974016,-0.32762304144967863,0.01693402241531875,-0.14852844548353378,0.015354135626461821,-0.0003968085669397715
500,8,965,7.312139511108398,0.8497767766770548,0.519513076806651,-0.013213702127572025,-0.4631362413935195,0.008329134600200145,-0.18066734501928167,-0.3276232275670499,0.016934030130206137,-0.14852844548353378,0.015354134607458336,-0.00039680853676873044
500,8,966,7.312139511108398,0.8497770578768151,0.5195129104784828,-0.013213715905026143,-0.4631362413935195,0.008329134600200145,-0.18066688203033615,-0.3276227436618846,0.016934008087670746,-0.14852842827550955,0.01535413358845485,-0.00039680847642664825
500,8,967,7.312139511108398,0.849776899013924,0.5195129878425513,-0.013213715905026143,-0.4631362413935195,0.008329133929690223,-0.18066710345983183,-0.3276230042262044,0.016934019108938443,-0.14852842827550955,0.01535413358845485,-0.00039680847642664825
500,8,968,7.312139511108398,0.8497767436552022,0.5195131191146171,-0.013213708250884965,-0.4631362413935195,0.0083291332591803,-0.18066746579900658,-0.3276233020139984,0.016934035640839985,-0.14852844548353378,0.01535413358845485,-0.00039680853676873044
500,8,969,7.312139511108398,0.8497770896542661,0.5195128660746965,-0.013213714374197907,-0.4631362413935195,0.0083291332591803,-0.1806667411206571,-0.3276226692149361,0.016934000372783357,-0.14852844548353378,0.015354132569451364,-0.00039680847642664825
500,8,970,7.312139511108398,0.8497768840687153,0.5195130115425611,-0.013213705189228495,-0.4631362413935195,0.008329132588670378,-0.18066714371974016,-0.32762304144967863,0.01693402131319198,-0.148528462691558,0.015354135626461821,-0.0003968085669397715
500,8,971,7.312139511108398,0.8497768827106814,0.5195130093061374,-0.013213699065915553,-0.4631362413935195,0.008329131918160456,-0.180667123589786,-0.32762304144967863,0.01693402131319198,-0.14852847989958223,0.015354135626461821,-0.0003968085669397715
500,8,972,7.312139511108398,0.8497770648191673,0.5195128735976495,-0.013213697535087318,-0.4631362413935195,0.008329131918160456,-0.18066672099070294,-0.32762270643841035,0.016934002577036898,-0.14852849710760646,0.015354136645465307,-0.0003968085669397715
500,8,973,7.312139511108398,0.8497768145124462,0.5195130422818873,-0.013213696004259083,-0.4631362413935195,0.008329131918160456,-0.1806672041096026,-0.3276231531201014,0.01693402351744552,-0.14852849710760646,0.015354137664468793,-0.0003968085669397715
500,8,974,7.312139511108398,0.8497769845469653,0.5195129350001503,-0.01321370672005673,-0.4631362413935195,0.008329131918160456,-0.18066688203033615,-0.32762285533230734,0.016934009189797514,-0.1485285143156307,0.015354137664468793,-0.0003968085669397715
500,8,975,7.312139511108398,0.8497770668315626,0.5195128768893628,-0.013213714374197907,-0.4631362413935195,0.008329131918160456,-0.1806667008607488,-0.32762270643841035,0.01693400147491013,-0.14852853152365492,0.015354138683472279,-0.0003968085669397715
500,8,976,7.312139511108398,0.8497767541344411,0.5195130880342458,-0.01321372355916732,-0.4631362413935195,0.008329131247650534,-0.18066730475937337,-0.32762326479052417,0.01693402902807937,-0.14852853152365492,0.015354138683472279,-0.0003968085669397715
500,8,977,7.312139511108398,0.849777193829304,0.5195127955489521,-0.013213752644903792,-0.4631362413935195,0.008329131247650534,-0.1806664794312531,-0.3276224830975648,0.016933990453642432,-0.1485285143156307,0.015354137664468793,-0.00039680853676873044
500,8,978,7.312139511108398,0.8497768351846494,0.5195130278893811,-0.01321376642235791,-0.4631362413935195,0.00832913057714061,-0.18066714371974016,-0.3276231158966271,0.01693402131319198,-0.1485285143156307,0.015354136645465307,-0.0003968085065976893
500,8,979,7.312139511108398,0.8497767993069295,0.519513065556096,-0.013213786323124971,-0.4631362413935195,0.00832913057714061,-0.18066726449946507,-0.3276231903435756,0.01693402461957229,-0.14852849710760646,0.015354135626461821,-0.00039680847642664825
500,8,980,7.312139511108398,0.8497771541768309,0.5195128270262502,-0.013213810816376736,-0.4631362413935195,0.00832913057714061,-0.18066658008102388,-0.3276225575445133,0.0169339915557692,-0.14852849710760646,0.01535413358845485,-0.00039680841608456607
500,8,981,7.312139511108398,0.8497768218106337,0.5195130541744748,-0.013213813878033208,-0.4631362413935195,0.008329129906630688,-0.18066724436951093,-0.3276231531201014,0.01693402241531875,-0.14852847989958223,0.015354132569451364,-0.000396808385913525
500,8,982,7.312139511108398,0.8497767231124066,0.5195131336133445,-0.013213810816376736,-0.4631362413935195,0.008329129906630688,-0.18066748592896076,-0.32762333923747267,0.016934035640839985,-0.148528462691558,0.015354132569451364,-0.000396808385913525
500,8,983,7.312139511108398,0.8497771524557096,0.519512824195916,-0.013213812347204971,-0.4631362413935195,0.008329129906630688,-0.18066660021097802,-0.3276225575445133,0.0169339915557692,-0.148528462691558,0.015354132569451364,-0.0003968083557424839
500,8,984,7.312139511108398,0.8497766964020638,0.5195131380990199,-0.013213793977266148,-0.4631362413935195,0.008329129906630688,-0.18066748592896076,-0.3276233764609469,0.016934034538713217,-0.14852847989958223,0.01535413358845485,-0.00039680841608456607
500,8,985,7.312139511108398,0.8497768231546804,0.5195130563729558,-0.013213786323124971,-0.4631362413935195,0.008329129906630688,-0.18066722423955675,-0.3276231531201014,0.01693402241531875,-0.1485285143156307,0.015354134607458336,-0.00039680841608456607
500,8,986,7.312139511108398,0.8497771929436432,0.5195127940701335,-0.013213781730640264,-0.4631362413935195,0.008329129906630688,-0.18066645930129896,-0.3276224830975648,0.016933987147262124,-0.14852853152365492,0.015354136645465307,-0.00039680844625560713
500,8,987,7.312139511108398,0.8497766669886527,0.5195131381632386,-0.013213763360701439,-0.4631362413935195,0.008329129906630688,-0.18066744566905243,-0.32762341368442116,0.01693403343658645,-0.14852853152365492,0.015354137664468793,-0.00039680844625560713
500,8,988,7.312139511108398,0.8497769006632347,0.5195129904499808,-0.013213764891529676,-0.4631362413935195,0.008329129906630688,-0.18066702294001524,-0.3276230042262044,0.016934012496177823,-0.14852853152365492,0.015354135626461821,-0.00039680841608456607
500,8,989,7.312139511108398,0.8497770731924286,0.5195128872487627,-0.013213771014842616,-0.4631362413935195,0.008329129906630688,-0.1806667411206571,-0.32762270643841035,0.01693399927065659,-0.1485285143156307,0.015354135626461821,-0.000396808385913525
500,8,990,7.312139511108398,0.8497766934515886,0.5195131332728762,-0.01321376948401438,-0.4631362413935195,0.008329129906630688,-0.18066744566905243,-0.3276233764609469,0.016934032334459677,-0.1485285143156307,0.015354134607458336,-0.0003968083557424839
500,8,991,7.312139511108398,0.8497769493646732,0.519512973759234,-0.013213777138155558,-0.4631362413935195,0.008329129906630688,-0.18066700281006107,-0.3276229297792559,0.016934010291924286,-0.14852849710760646,0.015354132569451364,-0.0003968083255714428
500,8,992,7.312139511108398,0.8497769450391596,0.5195129666839118,-0.013213775607327323,-0.4631362413935195,0.008329129906630688,-0.18066698268010692,-0.3276229297792559,0.016934009189797514,-0.14852849710760646,0.015354132569451364,-0.0003968082954004017
500,8,993,7.312139511108398,0.8497766485235974,0.5195131561358711,-0.013213761829873204,-0.4631362413935195,0.008329129906630688,-0.18066752618886905,-0.3276234509078954,0.01693403343658645,-0.14852849710760646,0.015354132569451364,-0.0003968082652293606
500,8,994,7.312139511108398,0.8497770323935814,0.51951291686595,-0.013213757237388497,-0.4631362413935195,0.008329129906630688,-0.18066684177042786,-0.32762278088535884,0.016934000372783357,-0.14852849710760646,0.015354130531444393,-0.00039680823505831956
500,8,995,7.312139511108398,0.8497768431870562,0.5195130409639992,-0.013213740398277909,-0.4631362413935195,0.008329129906630688,-0.18066718397964845,-0.3276231158966271,0.016934016904684903,-0.1485285143156307,0.015354132569451364,-0.0003968082652293606
500,8,996,7.312139511108398,0.8497768042950185,0.5195130737001392,-0.013213725089995555,-0.4631362413935195,0.008329129906630688,-0.18066726449946507,-0.3276231903435756,0.01693402131319198,-0.14852853152365492,0.015354134607458336,-0.0003968082954004017
500,8,997,7.312139511108398,0.8497770151456726,0.5195128886532212,-0.013213717435854378,-0.4631362413935195,0.008329129906630688,-0.18066672099070294,-0.32762278088535884,0.01693399706640305,-0.14852854873167914,0.015354135626461821,-0.0003968083557424839
500,8,998,7.312139511108398,0.8497769265814205,0.5195129846534793,-0.01321370365840026,-0.4631362413935195,0.008329129236120766,-0.18066698268010692,-0.32762296700273014,0.016934009189797514,-0.14852856593970337,0.015354136645465307,-0.0003968083557424839
500,8,999,7.312139511108398,0.84977685959825,0.519513019601681,-0.013213694473430846,-0.4631362413935195,0.008329128565610844,-0.1806670833298777,-0.3276230786731529,0.016934014700431363,-0.14852856593970337,0.015354136645465307,-0.0003968083557424839
500,8,1000,7.312139511108398,0.8497770902692419,0.5195128669601197,-0.013213694473430846,-0.4631362413935195,0.008329127895100923,-0.1806666606008405,-0.3276226692149361,0.01693399376002274,-0.14852854873167914,0.015354135626461821,-0.0003968083557424839
