checkpoint_epoch,seed,epoch,pde_loss,coefficient_error,spurious_l2,xi_u,xi_u_x,xi_u_xx,xi_u^2,xi_u*u_x,xi_u*u_xx,xi_u_x^2,xi_u_x*u_xx,xi_u_xx^2
1000,19,0,4.810110092163086,1.5535082188009992,1.5490763793360538,-0.5942860983717982,-0.5913821781627908,0.02336958021892509,1.296873269794735,-0.8827873607732362,-0.030942790320740158,0.11785778728492545,0.0004853932030569663,-0.0005948438247996008
1000,19,1,4.727124214172363,1.4620359183915685,1.4513275724608592,-0.5570688619446937,-0.6019787584583887,0.02279186306818426,1.1918972239625683,-0.8233944803168504,-0.03130116957415534,0.10976431693604688,0.0004900782759914615,-0.0006155047775459875
1000,19,2,4.650236129760742,1.3796355023143902,1.3597737948299673,-0.5199074162396033,-0.6123838358127554,0.022214655550387603,1.0919021053021565,-0.7667524031403902,-0.03164662747683679,0.10205254933766353,0.000495044029117459,-0.0006362324730212163
1000,19,3,4.579195499420166,1.3065438218337535,1.2746189210129124,-0.48284074821236767,-0.6223651686972274,0.021638314064249452,0.9970868825814918,-0.7129448128062178,-0.03198052568860643,0.09473180431145324,0.0005005470826953597,-0.0006570596857843836
1000,19,4,4.513697147369385,1.2427612932269088,1.1959234298529273,-0.4459088707913498,-0.6315725947416905,0.021063208782347506,0.9076120311295306,-0.6620330615889863,-0.032304142567744144,0.08780838988752833,0.0005068050023580648,-0.0006780324195792888
1000,19,5,4.453371524810791,1.187997858874974,1.1235587094156902,-0.4091527674194606,-0.6395325357623216,0.020489720207656967,0.8235923088664012,-0.6140537610472293,-0.03261875326862435,0.08128526766092822,0.0005139995489120967,-0.00069921050413976
1000,19,6,4.3977837562561035,1.141682719959426,1.0572094063142448,-0.3726141147642881,-0.6457212008977647,0.019918237451817648,0.7450908739280016,-0.569015432330204,-0.03292557207141767,0.07516172651419996,0.0005222921291464343,-0.0007206665010465578
1000,19,7,4.346465587615967,1.1030713975603355,0.9964633033292793,-0.33633508861518774,-0.6497340465007291,0.019349158235133952,0.6721143826864974,-0.5268964493487609,-0.033225697915698016,0.0694331860143376,0.0005318349705872428,-0.0007424832170385214
1000,19,8,4.298969745635986,1.0713951973031657,0.9409453382107612,-0.3003581975093602,-0.6514408985732336,0.018782883721376122,0.6046120093544217,-0.48764459802624327,-0.03351997342860227,0.06409125079235216,0.000542780870901235,-0.0007647497253104025
1000,19,9,4.254915237426758,1.0459425132725484,0.890386017720688,-0.2647261440869155,-0.6509877844240274,0.01821982196124608,0.5424782323730235,-0.45117825162942005,-0.033808824729557055,0.05912390296328834,0.0005552896974979117,-0.0007875554969271687
1000,19,10,4.213992595672607,1.0260525472737672,0.8445968611262564,-0.22948179736188634,-0.6486743379426887,0.01766038789237742,0.48555980038313873,-0.4173899261445549,-0.034092110846721986,0.05451597899322233,0.0005695314662885181,-0.0008109850295760805
1000,19,11,4.175951957702637,1.011086510498268,0.8034157461297331,-0.19466812339976017,-0.6448323417645366,0.017104996452403754,0.43366476218743044,-0.3861509228345879,-0.034368934686567314,0.050249813888013424,0.0005856918720493539,-0.0008351109843054523
1000,19,12,4.140590190887451,1.0004192857859688,0.7666714624255189,-0.1603281714529856,-0.6397626929911628,0.016554071187623268,0.38657288990680355,-0.3573167641446964,-0.03463756614014282,0.04630594812771308,0.000603970578000131,-0.0008599892121469459
1000,19,13,4.107737064361572,0.9934497936878384,0.7341716014810524,-0.12650507396097266,-0.6337179077040459,0.016008040809532924,0.34404499274145833,-0.33073277652422206,-0.03489532994638662,0.0426638555161933,0.0006245853778299697,-0.0008856532336663135
1000,19,14,4.07725191116333,0.9896176680623147,0.7057042291995005,-0.09324206041458606,-0.626905342155185,0.015467340916561352,0.3058323081316203,-0.3062391443496788,-0.03513863452727426,0.03930258736989813,0.0006477676915870739,-0.0009121110062678883
1000,19,15,4.049015045166016,0.9884163680345559,0.6810438241715988,-0.06058240189817117,-0.6194967931784024,0.014932413994068864,0.27168320972949017,-0.2836756700150278,-0.035363013638589826,0.03620139160833217,0.0006737683811123154,-0.0009393420396355127
1000,19,16,4.022926330566406,0.9894004798506656,0.6599577687579997,-0.02856937989444351,-0.6116380986006453,0.01440371027521391,0.24134859957669602,-0.26288553499065964,-0.03556321607927887,0.0333401394245323,0.0007028541011397293,-0.0009672954063814563
1000,19,17,3.9989013671875,0.9921872031484739,0.6422115765568194,0.0027537553089918673,-0.6034570954776695,0.013881689462685998,0.2145851459907535,-0.24371810592599505,-0.03573336268281613,0.030699662020096948,0.0007353108911819644,-0.0009958886479033194
1000,19,18,3.9768664836883545,0.9964537494197026,0.6275728347494754,0.03334395445968627,-0.5950697466723048,0.013366821589572149,0.191157025057784,-0.22603074172079263,-0.03586707447342404,0.028261974398031547,0.0007714365926610006,-0.0010250074759813707
1000,19,19,3.956754207611084,1.0019318948297216,0.6158139895419366,0.06315851491752955,-0.5865846252571031,0.012859587019356905,0.17083643663035658,-0.20969014515572076,-0.03595763286134594,0.026010365298191125,0.0008115403927957121,-0.0010545039823625724
1000,19,20,3.9384984970092773,1.0084012120741184,0.6067140657815832,0.09215531981726376,-0.578105883062569,0.012360480750254624,0.15340323022905247,-0.19457297994109712,-0.03599813343030829,0.02392943484467488,0.000855934842634203,-0.001084197136098351
1000,19,21,3.922032356262207,1.0156822174258646,0.600060018633423,0.12029312922284745,-0.5697354612981841,0.011870008971743635,0.13864389884667258,-0.1805659001001617,-0.03598167817184847,0.022005038074734327,0.0009049306117607709,-0.0011138724851419346
1000,19,22,3.9072813987731934,1.0236289324494574,0.5956467044286633,0.1475319925961386,-0.5615734063554091,0.011388691647165631,0.12635050825271468,-0.167565594043987,-0.035901529272777025,0.020224236833769116,0.0009588231470070967,-0.0011432823552834617
1000,19,23,3.8941614627838135,1.032122335942849,0.593277010086746,0.17383363007046712,-0.5537179961288868,0.010917062513725654,0.11631962629785067,-0.1554785935802014,-0.0357513173690328,0.01857520774836254,0.0010178832081191576,-0.0011721485357739435
1000,19,24,3.882575750350952,1.0410640122299561,0.5927606819333789,0.19916200782711665,-0.5462640978408233,0.010455668221625648,0.10835125221840372,-0.14422084785552644,-0.03552528183859267,0.017047132421380694,0.0010823443246651828,-0.0012001643681439004
1000,19,25,3.872413396835327,1.0503705142878277,0.5939131474646058,0.2234838926750664,-0.539301020580566,0.01000506919493091,0.10224828128858697,-0.13371742952304366,-0.03521846623970483,0.015630122137183358,0.0011523904239857752,-0.0012270022062699254
1000,19,26,3.8635497093200684,1.0599684087812222,0.5965540144211587,0.24676946208870704,-0.5329095467563716,0.009565834466371333,0.09781624037160926,-0.12390213806800512,-0.03482705472096239,0.014315111194006027,0.0012281447704672903,-0.0012523215727141242
1000,19,27,3.8558452129364014,1.069790176511294,0.6005057793322768,0.2689930806194789,-0.5271586161638715,0.00913854339907433,0.0948635265686773,-0.11471707375037052,-0.03434862833374053,0.013093785792214626,0.0013096602731525301,-0.0012757807964279531
1000,19,28,3.849154472351074,1.0797710402827227,0.6055930603889208,0.2901338822046009,-0.5221022626969387,0.008723778799633153,0.09320203931635239,-0.106112204201526,-0.03378243095634989,0.011958510831038292,0.0013969160648974583,-0.001297052430223113
1000,19,29,3.843327045440674,1.0898469609916064,0.6116424793743954,0.310176421798267,-0.5177769931827606,0.008322123474641051,0.09264834138169568,-0.09804462249663326,-0.0331295967713245,0.01090224520193159,0.0014898131693030403,-0.0013158379719695659
1000,19,30,3.838214635848999,1.0999535005193488,0.6184835136599984,0.3291113547318296,-0.5142002399471219,0.007934154204626056,0.09302519395584895,-0.09047800356407353,-0.03239331366460041,0.009918487409004573,0.001588175526968228,-0.0013318856692877295
1000,19,31,3.83367919921875,1.1100257531974418,0.6259498829672051,0.3469357971906321,-0.5113698871099004,0.007560436578852228,0.09416333039661762,-0.08338166392070183,-0.031578816817704754,0.009001201319994621,0.0016917587756543908,-0.0013450039476682895
1000,19,32,3.829596757888794,1.1199990905852666,0.633881657864933,0.3636537698778017,-0.5092650916728748,0.007201516386655044,0.09590341702027139,-0.07672961406128316,-0.030693298998402764,0.008144758126533128,0.001800256863915665,-0.001355073943384023
1000,19,33,3.825864315032959,1.129810258284738,0.6421273379773617,0.37927622574323666,-0.507848020436244,0.006857912730509735,0.09809790424380362,-0.07049960350211007,-0.029745647840449814,0.007343878827292694,0.0019133139100223418,-0.0013620550736728322
1000,19,34,3.822401285171509,1.1393987481046988,0.6505458568186018,0.39382116089955493,-0.5070661553605507,0.006530108556500222,0.10061271647786478,-0.0646721658246204,-0.02874606137493578,0.006593587168743921,0.0020305345785188293,-0.0013659851362052985
1000,19,35,3.8191492557525635,1.1487081282403073,0.6590081127270672,0.40731325414526176,-0.5068550410528114,0.006218543336954207,0.10332855502131433,-0.059229707793924995,-0.027705644338196674,0.005889175657924194,0.0021515033509741568,-0.0013669782202660446
1000,19,36,3.8160715103149414,1.1576871856446462,0.6673980853546717,0.41978350648791746,-0.507141126993546,0.005923605753078266,0.10614170430784926,-0.05415578946861173,-0.026635914770373276,0.005226175758250318,0.0022757976392145654,-0.0013652144615956569
1000,19,37,3.8131492137908936,1.1662907175824946,0.6756133002252002,0.43126863110642205,-0.5078444202820057,0.005645626377592944,0.10896437375457471,-0.04943455857273453,-0.025548376294031786,0.004600347431908914,0.002403007626214558,-0.001360930592973039
1000,19,38,3.8103766441345215,1.1744800788701584,0.6835648936391779,0.4418103323973506,-0.5088810436405012,0.005384871648667533,0.11172449781283994,-0.04505032076544132,-0.024454108014264505,0.004007663714882259,0.0025327517739197913,-0.0013544061182253842
1000,19,39,3.807757616043091,1.1822233942993747,0.6911772834914887,0.45145447410534084,-0.5101655407763259,0.005141538704721317,0.11436515547066588,-0.040987308247696766,-0.023363471361339944,0.0034443075796654005,0.0026646966641381254,-0.0013459518734594464
1000,19,40,3.8053009510040283,1.189495610303313,0.6983876633235794,0.4602501919955066,-0.51161308700278,0.0049157528018241884,0.11684354470703345,-0.037229547537552414,-0.022285847370454824,0.002906665922140637,0.0027985706819127613,-0.0013358969968119455
1000,19,41,3.8030147552490234,1.196278413892822,0.7051454669577436,0.4682490342548378,-0.513141605119293,0.004707564731097273,0.11912972474714299,-0.033760870488874196,-0.021229482894271838,0.002391319365408155,0.0029341788391764765,-0.0013245791806292587
1000,19,42,3.800905704498291,1.2025599786124117,0.7114115689556125,0.47550393551967896,-0.5146735970688429,0.0045169512491461585,0.12120508096883342,-0.030564928982979092,-0.020201426524810377,0.0018950311485758276,0.0030714132653376965,-0.0013123340284391266
1000,19,43,3.7989754676818848,1.2083347564151603,0.7171577771500142,0.48206838500611593,-0.5161380387559762,0.004343815078060891,0.12306076400910922,-0.027625334499183262,-0.0192074709231482,0.0014147324861057688,0.003210255715898903,-0.001299486799143656
1000,19,44,3.79721999168396,1.213603226099318,0.7223662598184429,0.487995622369351,-0.5174719906421255,0.0041879870575821316,0.12469603857104511,-0.024925768302076975,-0.01825219286823972,0.0009475052473984311,0.003350781905524796,-0.0012863467373687347
1000,19,45,3.7956295013427734,1.2183715612866783,0.7270289298254367,0.49333777810510304,-0.5186220188591237,0.004049230449433448,0.12611660643079856,-0.022450119175618184,-0.017338996509639756,0.000490561793214089,0.003493156946917912,-0.0012731999118001304
1000,19,46,3.794189691543579,1.2226513498129532,0.7311469936070396,0.4981452080539176,-0.5195454268409183,0.0039272452416536175,0.12733317454359733,-0.020182637685317365,-0.016470204678809247,4.1226200995599574e-05,0.0036376294213569327,-0.0012603068279621915
1000,19,47,3.7928807735443115,1.2264591874407815,0.7347303020798875,0.5024659942793991,-0.5202109185098772,0.003821672022495694,0.1283599070502127,-0.018108059220694476,-0.015647159812137337,-0.0004030843464086862,0.003784517923379766,-0.0012478979521779096
1000,19,48,3.7916808128356934,1.2298161563158587,0.7377965625592068,0.5063452241145469,-0.520599040400994,0.0037320992977919174,0.1292132900817062,-0.01621172703773588,-0.01487032807786895,-0.0008448760968401086,0.003934201938534784,-0.0012361726174258242
1000,19,49,3.7905659675598145,1.2327472764396297,0.7403705332663484,0.5098247683298587,-0.5207020237603863,0.003658068656152471,0.12991093206444648,-0.014479699691487383,-0.014139421124512379,-0.0012865925198023622,0.004087102230545994,-0.0012252974318591552
1000,19,50,3.789513111114502,1.2352808296740931,0.7424829867361749,0.512942837469537,-0.5205233424210911,0.0035990814406805433,0.1304706994237233,-0.012898813475509982,-0.013453500207766861,-0.0017306240614504533,0.004243669210445871,-0.0012154061793382496
1000,19,51,3.788499593734741,1.2374476405899308,0.7441696832996085,0.5157338709355406,-0.5200768601349552,0.00355460563590401,0.13090998128682224,-0.011456781590427258,-0.012811110754552033,-0.002179315121777107,0.0044043621834594275,-0.0012066003167683517
1000,19,52,3.7875051498413086,1.2392802722613845,0.7454701040591527,0.5182283151556882,-0.5193856621015237,0.003524081248190803,0.1312450702856141,-0.010142201489743709,-0.012210357654786312,-0.0026349680742564574,0.0045696358936872985,-0.0011989507645155787
1000,19,53,3.7865121364593506,1.2408122471644134,0.7464263098759517,0.5204527344996072,-0.5184806022742238,0.003506926977463976,0.13149089165768743,-0.008944615482845928,-0.01164902300491269,-0.003099842546883388,0.004739925016282849,-0.0011924988016149074
1000,19,54,3.7855067253112793,1.2420772363252541,0.7470816673300522,0.5224296449048097,-0.5173989138271503,0.0035025455976170775,0.13166065494780527,-0.00785450798032073,-0.011124649409440766,-0.0035761529384912517,0.004915630017966598,-0.001187258055121258
1000,19,55,3.784478187561035,1.2431083570507808,0.7474797574544896,0.5241778466245393,-0.5161824722385475,0.0035103293369295237,0.13176577660822852,-0.006863307330409737,-0.01063461286979605,-0.004066065542909229,0.005097106666440143,-0.0011832178820063355
1000,19,56,3.7834181785583496,1.243937444906799,0.7476632190087223,0.5257125351437182,-0.514876121534891,0.003529665043265358,0.13181586709877013,-0.005963378014077409,-0.010176195673169245,-0.004571690967195365,0.005284654627575218,-0.0011803449606394953
1000,19,57,3.782322645187378,1.244594428432411,0.7476727121423407,0.5270455230108445,-0.5135260005349703,0.003559938057972318,0.1318187695866331,-0.0051479852932603464,-0.009746637655003665,-0.005095078641391533,0.0054785106237271175,-0.0011785860758792613
1000,19,58,3.781188488006592,1.2451067913611937,0.7475460357916074,0.5281854616698884,-0.512177995415172,0.0036005358745642914,0.1317807792454935,-0.004411277764548775,-0.00934317945171899,-0.005638204007951665,0.005678839311485942,-0.0011778708046972877
1000,19,59,3.7800159454345703,1.2454991683825691,0.7473174110172485,0.5291382851240861,-0.5108761922747638,0.0036508520126203848,0.1317067206551769,-0.0037482391522537795,-0.008963106554411389,-0.006202968260301515,0.005885735106126344,-0.0011781147986076451
1000,19,60,3.77880597114563,1.2457929983520146,0.7470168688459431,0.5299075981417586,-0.5096614560223791,0.003710287954734457,0.13160016710074124,-0.003154657088679424,-0.008603776542049952,-0.0067911816106632945,0.0060992094104592755,-0.001179221076745027
1000,19,61,3.777560234069824,1.2460062154986682,0.7466696819080082,0.5304948980882084,-0.5085701987443041,0.0037782555138978833,0.13146369857139806,-0.0026270856963606583,-0.008262631897098553,-0.007404561198533752,0.006319202473755363,-0.0011810833082940343
1000,19,62,3.7762818336486816,1.2461531556583325,0.7462961438372022,0.5309000740474871,-0.5076333691348671,0.0038541792008823204,0.13129906945981115,-0.002162806104289817,-0.007937231243594111,-0.008044720633074572,0.006545573357271282,-0.0011835885975806945
1000,19,63,3.7749743461608887,1.246244459985983,0.7459113144949141,0.5311216841122665,-0.5068755998283295,0.003937497300322782,0.13110742786117965,-0.0017597679109268402,-0.007625246143241129,-0.008713163718546605,0.0067781081442736335,-0.001186619075553326
1000,19,64,3.773639440536499,1.2462872316452256,0.7455252559277226,0.5311575654215538,-0.5063147336943804,0.004027662301150867,0.13088953487232097,-0.0014165828713866508,-0.0073244755129862745,-0.009411281839907483,0.007016525413388203,-0.0011900546848740566
1000,19,65,3.772280693054199,1.246285035547182,0.7451429429825968,0.5310049450766408,-0.5059614448745331,0.004124142618327679,0.13064586779123924,-0.0011324704924721817,-0.0070328512318529515,-0.010140348734006802,0.007260478063049714,-0.0011937754676725676
1000,19,66,3.770900011062622,1.246238268735127,0.7447648360488468,0.5306609947208445,-0.505819365103326,0.004226421731977368,0.13037686521610042,-0.0009072336996511735,-0.006748436538988556,-0.010901522581108049,0.007509567907099836,-0.0011976640522349483
1000,19,67,3.7694993019104004,1.246144378739762,0.7443872031497292,0.5301230523714051,-0.5058852731901251,0.00433399947868682,0.1300830044449086,-0.0007412342744761492,-0.006469432040987229,-0.011695848096410527,0.00776335023591157,-0.0012016076423547806
1000,19,68,3.7680795192718506,1.245998250514578,0.7440027090014766,0.52938895516733,-0.5061496003039289,0.004446390760205965,0.12976489177512857,-0.0006353545759842339,-0.006194166500661645,-0.012524261235973668,0.008021351148661888,-0.001205500205619328
1000,19,69,3.76664137840271,1.2457926095980074,0.7436010919536222,0.5284573166592649,-0.506597156320276,0.004563127265180698,0.12942337860320002,-0.0005910020744444034,-0.005921098438995743,-0.013387596517043762,0.00828307211445611,-0.001209244462760621
1000,19,70,3.7651848793029785,1.2455184837622972,0.7431698683346522,0.5273277486413905,-0.5072080140696554,0.004683756177853192,0.129059574324484,-0.0006100596523053764,-0.0056488145331919995,-0.014286604795990275,0.008548011409612498,-0.0012127533796687682
1000,19,71,3.7637102603912354,1.2451656096870958,0.7426949937386839,0.5260009720673713,-0.5079584567465153,0.004807840178061894,0.12867491083299287,-0.0006948713716726087,-0.005376028815695056,-0.015221965817437377,0.008815678257147814,-0.0012159515599377158
1000,19,72,3.762216806411743,1.2447229265214905,0.7421616604092304,0.5244790388822512,-0.5088220516394755,0.004934958302107985,0.1282710909216062,-0.0008482206664101409,-0.005101566254176227,-0.01619430285491738,0.009085599212351473,-0.001218777035281221
1000,19,73,3.7607038021087646,1.2441790077417698,0.7415550116897812,0.5227653320224547,-0.5097708186024391,0.005064704221022464,0.12785008828207084,-0.0010733235702143286,-0.0048243695598326015,-0.01720420990065572,0.009357337319507915,-0.0012211812655328533
1000,19,74,3.7591707706451416,1.243522468896928,0.7408607471285906,0.5208645654157862,-0.5107762406242036,0.005196687962299063,0.12741409590521657,-0.0013737706387377086,-0.0045434899761588425,-0.018252268397746296,0.009630506707494641,-0.0012231297354513184
1000,19,75,3.7576169967651367,1.24274241530764,0.7400659038510957,0.5187828948973784,-0.511810400719273,0.005330535909894251,0.12696546158122585,-0.0017535496757144426,-0.004258074062837147,-0.01933907756721934,0.009904772589782194,-0.0012246019547204597
1000,19,76,3.756042718887329,1.2418287674579103,0.7391592779068562,0.5165277518357698,-0.5128468661762667,0.005465890804227232,0.12650657180011937,-0.0022169528198363424,-0.0039673664991545276,-0.020465261728368125,0.010179874070056069,-0.0012255909606114852
1000,19,77,3.7544467449188232,1.2407725607744906,0.7381319664773407,0.5141076767589827,-0.513861699127531,0.005602412172613174,0.1260398001519717,-0.0027686040341823844,-0.003670700872774606,-0.021631513174948346,0.010455613195518194,-0.0012261020249047657
1000,19,78,3.7528302669525146,1.2395662032885375,0.7369776923636226,0.511532208438574,-0.5148340881551452,0.005739777620562901,0.12556736542750474,-0.0034133758918704943,-0.003367489267044854,-0.022838580671807548,0.0107318677280352,-0.0012261519576169547
1000,19,79,3.751192569732666,1.2382037004010595,0.7356931855709137,0.5088118284316618,-0.5157469483166279,0.005877682401349662,0.12509130581819558,-0.004156387510046141,-0.003057221460020232,-0.02408731755988931,0.01100859114413842,-0.0012257671176499048
1000,19,80,3.749535083770752,1.236680728453105,0.7342782172420649,0.5059574619591573,-0.5165874895903435,0.006015841998608509,0.12461324671724752,-0.0050029310916990845,-0.0027394475032272297,-0.025378669207101696,0.011285802600550243,-0.0012249823186475722
1000,19,81,3.747857093811035,1.2349947310549092,0.7327357626112837,0.5029805888217133,-0.5173472800361026,0.006153991265469839,0.12413442651948206,-0.005958463661617759,-0.002413788334600713,-0.026713675099839216,0.0115635841975095,-0.0012238378449693926
1000,19,82,3.7461605072021484,1.2331448586933447,0.7310718369733258,0.49989274427795716,-0.5180224668572643,0.006291886576725543,0.12365556762187843,-0.0070285505954108965,-0.002079914752854321,-0.028093496032767756,0.011842072768747578,-0.0012223783575471842
1000,19,83,3.744445562362671,1.2311319416735278,0.7292953446792162,0.496705463586516,-0.518613555338634,0.006429304967962545,0.12317682482378932,-0.008218777010573983,-0.0017375540255354853,-0.029519376461430026,0.012121451671464532,-0.001220650705598957
1000,19,84,3.742713212966919,1.2289583169453822,0.7274178145367158,0.4934300047161461,-0.5191252509449615,0.006566046718162183,0.12269768212737242,-0.009534757407875799,-0.0013864791759665362,-0.03099265077681132,0.012401936190731072,-0.0012187022356804917
1000,19,85,3.74096417427063,1.2266275973649838,0.7254529081337086,0.4900770710558622,-0.519565954036136,0.006701934488833749,0.12221696563753649,-0.010982051653561335,-0.001026510485075388,-0.03251472866468607,0.0126837571194408,-0.0012165785039315944
1000,19,86,3.739198923110962,1.2241444930444345,0.7234161056661871,0.48665675595696284,-0.5199472861626808,0.006836814615314178,0.12173290806167165,-0.01256614982860149,-0.0006575120872459854,-0.034087072098876715,0.012967156197185829,-0.0012143225798032166
1000,19,87,3.7374184131622314,1.2215145052987102,0.7213240577176137,0.48317820998518607,-0.5202834900400469,0.006970555815468357,0.12124291651062032,-0.01429237397837297,-0.00027938866629079304,-0.03571115560233723,0.013252367865759264,-0.0012119731561739272
1000,19,88,3.7356231212615967,1.2187436732566788,0.7191941283702322,0.47964964092070883,-0.5205906716214053,0.007103050911422048,0.12074384339754445,-0.016165859748112476,0.00010791234186419726,-0.03738846833867503,0.01353960467355719,-0.0012095638530770327
1000,19,89,3.733813524246216,1.215838332433995,0.7170439282821769,0.476078202842199,-0.5208862316522402,0.007234215538262195,0.12023189613830311,-0.01819152057205237,0.000504396694236615,-0.03912046182410294,0.013829049065554785,-0.0012071220240899277
1000,19,90,3.731990337371826,1.2128047764322067,0.7148905903439635,0.47246988521086675,-0.5211879182613403,0.007363987713603696,0.11970268875123671,-0.020373948504873274,0.0009100287974392029,-0.040908512280044676,0.014120840612158063,-0.0012046685573989856
1000,19,91,3.730154037475586,1.2096490415345762,0.7127504050355552,0.46882945741249066,-0.5215133216759918,0.007492328268022632,0.11915134505673551,-0.022717429831568027,0.0013247244988925252,-0.04275392063313481,0.01441506415028048,-0.0012022176768644516
1000,19,92,3.7283051013946533,1.2063767457384085,0.7106383960121353,0.4651605519443788,-0.5218791794553724,0.00761921654072397,0.11857258897686193,-0.025225852326485308,0.0017483525886556525,-0.04465783303738577,0.014711755256692199,-0.0011997769420204422
1000,19,93,3.7264444828033447,1.2029927786855363,0.7085677627674961,0.4614655812284074,-0.5223006817239433,0.0077446525317077086,0.11796071873545853,-0.02790270158042049,0.0021807330472903624,-0.04662127015549478,0.015010876530173304,-0.001197346750737174
1000,19,94,3.7245726585388184,1.1995013312880756,0.706549781702744,0.4577459039849438,-0.5227911237881454,0.007868654319169504,0.11730990355690729,-0.030750971014341152,0.002621630287623052,-0.04864504768101085,0.01531232762598745,-0.0011949219307018303
1000,19,95,3.722691059112549,1.1959056880786667,0.704593473203296,0.45400185296183293,-0.5233614640121951,0.007991256337767746,0.116614054666669,-0.03377319309911495,0.0030707591620674816,-0.050729784704422444,0.015615939782532595,-0.0011924914410158995
1000,19,96,3.7207999229431152,1.192208235133412,0.7027054929100848,0.45023287357933306,-0.5240200080150802,0.00811250593515772,0.11586710909009663,-0.0369713640608718,0.00352777785395953,-0.05287587861489446,0.01592148220691514,-0.0011900394663382698
1000,19,97,3.7189018726348877,1.1884104273833995,0.7008901085917147,0.4464376071170771,-0.5247723455099602,0.00823246337199161,0.11506295225275887,-0.04034697693718632,0.003992294886100392,-0.055083496734180545,0.016228659338275286,-0.0011875459142230008
1000,19,98,3.716996669769287,1.1845129141061985,0.6991492984779408,0.44261408481698206,-0.525621287143565,0.008351198378452654,0.11419567597936132,-0.043900942609530855,0.004463863714166112,-0.05735256795053541,0.016537117233361192,-0.0011849881060677437
1000,19,99,3.7150869369506836,1.1805155480881622,0.6974828353668132,0.43875983879919733,-0.5265669276567954,0.00846878929338869,0.1132595397939084,-0.04763363938754916,0.004941988934274417,-0.05968276598653943,0.016846456337677215,-0.0011823410755164036
1000,19,100,3.7131731510162354,1.1764175568066504,0.6958885737396568,0.43487206843602744,-0.5276068985271264,0.008585319620846313,0.11224908701921772,-0.05154490566323807,0.005426129086402,-0.06207353449736177,0.017156231485483918,-0.00117957826473202
1000,19,101,3.711256742477417,1.1722176267081723,0.6943626052537455,0.43094780672585437,-0.5287364627095077,0.0087008754474715,0.11115920927665049,-0.05563403991094753,0.005915704263659992,-0.06452409125380415,0.017465971968745338,-0.001176673911618065
1000,19,102,3.709340810775757,1.1679141480826434,0.692899754867685,0.42698405893807295,-0.5299490830817699,0.008815545442509603,0.1099852238857878,-0.05989984843519966,0.006410098114734879,-0.06703342395925702,0.01777517788822948,-0.0011736019556753481
1000,19,103,3.707426071166992,1.1635052573053484,0.6914937462853521,0.42297788580005224,-0.5312366119264268,0.008929416553473058,0.10872283516459248,-0.06434070046432624,0.006908666254140343,-0.06960035717840106,0.018083347520254603,-0.0011703385246908708
1000,19,104,3.7055141925811768,1.1589891827667065,0.6901377653781285,0.4189265976000451,-0.532589890956381,0.00904257314527492,0.10736825052892358,-0.06895449876719538,0.0074107454734454676,-0.07222351468981257,0.01838997184333996,-0.0011668619347378257
1000,19,105,3.703606605529785,1.1543643281698885,0.6888247431002518,0.4148278651031363,-0.5339990671179281,0.009155094417629487,0.10591812889275222,-0.07373877147594063,0.007915658547132935,-0.07490139059770877,0.01869455643160281,-0.001163153585383585
1000,19,106,3.7017056941986084,1.1496294048277738,0.6875476781232557,0.41067971955124294,-0.5354540347149609,0.009267055265918757,0.10436961936799966,-0.07869073452541665,0.00842272304333905,-0.07763233259977245,0.01899662692810769,-0.001159197760754591
1000,19,107,3.699812412261963,1.1447837419795992,0.6863001341599659,0.4064807467660237,-0.536944940693775,0.00937852111599367,0.10272034191461825,-0.08380726594283519,0.008931258132152847,-0.08041462564802879,0.019295732693765905,-0.0011549834199523319
1000,19,108,3.6979289054870605,1.1398272552611113,0.6850764005237219,0.4022300594198918,-0.538462437285471,0.009489549645907031,0.10096837444064544,-0.08908506010994986,0.009440603809048875,-0.08324644593536307,0.019591463227383303,-0.0011505027050400288
1000,19,109,3.696057081222534,1.1347606285226939,0.6838717870668743,0.3979272970360153,-0.5399980609695594,0.009600189925047043,0.09911224635223065,-0.09452062041723779,0.009950107278288973,-0.08612592782422221,0.019883444516760766,-0.001145751935718178
1000,19,110,3.6941983699798584,1.129585464975548,0.6826828424308858,0.3935726814462907,-0.5415444851163623,0.009710481553270858,0.0971508418040399,-0.10011023722644466,0.010459136569520494,-0.08905118894487772,0.020171348160942973,-0.00114073160932455
1000,19,111,3.692354679107666,1.1243042835889474,0.6815075136541071,0.3891670167913436,-0.5430957094688162,0.009820452078305184,0.09508347709893217,-0.10585012009531464,0.010967095756327252,-0.09202031346325042,0.02045488772131889,-0.0011354458040288657
1000,19,112,3.69052791595459,1.1189206214758105,0.6803452427672553,0.38471163406255393,-0.5446472496242734,0.00993012043921214,0.09290974588860659,-0.1117363537026803,0.011473414543536769,-0.09503132698264732,0.020733826019420785,-0.0011299016814950245
1000,19,113,3.688720226287842,1.1134389663417366,0.6791968665484789,0.38020833564408224,-0.546196010713301,0.01003949524465632,0.09062959012330594,-0.11776491988591768,0.011977560281865762,-0.09808231366898924,0.021007962365775963,-0.0011241099842188758
1000,19,114,3.6869332790374756,1.107864703407984,0.6780646241550279,0.3756593675838824,-0.5477403505602819,0.010148574772904805,0.08824318395230199,-0.12393178579076618,0.012479021948392824,-0.10117129075949553,0.021277141682155516,-0.001118083245112244
1000,19,115,3.685168504714966,1.1022042640690677,0.6769521774898959,0.37106733640674033,-0.5492801428440145,0.01025734783269362,0.08575097887370674,-0.1302327496091437,0.012977337379754865,-0.10429623366094709,0.021541238081526574,-0.0011118364837758076
1000,19,116,3.6834285259246826,1.0964648602680533,0.6758642871515962,0.36643518138528697,-0.5508163981341095,0.010365795484960649,0.08315359408493098,-0.13666354342060322,0.013472065237974307,-0.1074551177801249,0.0218001621658513,-0.0011053859134208944
1000,19,117,3.6817150115966797,1.0906544820013584,0.6748066924793917,0.36176606362404995,-0.5523512007303892,0.010473889321112722,0.08045188743238751,-0.14321975973414955,0.01396279942803367,-0.11064580139858231,0.02205384095713962,-0.0010987489408694833
1000,19,118,3.6800293922424316,1.0847818282181887,0.6737859510761779,0.3570632551435053,-0.5538875823416856,0.010581593184758526,0.07764685221192279,-0.1498968294507843,0.014449157083230081,-0.11386611769960966,0.022302217897449225,-0.0010919430724111061
1000,19,119,3.6783742904663086,1.078856082020093,0.6728090401347343,0.3523301943380514,-0.5554290168010356,0.010688865754307997,0.07473966876860108,-0.15669000717186934,0.014930777764198915,-0.1171137660090944,0.022545251024435834,-0.0010849863116730665
1000,19,120,3.676750659942627,1.0728868668560567,0.6718832369788784,0.34757029187309973,-0.5569794200656807,0.010795658821239385,0.07173166579686631,-0.1635943418158534,0.015407326662819246,-0.12038630342943335,0.02278289837575515,-0.0010778956676071258
1000,19,121,3.6751606464385986,1.0668841297565745,0.6710158866049742,0.34278698614304876,-0.5585428344140638,0.010901919872698649,0.06862433969046115,-0.1706046472349987,0.015878484990497474,-0.12368118666997116,0.02301511981351263,-0.001070687751294829
1000,19,122,3.6736056804656982,1.0608579134605203,0.6702139276909742,0.3379836323553357,-0.5601229863216245,0.011007591230632984,0.06541930939261584,-0.17771541406556138,0.016343940366450916,-0.126995621457422,0.023241864253115228,-0.0010633783780772874
1000,19,123,3.6720869541168213,1.0548182700225126,0.6694839253008488,0.33316344707246226,-0.5617233496213996,0.011112611773523748,0.06211836799583239,-0.18492094195252087,0.016803398031376947,-0.13032668802718483,0.023463071487721133,-0.0010559817718147466
1000,19,124,3.6706061363220215,1.0487752925428233,0.6688318430483164,0.3283295636699691,-0.5633468928616205,0.011216916936386458,0.05872345049201942,-0.19221510448339388,0.01725657283768933,-0.1336712323642035,0.02367867218823978,-0.0010485116590296805
1000,19,125,3.6691641807556152,1.0427387712563467,0.6682626831570179,0.3234849768784614,-0.5649957003421094,0.011320440432503716,0.05523664667243827,-0.19959148141296404,0.017703184443660015,-0.13702592476558054,0.023888584254432334,-0.001040979577958372
1000,19,126,3.6677629947662354,1.0367182123786178,0.667780578085138,0.3186324873256346,-0.566671161596081,0.011423114253425203,0.05166021725263554,-0.20704338804655534,0.01814296051732462,-0.14038718454578802,0.02409270734156245,-0.0010333968679019953
1000,19,127,3.666402578353882,1.0307228135537387,0.6673886249617478,0.31377481245222294,-0.56837371874774,0.011524867808101214,0.04799657129753746,-0.2145637430153021,0.018575638338435146,-0.14375128879580742,0.024290928333745514,-0.0010257728788106418
1000,19,128,3.6650846004486084,1.0247612607299001,0.6670888349640882,0.30891447559605123,-0.5701029296728818,0.011625629644615594,0.044248269446436485,-0.22214525926742562,0.019000959992601797,-0.14711425525790206,0.024483128641747662,-0.00101811666223174
1000,19,129,3.663809299468994,1.0188418415616065,0.6668821425051211,0.3040539446369699,-0.5718574048382915,0.011725327450185721,0.04041802713797772,-0.22978026776859425,0.01941867717715116,-0.15047195108475697,0.024669176905186763,-0.0010104360761020686
1000,19,130,3.6625778675079346,1.0129723194074816,0.6667685129150482,0.2991955488098941,-0.5736349967835465,0.01182388805116252,0.03650871138517247,-0.23746093787647318,0.019828549599173486,-0.15382012630382966,0.024848938114781186,-0.0010027385804881898
1000,19,131,3.6613898277282715,1.0071599567171134,0.6667469035652017,0.29434158962075174,-0.5754327369604151,0.01192123827389691,0.03252332465046564,-0.24517917449926788,0.020230354587239065,-0.15715434688864865,0.025022280910148798,-0.0009950309391837868
1000,19,132,3.6602463722229004,1.00141146970272,0.6668154584672478,0.289494368575471,-0.5772470252146592,0.012017304944739812,0.02846499839576271,-0.2529268090870006,0.020623882285540053,-0.16047016208056702,0.025189079404256732,-0.0009873202143852045
1000,19,133,3.659146785736084,0.9957331200730138,0.6669715555388934,0.2846561317220056,-0.5790737561072353,0.012112014029175687,0.024336970507524126,-0.26069548209841703,0.021008938857795912,-0.1637630039957104,0.025349216832320866,-0.0009796130704185723
1000,19,134,3.6580922603607178,0.9901307678815093,0.6672120578744363,0.2798292082952707,-0.5809085083960965,0.012205293214421918,0.02014258529676532,-0.26847676053407976,0.021385346487253428,-0.16702833821455507,0.025502589200705354,-0.0009719163705451268
1000,19,135,3.657081127166748,0.9846098027111843,0.667533390072462,0.27501595525916844,-0.582746671357394,0.012297069326829425,0.01588527898661739,-0.2762622701610979,0.02175295939621402,-0.17026164704975272,0.025649107111372353,-0.000964237375896322
1000,19,136,3.6561148166656494,0.979175276564872,0.6679317304709194,0.27021878503557517,-0.5845836342672787,0.01238727005361559,0.011568549074955189,-0.2840436661298539,0.022111646224553687,-0.17345849647483183,0.025788719479728817,-0.0009565837454738284
1000,19,137,3.655191659927368,0.9738318846032675,0.6684029756348948,0.2654402209623156,-0.586414723241301,0.012475825664597172,0.007195964009356898,-0.29181260359073,0.022461301243392136,-0.17661451939202236,0.025921387992329955,-0.000948963536149533
1000,19,138,3.6543116569519043,0.9685840891132845,0.6689431910554622,0.26068284183518864,-0.5882357065192161,0.012562665568724471,0.002771130332553901,-0.29956097276029525,0.022801849160950984,-0.1797255160253079,0.02604710352692701,-0.0009413856005357561
1000,19,139,3.653473377227783,0.9634361255107011,0.6695484408949162,0.25594936509492855,-0.5900425418225812,0.012647722618413628,-0.0017023135659805925,-0.30728072262166495,0.023133237112790084,-0.18278748738477638,0.026165891625816506,-0.000933858691777264
1000,19,140,3.652677059173584,0.958392000468532,0.6702150081518761,0.2512426190982178,-0.5918316289971581,0.01273093052694724,-0.006220709140607658,-0.31496406660741433,0.023455442671571188,-0.18579663526662019,0.026277814320290006,-0.0009263931544996894
1000,19,141,3.651920795440674,0.9534556799191413,0.6709395415849564,0.24656545993072634,-0.5935999994947152,0.012812226451073749,-0.010780384945742311,-0.32260336506648496,0.0237684658372943,-0.188749362253136,0.026382950061686835,-0.0009189986370557858
1000,19,142,3.6512038707733154,0.9486308158271639,0.6717188416120209,0.24192085459407203,-0.5953450005700244,0.01289155013014097,-0.015377662884264884,-0.3301913015638248,0.024072332241203125,-0.19164233864142632,0.026481422912590116,-0.0009116855835387404
1000,19,143,3.6505255699157715,0.9439211401173971,0.672550206456413,0.23731182554784713,-0.597064674244465,0.01296884474696256,-0.02000886929341216,-0.3377206771974751,0.02436709474773781,-0.19447256937210103,0.026573369706731232,-0.0009044647364444025
1000,19,144,3.649883985519409,0.9393300758007512,0.6734312227774754,0.2327413952516439,-0.5987575678242215,0.013044056927818013,-0.024670334138530765,-0.3451847631978498,0.024652820638913088,-0.19723726017187423,0.026658971064635613,-0.0008973465398659592
1000,19,145,3.649277925491333,0.9348610779673961,0.6743598278352287,0.22821264162302862,-0.6004227339002839,0.013117139325052046,-0.029358403509899884,-0.3525768895619095,0.024929604429940123,-0.19993391794661672,0.026738416729077445,-0.0008903419352343678
1000,19,146,3.6487064361572266,0.9305173981281003,0.6753341739484937,0.22372855939260652,-0.6020596040272462,0.013188047173608749,-0.03406942188530544,-0.3598906507360745,0.02519755505360467,-0.20256038424570652,0.02681192563402694,-0.0008834608693050449
1000,19,147,3.648167371749878,0.9263019846222502,0.6763526480176687,0.21929212942648912,-0.6036679887233064,0.013256742595363894,-0.03879975147995921,-0.36712008191586465,0.02545679586026707,-0.20511476833332742,0.02687972948460258,-0.000876713686703623
1000,19,148,3.64766001701355,0.9222177244343377,0.6774138586767577,0.2149062216748397,-0.6052480774702663,0.013323192016525551,-0.04354577063400552,-0.37425930644661964,0.025707461413956786,-0.2075954639206445,0.026942069108171596,-0.000870109538445085
1000,19,149,3.6471824645996094,0.9182670942032135,0.6785164263398366,0.21057360903636668,-0.6068001860711296,0.013387368750233468,-0.04830387381252126,-0.38130282965623213,0.025949703900183325,-0.21000113243362864,0.026999209049948004,-0.0008636572771417513
1000,19,150,3.646733283996582,0.9144522884203243,0.6796589344311214,0.2062969257648431,-0.6083246934895,0.013449251274826149,-0.053070452255596846,-0.3882453037889613,0.02618367870836166,-0.21233073647740724,0.027051399259547797,-0.000857364959665509
1000,19,151,3.6463115215301514,0.9107751216423897,0.6808399796808022,0.20207865360461305,-0.6098221050101831,0.01350882495557378,-0.057841932678174314,-0.395081733688346,0.026409549237670422,-0.21458347290756283,0.027098911579983995,-0.0008512398471478117
1000,19,152,3.6459147930145264,0.9072371685952194,0.6820581159851693,0.19792110792609804,-0.6112929890785848,0.013566082044678225,-0.06261475147015526,-0.4018072123477447,0.026627469275571858,-0.21675875609795764,0.02714199778532234,-0.0008452877087068008
1000,19,153,3.6455421447753906,0.9038393456781769,0.6833116047234726,0.19382636840332942,-0.6127376614977084,0.013621021681273023,-0.06738535147141429,-0.4084172735096157,0.02683762144467737,-0.21885633506596125,0.027180922420776847,-0.0008395140150579554
1000,19,154,3.6451919078826904,0.9005822421519751,0.6845986177769083,0.1897963622009096,-0.6141564380705573,0.01367364816969047,-0.07215023034659679,-0.41490762721605706,0.02704017395002379,-0.22087609268634606,0.02721594090931276,-0.000833922993572327
1000,19,155,3.6448636054992676,0.8974659192873624,0.6859170443193563,0.1858327807870507,-0.6155493819577323,0.013723972701194546,-0.07690589221032114,-0.42127424795862645,0.02723529179274248,-0.22281819628086577,0.02724729772719683,-0.0008285174790752096
1000,19,156,3.644554615020752,0.8944899437705285,0.6872644575325901,0.18193707993357466,-0.6169163036774312,0.013772013353980905,-0.08164886052712482,-0.4275132865285214,0.02742314317787027,-0.22468294702867686,0.02727522822844703,-0.0008232996101190173
1000,19,157,3.6442644596099854,0.891653413858591,0.6886383168523628,0.17811052130939384,-0.6182568874266509,0.01381779423231042,-0.08637576196111378,-0.4336212756994923,0.02760390111630218,-0.22647094728809253,0.027299956820382835,-0.000818270431113069
1000,19,158,3.643991231918335,0.8889548626025241,0.6900357822056417,0.17435417248051097,-0.619570564759985,0.013861344605642723,-0.0910832102764479,-0.439595071461296,0.027777729007216836,-0.22818288307830265,0.027321700612524705,-0.0008134300415249188
1000,19,159,3.6437339782714844,0.8863925548495994,0.6914539457170438,0.17066885145204505,-0.620856704071427,0.01390270063036912,-0.09576788373701736,-0.4454316767200557,0.027944780638076483,-0.2298196914011276,0.027340669416594097,-0.0008087774964128021
1000,19,160,3.6434922218322754,0.8839641494768463,0.6928896014554425,0.16705520985519257,-0.622114357951967,0.013941901906346765,-0.10042657025625382,-0.45112850574772084,0.02810523222368161,-0.23138242638361536,0.027357047502015945,-0.0008043111048282983
1000,19,161,3.6432642936706543,0.8816670629122326,0.6943396261926613,0.163513719082734,-0.6233426421531955,0.013978994059498021,-0.10505608999745407,-0.45668329603224733,0.0282592247358726,-0.23287239313544436,0.027371030084913685,-0.0008000286287514387
1000,19,162,3.643049478530884,0.8794983048389469,0.695800662214822,0.16004464256004658,-0.6245404197843002,0.014014026159211095,-0.10965337277345641,-0.46209399074450397,0.028406927981639008,-0.23429099715934512,0.027382794136913247,-0.000795926785752936
1000,19,163,3.6428465843200684,0.8774545837254416,0.6972695112618785,0.15664814666105284,-0.6257066802756708,0.014047052440072951,-0.11421543869672154,-0.46735909133755243,0.028548495748443082,-0.23563981127980194,0.02739249473624353,-0.0007920021442021716
1000,19,164,3.6426546573638916,0.8755324478757172,0.6987429956208128,0.1533242313857528,-0.6268404130576962,0.014078128858403472,-0.11873938527938652,-0.4724772755640942,0.02868407221203067,-0.23692052544652653,0.027400296083382198,-0.000788250128591654
1000,19,165,3.6424734592437744,0.873728348982945,0.7002181121038124,0.1500727164957304,-0.6279407338819674,0.014107315674854843,-0.12322249063283316,-0.47744751500956367,0.028813823975485868,-0.2381349969309844,0.027406347783208898,-0.0007846665612841087
1000,19,166,3.6423020362854004,0.8720384642831903,0.7016919868159559,0.1468933940235825,-0.6290068216606753,0.014134674010945704,-0.12766211026811972,-0.482269339541588,0.02893789521455453,-0.23928521686204382,0.027410799440603272,-0.0007812464689018273
1000,19,167,3.642139196395874,0.8704589790755436,0.7031619428010017,0.1437858618989964,-0.6300380447878136,0.014160269292526995,-0.13205571579581882,-0.48694248471070756,0.02905644932841528,-0.2403732432972746,0.027413776942598198,-0.0007779846791319936
1000,19,168,3.6419851779937744,0.8689860185393042,0.7046255696357163,0.1407497041871658,-0.6310339611391772,0.014184166084583201,-0.13640097232569412,-0.4914671268165621,0.02916962728890851,-0.24140123468729874,0.02741541712292506,-0.0007748758207266829
1000,19,169,3.641839027404785,0.8676157769226724,0.7060807129114299,0.13778438017284253,-0.6319943180723637,0.01420643239556464,-0.14069564816707764,-0.49584367722497785,0.02927759249521285,-0.24237151680449182,0.027415849517516237,-0.0007719143732366392
1000,19,170,3.64169979095459,0.8663443235517297,0.7075254491704526,0.1348893075472979,-0.6329190524267724,0.014227135373055172,-0.144937653528708,-0.5000731055839738,0.02938049232697962,-0.24328643215340487,0.02741519089115584,-0.0007690950151477149
1000,19,171,3.6415677070617676,0.8651680297377152,0.7089581531146052,0.1320638208148418,-0.6338083536842052,0.014246343025505119,-0.14912507921856874,-0.5041563227750222,0.02947848057167106,-0.24414835670293958,0.027413561657527487,-0.0007664119773417687
1000,19,172,3.641441822052002,0.8640830672989427,0.710377470356473,0.12930719902181007,-0.6346626008082662,0.014264124222231257,-0.15325620954383418,-0.5080950330279745,0.02957171742456033,-0.24495975008287446,0.02741107310806604,-0.0007638597393695444
1000,19,173,3.6413216590881348,0.8630858646555777,0.7117823410913051,0.1266186518920708,-0.6354824254049621,0.014280546110817452,-0.15732941911130105,-0.511890999339229,0.029660363080920606,-0.2457231221195142,0.027407832885306856,-0.0007614330294506718
1000,19,174,3.641207695007324,0.8621728968364225,0.7131718583603706,0.12399738914949207,-0.6362685222409002,0.014295676699714021,-0.16134331472679514,-0.5155462197713699,0.0297445649204032,-0.24644098263916334,0.027403943158436035,-0.0007591261779345634
1000,19,175,3.6410984992980957,0.8613406304598521,0.7145453118278894,0.1214424957375001,-0.63702177556449,0.014309582275638366,-0.1652966321956028,-0.5190631037528082,0.02982448634218674,-0.24711575780724976,0.027399507921089424,-0.0007569340622421801
1000,19,176,3.6409945487976074,0.860585741116472,0.7159022412065789,0.11895304273502756,-0.6377431959453421,0.014322328264441428,-0.16918827502230915,-0.5224441782450475,0.029900281133733473,-0.2477500243787795,0.027394616571304868,-0.00075485126139182
1000,19,177,3.640895366668701,0.8599049143868228,0.7172423088510326,0.11652808735651358,-0.6384339202742686,0.014333979231107687,-0.17301732731074412,-0.525692264042325,0.02997210949031657,-0.24834612485830357,0.02738934938487144,-0.000752872702538221
1000,19,178,3.6407999992370605,0.859294909176095,0.718565291995843,0.11416658283269572,-0.6390950854420816,0.014344598018888705,-0.1767829892642521,-0.5288103582385174,0.030040118791587335,-0.2489065523399512,0.02738379393537723,-0.0007509932631023437
1000,19,179,3.640709400177002,0.8587524354941701,0.7198709337191868,0.11186747546206476,-0.6397277651789924,0.014354245749303125,-0.18048466748531444,-0.5318016342271412,0.030104472436724403,-0.2494335656673966,0.02737802320081231,-0.000749208019440257
1000,19,180,3.640622138977051,0.8582743699068667,0.7211591985049253,0.10962966994963085,-0.6403331595364138,0.01436298268300313,-0.18412192337576522,-0.5346694417013527,0.030165308193662706,-0.24992949061301536,0.027372108334716996,-0.0007475120976418073
1000,19,181,3.640538454055786,0.857857701328703,0.7224300540028366,0.10745200167793646,-0.6409124685657586,0.014370866498041522,-0.18769438283716872,-0.5374170715877616,0.03022278305376994,-0.25039648562742944,0.027366102246134092,-0.0007459008227319488
1000,19,182,3.640458822250366,0.8574992181398635,0.7236834401297216,0.10533327830053697,-0.641466765997238,0.014377953150738185,-0.1912018910701723,-0.5400482849453506,0.030277034784981033,-0.2508366422325594,0.027360061493005905,-0.0007443694700018589
1000,19,183,3.6403818130493164,0.8571959110865717,0.7249192958751276,0.10327223121627323,-0.6419970624004628,0.014384296875680085,-0.1946443706750996,-0.5425666077669159,0.030328213970852766,-0.25125201848597506,0.027354037159925484,-0.0007429135136778231
1000,19,184,3.6403086185455322,0.8569447872810994,0.7261375677200134,0.10126760568847969,-0.6425043683450439,0.014389950185721263,-0.19802186035178876,-0.5449756835783467,0.03037645197150913,-0.25164443819479104,0.027348067560337617,-0.0007415286766550128
1000,19,185,3.640237808227539,0.856742766733902,0.7273381621173721,0.0993180707257763,-0.6429895049187897,0.01439496301111639,-0.201334630999107,-0.547279390971719,0.03042189296269598,-0.25201577536264813,0.02734218918323734,-0.0007402107315623758
1000,19,186,3.640170097351074,0.8565871061669628,0.7285210441963403,0.09742228840453619,-0.6434534195307104,0.014399382699520747,-0.20458287611624523,-0.5494811971732821,0.030464652285009997,-0.25236765301055675,0.02733642027312217,-0.0007389553018275293
1000,19,187,3.6401047706604004,0.8564748798670699,0.7296861065672513,0.09557888613989873,-0.6438968701080141,0.014403254876856703,-0.2077670214014233,-0.5515849220085653,0.03050487091029157,-0.2527016272308256,0.02733079367008764,-0.0007377585082158608
1000,19,188,3.6400418281555176,0.85640325749847,0.7308332424587328,0.0937864913470032,-0.644320551417308,0.014406622586447246,-0.21088755705259143,-0.5535943265365513,0.030542660975231915,-0.25301920391923766,0.027325323969731766,-0.0007366164714927581
1000,19,189,3.6399810314178467,0.8563695678698333,0.7319623530156696,0.09204367598301477,-0.6447251582251997,0.014409527149882443,-0.21394505066737612,-0.5555129955165826,0.0305781474321441,-0.25332170491764655,0.0273200166454038,-0.0007355256108262714
1000,19,190,3.639922618865967,0.8563711331030675,0.7330734073147783,0.09034902586959212,-0.6451113852982965,0.014412007306152982,-0.21694014724308028,-0.5573447487741886,0.03061144241771935,-0.2536104186035554,0.027314882643802253,-0.0007344822459168967
1000,19,191,3.6398661136627197,0.856405464647999,0.7341663177784791,0.08870111989614718,-0.645479864242605,0.014414100072516636,-0.21987354337679102,-0.5590930535356188,0.030642658068648878,-0.2538864325683628,0.027309927438276385,-0.0007334830446015696
1000,19,192,3.6398117542266846,0.8564701063390369,0.7352410458738047,0.08709853695209185,-0.6458311635035312,0.014415839022765331,-0.22274605176510995,-0.5607614945602158,0.03067189690990751,-0.2541508845999936,0.027305147379926686,-0.000732524873652334
1000,19,193,3.6397593021392822,0.8565627434156742,0.7362975903915919,0.0855398697913316,-0.6461659146870818,0.01441725600895808,-0.22555854960436897,-0.5623535390742295,0.030699271078186468,-0.25440464477156666,0.027300547942102415,-0.0007316047490425651
1000,19,194,3.6397082805633545,0.8566811128611839,0.7373359566777616,0.08402373889675899,-0.6464846862386631,0.014418382022287433,-0.22831188829100793,-0.5638726543039091,0.03072487669064965,-0.254648633352727,0.02729611635365531,-0.0007307198856807464
1000,19,195,3.6396589279174805,0.8568231910154156,0.7383563423944268,0.08254875781901978,-0.6467881729248821,0.014419243749613644,-0.23100709982071138,-0.5653222487089578,0.03074881306836642,-0.2548837036844183,0.027291858087934624,-0.0007298675482091384
1000,19,196,3.63961124420166,0.8569869906375871,0.7393588355413024,0.0811135747699936,-0.6470770063517458,0.014419867016930502,-0.23364513878948764,-0.5667055544494386,0.03077117312459522,-0.25511047485712895,0.027287756724892594,-0.0007290456478091038
1000,19,197,3.6395652294158936,0.8571706958683859,0.7403436441828078,0.07971685182605362,-0.6473518181252608,0.014420275928498883,-0.23622711459269763,-0.568025744918868,0.030792056180405408,-0.25532963289004895,0.027283812264529216,-0.0007282517972593426
1000,19,198,3.6395204067230225,0.8573724615205083,0.7413110031206112,0.07835729958930043,-0.6476132398514336,0.01442049200598028,-0.23875413662570227,-0.5692861698104027,0.03081155514905542,-0.2555417968736667,0.02728002288239474,-0.0007274843056114342
1000,19,199,3.6394765377044678,0.8575907582800114,0.7422612672609527,0.0770336494585749,-0.6478620294574725,0.014420535049303268,-0.2412273142838626,-0.570489826217919,0.030829759739898238,-0.2557474855054184,0.02727637763179066,-0.0007267412829818495
1000,19,200,3.639434337615967,0.8578240692238084,0.7431947354053515,0.07574466056170498,-0.6480988185493841,0.014420423997529961,-0.24364786016210796,-0.5716396524687474,0.030846753254475907,-0.25594715055403916,0.027272872863817466,-0.0007260210881559448
1000,19,201,3.6393930912017822,0.8580709441411708,0.7441117831477909,0.0744891336199993,-0.6483243018937759,0.014420175207123093,-0.24601693525558355,-0.5727386456567644,0.030862631809952325,-0.2561412270560882,0.0272694994562264,-0.0007253224777892931
1000,19,202,3.6393535137176514,0.8583301105096832,0.7450128237182373,0.07326591094824707,-0.648539174257255,0.014419803312812481,-0.24833577795911088,-0.5737895678096603,0.030877465892247685,-0.25633006638724826,0.027266255584567713,-0.0007246441090699131
1000,19,203,3.6393141746520996,0.8586003194504609,0.7458983016743901,0.07207386259022458,-0.648744130406429,0.014419322949327941,-0.2506056008676194,-0.5747952397216722,0.03089134841462043,-0.256514019923202,0.0272631412488414,-0.0007239849873222634
1000,19,204,3.6392762660980225,0.8588804378910329,0.7467686330528289,0.07091190711543555,-0.6489398019473045,0.014418746168799908,-0.25282766817582275,-0.5757582471208506,0.030904353066896213,-0.2566933553787552,0.027260143677899206,-0.0007233441676045794
1000,19,205,3.6392393112182617,0.8591694607612151,0.7476243226374076,0.06977895616113691,-0.6491268836464889,0.014418085023358819,-0.25500324407843455,-0.5766811169686993,0.030916566354522546,-0.25686834046871376,0.027257270169540132,-0.0007227209536439819
1000,19,206,3.6392035484313965,0.8594663749578502,0.7484658423713013,0.06867399068705331,-0.6493060071099889,0.014417348982535733,-0.25713356697027634,-0.5775663762267222,0.030928052355608696,-0.25703922617570807,0.02725451160151542,-0.0007221146491675918
1000,19,207,3.6391685009002686,0.8597702333220965,0.7492935854632548,0.06759599165290939,-0.6494777407832104,0.014416547515861706,-0.2592198494462776,-0.5784163167902371,0.030938891167791246,-0.2572061296249657,0.02725186797382507,-0.000721524508168753
1000,19,208,3.6391336917877197,0.8600801379552308,0.7501079492075626,0.06654399547640397,-0.6496425899509589,0.014415690092867795,-0.26126332990125967,-0.5792331717880145,0.030949143665274,-0.2573692181382403,0.027249333813119832,-0.0007209501825110258
1000,19,209,3.6391005516052246,0.8603952262593144,0.7509093532661326,0.06551703857523584,-0.6498010598980398,0.014414784461352137,-0.26326524673004426,-0.5800191743488256,0.03095888353788262,-0.25752864230511013,0.027246905470500196,-0.0007203910753890853
1000,19,210,3.639068126678467,0.8607147977914874,0.7516981236428055,0.06451420589283123,-0.6499535927486577,0.014413837508246412,-0.26522670932799225,-0.5807760874690683,0.03096815884419905,-0.2576844857864521,0.027244577472616906,-0.0007198467889327147
1000,19,211,3.639035940170288,0.8610381053053058,0.7524746824860645,0.06353461703385022,-0.650100693787618,0.014412856981348757,-0.2671489302900331,-0.5815059679778737,0.030977036866238022,-0.25783676531444144,0.027242346170570465,-0.0007193169750054747
1000,19,212,3.639004707336426,0.861364477956295,0.7532392639349261,0.06257739160295285,-0.6502426788179241,0.01441184890672439,-0.2690329416118514,-0.5822104025720002,0.03098556566258149,-0.25798554781777966,0.027240207915461362,-0.0007188012357371485
1000,19,213,3.638974666595459,0.8616932911961114,0.753992273813864,0.061641725459513685,-0.6503799899637805,0.014410819310438527,-0.2708799042885922,-0.5828912130143924,0.030993796495716864,-0.2581308667608175,0.027238153585040843,-0.0007182994219264049
1000,19,214,3.638944625854492,0.8620239867464207,0.7547339869383494,0.060726814462907265,-0.6505129430281907,0.014409773357689932,-0.2726908761158324,-0.5835498684687154,0.031001771016415172,-0.2582727388757303,0.027236177705959652,-0.0007178108870341417
1000,19,215,3.638916015625,0.8623560328090567,0.755464666295282,0.059831854472508154,-0.6506418538141582,0.014408717074543819,-0.27446681168958026,-0.5841877793320877,0.031009534079352894,-0.25841119762686887,0.027234274804868532,-0.0007173355813265821
1000,19,216,3.638887405395508,0.8626888656623325,0.7561845294671927,0.05895612453465214,-0.6507669749640853,0.014407655626198945,-0.2762087172056281,-0.5848063560016276,0.0310171241313956,-0.25854617608553165,0.027232439408418227,-0.0007168731566672863
1000,19,217,3.638859748840332,0.8630220542570303,0.756893808100756,0.058098882898934716,-0.6508885591203749,0.014406594177854073,-0.27791754725998435,-0.5854067738082673,0.031024573211597913,-0.25867765751954336,0.027230666043259483,-0.000716423364387369
1000,19,218,3.6388328075408936,0.8633550820563132,0.7575926292496351,0.057259471001912636,-0.6510067326042284,0.0144055370338415,-0.279594204848873,-0.5859902080829389,0.0310319197668254,-0.25880562519672856,0.02722894193824404,-0.0007159859558179448
1000,19,219,3.6388063430786133,0.8636875480869917,0.7582811808873846,0.05643721641564909,-0.6511216848974477,0.014404488498493524,-0.2812395413687338,-0.5865577166234811,0.0310391862244163,-0.25893009584926263,0.027227267093371893,-0.000715560533088797
1000,19,220,3.638780117034912,0.8640190692031352,0.7589596333005911,0.05563147790731775,-0.6512336054818348,0.014403453737008905,-0.2828544082160066,-0.5871102984611862,0.03104640141951979,-0.2590509858162688,0.02722562691304503,-0.0007151469967323715
1000,19,221,3.6387550830841064,0.8643492793122646,0.7596281387642717,0.05484165583757291,-0.6513426206785912,0.01440243705371994,-0.28443963098723907,-0.5876488938607999,0.03105358777947411,-0.259168295097747,0.027224023221713207,-0.0007147451478135599
1000,19,222,3.638730525970459,0.8646779218146268,0.7602868735449149,0.05406719562667289,-0.6514489199695187,0.014401441892092469,-0.28599595787930254,-0.588174266787428,0.031060767731617502,-0.25928197349717125,0.02722245054602716,-0.0007143546879296998
1000,19,223,3.6387062072753906,0.8650046723711133,0.7609360279555161,0.05330757735610985,-0.6515526296758187,0.01440047255645879,-0.2875241886888526,-0.5886873575058161,0.031067966907193677,-0.2593920712110675,0.02722090341263764,-0.0007139754678794599
1000,19,224,3.6386826038360596,0.8653293033050263,0.7615757072151255,0.0525622949718695,-0.6516538761186926,0.014399532490284743,-0.2890249426133,-0.5891887536814303,0.03107519491791902,-0.2594985547750851,0.027219374523745638,-0.000713607288727732
1000,19,225,3.6386594772338867,0.8656515351241341,0.7622060494192056,0.05183086668280124,-0.6517527224587412,0.014398625137036167,-0.2904990194493003,-0.5896792192793764,0.031082470987226312,-0.2596014074570487,0.027217862054901402,-0.0007132500012731847
1000,19,226,3.638637065887451,0.8659712013151816,0.7628272856338763,0.05111285922348188,-0.6518493581777661,0.0143977539401789,-0.2919470383942642,-0.5901594594982136,0.03108981113464287,-0.2597007296500104,0.027216369655004433,-0.0007129034065807097
1000,19,227,3.6386148929595947,0.8662881143965675,0.7634395565663326,0.050407849726858384,-0.651943909596969,0.01439692234317878,-0.2933696186456027,-0.590630062003408,0.031097231379696017,-0.25979648788961957,0.027214888201805978,-0.0007125673057151988
1000,19,228,3.6385934352874756,0.866602139565008,0.7640430283415276,0.04971543265649464,-0.6520365030375512,0.01439613378950165,-0.2947674052006184,-0.591091555693879,0.03110473492629121,-0.2598886654437008,0.027213419519755783,-0.0007122415494753206
1000,19,229,3.6385722160339355,0.8669131862773415,0.7646378518434463,0.049035247535558546,-0.6521272016601132,0.014395391722613345,-0.296140965656938,-0.5915443519354527,0.0311123345900503,-0.2599774129018324,0.0272119617844041,-0.000711926038393521
1000,19,230,3.638551950454712,0.8672211063127396,0.7652242357608086,0.04836694428558816,-0.6522161949464572,0.014394698725113246,-0.2974908934120801,-0.5919890971601419,0.031120043186595146,-0.2600626800674882,0.027210513171301177,-0.0007116205238009147
1000,19,231,3.6385319232940674,0.86752589391254,0.7658023596145709,0.047710207489355394,-0.6523036092177844,0.014394057379600733,-0.298817704463887,-0.5924260852006795,0.031127867123736674,-0.2601445506015451,0.02720907368044701,-0.0007113248564961703
1000,19,232,3.638512134552002,0.8678273362063585,0.7663723228025655,0.04706472866187894,-0.6523894444740949,0.014393470268675183,-0.3001219664099853,-0.5928559037225316,0.031135809605380347,-0.2602231081648799,0.027207650609640616,-0.0007110388872779566
1000,19,233,3.6384925842285156,0.8681254456714578,0.7669343215906095,0.04643022704716457,-0.6524738901971906,0.014392939114069516,-0.3014040920486487,-0.5932788465584312,0.031143873835431626,-0.26029840295401874,0.027206229363283967,-0.0007107624172111653
1000,19,234,3.6384737491607666,0.8684202928155562,0.7674885852064617,0.045806453084328506,-0.6525570727082729,0.014392467359249574,-0.30266464897750384,-0.5936951487745648,0.031152069425606905,-0.26037053536201366,0.02720482453697509,-0.0007104952473606881
1000,19,235,3.638455629348755,0.868711661519691,0.7680351725170501,0.045193157212487005,-0.6526389920073418,0.014392056725948272,-0.3039040757947167,-0.5941053392698515,0.03116039637590618,-0.2604395555853909,0.02720343248181447,-0.0007102371787914167
1000,19,236,3.638437509536743,0.8689996049877714,0.768574258911343,0.044590121065866774,-0.6527197744155987,0.014391708935898534,-0.3051227594986689,-0.5945095943439315,0.031168848278518527,-0.2605055807493779,0.02720204954890261,-0.0007099880125682427
1000,19,237,3.6384198665618896,0.8692841121695044,0.7691060389130859,0.04399711934644774,-0.6527995462542447,0.014391425710833275,-0.3063211644874186,-0.5949082665960841,0.031177437949065797,-0.26056867778267623,0.027200679387139014,-0.0007097475000222807
1000,19,238,3.6384029388427734,0.8695651564641729,0.7696305951947356,0.04341393715458001,-0.6528783075232802,0.014391208772485418,-0.3074997035592396,-0.5953015323259494,0.031186158979737068,-0.26062894707833795,0.027199320172073927,-0.0007095154422184224
1000,19,239,3.6383860111236572,0.869842695496551,0.770148053415564,0.04284038385347737,-0.6529561213833056,0.014391059842587883,-0.3086587895124058,-0.5956896853662601,0.031195011370532332,-0.2606864388328893,0.027197971903707353,-0.0007092914910202284
1000,19,240,3.638369560241699,0.8701166893303388,0.7706585099335085,0.04227628613697055,-0.653032987834321,0.014390979782007126,-0.30979878354540674,-0.5960729607832029,0.031203988713640673,-0.2607413203680838,0.027196640055388542,-0.0007090755469601443
1000,19,241,3.6383535861968994,0.8703871828644416,0.7711621250924244,0.04172145683439672,-0.6531090331975276,0.014390970312476067,-0.3109200726566242,-0.5964515348764174,0.031213094212967543,-0.26079359168392147,0.02719531550486874,-0.0007088670629666222
1000,19,242,3.6383378505706787,0.8706540750226112,0.7716589242991914,0.04117572610571,-0.6531841943123248,0.01439103143399471,-0.3120229406448714,-0.5968256427120903,0.03122231825679656,-0.2608434368343313,0.027194005549946953,-0.0007086659395721081
1000,19,243,3.638322591781616,0.8709174178194703,0.772148982141469,0.04063894837372818,-0.6532584711787126,0.014391164007429512,-0.3131077745085301,-0.5971952842902212,0.031231660845127723,-0.2608908892836641,0.027192704717273926,-0.0007084719778414936
1000,19,244,3.638307809829712,0.8711772516608846,0.7726325128351381,0.040110991925762625,-0.6533319901178924,0.014391368032780473,-0.31417496124598204,-0.5975607534435433,0.0312411155701501,-0.2609360661571474,0.02719141483129941,-0.000708284680437008
1000,19,245,3.6382930278778076,0.8714334967306213,0.773109563298281,0.03959172504912467,-0.6534047511298642,0.014391644370914052,-0.31522475885614837,-0.5979222852382431,0.03125067922795823,-0.26097905111565795,0.0271901322431239,-0.0007081038484235428
1000,19,246,3.6382789611816406,0.8716862078728201,0.7735801787493553,0.03908101256500229,-0.6534766910540273,0.014391992160963792,-0.31625750273762654,-0.5982798209077739,0.03126034541074119,-0.2610199780165987,0.0271888642505464,-0.0007079292331322126
1000,19,247,3.6382648944854736,0.8719353639300833,0.7740444710642391,0.038578740091323754,-0.6535478730509823,0.01439241226379615,-0.3172734766892299,-0.5986335955183221,0.031270107710688055,-0.26105891378867113,0.027187599906868407,-0.0007077603372252467
1000,19,248,3.6382508277893066,0.8721809368512253,0.7745025130253225,0.038084796712140725,-0.6536182971207293,0.014392903818544666,-0.3182729903096637,-0.5989837853695276,0.03127995971998789,-0.2610959253605767,0.027186346509888926,-0.0007075971607026451
1000,19,249,3.638237953186035,0.8724230400132791,0.7749544447993679,0.037599057647011325,-0.6536880264238689,0.014393465964342884,-0.31925632739774135,-0.5993303904613902,0.0312899014386407,-0.2611311465897183,0.027185102235158205,-0.0007074391067590829
1000,19,250,3.6382248401641846,0.8726616330235969,0.7754003545223846,0.037121411979987216,-0.6537570609604011,0.014394097840324341,-0.3202238233520603,-0.5996736458600966,0.031299916847119164,-0.26116464440479736,0.027183859784877234,-0.0007072861753945599
1000,19,251,3.638211965560913,0.8728968350230861,0.775840357527017,0.03665175919349021,-0.6538254638909267,0.014394798585622577,-0.3211756845717574,-0.6000134927991,0.03131001555713968,-0.26119655266321684,0.027182624632395267,-0.0007071379687388597
1000,19,252,3.6381995677948,0.8731285537010853,0.7762744824301857,0.03618999183769536,-0.6538931720548449,0.014395566478504674,-0.32211227225532235,-0.6003501663445868,0.03132017834526946,-0.26122687136497674,0.027181398602162062,-0.0007069942878568737
1000,19,253,3.6381874084472656,0.8733568109518799,0.7767028553484536,0.0357360301917648,-0.6539602486127564,0.014396400658104172,-0.32303379280189204,-0.6006838427961969,0.03133040521150851,-0.2612557510996553,0.027180179869727865,-0.0007068548840797167
1000,19,254,3.6381754875183105,0.8735817259292022,0.7771255601855785,0.035289773738120346,-0.6540266935646611,0.014397298541821691,-0.3239405300102797,-0.6010144046208371,0.03134069935976229,-0.26128327552812936,0.027178968435092675,-0.0007067195584722802
1000,19,255,3.6381642818450928,0.8738031962097226,0.7775426126699785,0.03485111849306043,-0.6540924437499586,0.014398259268790773,-0.3248327418794066,-0.6013420868846937,0.03135104477050348,-0.2613095115791004,0.02717776247380674,-0.0007065881120994561
1000,19,256,3.638152599334717,0.8740213692562011,0.7779542183387891,0.034419967405130265,-0.6541576254898499,0.014399281117278496,-0.32571073800797795,-0.6016669483543133,0.03136143823982663,-0.2613345429134452,0.027176563810319812,-0.0007064601470910276
1000,19,257,3.638141632080078,0.874236257464988,0.7783604305467802,0.03399623035512181,-0.6542222387843353,0.014400361504685483,-0.32657469899523867,-0.6019890477962427,0.03137187976773172,-0.26135846992421596,0.02717537244463189,-0.0007063356137132177
1000,19,258,3.6381311416625977,0.8744479364708497,0.7787613733676401,0.03357983802056737,-0.6542863467940153,0.014401498709278813,-0.327424908640002,-0.6023084439770284,0.03138235974250238,-0.26138130934358805,0.02717419020119273,-0.0007062143627646951
1000,19,259,3.638120174407959,0.8746564290204099,0.7791572010519701,0.03317071068062906,-0.6543500126794906,0.014402691009325567,-0.32826162494118916,-0.6026253719628567,0.03139287816413859,-0.2614031950289644,0.027173013431102823,-0.0007060960958427974
1000,19,260,3.6381099224090576,0.8748618284717967,0.779547966734275,0.03276876861446903,-0.6544132364407612,0.014403935822226365,-0.32908505429793694,-0.6029397142206345,0.031403425420923975,-0.26142417717687105,0.027171847607711425,-0.0007059806637461931
1000,19,261,3.6380999088287354,0.8750641058897186,0.7799337359051792,0.03237392516900263,-0.6544760180778271,0.01440523056538183,-0.3298954289092745,-0.6032516470500017,0.03141400151285853,-0.26144430598383417,0.027170687257669288,-0.0007058678675397743
1000,19,262,3.638090133666992,0.8752633905108581,0.7803146613802012,0.03198608329277507,-0.654538420751289,0.01440657265619258,-0.3306930583739071,-0.603561170450958,0.03142460323603679,-0.2614636316463798,0.027169536029875905,-0.0007057576574897636
1000,19,263,3.638080358505249,0.8754596148622008,0.7806907049661129,0.03160517712944202,-0.6546003813005462,0.014407960372925698,-0.3314780716912954,-0.6038683431900503,0.03143522418264783,-0.2614821708966833,0.02716839027543178,-0.0007056498346610528
1000,19,264,3.638070821762085,0.8756528548929483,0.7810619593031759,0.0312311061614253,-0.6546618997255987,0.014409390272115342,-0.33225067526057633,-0.6041731652672785,0.03144585474097526,-0.261500074324323,0.02716725364323641,-0.0007055441006509793
1000,19,265,3.638062000274658,0.8758431309876165,0.7814285438242514,0.03086378720176365,-0.6547230391870473,0.014410860632028595,-0.3330111528805631,-0.6044758129822824,0.03145649811492455,-0.2615173084649481,0.0271661224843903,-0.0007054406046608745
1000,19,266,3.6380529403686523,0.8760304665276746,0.7817904619321453,0.030503105868385363,-0.6547837365242911,0.014412368870066078,-0.3337596851505006,-0.6047762275685153,0.03146714789668476,-0.26153394024726007,0.027164996798893445,-0.0007053388493529675
1000,19,267,3.6380443572998047,0.8762149054707538,0.7821477401178609,0.030148999771069482,-0.6548439917373302,0.01441391240362841,-0.3344964010698493,-0.6050743502594308,0.031477797678444976,-0.26155000313560967,0.027163874762296092,-0.0007052390336623667
1000,19,268,3.638035774230957,0.876396445461525,0.7825004715629229,0.029801378790607992,-0.6549038048261646,0.014415488650116213,-0.3352215844374225,-0.6053703573546686,0.03148844105239426,-0.2615655305943476,0.027162761847947497,-0.0007051408591864096
1000,19,269,3.6380276679992676,0.876575173052748,0.7828487004893103,0.029460128544929166,-0.6549631757907944,0.014417095026930107,-0.33593539005257295,-0.6056641313211354,0.03149908122243808,-0.26158057282,0.02716165440694816,-0.0007050442264575418
1000,19,270,3.638019323348999,0.8767510507276368,0.7831924506133807,0.02912515891482498,-0.6550221046312195,0.014418729812337171,-0.3366379727146533,-0.6059557896919247,0.03150971178076552,-0.26159511308039146,0.027160550614848324,-0.0007049491354757637
1000,19,271,3.6380116939544678,0.8769241808080609,0.7835318723051864,0.028796386713334184,-0.6550806545080405,0.01442039042373803,-0.3373295904225847,-0.6062453912335827,0.03152032631956563,-0.26160921830422346,0.027159448647198242,-0.0007048553873059667
1000,19,272,3.6380038261413574,0.8770946033059012,0.7838669279039391,0.02847370102450843,-0.6551387622606568,0.014422074278533302,-0.3380103463759356,-0.6065327596464699,0.03153092483883843,-0.2616229052236714,0.02715835945069642,-0.000704763081415705
1000,19,273,3.6379964351654053,0.8772622878858146,0.7841976781412949,0.02815702039444817,-0.6551964278890685,0.014423779654990067,-0.3386804211739508,-0.6068180712302259,0.03154150093077299,-0.26163622403526127,0.02715726842974485,-0.0007046719691360932
1000,19,274,3.637988805770874,0.8774273333463041,0.784524151137835,0.02784623564026675,-0.6552536513932755,0.014425503970508947,-0.33933996961598306,-0.6071011496852111,0.03155204818755837,-0.26164915800681776,0.02715618105769278,-0.0007045820504671315
1000,19,275,3.637981653213501,0.8775897022229817,0.7848463992662089,0.027541256642756147,-0.6553104327732777,0.014427244642490561,-0.339989146501385,-0.6073821713110652,0.031562566609194584,-0.26166175733486696,0.027155099158989966,-0.0007044931264737113
1000,19,276,3.637974739074707,0.8777494903592064,0.7851644473138205,0.027241986350461565,-0.6553667720290753,0.014428999949201993,-0.3406281066295093,-0.6076609598081484,0.0315730497878707,-0.2616739885550582,0.027154017260287152,-0.0007044053463571639
1000,19,277,3.637968063354492,0.8779066838524313,0.7854783442999531,0.02694833984336006,-0.6554226691606683,0.014430768168910318,-0.3412569789998166,-0.6079376327095538,0.03158349451968126,-0.26168591859609286,0.027152940834933595,-0.0007043185111823811
1000,19,278,3.6379611492156982,0.8780613541045705,0.7857881463443297,0.026660237400613764,-0.6554781241680565,0.014432546719016164,-0.3418759700114438,-0.6082121312487351,0.03159390721243718,-0.2616975307257956,0.02715186988292929,-0.0007042327701506941
1000,19,279,3.6379549503326416,0.8782135364593394,0.7860938692813232,0.02637757503852111,-0.65553313705124,0.014434333877786604,-0.34248515706406724,-0.6084843966591453,0.03160427184661115,-0.26170885840851715,0.02715079893092499,-0.0007041479243269945
1000,19,280,3.637948751449585,0.8783632258192949,0.7863955715124119,0.02610027650236761,-0.6555877078102188,0.014436127923488723,-0.3430847207569317,-0.6087545464738779,0.0316145948300141,-0.2617199183764328,0.027149737101169445,-0.0007040640731788366
1000,19,281,3.637942314147949,0.8785105275310914,0.7866933176370543,0.02582822914314324,-0.6556418996055936,0.014437927134389602,-0.34367476428960564,-0.6090224631598397,0.031624863347024176,-0.26173069389736736,0.027148678920313404,-0.0007039810675048891
1000,19,282,3.6379361152648926,0.8786555098186387,0.786987189243902,0.025561337642454898,-0.6556957124373645,0.014439729788756319,-0.3442554682613339,-0.6092881467170304,0.031635083805452296,-0.26174126863219754,0.02714762621280662,-0.000703899006772706
1000,19,283,3.637930154800415,0.8787980677855712,0.7872771036996564,0.025299511881094555,-0.6557490831449305,0.014441535025722414,-0.3448268842719007,-0.6095516559119969,0.03164525300139301,-0.2617515589200465,0.027146575329749588,-0.0007038177915147333
1000,19,284,3.637924909591675,0.8789383084639759,0.7875631274423199,0.02504267733740942,-0.6558020117282919,0.01444334026268851,-0.34538916712065876,-0.6098128732116458,0.03165536132312991,-0.26176163168961575,0.02714552809559206,-0.0007037374714647481
1000,19,285,3.6379191875457764,0.8790762632232318,0.7878452716621372,0.02479073522688301,-0.6558544981874487,0.014445144638788147,-0.3459424458070686,-0.6100717398494307,0.03166541197456847,-0.26177142001220377,0.027144486334783786,-0.0007036579471551961
1000,19,286,3.637913465499878,0.8792119090876096,0.7881235450602418,0.024543574633566982,-0.6559064793618,0.014446947293154863,-0.3464868493305908,-0.6103283145918981,0.03167540175180324,-0.26178100754868744,0.027143448222875014,-0.0007035793677874087
1000,19,287,3.637908458709717,0.8793453419593859,0.7883980887612569,0.02430112276887024,-0.6559580815725474,0.014448746504055742,-0.347022506690686,-0.6105826562055945,0.03168533385873965,-0.26179039429906675,0.027142421057664755,-0.0007035015841600546
1000,19,288,3.6379032135009766,0.8794765416849669,0.7886687982291256,0.024063282581337993,-0.6560091784984894,0.01445054227149078,-0.3475494952870305,-0.6108345883908802,0.031695189071944956,-0.261799546798991,0.027141393892454495,-0.0007034245962731338
1000,19,289,3.6378982067108154,0.8796055426912094,0.7889357749156661,0.023829974350132368,-0.6560598333002267,0.014452332873727061,-0.34806794411908487,-0.6110842286808486,0.03170498661485191,-0.2618084985128108,0.027140374025043244,-0.0007033484538604233
1000,19,290,3.6378934383392334,0.8797323986496466,0.789199025639044,0.02360111315523042,-0.6561099828171586,0.014454116589031663,-0.3485780079862018,-0.6113314595424061,0.031714713671838674,-0.261817282904877,0.02713936327988075,-0.0007032732563894774
1000,19,291,3.6378886699676514,0.8798570358275845,0.789458559922314,0.023376615809670896,-0.6561596270492852,0.014455893417404587,-0.34907976428805765,-0.6115764572751927,0.031724367038999786,-0.26182588324301415,0.027138359832517264,-0.0007031988546589647
1000,19,292,3.6378836631774902,0.8799795679348851,0.7897143936066188,0.02315639739343085,-0.6562087659966064,0.014457661637112915,-0.3495732904243288,-0.611818986813022,0.031733949920240694,-0.26183429952722237,0.027137361858503035,-0.0007031253481364396
1000,19,293,3.6378791332244873,0.8800999799113169,0.7899665436619331,0.02294039031710426,-0.6562573996591222,0.014459421248156645,-0.3500586895945836,-0.6120591069224406,0.03174345590775049,-0.2618424982931508,0.02713637118228781,-0.0007030525876205706
1000,19,294,3.6378750801086426,0.8802183650171456,0.7902150610468076,0.022728521792100033,-0.6563055280368327,0.014461170528802856,-0.35053609079828274,-0.6122967000703553,0.0317528817976237,-0.2618505130051502,0.02713538415497209,-0.0007029806228451349
1000,19,295,3.6378705501556396,0.8803347191527358,0.7904599459897937,0.02252070516533353,-0.6563531511297379,0.014462909479051551,-0.35100551983531825,-0.6125317662567661,0.031762230793765785,-0.261858360395396,0.027134402601005626,-0.0007029095035439096
1000,19,296,3.637866258621216,0.8804490386463656,0.7907012566948698,0.02231686418209027,-0.6564002689378376,0.01446463809890273,-0.351467157304935,-0.6127644230147662,0.03177149328446036,-0.2618660237317128,0.02713343016928792,-0.0007028391799831175
1000,19,297,3.637862205505371,0.8805614294678055,0.7909390868884267,0.022116910456223916,-0.6564469446217327,0.014466354666623472,-0.35192110640670143,-0.6129946115778089,0.031780678881423816,-0.26187353647845135,0.02713246503536922,-0.0007027697018965359
1000,19,298,3.6378581523895264,0.8806718578482573,0.7911733747239846,0.021920765999958295,-0.6564931150208225,0.014468059182213777,-0.3523674187404018,-0.6132222731793477,0.0317897747690343,-0.2618808484390855,0.02713150719924953,-0.0007027009698166105
1000,19,299,3.6378540992736816,0.8807803577317376,0.7914041911882643,0.021728359757764007,-0.6565387801351068,0.014469751645673646,-0.3528062233054966,-0.6134474665859293,0.0317987905590082,-0.26188804327449206,0.027130558485378597,-0.0007026331329446724
1000,19,300,3.637850522994995,0.8808870121270566,0.7916316329991453,0.021539638004728568,-0.6565840031251865,0.014471432057003079,-0.35323770070123073,-0.6136701917975534,0.03180771984353459,-0.2618950540559697,0.02712961524485692,-0.0007025659923456136
1000,19,301,3.6378469467163086,0.8809917783188557,0.7918555995566242,0.021354531418384275,-0.6566287208304609,0.014473098694469154,-0.3536617735279278,-0.6138903312811271,0.03181656262261346,-0.2619018807835182,0.0271286774776845,-0.0007024997966883192
1000,19,302,3.637843132019043,0.8810947591634635,0.7920762668924399,0.021172949879523097,-0.6566729964115304,0.014474751558071874,-0.35407869978450895,-0.6141080025697435,0.03182531889624483,-0.2619085903858393,0.027127750657210587,-0.0007024343470376812
1000,19,303,3.6378395557403564,0.8811958712355472,0.792293517708403,0.020994825798739018,-0.656716703547194,0.014476390647811239,-0.35448850527086634,-0.614323146896856,0.03183398546052322,-0.261915149398582,0.027126831134535685,-0.0007023696931274763
1000,19,304,3.637836456298828,0.8812951359304252,0.7925074085325685,0.020820089853564327,-0.6567598422374517,0.014478015963687248,-0.35489131898646054,-0.6145358230290112,0.0318425655193541,-0.26192159128609727,0.02712592073410954,-0.0007023057852239277
1000,19,305,3.6378328800201416,0.8813926223339331,0.7927180201912419,0.020648674454593008,-0.6568024756429038,0.0144796275056999,-0.35528724413085994,-0.6147460309662091,0.03185105586883201,-0.2619278993162095,0.027125017631482402,-0.0007022426730608124
1000,19,306,3.6378297805786133,0.8814883064010013,0.7929253013247242,0.020480513745480728,-0.65684454060295,0.014481223552116278,-0.35567635810374093,-0.614953711941903,0.03185945650895694,-0.2619340065602175,0.02712412182665427,-0.0007021803069043532
1000,19,307,3.637826681137085,0.8815823086729736,0.7931293898736834,0.020315569598870254,-0.6568861002781908,0.014482805824669298,-0.356058764104672,-0.6151588659560929,0.0318677674397289,-0.2619400636076993,0.02712323696852465,-0.0007021187862221045
1000,19,308,3.6378235816955566,0.8816745087523088,0.7933302128326419,0.020153767493108793,-0.6569270915080256,0.014484372601626043,-0.3564345395333295,-0.6153616105418722,0.03187598866114789,-0.2619459366012521,0.02712236123264379,-0.0007020580612802891
1000,19,309,3.6378207206726074,0.8817650475028248,0.793527873486042,0.019995041571852015,-0.6569675142924544,0.014485923882986513,-0.35680386498895816,-0.6155618281661476,0.03188411376540297,-0.2619517259339281,0.027121489145662432,-0.0007019980823451299
1000,19,310,3.637817859649658,0.8818538678986035,0.7937223406312872,0.019839339843249145,-0.6570073686314771,0.014487459668750707,-0.35716674047155805,-0.6157595775954656,0.031892155568116004,-0.26195736467702585,0.027120628005379586,-0.0007019387002152955
1000,19,311,3.63781476020813,0.8819411243911189,0.79391378945951,0.019686610315449393,-0.6570467808462952,0.014488979958918626,-0.3575233207804818,-0.6159548588298264,0.031900104457570605,-0.261962886294896,0.0271197759873455,-0.0007018802630272258
1000,19,312,3.6378121376037598,0.8820267445258395,0.7941022282018921,0.019536811394972136,-0.6570857509369086,0.01449048475349027,-0.35787363171562164,-0.6161478481688697,0.031907963637672225,-0.261968307519714,0.02711893491600992,-0.0007018225221120352
1000,19,313,3.6378090381622314,0.8821108607830036,0.794287665341821,0.0193898876238432,-0.6571242157427165,0.014491974052465637,-0.35821785387622224,-0.6163382517798623,0.03191572990451542,-0.26197359488712907,0.027118095669124098,-0.0007017654774697236
1000,19,314,3.6378066539764404,0.8821934533067851,0.7944701957757961,0.019245785277150117,-0.6571622384243199,0.01449344785584473,-0.3585560388620679,-0.6165263047289911,0.03192340646200563,-0.2619788320580181,0.027117271017836286,-0.0007017091291002913
1000,19,315,3.6378042697906494,0.8822745591622481,0.7946498355076015,0.019104466227535637,-0.6571998189817185,0.014494906163627546,-0.3588882898727271,-0.6167119482497089,0.03193099010623741,-0.26198395210367953,0.027116455488797236,-0.0007016535764712923
1000,19,316,3.6378018856048584,0.8823541426521879,0.7948265764275972,0.018965880216210675,-0.6572368942543118,0.014496348975814088,-0.35921471010776823,-0.6168952411085628,0.03193848724502167,-0.26198897175628877,0.02711564725755719,-0.0007015987201151722
1000,19,317,3.6377995014190674,0.8824322200429233,0.7950004679989365,0.01882997005213937,-0.6572734642420996,0.014497776292404353,-0.35953540276675977,-0.617076242072099,0.03194589467445296,-0.2619939244801966,0.027114846324116156,-0.0007015444605643773
1000,19,318,3.6377968788146973,0.8825088552348802,0.7951715558329608,0.01869668201040924,-0.6573095921056828,0.014499186391665425,-0.35985041944948604,-0.6172548923737712,0.03195320919062581,-0.2619987433467014,0.027114052688474125,-0.0007014908972864614
1000,19,319,3.6377947330474854,0.8825841233134563,0.795339926239996,0.018565986628971513,-0.6573452778450614,0.01450058099533022,-0.36015994075519175,-0.6174311920135793,0.03196044040525662,-0.26200346182015416,0.027113269999530606,-0.0007014379805476477
1000,19,320,3.6377925872802734,0.8826579569266833,0.7955055356383238,0.018437821517605243,-0.6573804582996345,0.014501960103398739,-0.3604639666838769,-0.6176051997580699,0.03196758191053445,-0.26200813009708074,0.02711249278393634,-0.0007013858098154901
1000,19,321,3.6377902030944824,0.8827304122569127,0.7956684774164626,0.018312134684459656,-0.657415196630003,0.014503323715870984,-0.36076265203489427,-0.6177769743737895,0.03197463050255384,-0.2620126812487798,0.02711172833949034,-0.0007013342358886574
1000,19,322,3.6377882957458496,0.8828014752253397,0.7958287386651861,0.018188889735239196,-0.6574494296755661,0.014504671832746953,-0.36105604840802796,-0.6179465158607383,0.03198159899693666,-0.26201718220395276,0.027110969368393596,-0.0007012833085009269
1000,19,323,3.6377861499786377,0.8828712636694747,0.7959864527456838,0.01806804854258662,-0.6574832837575252,0.014506002732293726,-0.36134425900284656,-0.6181138242189163,0.03198847457806103,-0.26202159949824894,0.027110215870646104,-0.0007012329281847442
1000,19,324,3.637784242630005,0.8829397809548556,0.7961415978124138,0.017949567779959617,-0.6575166957152796,0.014507318136244224,-0.36162738701891844,-0.6182788406817765,0.031995266857643354,-0.2620258996673175,0.027109476968496627,-0.0007011833436089947
1000,19,325,3.637782573699951,0.8830070212756992,0.7962942826618377,0.017833417985309404,-0.65754972870943,0.014508618044598447,-0.36190550985591996,-0.6184418003155059,0.032001975835683635,-0.26203016637203536,0.027108741715246656,-0.0007011342563710162
1000,19,326,3.6377806663513184,0.8830730133219064,0.7964444851748869,0.017719557565155357,-0.6575823195793756,0.014509902457356394,-0.36217873071341966,-0.6186025855870108,0.032008598308276404,-0.26203436614805176,0.027108011935345937,-0.0007010857659383626
1000,19,327,3.6377785205841064,0.8831377271602182,0.7965922308266851,0.017607944926016843,-0.6576144683251167,0.014511171374518066,-0.3624471527909859,-0.6187613140293847,0.032015140683232586,-0.26203844879884064,0.02710729857549299,-0.000701037922044811
1000,19,328,3.6377766132354736,0.8832012365461052,0.7967375755532851,0.017498533275228167,-0.657646174946653,0.014512424796083463,-0.36271082768840296,-0.6189179268760808,0.03202159975664672,-0.26204253144962947,0.027106588864539538,-0.0007009907246903615
1000,19,329,3.637775182723999,0.8832635526031087,0.7968805339572129,0.017391289684617155,-0.6576774394439846,0.014513662722052583,-0.3629698586052393,-0.6190724241270994,0.032027975528518805,-0.2620465304395415,0.02710588827583485,-0.0007009439749399057
1000,19,330,3.637773275375366,0.8833245970654949,0.7970210776836247,0.017286167361518112,-0.6577081986565109,0.014514885152425428,-0.3632242971412791,-0.6192249233155334,0.03203426799884885,-0.2620504625007521,0.02710519498492917,-0.000700897921462329
1000,19,331,3.6377718448638916,0.8833844787264257,0.7971593013655414,0.017183124712450405,-0.6577385157448324,0.014516092087201999,-0.36347424649609084,-0.6193753656748362,0.03204048357544777,-0.26205432763326125,0.027104512640721997,-0.0007008523653225232
1000,19,332,3.637770414352417,0.8834431879235046,0.7972952525052264,0.017082120143933406,-0.6577683907089493,0.014517285248115212,-0.36371980986924307,-0.6195238687381013,0.03204662225831557,-0.26205814256924426,0.02710383212096458,-0.0007008073562542651
1000,19,333,3.6377689838409424,0.8835007554160255,0.797428967157058,0.01698310166411634,-0.6577978235488615,0.01451846291343215,-0.363961064660412,-0.6196704325053284,0.03205267763964132,-0.2620619240408766,0.027103162547905672,-0.0007007629439913321
1000,19,334,3.6377675533294678,0.8835572593371809,0.7975605058126416,0.01688603807788873,-0.6578268774251697,0.014519625083152812,-0.36419806246938197,-0.619814998209971,0.03205865292333049,-0.26206563858380744,0.027102502097095523,-0.0007007190787999471
1000,19,335,3.637766122817993,0.8836127213073909,0.797689922367977,0.01679087739339979,-0.6578555523378739,0.01452077347901012,-0.3644309064957214,-0.6199576246185757,0.032064557721099465,-0.26206931966238756,0.02710184894408438,-0.0007006756612125556
1000,19,336,3.6377646923065186,0.8836670759556071,0.7978172022278752,0.016697598813909215,-0.657883848286974,0.01452190637927115,-0.3646596225393224,-0.6200984292642358,0.032070379217326396,-0.26207290034791547,0.02710119943997274,-0.000700632691229158
1000,19,337,3.637763023376465,0.883720465896068,0.79794239323548,0.0166061780765533,-0.6579117652724701,0.014523025505668826,-0.36488426219996917,-0.6202371770807648,0.0320761238198222,-0.262076464301268,0.027100560882559615,-0.0007005903180510852
1000,19,338,3.6377615928649902,0.8837728807285443,0.7980655975528088,0.01651657358785142,-0.6579393664549629,0.014524130858203145,-0.3651049802770145,-0.620374103134349,0.03208179473249235,-0.26207996132591915,0.027099922325146488,-0.0007005484422107833
1000,19,339,3.6377604007720947,0.8838242846376628,0.7981867771755231,0.016428761084939878,-0.6579665886738516,0.01452522071514119,-0.36532180257035035,-0.6205092074249886,0.032087385547525916,-0.2620834081540442,0.027099298363331373,-0.0007005069642406981
1000,19,340,3.637759208679199,0.8838747556676282,0.7983059922507179,0.016342711105769892,-0.657993495089737,0.014526296798215876,-0.365534754879869,-0.6206424311861369,0.03209290267273382,-0.2620868047856431,0.02709867440151626,-0.0007004659836083837
1000,19,341,3.6377580165863037,0.8839242863029325,0.7984232640148402,0.01625838205686084,-0.658020085702619,0.014527359107427208,-0.3657439146052467,-0.6207738331843405,0.03209834610811607,-0.2620901177563652,0.02709806321084941,-0.0007004255500476171
1000,19,342,3.637756824493408,0.8839728849050024,0.7985386590900729,0.01617574967534902,-0.6580462973518971,0.014528405921042264,-0.3659494881456204,-0.6209035309526927,0.032103719057578126,-0.2620934307270873,0.027097455669082064,-0.0007003855143570672
1000,19,343,3.637755870819092,0.8840205922114874,0.7986521682951507,0.016094784499185655,-0.6580721931981718,0.014529440682526885,-0.3661513723014216,-0.6210314069581001,0.03210902152111999,-0.2620967102334587,0.027096857249563476,-0.0007003460257380651
1000,19,344,3.637754440307617,0.8840673661715716,0.7987638023402488,0.016015448401013505,-0.6580977100808424,0.014530461670148149,-0.36634974767189515,-0.6211575787336562,0.032114250294836194,-0.2620999060789532,0.02709626247894439,-0.0007003068852555027
1000,19,345,3.637753486633301,0.8841132864633039,0.7988736508347412,0.015937704986537023,-0.6581229111605097,0.014531468883906056,-0.36654466585682527,-0.6212820462793607,0.032119414990443136,-0.26210306846009707,0.027095675006124312,-0.0007002683415782652
1000,19,346,3.6377525329589844,0.8841583497549316,0.7989817114774823,0.015861526526769122,-0.6581477964371737,0.014532462323800607,-0.36673615265610404,-0.6214048095952137,0.03212450599622441,-0.26210616391253944,0.027095096655552993,-0.0007002302455050214
1000,19,347,3.637751579284668,0.8842025385657559,0.7990880219591561,0.01578688182659933,-0.6581723027502336,0.014533441989831803,-0.3669243370691921,-0.6215259862143084,0.03212953292389643,-0.26210929282933254,0.027094527427230435,-0.0007001925970357714
1000,19,348,3.6377503871917725,0.8842459066839067,0.7991925874365625,0.015713743157040567,-0.6581964932602902,0.014534409603732562,-0.3671092190960894,-0.6216454586035517,0.03213449256955371,-0.26211232135307344,0.02709396184780738,-0.0007001554459042922
1000,19,349,3.637749671936035,0.8842883993412465,0.7992954042396926,0.015642068924612205,-0.6582203048067428,0.014535363443769966,-0.3672908503365802,-0.6217633442960367,0.03213938493319626,-0.26211533314463903,0.02709340174173358,-0.0007001187423768066
1000,19,350,3.6377484798431396,0.8843300655757264,0.7993965000685357,0.015571824468080387,-0.6582437373895913,0.014536305231676932,-0.36746930819034085,-0.6218795845252169,0.032144213218729546,-0.2621183114718538,0.027092850757908536,-0.000700082536187092
1000,19,351,3.6377475261688232,0.8843709510552533,0.7994959544538899,0.015502983791519721,-0.6582668541694365,0.014537233245720543,-0.3676446700570477,-0.6219942380576386,0.032148974222248106,-0.2621212396025426,0.027092307071882503,-0.0007000467278675938
1000,19,352,3.637747049331665,0.8844110000654084,0.7995937069584866,0.015435531297374974,-0.6582895919856777,0.014538149207633718,-0.36781691013680856,-0.6221073048933022,0.03215366794375193,-0.2621241342688806,0.027091772508105228,-0.0007000113174183125
1000,19,353,3.6377458572387695,0.8844502847174974,0.7996898662702047,0.01536942019298044,-0.6583120139989155,0.014539053117416455,-0.3679861574290841,-0.6222188437987543,0.03215830079105195,-0.2621269954708678,0.027091239768777704,-0.0006999763545730247
1000,19,354,3.6377451419830322,0.8844887920697226,0.7997844191661636,0.015304621016287342,-0.65833412020915,0.014539943253335836,-0.36815241193387427,-0.6223288547739945,0.0321628695602427,-0.2621297897441537,0.027090712502799437,-0.0006999418890655079
1000,19,355,3.637744188308716,0.8845266057239644,0.7998774037166376,0.015241111237493672,-0.6583559106163811,0.014540821337124782,-0.3683157252509633,-0.6224372202859298,0.03216737104741872,-0.26213256728526413,0.027090192534620174,-0.0006999077219606535
1000,19,356,3.6377434730529785,0.8845636123616181,0.7999687789220268,0.015178868326797426,-0.6583773220600082,0.014541687368783291,-0.3684761489801354,-0.6225441166342001,0.032171811660390945,-0.26213529462984847,0.02708967803979017,-0.00069987405219357
1000,19,357,3.637742757797241,0.8845999962386636,0.8000586941136251,0.015117854156841363,-0.6583984808612326,0.014542543070044283,-0.3686337863209591,-0.6226494262857122,0.03217619139915936,-0.26213797177790676,0.02708917084275917,-0.0006998407305629259
1000,19,358,3.637742280960083,0.8846356623253411,0.8001471006629199,0.015058042731700088,-0.6584193238594538,0.014543386719174838,-0.36878863727343436,-0.6227532667735591,0.0321805070598185,-0.26214061546161427,0.027088669119077428,-0.0006998078068024985
1000,19,359,3.6377413272857666,0.8846706099415382,0.8002340264902696,0.014999423653003448,-0.6584398510546715,0.014544218316174957,-0.36894075343734545,-0.6228556968642875,0.03218476505017931,-0.26214324241314646,0.02708817286874494,-0.0006997753306460648
1000,19,360,3.6377406120300293,0.8847048620727571,0.8003194702605669,0.014941958793394201,-0.6584600624468859,0.014545039582777558,-0.3690901606125844,-0.622956657791351,0.032188958962430854,-0.26214581916815255,0.02708768391621146,-0.0006997432523598478
1000,19,361,3.637739896774292,0.8847384780224873,0.8004035538067362,0.01488562562307034,-0.6584800211966976,0.014545848797249723,-0.3692370135985039,-0.6230562670878426,0.03219309520438405,-0.26214834572663254,0.027087200437027233,-0.0006997116216776245
1000,19,362,3.637739419937134,0.8847715877001563,0.8004863385848048,0.014830405078353244,-0.6584997904647073,0.014546647681324371,-0.3693813123951041,-0.6231543484541224,0.03219717697994437,-0.26215085555293716,0.027086722431192263,-0.0006996803888656179
1000,19,363,3.6377389430999756,0.884804051089034,0.800567753702367,0.0147762763625026,-0.6585193070903143,0.014547434513268584,-0.36952303120249275,-0.6232510781898305,0.032201201085206355,-0.26215333191489104,0.027086255372055806,-0.0006996496533913821
1000,19,364,3.637737989425659,0.884835913965781,0.8006478505903581,0.014723225611024867,-0.6585385710735187,0.014548211014815278,-0.3696622732202383,-0.6233464562949667,0.03220516752017,-0.2621557915446696,0.027085791961818848,-0.0006996192163198087
1000,19,365,3.637737512588501,0.8848671655139424,0.8007266457389295,0.014671209497377725,-0.6585575824143203,0.014548977185964455,-0.36979909004812506,-0.6234405415360776,0.0322090762848353,-0.2621582177100974,0.02708533402493115,-0.0006995892268522291
1000,19,366,3.637737274169922,0.8848978791108092,0.800804138107138,0.014620208957882552,-0.6585763411127192,0.014549731304983196,-0.369933481686153,-0.6235331576135235,0.03221293699091864,-0.26216061041117444,0.027084881561392705,-0.0006995596849886432
1000,19,367,3.6377360820770264,0.8849279956696972,0.80088037371512,0.01457020492886073,-0.6585948471687155,0.014550475093604421,-0.3700655513338905,-0.6236245395934906,0.032216740026703654,-0.2621629696479008,0.027084438220103018,-0.0006995304912614968
1000,19,368,3.637735605239868,0.8849575641949242,0.8009553522157544,0.014521182679287866,-0.6586131005823092,0.014551210273561047,-0.37019532479122985,-0.623714569942886,0.03222048859609579,-0.2621652619559257,0.027083998527712837,-0.0006995017451383442
1000,19,369,3.637735605239868,0.884986541688619,0.8010290544400746,0.014473125745077883,-0.6586310381928995,0.014551935123120157,-0.37032282785806303,-0.6238033074282561,0.0322241859030005,-0.2621675542639506,0.027083564308671912,-0.0006994733471516312
1000,19,370,3.6377346515655518,0.8850149502800571,0.8011015331434319,0.014426015929083005,-0.658648723161087,0.01455264964228175,-0.3704481121341743,-0.6238908108161475,0.03222783194741781,-0.26216977964327404,0.027083139211879742,-0.0006994453967689119
1000,19,371,3.6377341747283936,0.8850428021945246,0.8011727749253079,0.014379825502316148,-0.6586660923262713,0.014553353831045826,-0.3705712292193479,-0.6239770213400136,0.03223142352544224,-0.2621719882904221,0.027082715939537327,-0.0006994177945226322
1000,19,372,3.6377341747283936,0.8850700758878125,0.8012427842496304,0.014334524136197686,-0.6586831456884521,0.014554047689412384,-0.3706921791135838,-0.6240619977664011,0.03223496704488472,-0.26217419693757016,0.027082298140544164,-0.0006993904906790148
1000,19,373,3.6377336978912354,0.8850967975710354,0.8013115907364848,0.014290112697258469,-0.6586999464082304,0.014554732939114344,-0.37081098761677417,-0.62414574009531,0.03223844969012339,-0.26217630519166607,0.027081883990450507,-0.0006993635349718372
1000,19,374,3.637732982635498,0.8851229458547479,0.8013791989470539,0.014246572121819873,-0.6587164313250052,0.014555407858418789,-0.3709277063287032,-0.6242283070932867,0.03224189068459104,-0.2621784134457619,0.027081477138155858,-0.000699336927401099
1000,19,375,3.6377322673797607,0.8851486761124177,0.8014457535563547,0.014203896344165976,-0.6587327267599781,0.014556074169058636,-0.37104243844893936,-0.6243096399937849,0.03224527721266581,-0.26218050496768247,0.027081075759210465,-0.0006993107177005775
1000,19,376,3.6377320289611816,0.8851739497362614,0.8015112125128963,0.014162060234902232,-0.6587488327131489,0.014556730149300966,-0.3711551065778063,-0.6243897387968044,0.0322486188860641,-0.2621825630252523,0.027080681678064076,-0.0006992849058702727
1000,19,377,3.6377315521240234,0.8851988352959663,0.8015756796783254,0.01412104213075748,-0.6587648123451184,0.014557377520878698,-0.3712658139148725,-0.6244686622688917,0.032251912500880435,-0.2621846043506467,0.027080293070266947,-0.0006992593924426303
1000,19,378,3.6377315521240234,0.8852231912363048,0.8016390268002913,0.014080819501929716,-0.6587805393346852,0.014558014562058913,-0.3713745346602459,-0.6245464691765937,0.03225515164930389,-0.262186595479515,0.027079904462469814,-0.0006992342271514275
1000,19,379,3.637730598449707,0.8852471401571883,0.8017013347769786,0.014041376750863702,-0.65879607684245,0.01455864299457453,-0.37148132041371057,-0.6246230419868171,0.0322583427391454,-0.26218855314403267,0.02707952497692144,-0.0006992094099966642
1000,19,380,3.637730121612549,0.8852706273531379,0.8017625987811572,0.01400270434572013,-0.6588113617078121,0.014559262818425551,-0.3715862743748351,-0.6246984982326549,0.03226148897431042,-0.26219047734419954,0.027079152789172074,-0.0006991849907121176
1000,19,381,3.637730121612549,0.8852936034003976,0.8018227647579593,0.013964789288536304,-0.6588263307701709,0.014559874033611973,-0.3716893707437273,-0.6247728379141073,0.03226459035479895,-0.2621924015443664,0.027078778776972956,-0.0006991608200964565
1000,19,382,3.6377296447753906,0.8853161850685153,0.8018819621403523,0.013927611649102757,-0.6588411103507277,0.014560476640133798,-0.3717907127199557,-0.6248460610311742,0.032267650084516465,-0.2621942588158318,0.027078417535922102,-0.000699137047351012
1000,19,383,3.6377294063568115,0.8853382878017154,0.8019401530385281,0.013891160162518484,-0.6588556372888817,0.014561070637991025,-0.37189027450362816,-0.6249182851169489,0.03227066175565202,-0.2621961328194726,0.027078058119321,-0.0006991136724757841
1000,19,384,3.6377291679382324,0.8853599434095795,0.8019973455388976,0.013855421830820792,-0.6588699115846331,0.014561656027183656,-0.371988133494421,-0.6249894514048848,0.03227363177601656,-0.2621979398944119,0.0270777023516194,-0.0006990905462694415
1000,19,385,3.637728691101074,0.88538117949381,0.8020535430978127,0.013820381056454443,-0.6588839332379819,0.014562232807711689,-0.3720842638924421,-0.6250595011284352,0.03227655373779914,-0.2621997302371759,0.027077352057267055,-0.0006990676687319844
1000,19,386,3.637728214263916,0.8854019764547585,0.8021087520136844,0.013786030040641821,-0.658897702248928,0.014562800979575123,-0.37217869149758365,-0.6251284930541467,0.03227943725271617,-0.26220148711558916,0.027077009060713718,-0.000699045238798521
1000,19,387,3.637728214263916,0.8854223312534557,0.8021630242913381,0.013752359251543618,-0.6589112186174713,0.014563360542773962,-0.372271519509414,-0.6251965447151127,0.03228227270905124,-0.26220322726182704,0.02707666423971063,-0.0006990231072677202
1000,19,388,3.637727975845337,0.885442307823032,0.8022163759895864,0.01371934702588867,-0.6589245455042126,0.014563911497308202,-0.37236267052825694,-0.6252635385782398,0.032285069718520756,-0.2622049506758895,0.027076334014305554,-0.0006990013238733589
1000,19,389,3.637727737426758,0.8854618760954327,0.802268801787598,0.013686982098775976,-0.6589376197485514,0.014564453843177843,-0.3724522477536808,-0.6253295334100746,0.03228782507721925,-0.26220665735777665,0.027076001964450726,-0.000698979789147883
1000,19,390,3.6377272605895996,0.8854811532815362,0.8023203765785117,0.013655248006119454,-0.6589505676716887,0.014564989302115808,-0.3725402253857935,-0.625394411677524,0.03229053878514671,-0.2622082971109624,0.027075675387945156,-0.0006989585528250695
1000,19,391,3.6377272605895996,0.8855000473877257,0.8023710815356669,0.013624130883425564,-0.658963326113024,0.014565516152389177,-0.37262662922448725,-0.6254583496802277,0.03229320763839769,-0.26220993686414806,0.02707535428478884,-0.0006989375651711415
1000,19,392,3.6377267837524414,0.8855186113763819,0.8024209754804326,0.013593622931916686,-0.658975958233158,0.014566036115730865,-0.3727115108695461,-0.6255213474181858,0.03229583484087765,-0.26221152642080764,0.027075033181632527,-0.000698916875919876
1000,19,393,3.637726306915283,0.8855369151958721,0.8024700811013555,0.013563705087914199,-0.6589884640320907,0.014566547470407957,-0.37279489612086236,-0.625583287358305,0.03229842359649205,-0.2622130992452919,0.027074723025174722,-0.000698896584538827
1000,19,394,3.6377265453338623,0.8855548608940966,0.802518345521146,0.013534362620393717,-0.6590007803492213,0.01456705193815337,-0.37287678497843596,-0.6256442870336787,0.03230097390524088,-0.26221465533760074,0.027074412868716917,-0.0006988765915604406
1000,19,395,3.637726306915283,0.8855725114594796,0.802565838573404,0.013505582531392541,-0.6590129703451506,0.014567547797234187,-0.37295722904205103,-0.6257043464443066,0.032303482563218695,-0.2622161779655589,0.027074108185608365,-0.0006988569467184937
1000,19,396,3.637725830078125,0.8855897964688452,0.8026125376970304,0.01347735095641713,-0.6590249708592779,0.014568036769383324,-0.3730362799114919,-0.6257635831232821,0.03230595918214187,-0.26221768386134164,0.027073810800298824,-0.0006988375008116553
1000,19,397,3.637725830078125,0.8856068414742008,0.8026584995180819,0.01344966182975156,-0.6590368450522038,0.014568517132867866,-0.3731139375867586,-0.6258218207709654,0.03230839735419949,-0.26221918975712444,0.02707352071278829,-0.0006988184030412563
1000,19,398,3.637725591659546,0.8856235462724177,0.8027036959918563,0.013422487422408749,-0.6590485297633277,0.014568990609420728,-0.37319027946752736,-0.6258792356869962,0.032310793875486084,-0.2622206621885565,0.027073228800828002,-0.0006987996534072969
1000,19,399,3.637725353240967,0.8856399467584593,0.8027480848523719,0.013395831200512076,-0.6590600249926497,0.014569457199041912,-0.37326520235422983,-0.6259356515717348,0.032313155153812584,-0.2622221178878132,0.02707294236221697,-0.0006987811027084458
1000,19,400,3.6377251148223877,0.8856559974876516,0.8027917258039637,0.013369687964876469,-0.6590713307401697,0.01456991690173142,-0.37333883524632655,-0.6259913034913676,0.03231548118917898,-0.2622235568548945,0.027072665045854698,-0.0006987628504122572
1000,19,401,3.6377251148223877,0.8856717114964673,0.8028346061034665,0.013344049050193459,-0.6590824470058875,0.014570367995756327,-0.37341115234392536,-0.6260461326793478,0.03231777198158529,-0.26222497908980047,0.027072387729492425,-0.000698744797051177
1000,19,402,3.6377248764038086,0.8856871092895416,0.8028767212851273,0.013318891060130197,-0.6590933106292027,0.014570812202849559,-0.37348225684659475,-0.6261000803691291,0.03232002432712603,-0.26222638459253106,0.027072115886479408,-0.0006987270918265362
1000,19,403,3.6377246379852295,0.8857022059093045,0.8029180882222107,0.013294207928970757,-0.659103984770716,0.014571249523011112,-0.3735520971545505,-0.6261531465607114,0.032322244633612135,-0.26222773989873555,0.0270718513412654,-0.0006987096352707809
1000,19,404,3.6377241611480713,0.885716938334717,0.8029586650288459,0.013269983192629058,-0.6591144062698265,0.014571679956240986,-0.37362067326779264,-0.6262053900206411,0.032324432901043615,-0.26222907847276467,0.027071581322702133,-0.000698692427383911
1000,19,405,3.6377243995666504,0.8857313590285252,0.802998509844976,0.01324620731926579,-0.6591246382871351,0.014572105224272104,-0.37368801098621324,-0.6262568107489185,0.03232657951770406,-0.26223038358244305,0.027071322250837377,-0.0006986754681659265
1000,19,406,3.637723922729492,0.885745547286129,0.8030377103715115,0.013222861245202331,-0.6591347439832422,0.014572523605371542,-0.37375418770948865,-0.6263074087455435,0.03232870050312081,-0.26223165522777075,0.027071066827872126,-0.0006986587576168275
1000,19,407,3.637723922729492,0.8857595257870485,0.8030762645185776,0.013199948436562067,-0.6591447233581481,0.014572935099539303,-0.37381917763772676,-0.6263571252439694,0.032330779837766534,-0.2622329268730984,0.027070809580457125,-0.0006986422957366138
1000,19,408,3.637723684310913,0.8857732322516924,0.8031141858537736,0.013177461961098228,-0.6591545764118526,0.014573339706775386,-0.37388303237071185,-0.6264061365438359,0.03233283033726308,-0.2622341650540754,0.02707055963084113,-0.0006986261322590626
1000,19,409,3.637723445892334,0.8857866587740386,0.8031514385417804,0.013155399219218274,-0.6591642399837551,0.01457373914881271,-0.3739457519084438,-0.6264543838785968,0.03233485200161046,-0.2622354199672277,0.027070313330124638,-0.0006986102174503967
1000,19,410,3.637723445892334,0.8857998376141972,0.8031880583658656,0.01313373941418189,-0.6591737772344562,0.014574131703918355,-0.37400736205081486,-0.6265018672482517,0.03233683842299775,-0.2622366079516785,0.0270700725027574,-0.0006985945015768393
1000,19,411,3.637723445892334,0.8858127822896916,0.8032240604433101,0.01311247994639654,-0.659183188163956,0.014574517372092324,-0.37406783699793283,-0.6265485866528009,0.0323387928053304,-0.26223781266830476,0.02706983532428967,-0.0006985790841059443
1000,19,412,3.637723445892334,0.8858255298864347,0.8032594585703389,0.013091616483207991,-0.6591924727722546,0.014574897875067534,-0.37412725414947406,-0.6265944833256976,0.032340715148608416,-0.2622389671884049,0.027069598145821935,-0.0006985638158363805
1000,19,413,3.637723207473755,0.8858380477060339,0.803294298841769,0.013071146425023702,-0.6592016310593517,0.014575273212843985,-0.3741856651052228,-0.6266397335665816,0.032342611860642724,-0.2622401384406804,0.027069366440703457,-0.0006985487962357022
1000,19,414,3.637722969055176,0.8858502920659709,0.8033285059377968,0.01305105937347352,-0.6592105998646468,0.014575641663688757,-0.3742430440652869,-0.6266842786089065,0.0323444765336224,-0.2622412929607805,0.027069142033383987,-0.0006985341247714633
1000,19,415,3.6377227306365967,0.8858622624478866,0.8033620794841492,0.013031354462026594,-0.65921937918814,0.014576004949334772,-0.3742993910296665,-0.6267281184526722,0.032346309167547445,-0.2622424307487053,0.02706891945051427,-0.0006985196025085558
1000,19,416,3.637722969055176,0.8858740189110618,0.8033951131778231,0.013012028224559541,-0.6592280321904317,0.014576361348049108,-0.37435478339803774,-0.6267713118644251,0.03234811937413424,-0.26224356853663006,0.027068704165443557,-0.0006985053786483107
1000,19,417,3.6377224922180176,0.8858855153889776,0.8034275018041966,0.012993071995763899,-0.6592364957109215,0.014576712581564687,-0.37440914377072443,-0.6268137413110723,0.03234989754166641,-0.2622446561280287,0.027068488880372842,-0.000698491353723174
1000,19,418,3.6377227306365967,0.8858967917519123,0.8034593440972612,0.012974478843392893,-0.65924483291021,0.014577058649881507,-0.3744625495474028,-0.6268555243257068,0.0323516468740494,-0.262245726987252,0.027068275419751885,-0.0006984775277331456
1000,19,419,3.6377224922180176,0.8859078934453798,0.8034906630321692,0.012956244434792293,-0.6592530437882971,0.014577399552999568,-0.3745150265279651,-0.626896602141782,0.03235337057518869,-0.2622468145786507,0.02706806743248018,-0.0006984639504120025
1000,19,420,3.6377224922180176,0.885918816194919,0.8035214813310614,0.012938362704246174,-0.6592611915057834,0.01457773356918595,-0.37456654891251906,-0.6269370335258447,0.032355062237273344,-0.26224786870569866,0.027067859445208474,-0.0006984505222921908
1000,19,421,3.6377224922180176,0.8859295488146539,0.803551759540337,0.012920832785223688,-0.6592692129020685,0.014578062420173576,-0.3746171425009569,-0.6269767597113481,0.03235672826811429,-0.26224888936839585,0.027067658755735777,-0.0006984373428412644
1000,19,422,3.6377220153808594,0.885940058081756,0.8035815430200726,0.01290364514588553,-0.6592771079771523,0.01457838610596244,-0.37466685889306284,-0.6270159569979321,0.03235836866771153,-0.2622499434954438,0.02706745806626308,-0.0006984243623254463
1000,19,423,3.6377220153808594,0.8859503958453863,0.8036107799644325,0.012886785055207304,-0.6592848767310346,0.014578704626552549,-0.37471564648905265,-0.6270543903194102,0.03235997702825414,-0.26225094742596566,0.027067262850139637,-0.0006984115807447366
1000,19,424,3.6377220153808594,0.8859605187800659,0.803639559117883,0.012870247314003937,-0.6592925191637158,0.014579017981943897,-0.374763660088279,-0.6270923535085157,0.03236156616536397,-0.2622519513564875,0.02706706945846595,-0.0006983990478329124
1000,19,425,3.6377220153808594,0.8859704941456102,0.8036677911437001,0.012854019790843578,-0.6593000352751954,0.014579326172136487,-0.37481074489138916,-0.6271294939659685,0.03236312326341916,-0.26225290509048327,0.02706687971569176,-0.0006983865646548651
1000,19,426,3.6377217769622803,0.8859802455731189,0.803695528329228,0.012838093820417763,-0.6593074250654739,0.014579629197130321,-0.37485697829805953,-0.627166105524502,0.032364654730230646,-0.262253858824479,0.027066688148467823,-0.0006983743798794804
1000,19,427,3.637721538543701,0.8859897933309863,0.8037227658746398,0.012822471135788185,-0.6593146885345509,0.014579927056925394,-0.37490236030829016,-0.6272021294175695,0.032366166973609355,-0.2622547958262994,0.02706650935239215,-0.0006983623940392039
1000,19,428,3.6377217769622803,0.8859991884998395,0.8037495329672244,0.012807134406337914,-0.6593218256824266,0.014580221473254629,-0.3749469683217573,-0.6272375068786242,0.032367647177933424,-0.2622556993637691,0.02706632690741697,-0.0006983506071340358
1000,19,429,3.6377220153808594,0.8860083529686951,0.8037757981225933,0.012792075833289337,-0.659328836509101,0.014580510724385104,-0.3749906991388925,-0.6272723554407597,0.03236910495491926,-0.2622566196334141,0.02706614446244179,-0.0006983388699626447
1000,19,430,3.6377217769622803,0.8860173570553833,0.803801611713153,0.012777298016234988,-0.6593357210145739,0.014580794810316822,-0.37503370755904847,-0.627306616337429,0.03237053710066138,-0.26225748970653306,0.027065967490815867,-0.0006983274311939162
1000,19,431,3.637721538543701,0.8860262184292766,0.8038269660838289,0.012762805287829105,-0.6593424791988457,0.014581073731049781,-0.375075941982441,-0.6273402308020858,0.03237194681906526,-0.26225835977965195,0.027065794168089446,-0.000698316191360296
1000,19,432,3.637721538543701,0.8860348245443476,0.8038517917963585,0.012748587249701526,-0.6593490479013153,0.0145813492083169,-0.375117376609178,-0.6273733163678231,0.032373337314036355,-0.2622592131205955,0.02706562449426253,-0.0006983051504617841
1000,19,433,3.637721300125122,0.8860432605595376,0.8038761828085695,0.012734635236543787,-0.6593554902825837,0.014581619520385263,-0.3751581146388278,-0.627405873034641,0.032374702177763746,-0.2622600329971884,0.027065456644885365,-0.0006982943084983805
1000,19,434,3.637721061706543,0.8860515283285834,0.803900114027148,0.012720945782232507,-0.6593618063426506,0.014581884667254866,-0.37519807867171423,-0.6274378420359928,0.032376044614152895,-0.26226085287378126,0.027065294268857454,-0.0006982836654700852
1000,19,435,3.637721300125122,0.8860596418514574,0.8039236554637561,0.012707518020236836,-0.659368059242117,0.01458214637065863,-0.3752373203076214,-0.6274693409049719,0.03237736141929834,-0.26226165601819873,0.027065131892829546,-0.0006982731219093442
1000,19,436,3.637721300125122,0.8860676254867841,0.8039467795807778,0.01269434848443339,-0.659374185820382,0.014582402908863635,-0.3752758911463336,-0.6275002521084849,0.032378659001011,-0.26226244243044083,0.02706497134125139,-0.0006982627772837114
1000,19,437,3.637721300125122,0.8860754932264633,0.8039695019105769,0.012681441507476401,-0.6593802492380463,0.014582656003602801,-0.3753137137881744,-0.6275305756465319,0.03237993415538542,-0.26226321211050757,0.027064812614122982,-0.0006982525818594098
1000,19,438,3.637721300125122,0.8860831367443942,0.8039918120435967,0.012668785824464865,-0.6593861863345093,0.01458290393314321,-0.3753508656328203,-0.6275605465852993,0.03238118688242159,-0.26226398179057436,0.027064657535894078,-0.0006982425853702167
1000,19,439,3.637721061706543,0.8860907103970732,0.8040137440726425,0.012656377102744549,-0.6593920602703716,0.01458314841921778,-0.375387320880379,-0.627589871092054,0.032382417182119524,-0.26226473473846573,0.02706450428211493,-0.0006982327380823547
1000,19,440,3.637721061706543,0.8860981617697511,0.8040353219729318,0.012644200611291066,-0.6593978710456332,0.01458338774009359,-0.37542313113063486,-0.6276187254664359,0.03238362825838467,-0.26226547095418173,0.02706435467723528,-0.000698223089729601
1000,19,441,3.637721061706543,0.8861054857368056,0.804056540183132,0.012632250284388491,-0.6594036186602942,0.01458362361750356,-0.37545829638358785,-0.6276471097084451,0.032384820111217044,-0.26226617370554706,0.02706421054570489,-0.0006982135905781786
1000,19,442,3.637720823287964,0.8861127215203138,0.8040774147900748,0.01262053218775275,-0.6594093031143545,0.014583856051447694,-0.37549281663923795,-0.6276749650515348,0.032385989536711166,-0.2622668931890877,0.027064066414174498,-0.0006982042406280875
1000,19,443,3.6377205848693848,0.8861198403649175,0.8040979413819023,0.012609032456890299,-0.6594149244078141,0.014584083320193068,-0.37552671769747725,-0.6277023502622516,0.03238714294267798,-0.26226757920827765,0.027063920458194356,-0.0006981950896131047
1000,19,444,3.6377205848693848,0.8861267942237098,0.80411814871361,0.012597757157517063,-0.6594204825406731,0.014584307145472602,-0.37556002535819794,-0.6277294416402355,0.03238827712521201,-0.2622682819596429,0.027063785448912723,-0.0006981861872670072
1000,19,445,3.637720823287964,0.8861336626500151,0.8041379612779186,0.01258668982554696,-0.6594259143523307,0.0145845275272863,-0.3755927138215079,-0.6277558865862066,0.03238939208431326,-0.26226896797883287,0.027063648615181336,-0.0006981773346546868
1000,19,446,3.6377205848693848,0.8861403030594776,0.8041573580504818,0.012575826994856605,-0.6594311566821863,0.014584744465634156,-0.3756248604870834,-0.6277819789328982,0.03239048781998173,-0.2622696205336721,0.027063515430349457,-0.0006981686312436977
1000,19,447,3.6377205848693848,0.8861467728891287,0.8041763479845316,0.012565173864631077,-0.6594362726908406,0.014584957960516174,-0.375656362155356,-0.627807601147217,0.03239156433221742,-0.2622702563563359,0.027063382245517575,-0.000698160176501594
1000,19,448,3.637720823287964,0.8861531257113402,0.8041949901818178,0.012554720903031067,-0.6594412623782935,0.014585168011932353,-0.3756873220258942,-0.627832753229163,0.03239262162102033,-0.2622709089111751,0.02706325453403495,-0.0006981518212270445
1000,19,449,3.6377205848693848,0.8861593383093456,0.8042133135127901,0.012544465510464032,-0.6594461889051457,0.014585374619882694,-0.3757177142988059,-0.6278575527118293,0.032393666094201384,-0.26227154473383896,0.027063128647002076,-0.0006981436648876032
1000,19,450,3.6377205848693848,0.8861654173895854,0.8042312710357021,0.012534400754683204,-0.6594509891107967,0.014585577784367193,-0.375747538974091,-0.6278818820621228,0.032394688140044196,-0.2622721805565028,0.0270630027599692,-0.000698135508548162
1000,19,451,3.6377205848693848,0.8861714257941686,0.8042489048690722,0.012524536167527892,-0.6594557261558469,0.014585777505385856,-0.37577682185164174,-0.6279056825134969,0.032395687758548765,-0.26227274945046514,0.027062876872936327,-0.0006981274516762749
1000,19,452,3.6377205848693848,0.8861772951590358,0.8042662484996106,0.01251487781471402,-0.6594604000402965,0.01458597378293868,-0.37580556293145806,-0.627929189132138,0.03239667776533694,-0.26227335180877825,0.02706275645925271,-0.0006981195937394962
1000,19,453,3.6377205848693848,0.886183042966076,0.8042832396776761,0.012505417030933127,-0.6594649476035447,0.014586166617025663,-0.37583378801343204,-0.6279522256184062,0.03239764854869234,-0.26227392070274064,0.027062637870018842,-0.0006981119347378258
1000,19,454,3.6377205848693848,0.8861886873971728,0.8042999528608272,0.012496145150876747,-0.6594694320061922,0.014586356007646809,-0.37586152289745584,-0.6279749095053949,0.03239860010861496,-0.262274489596703,0.027062517456335224,-0.0006981043254699324
1000,19,455,3.6377205848693848,0.8861942623172803,0.8043163710463899,0.012487061308014032,-0.6594738532482392,0.014586541954802114,-0.37588874178363735,-0.6279971232600107,0.03239953885291572,-0.26227504175849004,0.027062404340450614,-0.0006980969648709245
1000,19,456,3.6377205848693848,0.8861997378475523,0.8043325157256743,0.012478166368875832,-0.6594782744902861,0.014586724458491582,-0.37591539307219235,-0.6280189844153469,0.032400455169878245,-0.26227556045592637,0.027062289400116252,-0.0006980896042719166
1000,19,457,3.6377205848693848,0.8862051220599453,0.804348423022634,0.012469448202030295,-0.6594826325717322,0.014586905240448129,-0.37594160576258134,-0.6280405517379501,0.03240135867121891,-0.26227612934988875,0.027062178108681393,-0.0006980823431404628
1000,19,458,3.6377205848693848,0.8862104113872189,0.8043640346840066,0.012460905074415728,-0.6594869274925779,0.014587082578938837,-0.37596730245512805,-0.628061707694727,0.03240224615303226,-0.26227668151167577,0.027062068641696285,-0.0006980753306778945
1000,19,459,3.6377203464508057,0.8862156520494064,0.8043793745083333,0.012452518788884358,-0.6594911592528228,0.014587256473963707,-0.3759925347496167,-0.6280823935191312,0.0324031176153183,-0.2622772169412874,0.027061960999160927,-0.0006980683182153261
1000,19,460,3.6377205848693848,0.8862207895469703,0.8043944368423436,0.012444291078497878,-0.6594953278524669,0.014587426925522737,-0.37601730264604727,-0.6281027267442557,0.03240396985417155,-0.26227771890654833,0.027061853356625573,-0.000698061454954089
1000,19,461,3.6377203464508057,0.8862257515481208,0.8044091692169991,0.012436221076725441,-0.6594993701309099,0.014587595655348848,-0.3760415803445276,-0.6281227661366473,0.032404812481308415,-0.26227822087180924,0.02706174936298972,-0.0006980547408941831
1000,19,462,3.6377205848693848,0.8862306053123382,0.8044236185913196,0.012428314849282973,-0.6595032860881513,0.01458776094170912,-0.3760654452447342,-0.6281424529297591,0.03240563908891796,-0.2622787563014209,0.027061650842703122,-0.0006980481760356084
1000,19,463,3.6377203464508057,0.8862353754214266,0.8044377849219612,0.01242057499576301,-0.6595071388847922,0.014587922784603554,-0.3760888457468826,-0.6281617283570449,0.03240644647309473,-0.2622792415345065,0.027061548673517025,-0.0006980416609108108
1000,19,464,3.6377201080322266,0.8862399759396653,0.8044516279032381,0.012412986785141166,-0.6595108653602317,0.014588081184032148,-0.376111781850973,-0.6281807099515975,0.03240724744946057,-0.26227971003541667,0.027061451977680177,-0.0006980352949873445
1000,19,465,3.6377205848693848,0.8862445292557399,0.8044652280912195,0.012405553683540828,-0.6595145286750707,0.014588237861727821,-0.3761343051567896,-0.628199280180324,0.03240802599848817,-0.26228017853632685,0.027061355281843332,-0.0006980290285314324
1000,19,466,3.6377205848693848,0.8862489885295033,0.8044786153884333,0.012398268758715221,-0.6595181288293088,0.014588391095957658,-0.3761564672641165,-0.628217615342864,0.03240879493579937,-0.2622806637694124,0.027061256761556737,-0.0006980228615430744
1000,19,467,3.6377201080322266,0.8862533785934803,0.8044917085612426,0.012391130277602655,-0.6595216658229464,0.014588542608454574,-0.37617816497338535,-0.6282354803730312,0.03240954785358326,-0.26228106534162116,0.027061158241270138,-0.0006980167940222705
1000,19,468,3.6377203464508057,0.8862577283171345,0.8045046209106524,0.012384126975302124,-0.6595252028165838,0.01458869067748565,-0.37619942408448825,-0.6282530515704654,0.032410291159650766,-0.26228153384253133,0.0270610688432323,-0.0006980108259690208
1000,19,469,3.6377201080322266,0.8862619406697115,0.8045172727274607,0.012377263184467862,-0.6595286766496207,0.014588835303050888,-0.3762202445974252,-0.6282703877017133,0.032411015242285485,-0.2622819856112662,0.027060979445194464,-0.0006980050071171024
1000,19,470,3.6377203464508057,0.8862661344781246,0.8045297134929488,0.012370531972853099,-0.6595320873220568,0.014588978206883207,-0.37624075551165675,-0.6282873124671348,0.03241172650929835,-0.2622823871834749,0.027060888222706875,-0.0006979992877327382
1000,19,471,3.6377201080322266,0.8862702059696393,0.8045419103665826,0.012363928141272755,-0.6595354348338923,0.014589117667249686,-0.37626082782772236,-0.62830400216637,0.032412428164594824,-0.2622828222200344,0.02706080064911879,-0.0006979936180821509
1000,19,472,3.6377201080322266,0.8862742122893932,0.8045538720365606,0.012357454289319371,-0.6595387191851272,0.014589255405883246,-0.37628053894529834,-0.6283203392663256,0.032413117004269444,-0.26228320706006775,0.027060713075530703,-0.000697988097632895
1000,19,473,3.6377201080322266,0.886278143626336,0.8045656148616395,0.012351107817400406,-0.6595419403757614,0.014589389701050968,-0.3762998888643847,-0.6283363825335481,0.032413789824416755,-0.26228359190010114,0.02706063097529187,-0.0006979826766511932
1000,19,474,3.6377201080322266,0.886281998902918,0.8045771376924843,0.012344881793269088,-0.6595450984057949,0.01458952227448577,-0.3763188517850894,-0.6283521319680376,0.03241445303284767,-0.2622840102044853,0.02706055069950279,-0.0006979774048708226
1000,19,475,3.6377201080322266,0.8862857803640424,0.8045884701597353,0.012338772750802033,-0.6595482564358284,0.014589651404454732,-0.3763374277074123,-0.6283676463363407,0.03241510342565673,-0.2622843950445186,0.027060468599263962,-0.0006979722325580063
1000,19,476,3.6377201080322266,0.8862895305831618,0.8045996320491863,0.012332781556530087,-0.6595513513052612,0.014589778812690775,-0.3763557456308141,-0.6283828668719108,0.032415747410654866,-0.262284779884552,0.027060386499025132,-0.000697967109978967
1000,19,477,3.6377201080322266,0.886293180954349,0.8046105749542992,0.01232690127820648,-0.6595543830140933,0.014589904499193899,-0.3763737023557262,-0.6283978523412945,0.03241637858003115,-0.2622851647245854,0.027060311696585307,-0.000697962136601259
1000,19,478,3.6377201080322266,0.8862967922758422,0.8046213115752209,0.012321131049300365,-0.6595573515623249,0.014590026742231183,-0.376391349481933,-0.6284124852113986,0.03241699372988011,-0.262285516100268,0.02706023324524598,-0.0006979571632235509
1000,19,479,3.6377198696136475,0.8863002915675608,0.8046318158390207,0.0123154682702192,-0.6595602569499557,0.014590147263535549,-0.3764085838098659,-0.6284268830153162,0.03241759926801269,-0.2622859009403014,0.027060156618356406,-0.0006979523390471741
1000,19,480,3.6377201080322266,0.8863037325021865,0.8046421197376169,0.012309911207901297,-0.6595630991769857,0.014590264341374073,-0.3764255085390935,-0.6284409869865009,0.03241819519442887,-0.26228626904815944,0.027060085464816086,-0.0006979475646045743
1000,19,481,3.6377201080322266,0.886307066431647,0.8046522239906472,0.012304456396223268,-0.6595658782434153,0.01459037969747968,-0.37644214946950777,-0.6284549146580457,0.03241877830522321,-0.26228658695949136,0.027060012486826015,-0.0006979428398957516
1000,19,482,3.6377201080322266,0.8863103491359757,0.804662108651741,0.012299094303345802,-0.6595685941492441,0.014590493331852368,-0.37645842920143247,-0.6284684897303109,0.032419348600395685,-0.26228690487082323,0.02705993950883594,-0.0006979382146544832
1000,19,483,3.6377198696136475,0.8863135644458002,0.8046718102015119,0.012293826662330592,-0.6595712468944722,0.014590605244492134,-0.3764744251345439,-0.6284818297363898,0.03241991248775724,-0.26228722278215516,0.02705986653084587,-0.0006979337386145459
1000,19,484,3.6377201080322266,0.8863167221347055,0.8046813394110127,0.012288658672362718,-0.6595738364790997,0.014590713713666064,-0.376490137268842,-0.6284949346762821,0.03242046035559147,-0.2622875741578378,0.027059799026205054,-0.0006979292625746087
1000,19,485,3.6377201080322266,0.8863198030868367,0.8046907023838156,0.012283592933034718,-0.6595764260637271,0.014590820461107072,-0.37650551400454263,-0.6285078633165347,0.03242100181561478,-0.26228789206916975,0.027059733346013987,-0.0006979249357360026
1000,19,486,3.6377201080322266,0.8863228301209812,0.8046998700090462,0.012278625978223207,-0.659578952487754,0.014590925486815162,-0.3765205811415379,-0.6285204981240543,0.0324215336639217,-0.2622882099805017,0.027059665841373173,-0.0006979207083649508
1000,19,487,3.6377201080322266,0.8863258167188409,0.8047088842833112,0.012273759540989877,-0.6595814157511801,0.014591028790790331,-0.37653541607950414,-0.6285328978653875,0.032422059104417686,-0.26228854462400897,0.02705960198563186,-0.000697916580461453
1000,19,488,3.6377198696136475,0.8863287607625621,0.8047177428779713,0.012268987555618803,-0.6595838790146062,0.014591128651299664,-0.37654991561887285,-0.6285450625405342,0.03242257493319729,-0.2622888792675162,0.027059538129890547,-0.0006979125520255096
1000,19,489,3.6377201080322266,0.8863316714388355,0.804726483063491,0.01226430395639406,-0.6595863422780324,0.014591226790076075,-0.3765641829592125,-0.6285570509160412,0.03242307794635504,-0.26228918044667276,0.027059477923048737,-0.000697908573323343
1000,19,490,3.6377201080322266,0.8863345552466217,0.8047350848850815,0.012259702677599725,-0.6595888055414585,0.014591323207119566,-0.37657814070084683,-0.6285688042253618,0.032423571347796394,-0.2622894983580047,0.02705941771620693,-0.0006979046940887308
1000,19,491,3.6377201080322266,0.8863373932077488,0.8047435274548003,0.01225517592045818,-0.659591205644284,0.01459141790243014,-0.3765918662434521,-0.6285803224684958,0.03242405513752136,-0.2622898162693366,0.027059364807164126,-0.0006979008645878956
1000,19,492,3.6377198696136475,0.8863401361159045,0.8047517566038299,0.012250728884154504,-0.6595935425865087,0.014591512597740712,-0.3766052563874599,-0.6285916056454436,0.03242452931552994,-0.2622901174484932,0.02705930460032232,-0.0006978970848208375
1000,19,493,3.6377201080322266,0.8863428342022799,0.8047598276594704,0.012246360702157847,-0.6595958163681328,0.014591605571318365,-0.37661844013233076,-0.6286026537562048,0.03242499708572759,-0.262290385163299,0.02705924621793026,-0.0006978932553200022
1000,19,494,3.6377198696136475,0.8863454506023323,0.8047677271540329,0.012242073974060753,-0.6595980269891563,0.014591696823163098,-0.37663136587828044,-0.6286135255673264,0.032425452040303386,-0.2622906528781048,0.027059189659987954,-0.0006978895750204983
1000,19,495,3.6377201080322266,0.8863479964195222,0.8047754673278322,0.012237871299455758,-0.6596001744495791,0.014591786353274912,-0.3766440594252011,-0.6286242210788081,0.032425900587068256,-0.26229092059291065,0.027059131277595898,-0.0006978858947209943
1000,19,496,3.6377201080322266,0.886350507405541,0.8047830604493812,0.01223375787752794,-0.6596022587494011,0.014591874161653806,-0.37665654657298486,-0.6286346815241033,0.032426342726022205,-0.26229118830771647,0.027059074719653593,-0.0006978823138890445
1000,19,497,3.6377198696136475,0.8863529318264252,0.8047904766713687,0.012229731108684763,-0.6596042798886226,0.014591960248299781,-0.3766687757218474,-0.6286449656697588,0.03242677204935429,-0.26229143929034693,0.02705902181061079,-0.0006978788325246488
1000,19,498,3.6377198696136475,0.8863552713114166,0.8047977449147139,0.012225793592518764,-0.6596062378672434,0.014592044613212837,-0.376680772671681,-0.6286551322823211,0.032427201372686384,-0.2622917237373281,0.02705897072601774,-0.0006978755003615845
1000,19,499,3.6377196311950684,0.8863575571554231,0.8048048725385009,0.01222193839678317,-0.6596081326852634,0.014592127256392973,-0.37669258902226976,-0.6286651225952435,0.03242762428820754,-0.26229199145213394,0.02705891964142469,-0.0006978722179322971
1000,19,500,3.6377198696136475,0.8863597856600788,0.8048118283656871,0.012218156856169522,-0.6596099643426829,0.01459220817784019,-0.3767041473739373,-0.6286748778419796,0.03242803118420139,-0.26229225916693977,0.02705887220573114,-0.0006978689355030098
1000,19,501,3.6377198696136475,0.8863619795835492,0.8048186645972238,0.012214443771492738,-0.6596117960001023,0.014592289099287406,-0.3767154477266838,-0.6286844567890758,0.03242843808019524,-0.2622925268817456,0.027058824770037595,-0.0006978658520088308
1000,19,502,3.6377198696136475,0.8863641579566077,0.8048253750774836,0.012210800009283665,-0.6596136276575217,0.014592368299001703,-0.37672649008050907,-0.6286938006699856,0.03242882895666177,-0.2622927778643761,0.027058775509894297,-0.0006978627685146518
1000,19,503,3.6377201080322266,0.8863663372212304,0.8048319779253214,0.012207227302603997,-0.6596154593149411,0.014592445776983081,-0.37673730023530533,-0.6287029094847091,0.03242921342531738,-0.26229302884700656,0.0270587298986505,-0.0006978596352866958
1000,19,504,3.6377198696136475,0.886368447081977,0.8048384499553948,0.012203733450231348,-0.6596172909723607,0.01459252153323154,-0.3767478523911804,-0.6287119007663393,0.03242958828225659,-0.2622932463652863,0.027058682462956955,-0.0006978565517925167
1000,19,505,3.6377198696136475,0.8863706041633862,0.8048448382841381,0.012200317585634876,-0.6596191226297801,0.014592595567747077,-0.3767582239478107,-0.6287205982152365,0.03242995352747941,-0.262293463883566,0.027058633202813657,-0.0006978535677658919
1000,19,506,3.6377196311950684,0.8863726794787816,0.8048510550890025,0.012196975376160346,-0.6596208911265988,0.014592667880529696,-0.3767683375055199,-0.6287291193644938,0.03243030916098584,-0.2622936814018457,0.027058589416019616,-0.0006978505837392671
1000,19,507,3.6377198696136475,0.886374723193521,0.8048571827443901,0.012193703355684376,-0.6596226596234176,0.014592740193312316,-0.3767782704639842,-0.6287375229806581,0.032430661590586815,-0.26229388218795013,0.027058540155876318,-0.0006978476991801964
1000,19,508,3.6377198696136475,0.8863767021609025,0.8048631576336572,0.012190504990330347,-0.6596243649596356,0.014592810784362016,-0.37678799702331167,-0.6287457502971824,0.032431007612376855,-0.2622940662418791,0.027058494544632522,-0.0006978448146211257
1000,19,509,3.6377201080322266,0.8863786263588144,0.8048689907534913,0.01218737854703657,-0.6596260071352531,0.014592879653678795,-0.37679751718350213,-0.628753801314067,0.032431347226355975,-0.2622942670279835,0.027058456231187734,-0.0006978420792633863
1000,19,510,3.6377201080322266,0.8863805679049572,0.8048747344272573,0.012184324892333889,-0.6596276493108705,0.014592946801262656,-0.37680685674444786,-0.6287616172647652,0.0324316772286187,-0.2622944510819125,0.027058410619943938,-0.0006978393439056468
1000,19,511,3.6377198696136475,0.8863824052414185,0.8048803903198855,0.012181341426629766,-0.6596292283258872,0.014593012227113596,-0.3768160931058251,-0.6287694919820099,0.032432007230881424,-0.26229466860019224,0.02705837230649915,-0.0006978368074830157
1000,19,512,3.6377198696136475,0.8863842217555284,0.8048858876501309,0.012178426416862507,-0.6596307441803033,0.014593077652964538,-0.37682512306806537,-0.6287770728665216,0.03243233082533322,-0.2622948526541212,0.02705833034415486,-0.0006978342213266075
1000,19,513,3.6377201080322266,0.8863859483942422,0.8048912858887439,0.012175576396908729,-0.6596321968741187,0.014593141357082558,-0.3768340498307372,-0.6287846537510334,0.0324326480119741,-0.26229503670805027,0.027058293855159826,-0.0006978317346377535
1000,19,514,3.6377196311950684,0.8863876805187746,0.8048965816436356,0.012172785301052504,-0.6596336495679341,0.014593203339467661,-0.37684274439438004,-0.6287919995693587,0.032432961994709505,-0.2622952374941546,0.027058255541715037,-0.0006978293474164536
1000,19,515,3.6377196311950684,0.8863893204833391,0.8049016944936142,0.012170052262762987,-0.6596350391011488,0.014593263600119843,-0.3768511809591017,-0.6287991690880442,0.03243326316182306,-0.26229540481590824,0.02705822087716975,-0.0006978269601951538
1000,19,516,3.6377196311950684,0.886390950583254,0.8049067421737494,0.012167376415509332,-0.6596364286343636,0.014593322139039107,-0.3768594885243628,-0.6288062210736366,0.03243356112503115,-0.26229555540548655,0.027058182563724966,-0.000697824622707631
1000,19,517,3.6377198696136475,0.8863925473346225,0.8049116717383724,0.01216475775929154,-0.6596377550069776,0.01459338067795837,-0.37686764129027117,-0.6288130967595891,0.032433852680428324,-0.26229572272724017,0.027058144250280178,-0.0006978223349538852
1000,19,518,3.6377196311950684,0.8863941137106314,0.8049165406559042,0.012162197160640455,-0.6596390813795917,0.014593437495144712,-0.3768756392568269,-0.628819913678995,0.03243413782801456,-0.2622959235133445,0.027058113234634397,-0.0006978201466676937
1000,19,519,3.6377201080322266,0.8863956814851088,0.804921302621682,0.012159688553840154,-0.6596404077522058,0.014593492590598138,-0.3768834308242457,-0.6288264955322145,0.03243441977169534,-0.2622960908350982,0.027058078570089114,-0.0006978179583815022
1000,19,520,3.6377201080322266,0.8863971516271117,0.8049259298957059,0.012157231938890636,-0.6596416709642192,0.014593547686051561,-0.3768910675923118,-0.6288330186188874,0.03243469210365972,-0.2622962246925011,0.027058043905543828,-0.0006978158198290877
1000,19,521,3.6377196311950684,0.8863986481638179,0.8049304777564347,0.01215482991538444,-0.6596429341762327,0.014593601059772065,-0.3768984979612409,-0.6288393066393739,0.03243496123171864,-0.2622964087464301,0.027058012889898047,-0.0006978136812766732
1000,19,522,3.6377198696136475,0.8864000999948398,0.8049349492061701,0.01215247728413649,-0.659644197388246,0.014593652711759652,-0.3769057993307095,-0.6288455358933138,0.032435220748061176,-0.262296542603833,0.027057980049802515,-0.0006978115924580359
1000,19,523,3.6377196311950684,0.8864015354290931,0.8049393212395617,0.012150174045146784,-0.6596453974396588,0.014593704363747236,-0.37691299750060964,-0.6288515888476138,0.03243547706049824,-0.26229667646123594,0.027057947209706983,-0.0006978095036393985
1000,19,524,3.6377201080322266,0.8864029376953323,0.8049436024780945,0.012147919331884475,-0.6596465974910715,0.014593754294001901,-0.3769199892713729,-0.6288575242688208,0.03243572696512439,-0.2622968270508142,0.027057910720711946,-0.000697807414820761
1000,19,525,3.6377196311950684,0.8864042832685844,0.8049477670200659,0.012145714877411257,-0.6596477343818835,0.014593802502523647,-0.3769268520426755,-0.6288633421569344,0.032435973665845066,-0.26229696090821714,0.02705788152951592,-0.000697805524937232
1000,19,526,3.6377198696136475,0.8864056297095071,0.8049518782663845,0.012143552016418665,-0.6596488712726956,0.014593850711045393,-0.3769336116144097,-0.6288690425119549,0.032436217162660284,-0.26229707803344465,0.02705785051387014,-0.0006978035853199259
1000,19,527,3.6377201080322266,0.8864069353401989,0.8049559174079903,0.01214143334849924,-0.6596500081635076,0.01459389719783422,-0.37694021638679115,-0.6288746841004287,0.03243645104775911,-0.2622971951586722,0.02705782132267411,-0.0006978016457026197
1000,19,528,3.6377196311950684,0.8864082740576954,0.8049598845513073,0.012139357140591289,-0.6596511450543197,0.014593943684623046,-0.37694666635981994,-0.6288800906227162,0.03243668172895247,-0.2622973122838998,0.027057790307028328,-0.0006977998055528677
1000,19,529,3.6377196311950684,0.8864095881246494,0.8049637973914593,0.012137321659633117,-0.6596522819451317,0.014593988449678953,-0.37695298733338817,-0.628885438378457,0.03243691241014583,-0.2622974461413027,0.027057759291382547,-0.0006977979654031157
1000,19,530,3.6377196311950684,0.8864108251767935,0.8049675982795889,0.012135328638686419,-0.6596533556753431,0.014594033214734861,-0.3769591793074958,-0.6288907273676513,0.03243712707181188,-0.2622975799987056,0.027057733749086023,-0.0006977961252533638
1000,19,531,3.6377198696136475,0.8864120549482085,0.8049713098111976,0.012133377211220346,-0.6596544294055545,0.014594076258057849,-0.3769651906823586,-0.6288958400572057,0.032437344937383386,-0.26229769712393314,0.027057704557889996,-0.0006977943845711659
1000,19,532,3.6377198696136475,0.8864132468249957,0.8049749524749314,0.012131464777642362,-0.6596554399751653,0.014594119301380836,-0.37697117625732934,-0.6289008939802135,0.032437556395143965,-0.26229779751698534,0.027057677191143718,-0.0006977926438889681
1000,19,533,3.6377201080322266,0.886414433450277,0.8049785351152671,0.012129584405705694,-0.659656450544776,0.014594160622970904,-0.3769770328328395,-0.6289058303701281,0.032437764648999085,-0.2622978979100375,0.027057649824397442,-0.0006977909529405473
1000,19,534,3.6377201080322266,0.8864155421422438,0.8049820589847668,0.012127733495817803,-0.659657397953786,0.014594201944560972,-0.3769828378085654,-0.6289108255265894,0.03243797931066513,-0.2622980484996158,0.027057624282100914,-0.0006977893614596807
1000,19,535,3.6377198696136475,0.8864166660351833,0.8049855182654346,0.012125908581855305,-0.6596583453627961,0.014594241544418119,-0.3769885395847229,-0.6289156443834109,0.03243818436061478,-0.262298148892668,0.02705760056425414,-0.0006977877202450372
1000,19,536,3.6377196311950684,0.8864177337986472,0.8049888886067988,0.012124110530349043,-0.6596592296112055,0.014594281144275268,-0.3769941381613119,-0.6289204044736856,0.032438386206658974,-0.2622982827500709,0.027057575021957617,-0.0006977862282317247
1000,19,537,3.6377198696136475,0.8864187801655664,0.8049921811560253,0.012122338474768174,-0.6596601138596149,0.014594319022399497,-0.37699958193854816,-0.6289250470308673,0.03243857844098678,-0.26229839987529846,0.027057553128560598,-0.0006977846367508581
1000,19,538,3.6377198696136475,0.8864198015836394,0.8049954191049743,0.012120596747766929,-0.6596609981080243,0.014594356900523726,-0.37700489671632387,-0.6289296308215022,0.03243877067531458,-0.26229853373270134,0.02705752758626407,-0.0006977830452699915
1000,19,539,3.6377196311950684,0.8864208247143913,0.804998604713309,0.012118887948937847,-0.6596618823564336,0.014594393056915036,-0.37701013409442324,-0.628934097079044,0.032438956501831456,-0.2622986173935782,0.027057502043967546,-0.000697781453789125
1000,19,540,3.6377198696136475,0.8864218489250661,0.8050017643865658,0.012117212944811773,-0.659662766604843,0.014594429213306346,-0.3770152682729542,-0.6289385045700393,0.032439139124442865,-0.26229876798315643,0.027057481975020278,-0.0006977799120420355
1000,19,541,3.6377201080322266,0.8864228529034782,0.8050048475590409,0.012115566536203631,-0.6596636508532523,0.014594463647964736,-0.37702027345202455,-0.6289427945279412,0.03243932174705428,-0.26229886837620864,0.02705745643272375,-0.0006977784200287231
1000,19,542,3.6377201080322266,0.8864238831971745,0.805007905500198,0.012113947856582574,-0.6596645351016617,0.014594498082623126,-0.3770252012314185,-0.6289469669527501,0.0324394947579493,-0.2622990022336116,0.027057432714876976,-0.0006977769280154106
1000,19,543,3.6377196311950684,0.8864248710688135,0.8050109166855011,0.012112358639010293,-0.6596654193500711,0.014594530795548595,-0.3770300516111362,-0.6289511393775589,0.03243966456493886,-0.2622991026266637,0.027057410821479957,-0.0006977754857358753
1000,19,544,3.6377196311950684,0.8864258057713704,0.805013815119969,0.012110795417363403,-0.6596662404378798,0.014594563508474066,-0.37703474719150115,-0.6289551942692744,0.03243983757583388,-0.26229923648406667,0.027057390752532686,-0.0006977741429238941
1000,19,545,3.6377196311950684,0.8864267407882768,0.8050166596985386,0.012109256458580214,-0.6596670615256885,0.014594596221399537,-0.3770393395722976,-0.6289591316278969,0.032439997771107044,-0.2622993536092942,0.02705737250803517,-0.000697772800111913
1000,19,546,3.6377196311950684,0.8864276516635968,0.8050194234828844,0.012107741762660723,-0.6596678194528965,0.014594627212592089,-0.37704388035330993,-0.628962951453426,0.032440164374191144,-0.2622994540023464,0.027057352439087898,-0.0006977714075661547
1000,19,547,3.6377196311950684,0.8864285482131588,0.8050221443808268,0.01210625132960493,-0.6596685773801046,0.014594658203784638,-0.37704831793475374,-0.6289667125124085,0.03244032136555885,-0.26229957112757396,0.02705733237014063,-0.0006977701144879506
1000,19,548,3.6377198696136475,0.8864293346669577,0.8050247711093201,0.012104786892474531,-0.659669272146712,0.01459468919497719,-0.3770526523166291,-0.6289705323379378,0.03244047835692655,-0.26229970498497684,0.027057314125643113,-0.0006977688711435236
1000,19,549,3.6377198696136475,0.8864301631535253,0.8050273628293515,0.01210334671820783,-0.6596699669133194,0.014594718464436822,-0.3770569350987202,-0.6289741758638271,0.03244062894048333,-0.26229980537802905,0.02705729405669584,-0.0006977676277990965
1000,19,550,3.6377196311950684,0.886430947174022,0.8050299055631186,0.012101932539866519,-0.6596706616799267,0.014594747733896452,-0.37706108888135076,-0.6289778193897164,0.032440779524040106,-0.26229993923543193,0.027057277636648076,-0.0006977664341884466
1000,19,551,3.6377196311950684,0.8864317017485724,0.8050323616818496,0.01210054002479637,-0.6596712932859334,0.014594777003356084,-0.37706519106419706,-0.6289813453825126,0.03244092690369142,-0.26230003962848414,0.02705726121660031,-0.0006977652405777967
1000,19,552,3.6377196311950684,0.8864324704128179,0.8050347520301444,0.012099170039528226,-0.6596719248919402,0.014594804551082797,-0.3770691642475828,-0.628984695075669,0.03244107107943727,-0.262300123289361,0.02705724114765304,-0.0006977640469671468
1000,19,553,3.6377198696136475,0.8864331919512171,0.8050371175508017,0.012097826050185473,-0.6596725564979468,0.014594832098809508,-0.37707306003129215,-0.6289881035353719,0.03244121205127766,-0.2623002404145885,0.027057228376504778,-0.000697762952824051
1000,19,554,3.6377196311950684,0.8864339274731973,0.8050394171990956,0.012096510656360653,-0.6596731881039535,0.01459485964653622,-0.377076826815541,-0.6289913356954351,0.03244134661530712,-0.2623003408076407,0.027057210132007257,-0.0006977618089471781
1000,19,555,3.6377198696136475,0.8864346860576366,0.8050417151399735,0.01209522472458461,-0.6596738828705608,0.014594887194262933,-0.37708049040022135,-0.6289945090889516,0.03244147797543112,-0.26230042446851753,0.02705719188750974,-0.0006977606650703052
1000,19,556,3.6377201080322266,0.8864354870354219,0.8050439784831053,0.012093969987919034,-0.6596745776371682,0.014594913020256724,-0.37708410238511747,-0.6289975061828283,0.032441606131649654,-0.2623004746650436,0.027057177291911726,-0.0006977596703947636
1000,19,557,3.6377198696136475,0.8864361937434373,0.8050461650912039,0.012092747312894777,-0.6596752092431749,0.014594938846250518,-0.37708763697033726,-0.6290005620432517,0.03244173428786819,-0.2623005583259204,0.02705715904741421,-0.000697758675719222
1000,19,558,3.6377201080322266,0.8864369036449481,0.8050483281169092,0.012091559299104377,-0.6596758408491816,0.01459496467224431,-0.37709111995577277,-0.6290035591371285,0.03244185924018126,-0.26230064198679726,0.027057146276265945,-0.0006977576313099034
1000,19,559,3.6377198696136475,0.8864376242627873,0.8050504487513327,0.012090407679609522,-0.6596764724551883,0.014594988776505183,-0.3770944997416399,-0.629006438697912,0.03244198419249433,-0.2623007423798494,0.027057131680667933,-0.0006977566863681388
1000,19,560,3.6377196311950684,0.8864383133129311,0.8050525346115229,0.012089292454410218,-0.6596771040611951,0.014595012880766057,-0.37709782792772273,-0.6290093182586955,0.03244210273699648,-0.2623008093085509,0.02705711708506992,-0.0006977557911601514
1000,19,561,3.6377196311950684,0.886438972185694,0.8050545330665504,0.012088212756975615,-0.659677672506601,0.014595036985026929,-0.37710107871412923,-0.6290120802863859,0.03244222128149862,-0.26230087623725235,0.027057104313921655,-0.0006977548959521639
1000,19,562,3.6377198696136475,0.8864396144732826,0.8050565132459109,0.012087165987713176,-0.6596782409520071,0.014595061089287802,-0.3771042779007515,-0.6290148423140761,0.03244233982600076,-0.2623009598981292,0.02705708971832364,-0.0006977539510103994
1000,19,563,3.6377196311950684,0.8864402016826496,0.8050584056734429,0.012086153013153744,-0.6596787462368124,0.014595083471815755,-0.37710739968769746,-0.6290175455752199,0.03244245196269198,-0.26230104355900596,0.027057075122725625,-0.0006977530558024119
1000,19,564,3.6377196311950684,0.8864407890112911,0.8050602169785667,0.012085169500643091,-0.6596791883610171,0.01459510585434371,-0.3771104698748592,-0.6290200725367238,0.032442557691572275,-0.26230111048770743,0.027057062351577364,-0.0006977521605944244
1000,19,565,3.6377196311950684,0.8864413093862851,0.8050619816304588,0.012084214583650369,-0.6596796304852218,0.014595128236871662,-0.3771134626623445,-0.6290226582647743,0.032442666624358026,-0.26230114395205817,0.02705704775597935,-0.000697751265386437
1000,19,566,3.6377198696136475,0.8864418450521582,0.8050637089360182,0.012083286529113883,-0.6596800726094265,0.014595148897666697,-0.3771163522502614,-0.6290251264597316,0.032442769149332855,-0.26230121088075964,0.027057031335931583,-0.0006977504199122266
1000,19,567,3.6377196311950684,0.8864423494841169,0.8050654018395859,0.012082381870910252,-0.6596805147336312,0.01459516955846173,-0.3771191902383941,-0.6290275946546889,0.032442874878213145,-0.2623012443451104,0.027057020389233074,-0.0006977495744380163
1000,19,568,3.6377198696136475,0.8864428701524987,0.8050670584514025,0.012081499742508627,-0.6596809568578359,0.014595190219256765,-0.3771219508268504,-0.6290299453165531,0.03244297419928251,-0.2623012778094611,0.02705700579363506,-0.000697748778697583
1000,19,569,3.6377196311950684,0.8864434232894739,0.8050686966340805,0.012080641010439853,-0.6596813989820406,0.014595209158318878,-0.3771246598155225,-0.629032178445324,0.03244307031644641,-0.26230132800598716,0.027056993022486795,-0.0006977480326909268
1000,19,570,3.6377196311950684,0.8864439328987594,0.8050702868802966,0.012079804808173085,-0.6596818411062453,0.014595228097380994,-0.37712726560462617,-0.6290344115740949,0.03244316643361031,-0.26230137820251326,0.027056982075788286,-0.0006977473364180477
1000,19,571,3.6377196311950684,0.8864444354262188,0.8050718422412554,0.012078989402646631,-0.65968228323045,0.014595247036443108,-0.37712981979394555,-0.6290365859363192,0.03244325934686875,-0.2623013949346886,0.027056971129089773,-0.0006977466401451685
1000,19,572,3.6377196311950684,0.8864449692191356,0.8050733778623782,0.0120781930607988,-0.6596827253546547,0.014595265975505223,-0.3771322965835886,-0.6290386427654503,0.032443349056221725,-0.2623014618633901,0.027056960182391263,-0.0006977459438722894
1000,19,573,3.6377198696136475,0.8864454529313348,0.8050748853998532,0.012077420115283819,-0.6596831674788594,0.014595283192834417,-0.37713474757333953,-0.6290407583611279,0.0324434387655747,-0.26230147859556546,0.027056949235692754,-0.0006977452973331873
1000,19,574,3.6377198696136475,0.8864459433736579,0.8050763732615619,0.012076670566101691,-0.659683609603064,0.014595300410163612,-0.37713712116341414,-0.6290428151902591,0.032443525271022206,-0.26230154552426693,0.02705693828899424,-0.0006977447005278624
1000,19,575,3.6377198696136475,0.8864464576977663,0.8050778332554178,0.012075946146314107,-0.6596840517272687,0.014595317627492808,-0.3771394689535966,-0.6290447544862969,0.03244361498037518,-0.2623015622564423,0.027056929166745482,-0.0006977441534563145
1000,19,576,3.6377198696136475,0.8864469295595352,0.8050792735659992,0.012075245122859377,-0.6596844938514734,0.014595334844822002,-0.3771417393441028,-0.6290467525488814,0.03244369828191723,-0.2623016291851437,0.027056923693396226,-0.0006977435566509895
1000,19,577,3.6377198696136475,0.8864474274120169,0.805080661254487,0.012074564029614114,-0.6596849359756781,0.014595352062151198,-0.37714393233493254,-0.6290485743118261,0.03244377837955381,-0.2623016459173191,0.027056912746697716,-0.0006977430095794416
1000,19,578,3.6377201080322266,0.8864478938167268,0.805082041376431,0.012073899400454932,-0.6596853780998828,0.014595367557747473,-0.3771460737259781,-0.6290504548413174,0.0324438584771904,-0.26230171284602055,0.027056901799999207,-0.0006977424625078937
1000,19,579,3.6377201080322266,0.8864483491439498,0.8050833009864765,0.012073252968443525,-0.6596857570634869,0.014595383053343748,-0.37714813771734734,-0.6290521003046222,0.032443935370921516,-0.2623016793816698,0.02705689267775045,-0.0006977419154363459
1000,19,580,3.6377201080322266,0.8864487727769954,0.8050845527711038,0.0120726230005182,-0.6596861360270908,0.014595398548940024,-0.3771501501089323,-0.6290538045344738,0.032444005856841714,-0.2623016961138452,0.027056883555501687,-0.000697741368364798
1000,19,581,3.6377201080322266,0.8864491933598007,0.8050857741151192,0.012072008630148108,-0.6596865149906949,0.0145954140445363,-0.3771520851008409,-0.6290554499977786,0.03244407954666737,-0.2623017295781959,0.027056874433252928,-0.0006977408212932501
1000,19,582,3.6377198696136475,0.8864495472725141,0.8050869491229412,0.012071408990802406,-0.6596868307936982,0.014595429540132576,-0.37715402009274956,-0.6290571542276301,0.0324441468286821,-0.262301779774722,0.02705686531100417,-0.0006977402244879251
1000,19,583,3.6377201080322266,0.8864499275077286,0.8050880718673008,0.01207081974982686,-0.6596871465967016,0.014595443313995931,-0.3771558776849819,-0.6290586821578418,0.03244421731460229,-0.262301779774722,0.027056858013205162,-0.0006977396774163772
1000,19,584,3.6377201080322266,0.8864502928944968,0.8050892053346812,0.012070239174159779,-0.6596874623997049,0.014595457087859287,-0.3771577352772142,-0.6290602688546001,0.03244428459661702,-0.26230181323907276,0.027056845242056902,-0.0006977391800786064
1000,19,585,3.6377198696136475,0.8864506300142976,0.8050902805977888,0.012069662931146929,-0.6596877150421075,0.014595470861722644,-0.37715956706955434,-0.6290617967848117,0.032444348674726294,-0.2623018634355988,0.027056839768707645,-0.0006977386330070585
1000,19,586,3.6377201080322266,0.8864509253299153,0.8050913098279392,0.01206909102078831,-0.6596879676845103,0.014595484635586,-0.3771613472621103,-0.6290633247150234,0.03244441275283556,-0.26230184670342344,0.027056830646458887,-0.0006977381854030648
1000,19,587,3.6377196311950684,0.8864512307540324,0.8050923501839994,0.012068525176145617,-0.659688220326913,0.014595498409449355,-0.37716312745466624,-0.629064852645235,0.03244448003485029,-0.2623018634355988,0.02705682152421013,-0.000697737688065294
1000,19,588,3.6377198696136475,0.886451568402766,0.8050933718539659,0.012067961931095463,-0.6596884729693157,0.01459551046157979,-0.37716485604743794,-0.6290662630423535,0.03244454411295956,-0.26230189689994954,0.027056816050860872,-0.0006977372901950773
1000,19,589,3.6377198696136475,0.886451872807837,0.8050944110684468,0.012067403018699541,-0.6596887256117183,0.014595522513710229,-0.3771666104401018,-0.6290677909725652,0.03244460819106883,-0.26230194709647564,0.027056808753061865,-0.0006977368923248607
1000,19,590,3.6377198696136475,0.8864521935096374,0.8050954140714592,0.012066847572427005,-0.659688978254121,0.014595534565840665,-0.3771682874330893,-0.6290692013696837,0.03244466906527263,-0.26230199729300174,0.027056805104162363,-0.0006977365441884211
1000,19,591,3.6377198696136475,0.886452457661576,0.8050963818818901,0.0120662964588087,-0.6596892308965236,0.0145955466179711,-0.37716991282629253,-0.6290706705333488,0.03244472993947643,-0.2623020140251771,0.0270567959819136,-0.0006977359971168732
1000,19,592,3.6377201080322266,0.8864527761011259,0.8050973553116055,0.012065752277437168,-0.6596894835389263,0.014595558670101538,-0.3771715382194958,-0.6290720221639206,0.032444790813680235,-0.26230204748952785,0.027056788684114593,-0.0006977355992466566
1000,19,593,3.6377198696136475,0.8864530616816746,0.8050982925586142,0.012065217627904945,-0.659689736181329,0.014595570722231974,-0.3771730862130227,-0.6290733737944925,0.03244484848397858,-0.2623020809538786,0.02705678321076534,-0.0006977351516426629
1000,19,594,3.6377196311950684,0.8864534088146662,0.8050992704881139,0.01206469251021203,-0.6596900519843324,0.014595581052629491,-0.3771746342065496,-0.6290746666585177,0.03244490295037145,-0.2623020809538786,0.027056772264066827,-0.000697734654304892
1000,19,595,3.6377196311950684,0.8864537660401045,0.8051002595267642,0.01206417692435843,-0.6596903677873357,0.014595591383027007,-0.37717618220007654,-0.6290759595225429,0.03244495741676433,-0.2623021144182293,0.02705676314181807,-0.0006977342067008984
1000,19,596,3.6377196311950684,0.88645411022939,0.8051012071341968,0.012063671736874983,-0.6596906835903391,0.014595601713424526,-0.37717765279392707,-0.6290771936200216,0.03244501188315721,-0.2623021311504046,0.027056757668468816,-0.0006977338088306818
1000,19,597,3.6377196311950684,0.8864544347174508,0.8051021601213655,0.012063174348169154,-0.6596909993933424,0.014595612043822042,-0.37717912338777765,-0.6290784864840469,0.032445063145644625,-0.26230216461475536,0.02705675037066981,-0.000697733361226688
1000,19,598,3.6377196311950684,0.8864547408325477,0.8051030387271476,0.01206268822436433,-0.6596912520357451,0.014595622374219559,-0.37718056818173606,-0.629079661814979,0.0324451176120375,-0.26230216461475536,0.027056744897320552,-0.0006977329136226943
1000,19,599,3.6377196311950684,0.8864550211292633,0.8051039159775055,0.012062215965053047,-0.6596915046781477,0.014595632704617076,-0.3771819871758024,-0.6290808959124576,0.03244516567061945,-0.2623021980791061,0.027056735775071793,-0.0006977324660187006
1000,19,600,3.6377196311950684,0.8864553018796417,0.8051047937246156,0.012061755837173614,-0.6596917573205505,0.014595643035014594,-0.3771834061698688,-0.6290821300099363,0.03244521693310686,-0.26230223154345683,0.027056732126172288,-0.0006977320681484839
1000,19,601,3.6377196311950684,0.8864555927970991,0.8051056826518039,0.012061309573787721,-0.6596920099629532,0.014595651643679191,-0.3771848251639351,-0.6290833641074149,0.03244527139949974,-0.2623022984721583,0.027056726652823035,-0.0006977317200120443
1000,19,602,3.6377198696136475,0.8864558737969269,0.8051065606565009,0.012060874575302834,-0.6596922626053559,0.014595660252343788,-0.37718624415800145,-0.6290845982048936,0.03244532266198715,-0.26230233193650904,0.027056719355024027,-0.0006977313221418277
1000,19,603,3.6377196311950684,0.8864561625093562,0.8051074200764998,0.012060449108657256,-0.6596925152477585,0.014595668861008385,-0.37718761155228353,-0.6290857735358256,0.032445370720569106,-0.26230238213303514,0.027056715706124522,-0.000697730924271611
1000,19,604,3.6377198696136475,0.8864564330478815,0.8051082865574946,0.01206003057425845,-0.6596927678901612,0.014595677469672982,-0.3771890047464578,-0.6290870076333043,0.03244542518696198,-0.2623024155973858,0.02705671388167477,-0.0006977306258689486
1000,19,605,3.6377201080322266,0.8864567145647552,0.805109110976138,0.012059618105575567,-0.6596930205325638,0.014595686078337581,-0.37719032054095564,-0.6290881241976897,0.03244547324554393,-0.2623024323295612,0.027056706583875764,-0.0006977302279987319
1000,19,606,3.6377201080322266,0.8864569405846999,0.8051098472147289,0.01205921170260861,-0.6596932100143659,0.014595694687002178,-0.37719155893577716,-0.6290891819955285,0.032445514896314955,-0.26230244906173655,0.027056699286076756,-0.0006977297803947382
1000,19,607,3.6377198696136475,0.8864571777534873,0.8051105957266167,0.01205881309841927,-0.6596933994961679,0.014595703295666776,-0.3771928231304908,-0.6290902397933674,0.03244555975099144,-0.2623024657939119,0.027056690163827998,-0.0006977293327907444
1000,19,608,3.6377198696136475,0.8864574065075279,0.8051113078982346,0.012058422293007548,-0.6596935889779699,0.014595711904331373,-0.3771940099255281,-0.6290912388246597,0.032445598197857,-0.2623024825260873,0.02705668286602899,-0.0006977288851867507
1000,19,609,3.6377196311950684,0.8864576489610101,0.8051120080784177,0.012058041885965983,-0.659693778459772,0.01459572051299597,-0.3771951709206733,-0.6290921790894053,0.03244563664472256,-0.26230249925826266,0.02705667374378023,-0.0006977284873165341
1000,19,610,3.6377198696136475,0.8864578317253504,0.8051126966833285,0.01205767014423288,-0.6596939679415739,0.014595729121660569,-0.37719630611592636,-0.6290932368872442,0.03244568149939905,-0.262302515990438,0.027056668270430975,-0.0006977281889138716
1000,19,611,3.6377196311950684,0.8864580637380357,0.8051133853644146,0.01205730793433909,-0.6596941574233759,0.014595737730325166,-0.37719744131117944,-0.6290941771519898,0.032445723150170074,-0.2623025327226134,0.027056664621531473,-0.0006977278905112091
1000,19,612,3.6377196311950684,0.8864583306756597,0.8051141124858824,0.012056956122815455,-0.6596944100657786,0.014595744617256844,-0.37719852490664824,-0.6290951174167354,0.03244575839313017,-0.2623025829191395,0.027056662797081722,-0.0006977275423747695
1000,19,613,3.6377196311950684,0.8864585877935091,0.8051148287937806,0.01205661384313113,-0.6596946627081813,0.014595751504188521,-0.3771996085021171,-0.6290960576814811,0.03244579683999573,-0.26230259965131486,0.027056655499282715,-0.0006977271942383299
1000,19,614,3.6377198696136475,0.886458832888235,0.8051155047894202,0.012056281961816963,-0.6596948521899832,0.014595758391120199,-0.37720069209758594,-0.6290969391796801,0.03244584169467222,-0.26230264984784096,0.02705665185038321,-0.0006977269455694445
1000,19,615,3.6377198696136475,0.8864590324672902,0.805116157742032,0.012055959612342106,-0.6596950416717853,0.014595765278051879,-0.37720174989316263,-0.6290978794444257,0.03244588014153778,-0.26230266658001633,0.02705665002593346,-0.0006977266969005591
1000,19,616,3.6377198696136475,0.8864592395705432,0.8051167919048744,0.012055645061644867,-0.6596952311535873,0.014595772164983556,-0.37720275608895515,-0.6290987609426248,0.03244591858840334,-0.262302700044367,0.02705664272813445,-0.0006977263984978966
1000,19,617,3.6377196311950684,0.8864594173245868,0.8051174208243965,0.01205533657666355,-0.6596954206353893,0.014595779051915234,-0.3772037622847476,-0.6290997012073705,0.032445953831363436,-0.2623027167765424,0.02705664272813445,-0.0006977261498290113
1000,19,618,3.6377196311950684,0.8864596332999444,0.8051180376804047,0.012055033290867314,-0.6596956101171914,0.014595785938846912,-0.377204742680648,-0.6291005239390229,0.032445992278228995,-0.26230273350871774,0.027056637254785194,-0.0006977259011601259
1000,19,619,3.6377198696136475,0.8864598580944836,0.8051186642453418,0.012054734337725309,-0.6596957995989934,0.01459579282577859,-0.37720569727665626,-0.6291013466706753,0.03244602431728363,-0.2623028171695946,0.027056637254785194,-0.0006977256524912405
1000,19,620,3.6377198696136475,0.8864600459171785,0.8051192501019222,0.012054439717237537,-0.6596959890807954,0.014595799712710267,-0.3772066002728803,-0.6291021694023278,0.032446056356338265,-0.2623028506339453,0.02705662995698619,-0.000697725354088578
1000,19,621,3.6377196311950684,0.8864601979424486,0.8051197965432786,0.012054149429403995,-0.6596961154019967,0.014595806599641945,-0.37720752906899646,-0.6291029921339802,0.0324460883953929,-0.26230288409829605,0.027056628132536436,-0.0006977250556859156
1000,19,622,3.6377196311950684,0.8864603317587818,0.8051202958628054,0.012053866073817225,-0.6596962417231981,0.014595813486573624,-0.37720838046543625,-0.6291037560990861,0.03244612043444753,-0.26230288409829605,0.027056624483636934,-0.0006977247572832531
1000,19,623,3.6377196311950684,0.8864605246230977,0.8051208060507496,0.012053593116600612,-0.6596963680443994,0.014595820373505302,-0.37720923186187605,-0.6291044025310987,0.0324461492695967,-0.2623029175626468,0.027056619010287677,-0.0006977244588805906
1000,19,624,3.6377196311950684,0.8864606636075452,0.8051213110470453,0.012053328824692464,-0.6596964943656007,0.01459582553870406,-0.37721008325831584,-0.6291051664962045,0.03244618130865133,-0.26230293429482215,0.02705661353693842,-0.0006977242102117052
1000,19,625,3.6377196311950684,0.8864608002974574,0.8051217864440925,0.012053074931154472,-0.659696620686802,0.014595830703902819,-0.3772108830549714,-0.6291058716947637,0.0324462101438005,-0.26230293429482215,0.027056608063589168,-0.0006977239118090427
1000,19,626,3.6377196311950684,0.8864609136084624,0.8051222090276438,0.012052829702924941,-0.6596966838474028,0.014595835869101577,-0.37721165705173487,-0.6291065181267763,0.03244623577504421,-0.2623029677591729,0.027056606239139417,-0.0006977236631401573
1000,19,627,3.6377198696136475,0.8864610157637723,0.8051226193277589,0.012052592273473032,-0.6596967470080034,0.014595841034300335,-0.3772124052486062,-0.629107164558789,0.03244625820238246,-0.26230300122352357,0.02705659894134041,-0.0006977233150037177
1000,19,628,3.6377196311950684,0.8864611110392665,0.8051229949805971,0.012052362642798738,-0.659696810168604,0.014595846199499093,-0.37721310184569334,-0.629107752224255,0.03244628383362616,-0.26230300122352357,0.027056597116890655,-0.0006977231160686094
1000,19,629,3.6377196311950684,0.8864611869260125,0.8051233763569932,0.012052142543963754,-0.6596968733292047,0.014595851364697853,-0.3772137984427804,-0.6291083986562677,0.03244631266877533,-0.26230301795569894,0.027056595292440904,-0.0006977229668672781
1000,19,630,3.6377196311950684,0.8864613393447979,0.8051238149247826,0.012051930243906389,-0.6596969996504061,0.014595856529896612,-0.37721449503986754,-0.6291089863217337,0.032446338300019036,-0.26230305142004967,0.027056593467991153,-0.0006977227679321698
1000,19,631,3.6377196311950684,0.886461484587201,0.8051242185190226,0.012051724876095795,-0.6596971259716075,0.01459586169509537,-0.37721514003717044,-0.6291095152206531,0.032446363931262746,-0.26230305142004967,0.027056591643541402,-0.0006977226684646157
1000,19,632,3.6377196311950684,0.886461626100465,0.805124645078353,0.01205152644053197,-0.6596972522928087,0.014595866860294128,-0.3772158108343654,-0.6291101028861191,0.03244638635860099,-0.2623030848844004,0.02705658981909165,-0.0006977224695295073
1000,19,633,3.6377196311950684,0.8864618013895363,0.8051250817535892,0.012051333204153225,-0.6596974417746108,0.014595872025492887,-0.3772164042318841,-0.6291106317850386,0.03244640878593923,-0.2623031016165758,0.027056587994641897,-0.0006977223203281761
1000,19,634,3.6377196311950684,0.8864619962456195,0.805125512900637,0.012051143433897866,-0.6596976312564128,0.014595877190691645,-0.3772169976294027,-0.6291111019174114,0.032446428009372016,-0.2623031016165758,0.027056586170192146,-0.0006977221213930678
1000,19,635,3.6377196311950684,0.8864621183587997,0.8051258910269484,0.012050956263235045,-0.6596977575776141,0.014595882355890403,-0.37721756522702926,-0.6291116308163308,0.03244644723280479,-0.2623031350809265,0.02705658069684289,-0.0006977220219255136
1000,19,636,3.6377196311950684,0.8864622444668167,0.8051262464798777,0.012050773425226457,-0.6596978838988155,0.014595887521089162,-0.37721810702476366,-0.6291121009487036,0.032446469660143036,-0.2623031350809265,0.027056578872393138,-0.0006977218229904053
1000,19,637,3.6377196311950684,0.8864623902577018,0.8051265965208771,0.012050593186810407,-0.6596980102200168,0.014595890964555,-0.37721864882249806,-0.6291125123145298,0.03244649208748128,-0.26230311834875114,0.027056577047943387,-0.0006977217235228511
1000,19,638,3.6377196311950684,0.8864624853625724,0.805126917826319,0.012050414681456052,-0.6596980733806175,0.014595894408020841,-0.3772192164201246,-0.6291129824469026,0.03244651451481952,-0.2623031350809265,0.027056575223493636,-0.000697721673789074
1000,19,639,3.6377196311950684,0.8864625473326312,0.8051272026492214,0.012050238775694234,-0.6596981365412181,0.01459589785148668,-0.3772197066180748,-0.6291134525792755,0.03244653053434684,-0.2623031518131019,0.02705657339904388,-0.0006977215245877428
1000,19,640,3.6377201080322266,0.8864626389090103,0.8051274929978357,0.012050063736463263,-0.6596981997018188,0.014595901294952519,-0.377220196816025,-0.6291138639451017,0.032446546553874155,-0.2623031852774526,0.02705657339904388,-0.0006977213753864115
1000,19,641,3.6377198696136475,0.8864627059484484,0.8051277834015256,0.012049887830701446,-0.6596982628624195,0.014595904738418358,-0.3772206870139752,-0.6291143340774745,0.03244656577730694,-0.26230321874180335,0.02705657157459413,-0.0006977212261850803
1000,19,642,3.6377196311950684,0.8864628171765329,0.8051280683154041,0.01204970932534709,-0.6596983260230201,0.014595908181884196,-0.3772211772119254,-0.6291146866767542,0.03244658500073972,-0.2623032354739787,0.02705656975014438,-0.0006977211267175261
1000,19,643,3.6377201080322266,0.886462862071523,0.8051283343369282,0.012049528220400193,-0.6596983891836208,0.014595911625350035,-0.37722161581009134,-0.629115156809127,0.03244660102026704,-0.2623032689383294,0.02705656792569463,-0.0006977209775161949
1000,19,644,3.6377196311950684,0.8864629485253412,0.8051286190442559,0.012049344515860759,-0.6596984523442215,0.014595915068815874,-0.3772221060080415,-0.6291155681749532,0.03244661703979435,-0.26230328567050476,0.027056566101244878,-0.0006977207785810866
1000,19,645,3.6377201080322266,0.8864630118044468,0.8051288782354594,0.012049159078259632,-0.6596985155048222,0.014595918512281713,-0.37722251880631535,-0.6291159795407794,0.03244662985541621,-0.26230333586703086,0.027056564276795123,-0.0006977205299122012
1000,19,646,3.6377196311950684,0.8864630602074074,0.805129121047445,0.01204897190759681,-0.6596985786654228,0.014595921955747552,-0.3772229316045892,-0.6291163909066056,0.032446642671038056,-0.26230333586703086,0.027056562452345372,-0.0006977203807108699
1000,19,647,3.6377201080322266,0.8864631371101164,0.8051293681670908,0.012048783003872297,-0.6596986418260234,0.01459592539921339,-0.3772233186029709,-0.6291167435058852,0.03244665869056537,-0.26230338606355696,0.02705655880344587,-0.0006977201817757616
1000,19,648,3.6377201080322266,0.8864632569989994,0.8051296626151189,0.012048596699740323,-0.6596987681472248,0.01459592884267923,-0.37722373140124477,-0.6291170961051649,0.03244666830228177,-0.26230338606355696,0.027056556978996116,-0.0006977199828406533
1000,19,649,3.6377201080322266,0.8864633589017373,0.8051299372598153,0.012048412995200888,-0.6596988944684262,0.014595932286145068,-0.3772240667998423,-0.6291174487044444,0.032446681117903615,-0.26230343626008307,0.027056553330096614,-0.0006977197839055449
1000,19,650,3.6377196311950684,0.8864635011744352,0.8051302022108832,0.012048235356377378,-0.6596990207896275,0.014595935729610909,-0.3772244279983319,-0.6291176837706309,0.03244669072962001,-0.2623034195279077,0.027056551505646863,-0.0006977196844379908
1000,19,651,3.6377196311950684,0.8864635624693562,0.8051304321452084,0.012048066382862332,-0.6596990839502281,0.014595939173076748,-0.3772247891968215,-0.6291180363699105,0.03244670354524186,-0.26230345299225843,0.027056553330096614,-0.0006977196347042137
1000,19,652,3.6377198696136475,0.8864636226314406,0.8051306337613656,0.012047905208124904,-0.6596991471108289,0.014595942616542587,-0.377225124595419,-0.6291183302026435,0.03244671956476918,-0.26230343626008307,0.027056551505646863,-0.0006977195352366595
1000,19,653,3.6377196311950684,0.8864637111604562,0.805130839527665,0.012047753565226785,-0.6596992102714295,0.014595944338275506,-0.37722543419412435,-0.6291185652688299,0.03244672917648557,-0.2623034697244338,0.02705654968119711,-0.0006977194855028824
1000,19,654,3.6377196311950684,0.8864637468766838,0.8051310412872807,0.01204761058763713,-0.6596992734320302,0.014595946060008426,-0.37722576959272186,-0.6291189178681096,0.032446741992107425,-0.26230345299225843,0.027056547856747357,-0.0006977194357691054
1000,19,655,3.6377196311950684,0.8864638358643857,0.8051312475583399,0.012047475408825094,-0.6596993365926309,0.014595947781741345,-0.37722607919142725,-0.629119152934296,0.03244675801163474,-0.26230348645660917,0.027056546032297606,-0.0006977193363015512
1000,19,656,3.6377196311950684,0.886463885395179,0.8051314374571107,0.012047348028790674,-0.6596993997532316,0.014595949503474264,-0.37722638879013265,-0.6291194467670289,0.03244676762335113,-0.2623034697244338,0.027056547856747357,-0.0006977192865677741
1000,19,657,3.6377196311950684,0.8864639586037634,0.8051316263548458,0.012047228447533873,-0.6596994629138322,0.014595951225207184,-0.3772266725889459,-0.6291196818332153,0.032446780438972984,-0.26230348645660917,0.027056547856747357,-0.000697719236833997
1000,19,658,3.6377196311950684,0.8864640475464043,0.8051318325759425,0.012047115798523841,-0.6596995260744328,0.014595952946940103,-0.37722698218765127,-0.6291199168994018,0.03244678684678391,-0.2623035199209599,0.027056546032297606,-0.000697719137366443
1000,19,659,3.6377196311950684,0.8864640530034639,0.8051319468778746,0.012047010081760581,-0.6596995260744328,0.014595954668673023,-0.37722724018657244,-0.6291201519655882,0.03244679966240576,-0.26230350318878454,0.027056544207847855,-0.0006977190876326658
1000,19,660,3.6377198696136475,0.8864640843633073,0.8051320896991261,0.0120469095641824,-0.6596995260744328,0.014595956390405942,-0.3772275239853857,-0.6291203870317746,0.032446812478027616,-0.26230353665313527,0.027056542383398104,-0.0006977189881651116
1000,19,661,3.6377198696136475,0.8864641007180807,0.8051322159994508,0.012046815112320143,-0.6596995260744328,0.014595958112138862,-0.37722780778419895,-0.629120622097961,0.032446818885838544,-0.2623035199209599,0.02705654055894835,-0.0006977188389637804
1000,19,662,3.6377196311950684,0.8864641075509317,0.8051323588863296,0.012046727592704658,-0.6596995260744328,0.014595959833871781,-0.37722809158301224,-0.6291209159306941,0.03244682849755493,-0.2623035533853106,0.0270565387344986,-0.0006977188389637804
1000,19,663,3.6377196311950684,0.8864641493335561,0.8051325131829405,0.012046644405743405,-0.6596995892350336,0.0145959615556047,-0.3772283237820413,-0.6291211509968805,0.03244683810927132,-0.26230353665313527,0.02705654055894835,-0.0006977187892300033
1000,19,664,3.6377198696136475,0.8864642415704165,0.8051326959600007,0.01204656381837469,-0.6596996523956342,0.01459596327733762,-0.3772285817809624,-0.6291213272965203,0.032446847720987715,-0.26230357011748595,0.027056542383398104,-0.0006977187394962262
1000,19,665,3.6377198696136475,0.8864642943150977,0.8051328623258357,0.012046487563660209,-0.6596997155562349,0.01459596499907054,-0.3772288397798836,-0.6291215623627067,0.0324468573327041,-0.2623035533853106,0.02705654055894835,-0.0006977186897624491
1000,19,666,3.6377196311950684,0.8864643485415487,0.8051330032526731,0.012046414775069111,-0.6596997787168356,0.014595966720803459,-0.37722902037912837,-0.6291217386623464,0.03244686374051503,-0.26230357011748595,0.0270565387344986,-0.000697718590294895
1000,19,667,3.6377196311950684,0.8864644100373276,0.8051331521830963,0.0120463454526014,-0.6596998418774362,0.014595968442536378,-0.3772292525781574,-0.6291219149619862,0.03244687335223142,-0.26230353665313527,0.027056536910048848,-0.0006977184908273409
1000,19,668,3.6377196311950684,0.886464503440333,0.8051333362438181,0.012046279596257075,-0.6596999050380369,0.014595970164269298,-0.3772295363769707,-0.6291220912616261,0.032446882963947814,-0.26230353665313527,0.027056535085599097,-0.0006977183913597868
1000,19,669,3.6377198696136475,0.8864645576911598,0.8051334771973089,0.012046217206036134,-0.6596999681986375,0.014595971886002217,-0.3772297169762155,-0.6291222675612659,0.032446886167853274,-0.2623035533853106,0.027056533261149342,-0.0006977183913597868
1000,19,670,3.6377198696136475,0.88646462564227,0.8051336603052422,0.01204615828193858,-0.6597000313592383,0.014595973607735136,-0.37722997497513666,-0.6291225026274523,0.03244689898347513,-0.2623035868496613,0.02705653143669959,-0.0006977182918922326
1000,19,671,3.6377198696136475,0.8864646627107936,0.8051338094108704,0.012046101090902718,-0.6597000945198389,0.014595975329468056,-0.37723020717416567,-0.6291227376936387,0.03244690539128606,-0.2623035533853106,0.027056533261149342,-0.0006977181924246784
1000,19,672,3.6377198696136475,0.886464694747701,0.8051338988360457,0.012046049099051935,-0.6597000945198389,0.014595977051200977,-0.3772303877734105,-0.629122855226732,0.03244691179909698,-0.26230357011748595,0.02705652961224984,-0.0006977180929571243
1000,19,673,3.6377201080322266,0.8864647192638944,0.8051340070510025,0.012046001439855384,-0.6597000945198389,0.014595978772933896,-0.3772306199724395,-0.6291230315263717,0.032446918206907906,-0.26230357011748595,0.027056525963350335,-0.000697717943755793
1000,19,674,3.6377198696136475,0.8864647439065606,0.8051341154051553,0.01204595897984391,-0.6597000945198389,0.014595980494666816,-0.37723085217146857,-0.6291232078260115,0.03244692461471883,-0.26230357011748595,0.027056524138900584,-0.0006977178442882389
1000,19,675,3.6377198696136475,0.8864647600690232,0.805134241492615,0.01204592085248667,-0.6597000945198389,0.014595982216399735,-0.37723111017038974,-0.6291234428921979,0.03244693422643522,-0.2623035868496613,0.027056522314450833,-0.0006977178442882389
1000,19,676,3.6377198696136475,0.8864647593947482,0.8051343490424909,0.01204588705778366,-0.6597000945198389,0.014595983938132655,-0.37723131656952663,-0.6291236779583843,0.032446943838151616,-0.26230362031401205,0.027056524138900584,-0.0006977177448206847
1000,19,677,3.6377198696136475,0.8864647767442281,0.8051344222964003,0.01204585586267319,-0.6597000945198389,0.014595985659865574,-0.3772314971687714,-0.6291237954914776,0.03244694704205708,-0.2623035868496613,0.027056520490001082,-0.0006977175956193535
1000,19,678,3.6377198696136475,0.8864648068480269,0.8051345637332539,0.012045829866747798,-0.6597001576804395,0.014595987381598494,-0.37723167776801625,-0.629124030557664,0.032446950245962544,-0.2623036035818367,0.027056516841101576,-0.0006977174464180222
1000,19,679,3.6377198696136475,0.8864648926987283,0.8051347124079237,0.01204580993653833,-0.6597002208410403,0.014595989103331413,-0.37723188416715314,-0.6291241480907572,0.03244696306158439,-0.2623036035818367,0.027056516841101576,-0.0006977174464180222
1000,19,680,3.6377198696136475,0.8864649562544932,0.8051348365355143,0.012045795205513942,-0.6597002840016409,0.014595990825064332,-0.37723203896650587,-0.6291242656238504,0.03244696626548986,-0.2623036035818367,0.027056515016651825,-0.0006977173966842451
1000,19,681,3.6377196311950684,0.8864649655881385,0.8051349280338437,0.012045785673674632,-0.6597002840016409,0.014595992546797252,-0.37723224536564276,-0.6291244419234902,0.03244697587720625,-0.2623035868496613,0.027056515016651825,-0.0006977173469504681
1000,19,682,3.6377198696136475,0.8864649822188145,0.805135000484624,0.012045780474489554,-0.6597002840016409,0.014595992546797252,-0.3772324001649955,-0.6291245594565834,0.03244697587720625,-0.2623035868496613,0.027056515016651825,-0.000697717297216691
1000,19,683,3.6377198696136475,0.8864650460233888,0.8051351248745039,0.01204577874142786,-0.6597003471622416,0.014595992546797252,-0.37723255496434815,-0.6291246769896766,0.032446982285017176,-0.2623035868496613,0.027056511367752323,-0.0006977171977491368
1000,19,684,3.6377198696136475,0.8864651259605207,0.8051352670265226,0.012045779607958707,-0.6597004103228422,0.014595992546797252,-0.377232735563593,-0.6291247945227698,0.0324469886928281,-0.2623036035818367,0.027056513192202074,-0.0006977171480153597
1000,19,685,3.6377196311950684,0.8864651182457792,0.805135339742624,0.012045783074082092,-0.6597004103228422,0.014595992546797252,-0.37723289036294566,-0.6291249708224096,0.03244699510063903,-0.2623036035818367,0.02705650954330257,-0.0006977170982815826
1000,19,686,3.6377196311950684,0.8864651193105595,0.8051353950550284,0.012045787406736326,-0.6597004103228422,0.014595992546797252,-0.3772330193624062,-0.6291250883555028,0.03244700150844995,-0.2623035868496613,0.02705650954330257,-0.0006977169988140285
1000,19,687,3.6377196311950684,0.8864651299955199,0.8051355150993856,0.01204579347245225,-0.6597004103228422,0.014595992546797252,-0.3772332515614353,-0.6291253234216893,0.03244700791626088,-0.26230362031401205,0.02705650954330257,-0.0006977169988140285
1000,19,688,3.6377196311950684,0.8864651418121261,0.8051355822611881,0.012045798671637327,-0.6597004103228422,0.014595994268530171,-0.37723340636078795,-0.6291254409547824,0.03244701112016635,-0.2623036035818367,0.027056505894403067,-0.0006977168993464743
1000,19,689,3.6377196311950684,0.886465157936526,0.8051356541659067,0.012045802137760714,-0.6597004103228422,0.01459599599026309,-0.37723353536024856,-0.6291255584878757,0.032447020731882735,-0.2623036370461874,0.02705650954330257,-0.0006977168496126972
1000,19,690,3.6377196311950684,0.8864652264945123,0.8051357838006796,0.012045803870822406,-0.659700473483443,0.01459599771199601,-0.37723369015960123,-0.6291256760209688,0.032447020731882735,-0.2623036537783628,0.027056505894403067,-0.0006977167501451431
1000,19,691,3.6377196311950684,0.8864652869624652,0.8051358774582246,0.012045803870822406,-0.6597005366440436,0.01459599943372893,-0.37723376755927757,-0.6291257347875154,0.032447023935788195,-0.26230367051053816,0.027056507718852818,-0.000697716700411366
1000,19,692,3.6377196311950684,0.8864653386949165,0.805135988567811,0.012045802137760714,-0.6597005998046442,0.014596001155461849,-0.377233870758846,-0.6291258523206087,0.03244702713969366,-0.2623037039748889,0.027056507718852818,-0.0006977166506775889
1000,19,693,3.6377196311950684,0.886465339494077,0.8051360435991477,0.012045800404699021,-0.6597005998046442,0.014596002877194768,-0.3772339997583066,-0.6291259698537018,0.03244703034359912,-0.2623036872427135,0.027056505894403067,-0.0006977165512100348
1000,19,694,3.6377196311950684,0.8864653331312027,0.8051360907334136,0.012045797805106482,-0.6597005998046442,0.014596002877194768,-0.37723407715798296,-0.6291260873867951,0.03244703354750459,-0.26230372070706426,0.027056502245503565,-0.0006977165014762577
1000,19,695,3.6377201080322266,0.8864653439865152,0.8051361568251068,0.012045794338983095,-0.6597005998046442,0.014596002877194768,-0.3772342061574435,-0.6291262049198882,0.03244703675141005,-0.2623037374392396,0.027056505894403067,-0.0006977164517424806
1000,19,696,3.6377196311950684,0.8864653385598557,0.8051362049901162,0.012045790006328863,-0.6597005998046442,0.014596002877194768,-0.37723430935701197,-0.6291263224529815,0.03244703675141005,-0.2623037374392396,0.027056502245503565,-0.0006977163025411493
1000,19,697,3.6377196311950684,0.8864653874182414,0.8051362587838282,0.012045784807143786,-0.6597005998046442,0.014596002877194768,-0.37723441255658047,-0.6291263224529815,0.03244703995531552,-0.262303754171415,0.02705650042105381,-0.0006977162528073723
1000,19,698,3.6377196311950684,0.886465419310105,0.8051363480369859,0.012045779607958707,-0.6597006629652449,0.014596002877194768,-0.3772345157561489,-0.6291264399860746,0.03244704315922098,-0.26230372070706426,0.02705650042105381,-0.0006977161533398181
1000,19,699,3.6377196311950684,0.8864654189518877,0.8051364017823683,0.012045775275304475,-0.6597006629652449,0.014596002877194768,-0.37723461895571736,-0.6291265575191679,0.03244704636312644,-0.2623037374392396,0.02705649677215431,-0.000697716103606041
1000,19,700,3.6377198696136475,0.8864654136806833,0.8051364501184693,0.012045770076119396,-0.6597006629652449,0.014596002877194768,-0.37723472215528586,-0.629126675052261,0.03244704636312644,-0.2623037374392396,0.02705649859660406,-0.0006977160538722639
1000,19,701,3.6377198696136475,0.8864654330750681,0.8051364985418058,0.012045765743465164,-0.6597006629652449,0.014596002877194768,-0.3772348253548543,-0.6291267338188077,0.03244705277093737,-0.2623037374392396,0.027056494947704558,-0.0006977159544047098
1000,19,702,3.6377198696136475,0.8864654699181793,0.8051365932462642,0.012045760544280087,-0.6597007261258456,0.014596002877194768,-0.37723492855442275,-0.6291268513519009,0.032447055974842834,-0.26230372070706426,0.027056494947704558,-0.0006977160041384869
1000,19,703,3.6377198696136475,0.886465514457598,0.8051366693545764,0.012045755345095008,-0.6597007892864463,0.014596002877194768,-0.377234980154207,-0.6291269101184475,0.03244706238265376,-0.26230372070706426,0.027056494947704558,-0.0006977159544047098
1000,19,704,3.6377198696136475,0.8864655227701588,0.8051367055766588,0.012045748412848237,-0.6597007892864463,0.014596002877194768,-0.3772350575538833,-0.6291269688849941,0.03244706238265376,-0.26230372070706426,0.02705649677215431,-0.0006977159544047098
1000,19,705,3.6377201080322266,0.8864655605480577,0.8051367471821512,0.01204574061407062,-0.6597007892864463,0.014596004598927688,-0.3772351349535597,-0.6291269688849941,0.03244706558655922,-0.2623037374392396,0.027056493123254803,-0.0006977160041384869
1000,19,706,3.6377201080322266,0.8864655443457319,0.8051367834944269,0.012045731082231309,-0.6597007892864463,0.014596006320660607,-0.37723521235323604,-0.6291270864180873,0.03244706879046468,-0.2623037374392396,0.027056494947704558,-0.0006977159544047098
1000,19,707,3.6377198696136475,0.8864655614416095,0.8051368023287553,0.012045721550392,-0.6597007892864463,0.014596008042393527,-0.37723526395302026,-0.6291270864180873,0.03244707199437015,-0.26230372070706426,0.02705649859660406,-0.0006977159544047098
1000,19,708,3.6377198696136475,0.8864655585504527,0.8051368262269445,0.012045711152021842,-0.6597007892864463,0.014596009764126446,-0.3772353155528045,-0.6291271451846339,0.03244707199437015,-0.26230372070706426,0.027056494947704558,-0.0006977160041384869
1000,19,709,3.6377198696136475,0.8864655560830952,0.8051368505801809,0.012045701620182533,-0.6597007892864463,0.014596009764126446,-0.3772353671525887,-0.6291272039511805,0.03244707840218108,-0.26230372070706426,0.02705649677215431,-0.0006977159544047098
1000,19,710,3.6377201080322266,0.8864655471742892,0.8051368678412986,0.012045691221812375,-0.6597007892864463,0.014596009764126446,-0.3772353929524808,-0.6291272627177271,0.03244707840218108,-0.2623037374392396,0.027056493123254803,-0.0006977159544047098
1000,19,711,3.6377201080322266,0.8864655702178245,0.8051368932125129,0.012045679090380526,-0.6597007892864463,0.014596009764126446,-0.37723547035215715,-0.6291272627177271,0.03244708160608654,-0.2623037039748889,0.027056494947704558,-0.0006977160041384869
1000,19,712,3.6377201080322266,0.8864655810203483,0.8051369051062239,0.01204566609241783,-0.6597007892864463,0.014596009764126446,-0.37723549615204927,-0.6291272627177271,0.03244708160608654,-0.2623037039748889,0.027056494947704558,-0.0006977160041384869
1000,19,713,3.6377201080322266,0.8864656437657102,0.8051369741896344,0.012045652227924288,-0.6597008524470469,0.014596009764126446,-0.37723552195194143,-0.6291272627177271,0.03244708160608654,-0.26230372070706426,0.027056494947704558,-0.0006977159544047098
1000,19,714,3.6377201080322266,0.8864656881023867,0.8051370500746686,0.012045636630369052,-0.6597009156076477,0.014596009764126446,-0.37723557355172566,-0.6291273214842737,0.032447084809992005,-0.26230372070706426,0.02705649677215431,-0.0006977160041384869
1000,19,715,3.6377201080322266,0.8864656496793579,0.8051370619100576,0.012045619299752125,-0.6597009156076477,0.014596009764126446,-0.37723559935161777,-0.6291274390173669,0.032447088013897465,-0.26230372070706426,0.027056493123254803,-0.0006977160041384869
1000,19,716,3.6377201080322266,0.8864656775796957,0.8051370926286671,0.012045600236073505,-0.6597009156076477,0.014596009764126446,-0.3772356767512941,-0.6291274390173669,0.032447091217802926,-0.2623037039748889,0.027056494947704558,-0.0006977160041384869
1000,19,717,3.6377201080322266,0.8864656746573447,0.8051371164809202,0.012045578572802345,-0.6597009156076477,0.014596009764126446,-0.3772357283510783,-0.6291274977839135,0.032447091217802926,-0.2623037039748889,0.027056494947704558,-0.0006977160041384869
1000,19,718,3.6377201080322266,0.8864657013778018,0.8051371459004656,0.012045556043000338,-0.6597009156076477,0.014596009764126446,-0.37723577995086255,-0.6291274977839135,0.03244709442170839,-0.26230372070706426,0.027056494947704558,-0.0006977160041384869
1000,19,719,3.6377201080322266,0.8864656985943739,0.805137169917225,0.012045532646667486,-0.6597009156076477,0.014596011485859366,-0.37723583155064677,-0.6291275565504602,0.032447097625613854,-0.26230372070706426,0.02705649677215431,-0.0006977160041384869
1000,19,720,3.6377201080322266,0.8864657103163543,0.8051371828348223,0.012045508383803787,-0.6597009156076477,0.014596013207592285,-0.377235883150431,-0.6291275565504602,0.03244710082951932,-0.2623036872427135,0.027056493123254803,-0.0006977160041384869
1000,19,721,3.6377201080322266,0.8864657014314419,0.8051372001337685,0.012045484120940088,-0.6597009156076477,0.014596014929325205,-0.3772359089503231,-0.6291276153170068,0.03244710082951932,-0.2623037039748889,0.02705649677215431,-0.0006977160041384869
1000,19,722,3.6377201080322266,0.8864657121542712,0.8051372119397321,0.012045460724607236,-0.6597009156076477,0.014596014929325205,-0.3772359347502153,-0.6291276153170068,0.03244710403342478,-0.2623037039748889,0.027056494947704558,-0.0006977160041384869
1000,19,723,3.6377201080322266,0.8864657092084013,0.805137235766074,0.012045437328274382,-0.6597009156076477,0.014596014929325205,-0.3772359863499995,-0.6291276740835533,0.03244710403342478,-0.2623037039748889,0.027056494947704558,-0.0006977160041384869
1000,19,724,3.6377201080322266,0.886465703790019,0.8051372298003704,0.012045415665003223,-0.6597009156076477,0.014596014929325205,-0.3772359863499995,-0.6291276740835533,0.03244710082951932,-0.2623036872427135,0.027056493123254803,-0.0006977159544047098
1000,19,725,3.6377201080322266,0.8864657154522959,0.8051372426406764,0.01204539486826291,-0.6597009156076477,0.014596014929325205,-0.3772360379497837,-0.6291276740835533,0.03244710082951932,-0.2623036537783628,0.0270564894743553,-0.0006977159046709327
1000,19,726,3.6377201080322266,0.8864657424720631,0.8051372723897627,0.012045377537645983,-0.6597009156076477,0.014596014929325205,-0.37723608954956794,-0.6291276740835533,0.03244710723733025,-0.26230367051053816,0.027056493123254803,-0.0006977159046709327
1000,19,727,3.6377198696136475,0.8864657150020425,0.8051372962844865,0.012045362806621593,-0.6597009156076477,0.014596014929325205,-0.37723614114935217,-0.6291277916166466,0.03244710723733025,-0.26230367051053816,0.027056491298805052,-0.0006977159544047098
1000,19,728,3.6377201080322266,0.8864657540256053,0.8051373392498918,0.012045349808658897,-0.6597009156076477,0.014596014929325205,-0.3772362443489206,-0.6291277916166466,0.03244711364514117,-0.2623036537783628,0.027056491298805052,-0.0006977159544047098
1000,19,729,3.6377201080322266,0.886465751394058,0.8051373634222899,0.012045336810696201,-0.6597009156076477,0.014596014929325205,-0.37723629594870484,-0.6291278503831932,0.03244711684904664,-0.2623036537783628,0.027056493123254803,-0.0006977160041384869
1000,19,730,3.6377201080322266,0.8864657242025678,0.8051373876236502,0.012045321213140966,-0.6597009156076477,0.014596014929325205,-0.3772363475484891,-0.6291279679162863,0.032447123256857564,-0.2623036537783628,0.027056493123254803,-0.000697716103606041
1000,19,731,3.6377196311950684,0.8864657653653825,0.8051374058861965,0.012045303015993193,-0.6597009156076477,0.014596016651058124,-0.37723639914827334,-0.6291279091497397,0.0324471200529521,-0.2623036370461874,0.027056491298805052,-0.0006977160538722639
1000,19,732,3.6377198696136475,0.8864657552875705,0.805137394801963,0.012045282219252879,-0.6597009156076477,0.014596018372791043,-0.37723639914827334,-0.6291279091497397,0.032447123256857564,-0.2623036035818367,0.027056491298805052,-0.000697716103606041
1000,19,733,3.6377201080322266,0.8864658069373244,0.8051374516805059,0.01204526055598172,-0.6597009787682483,0.014596020094523965,-0.37723639914827334,-0.6291279091497397,0.032447123256857564,-0.26230362031401205,0.027056491298805052,-0.0006977160538722639
1000,19,734,3.6377196311950684,0.8864657943535105,0.8051374648953297,0.012045239759241405,-0.6597009787682483,0.014596020094523965,-0.37723645074805756,-0.6291279679162863,0.032447126460763025,-0.2623035868496613,0.027056494947704558,-0.0006977161533398181
1000,19,735,3.6377201080322266,0.8864658161026696,0.8051374888414091,0.01204521982903194,-0.6597009787682483,0.014596020094523965,-0.3772365023478418,-0.6291279679162863,0.03244712966466849,-0.2623035868496613,0.027056493123254803,-0.0006977162030735952
1000,19,736,3.6377196311950684,0.8864658402305616,0.8051375424762451,0.012045199898822473,-0.6597009787682483,0.014596020094523965,-0.37723660554741023,-0.629128026682833,0.03244713286857395,-0.2623036035818367,0.027056493123254803,-0.0006977161533398181
1000,19,737,3.6377201080322266,0.8864658374256249,0.8051375664577161,0.012045178235551313,-0.6597009787682483,0.014596020094523965,-0.37723665714719445,-0.6291280854493796,0.03244713607247941,-0.2623036035818367,0.027056493123254803,-0.0006977162030735952
1000,19,738,3.6377196311950684,0.8864658765822576,0.8051376366393567,0.012045153972687614,-0.6597010419288489,0.014596020094523965,-0.3772367087469787,-0.6291281442159261,0.03244713927638488,-0.2623035868496613,0.027056491298805052,-0.0006977162030735952
1000,19,739,3.6377201080322266,0.8864658873208568,0.805137648474235,0.012045128843293068,-0.6597010419288489,0.014596021816256884,-0.37723673454687084,-0.6291281442159261,0.03244713927638488,-0.2623035868496613,0.027056494947704558,-0.0006977162030735952
1000,19,740,3.6377201080322266,0.8864658869014483,0.8051376480240173,0.012045102847367676,-0.6597010419288489,0.014596023537989803,-0.37723673454687084,-0.6291281442159261,0.03244713927638488,-0.2623035868496613,0.027056493123254803,-0.0006977162030735952
1000,19,741,3.6377201080322266,0.8864659025616475,0.8051376652776342,0.012045075118380592,-0.6597010419288489,0.014596025259722723,-0.37723676034676296,-0.6291281442159261,0.03244714248029034,-0.2623036035818367,0.027056493123254803,-0.0006977162030735952
1000,19,742,3.6377196311950684,0.8864658885660462,0.8051376769380417,0.012045046522862661,-0.6597010419288489,0.014596025259722723,-0.37723678614665507,-0.6291282029824727,0.03244714248029034,-0.2623036035818367,0.027056493123254803,-0.0006977162030735952
1000,19,743,3.6377196311950684,0.8864658757091795,0.8051376898522046,0.01204501792734473,-0.6597010419288489,0.014596025259722723,-0.3772368377464393,-0.6291282617490194,0.03244714568419581,-0.26230357011748595,0.027056491298805052,-0.0006977162030735952
1000,19,744,3.6377196311950684,0.8864658667759796,0.8051377070863658,0.0120449893318268,-0.6597010419288489,0.014596025259722723,-0.3772368635463314,-0.629128320515566,0.03244714568419581,-0.2623035868496613,0.027056494947704558,-0.0006977162030735952
1000,19,745,3.6377201080322266,0.8864659463666521,0.8051377947166098,0.012044959003247176,-0.6597011050894496,0.014596025259722723,-0.37723694094600774,-0.629128320515566,0.03244714888810127,-0.2623035868496613,0.027056493123254803,-0.0006977162030735952
1000,19,746,3.6377201080322266,0.8864659679364761,0.8051378184652334,0.012044930407729245,-0.6597011050894496,0.014596025259722723,-0.37723699254579196,-0.629128320515566,0.03244714888810127,-0.2623035868496613,0.027056493123254803,-0.0006977162030735952
1000,19,747,3.6377196311950684,0.8864659590091899,0.8051378357058975,0.012044901812211314,-0.6597011050894496,0.014596025259722723,-0.37723701834568407,-0.6291283792821125,0.032447152092006736,-0.2623036035818367,0.027056493123254803,-0.0006977162030735952
1000,19,748,3.6377196311950684,0.8864659215544074,0.8051378486071576,0.012044872350162536,-0.6597011050894496,0.014596025259722723,-0.3772370699454683,-0.6291284968152058,0.032447155295912196,-0.26230357011748595,0.027056491298805052,-0.0006977162528073723
1000,19,749,3.6377196311950684,0.8864659371838561,0.8051378658153584,0.012044842021582913,-0.6597011050894496,0.014596025259722723,-0.3772370957453604,-0.6291284968152058,0.032447155295912196,-0.2623035868496613,0.027056494947704558,-0.0006977162030735952
1000,19,750,3.6377201080322266,0.8864659722257964,0.805137877327235,0.01204481169300329,-0.6597011050894496,0.014596025259722723,-0.3772371215452526,-0.6291284380486591,0.032447155295912196,-0.2623035868496613,0.027056491298805052,-0.0006977162030735952
1000,19,751,3.6377196311950684,0.8864659474122683,0.8051378770769563,0.012044782230954511,-0.6597011050894496,0.014596025259722723,-0.3772371215452526,-0.6291284968152058,0.032447158499817656,-0.2623035868496613,0.027056493123254803,-0.0006977162528073723
1000,19,752,3.6377196311950684,0.8864659530519,0.8051378832862549,0.01204475363543658,-0.6597011050894496,0.014596025259722723,-0.3772371473451447,-0.6291284968152058,0.032447158499817656,-0.26230357011748595,0.027056493123254803,-0.0006977162528073723
1000,19,753,3.6377196311950684,0.8864659390798533,0.8051378949725663,0.012044726772980343,-0.6597011050894496,0.014596025259722723,-0.3772371731450368,-0.6291285555817524,0.032447158499817656,-0.26230357011748595,0.027056493123254803,-0.0006977162030735952
1000,19,754,3.6377196311950684,0.8864659497510571,0.8051379067332386,0.01204470077705495,-0.6597011050894496,0.014596026981455642,-0.3772371989449289,-0.6291285555817524,0.032447158499817656,-0.26230357011748595,0.027056494947704558,-0.0006977162528073723
1000,19,755,3.6377196311950684,0.8864659654525036,0.8051379240322649,0.012044675647660406,-0.6597011050894496,0.014596028703188562,-0.377237224744821,-0.6291285555817524,0.032447164907628584,-0.2623035868496613,0.027056491298805052,-0.0006977162528073723
1000,19,756,3.6377196311950684,0.8864659761576755,0.8051379358187802,0.012044651384796707,-0.6597011050894496,0.014596028703188562,-0.37723725054471313,-0.6291285555817524,0.032447164907628584,-0.2623035868496613,0.027056493123254803,-0.0006977162030735952
1000,19,757,3.6377196311950684,0.8864659571704229,0.805137941983288,0.012044627988463855,-0.6597011050894496,0.014596028703188562,-0.37723727634460524,-0.629128614348299,0.032447164907628584,-0.26230357011748595,0.0270564894743553,-0.0006977162528073723
1000,19,758,3.6377196311950684,0.8864659544769103,0.805137966087383,0.012044606325192695,-0.6597011050894496,0.014596028703188562,-0.37723732794438947,-0.6291286731148455,0.03244716811153405,-0.26230357011748595,0.027056493123254803,-0.0006977162528073723
1000,19,759,3.6377196311950684,0.8864659652409558,0.805137977938718,0.012044586394983228,-0.6597011050894496,0.014596028703188562,-0.3772373537442816,-0.6291286731148455,0.03244716811153405,-0.26230357011748595,0.027056494947704558,-0.0006977162030735952
1000,19,760,3.6377196311950684,0.8864659808125903,0.8051379950832627,0.012044568197835453,-0.6597011050894496,0.014596028703188562,-0.3772373795441737,-0.6291286731148455,0.03244716811153405,-0.2623035868496613,0.027056491298805052,-0.0006977162528073723
1000,19,761,3.6377196311950684,0.8864659572410382,0.8051379962003962,0.012044550867218526,-0.6597011050894496,0.014596028703188562,-0.3772374053440658,-0.6291287318813922,0.03244717131543951,-0.2623035533853106,0.027056493123254803,-0.0006977162528073723
1000,19,762,3.6377196311950684,0.886465954389542,0.8051380201305391,0.012044534403132443,-0.6597011050894496,0.014596028703188562,-0.37723745694385,-0.6291287906479388,0.03244717131543951,-0.2623035533853106,0.027056493123254803,-0.0006977162528073723
1000,19,763,3.6377198696136475,0.8864660171114637,0.8051380891880751,0.012044518805577208,-0.6597011682500503,0.014596028703188562,-0.37723748274374214,-0.6291287906479388,0.03244717131543951,-0.26230357011748595,0.027056493123254803,-0.0006977162528073723
1000,19,764,3.6377196311950684,0.8864660279520971,0.8051381011237333,0.01204450407455282,-0.6597011682500503,0.014596028703188562,-0.37723750854363425,-0.6291287906479388,0.03244717451934498,-0.26230357011748595,0.027056491298805052,-0.0006977162528073723
1000,19,765,3.6377196311950684,0.8864660277637189,0.8051381009163268,0.012044490210059279,-0.6597011682500503,0.014596028703188562,-0.37723750854363425,-0.6291287906479388,0.03244717451934498,-0.26230357011748595,0.027056491298805052,-0.0006977162528073723
1000,19,766,3.6377196311950684,0.8864660226800084,0.805138095319105,0.012044476345565736,-0.6597011682500503,0.014596028703188562,-0.37723750854363425,-0.6291287906479388,0.03244717451934498,-0.2623035533853106,0.027056493123254803,-0.0006977162528073723
1000,19,767,3.6377196311950684,0.8864660224798571,0.805138095098736,0.012044461614541348,-0.6597011682500503,0.014596028703188562,-0.37723750854363425,-0.6291287906479388,0.03244717451934498,-0.2623035533853106,0.027056493123254803,-0.0006977162528073723
1000,19,768,3.6377196311950684,0.886466051818191,0.8051381003424563,0.012044447750047805,-0.6597011682500503,0.014596030424921481,-0.37723750854363425,-0.6291287318813922,0.03244717451934498,-0.26230357011748595,0.027056493123254803,-0.0006977162528073723
1000,19,769,3.6377196311950684,0.8864660270114861,0.8051381000996661,0.012044435618615955,-0.6597011682500503,0.014596030424921481,-0.37723750854363425,-0.6291287906479388,0.03244717451934498,-0.26230357011748595,0.027056491298805052,-0.0006977162528073723
1000,19,770,3.6377196311950684,0.8864660169563942,0.8051380890288977,0.012044424353714953,-0.6597011682500503,0.014596030424921481,-0.37723750854363425,-0.6291287906479388,0.03244717451934498,-0.26230353665313527,0.027056491298805052,-0.0006977162528073723
1000,19,771,3.6377196311950684,0.8864660218336272,0.8051380943987858,0.012044414821875642,-0.6597011682500503,0.014596030424921481,-0.37723750854363425,-0.6291287906479388,0.03244717451934498,-0.2623035533853106,0.027056493123254803,-0.0006977163025411493
1000,19,772,3.6377196311950684,0.8864660217158525,0.8051380942691145,0.012044406156567178,-0.6597011682500503,0.014596030424921481,-0.37723750854363425,-0.6291287906479388,0.03244717451934498,-0.2623035533853106,0.027056493123254803,-0.0006977162528073723
1000,19,773,3.6377196311950684,0.8864659971409764,0.8051380942815671,0.01204439835778956,-0.6597011682500503,0.014596030424921481,-0.37723750854363425,-0.6291288494144854,0.03244717772325044,-0.2623035533853106,0.027056493123254803,-0.0006977162528073723
1000,19,774,3.6377196311950684,0.8864660264346211,0.8051380994645314,0.012044393158604482,-0.6597011682500503,0.014596030424921481,-0.37723750854363425,-0.6291287906479388,0.03244717451934498,-0.26230357011748595,0.027056491298805052,-0.0006977163025411493
1000,19,775,3.6377196311950684,0.886466041071642,0.8051380885103854,0.012044389692481096,-0.6597011682500503,0.014596030424921481,-0.37723750854363425,-0.6291287318813922,0.03244717451934498,-0.26230353665313527,0.027056491298805052,-0.0006977162528073723
1000,19,776,3.6377196311950684,0.8864660460987096,0.8051380940452432,0.012044387092888558,-0.6597011682500503,0.014596030424921481,-0.37723750854363425,-0.6291287318813922,0.03244717451934498,-0.2623035533853106,0.027056494947704558,-0.0006977162528073723
1000,19,777,3.6377196311950684,0.8864660213337295,0.805138093848393,0.012044386226357711,-0.6597011682500503,0.014596030424921481,-0.37723750854363425,-0.6291287906479388,0.03244717451934498,-0.2623035533853106,0.0270564894743553,-0.0006977163025411493
1000,19,778,3.6377196311950684,0.886466021574146,0.805138094113094,0.012044387092888558,-0.6597011682500503,0.014596030424921481,-0.37723750854363425,-0.6291287906479388,0.03244717772325044,-0.2623035533853106,0.027056493123254803,-0.0006977163025411493
1000,19,779,3.6377201080322266,0.8864660276258358,0.805138100776072,0.01204438882595025,-0.6597011682500503,0.014596030424921481,-0.3772375343435264,-0.6291287906479388,0.03244717772325044,-0.26230353665313527,0.027056493123254803,-0.0006977162528073723
1000,19,780,3.6377196311950684,0.8864660276055102,0.8051381007536932,0.01204439142554279,-0.6597011682500503,0.014596030424921481,-0.3772375343435264,-0.6291287906479388,0.03244717772325044,-0.26230353665313527,0.027056491298805052,-0.0006977163025411493
1000,19,781,3.6377196311950684,0.8864660277639751,0.805138100928165,0.012044394891666175,-0.6597011682500503,0.014596030424921481,-0.3772375343435264,-0.6291287906479388,0.03244717772325044,-0.26230353665313527,0.027056494947704558,-0.0006977163025411493
1000,19,782,3.6377196311950684,0.8864660325334047,0.8051381061793601,0.01204439835778956,-0.6597011682500503,0.014596030424921481,-0.3772375343435264,-0.6291287906479388,0.03244717451934498,-0.2623035533853106,0.027056491298805052,-0.0006977162528073723
1000,19,783,3.6377196311950684,0.8864660547118964,0.8051381305981267,0.012044401823912946,-0.6597011682500503,0.014596030424921481,-0.37723758594331064,-0.6291287906479388,0.03244717772325044,-0.2623035533853106,0.027056493123254803,-0.0006977163025411493
1000,19,784,3.6377196311950684,0.8864660363064877,0.8051381374032306,0.012044404423505486,-0.6597011682500503,0.014596030424921481,-0.37723761174320275,-0.6291288494144854,0.0324471809271559,-0.26230353665313527,0.027056493123254803,-0.0006977163025411493
1000,19,785,3.6377196311950684,0.8864660226673701,0.8051381494560697,0.012044406156567178,-0.6597011682500503,0.014596030424921481,-0.37723763754309486,-0.629128908181032,0.0324471809271559,-0.26230353665313527,0.027056491298805052,-0.0006977163025411493
1000,19,786,3.6377196311950684,0.8864660448779671,0.805138173910183,0.01204440788962887,-0.6597011682500503,0.014596030424921481,-0.3772376891428791,-0.629128908181032,0.03244718413106137,-0.26230353665313527,0.027056494947704558,-0.0006977163025411493
1000,19,787,3.6377196311950684,0.8864660557458007,0.8051381858757882,0.01204440788962887,-0.6597011682500503,0.014596030424921481,-0.3772377149427712,-0.629128908181032,0.03244718413106137,-0.26230353665313527,0.027056491298805052,-0.0006977163025411493
1000,19,788,3.6377196311950684,0.8864660828164128,0.8051382156808317,0.012044407023098025,-0.6597011682500503,0.014596030424921481,-0.3772377665425554,-0.629128908181032,0.03244718733496683,-0.2623035533853106,0.027056493123254803,-0.0006977163025411493
1000,19,789,3.6377196311950684,0.8864660481945611,0.8051382046429989,0.012044406156567178,-0.6597011682500503,0.0145960321466544,-0.3772377665425554,-0.6291289669475786,0.03244718733496683,-0.2623035199209599,0.0270564894743553,-0.0006977163025411493
1000,19,790,3.6377196311950684,0.8864660641582008,0.8051382222306985,0.012044405290036331,-0.6597011682500503,0.01459603386838732,-0.37723779234244753,-0.6291289669475786,0.03244718733496683,-0.26230353665313527,0.027056491298805052,-0.0006977163025411493
1000,19,791,3.6377196311950684,0.8864660617473515,0.8051382466459743,0.012044404423505486,-0.6597011682500503,0.01459603386838732,-0.37723784394223175,-0.6291290257141252,0.032447190538872295,-0.26230353665313527,0.027056494947704558,-0.0006977163522749264
1000,19,792,3.6377196311950684,0.8864661086160247,0.8051382982488985,0.012044402690443792,-0.659701231410651,0.01459603386838732,-0.37723784394223175,-0.6291290257141252,0.032447190538872295,-0.26230353665313527,0.027056491298805052,-0.0006977163025411493
1000,19,793,3.6377196311950684,0.8864661096257407,0.8051382993606068,0.012044401823912946,-0.659701231410651,0.01459603386838732,-0.37723786974212387,-0.6291290257141252,0.032447190538872295,-0.26230350318878454,0.0270564894743553,-0.0006977163025411493
1000,19,794,3.6377196311950684,0.8864661047920357,0.8051382940386445,0.012044401823912946,-0.659701231410651,0.01459603386838732,-0.37723786974212387,-0.6291290257141252,0.032447193742777755,-0.26230348645660917,0.0270564894743553,-0.0006977163522749264
1000,19,795,3.6377196311950684,0.8864661157331658,0.805138306084949,0.012044403556974639,-0.659701231410651,0.01459603386838732,-0.377237895542016,-0.6291290257141252,0.032447190538872295,-0.26230348645660917,0.027056491298805052,-0.0006977163025411493
1000,19,796,3.6377196311950684,0.886466120725404,0.8051383115814579,0.012044406156567178,-0.659701231410651,0.01459603386838732,-0.377237895542016,-0.6291290257141252,0.032447193742777755,-0.26230350318878454,0.02705648764990555,-0.0006977163025411493
1000,19,797,3.6377196311950684,0.88646609629774,0.8051383117559727,0.012044409622690563,-0.659701231410651,0.01459603386838732,-0.377237895542016,-0.6291290844806718,0.032447193742777755,-0.26230350318878454,0.027056491298805052,-0.0006977163522749264
1000,19,798,3.6377196311950684,0.8864661133082875,0.8051383304847716,0.012044413955344795,-0.659701231410651,0.01459603386838732,-0.37723794714180026,-0.6291290844806718,0.032447193742777755,-0.26230348645660917,0.0270564894743553,-0.0006977163025411493
1000,19,799,3.6377198696136475,0.8864661379650963,0.8051383305625485,0.012044419154529874,-0.659701231410651,0.01459603386838732,-0.37723794714180026,-0.6291290257141252,0.032447193742777755,-0.26230348645660917,0.0270564894743553,-0.0006977163025411493
1000,19,800,3.6377196311950684,0.8864661380796885,0.8051383306887159,0.012044423487184106,-0.659701231410651,0.01459603386838732,-0.37723794714180026,-0.6291290257141252,0.032447193742777755,-0.26230348645660917,0.027056491298805052,-0.0006977163522749264
1000,19,801,3.6377196311950684,0.8864661380389202,0.8051383306438292,0.012044428686369185,-0.659701231410651,0.01459603386838732,-0.37723794714180026,-0.6291290257141252,0.032447193742777755,-0.26230348645660917,0.02705648764990555,-0.0006977163025411493
1000,19,802,3.6377196311950684,0.886466108683749,0.805138325393104,0.012044433885554262,-0.659701231410651,0.01459603386838732,-0.37723794714180026,-0.6291290844806718,0.032447193742777755,-0.2623034697244338,0.027056491298805052,-0.0006977163025411493
1000,19,803,3.6377196311950684,0.8864661307069802,0.8051383496409227,0.012044438218208494,-0.659701231410651,0.01459603386838732,-0.3772379987415845,-0.6291290844806718,0.03244719694668322,-0.2623034697244338,0.02705648764990555,-0.0006977163522749264
1000,19,804,3.6377196311950684,0.8864661603469426,0.8051383552052068,0.01204444168433188,-0.659701231410651,0.01459603386838732,-0.3772379987415845,-0.6291290257141252,0.03244719694668322,-0.26230348645660917,0.0270564894743553,-0.0006977163522749264
1000,19,805,3.6377198696136475,0.8864661359192407,0.8051383553796786,0.012044445150455265,-0.659701231410651,0.01459603386838732,-0.3772379987415845,-0.6291290844806718,0.03244719694668322,-0.26230348645660917,0.027056493123254803,-0.0006977163522749264
1000,19,806,3.6377196311950684,0.886466146873494,0.8051383674519872,0.012044447750047805,-0.659701231410651,0.01459603559012024,-0.3772380245414766,-0.6291290844806718,0.03244720015058868,-0.26230348645660917,0.02705648764990555,-0.0006977163522749264
1000,19,807,3.6377198696136475,0.8864661420691698,0.8051383621623738,0.012044450349640344,-0.659701231410651,0.01459603559012024,-0.3772380245414766,-0.6291290844806718,0.03244720015058868,-0.2623034697244338,0.027056491298805052,-0.0006977163522749264
1000,19,808,3.6377198696136475,0.88646615307193,0.805138374276533,0.012044452082702037,-0.659701231410651,0.01459603559012024,-0.3772380503413687,-0.6291290844806718,0.03244720015058868,-0.2623034697244338,0.027056491298805052,-0.0006977163522749264
1000,19,809,3.6377198696136475,0.8864661285591272,0.8051383743573037,0.012044452949232884,-0.659701231410651,0.01459603559012024,-0.3772380503413687,-0.6291291432472184,0.03244720335449414,-0.2623034697244338,0.0270564894743553,-0.0006977163522749264
1000,19,810,3.6377198696136475,0.8864661443838584,0.8051383917805051,0.01204445381576373,-0.659701231410651,0.01459603559012024,-0.3772380761412608,-0.6291291432472184,0.03244720015058868,-0.26230348645660917,0.0270564894743553,-0.0006977163522749264
1000,19,811,3.6377198696136475,0.8864661344818272,0.8051383808782608,0.01204445381576373,-0.659701231410651,0.01459603559012024,-0.3772380761412608,-0.6291291432472184,0.03244720015058868,-0.26230345299225843,0.0270564894743553,-0.0006977163522749264
1000,19,812,3.6377198696136475,0.886466139488528,0.805138386390693,0.01204445381576373,-0.659701231410651,0.01459603559012024,-0.3772380761412608,-0.6291291432472184,0.03244720015058868,-0.2623034697244338,0.027056491298805052,-0.0006977163522749264
1000,19,813,3.6377196311950684,0.8864661295189994,0.8051383754141332,0.012044452949232884,-0.659701231410651,0.01459603559012024,-0.3772380761412608,-0.6291291432472184,0.03244720015058868,-0.26230343626008307,0.0270564894743553,-0.0006977163025411493
1000,19,814,3.6377196311950684,0.8864661478600553,0.805138368538202,0.01204445381576373,-0.659701231410651,0.01459603559012024,-0.3772380503413687,-0.6291290844806718,0.03244719694668322,-0.26230345299225843,0.027056485825455796,-0.0006977162528073723
1000,19,815,3.6377196311950684,0.8864661269701821,0.8051383455382232,0.012044457281887116,-0.659701231410651,0.01459603559012024,-0.3772380245414766,-0.6291290844806718,0.03244719694668322,-0.2623034195279077,0.027056484001006045,-0.0006977162030735952
1000,19,816,3.6377196311950684,0.8864661489671125,0.8051383697570841,0.012044464214133885,-0.659701231410651,0.01459603559012024,-0.3772380761412608,-0.6291290844806718,0.03244719694668322,-0.2623034195279077,0.027056482176556294,-0.0006977162030735952
1000,19,817,3.6377196311950684,0.8864661442687521,0.805138364584138,0.012044474612504043,-0.659701231410651,0.01459603559012024,-0.3772380761412608,-0.6291290844806718,0.03244719694668322,-0.26230340279573233,0.027056485825455796,-0.0006977162030735952
1000,19,818,3.6377196311950684,0.8864661445509333,0.8051383648948225,0.012044486743935892,-0.659701231410651,0.01459603559012024,-0.3772380761412608,-0.6291290844806718,0.03244720015058868,-0.26230340279573233,0.027056485825455796,-0.0006977163025411493
1000,19,819,3.6377196311950684,0.8864661741972989,0.8051383704661569,0.012044498875367743,-0.659701231410651,0.01459603559012024,-0.3772380761412608,-0.6291290257141252,0.03244720015058868,-0.2623034195279077,0.027056484001006045,-0.0006977163522749264
1000,19,820,3.6377196311950684,0.8864661472477879,0.8051383949337229,0.012044510140268744,-0.659701231410651,0.01459603559012024,-0.37723812774104504,-0.6291291432472184,0.03244720015058868,-0.2623034195279077,0.02705648764990555,-0.0006977163025411493
1000,19,821,3.6377196311950684,0.886466170615365,0.8051384206616797,0.012044521405169747,-0.659701231410651,0.01459603559012024,-0.37723820514072137,-0.6291291432472184,0.03244720655839961,-0.26230338606355696,0.027056485825455796,-0.0006977163522749264
1000,19,822,3.6377196311950684,0.8864661511097306,0.8051384262553923,0.012044530937009058,-0.659701231410651,0.01459603559012024,-0.37723820514072137,-0.629129202013765,0.03244720655839961,-0.26230340279573233,0.027056485825455796,-0.0006977163522749264
1000,19,823,3.6377196311950684,0.8864661401073911,0.8051384141416972,0.01204453786925583,-0.659701231410651,0.01459603559012024,-0.37723817934082926,-0.629129202013765,0.03244720335449414,-0.26230340279573233,0.027056485825455796,-0.0006977163025411493
1000,19,824,3.6377196311950684,0.8864661758050353,0.8051384263755633,0.012044543068440907,-0.659701231410651,0.01459603559012024,-0.37723820514072137,-0.6291291432472184,0.03244720655839961,-0.26230340279573233,0.027056484001006045,-0.0006977163522749264
1000,19,825,3.6377196311950684,0.8864661699365757,0.8051384199258813,0.012044547401095139,-0.659701231410651,0.014596037311853159,-0.37723817934082926,-0.6291291432472184,0.03244720655839961,-0.2623034195279077,0.02705648764990555,-0.0006977163522749264
1000,19,826,3.6377196311950684,0.8864661489412026,0.8051383968097467,0.01204455173374937,-0.659701231410651,0.014596037311853159,-0.37723815354093715,-0.6291291432472184,0.03244720335449414,-0.26230338606355696,0.027056485825455796,-0.0006977163025411493
1000,19,827,3.6377196311950684,0.8864661539511242,0.8051384023257251,0.012044556066403603,-0.659701231410651,0.014596037311853159,-0.37723815354093715,-0.6291291432472184,0.03244720335449414,-0.26230340279573233,0.027056485825455796,-0.0006977163522749264
1000,19,828,3.6377196311950684,0.8864661676169395,0.8051383903023035,0.012044560399057836,-0.659701231410651,0.014596037311853159,-0.37723812774104504,-0.6291290844806718,0.03244720335449414,-0.26230340279573233,0.027056485825455796,-0.0006977163522749264
1000,19,829,3.6377196311950684,0.8864661566408684,0.8051383782175292,0.012044564731712068,-0.659701231410651,0.014596037311853159,-0.3772381019411529,-0.6291290844806718,0.03244720335449414,-0.26230340279573233,0.027056484001006045,-0.0006977163025411493
1000,19,830,3.6377196311950684,0.8864661517428605,0.805138372824769,0.0120445690643663,-0.659701231410651,0.014596037311853159,-0.3772381019411529,-0.6291290844806718,0.03244720015058868,-0.26230338606355696,0.02705648764990555,-0.0006977163522749264
1000,19,831,3.6377196311950684,0.8864661653529959,0.8051383607400385,0.012044573397020532,-0.659701231410651,0.014596037311853159,-0.3772380761412608,-0.6291290257141252,0.03244720015058868,-0.26230338606355696,0.027056485825455796,-0.0006977163522749264
1000,19,832,3.6377196311950684,0.8864661545381494,0.8051383488327737,0.012044576863143917,-0.659701231410651,0.014596037311853159,-0.3772380503413687,-0.6291290257141252,0.03244720335449414,-0.26230338606355696,0.027056485825455796,-0.0006977163522749264
1000,19,833,3.6377196311950684,0.8864661813891874,0.8051383783960613,0.012044581195798149,-0.659701231410651,0.014596037311853159,-0.3772381019411529,-0.6291290257141252,0.03244720015058868,-0.26230340279573233,0.027056485825455796,-0.0006977163522749264
1000,19,834,3.6377196311950684,0.8864661815214167,0.8051383785416468,0.012044586394983228,-0.659701231410651,0.014596037311853159,-0.3772381019411529,-0.6291290257141252,0.03244720335449414,-0.26230340279573233,0.027056484001006045,-0.0006977163522749264
1000,19,835,3.6377196311950684,0.8864661520548395,0.8051383731682612,0.012044591594168305,-0.659701231410651,0.014596037311853159,-0.3772381019411529,-0.6291290844806718,0.03244720335449414,-0.26230338606355696,0.027056484001006045,-0.0006977163025411493
1000,19,836,3.6377196311950684,0.8864661493804388,0.8051383972933506,0.012044596793353384,-0.659701231410651,0.014596037311853159,-0.37723815354093715,-0.6291291432472184,0.03244720015058868,-0.26230338606355696,0.027056484001006045,-0.0006977162528073723
1000,19,837,3.6377196311950684,0.8864661850897815,0.8051384095400934,0.012044602859069308,-0.659701231410651,0.014596037311853159,-0.37723817934082926,-0.6291290844806718,0.03244720335449414,-0.26230338606355696,0.027056482176556294,-0.0006977162030735952
1000,19,838,3.6377196311950684,0.8864661471638643,0.8051384219225065,0.01204460979131608,-0.659701231410651,0.014596037311853159,-0.37723820514072137,-0.629129202013765,0.03244720655839961,-0.26230338606355696,0.027056484001006045,-0.0006977162528073723
1000,19,839,3.6377196311950684,0.8864661596563762,0.8051384627465209,0.012044616723562851,-0.659701231410651,0.014596037311853159,-0.3772382567405056,-0.6291292607803116,0.03244720976230507,-0.26230343626008307,0.027056485825455796,-0.0006977163025411493
1000,19,840,3.6377196311950684,0.8864661816854584,0.8051384870007787,0.012044621922747929,-0.659701231410651,0.014596037311853159,-0.3772383083402898,-0.6291292607803116,0.03244720976230507,-0.26230343626008307,0.027056485825455796,-0.0006977163025411493
1000,19,841,3.6377196311950684,0.8864661678733551,0.805138498863121,0.012044623655809623,-0.659701231410651,0.014596037311853159,-0.377238334140182,-0.6291293195468582,0.03244720655839961,-0.26230343626008307,0.027056482176556294,-0.0006977162030735952
1000,19,842,3.6377196311950684,0.8864661840204217,0.8051385166412155,0.012044622789278776,-0.659701231410651,0.014596037311853159,-0.3772383599400741,-0.6291293195468582,0.03244720976230507,-0.26230345299225843,0.027056485825455796,-0.0006977161533398181
1000,19,843,3.6377196311950684,0.8864661493973269,0.8051385055904279,0.012044621056217083,-0.659701231410651,0.014596037311853159,-0.3772383599400741,-0.6291293783134048,0.03244720976230507,-0.2623034195279077,0.027056482176556294,-0.0006977161533398181
1000,19,844,3.6377196311950684,0.8864661923130365,0.8051385528410852,0.012044618456624544,-0.659701231410651,0.014596037311853159,-0.37723843733975043,-0.6291293783134048,0.03244720976230507,-0.26230345299225843,0.027056485825455796,-0.000697716103606041
1000,19,845,3.6377196311950684,0.8864661676241135,0.8051385527279229,0.012044614990501159,-0.659701231410651,0.014596037311853159,-0.37723843733975043,-0.6291294370799514,0.03244720976230507,-0.26230345299225843,0.027056484001006045,-0.000697716103606041
1000,19,846,3.6377196311950684,0.8864661579815624,0.8051385691809732,0.012044608924785233,-0.659701231410651,0.014596037311853159,-0.37723843733975043,-0.629129495846498,0.03244721296621054,-0.26230350318878454,0.027056485825455796,-0.000697716103606041
1000,19,847,3.6377198696136475,0.8864661443126387,0.80513858120094,0.012044600259476769,-0.659701231410651,0.014596037311853159,-0.37723846313964254,-0.6291295546130447,0.03244721296621054,-0.26230350318878454,0.02705648764990555,-0.0006977161533398181
1000,19,848,3.6377198696136475,0.8864662045971239,0.8051386205052036,0.012044588994575766,-0.6597012945712516,0.014596037311853159,-0.37723843733975043,-0.629129495846498,0.03244720976230507,-0.26230350318878454,0.027056485825455796,-0.000697716103606041
1000,19,849,3.6377196311950684,0.8864662674100745,0.8051386896629313,0.01204457599661307,-0.6597013577318523,0.014596037311853159,-0.37723846313964254,-0.629129495846498,0.03244720976230507,-0.2623035199209599,0.02705648764990555,-0.000697716103606041
1000,19,850,3.6377198696136475,0.8864662525814675,0.8051387004060708,0.012044561265588682,-0.6597013577318523,0.014596037311853159,-0.37723846313964254,-0.6291295546130447,0.03244720976230507,-0.2623035533853106,0.0270564894743553,-0.0006977160538722639
1000,19,851,3.6377196311950684,0.8864662314090519,0.8051386770950165,0.012044543934971754,-0.6597013577318523,0.014596037311853159,-0.37723843733975043,-0.6291295546130447,0.03244720976230507,-0.2623035199209599,0.02705648764990555,-0.0006977160538722639
1000,19,852,3.6377196311950684,0.8864662446573051,0.8051386646118901,0.01204452573782398,-0.6597013577318523,0.014596037311853159,-0.3772384115398583,-0.629129495846498,0.03244720976230507,-0.2623035199209599,0.027056484001006045,-0.0006977160041384869
1000,19,853,3.6377196311950684,0.8864662567087527,0.8051387049502555,0.012044509273737899,-0.6597013577318523,0.014596037311853159,-0.37723846313964254,-0.6291295546130447,0.03244720655839961,-0.26230357011748595,0.0270564894743553,-0.0006977160041384869
1000,19,854,3.6377196311950684,0.8864662319604719,0.805138704771725,0.012044492809651816,-0.6597013577318523,0.014596037311853159,-0.37723846313964254,-0.6291296133795913,0.03244720976230507,-0.26230357011748595,0.02705648764990555,-0.0006977159544047098
1000,19,855,3.6377201080322266,0.8864662513483776,0.8051386990484257,0.012044474612504043,-0.6597013577318523,0.014596037311853159,-0.37723846313964254,-0.6291295546130447,0.03244720976230507,-0.2623035533853106,0.02705648764990555,-0.0006977160041384869
1000,19,856,3.6377198696136475,0.8864662315099313,0.8051387042756749,0.012044455548825422,-0.6597013577318523,0.014596037311853159,-0.37723846313964254,-0.6291296133795913,0.03244720976230507,-0.26230357011748595,0.0270564894743553,-0.0006977160041384869
1000,19,857,3.6377198696136475,0.886466261809564,0.8051387105663029,0.012044436485146802,-0.6597013577318523,0.014596037311853159,-0.37723848893953466,-0.6291295546130447,0.03244720976230507,-0.2623035533853106,0.02705648764990555,-0.0006977160041384869
1000,19,858,3.6377198696136475,0.8864661899168723,0.8051386584812767,0.012044418287999027,-0.6597012945712516,0.014596037311853159,-0.37723848893953466,-0.6291296133795913,0.03244720976230507,-0.2623035533853106,0.027056485825455796,-0.0006977160041384869
1000,19,859,3.6377198696136475,0.8864662302416859,0.8051386758097342,0.012044400090851254,-0.6597012945712516,0.014596037311853159,-0.37723851473942677,-0.6291295546130447,0.03244720976230507,-0.26230357011748595,0.02705648764990555,-0.0006977160041384869
1000,19,860,3.6377201080322266,0.8864662005863407,0.8051386702284745,0.012044382760234326,-0.6597012945712516,0.014596037311853159,-0.37723851473942677,-0.6291296133795913,0.03244721296621054,-0.2623035533853106,0.02705648764990555,-0.0006977160041384869
1000,19,861,3.6377198696136475,0.8864662162489755,0.8051386874732012,0.012044367162679091,-0.6597012945712516,0.014596037311853159,-0.3772385405393189,-0.6291296133795913,0.03244721296621054,-0.26230357011748595,0.027056485825455796,-0.0006977160041384869
1000,19,862,3.6377201080322266,0.886466186567368,0.8051386818630226,0.012044352431654701,-0.6597012945712516,0.014596037311853159,-0.3772385405393189,-0.6291296721461378,0.03244721296621054,-0.2623035533853106,0.02705648764990555,-0.0006977160041384869
1000,19,863,3.6377198696136475,0.8864662110325777,0.8051386817298919,0.012044339433692005,-0.6597012945712516,0.014596037311853159,-0.3772385405393189,-0.6291296133795913,0.03244721296621054,-0.2623035533853106,0.0270564894743553,-0.0006977160041384869
1000,19,864,3.6377201080322266,0.8864661911887276,0.8051386869511883,0.012044328168791002,-0.6597012945712516,0.014596037311853159,-0.3772385405393189,-0.6291296721461378,0.03244721296621054,-0.26230357011748595,0.02705648764990555,-0.0006977160041384869
1000,19,865,3.6377196311950684,0.8864662105593722,0.8051386812088878,0.01204431690389,-0.6597012945712516,0.014596037311853159,-0.3772385405393189,-0.6291296133795913,0.03244721296621054,-0.2623035533853106,0.027056484001006045,-0.0006977159544047098
1000,19,866,3.6377198696136475,0.886466216581219,0.8051386878390048,0.012044308238581537,-0.6597012945712516,0.014596037311853159,-0.377238566339211,-0.6291296133795913,0.03244721296621054,-0.26230353665313527,0.02705648764990555,-0.0006977159544047098
1000,19,867,3.6377198696136475,0.8864662164313462,0.8051386876739931,0.012044301306334765,-0.6597012945712516,0.014596037311853159,-0.377238566339211,-0.6291296133795913,0.03244721296621054,-0.26230353665313527,0.027056485825455796,-0.0006977159544047098
1000,19,868,3.6377201080322266,0.8864661966816839,0.8051386929989911,0.012044296973680533,-0.6597012945712516,0.014596037311853159,-0.377238566339211,-0.6291296721461378,0.03244721296621054,-0.2623035533853106,0.027056484001006045,-0.0006977159544047098
1000,19,869,3.6377198696136475,0.8864661917510323,0.8051386875702917,0.012044294374087994,-0.6597012945712516,0.014596037311853159,-0.377238566339211,-0.6291296721461378,0.03244721296621054,-0.26230353665313527,0.027056485825455796,-0.0006977159544047098
1000,19,870,3.6377198696136475,0.8864662186487324,0.8051387171849432,0.012044293507557147,-0.6597012945712516,0.014596037311853159,-0.3772386179389952,-0.6291296721461378,0.03244721296621054,-0.2623035533853106,0.027056485825455796,-0.0006977159544047098
1000,19,871,3.6377198696136475,0.8864662137593027,0.8051387118016295,0.012044293507557147,-0.6597012945712516,0.014596037311853159,-0.3772386179389952,-0.6291296721461378,0.032447216170116,-0.26230353665313527,0.027056484001006045,-0.0006977159544047098
1000,19,872,3.6377201080322266,0.8864662087761869,0.8051387063151665,0.01204429524061884,-0.6597012945712516,0.014596037311853159,-0.3772386179389952,-0.6291296721461378,0.032447216170116,-0.2623035199209599,0.027056482176556294,-0.0006977160041384869
1000,19,873,3.6377201080322266,0.8864662139295405,0.8051387119890632,0.012044297840211379,-0.6597012945712516,0.014596037311853159,-0.3772386179389952,-0.6291296721461378,0.032447216170116,-0.26230353665313527,0.02705648764990555,-0.0006977159544047098
1000,19,874,3.6377198696136475,0.8864662249119517,0.8051387240808138,0.01204430217286561,-0.6597012945712516,0.014596037311853159,-0.3772386437388873,-0.6291296721461378,0.032447216170116,-0.26230353665313527,0.027056485825455796,-0.0006977159544047098
1000,19,875,3.6377198696136475,0.886466205280028,0.8051387295354384,0.012044306505519842,-0.6597012945712516,0.014596037311853159,-0.3772386437388873,-0.6291297309126844,0.032447216170116,-0.2623035533853106,0.027056484001006045,-0.0006977159544047098
1000,19,876,3.6377198696136475,0.8864662114784796,0.8051387363599989,0.012044310838174074,-0.6597012945712516,0.014596037311853159,-0.37723866953877944,-0.6291297309126844,0.032447216170116,-0.26230353665313527,0.02705648764990555,-0.0006977159544047098
1000,19,877,3.6377201080322266,0.8864662176389219,0.8051387431427106,0.012044316037359153,-0.6597012945712516,0.014596037311853159,-0.37723869533867155,-0.6291297309126844,0.032447219374021466,-0.2623035199209599,0.027056485825455796,-0.0006977159544047098
1000,19,878,3.6377201080322266,0.8864662695967899,0.8051388003488689,0.012044320370013385,-0.6597013577318523,0.014596037311853159,-0.37723869533867155,-0.6291297309126844,0.032447219374021466,-0.26230353665313527,0.027056484001006045,-0.0006977160041384869
1000,19,879,3.6377198696136475,0.8864662697565321,0.8051388005363028,0.012044324702667617,-0.6597013577318523,0.014596039033586078,-0.37723869533867155,-0.6291297309126844,0.032447219374021466,-0.26230353665313527,0.02705648764990555,-0.0006977160041384869
1000,19,880,3.6377198696136475,0.8864662648919275,0.8051387951918779,0.012044327302260157,-0.6597013577318523,0.014596040755318998,-0.37723869533867155,-0.6291297309126844,0.032447222577926926,-0.2623035199209599,0.027056485825455796,-0.0006977160041384869
1000,19,881,3.6377201080322266,0.8864662696830371,0.805138800478496,0.012044329035321849,-0.6597013577318523,0.014596042477051917,-0.37723869533867155,-0.6291297309126844,0.032447219374021466,-0.26230353665313527,0.027056484001006045,-0.0006977160041384869
1000,19,882,3.6377198696136475,0.8864662868869881,0.8051388194202266,0.012044330768383541,-0.6597013577318523,0.014596042477051917,-0.3772387469384558,-0.6291297309126844,0.032447222577926926,-0.2623035199209599,0.027056485825455796,-0.0006977160041384869
1000,19,883,3.6377201080322266,0.8864662673193855,0.805138824945663,0.012044331634914389,-0.6597013577318523,0.014596042477051917,-0.3772387469384558,-0.629129789679231,0.032447222577926926,-0.26230353665313527,0.02705648764990555,-0.0006977160538722639
1000,19,884,3.6377201080322266,0.8864662672754736,0.8051388248973156,0.012044332501445236,-0.6597013577318523,0.014596042477051917,-0.3772387469384558,-0.629129789679231,0.032447222577926926,-0.26230353665313527,0.027056485825455796,-0.0006977160538722639
1000,19,885,3.6377198696136475,0.8864662623244576,0.8051388194461953,0.012044332501445236,-0.6597013577318523,0.014596042477051917,-0.3772387469384558,-0.629129789679231,0.032447222577926926,-0.2623035199209599,0.027056485825455796,-0.0006977160538722639
1000,19,886,3.6377201080322266,0.8864662784276245,0.8051388371759504,0.012044332501445236,-0.6597013577318523,0.014596042477051917,-0.37723877273834794,-0.629129789679231,0.03244722578183239,-0.26230353665313527,0.02705648764990555,-0.0006977160041384869
1000,19,887,3.6377201080322266,0.8864662488230758,0.8051388316506003,0.012044331634914389,-0.6597013577318523,0.014596042477051917,-0.37723877273834794,-0.6291298484457777,0.03244722578183239,-0.2623035199209599,0.027056485825455796,-0.0006977160538722639
1000,19,888,3.6377198696136475,0.8864662894829862,0.8051388493480192,0.012044329901852696,-0.6597013577318523,0.014596042477051917,-0.37723879853824005,-0.629129789679231,0.03244722578183239,-0.26230353665313527,0.027056491298805052,-0.000697716103606041
1000,19,889,3.6377198696136475,0.8864662684314835,0.8051388261700945,0.012044325569198464,-0.6597013577318523,0.014596042477051917,-0.37723877273834794,-0.629129789679231,0.03244722578183239,-0.26230350318878454,0.02705648764990555,-0.000697716103606041
1000,19,890,3.6377198696136475,0.886466276732305,0.805138808239814,0.012044320370013385,-0.6597013577318523,0.014596042477051917,-0.3772387469384558,-0.6291297309126844,0.032447222577926926,-0.26230348645660917,0.027056482176556294,-0.0006977160041384869
1000,19,891,3.6377198696136475,0.8864662827133896,0.8051388148250508,0.01204431690389,-0.6597013577318523,0.014596042477051917,-0.37723877273834794,-0.6291297309126844,0.032447222577926926,-0.2623034697244338,0.027056482176556294,-0.0006977159544047098
1000,19,892,3.6377198696136475,0.8864662877319416,0.8051388203505292,0.012044317770420846,-0.6597013577318523,0.014596042477051917,-0.37723877273834794,-0.6291297309126844,0.032447222577926926,-0.26230348645660917,0.027056484001006045,-0.0006977160538722639
1000,19,893,3.6377198696136475,0.8864662978862012,0.8051388315304756,0.012044319503482538,-0.6597013577318523,0.014596042477051917,-0.37723877273834794,-0.6291297309126844,0.03244722578183239,-0.2623035199209599,0.02705648764990555,-0.000697716103606041
1000,19,894,3.6377196311950684,0.8864662733734843,0.8051388316112892,0.012044320370013385,-0.6597013577318523,0.014596042477051917,-0.37723877273834794,-0.629129789679231,0.032447228985737854,-0.2623035199209599,0.027056485825455796,-0.0006977161533398181
1000,19,895,3.6377198696136475,0.8864662732267247,0.8051388314497051,0.012044318636951693,-0.6597013577318523,0.014596042477051917,-0.37723877273834794,-0.629129789679231,0.032447222577926926,-0.2623035199209599,0.0270564894743553,-0.000697716103606041
1000,19,896,3.6377196311950684,0.8864662672130401,0.8051388248285757,0.012044315170828306,-0.6597013577318523,0.014596042477051917,-0.3772387469384558,-0.629129789679231,0.03244722578183239,-0.26230353665313527,0.02705648764990555,-0.0006977161533398181
1000,19,897,3.6377198696136475,0.8864662707534884,0.8051388016570741,0.012044311704704921,-0.6597013577318523,0.014596042477051917,-0.37723872113856366,-0.6291297309126844,0.032447222577926926,-0.26230350318878454,0.02705648764990555,-0.000697716103606041
1000,19,898,3.6377198696136475,0.8864662570994313,0.8051388136933865,0.012044308238581537,-0.6597013577318523,0.014596042477051917,-0.3772387469384558,-0.629129789679231,0.032447222577926926,-0.26230350318878454,0.02705648764990555,-0.0006977160041384869
1000,19,899,3.6377201080322266,0.8864662755663263,0.8051388069560591,0.012044305638988997,-0.6597013577318523,0.014596042477051917,-0.37723872113856366,-0.6291297309126844,0.032447222577926926,-0.2623035199209599,0.027056485825455796,-0.0006977160041384869
1000,19,900,3.6377198696136475,0.8864662890441702,0.80513879472573,0.01204430477245815,-0.6597013577318523,0.014596042477051917,-0.37723869533867155,-0.6291296721461378,0.032447219374021466,-0.2623035199209599,0.027056485825455796,-0.0006977160041384869
1000,19,901,3.6377198696136475,0.8864662644815965,0.8051387947516554,0.012044306505519842,-0.6597013577318523,0.014596042477051917,-0.37723869533867155,-0.6291297309126844,0.032447219374021466,-0.2623035199209599,0.027056485825455796,-0.0006977160041384869
1000,19,902,3.6377201080322266,0.8864662485427589,0.8051387772028277,0.012044309971643229,-0.6597013577318523,0.014596042477051917,-0.37723866953877944,-0.6291297309126844,0.032447219374021466,-0.26230350318878454,0.027056484001006045,-0.0006977160041384869
1000,19,903,3.6377198696136475,0.8864662866891431,0.8051387650632386,0.012044315170828306,-0.6597013577318523,0.014596042477051917,-0.3772386437388873,-0.6291296133795913,0.032447216170116,-0.26230350318878454,0.027056484001006045,-0.0006977160041384869
1000,19,904,3.6377198696136475,0.8864662672039074,0.8051387706793708,0.012044322103075078,-0.6597013577318523,0.014596042477051917,-0.3772386437388873,-0.6291296721461378,0.032447216170116,-0.2623035199209599,0.027056485825455796,-0.0006977160041384869
1000,19,905,3.6377198696136475,0.8864662563541867,0.805138758733714,0.012044331634914389,-0.6597013577318523,0.014596042477051917,-0.3772386179389952,-0.6291296721461378,0.032447216170116,-0.2623035199209599,0.027056485825455796,-0.0006977160041384869
1000,19,906,3.6377198696136475,0.8864662602121075,0.8051387359117425,0.012044342899815392,-0.6597013577318523,0.014596042477051917,-0.3772385921391031,-0.6291296133795913,0.032447216170116,-0.26230348645660917,0.027056485825455796,-0.0006977160041384869
1000,19,907,3.6377198696136475,0.8864662727314003,0.8051387767651986,0.012044355897778088,-0.6597013577318523,0.014596042477051917,-0.3772386437388873,-0.6291296721461378,0.032447219374021466,-0.26230353665313527,0.027056485825455796,-0.0006977160538722639
1000,19,908,3.6377201080322266,0.8864662568346793,0.8051388134018918,0.012044368029209936,-0.6597013577318523,0.014596042477051917,-0.37723872113856366,-0.629129789679231,0.032447222577926926,-0.26230353665313527,0.02705648764990555,-0.000697716103606041
1000,19,909,3.6377198696136475,0.886466281582443,0.8051388135798668,0.012044375827987555,-0.6597013577318523,0.014596042477051917,-0.37723872113856366,-0.6291297309126844,0.032447222577926926,-0.26230353665313527,0.0270564894743553,-0.000697716103606041
1000,19,910,3.6377198696136475,0.8864662705507089,0.8051388014338118,0.012044380160641787,-0.6597013577318523,0.014596042477051917,-0.37723869533867155,-0.6291297309126844,0.032447222577926926,-0.26230353665313527,0.027056485825455796,-0.000697716103606041
1000,19,911,3.6377196311950684,0.8864662756131351,0.8051388070075961,0.012044380160641787,-0.6597013577318523,0.014596042477051917,-0.37723869533867155,-0.6291297309126844,0.032447222577926926,-0.2623035533853106,0.0270564894743553,-0.0006977161533398181
1000,19,912,3.6377198696136475,0.8864662741147877,0.8051387782883227,0.012044378427580094,-0.6597013577318523,0.014596042477051917,-0.37723866953877944,-0.6291296721461378,0.032447219374021466,-0.26230350318878454,0.027056485825455796,-0.0006977161533398181
1000,19,913,3.6377198696136475,0.8864662631558838,0.8051387662224542,0.012044375827987555,-0.6597013577318523,0.014596042477051917,-0.3772386437388873,-0.6291296721461378,0.032447219374021466,-0.26230350318878454,0.02705648764990555,-0.000697716103606041
1000,19,914,3.6377198696136475,0.8864662936117967,0.8051387726851532,0.012044372361864168,-0.6597013577318523,0.014596042477051917,-0.37723866953877944,-0.6291296133795913,0.032447219374021466,-0.26230348645660917,0.027056484001006045,-0.0006977161533398181
1000,19,915,3.6377198696136475,0.8864663024053173,0.8051387552973257,0.01204436976227163,-0.6597013577318523,0.014596042477051917,-0.3772386437388873,-0.6291295546130447,0.032447222577926926,-0.2623034697244338,0.027056485825455796,-0.0006977161533398181
1000,19,916,3.6377198696136475,0.8864662666112786,0.8051387429572975,0.01204436976227163,-0.6597013577318523,0.014596042477051917,-0.3772386179389952,-0.6291296133795913,0.032447219374021466,-0.2623034697244338,0.027056482176556294,-0.000697716103606041
1000,19,917,3.6377198696136475,0.8864662717647486,0.8051387486313224,0.012044372361864168,-0.6597013577318523,0.014596042477051917,-0.3772386179389952,-0.6291296133795913,0.032447219374021466,-0.26230348645660917,0.02705648764990555,-0.0006977162030735952
1000,19,918,3.6377201080322266,0.8864662829522943,0.8051387609489286,0.012044374961456708,-0.6597013577318523,0.014596042477051917,-0.3772386437388873,-0.6291296133795913,0.032447222577926926,-0.26230348645660917,0.0270564894743553,-0.0006977162528073723
1000,19,919,3.6377198696136475,0.8864662682917872,0.8051387718771378,0.0120443766945184,-0.6597013577318523,0.014596042477051917,-0.3772386437388873,-0.6291296721461378,0.032447222577926926,-0.2623035199209599,0.0270564894743553,-0.0006977163025411493
1000,19,920,3.6377196311950684,0.886466274457638,0.8051387786658045,0.012044374094925862,-0.6597013577318523,0.014596042477051917,-0.37723866953877944,-0.6291296721461378,0.03244722578183239,-0.26230350318878454,0.027056491298805052,-0.0006977163025411493
1000,19,921,3.6377198696136475,0.8864662880055869,0.805138766512657,0.01204436976227163,-0.6597013577318523,0.014596042477051917,-0.3772386437388873,-0.6291296133795913,0.03244722578183239,-0.26230350318878454,0.027056491298805052,-0.0006977162030735952
1000,19,922,3.6377198696136475,0.8864662826497892,0.8051387606158672,0.012044365429617397,-0.6597013577318523,0.014596042477051917,-0.3772386437388873,-0.6291296133795913,0.032447219374021466,-0.26230348645660917,0.02705648764990555,-0.0006977162030735952
1000,19,923,3.6377198696136475,0.8864662776458082,0.8051387551064312,0.012044361096963165,-0.6597013577318523,0.014596042477051917,-0.3772386437388873,-0.6291296133795913,0.032447222577926926,-0.2623034697244338,0.027056484001006045,-0.0006977162030735952
1000,19,924,3.6377198696136475,0.8864662776661729,0.805138755128853,0.012044358497370627,-0.6597013577318523,0.014596042477051917,-0.3772386437388873,-0.6291296133795913,0.032447222577926926,-0.2623034697244338,0.027056485825455796,-0.0006977162030735952
1000,19,925,3.6377198696136475,0.8864662875885679,0.8051387660535149,0.012044355897778088,-0.6597013577318523,0.014596042477051917,-0.3772386437388873,-0.6291296133795913,0.032447222577926926,-0.26230350318878454,0.02705648764990555,-0.0006977162030735952
1000,19,926,3.6377198696136475,0.886466274001999,0.8051387781641411,0.012044353298185548,-0.6597013577318523,0.014596042477051917,-0.37723866953877944,-0.6291296721461378,0.032447222577926926,-0.26230350318878454,0.0270564894743553,-0.0006977161533398181
1000,19,927,3.6377196311950684,0.8864662592590815,0.8051387890016115,0.012044348965531316,-0.6597013577318523,0.014596042477051917,-0.37723866953877944,-0.6291297309126844,0.032447222577926926,-0.26230353665313527,0.0270564894743553,-0.0006977162030735952
1000,19,928,3.6377196311950684,0.8864662897353165,0.8051387954866894,0.012044342899815392,-0.6597013577318523,0.014596042477051917,-0.37723869533867155,-0.6291296721461378,0.032447222577926926,-0.2623035199209599,0.02705648764990555,-0.0006977162030735952
1000,19,929,3.6377196311950684,0.8864662761954234,0.8051388076487016,0.012044335101037773,-0.6597013577318523,0.014596042477051917,-0.37723872113856366,-0.6291297309126844,0.03244722578183239,-0.2623035199209599,0.0270564894743553,-0.0006977162030735952
1000,19,930,3.6377198696136475,0.8864662810726165,0.8051388130185424,0.012044325569198464,-0.6597013577318523,0.014596042477051917,-0.37723872113856366,-0.6291297309126844,0.03244722578183239,-0.26230353665313527,0.027056491298805052,-0.0006977162030735952
1000,19,931,3.6377198696136475,0.8864662648045836,0.8051387951072674,0.012044313437766614,-0.6597013577318523,0.014596042477051917,-0.37723869533867155,-0.6291297309126844,0.032447222577926926,-0.2623035199209599,0.0270564894743553,-0.0006977162030735952
1000,19,932,3.6377198696136475,0.8864662476205377,0.8051387761874527,0.012044300439803918,-0.6597013577318523,0.014596042477051917,-0.3772386437388873,-0.6291297309126844,0.032447222577926926,-0.26230353665313527,0.0270564894743553,-0.0006977162030735952
1000,19,933,3.6377198696136475,0.8864662561554977,0.8051387585149552,0.012044287441841222,-0.6597013577318523,0.014596042477051917,-0.3772386179389952,-0.6291296721461378,0.032447222577926926,-0.2623035199209599,0.027056491298805052,-0.0006977162030735952
1000,19,934,3.6377196311950684,0.8864662854603516,0.805138763710326,0.012044274443878527,-0.6597013577318523,0.014596042477051917,-0.3772386179389952,-0.6291296133795913,0.032447222577926926,-0.26230353665313527,0.0270564894743553,-0.0006977162030735952
1000,19,935,3.6377198696136475,0.8864662494955095,0.805138751182238,0.012044262312446678,-0.6597013577318523,0.014596042477051917,-0.3772385921391031,-0.6291296721461378,0.032447216170116,-0.26230353665313527,0.0270564894743553,-0.0006977160538722639
1000,19,936,3.6377201080322266,0.886466224791693,0.8051387510526546,0.012044253647138214,-0.6597013577318523,0.014596042477051917,-0.3772385921391031,-0.6291297309126844,0.032447216170116,-0.26230353665313527,0.0270564894743553,-0.000697716103606041
1000,19,937,3.6377201080322266,0.8864662702263971,0.8051387740071636,0.012044246714891443,-0.6597013577318523,0.014596042477051917,-0.3772386179389952,-0.6291296721461378,0.032447219374021466,-0.26230357011748595,0.02705648764990555,-0.0006977160041384869
1000,19,938,3.6377201080322266,0.8864662504708393,0.8051387793256645,0.01204424238223721,-0.6597013577318523,0.014596042477051917,-0.3772386179389952,-0.6291297309126844,0.032447216170116,-0.2623035868496613,0.0270564894743553,-0.0006977160041384869
1000,19,939,3.6377198696136475,0.8864662468800766,0.80513880244177,0.012044238049582979,-0.6597013577318523,0.014596042477051917,-0.3772386437388873,-0.629129789679231,0.032447219374021466,-0.26230362031401205,0.027056491298805052,-0.0006977160041384869
1000,19,940,3.6377196311950684,0.8864662467039767,0.8051388022478821,0.012044233716928747,-0.6597013577318523,0.014596042477051917,-0.3772386437388873,-0.629129789679231,0.032447216170116,-0.26230362031401205,0.027056491298805052,-0.0006977160538722639
1000,19,941,3.6377201080322266,0.886466257427757,0.8051388140548765,0.012044227651212821,-0.6597013577318523,0.014596042477051917,-0.37723866953877944,-0.629129789679231,0.03244721296621054,-0.26230362031401205,0.0270564894743553,-0.0006977159544047098
1000,19,942,3.6377201080322266,0.8864662428341453,0.8051388250567255,0.012044221585496897,-0.6597013577318523,0.014596042477051917,-0.37723866953877944,-0.6291298484457777,0.032447216170116,-0.2623036537783628,0.027056491298805052,-0.0006977158549371556
1000,19,943,3.6377201080322266,0.8864662835102072,0.8051388698414934,0.01204421638631182,-0.659701420892453,0.014596042477051917,-0.3772386437388873,-0.6291298484457777,0.03244721296621054,-0.26230367051053816,0.02705648764990555,-0.0006977157554696015
1000,19,944,3.6377201080322266,0.8864663413083415,0.8051389334778408,0.012044215519780972,-0.6597014840530536,0.014596042477051917,-0.37723866953877944,-0.6291298484457777,0.03244720976230507,-0.26230367051053816,0.027056485825455796,-0.0006977157554696015
1000,19,945,3.6377201080322266,0.8864663279536533,0.80513894584375,0.012044217252842665,-0.6597014840530536,0.014596042477051917,-0.37723869533867155,-0.6291299072123242,0.03244721296621054,-0.26230367051053816,0.0270564894743553,-0.0006977157554696015
1000,19,946,3.6377201080322266,0.8864663082982028,0.8051389512724503,0.012044219852435204,-0.6597014840530536,0.014596042477051917,-0.37723869533867155,-0.6291299659788708,0.03244721296621054,-0.2623036872427135,0.02705648764990555,-0.0006977157554696015
1000,19,947,3.6377201080322266,0.8864663331043574,0.8051389515147286,0.012044223318558589,-0.6597014840530536,0.014596042477051917,-0.37723869533867155,-0.6291299072123242,0.032447216170116,-0.2623036872427135,0.0270564894743553,-0.0006977157554696015
1000,19,948,3.6377201080322266,0.8864663134665527,0.8051389569628569,0.012044227651212821,-0.6597014840530536,0.014596042477051917,-0.37723869533867155,-0.6291299659788708,0.03244721296621054,-0.2623037039748889,0.027056491298805052,-0.0006977157554696015
1000,19,949,3.6377201080322266,0.8864663477449384,0.8051389405646011,0.0120442328503979,-0.6597014840530536,0.014596042477051917,-0.37723869533867155,-0.6291298484457777,0.03244721296621054,-0.2623036537783628,0.02705648764990555,-0.0006977157057358244
1000,19,950,3.6377201080322266,0.8864663317241472,0.8051389229255435,0.012044238916113824,-0.6597014840530536,0.014596042477051917,-0.37723866953877944,-0.6291298484457777,0.03244720976230507,-0.2623036370461874,0.027056485825455796,-0.0006977157057358244
1000,19,951,3.6377201080322266,0.8864663529196506,0.8051389462620131,0.01204424931448398,-0.6597014840530536,0.014596042477051917,-0.37723869533867155,-0.6291298484457777,0.03244721296621054,-0.26230367051053816,0.02705648764990555,-0.0006977157057358244
1000,19,952,3.6377201080322266,0.8864663345999827,0.8051389531614275,0.012044262312446678,-0.6597014840530536,0.014596042477051917,-0.37723872113856366,-0.6291299072123242,0.032447216170116,-0.2623036537783628,0.027056485825455796,-0.0006977157554696015
1000,19,953,3.6377201080322266,0.886466330054248,0.8051389481565266,0.012044275310409374,-0.6597014840530536,0.014596042477051917,-0.37723872113856366,-0.6291299072123242,0.032447219374021466,-0.2623036370461874,0.0270564894743553,-0.0006977158052033785
1000,19,954,3.6377201080322266,0.8864663099402293,0.8051389260107834,0.012044286575310375,-0.659701420892453,0.014596042477051917,-0.37723877273834794,-0.6291299072123242,0.032447216170116,-0.2623036537783628,0.02705648764990555,-0.0006977158549371556
1000,19,955,3.6377201080322266,0.886466289317554,0.8051389033050038,0.012044296973680533,-0.659701420892453,0.014596042477051917,-0.3772387469384558,-0.6291299072123242,0.032447219374021466,-0.26230362031401205,0.02705648764990555,-0.0006977159046709327
1000,19,956,3.6377198696136475,0.8864662980793353,0.8051388858822552,0.01204430477245815,-0.659701420892453,0.014596042477051917,-0.37723872113856366,-0.6291298484457777,0.032447219374021466,-0.2623036035818367,0.02705648764990555,-0.0006977158549371556
1000,19,957,3.6377201080322266,0.8864662930495483,0.8051388803444073,0.012044311704704921,-0.659701420892453,0.014596042477051917,-0.37723872113856366,-0.6291298484457777,0.032447216170116,-0.2623035868496613,0.027056485825455796,-0.0006977158549371556
1000,19,958,3.6377196311950684,0.8864663129518668,0.805138875187502,0.012044318636951693,-0.659701420892453,0.014596042477051917,-0.37723872113856366,-0.629129789679231,0.032447219374021466,-0.26230357011748595,0.02705648764990555,-0.0006977159544047098
1000,19,959,3.6377201080322266,0.8864663291257521,0.8051388929951186,0.01204432383613677,-0.659701420892453,0.014596042477051917,-0.3772387469384558,-0.629129789679231,0.032447222577926926,-0.2623035868496613,0.0270564894743553,-0.0006977160041384869
1000,19,960,3.6377201080322266,0.886466282213165,0.80513884134387,0.01204432643572931,-0.6597013577318523,0.014596042477051917,-0.3772387469384558,-0.629129789679231,0.032447222577926926,-0.2623035868496613,0.027056491298805052,-0.0006977160538722639
1000,19,961,3.6377198696136475,0.8864662514874666,0.8051388345841224,0.01204432643572931,-0.6597013577318523,0.014596042477051917,-0.37723872113856366,-0.6291298484457777,0.032447222577926926,-0.2623036035818367,0.02705648764990555,-0.0006977160538722639
1000,19,962,3.6377201080322266,0.8864662389921635,0.8051387937570952,0.01204432383613677,-0.6597013577318523,0.014596042477051917,-0.37723866953877944,-0.629129789679231,0.032447216170116,-0.2623035533853106,0.02705648764990555,-0.0006977160041384869
1000,19,963,3.6377198696136475,0.8864662710980924,0.8051387749669094,0.012044319503482538,-0.6597013577318523,0.014596042477051917,-0.3772386179389952,-0.6291296721461378,0.032447216170116,-0.26230357011748595,0.02705648764990555,-0.0006977160041384869
1000,19,964,3.6377201080322266,0.8864662379402805,0.8051387384598091,0.012044316037359153,-0.6597013577318523,0.014596042477051917,-0.3772385405393189,-0.6291296721461378,0.03244721296621054,-0.26230357011748595,0.027056485825455796,-0.0006977159046709327
1000,19,965,3.6377198696136475,0.8864662514063997,0.805138726216565,0.012044314304297461,-0.6597013577318523,0.014596042477051917,-0.37723851473942677,-0.6291296133795913,0.03244720976230507,-0.26230357011748595,0.027056485825455796,-0.0006977159544047098
1000,19,966,3.6377196311950684,0.8864662455570601,0.8051387197763803,0.012044315170828306,-0.6597013577318523,0.014596042477051917,-0.37723848893953466,-0.6291296133795913,0.03244720976230507,-0.2623035868496613,0.027056491298805052,-0.0006977160041384869
1000,19,967,3.6377196311950684,0.8864662345457361,0.8051387076527962,0.01204431690389,-0.6597013577318523,0.014596042477051917,-0.37723846313964254,-0.6291296133795913,0.03244720976230507,-0.2623035868496613,0.0270564894743553,-0.0006977160538722639
1000,19,968,3.6377196311950684,0.886466226156156,0.8051386713461903,0.012044318636951693,-0.6597013577318523,0.014596042477051917,-0.3772383857399662,-0.6291295546130447,0.03244720655839961,-0.2623035868496613,0.027056491298805052,-0.0006977160538722639
1000,19,969,3.6377196311950684,0.8864662421217162,0.8051386889244417,0.012044321236544232,-0.6597013577318523,0.014596042477051917,-0.3772384115398583,-0.6291295546130447,0.03244720655839961,-0.2623036035818367,0.027056491298805052,-0.0006977160538722639
1000,19,970,3.6377196311950684,0.8864662311221289,0.8051386768137792,0.01204432383613677,-0.6597013577318523,0.014596042477051917,-0.3772383857399662,-0.6291295546130447,0.03244720655839961,-0.2623036035818367,0.0270564894743553,-0.0006977160538722639
1000,19,971,3.6377201080322266,0.8864662447820065,0.8051386647838555,0.012044328168791002,-0.6597013577318523,0.014596042477051917,-0.3772383599400741,-0.629129495846498,0.03244720335449414,-0.2623036035818367,0.027056493123254803,-0.0006977160538722639
1000,19,972,3.6377201080322266,0.8864662397784466,0.8051386592748828,0.012044332501445236,-0.6597013577318523,0.014596042477051917,-0.3772383599400741,-0.629129495846498,0.03244720335449414,-0.2623035868496613,0.0270564894743553,-0.0006977160041384869
1000,19,973,3.6377201080322266,0.8864662288376889,0.8051386472289921,0.012044339433692005,-0.6597013577318523,0.014596042477051917,-0.377238334140182,-0.629129495846498,0.03244720335449414,-0.2623035868496613,0.02705648764990555,-0.0006977159544047098
1000,19,974,3.6377201080322266,0.8864662178824391,0.8051386351671452,0.012044349832062163,-0.6597013577318523,0.014596042477051917,-0.3772383083402898,-0.629129495846498,0.03244720015058868,-0.2623035868496613,0.02705648764990555,-0.0006977159046709327
1000,19,975,3.6377201080322266,0.8864662477252419,0.80513864095479,0.012044363696555704,-0.6597013577318523,0.014596042477051917,-0.3772383083402898,-0.6291294370799514,0.03244720335449414,-0.2623036035818367,0.02705648764990555,-0.0006977159046709327
1000,19,976,3.6377196311950684,0.8864662121965302,0.8051386830460839,0.012044380160641787,-0.6597013577318523,0.014596042477051917,-0.3772383857399662,-0.6291296133795913,0.03244720655839961,-0.26230362031401205,0.02705648764990555,-0.0006977159544047098
1000,19,977,3.6377201080322266,0.8864662468766451,0.8051387482988408,0.012044395758197022,-0.6597013577318523,0.014596042477051917,-0.37723848893953466,-0.6291296721461378,0.03244720976230507,-0.26230367051053816,0.027056493123254803,-0.0006977160041384869
1000,19,978,3.6377201080322266,0.8864662361179354,0.805138736453388,0.01204440788962887,-0.6597013577318523,0.014596042477051917,-0.37723846313964254,-0.6291296721461378,0.03244720976230507,-0.26230367051053816,0.027056494947704558,-0.0006977160041384869
1000,19,979,3.6377201080322266,0.8864662722483083,0.8051387762333093,0.012044415688406489,-0.659701420892453,0.014596042477051917,-0.37723843733975043,-0.6291296721461378,0.03244720976230507,-0.26230367051053816,0.027056494947704558,-0.0006977160041384869
1000,19,980,3.6377201080322266,0.8864662695065065,0.805138800284134,0.012044420021060721,-0.659701420892453,0.014596042477051917,-0.37723848893953466,-0.6291297309126844,0.03244720655839961,-0.26230367051053816,0.027056493123254803,-0.0006977159544047098
1000,19,981,3.6377201080322266,0.8864662743461155,0.8051388056125942,0.012044420021060721,-0.659701420892453,0.014596042477051917,-0.37723848893953466,-0.6291297309126844,0.03244720655839961,-0.2623036872427135,0.0270564894743553,-0.0006977159046709327
1000,19,982,3.6377201080322266,0.8864662756166646,0.8051388070114821,0.012044417421468182,-0.659701420892453,0.014596042477051917,-0.37723851473942677,-0.6291297309126844,0.03244720976230507,-0.2623036537783628,0.027056493123254803,-0.0006977159544047098
1000,19,983,3.6377201080322266,0.8864662913648573,0.8051388243504075,0.012044412222283103,-0.659701420892453,0.014596042477051917,-0.3772385405393189,-0.6291297309126844,0.03244720976230507,-0.26230367051053816,0.0270564894743553,-0.0006977159046709327
1000,19,984,3.6377201080322266,0.8864662777312378,0.8051388364092213,0.012044406156567178,-0.659701420892453,0.014596042477051917,-0.377238566339211,-0.629129789679231,0.03244720976230507,-0.26230367051053816,0.027056491298805052,-0.0006977159046709327
1000,19,985,3.6377201080322266,0.886466277853958,0.8051388365443375,0.01204439835778956,-0.659701420892453,0.014596042477051917,-0.377238566339211,-0.629129789679231,0.03244721296621054,-0.26230367051053816,0.027056494947704558,-0.0006977159544047098
1000,19,986,3.6377201080322266,0.8864663044550539,0.8051388658324222,0.012044387959419403,-0.659701420892453,0.014596042477051917,-0.3772386179389952,-0.629129789679231,0.03244721296621054,-0.2623036872427135,0.0270564894743553,-0.0006977159046709327
1000,19,987,3.6377201080322266,0.8864662944877849,0.8051388548583549,0.012044374961456708,-0.659701420892453,0.014596042477051917,-0.3772386179389952,-0.629129789679231,0.03244721296621054,-0.2623036537783628,0.027056493123254803,-0.0006977159046709327
1000,19,988,3.6377201080322266,0.8864662806984264,0.8051388667456936,0.012044361096963165,-0.659701420892453,0.014596042477051917,-0.3772386437388873,-0.6291298484457777,0.032447216170116,-0.2623036537783628,0.0270564894743553,-0.0006977159046709327
1000,19,989,3.6377201080322266,0.8864662964959443,0.8051388841389253,0.012044347232469624,-0.659701420892453,0.014596042477051917,-0.37723866953877944,-0.6291298484457777,0.032447216170116,-0.26230367051053816,0.027056491298805052,-0.0006977158549371556
1000,19,990,3.6377201080322266,0.8864663071636935,0.8051388958842283,0.012044332501445236,-0.659701420892453,0.014596042477051917,-0.37723869533867155,-0.6291298484457777,0.032447216170116,-0.26230367051053816,0.02705648764990555,-0.0006977159046709327
1000,19,991,3.6377201080322266,0.8864663021121236,0.8051388903223973,0.01204431690389,-0.659701420892453,0.014596042477051917,-0.37723869533867155,-0.6291298484457777,0.032447216170116,-0.2623036537783628,0.027056491298805052,-0.0006977159046709327
1000,19,992,3.6377201080322266,0.8864663240198083,0.8051389144429861,0.012044300439803918,-0.659701420892453,0.014596042477051917,-0.3772387469384558,-0.6291298484457777,0.032447219374021466,-0.2623036537783628,0.027056493123254803,-0.0006977158549371556
1000,19,993,3.6377201080322266,0.886466296482808,0.8051389382635783,0.012044284842248683,-0.659701420892453,0.014596042477051917,-0.37723879853824005,-0.6291299659788708,0.032447219374021466,-0.2623036537783628,0.0270564894743553,-0.0006977159046709327
1000,19,994,3.6377198696136475,0.8864662828134302,0.805138950283003,0.012044267511631755,-0.659701420892453,0.014596042477051917,-0.37723882433813216,-0.6291300247454175,0.032447222577926926,-0.2623036537783628,0.027056491298805052,-0.0006977159046709327
1000,19,995,3.6377201080322266,0.8864663094815782,0.8051389796449087,0.01204424931448398,-0.659701420892453,0.014596042477051917,-0.3772388759379164,-0.6291300247454175,0.03244722578183239,-0.26230367051053816,0.02705648764990555,-0.0006977159046709327
1000,19,996,3.6377201080322266,0.8864663101942255,0.8051389804295407,0.012044231117336207,-0.659701420892453,0.014596042477051917,-0.3772389017378085,-0.6291300247454175,0.032447222577926926,-0.2623036370461874,0.02705648764990555,-0.0006977158549371556
1000,19,997,3.6377201080322266,0.8864663050077015,0.8051389747191243,0.01204421378671928,-0.659701420892453,0.014596042477051917,-0.3772389017378085,-0.6291300247454175,0.032447222577926926,-0.26230362031401205,0.02705648764990555,-0.0006977158052033785
1000,19,998,3.6377201080322266,0.8864663023411555,0.8051389988527747,0.012044198189164045,-0.659701420892453,0.014596042477051917,-0.3772389533375927,-0.6291300835119641,0.03244722578183239,-0.26230362031401205,0.0270564894743553,-0.0006977158549371556
1000,19,999,3.6377201080322266,0.8864663069924291,0.8051390039738747,0.012044184324670502,-0.659701420892453,0.014596042477051917,-0.3772389533375927,-0.6291300835119641,0.03244722578183239,-0.2623036370461874,0.027056485825455796,-0.0006977158549371556
1000,19,1000,3.6377201080322266,0.8864663178742602,0.8051390159548824,0.012044173059769498,-0.659701420892453,0.014596042477051917,-0.37723897913748483,-0.6291300835119641,0.03244722578183239,-0.2623036370461874,0.02705648764990555,-0.0006977158052033785
