checkpoint_epoch,seed,epoch,pde_loss,coefficient_error,spurious_l2,xi_u,xi_u_x,xi_u_xx,xi_u^2,xi_u*u_x,xi_u*u_xx,xi_u_x^2,xi_u_x*u_xx,xi_u_xx^2
50,1,0,25.990482330322266,1.0394243639043377,0.22245119877696748,-0.19975415199001512,0.09380970590817553,0.001674488083785811,-0.027918863076452468,0.015176166019295258,-0.0003122166619668785,-0.0017299649776589333,2.23532083924017e-05,2.0654019507065193e-06
50,1,1,25.9660701751709,1.0383541320891776,0.2067088733162656,-0.18293637332609988,0.09061589788890988,0.0014658590502842203,-0.032365984408128164,0.017402197234822746,-0.00034737302202340073,-0.0019804605542546668,2.879455441059216e-05,1.975721705111372e-06
50,1,2,25.9422664642334,1.037789596541355,0.19142045306467306,-0.16615627304621478,0.08742331773017664,0.0012592476380463308,-0.03722676197954919,0.019810884938424266,-0.0003840452080760712,-0.0022507115326612856,3.594245985782783e-05,1.8594304468780522e-06
50,1,3,25.919105529785156,1.0377505214119884,0.176757485456318,-0.1494431718748794,0.08423282207885888,0.0010567665980903416,-0.042522213532629395,0.02241092029295824,-0.0004222724980167449,-0.002541623442419271,4.380629675043353e-05,1.7190775374878496e-06
50,1,4,25.89661979675293,1.0382550501706798,0.16294358412649626,-0.1328297611669107,0.08104528661843706,0.000861352672984443,-0.048271786866410045,0.02521053924324457,-0.00046208462801978784,-0.002854119102869396,5.239759200138615e-05,1.5571887257163315e-06
50,1,5,25.874828338623047,1.0393184231549577,0.1502661872278275,-0.11635216555854376,0.07786158703239168,0.000676951493649063,-0.0544907889238992,0.02821664909771823,-0.0005034869898091237,-0.0031891173433985192,6.17300662053516e-05,1.3762794234464317e-06
50,1,6,25.853736877441406,1.040950811366806,0.13908285293425451,-0.10004980513496606,0.07468262755909931,0.0005085586157215536,-0.06118572601196832,0.03143329179236954,-0.0005464341295182213,-0.0035475056437556107,7.181994081617731e-05,1.1788630157193915e-06
50,1,7,25.833335876464844,1.0431532482199362,0.1298097244611494,-0.08396499446314455,0.07150932195523521,0.0003619134566695782,-0.06834515019148245,0.03485867646942062,-0.0005907758958050892,-0.003930106124444587,8.268642838975906e-05,9.674489352351505e-07
50,1,8,25.813596725463867,1.0459098612034063,0.12287161408330746,-0.06814222836904898,0.06834259825492273,0.00024268486384880313,-0.07592187361576345,0.0384794907525627,-0.0006361545396181229,-0.004337630137248821,9.435261378008023e-05,7.445274610396512e-07
50,1,9,25.794477462768555,1.049173595156221,0.11859278945993326,-0.05262728602662482,0.0651833844922852,0.00015528721926774214,-0.08380041592317404,0.042260605815931294,-0.0006818264278583669,-0.004770623735861001,0.00010684673249402901,5.125402786492495e-07
50,1,10,25.775949478149414,1.0528463683402638,0.1170394113977184,-0.037466053116722846,0.06203261346059527,0.00010187170667629322,-0.09175284564262672,0.046131595927290873,-0.0007264806853929964,-0.005229401936642462,0.00012020412545726002,2.738294796466178e-07
50,1,11,25.75797462463379,1.0567747431522383,0.11791547098941717,-0.022703477119660333,0.0588912036756776,8.206375266612017e-05,-0.09943429163208227,0.049986702430783486,-0.0007684635234476503,-0.005713981459400077,0.00013447037905078442,3.05592337501363e-08
50,1,12,25.740530014038086,1.0608001298282628,0.12067524272731524,-0.008382489715943828,0.05576006413505811,9.348614316990747e-05,-0.10650657871390111,0.053725833384771306,-0.0008068842945843917,-0.0062240290479831945,0.00014970594828737254,-2.1540341164622846e-07
50,1,13,25.72359848022461,1.0648246458456558,0.12477566984216798,0.005456831172471118,0.052640070522217274,0.00013261445290816011,-0.11279093359466173,0.05730215435668515,-0.0008425140480013994,-0.006758821570744506,0.00016599161774475427,-4.62658133785455e-07
50,1,14,25.707178115844727,1.068802714893378,0.12977439174021915,0.018777822109710834,0.049532074724888804,0.00019552244219717151,-0.11824134325070812,0.06070996661697033,-0.0008771436856462655,-0.007317201561053584,0.0001834334784615584,-7.104878709129482e-07
50,1,15,25.691274642944336,1.0726955458336556,0.13529018044670657,0.031547636679434464,0.046436895316760984,0.00027834258910611355,-0.12283545970329639,0.06394706510945787,-0.0009125595346705254,-0.007897499698192286,0.00020216517436665184,-9.590953071979949e-07
50,1,16,25.67588996887207,1.076448985495609,0.14097658262593835,0.043737502354429116,0.04335532231662598,0.0003774726508173449,-0.12652503618454908,0.06699717804034905,-0.0009501176299795029,-0.008497459568223816,0.0002223463881112979,-1.209815016553264e-06
50,1,17,25.6610164642334,1.0799931170449018,0.14652802049875271,0.05532310736728062,0.040288117188379845,0.0004896251520832546,-0.12923843483143954,0.06982896639900993,-0.0009906777064606401,-0.009114170404769622,0.00024415489789359184,-1.4652445992923353e-06
50,1,18,25.64663314819336,1.0832506401162232,0.1516960752537736,0.06628489203808506,0.03723600332272386,0.0006117950729750916,-0.13090226871706967,0.07240120644025592,-0.001034618949352777,-0.009744038969334196,0.0002677711254997465,-1.7292235016340085e-06
50,1,19,25.632707595825195,1.0861475046357714,0.15630325104388432,0.0766083620300527,0.03419967317588849,0.0007412011505601837,-0.1314655410394025,0.0746696209563672,-0.0010818696650662877,-0.010382799431190954,0.0002933561188143251,-2.0066180691407754e-06
50,1,20,25.619203567504883,1.0886220131317257,0.16024741162826525,0.0862842888330943,0.03117977875133475,0.0008752217984423094,-0.1309164930316874,0.0765931902999171,-0.001131952898435186,-0.011025574926671182,0.0003210269403872045,-2.302918610590277e-06
50,1,21,25.606082916259766,1.0906298107780026,0.1634947128598085,0.09530865651036866,0.02817691970188079,0.0010113438501660357,-0.12928727164496043,0.07813834639260174,-0.0011840535515106937,-0.011666989277873609,0.0003508354442613645,-2.6237265056849226e-06
50,1,22,25.593305587768555,1.0921445071885214,0.16606427606514945,0.10368248627514427,0.025191657607149965,0.0011471282068053713,-0.1266478078244941,0.07928070955714084,-0.0012371005338275667,-0.012301303031093053,0.00038275613780772876,-2.974258439573817e-06
50,1,23,25.580839157104492,1.0931553692805906,0.168010411724577,0.11141149817474731,0.02222450407569743,0.0012801965467774765,-0.12309434222933911,0.080004968459773,-0.0012898569512406336,-0.01292259585471361,0.00041668474202459423,-3.3589653566144983e-06
50,1,24,25.568649291992188,1.0936642161385703,0.16940742889359078,0.11850560988159539,0.019275925504159533,0.001408246014995931,-0.11873840402262774,0.08030407172305762,-0.0013410089223225186,-0.013524957297005251,0.0004524466063392438,-3.7813091024183846e-06
50,1,25,25.556711196899414,1.0936826517061577,0.1703383394928425,0.12497832271221414,0.016346345456828462,0.0015290848965286718,-0.11369832896545022,0.08017841953867695,-0.0013892476632757366,-0.01410268742380632,0.0004898104105857951,-4.243700199810805e-06
50,1,26,25.544992446899414,1.093229973501722,0.17088727490956646,0.13084600113934822,0.01343614228607757,0.0016406930830595917,-0.10809386471382913,0.07963523936841173,-0.0014333365413720337,-0.014650508856074346,0.0005285050938981211,-4.747534940033974e-06
50,1,27,25.533470153808594,1.0923316130268752,0.17113433425579108,0.13612717736452096,0.01054565746087275,0.0017412948191713937,-0.10204269376403519,0.07868809771028888,-0.0014721624433766773,-0.015163756767691428,0.0005682362623318754,-5.293309899302647e-06
50,1,28,25.522130966186523,1.0910178898664835,0.17115216318272122,0.14084192480682656,0.007675199136134439,0.0018294371999371273,-0.0956582840006005,0.07735639585706203,-0.001504770151873107,-0.015638552163462754,0.0006087015291222997,-5.880757939881702e-06
50,1,29,25.510955810546875,1.0893229401120355,0.1710034219946551,0.14501115641037748,0.004825044829759136,0.0019040559223681515,-0.08904820285162315,0.07566483363935725,-0.001530382866490959,-0.01607194019751892,0.0006496044152414619,-6.5090046822648355e-06
50,1,30,25.49993324279785,1.087283593252259,0.1707393726002456,0.14865618608645914,0.001995445586875073,0.00196452362749526,-0.08231293192921577,0.07364258503080771,-0.0015484112227897196,-0.016461970732385423,0.0006906656684234345,-7.1767213290382054e-06
50,1,31,25.48906707763672,1.0849383036649651,0.17039899709482786,0.1517982149743396,-0.0008133665839869168,0.002010666377090865,-0.07554465006036588,0.0713224017186856,-0.0015584502859641752,-0.01680774545843838,0.0007316329439095136,-7.882268976008957e-06
50,1,32,25.478357315063477,1.0823261374930142,0.17000910832844104,0.1544580056554415,-0.0036011801981275754,0.0020427530836962774,-0.06882652733946987,0.0687395886131956,-0.0015602718390453445,-0.01710938597427324,0.0007722876057922957,-8.623838464282038e-06
50,1,33,25.46780776977539,1.0794857589297726,0.16958522840165638,0.15665585709289376,-0.006367794776380517,0.002061456028664771,-0.062232003376072584,0.06593084329159643,-0.0015538089593023466,-0.017367976027371942,0.0008124494432761693,-9.399571585393423e-06
50,1,34,25.457433700561523,1.0764546223494982,0.16913284251728689,0.15841135402704865,-0.009113020250218559,0.002067797079653325,-0.05582447646725175,0.06293323951132818,-0.0015391364119735874,-0.017585423195700584,0.0008519790536299829,-1.0207664450236464e-05
50,1,35,25.447246551513672,1.0732682049180995,0.16864935709600143,0.15974352986839555,-0.011836673094944877,0.002063083027260084,-0.049657214037118425,0.05978313868863653,-0.0015164488219541492,-0.01776432816921933,0.0008907770975143376,-1.1046450184202942e-05
50,1,36,25.437259674072266,1.06995949073073,0.16812614534978473,0.16067092934868196,-0.014538573057777825,0.002048837191083221,-0.04377354492847762,0.05651534149220657,-0.001486037015564755,-0.017907785632182344,0.000928782015318611,-1.1914453246540454e-05
50,1,37,25.427492141723633,1.0665585373321358,0.16755072757380063,0.1612118215347239,-0.01721854167061676,0.00202673568900305,-0.03820725188854645,0.05316229946554881,-0.001448264754446112,-0.018019209465156845,0.0009659654101901614,-1.2810418616872772e-05
50,1,38,25.41795539855957,1.06309231436182,0.16690882662439324,0.16138441284221672,-0.019876400465361044,0.001998547592483531,-0.03298323800443529,0.04975361878931323,-0.0014035453387447946,-0.01810214426720017,0.0010023256934938757,-1.3733310173726505e-05
50,1,39,25.408662796020508,1.0595846287183943,0.16618617245599382,0.16120707257976966,-0.022511968594335362,0.001966078346130047,-0.02811832484524578,0.04631568810302483,-0.0013523221315528899,-0.018160081437984133,0.0010378801416366062,-1.4682267725487197e-05
50,1,40,25.39962387084961,1.056056283054883,0.1653700931211052,0.16069865873473405,-0.025125062830289722,0.0019311186276743276,-0.02362216387185928,0.042871574455246274,-0.0012950516975168186,-0.018196301099620962,0.001072657350050384,-1.5656551069568613e-05
50,1,41,25.39084815979004,1.0525252955333355,0.16445071736958575,0.1598787811079104,-0.027715503515336148,0.0018953936742816895,-0.01949822818776163,0.039441043313161964,-0.0012321904705745437,-0.01821374289815563,0.0011066870063538795,-1.6655440271801447e-05
50,1,42,25.382335662841797,1.0490072510774922,0.16342177608752076,0.15876798926691071,-0.030283105042649975,0.0018605168057592176,-0.015744795070404667,0.03604077866800329,-0.0011641861271972907,-0.01821489048490018,0.0011399928407840913,-1.7678121352561845e-05
50,1,43,25.37409210205078,1.0455157276448213,0.16228113690025006,0.15738797302974505,-0.03282767704625718,0.001827945434816346,-0.01235589425884746,0.0326847271998953,-0.0010914743186780807,-0.018201709197153543,0.0011725832929650561,-1.872356143332312e-05
50,1,44,25.366121292114258,1.0420627809911758,0.16103114252455372,0.15576180053908031,-0.035349033919333105,0.0017989432949564567,-0.009322190388089036,0.02938454048966558,-0.0010144792593197933,-0.018175606538658042,0.0012044459516849548,-1.9790369289947287e-05
50,1,45,25.358415603637695,1.0386593762428338,0.15967849394230652,0.1539138806715679,-0.037846982916329056,0.0017745457771839801,-0.00663172120465573,0.026150043243112413,-0.0009336183665854537,-0.018137427619652046,0.0012355413989350503,-2.0876670499236778e-05
50,1,46,25.350980758666992,1.0353158920484307,0.1582342423772594,0.15187016352143004,-0.04032133605084569,0.0017555363030065478,-0.004270525807163475,0.022989765545942134,-0.0008493095807719216,-0.01808749011646616,0.0012658011248261017,-2.1979982585486175e-05
50,1,47,25.343812942504883,1.0320424601507685,0.15671328965277434,0.14965792738664935,-0.04277189819775964,0.001742433111969089,-0.002223121259637447,0.019911391078453192,-0.0007619812334985276,-0.018025645070820967,0.001295126038242946,-2.3097138811234536e-05
50,1,48,25.33690643310547,1.028849303397133,0.15513405110013465,0.14730577876896864,-0.04519847423194754,0.0017354870854829757,-0.0004728491857059293,0.016922181318719316,-0.0006720820469041679,-0.017951380248633134,0.0013233891476662517,-2.422423304717137e-05
50,1,49,25.330259323120117,1.025746925953246,0.1535178495042526,0.144843401769408,-0.04760086902828602,0.0017346893634240146,0.0009978993835097752,0.014029291694018434,-0.0005800908714274806,-0.017863921978839122,0.0013504399299190777,-2.535663760834352e-05
50,1,50,25.32387351989746,1.0227461762812362,0.15188829434619508,0.14230129495355748,-0.04997888746165172,0.0017397932612817672,0.002207550080229349,0.011239957669964929,-0.00048652341729247227,-0.01776237195181505,0.0013761106847073256,-2.6489037305095604e-05
50,1,51,25.3177433013916,1.0198582033326626,0.1502705912902128,0.139710433035525,-0.05233232488862258,0.0017503391406836011,0.003175263459594391,0.008561576789804473,-0.00039193627379362407,-0.017645848577743917,0.001400225967140722,-2.7615568889778495e-05
50,1,52,25.311861038208008,1.0170942882568805,0.14869091118304564,0.13710197868278073,-0.05466096714747781,0.0017656895390099144,0.003920885239262244,0.006001647144942896,-0.0002969259943366806,-0.017513623785035473,0.0014226140060476925,-2.873001076913177e-05
50,1,53,25.306222915649414,1.014465532354315,0.14717556969166481,0.13450676877696693,-0.05696460483564601,0.0017850655425355598,0.004464874395824871,0.0035675782843763377,-0.00020212310018810474,-0.01736524765888656,0.0014431182215799278,-2.9826000281713172e-05
50,1,54,25.300819396972656,1.011982488920645,0.14575025382884382,0.13195483826537993,-0.059243009513958354,0.0018075873564722057,0.004828197305615574,0.0012664268380611873,-0.00010818141956641048,-0.017200654840052124,0.001461608444947871,-3.089732069868234e-05
50,1,55,25.2956485748291,1.0096547515301681,0.14443940839134714,0.12947506931469396,-0.061495947984096674,0.0018323175175038748,0.005032163440704501,-0.0008954459596239568,-1.576217592962972e-05,-0.017020255723791806,0.0014779924360252827,-3.193822876141836e-05
50,1,56,25.29069709777832,1.0074905081554215,0.14326543868240985,0.12709460239042594,-0.06372318228859344,0.0018582981995730228,0.005098189284787974,-0.002912733629502925,7.448471354588767e-05,-0.01682495469965925,0.0014922249187114477,-3.2943707631363045e-05
50,1,57,25.28596305847168,1.0054961608413058,0.1422481458780674,0.12483843528976243,-0.06592446495168246,0.0018845919393636727,0.005047505615232584,-0.004781518232476919,0.00016194155540351363,-0.016616177511186096,0.001504313141154068,-3.390977821290496e-05
50,1,58,25.281435012817383,1.0036759928335826,0.1414041406760421,0.1227289219325936,-0.06809953422014942,0.0019103173876797394,0.004900820992669188,-0.006499556631637195,0.00024604316830992366,-0.01639582869637356,0.0015143199537297949,-3.483369048723522e-05
50,1,59,25.277099609375,1.0020319844686638,0.14074652637758447,0.12078547163613351,-0.07024812358163073,0.001934679931277768,0.004677965165327839,-0.008066455138416377,0.0003262953354132974,-0.016166229268412265,0.0015223637097545348,-3.571407593084281e-05
50,1,60,25.272953033447266,1.0005637124672626,0.1402844913785539,0.11902404790595394,-0.07236995700546403,0.0019570023146996737,0.004397546961100567,-0.009483743485519721,0.000402288808529282,-0.015930022476770778,0.001528612705260553,-3.655098318792834e-05
50,1,61,25.268985748291016,0.9992684348060279,0.1400233676139181,0.11745709325463952,-0.0744647632201364,0.0019767443812512063,0.004076658276920052,-0.010754821301287605,0.0004737081718083512,-0.015690056768547483,0.0015332783280075507,-3.734584564093701e-05
50,1,62,25.265188217163086,0.9981412451357615,0.1399644970831689,0.11609315329506302,-0.07653226619498547,0.001993517062671731,0.0037306468848455963,-0.011884798533262268,0.000540335370864192,-0.015449276349734682,0.001536604334195653,-3.8101319263223165e-05
50,1,63,25.261558532714844,0.9971753782155914,0.14010553304304527,0.11493693939150625,-0.0785721946584983,0.0020070926382253986,0.0033729646401872166,-0.012880235323594355,0.0006020464940779071,-0.015210576786886497,0.0015388552315711464,-3.882109777108788e-05
50,1,64,25.258081436157227,0.9963625598484035,0.14044064130701112,0.11398924094809089,-0.08058427733916189,0.0020174036466157185,0.003015111176926956,-0.013748813351623907,0.0006588035052879999,-0.014976712288189838,0.0015403035703455761,-3.950959157205484e-05
50,1,65,25.2547550201416,0.9956934231469915,0.14096094116953434,0.11324711336214081,-0.08256826200206067,0.0020245369792360967,0.002666658108809727,-0.014498965656574323,0.0007106416304241041,-0.014750163464991861,0.001541216241217898,-4.017163265671984e-05
50,1,66,25.251569747924805,0.9951579024987851,0.14165486977765854,0.11270401585664783,-0.08452390117142844,0.0020287203568223828,0.0023353499495384535,-0.01513951146264233,0.0007576546528053741,-0.014533073492537348,0.0015418435535080775,-4.081212760345298e-05
50,1,67,25.248519897460938,0.9947456487352963,0.14250872089289954,0.11235019991722033,-0.08645096640809637,0.0020303027439151776,0.0020272476729864207,-0.015679290003608768,0.0007999782478119948,-0.014327179710758772,0.0015424080154216055,-4.143575922730145e-05
50,1,68,25.245601654052734,0.9944463449447417,0.14350705604546873,0.11217302254768728,-0.08834923879119434,0.002029731965388189,0.0017469147487935463,-0.016126874385785805,0.0008377741671616718,-0.014133777144697659,0.0015430979795090472,-4.204669795773251e-05
50,1,69,25.242807388305664,0.994249999661476,0.14463325352275652,0.11215748506973672,-0.09021852795474833,0.0020275262607863465,0.0014976179949570485,-0.01649032847157,0.0008712164491672336,-0.013953707864627494,0.0015440599973595614,-4.264834240289675e-05
50,1,70,25.240129470825195,0.9941471617152721,0.1458699767867097,0.11228675939233024,-0.09205867208768044,0.002024245527782365,0.0012815203633918318,-0.01677703379653973,0.0009004787400161324,-0.013787364026018597,0.0015453974295451766,-4.324318314586637e-05
50,1,71,25.23756980895996,0.9941290432404815,0.1471995633631413,0.11254268922066918,-0.09386951889721143,0.0020204638091595156,0.0010998566859473213,-0.016993601527285133,0.0009257273662221302,-0.013634722829134324,0.0015471701477517076,-4.3832702213287196e-05
50,1,72,25.235118865966797,0.994187581186239,0.14860448551684444,0.11290640403717808,-0.09565094464545822,0.0020167360284857033,0.0009530939448968175,-0.01714586245661602,0.000947116302349637,-0.013495399718416564,0.0015493959248344795,-4.4417353617698435e-05
50,1,73,25.23276710510254,0.9943154450935786,0.15006767604586257,0.11335882031047088,-0.09740284463113509,0.00201357669472725,0.0008410576289730197,-0.017238897017938064,0.0009647853410952882,-0.013368695501941492,0.0015520555978824435,-4.499661200173329e-05
50,1,74,25.23052215576172,0.9945059927107106,0.15157291414061935,0.11388121788566201,-0.09912515222615112,0.00201143238923166,0.0007630306779639194,-0.01727713333221493,0.0009788631649367253,-0.013253675390506594,0.0015550991248895454,-4.556911208482744e-05
50,1,75,25.228376388549805,0.994753170895203,0.15310508408049078,0.11445570360265997,-0.10081781032071413,0.002010662491071482,0.0007178347292320581,-0.01726448727505706,0.0009894707445525233,-0.013149241956787945,0.0015584527336127332,-4.61328172964479e-05
50,1,76,25.226318359375,0.9950514236513716,0.15465039610682724,0.1150655872028921,-0.10248079035992799,0.0020115275189861582,0.0007038890564255591,-0.01720449453997678,0.0009967278742451283,-0.01305420353455015,0.001562027261906299,-4.668521435289551e-05
50,1,77,25.22435760498047,0.9953955632277547,0.15619658287798802,0.11569574470580488,-0.10411408282549403,0.002014178095086977,0.0007192606179925231,-0.017100480719853272,0.0010007602955518602,-0.012967356297698265,0.0015657268952150006,-4.72235953936686e-05
50,1,78,25.222482681274414,0.9957806761172443,0.15773301973375875,0.11633286901334709,-0.10571769723571092,0.0020186537013308714,0.0007617090020640218,-0.016955687367312445,0.0010017054484170967,-0.012887532899715984,0.0015694567125908458,-4.77452525582655e-05
50,1,79,25.220691680908203,0.9962020059512945,0.15925074841717818,0.11696557015176307,-0.10729167166377349,0.0020248868764213505,0.0008287321945034467,-0.0167734080598989,0.0009997192026778997,-0.012813670872875575,0.0015731298355511018,-4.8247747150761345e-05
50,1,80,25.218982696533203,0.996654897907322,0.16074246120710545,0.11758445045293753,-0.10883604418287653,0.0020327120759326945,0.0009176231304351106,-0.01655705643266189,0.0009949792564839426,-0.012744843787877963,0.0015766735840393566,-4.872907827303694e-05
50,1,81,25.217355728149414,0.9971347388704094,0.16220244781214205,0.1181820669637232,-0.11035088142111094,0.002041878418453531,0.0010255199897085503,-0.016310232209782914,0.0009876875544039974,-0.012680297733431364,0.0015800335473029957,-4.918783524327404e-05
50,1,82,25.215801239013672,0.9976369306483241,0.16362646631081956,0.11875281867392337,-0.11183626904316503,0.0020520667840721206,0.0011494796233374094,-0.016036740213680588,0.0009780701567174762,-0.012619454356216179,0.0015831757682664824,-4.962329164140994e-05
50,1,83,25.21432113647461,0.9981569165629576,0.16501154813847552,0.11929273350248133,-0.11329230223202581,0.002062913441374206,0.001286550403721873,-0.015740542342008806,0.0009663746252452551,-0.012561916180823533,0.0015860876371386085,-5.0035440981551207e-05
50,1,84,25.212915420532227,0.9986901746581885,0.1663558056831418,0.11979924275344558,-0.11471908568897901,0.0020740274568098477,0.001433837419423999,-0.015425741559989438,0.0009528659713874541,-0.012507449889948407,0.0015887763027773816,-5.042497725429348e-05
50,1,85,25.211576461791992,0.9992322910091415,0.1676582316900471,0.1202709179812626,-0.11611675267020641,0.0020850143216912752,0.0015885722796746388,-0.015096480852012574,0.0009378207088885633,-0.012455958964705667,0.0015912659918682725,-5.079317818063996e-05
50,1,86,25.210308074951172,0.9997789931979187,0.16891843365207415,0.12070714520494885,-0.11748544595018853,0.0020954978693422045,0.0017481704067517573,-0.014756869186175317,0.000921520056997588,-0.012407451764998748,0.0015935934415982655,-5.1141788465919844e-05
50,1,87,25.209102630615234,1.0003262290416728,0.17013649211985973,0.1211079369547285,-0.1188253273400033,0.0021051400160763067,0.0019102852826432426,-0.014410880465882027,0.00090424347039934,-0.0123620004899937,0.001595803332329909,-5.1472873867186517e-05
50,1,88,25.207962036132812,1.0008701947357446,0.17131273284933402,0.12147364407687784,-0.12013655865072861,0.002113654906307762,0.002072836107436438,-0.014062287498216745,0.000886261646311895,-0.012319711538461538,0.0015979433231165878,-5.17886331023084e-05
50,1,89,25.206878662109375,1.0014073993409423,0.17244756014310075,0.12180469259901809,-0.1214193397666372,0.002120822746780262,0.002234028872376836,-0.013714567948897891,0.0008678303158348016,-0.0122806707894103,0.0016000586900590179,-5.2091187058432905e-05
50,1,90,25.20585060119629,1.001934681979906,0.17354134229671211,0.12210145842787387,-0.12267387057200178,0.0021264986666912054,0.002392361957399295,-0.013370866324068437,0.0008491861919868596,-0.012244939802128929,0.0016021882554277688,-5.238250744715886e-05
50,1,91,25.204883575439453,1.0024492396803815,0.17459434464919174,0.1223641545772558,-0.12390036998769247,0.0021306148938625515,0.0025466198750637354,-0.01303395295064849,0.0008305434405777346,-0.012212507936740325,0.0016043616075518171,-5.266421574184056e-05
50,1,92,25.20396614074707,1.002948637963644,0.17560668939010235,0.1225927685169397,-0.12509907597117675,0.0021331781122476386,0.002695851868229911,-0.012706204967230385,0.0008120918502895346,-0.012183291594210117,0.001606595824258626,-5.293751831865359e-05
50,1,93,25.20309829711914,1.0034307976402022,0.17657834344419418,0.12278704964244254,-0.1262702359982209,0.0021342689956088605,0.0028393539650308605,-0.012389616328870737,0.0007939961791345164,-0.012157120536504676,0.0016088950757153662,-5.32031837559679e-05
50,1,94,25.20228385925293,1.0038939864050926,0.1775091318129714,0.12294652180524643,-0.12741410706288983,0.0021340285287294344,0.002976629796154403,-0.012085807811882504,0.0007763965465804626,-0.012133749286459442,0.0016112504258495284,-5.346149094720042e-05
50,1,95,25.20151138305664,1.0043367902927964,0.17839885868195687,0.12307063367548865,-0.12853097471414454,0.0021326499244930888,0.003107369357151172,-0.011796077037795255,0.0007594106555944793,-0.012112855607796473,0.001613641818142813,-5.371231017448281e-05
50,1,96,25.20078468322754,1.0047580969469887,0.17924735766125793,0.12315884645353056,-0.12962113401924477,0.0021303637015696285,0.0032314047220847087,-0.011521424485814518,0.0007431358186241074,-0.012094075464720648,0.0016160397635559378,-5.3955138781075235e-05
50,1,97,25.200098037719727,1.005157062171741,0.1800545623298728,0.12321074664197511,-0.13068488004545026,0.002127421052251976,0.003348695061903796,-0.011262600515344438,0.0007276509835784334,-0.012077004541902098,0.0016184083192194753,-5.4189214674501183e-05
50,1,98,25.199453353881836,1.005533086913027,0.18082066612405623,0.12322625905947737,-0.1317225268966181,0.002124081251753372,0.0034592940470547914,-0.011020158391385673,0.00071302078579031,-0.012061240043993398,0.0016207089607319393,-5.441364280146907e-05
50,1,99,25.1988468170166,1.0058857866770103,0.1815461709761433,0.12320573455231364,-0.13273439819490415,0.0021205950260444126,0.0035633254817575167,-0.010794495304182816,0.0006992977047059261,-0.012046393615480338,0.0016229036601403163,-5.462748919332684e-05
50,1,100,25.198272705078125,1.0062149632157782,0.18223193226408696,0.12315001264550221,-0.13372083659906162,0.0021171936709987803,0.003660968816277404,-0.010585890387434212,0.0006865242205743764,-0.012032118700365885,0.0016249573681824296,-5.4829875011516456e-05
50,1,101,25.197738647460938,1.0065205898785792,0.1828792569494138,0.12306059696594154,-0.13468218476784374,0.0021140764616904397,0.0037524413665322234,-0.010394538734584936,0.0006747356246795238,-0.01201813106193318,0.0016268426809025827,-5.502011923722911e-05
50,1,102,25.19723129272461,1.0068027840372098,0.18348986016504623,0.1229396051215136,-0.13561878536000377,0.002111403657558749,0.003837992058027786,-0.01022057240889012,0.0006639609342992112,-0.012004212582701637,0.0016285391446236978,-5.5197787315605865e-05
50,1,103,25.19675636291504,1.0070618099097366,0.1840659361570469,0.12278985641265296,-0.13653100958919098,0.002109290440218224,0.003917885950330464,-0.010064071448686205,0.0006542238730187024,-0.011990225704260154,0.0016300366317969308,-5.536271709931128e-05
50,1,104,25.196308135986328,1.0072980450895987,0.18461005284026605,0.12261477159055358,-0.13741921915075606,0.002107806447136209,0.0039924016029348535,-0.009925078874579031,0.0006455439163983511,-0.011976112667275891,0.0016313342488150308,-5.551505127800053e-05
50,1,105,25.195894241333008,1.0075119869286864,0.18512514801792135,0.12241836032694463,-0.13828378525834834,0.002106976237955205,0.0040618251484660205,-0.009803593686089388,0.0006379356384313084,-0.011961892471529392,0.0016324410310402018,-5.565525035010624e-05
50,1,106,25.195499420166016,1.0077042297311876,0.18561440509967322,0.12220505832117651,-0.1391250791256171,0.0021067810043413986,0.00412644436588174,-0.009699570861653031,0.0006314094957942744,-0.011947644916098914,0.001633373063402961,-5.5783982362650384e-05
50,1,107,25.195131301879883,1.007875481105888,0.18608117841837316,0.12197960199797933,-0.13994349100280912,0.002107166808345752,0.004186547692672872,-0.009612890343765295,0.0006259690829698648,-0.011933498439500905,0.0016341526860845833,-5.590213588303111e-05
50,1,108,25.194786071777344,1.0080265246494022,0.18652886821526654,0.12174686561454885,-0.1407394111401711,0.0021080498673903656,0.004242423237063734,-0.00954337104568998,0.0006216119818515926,-0.011919616439847996,0.0016348067073025973,-5.601069028115442e-05
50,1,109,25.1944637298584,1.0081582282123878,0.1869608204248303,0.12151171089785671,-0.1415132297879498,0.002109326036155773,0.004294352192681259,-0.009490742838041594,0.000618328977493116,-0.011906172195138702,0.0016353615381157537,-5.611064438460654e-05
50,1,110,25.19415855407715,1.0082715482444369,0.18738025387612087,0.12127886174240886,-0.14226534671469068,0.0021108816874352123,0.004342610814154251,-0.009454627539680446,0.0006161020321271269,-0.011893332903441765,0.0016358436888724982,-5.620293864793298e-05
50,1,111,25.193870544433594,1.0083674900364166,0.18779010354772477,0.12105266613598661,-0.1429961616889391,0.002112599308002539,0.004387469758580296,-0.009434548922504706,0.0006149052654787926,-0.011881253602966383,0.0016362759962025774,-5.628839677959772e-05
50,1,112,25.193607330322266,1.0084471269498687,0.18819301837245497,0.12083708362942253,-0.14370607447924055,0.00211436729138107,0.004429190792860346,-0.009429911701387083,0.0006147033209100206,-0.01187004905238701,0.001636676133671622,-5.636766088304905e-05
50,1,113,25.193359375,1.00851156828435,0.18859125706399144,0.1206354973832381,-0.14439549437243915,0.0021160869326784758,0.0044680307448972225,-0.0094400135399253,0.0006154528685667347,-0.011859805890702901,0.0016370567110708398,-5.644114605546567e-05
50,1,114,25.19312286376953,1.0085619502642023,0.18898665037838633,0.12045066404674716,-0.14506482113708033,0.0021176781798954644,0.0045042398572629015,-0.009464046050921287,0.0006171026053788743,-0.011850564397448804,0.001637424281520071,-5.650905984543694e-05
50,1,115,25.19290542602539,1.0085994072085331,0.1893805623977504,0.12028461351626257,-0.14571446406000824,0.002119082276418963,0.004538060140865811,-0.009501115806444508,0.0006195939739569189,-0.011842327612589599,0.001637778646439927,-5.657139576706944e-05
50,1,116,25.19270133972168,1.008625080628642,0.18977394910153433,0.12013873664666543,-0.14634483242806698,0.0021202626936667707,0.004569732618814752,-0.009550245338311163,0.0006228623389680154,-0.01183506209651154,0.0016381150399250692,-5.6627933299986975e-05
50,1,117,25.1925106048584,1.0086400821257049,0.19016734325891638,0.12001374766073246,-0.14695633552810072,0.0021212077735807385,0.004599495680086187,-0.009610407154377176,0.0006268384249290251,-0.011828707809908126,0.001638424525902988,-5.6678315720051606e-05
50,1,118,25.192333221435547,1.008645487946187,0.19056093368158664,0.11990979692115351,-0.14754938264695358,0.0021219274643704874,0.004627586396590413,-0.0096805437481223,0.0006314503421876344,-0.011823193313604529,0.0016386962817969766,-5.672214090187148e-05
50,1,119,25.192161560058594,1.0086423098695707,0.19095452379849534,0.11982640827941077,-0.148124373553171,0.002122451299783328,0.004654244145103519,-0.009759588608713447,0.0006366250900696304,-0.011818436528548821,0.001638918492133384,-5.675892888933371e-05
50,1,120,25.19200897216797,1.0086315120225025,0.19134773265642216,0.11976276727093423,-0.14868171753359713,0.0021228245130848803,0.004679706326802343,-0.009846487231067989,0.0006422896679007999,-0.011814366015566177,0.0016390799371767254,-5.678827755704644e-05
50,1,121,25.191864013671875,1.0086139722967105,0.1917399275492415,0.11971764593375682,-0.14922180483847866,0.002123101042224181,0.004704212976996059,-0.009940223128313106,0.0006483734277591874,-0.011810923255332536,0.0016391723758823534,-5.6809849638551976e-05
50,1,122,25.191728591918945,1.0085904784002375,0.19213034975690624,0.11968955317120426,-0.14974504475465977,0.0021233390220512013,0.004728004130993842,-0.010039845845203552,0.0006548095776223705,-0.011808080128172702,0.0016391909430552346,-5.6823470014728047e-05
50,1,123,25.191600799560547,1.0085617263489792,0.1925181076594185,0.11967678487279167,-0.15025181801408846,0.0021235992299090934,0.004751312909507481,-0.010144470958121637,0.0006615351160132309,-0.011805825994209573,0.0016391347450881181,-5.682908031253391e-05
50,1,124,25.191482543945312,1.0085283247827932,0.19290229209525273,0.11967754921646503,-0.15074252438531016,0.002123936691832321,0.004774373421048395,-0.01025329808370294,0.0006684933808148994,-0.011804183653179794,0.001639007356410008,-5.68268491651984e-05
50,1,125,25.19137191772461,1.0084908057263282,0.1932820375752758,0.11969011703129118,-0.15121754460027295,0.002124401148868988,0.004797409896131736,-0.010365611879315508,0.0006756326114777102,-0.011803201744521546,0.0016388162237479954,-5.6817042494351626e-05
50,1,126,25.191267013549805,1.0084496238700797,0.19365652724045368,0.11971280926723349,-0.15167725939092483,0.002125028818719745,0.004820645906739577,-0.010480784044018268,0.0006829072561037881,-0.011802952467400875,0.001638572963996343,-5.680011431253279e-05
50,1,127,25.191173553466797,1.008405157692367,0.19402498275837815,0.11974399699515201,-0.1521220399709151,0.002125844727349419,0.004844292512725388,-0.010598270317123414,0.0006902777100301313,-0.011803524740790706,0.0016382917755813717,-5.677664186425602e-05
50,1,128,25.191083908081055,1.0083577337137055,0.19438672298845297,0.11978217658814827,-0.15255226707219188,0.002126860532816159,0.004868551883746004,-0.010717597471966732,0.0006977093355151705,-0.011805009003646401,0.0016379876512469592,-5.674721536582229e-05
50,1,129,25.19099998474121,1.0083076314386565,0.1947411627634435,0.1198259947820137,-0.15296831190840443,0.0021280734371860095,0.0048936153236623725,-0.010838358313511572,0.0007051716774880165,-0.011807500254870656,0.0016376764773442332,-5.6712502864253556e-05
50,1,130,25.190921783447266,1.0082551027083688,0.19508781047210355,0.11987426120545368,-0.1533705266566047,0.0021294689844668655,0.004919664258339178,-0.010960191668764739,0.0007126381367773131,-0.011811083613480284,0.0016373731473273768,-5.66731399771047e-05
50,1,131,25.190847396850586,1.008200382019343,0.1954262646211872,0.11992589825919099,-0.153759282530442,0.002131022925897776,0.0049468649673801695,-0.011082771381505228,0.0007200851858604851,-0.01181581987877301,0.0016370901716979036,-5.6629690977103025e-05
50,1,132,25.19078254699707,1.008143684261668,0.19575617584694321,0.11997994111596583,-0.1541349221886696,0.0021327010645081704,0.004975375827992085,-0.011205801309888205,0.0007274908657164621,-0.011821752370248462,0.0016368370822664906,-5.65826358203614e-05
50,1,133,25.190719604492188,1.0080852318682127,0.19607729026697315,0.12003556278098401,-0.1544977978083394,0.002134462519374138,0.0050053397418541885,-0.011328996317340094,0.0007348353086595136,-0.011828895527739849,0.001636619836414811,-5.653235717459144e-05
50,1,134,25.190662384033203,1.0080252286455689,0.19638936505437193,0.12009196131989973,-0.15484825204820463,0.002136265321486342,0.005036889074116392,-0.011452092277350636,0.0007420998887342677,-0.011837240991343737,0.0016364420085718684,-5.647911447552983e-05
50,1,135,25.19060707092285,1.0079638847955252,0.1966922359767311,0.12014846010060867,-0.15518662756701854,0.00213806532566459,0.005070146641198892,-0.011574834067722422,0.0007492672217157101,-0.011846746201551715,0.0016363025065510228,-5.642308284229883e-05
50,1,136,25.1905574798584,1.0079014048944048,0.19698572571004566,0.1202043699607824,-0.15551325750523565,0.002139823827155827,0.0051052184669282364,-0.011696969567695656,0.0007563207729838089,-0.011857348839083617,0.0016361970608954085,-5.636430119025895e-05
50,1,137,25.19051170349121,1.0078379936551436,0.1972697430013344,0.12025913957055814,-0.15582847500331046,0.0021415027429700978,0.005142201684934339,-0.011818263664657042,0.0007632452496488898,-0.011868967584878739,0.0016361200120924362,-5.6302750061729934e-05
50,1,138,25.19046401977539,1.0077738365051974,0.19754419842020418,0.12031224266052144,-0.15613259416510014,0.002143070984952338,0.005181179928918887,-0.011938501255577392,0.0007700275155108487,-0.01188150668004316,0.0016360633176768472,-5.623837756956444e-05
50,1,139,25.190425872802734,1.007709082367082,0.19780898160258772,0.12036310284036124,-0.1564259386127605,0.0021445057033085755,0.005222226296054222,-0.012057500253241296,0.0007766563949964618,-0.011894866565726862,0.0016360189351833823,-5.617111885482831e-05
50,1,140,25.190387725830078,1.007643876840938,0.1980640302482663,0.12041124396155968,-0.15670881293184996,0.002145791664842828,0.005265402688450252,-0.012175091576663024,0.0007831227385136167,-0.011908947683079818,0.0016359787228570888,-5.610090257269394e-05
50,1,141,25.190349578857422,1.0075783174599808,0.19830929177781997,0.12045618987559893,-0.15698153122622566,0.002146921719279431,0.0053107578375552085,-0.01229115716929632,0.0007894203374105227,-0.011923658073164221,0.0016359357304193479,-5.602772223726793e-05
50,1,142,25.190317153930664,1.0075124828322877,0.198544761333086,0.12049756467575438,-0.15724438856314732,0.0021478943122106315,0.0053583269748890905,-0.012405607988491895,0.0007955457932672521,-0.011938911856972035,0.00163588429835757,-5.595159730623051e-05
50,1,143,25.19028663635254,1.0074464037941167,0.1987704745489427,0.12053506763664636,-0.15749767049157595,0.002148715350385891,0.00540814039297377,-0.012518412018915171,0.0008014991060838049,-0.011954639115310878,0.0016358210508221403,-5.587265101155662e-05
50,1,144,25.190258026123047,1.007380085285175,0.19898648400545704,0.1205684105631193,-0.1577416720787713,0.002149398823474989,0.005460216201469062,-0.012629567259607738,0.0008072826286124388,-0.011970782848839132,0.0016357444984676406,-5.579106495826194e-05
50,1,145,25.190227508544922,1.007313499701817,0.19919287454607013,0.12059736791113845,-0.15797667887369438,0.0021499607418777843,0.005514557693040386,-0.012739111728779404,0.0008129018506084214,-0.011987302778022057,0.001635655137742544,-5.5707085610296325e-05
50,1,146,25.190204620361328,1.007246590858819,0.19938979320474706,0.1206218394389106,-0.15820295738870882,0.0021504213128950684,0.005571161575022323,-0.012847125464766612,0.0008183646145792776,-0.012004168503210786,0.0016355552523098246,-5.562101780465038e-05
50,1,147,25.190181732177734,1.0071792886174942,0.199577403517553,0.12064174996509079,-0.15842077413617822,0.002150799966623757,0.005630019286484777,-0.012953706514531505,0.0008236804622424964,-0.012021361784616007,0.0016354487144675702,-5.5533218265462045e-05
50,1,148,25.19015884399414,1.0071115134500097,0.199755953209649,0.12065716214079983,-0.15863039562846623,0.0021511176875685183,0.005691113376301019,-0.01305897993797477,0.0008288606345255306,-0.012038872742351837,0.0016353400915417305,-5.5444076146336354e-05
50,1,149,25.190139770507812,1.0070431756477412,0.19992570551454214,0.12066817620783091,-0.15883207885963777,0.002151395149352471,0.005754422771412356,-0.013163084801705981,0.0008339168298354383,-0.01205669301651484,0.0016352345465964217,-5.535396114319809e-05
50,1,150,25.19011878967285,1.006974216735576,0.20008701422957348,0.12067505530089127,-0.15902607130545904,0.002151650538546328,0.00581992244756159,-0.013266147166105031,0.00083886055051659,-0.012074809687254249,0.001635135852640037,-5.526322998018519e-05
50,1,151,25.190099716186523,1.0069045793139424,0.2002402705129666,0.12067811267558477,-0.15921262995999497,0.0021519006427538237,0.005887585404892271,-0.013368300094906258,0.0008437034296218143,-0.012093204514780747,0.0016350475841015804,-5.517219398018168e-05
50,1,152,25.19008445739746,1.0068342301029038,0.20038589511395113,0.12067774929908433,-0.15939198326241438,0.0021521561873884556,0.005957383985014864,-0.013469658643218294,0.000848455989182041,-0.012111853179375244,0.0016349720246440263,-5.508112555071109e-05
50,1,153,25.1900691986084,1.0067631488204307,0.2005242927986032,0.12067432854789037,-0.15956436917018482,0.002152425877133642,0.006029288553940582,-0.013570321858482488,0.0008531276402063,-0.012130722241423992,0.0016349097700055421,-5.499022575446934e-05
50,1,154,25.190053939819336,1.0066913485898088,0.2006559203176085,0.1206683140402966,-0.15973001612247506,0.002152713908890317,0.006103268819147555,-0.013670365777118462,0.0008577262905563461,-0.012149770661401027,0.0016348605223170443,-5.489965673879187e-05
50,1,155,25.190038681030273,1.0066188651109471,0.20078128629227204,0.12066024457594163,-0.15988916207675266,0.0021530215261846824,0.0061792958051800784,-0.013769854429795366,0.0008622586717178048,-0.012168949039876946,0.0016348219979155582,-5.4809509306186516e-05
50,1,156,25.190027236938477,1.006545744957846,0.20090085330799506,0.12065060883356744,-0.16004202595388772,0.002153347330049761,0.006257349756045629,-0.013868831837598246,0.0008667307962797788,-0.012188198857527692,0.0016347913173999416,-5.471983534380062e-05
50,1,157,25.190013885498047,1.006472049020004,0.2010150603239104,0.12063989549191605,-0.16018879811985426,0.0021536868127030677,0.006337402354821588,-0.013967323012507239,0.0008711468469129481,-0.012207458555064318,0.0016347646084721073,-5.463064133752759e-05
50,1,158,25.190004348754883,1.006397854880223,0.2011243839103338,0.12062860575995359,-0.1603297070138211,0.0021540332901912643,0.00641942923578384,-0.014065343962189635,0.0008755100913287816,-0.012226667333189101,0.0016347373038061053,-5.4541920801474015e-05
50,1,159,25.189987182617188,1.006323242236382,0.20122927045698297,0.12061721578619788,-0.16046496203835967,0.0021543802340017867,0.006503414594138369,-0.014162902690479075,0.0008798239279472068,-0.012245765912586758,0.0016347058289729324,-5.44536737356399e-05
50,1,160,25.189979553222656,1.0062483008118588,0.201330151237307,0.1206062017191668,-0.16059475355944394,0.002154719250332768,0.00658934394215732,-0.014259994194979534,0.0008840905788120224,-0.01226470033388056,0.0016346662123848063,-5.436587743939827e-05
50,1,161,25.189971923828125,1.006173110852464,0.20142747285483167,0.12059603970737817,-0.16071929097964538,0.002155045054197846,0.0066772021335797585,-0.014356626479524657,0.0008883124620297155,-0.012283423477614769,0.0016346157732199738,-5.427855137042939e-05
50,1,162,25.189960479736328,1.0060977487358813,0.2015216222257702,0.1205871557784532,-0.16083874562834058,0.0021553520497291103,0.006766982583074844,-0.014452799544114442,0.0008924919303525436,-0.01230189810421953,0.0016345524263948496,-5.4191737687040464e-05
50,1,163,25.189950942993164,1.006022275311767,0.201612942108984,0.12057987571821992,-0.16095330787150358,0.0021556357291440758,0.006858681339444071,-0.014548520392103328,0.0008966312058243054,-0.012320096854010866,0.0016344759733300446,-5.4105501248165666e-05
50,1,164,25.189943313598633,1.0059467411915637,0.20170173820033915,0.12057448772183384,-0.16106314903851096,0.0021558937608311133,0.0069522937929558494,-0.014643799028283371,0.0009007328372599465,-0.012338001487199463,0.001634386116156475,-5.4019916641579303e-05
50,1,165,25.1899356842041,1.0058711952192712,0.20178830187193425,0.12057125492400218,-0.16116844045873935,0.002156125056704795,0.007047819285077097,-0.014738644456967421,0.0009047990467032658,-0.012355599843925771,0.001634283947060781,-5.393510061336287e-05
50,1,166,25.189929962158203,1.0057956685769116,0.20187283603076855,0.12057029009674235,-0.16126935346156537,0.0021563308602913236,0.007145270986469495,-0.014833065682468326,0.0009088321215522915,-0.01237289040420735,0.0016341716504162428,-5.3851173152544586e-05
50,1,167,25.189918518066406,1.0057201870425907,0.2019555212324993,0.12057166842139926,-0.16136605937636564,0.00215651412496543,0.007244652848331549,-0.014927072709578142,0.0009128335649542991,-0.012389872408052978,0.0016340509141476675,-5.376826073404609e-05
50,1,168,25.18991470336914,1.0056447756518538,0.20203650959409106,0.12057544001886951,-0.16145871049591937,0.002156678425864947,0.007345985943721952,-0.015020670540692898,0.0009168052068277113,-0.012406556495339758,0.0016339249155252812,-5.368649631868244e-05
50,1,169,25.18990707397461,1.0055694642175506,0.20211590868376875,0.12058155476825651,-0.16154747814960313,0.0021568304469432135,0.007449290028633229,-0.015113850171499745,0.0009207474392979042,-0.012422947986006239,0.0016337956403429743,-5.360600638137527e-05
50,1,170,25.189903259277344,1.0054942813828567,0.20219378107273706,0.12058993748821532,-0.1616324955935988,0.0021569773384758945,0.00755458420052482,-0.015206594593852185,0.0009246606544902542,-0.012439050680008529,0.001633665372263722,-5.352687523873899e-05
50,1,171,25.189895629882812,1.0054192541924847,0.20227019081754963,0.12060048793695273,-0.16171391512068556,0.0021571243854493507,0.007661894800720092,-0.015298888800562137,0.0009285441335082381,-0.012454875977214952,0.00163353619637111,-5.344921639390842e-05
50,1,172,25.18988800048828,1.0053444315279476,0.2023451789491825,0.12061309334245132,-0.16179186998704523,0.0021572776500538198,0.007771252780273998,-0.015390690771502971,0.0009323965692672684,-0.012470419317678179,0.0016334089069826945,-5.337305903340391e-05
50,1,173,25.189884185791016,1.0052698499892752,0.20241874975916577,0.12062757828157299,-0.1618664934488596,0.0021574433499203147,0.007882681846377571,-0.015481963488944081,0.0009362159357862343,-0.012485682981371874,0.0016332840998366425,-5.3298455044372825e-05
50,1,174,25.18987464904785,1.0051955714550989,0.20249093076125044,0.12064377986140369,-0.1619379377989079,0.0021576266145944215,0.007996214925685016,-0.015572648925091545,0.0009399994881875022,-0.012500664688322371,0.001633162569250511,-5.322541415565528e-05
50,1,175,25.189870834350586,1.0051216553239222,0.20256172702447053,0.12066154771925361,-0.16200631725677453,0.002157828532161567,0.008111891530181383,-0.01566268705119303,0.0009437440241138326,-0.012515359878582343,0.0016330434216170486,-5.315392663841115e-05
50,1,176,25.189863204956055,1.0050481569358463,0.20263111380402749,0.12068065631108797,-0.16207176507864132,0.0021580508124702798,0.008229738001190038,-0.0157520158375378,0.000947446341207986,-0.012529761712230796,0.0016329266569362554,-5.308398600674701e-05
50,1,177,25.18985939025879,1.0049751456242102,0.20269909664158528,0.12070095527421694,-0.16213439548409267,0.0021582922119943574,0.008349793192162946,-0.015840565250581463,0.0009511025182162,-0.012543861069373068,0.001632811282311186,-5.301556956003591e-05
50,1,178,25.189855575561523,1.00490268422717,0.20276565868990667,0.12072225665527819,-0.162194322692713,0.0021585527307337996,0.00847208739562198,-0.015928267257738042,0.0009547087645931706,-0.012557648830114504,0.0016326962055552004,-5.29486221681838e-05
50,1,179,25.189851760864258,1.0048308389735716,0.20283082873448577,0.12074444768225437,-0.1622516609240867,0.00215882894899155,0.008596651562622092,-0.016015059829296796,0.0009582618126274293,-0.012571124234463882,0.001632581228088909,-5.288313085940385e-05
50,1,180,25.189847946166992,1.004759663343657,0.2028946208296606,0.12076739052267975,-0.1623065243977982,0.0021591168253074495,0.00872351993688366,-0.01610089094033904,0.0009617587213786538,-0.012584282722473871,0.001632465754174145,-5.2819089147802635e-05
50,1,181,25.18984031677246,1.0046892118703783,0.20295706376394196,0.1207909974649853,-0.16235900829683447,0.0021594107638135867,0.00885271556706463,-0.016185710566904495,0.0009651970727403574,-0.012597125054135695,0.001632350081679992,-5.275645811801966e-05
50,1,182,25.189836502075195,1.0046195354691811,0.20301820235247023,0.1208151807976019,-0.16240922684077996,0.0021597057904051507,0.008984264794488366,-0.01626947568838732,0.0009685741871891355,-0.012609658829361567,0.001632234607765228,-5.269525722773517e-05
50,1,183,25.18983268737793,1.0045506730807092,0.2030780511246161,0.1208398528089605,-0.16245725617602425,0.002159996464655006,0.009118194619011321,-0.016352149287056916,0.0009718883655150246,-0.01262189012808126,0.001632120226037104,-5.2635499448736004e-05
50,1,184,25.189828872680664,1.0044826540416836,0.20313664024349476,0.1208649007270437,-0.16250321052215178,0.0021602795223068703,0.009254528089291439,-0.01643370735141235,0.0009751381699249782,-0.012633825790215769,0.0016320075322337876,-5.2577194509862286e-05
50,1,185,25.1898250579834,1.0044155154430927,0.2031939847593052,0.12089023684028244,-0.16254716602555214,0.0021605504555782594,0.009393288912519749,-0.016514114864681427,0.0009783224240428677,-0.012645475695650972,0.0016318979164110024,-5.252036186879427e-05
50,1,186,25.189821243286133,1.0043492784046837,0.20325015162288892,0.12091583608822841,-0.16258921786921232,0.0021608066219759928,0.009534486966692514,-0.0165933638230305,0.0009814402129094818,-0.012656847444299088,0.0016317916764378318,-5.2465004768478655e-05
50,1,187,25.189817428588867,1.0042839700704127,0.2033051938739438,0.120941648349985,-0.16262946123611938,0.00216104537900689,0.009678138715136836,-0.01667143721831308,0.0009844914058163615,-0.012667956995975768,0.0016316907981081669,-5.241116212427595e-05
50,1,188,25.1898136138916,1.0042196006830986,0.20335914885802678,0.12096762350465558,-0.16266797227266286,0.0021612656385855238,0.00982425864558057,-0.016748332049091545,0.0009874755452839016,-0.012678811950593226,0.0016315957778704807,-5.2358843665026284e-05
50,1,189,25.1898136138916,1.0041561901090224,0.20341203872124816,0.12099371143134355,-0.162704808088635,0.002161468955119647,0.009972858611619229,-0.016824032307698612,0.0009903923045409548,-0.01268941990806368,0.001631507310752635,-5.230804290483624e-05
50,1,190,25.18980598449707,1.0040937545498212,0.2034639156677517,0.12101986200915228,-0.1627400638670228,0.002161655173168485,0.010123940588852066,-0.016898531991259045,0.0009932410300452278,-0.012699787708308121,0.0016314260917824914,-5.225875660075911e-05
50,1,191,25.189802169799805,1.0040322987443118,0.2035147947295312,0.1210459875265127,-0.1627738157542159,0.002161825691699015,0.010277512479676088,-0.016971829098814433,0.0009960223099847844,-0.012709922191247548,0.0016313525181188282,-5.2211007453421844e-05
50,1,192,25.18979835510254,1.0039718493903387,0.2035647124181522,0.12107206292297651,-0.16280612086000645,0.0021619839304082944,0.010433573625558214,-0.017043903620780666,0.0009987355561715608,-0.012719826396846842,0.0016312865897616458,-5.216475654746395e-05
50,1,193,25.189794540405273,1.003912397724683,0.203613675094382,0.12109801301719879,-0.1628370362941867,0.0021621317545856274,0.010592116782634518,-0.0171147655619498,0.0010013806378970978,-0.012729501845088448,0.0016312280088418602,-5.211998442520517e-05
50,1,194,25.189790725708008,1.0038539730466618,0.2036617415692749,0.12112382527895536,-0.16286663820314623,0.0021622716512834186,0.010753137999706494,-0.017184396913696134,0.0010039576858698544,-0.01273894549600748,0.0016311765767800823,-5.207665541423172e-05
50,1,195,25.189786911010742,1.003796574661236,0.20370894830192032,0.12114947464779795,-0.16289498369667726,0.0021624065738763995,0.010916630032910218,-0.017252805679853312,0.0010064669615067478,-0.012748161149560046,0.0016311314992587555,-5.203473059918308e-05
50,1,196,25.189783096313477,1.0037402211082314,0.20375536847482076,0.121174998714399,-0.16292212988457197,0.0021625386985354247,0.01108258234571634,-0.017319987858504516,0.001008908726224696,-0.01275714576578126,0.0016310925776984913,-5.199419376532572e-05
50,1,197,25.189781188964844,1.0036849025671817,0.20380106086615501,0.12120038494853436,-0.16294815291321998,0.0021626695796682473,0.011250979791863928,-0.017385965460192263,0.0010112842871082862,-0.012765902384636008,0.0016310596135198998,-5.1955018969085966e-05
50,1,198,25.18977928161621,1.0036306299430264,0.20384606082907025,0.12122563335020403,-0.16297309085581613,0.0021628007716826205,0.011421800639761203,-0.01745073448299973,0.001013594232345583,-0.012774432526106732,0.0016310323088538981,-5.191718350983686e-05
50,1,199,25.189775466918945,1.0035773802086352,0.20389044863595923,0.12125081910075293,-0.16299698178555516,0.002162932274578544,0.01159502645048181,-0.01751433494609514,0.0010158403918550084,-0.012782737710175877,0.0016310107629901804,-5.188066468695144e-05
50,1,200,25.18977165222168,1.0035251612255978,0.20393431198307016,0.12127600485130183,-0.16301988281222932,0.0021630654873229967,0.011770630882702382,-0.017576776854270552,0.0010180243994922975,-0.012790820976808327,0.0016309950752184412,-5.1845456014536295e-05
50,1,201,25.189767837524414,1.0034739660787144,0.2039777233969636,0.12130122819252319,-0.1630418510456308,0.002163199632712101,0.011948584960967215,-0.017638082218068483,0.0010201478891131842,-0.012798683845986527,0.001630984947669597,-5.181152182017762e-05
50,1,202,25.18976593017578,1.0034237707175149,0.20402074813993296,0.12132653924531363,-0.1630629245589544,0.002163334244423531,0.012128863661019115,-0.017698289055698743,0.0010222128213445499,-0.012806332397640247,0.001630980479633342,-5.177886210387542e-05
50,1,203,25.18976402282715,1.0033745642713106,0.20406345832677641,0.12135200066079391,-0.16308314142539493,0.0021634679234903095,0.012311435373270039,-0.017757423379620677,0.0010242212875217348,-0.012813769671734377,0.0016309817703993711,-5.1747460650896156e-05
50,1,204,25.189756393432617,1.0033263333986744,0.20410593307299987,0.12137766255986064,-0.16310255875474458,0.0021635989600639074,0.012496256634536433,-0.01781551520421045,0.0010261755096885375,-0.012820998708233802,0.0016309893164161572,-5.1717307732399695e-05
50,1,205,25.189754486083984,1.0032790593223482,0.20414824406419166,0.1214036126540829,-0.16312119558360078,0.002163727043262774,0.01268329583523026,-0.017872598545761054,0.001028077709888757,-0.012828022547103404,0.0016310025219455325,-5.168839037659921e-05
50,1,206,25.18975067138672,1.0032327210556404,0.20419047114645436,0.12142990106435733,-0.1631391090217557,0.0021638501523568304,0.012872518731631142,-0.017928711422482296,0.0010299304369373388,-0.012834848788255405,0.001631022578463832,-5.16607118264414e-05
50,1,207,25.189746856689453,1.003187290884566,0.20423267077485316,0.12145659044180468,-0.16315631810580677,0.002163967665582975,0.013063887128820197,-0.017983893853542394,0.0010317359128780817,-0.012841483511619572,0.001631049188101972,-5.163425586719273e-05
50,1,208,25.18974494934082,1.00314276147953,0.2042748841656278,0.12148369331664909,-0.16317286090894878,0.0021640806710266354,0.013257361514812379,-0.01803816184660864,0.0010334959022751788,-0.012847925197213466,0.0016310819537011742,-5.160899655527953e-05
50,1,209,25.189741134643555,1.0030991177191355,0.20431715255147714,0.12151122221911473,-0.16318877550437655,0.00216418854692471,0.01345290106055647,-0.018091539413181968,0.0010352119082759057,-0.012854175365019527,0.001631120775971744,-5.158490146123472e-05
50,1,210,25.189739227294922,1.003056324102006,0.2043595325200206,0.12153921473987404,-0.16320409996528487,0.0021642914487179743,0.013650470205265922,-0.01814407457626424,0.001036886218278291,-0.012860238574985087,0.0016311658534930704,-5.156196085621816e-05
50,1,211,25.189735412597656,1.0030143698001928,0.20440201920275358,0.1215676332882546,-0.16321885332827113,0.002164391241695732,0.013850016266294006,-0.018195777340647513,0.0010385204661380685,-0.012866114827110144,0.001631216292657903,-5.1540145553709484e-05
50,1,212,25.18973159790039,1.0029732452015243,0.20444469058156983,0.1215965530456013,-0.16323307366653014,0.0021644899465880626,0.014051497097523334,-0.018246673718791132,0.001040115958939826,-0.012871804121394699,0.0016312719941765465,-5.15194231242416e-05
50,1,213,25.189727783203125,1.0029329211197298,0.20448755715337633,0.12162596148168998,-0.16324678001665932,0.00216458709707264,0.014254870552836522,-0.01829679572602967,0.0010416741998308394,-0.012877306457838751,0.0016313322630211397,-5.1499748166560595e-05
50,1,214,25.189725875854492,1.002893382913839,0.20453061421827265,0.12165582100584821,-0.16325999141525604,0.0021646814496232613,0.01446008921785151,-0.018346157369072007,0.0010431971494379896,-0.012882624876407187,0.0016313970991916821,-5.148111419477304e-05
50,1,215,25.18972396850586,1.0028546132826834,0.204573901929117,0.12168614414830012,-0.16327274593551513,0.002164775024970006,0.01466710699525241,-0.01839478466037749,0.0010446859841374055,-0.012887760897082452,0.0016314661055293958,-5.146348553646515e-05
50,1,216,25.189720153808594,1.0028165884955071,0.20461739999132977,0.12171686825792494,-0.16328506261403397,0.0021648687557575264,0.01487587383652482,-0.018442697609530222,0.001046141553534069,-0.012892714519864542,0.0016315387855858079,-5.144682651922313e-05
50,1,217,25.189716339111328,1.0027792867587413,0.20466112637951456,0.12174799333472268,-0.16329696048741,0.002164963263748923,0.01508634759555136,-0.018489922228989552,0.0010475658182548613,-0.012897494864648118,0.0016316153379403074,-5.143113065715356e-05
50,1,218,25.189716339111328,1.002742694210662,0.20470508991694655,0.1217795068484692,-0.16330845859224058,0.0021650590152665224,0.015298474272619126,-0.018536474526422767,0.0010489601507385994,-0.012902100411450736,0.0016316956633032,-5.141636552078935e-05
50,1,219,25.189712524414062,1.0027067772121607,0.20474930796755705,0.12181140879916447,-0.16331957596512311,0.0021651553885472232,0.015512207770412229,-0.018582392520039678,0.0010503263809037058,-0.012906540280167056,0.0016317801588332636,-5.14025246242371e-05
50,1,220,25.189708709716797,1.002671524663358,0.20479377407623764,0.12184366159613604,-0.16333033164265504,0.002165252849913351,0.015727494089217767,-0.01862768621463234,0.0010516649662297862,-0.012910812950814633,0.0016318680302129423,-5.138958202392312e-05
50,1,221,25.18970489501953,1.0026369130326096,0.20483849756239994,0.12187622764871146,-0.16334076369803113,0.0021653510884833554,0.015944281863455177,-0.018672381622660095,0.0010529778019894923,-0.012914926023305684,0.001631959575311319,-5.137751501922046e-05
50,1,222,25.18970489501953,1.0026029230866857,0.20488348006827725,0.12190910695689072,-0.1633508721312514,0.0021654504151387877,0.016162526312874737,-0.018716498753707057,0.001054265868496265,-0.012918887097552425,0.0016320551912871726,-5.13663171242357e-05
50,1,223,25.189701080322266,1.0025695397700454,0.20492871485780603,0.12194226193000135,-0.16336067597891324,0.0021655503635573206,0.016382173437763544,-0.018760051614482097,0.0010555301460635448,-0.012922699213519741,0.0016321548781405028,-5.13559721242353e-05
50,1,224,25.189697265625,1.0025367512931207,0.20497420164821514,0.12197569256804337,-0.16337017524101666,0.00216565108917973,0.016603163970144028,-0.01880305221073569,0.0010567712882336253,-0.012926363891190075,0.0016322580401331424,-5.134643786091205e-05
50,1,225,25.189693450927734,1.0025045378855715,0.20501994895532738,0.12200936128034431,-0.16337940799075643,0.002165752125683691,0.01682544786150179,-0.01884552255301035,0.001057990340674177,-0.0129298872104932,0.001632365173713564,-5.1337704605425824e-05
50,1,226,25.1896915435791,1.0024728816793627,0.2050659651020895,0.12204328059712834,-0.1633883742281326,0.002165854094832303,0.017048980331587107,-0.018887482650890193,0.0010591887411782457,-0.012933276771341332,0.0016324758817229893,-5.1329765871883195e-05
50,1,227,25.1896915435791,1.0024417886603783,0.20511227914984922,0.12207747557884373,-0.16339709298974256,0.0021659562194216906,0.01727370079535624,-0.018928932504375214,0.0010603666204542902,-0.012936534093716912,0.0016325905613201969,-5.1322585987870384e-05
50,1,228,25.189685821533203,1.0024112431047982,0.20515889061462064,0.1221119211650422,-0.16340558331218366,0.0021660578776887523,0.017499553936030116,-0.01896988812113271,0.0010615240438565402,-0.01293966221758483,0.0016327085174773247,-5.131613252392029e-05
50,1,229,25.189685821533203,1.002381233561837,0.2052057912794294,0.12214660482549959,-0.163413845195456,0.002166159535955814,0.01772648443682967,-0.019010359505954724,0.0010626621877611242,-0.012942667222874855,0.0016328299487737617,-5.131040223708621e-05
50,1,230,25.189682006835938,1.0023517565078097,0.2052529637219366,0.12218147643931929,-0.16342189767615686,0.002166260417018999,0.017954422493247982,-0.019050346658841266,0.0010637813135849596,-0.012945547589604546,0.0016329541601816464,-5.130533351138069e-05
50,1,231,25.189678192138672,1.0023227981286698,0.20530040738263375,0.12221651094605297,-0.16342975979088373,0.002166361608963735,0.01818331937383682,-0.019089863586501207,0.001064881290619588,-0.01294830787772123,0.0016330811517009784,-5.13009198609103e-05
50,1,232,25.189678192138672,1.0022943569665286,0.20534810537085918,0.12225168328525236,-0.1634374315396366,0.002166462179145369,0.018413114493552443,-0.019128908287976143,0.0010659630338242204,-0.012950954167154683,0.0016332107247523685,-5.12971450709415e-05
50,1,233,25.189674377441406,1.0022664161053645,0.2053960323774837,0.12228695586624497,-0.16344491292241545,0.002166562438445453,0.018643745950284944,-0.019167492769016532,0.0010670267392615452,-0.012953483417940014,0.0016333426807564283,-5.129396374022038e-05
50,1,234,25.18967056274414,1.0022389651637313,0.20544418549657464,0.1223223036285825,-0.16345222297581766,0.002166663319508638,0.01887514525659357,-0.019205627034414436,0.0010680728644111676,-0.012955903229989444,0.0016334767218440735,-5.129136938285351e-05
50,1,235,25.18967056274414,1.002212002953708,0.20549257786239442,0.12235772657226496,-0.16345938073644067,0.0021667640451310476,0.019107262363963925,-0.019243315086086673,0.0010691016706900055,-0.012958216643267854,0.0016336129473049988,-5.12893295693738e-05
50,1,236,25.189666748046875,1.0021855155225952,0.20554119870663537,0.12239321216706818,-0.16346638620428447,0.0021668657033981093,0.019340032736153756,-0.019280568929783713,0.0010701136809318937,-0.012960431257687463,0.0016337515557185932,-5.128784105683456e-05
50,1,237,25.18966293334961,1.0021595020179341,0.20559004357561245,0.12242876041299218,-0.16347323937934904,0.0021669661181389684,0.01957338788572232,-0.01931738856550555,0.0010711092872622084,-0.01296254707324827,0.0016338918520569952,-5.128685844398186e-05
50,1,238,25.18966293334961,1.0021339560071714,0.20563910961492182,0.12246434624958863,-0.16347995929823184,0.0021670649784720744,0.019807273812956713,-0.019353779996127425,0.00107208848968095,-0.012964568649897604,0.0016340344320583719,-5.1286381730815696e-05
50,1,239,25.189661026000977,1.0021088694287077,0.2056883765898054,0.12249994461640924,-0.1634865459609328,0.0021671630616013036,0.020041618079217675,-0.019389747223566154,0.0010730517456677235,-0.012966497507617908,0.0016341786006948613,-5.1286391459655825e-05
50,1,240,25.189655303955078,1.002084234052959,0.20573786149377496,0.12253556804367816,-0.16349301840404934,0.002167259745763555,0.020276345611733613,-0.019425302253572207,0.0010739998394732819,-0.012968339726338957,0.0016343245565458527,-5.128686492987528e-05
50,1,241,25.189655303955078,1.0020600389543222,0.20578756827925115,0.12257125412206785,-0.16349935759098408,0.0021673556527219296,0.020511407679056303,-0.019460457091896047,0.0010749334246399189,-0.012970101385990519,0.0016344727960598189,-5.128780214147406e-05
50,1,242,25.189653396606445,1.002036282183917,0.20583750635716966,0.12260700285157829,-0.16350558255833442,0.0021674501607133263,0.020746735793744992,-0.0194952157404545,0.0010758523051049463,-0.012971785526537483,0.0016346231206573706,-5.1289177150878496e-05
50,1,243,25.189651489257812,1.0020129661293895,0.20588766822441684,0.1226427891717612,-0.16351171234269773,0.0021675438915008467,0.020982246980631076,-0.01952957419733074,0.0010767570690564283,-0.012973392147979849,0.0016347749346003406,-5.129096725746164e-05
50,1,244,25.189645767211914,1.0019900660809626,0.2059380193327145,0.12267858802216827,-0.16351772790747665,0.0021676374668475914,0.021217887240001655,-0.01956355047115047,0.0010776486314535763,-0.012974930370212275,0.0016349290322062852,-5.1293182190063605e-05
50,1,245,25.18964385986328,1.0019675770177436,0.20598854464082178,0.12271436181212703,-0.16352364828926855,0.00216773026499046,0.021453580182018966,-0.0195971465628721,0.0010785269269421613,-0.012976398673252317,0.0016350846191576483,-5.129577330448377e-05
50,1,246,25.18964385986328,1.0019455025916226,0.2060392142531157,0.12275007295096502,-0.16352947348807345,0.002167822596811002,0.02168925336804375,-0.01963035246770357,0.001079391694105265,-0.01297779857708242,0.001635241794744124,-5.129873735777542e-05
50,1,247,25.189640045166016,1.0019238343032364,0.20609003451038957,0.12278572143868224,-0.16353522254048874,0.002167915861276196,0.021924826457039748,-0.019663178190436944,0.0010802438479020995,-0.012979130081702582,0.0016353997646481563,-5.1302032191631343e-05
50,1,248,25.189640045166016,1.0019025604495406,0.20614100560845847,0.12282134486595116,-0.16354087640991702,0.002168010524708368,0.02216023622983087,-0.01969563573682268,0.0010810835843953525,-0.012980396227077692,0.001635558528869745,-5.130565456310484e-05
50,1,249,25.189634323120117,1.00188168828885,0.20619213413583817,0.12285694323277177,-0.1635464541329557,0.0021681056544628663,0.022395408930711697,-0.01972771910398555,0.0010819107075223358,-0.012981600053172634,0.001635718484567668,-5.130958825746236e-05
50,1,250,25.189634323120117,1.0018612100396274,0.20624341075868563,0.12289251653914407,-0.1635519557096048,0.0021682012505396904,0.02263026816984447,-0.019759434294800787,0.0010827260668880314,-0.012982741559987408,0.0016358786388449805,-5.1313800845236814e-05
50,1,251,25.18963050842285,1.0018411160146838,0.2062948263913866,0.12292806478506806,-0.16355738113986423,0.002168297157498065,0.022864740191523757,-0.019790789313102033,0.0010835298585551276,-0.012983825307469344,0.0016360392895707655,-5.1318295569374916e-05
50,1,252,25.18963050842285,1.001821407067579,0.2063463565039641,0.12296356291009544,-0.1635627304237341,0.002168392131811788,0.023098753874176474,-0.019821778156014054,0.0010843220171693948,-0.012984848255653556,0.001636200536034718,-5.1323052972196416e-05
50,1,253,25.18962860107422,1.0018020775663616,0.20639803067530885,0.12299907356534698,-0.16356800356121434,0.002168485396276982,0.02333224863275888,-0.01985241282928732,0.0010851033923358147,-0.012985822564399589,0.0016363623782368376,-5.13280698107546e-05
50,1,254,25.189626693725586,1.0017831122590075,0.20644983186293495,0.1230345842205985,-0.16357320055230498,0.0021685772617751984,0.023565158613962554,-0.019882705338672296,0.0010858743761797641,-0.012986745193742556,0.0016365248161771247,-5.1333329870315936e-05
50,1,255,25.18962287902832,1.0017645175567886,0.20650173427651755,0.12307004475495342,-0.16357834043360342,0.00216866928271419,0.023797404793817402,-0.019912643678418513,0.0010866349033470132,-0.012987619183647343,0.0016366875519864955,-5.1338826664986995e-05
50,1,256,25.18962287902832,1.0017462746720527,0.20655371326310407,0.12310543010796342,-0.16358342320510966,0.0021687617699755074,0.024028921319015004,-0.019942241855234855,0.0010873851699002503,-0.01298844909406128,0.0016368508835340335,-5.1344531008247405e-05
50,1,257,25.189620971679688,1.0017283850432313,0.206605756795745,0.12314074027962849,-0.1635884488668237,0.0021688545681183757,0.02425962916558527,-0.01997149586720449,0.0010881255679648517,-0.012989231885019482,0.0016370142150815715,-5.135043965715045e-05
50,1,258,25.189619064331055,1.0017108399500791,0.20665783215382813,0.12317593767927618,-0.16359341741874553,0.002168948298905896,0.024489462480219774,-0.020000407715285835,0.001088856424311964,-0.012989972116469274,0.001637177645918804,-5.135652991106918e-05
50,1,259,25.189617156982422,1.0016936396226106,0.20670994994309844,0.12321105989757895,-0.16359832886087514,0.0021690426514565176,0.024718350141345435,-0.020028979400437304,0.0010895775428788994,-0.012990665228463332,0.0016373405803075639,-5.1362792041163464e-05
50,1,260,25.18961524963379,1.001676770530478,0.20676209189406347,0.12324609440431264,-0.16360318319321254,0.0021691357604809365,0.024946223661521497,-0.020057220927450947,0.001090290165396016,-0.012991321860878756,0.001637503415406629,-5.136921956153989e-05
50,1,261,25.18961524963379,1.001660235351785,0.2068142520518247,0.12328105372970141,-0.16360798041575778,0.0021692276259791523,0.025173004016777863,-0.02008512829440994,0.001090993834383708,-0.01299193593378577,0.0016376659526366106,-5.1375789771571494e-05
50,1,262,25.189613342285156,1.001644014650359,0.20686641214664672,0.12331592534352111,-0.16361272052851078,0.0021693179370696155,0.025398630622070793,-0.02011271750898158,0.001091689334092728,-0.01299251200713171,0.0016378280927078141,-5.138250267125827e-05
50,1,263,25.189611434936523,1.001628117821922,0.2069185230388874,0.12335064659465096,-0.16361740353147156,0.002169407626396977,0.025623037624091866,-0.02013996856158175,0.0010923760763350114,-0.012993053120881455,0.00163798963704085,-5.1389345288813396e-05
50,1,264,25.18960952758789,1.001612521728668,0.20697058656626713,0.12338521748309096,-0.16362204846123757,0.0021694971602835636,0.025846151267135662,-0.020166905463711388,0.0010930547800070817,-0.01299355927503501,0.0016381511813738862,-5.139631113834344e-05
50,1,265,25.189605712890625,1.0015972255013792,0.20702256074627148,0.12341961294839282,-0.16362663628121135,0.00216958669417015,0.026067908332026102,-0.02019352021153684,0.0010937260332970031,-0.012994033509557261,0.0016383120306790605,-5.140339049100829e-05
50,1,266,25.189607620239258,1.0015822301266872,0.20707444083450158,0.12345382046033236,-0.16363118602799034,0.0021696742073266575,0.026288245599587104,-0.020219810804099705,0.0010943889212455646,-0.012994477344430648,0.0016384722842460674,-5.14105671320744e-05
50,1,267,25.189603805541992,1.001567520770339,0.207126183676587,0.1234878149584613,-0.16363567866497714,0.0021697603215161867,0.02650709721651025,-0.02024578324427521,0.0010950441627492888,-0.012994887739690287,0.0016386315449161287,-5.141783133270164e-05
50,1,268,25.189603805541992,1.001553107036453,0.2071777980803339,0.12352160897300378,-0.1636401332287691,0.002169845813942615,0.02672439206122246,-0.020271429528229714,0.0010956914963912586,-0.012995267735301064,0.0016387898126892445,-5.1425160392263046e-05
50,1,269,25.189603805541992,1.0015389744364898,0.20722923319120987,0.12355516491328734,-0.16364453068276888,0.0021699317726913687,0.02694006691454765,-0.020296753657880036,0.001096331445005309,-0.01299561277131565,0.001638946392537553,-5.1432541338971796e-05
50,1,270,25.18960189819336,1.001525109541414,0.20728047164383845,0.12358844518863951,-0.16364889006357386,0.0021700186640847747,0.027154079630368436,-0.020321765638018234,0.0010969643353625866,-0.012995931967628703,0.0016391023766476943,-5.1439996873454844e-05
50,1,271,25.189599990844727,1.0015115243885342,0.20733151518174373,0.12362147485950863,-0.16365321137118402,0.0021701078870898106,0.027366366989508735,-0.020346453462893842,0.001097589513920798,-0.012996229884187553,0.0016392577650196681,-5.144752375276548e-05
50,1,272,25.189598083496094,1.0014982003046031,0.20738235882077988,0.12365429151656711,-0.16365747556900198,0.0021701985090618243,0.02757687630932182,-0.02037083514113256,0.0010982078956391543,-0.012996505001009755,0.0016394122597843909,-5.145510251922345e-05
50,1,273,25.189599990844727,1.0014851617188252,0.20743302605376185,0.12368693275048745,-0.16366170169362515,0.0021702886647115118,0.027785544370631608,-0.020394890663150273,0.0010988189576838204,-0.012996755798112868,0.00163956536449339,-5.1462700743361676e-05
50,1,274,25.189598083496094,1.0014723894973898,0.20748348133064787,0.12371936097059717,-0.1636658897450535,0.002170377576834997,0.027992313222526696,-0.020418632034697452,0.0010994225693463375,-0.012996985315461777,0.0016397176748848329,-5.1470328154020274e-05
50,1,275,25.18959617614746,1.001459881073562,0.2075336747675353,0.12375151352577553,-0.16367003972328706,0.002170466022636156,0.028197132816492686,-0.02044205125194045,0.0011000191227520822,-0.01299719203307404,0.0016398681980617736,-5.1477971779412415e-05
50,1,276,25.189594268798828,1.00144763043063,0.2075836247058659,0.1237834405369191,-0.16367415162832583,0.002170552914029562,0.02839995837227986,-0.02046515831967132,0.0011006086179010542,-0.012997380510896986,0.0016400176290520744,-5.1485638105431524e-05
50,1,277,25.189594268798828,1.0014356401133162,0.2076332963622762,0.12381512947380376,-0.16367820642357236,0.0021706371629297877,0.02860074247550615,-0.020487943233098015,0.0011011911855017124,-0.012997550748930614,0.001640165967855735,-5.149332064618417e-05
50,1,278,25.189592361450195,1.001423895047606,0.20768264574341422,0.12384650515508458,-0.1636822231456241,0.0021707201683038102,0.028799427175260163,-0.020510411995095762,0.0011017663027202216,-0.012997698187227595,0.0016403124201551992,-5.150098372925657e-05
50,1,279,25.189592361450195,1.0014123985647692,0.2077316609484528,0.12387756758076156,-0.16368620179448104,0.002170802551914732,0.028995967691292167,-0.020532558602789328,0.0011023342309734996,-0.01299782738573526,0.001640457184529856,-5.1508624111702e-05
50,1,280,25.189590454101562,1.0014011570912078,0.20778034481775867,0.12390834181128299,-0.16369014237014318,0.002170882759354799,0.029190321877484778,-0.020554377053303482,0.0011028948395530873,-0.01299793530448872,0.0016406000624003163,-5.1516254765307306e-05
50,1,281,25.189590454101562,1.0013901625641446,0.20782868723305775,0.1239388278466489,-0.16369404487261052,0.00217096250047254,0.029382458124249958,-0.020575873349513458,0.001103448128458985,-0.012998028023417749,0.0016407412523459692,-5.152386271828566e-05
50,1,282,25.18958854675293,1.0013794044451145,0.2078766376743116,0.12396896303573851,-0.16369790930188305,0.0021710411535048536,0.02957232638307331,-0.02059704749141925,0.0011039940976911927,-0.012998105542522348,0.001640881151525593,-5.1531451213583754e-05
50,1,283,25.18958854675293,1.0013688684269988,0.20792415600612715,0.1239986972576552,-0.16370173565796078,0.002171120583741044,0.029759897678499132,-0.0206179054818961,0.001104533270083545,-0.012998167861802514,0.0016410192634907148,-5.1539010522361474e-05
50,1,284,25.18958854675293,1.0013585556484126,0.20797123848571064,0.12402804304262312,-0.1637055239408437,0.0021711989258918073,0.029945135132674713,-0.020638445319985585,0.00110506486138529,-0.012998218021223138,0.0016411557868207239,-5.154653740167211e-05
50,1,285,25.18958854675293,1.0013484642709458,0.2080178579260383,0.12405700039064227,-0.16370925511393442,0.0021712778898056715,0.030127996599482666,-0.020658663003770894,0.0011055895251387208,-0.012998256020784216,0.0016412908208053145,-5.155402536562224e-05
50,1,286,25.18958854675293,1.0013386013456766,0.20806402020675493,0.12408556930171266,-0.16371294821383034,0.0021713554547525583,0.030308461005864294,-0.02067855253037679,0.0011061064770930855,-0.012998283380468191,0.0016414241668650977,-5.156147117126516e-05
50,1,287,25.189584732055664,1.0013289597568922,0.20810970091198397,0.12411372471538598,-0.16371660324053144,0.0021714320870547927,0.030486504644628574,-0.020698115900761684,0.0011066157172483835,-0.012998301620257509,0.0016415560235794628,-5.156887481860087e-05
50,1,288,25.189584732055664,1.001319536796921,0.20815488738153892,0.12414146663166223,-0.16372022019403776,0.0021715076312716,0.030662085369658115,-0.020717353114925573,0.001107116984187698,-0.012998304660222395,0.0016416855966308532,-5.157621360700241e-05
50,1,289,25.189584732055664,1.0013103327634283,0.20819956264650213,0.12416878252031725,-0.16372379907434925,0.002171582553725306,0.030835176839629556,-0.02073626017095164,0.0011076108007448634,-0.012998300100275065,0.001641813481757436,-5.158348753646978e-05
50,1,290,25.18958282470703,1.0013013389707923,0.20824373218049383,0.12419569744179937,-0.16372733988146596,0.002171654522804281,0.031005757981484198,-0.02075484707363194,0.0011080970362114212,-0.012998283380468191,0.0016419394803798225,-5.159070633584309e-05
50,1,291,25.18958282470703,1.0012925519006506,0.2082873796362985,0.1242221988658844,-0.16373084261538787,0.0021717257146793793,0.031173807722163355,-0.02077311382296647,0.0011085755598789126,-0.012998259060749102,0.001642063493208318,-5.159785703333553e-05
50,1,292,25.1895809173584,1.0012839713768724,0.20833049508204235,0.12424831185302067,-0.16373428823951755,0.0021717953521467243,0.031339299720343654,-0.02079105841799682,0.001109046763872714,-0.012998227141117797,0.0016421857188223116,-5.1604929900106965e-05
50,1,293,25.1895809173584,1.0012755966189766,0.20837308458485657,0.12427403640320818,-0.16373769579045244,0.0021718637460878664,0.03150221553709874,-0.020808682859681397,0.0011095106481928253,-0.01299818458160939,0.0016423059586424139,-5.1611931422050806e-05
50,1,294,25.1895809173584,1.0012674233871166,0.20841514692969978,0.12429938504667108,-0.16374106526819254,0.002171930585621256,0.03166253409936992,-0.020825991149937034,0.0011099666900054113,-0.012998137462153654,0.0016424244112480146,-5.161886159916706e-05
50,1,295,25.189579010009766,1.001259445775919,0.2084566448069451,0.12432430766251275,-0.16374439667273782,0.0021719968033915437,0.03182024487062786,-0.020842981287805307,0.0011104156735612248,-0.012998085782750588,0.0016425409773494185,-5.16257107026156e-05
50,1,296,25.1895809173584,1.0012516637642321,0.20849757854725745,0.12434881678095734,-0.1637476900040883,0.0021720628657210563,0.031975339948475526,-0.020859653273286226,0.0011108566839010544,-0.012998026503435307,0.0016426555576569315,-5.163247873239643e-05
50,1,297,25.1895809173584,1.0012440721505795,0.2085379423799386,0.12437293746245319,-0.16375092622564658,0.002172129083491344,0.032127816698780606,-0.020876011108296608,0.0011112901131502765,-0.012997964184155138,0.001642768450039637,-5.1639162445562825e-05
50,1,298,25.189579010009766,1.0012366704488336,0.20857769681029795,0.12439659452565534,-0.16375412437401005,0.002172195767583958,0.03227765141435205,-0.02089204678900281,0.001111715830600432,-0.012997892744980312,0.001642879058759368,-5.164574887032797e-05
50,1,299,25.1895809173584,1.0012294574086318,0.20861686446600622,0.12441983809146041,-0.16375728444917872,0.0021722635397619992,0.03242483092452819,-0.020907766318280063,0.0011121339669599801,-0.012997816745858157,0.0016429875823955134,-5.1652241249638565e-05
50,1,300,25.189577102661133,1.001222420763641,0.20865543368283315,0.12444265562964427,-0.16376040645115258,0.002172330845617714,0.032569363131706025,-0.02092317970092043,0.0011125450450627556,-0.012997736186788672,0.0016430941202377676,-5.16586363405479e-05
50,1,301,25.189577102661133,1.0012155553261834,0.2086934081561132,0.12446508473087936,-0.16376347134333424,0.002172398151473429,0.03271125593828257,-0.02093829293979913,0.0011129489342002995,-0.012997655627719188,0.0016431989701552144,-5.1664956843682946e-05
50,1,302,25.189577102661133,1.0012088589874417,0.2087307968081779,0.12448712539516568,-0.1637664981623211,0.0021724642138029417,0.03285050407599316,-0.020953110036833002,0.0011133456343726121,-0.012997575068649703,0.001643302330727243,-5.1671189787256854e-05
50,1,303,25.189577102661133,1.0012023405560424,0.20876759527338268,0.12450877762250324,-0.16376948690811316,0.0021725284108431507,0.03298711281310245,-0.02096762098722998,0.0011137350148712347,-0.012997492989597775,0.0016434041026641589,-5.1677338414216334e-05
50,1,304,25.189577102661133,1.0011959949414624,0.20880380760817457,0.12453005394311618,-0.16377243758071042,0.0021725902762717293,0.0331210926861398,-0.0209818317938653,0.001114117075696167,-0.01299740787058096,0.0016435039880968781,-5.168339299572127e-05
50,1,305,25.189577102661133,1.0011898096458878,0.20883941168865855,0.12455095435700453,-0.16377533114351547,0.0021726488774440264,0.03325242789031119,-0.020995750460572605,0.001114492470389703,-0.012997322751564146,0.001643601987025401,-5.168935353177166e-05
50,1,306,25.189577102661133,1.001183794848799,0.20887442862016045,0.12457149139439241,-0.1637781866331257,0.002172705302445469,0.03338114213280764,-0.02100937098447666,0.001114860022575714,-0.012997233072600003,0.0016436980994497274,-5.169520380763395e-05
50,1,307,25.189577102661133,1.0011779510075767,0.20890882342634917,0.12459161493438323,-0.16378100404954116,0.0021727595512760567,0.033507232779496826,-0.021022685361743825,0.0011152199936711174,-0.012997138833688531,0.0016437916303419953,-5.170095030920157e-05
50,1,308,25.1895751953125,1.0011722724915786,0.20894261622186772,0.12461136256764943,-0.16378378339276178,0.0021728100695280373,0.03363071563517275,-0.021035703597166156,0.0011155722529674543,-0.0129970354748824,0.0016438825797022048,-5.1706563849954136e-05
50,1,309,25.1895751953125,1.0011667510356066,0.20897575836997076,0.1246306841732944,-0.1637865056261902,0.0021728568572014096,0.03375159333396777,-0.02104842368978524,0.0011159168004647249,-0.012996926036146496,0.0016439708482406615,-5.1712057401678485e-05
50,1,310,25.1895751953125,1.0011613799588837,0.20900826525300475,0.12464957975131816,-0.16378918978642384,0.002172901935026253,0.03386989485133758,-0.02106085564439313,0.0011162540282883052,-0.012996812037463263,0.0016440568331161436,-5.171743420732133e-05
50,1,311,25.189573287963867,1.0011561628548875,0.2090401358621586,0.12466804930172068,-0.16379183587346266,0.0021729474791734233,0.03398563862620853,-0.021072995459073006,0.0011165832828959018,-0.012996696518797587,0.0016441408321977346,-5.1722697509829365e-05
50,1,312,25.189573287963867,1.0011510832019852,0.20907134770583571,0.12468608029427783,-0.1637944248507093,0.002172994422287571,0.03409884836577166,-0.021084855139575333,0.0011169057406636433,-0.01299658100013191,0.00164422274619574,-5.1727857038042735e-05
50,1,313,25.189573287963867,1.0011461386261433,0.20910192723311882,0.1247036977894379,-0.1637969757547611,0.0021730429198094717,0.03420952670415929,-0.021096442689733756,0.0011172210094661534,-0.012996467001448677,0.001644303170848327,-5.173292252080155e-05
50,1,314,25.189573287963867,1.001141333173374,0.2091318846538462,0.12472091431742506,-0.16379948858561813,0.0021730917282129234,0.03431771315335649,-0.021107756108589868,0.0011175298735541846,-0.01299635604273033,0.0016443824040245796,-5.173790368694594e-05
50,1,315,25.189573287963867,1.0011366560776187,0.20916122503246,0.12473774240846346,-0.16380196334328034,0.002173142091024128,0.034423415615760254,-0.02111880740189413,0.0011178316793854432,-0.012996248123976869,0.0016444597506966355,-5.174278107879566e-05
50,1,316,25.189573287963867,1.0011321152377788,0.20918994891837567,0.12475420712300139,-0.16380438099115036,0.0021731929201576593,0.03452665779856162,-0.021129588565812898,0.0011181269497937641,-0.01299614628515318,0.001644536104471746,-5.174757091108425e-05
50,1,317,25.189573287963867,1.0011277059337316,0.2092180807814499,0.12477032099126302,-0.16380676056582555,0.00217324374929119,0.03462747394548096,-0.021140109605138232,0.00111841542336223,-0.012996049006276822,0.0016446110681911327,-5.175226994086499e-05
50,1,318,25.189573287963867,1.0011234278008152,0.20924562849391098,0.12478609654347252,-0.16380910206730595,0.0021732944229839457,0.03472588776370931,-0.021150372520828537,0.001118697622924676,-0.012995953247382907,0.001644684840434185,-5.175689438287144e-05
50,1,319,25.189573287963867,1.0011192737592225,0.20927256784684822,0.12480152124940569,-0.16381138645899415,0.0021733454075582516,0.03482190715564367,-0.021160379313842227,0.001118972894938808,-0.012995860528453878,0.001644756825462735,-5.176141505058321e-05
50,1,320,25.189573287963867,1.0011152551415052,0.20929895329695852,0.12481665776018334,-0.16381363277748753,0.002173396547573333,0.034915566365004425,-0.021170129984179303,0.001119241631530002,-0.01299576476955996,0.0016448267254076997,-5.1765828701053603e-05
50,1,321,25.189573287963867,1.0011113766202784,0.20932480732292066,0.12483154366647792,-0.16381584102278612,0.0021734465995029875,0.03500688383071793,-0.02117962453183976,0.0011195037019898003,-0.012995665970701158,0.0016448946395587732,-5.1770125605442484e-05
50,1,322,25.189573287963867,1.0011076347916403,0.20935013248950787,0.12484617896828941,-0.1638180111948899,0.002173494475261787,0.03509589116237222,-0.021188866958740428,0.0011197592370266606,-0.012995567171842358,0.0016449603693365668,-5.177430576374985e-05
50,1,323,25.189573287963867,1.0011040105632305,0.20937490314006396,0.12486053860516953,-0.1638201242572015,0.002173539397645856,0.03518263050608468,-0.02119787127159018,0.0011200082366405832,-0.012995466853001111,0.001645024311899858,-5.177838539070926e-05
50,1,324,25.189571380615234,1.0011005165280016,0.20939911429535654,0.12487458498644581,-0.16382219924631827,0.0021735821438590695,0.03526713347144335,-0.02120662346368014,0.0011202505701231097,-0.012995363494194981,0.001645085970800175,-5.178235475748057e-05
50,1,325,25.189571380615234,1.0010971366520087,0.2094227455998682,0.12488828052144578,-0.16382423616224023,0.002173622247579103,0.0353494263997716,-0.021215135540760773,0.0011204862374742397,-0.01299526013538885,0.0016451458424859898,-5.178621062111708e-05
50,1,326,25.189571380615234,1.0010938729402872,0.20944581630057715,0.12490165027061775,-0.1638262350049674,0.0021736607968913836,0.03542954880305448,-0.021223409503790487,0.001120715500110891,-0.012995158296565161,0.0016452041255366919,-5.178996919635233e-05
50,1,327,25.189571380615234,1.0010907133284412,0.2094683063331056,0.12491465664328928,-0.16382819577449978,0.0021736976363551353,0.03550752965674769,-0.021231453356602932,0.001120938488741522,-0.012995054937759029,0.0016452605220831974,-5.1793627240239624e-05
50,1,328,25.1895694732666,1.0010876443677152,0.2094902170929761,0.12492732469990865,-0.16383009943423993,0.0021737329214111334,0.03558338739977759,-0.021239281105906983,0.001121155726199968,-0.01299495765888267,0.0016453157271533682,-5.179719772456578e-05
50,1,329,25.189573287963867,1.001084665552081,0.20951155565903956,0.12493962938002756,-0.1638319650207853,0.002173766030296278,0.035657177348923236,-0.02124689475266105,0.0011213676046116052,-0.012994864939953641,0.001645370038616288,-5.180069037817093e-05
50,1,330,25.189573287963867,1.0010817788496436,0.20953232245385867,0.12495157068364603,-0.16383379253413585,0.002173798983740646,0.03572891530897867,-0.021254292295906724,0.0011215736011425986,-0.012994773741007054,0.0016454226621544007,-5.1804085743374824e-05
50,1,331,25.189571380615234,1.0010789739718977,0.20955252457700713,0.12496314861076402,-0.1638355819742916,0.002173831626303464,0.0357986539625906,-0.02126148574139447,0.0011217742386267831,-0.012994685582025354,0.001645473994926484,-5.180740327785771e-05
50,1,332,25.1895694732666,1.0010762516313731,0.20957215626834028,0.12497435063115742,-0.16383733334125256,0.0021738639579847313,0.035866414382817735,-0.021268473088165877,0.0011219692556472412,-0.01299460046300854,0.001645524136222233,-5.181064298161959e-05
50,1,333,25.1895694732666,1.0010735987439143,0.20959121120845753,0.12498516421460204,-0.1638390466350187,0.0021738952015805716,0.03593221500858643,-0.02127526634197141,0.001122159175037808,-0.012994515343991726,0.0016455726888828688,-5.181378539698021e-05
50,1,334,25.189573287963867,1.0010710283098656,0.2096096955880291,0.1249956144215462,-0.16384070281899266,0.002173925201650209,0.0359961006201464,-0.021281853497060608,0.0011223433432561898,-0.012994433264939797,0.0016456197521980864,-5.181682403804616e-05
50,1,335,25.189571380615234,1.0010685313064036,0.20962763196022594,0.12500570125198993,-0.16384232092977177,0.002173954890838296,0.03605812653427672,-0.02128824856014234,0.0011225225445531388,-0.01299435118588787,0.001645665226878191,-5.1819781605444395e-05
50,1,336,25.189571380615234,1.0010661173839481,0.20964501976309907,0.1250154247059332,-0.16384390096735613,0.002173983181059405,0.03611829801924206,-0.02129444152642456,0.0011226962560948203,-0.012994270626818386,0.0016457094107922667,-5.1822645127388074e-05
50,1,337,25.189571380615234,1.001063772730277,0.2096618679363784,0.12502478478337598,-0.16384544293174566,0.002174010227754311,0.03617667566008617,-0.021300448403574552,0.0011228647392981519,-0.012994191587731343,0.0016457518074918405,-5.182541460387721e-05
50,1,338,25.189573287963867,1.0010614952739938,0.20967819475341343,0.12503380654476662,-0.16384694682294038,0.002174036030923015,0.036233285798132404,-0.021306275194467546,0.001123028124871592,-0.012994117108591632,0.0016457932112944687,-5.1828103006698636e-05
50,1,339,25.1895694732666,1.0010592871204613,0.20969402910386106,0.1250425275807776,-0.1638484126409403,0.0021740609014470665,0.03628817584776283,-0.02131192590102037,0.001123186804940517,-0.012994041109469476,0.0016458333243310676,-5.183071033585234e-05
50,1,340,25.189573287963867,1.0010571489634068,0.20970937446249824,0.12505094789140886,-0.16384984038574543,0.0021740853056487924,0.03634137215030081,-0.021317400523233016,0.0011233410409218446,-0.012993966630329763,0.0016458718487325538,-5.183323983428504e-05
50,1,341,25.1895694732666,1.0010550799669737,0.20972424558068228,0.1250590800068846,-0.16385123005735575,0.002174108621765091,0.03639292475426074,-0.021322703063022315,0.0011234907021071157,-0.012993890631207608,0.001645909082368011,-5.183569474494344e-05
50,1,342,25.1895694732666,1.0010530805722575,0.20973868208872964,0.12506696151787727,-0.16385260069236865,0.002174131626999839,0.03644285209856898,-0.021327841524221906,0.0011236357884963305,-0.012993817672050339,0.0016459453231065222,-5.1838071824880835e-05
50,1,343,25.1895694732666,1.0010511374242184,0.20975267636571224,0.12507459242438687,-0.16385393325418676,0.002174154321353036,0.03649120159760758,-0.02133282791258226,0.0011237770843402417,-0.012993749272840398,0.0016459808688171719,-5.1840397017670894e-05
50,1,344,25.189573287963867,1.0010492574532708,0.20976627089187186,0.12508203537753415,-0.16385522774281008,0.002174176393943132,0.03653800749509693,-0.02133766422906178,0.0011239141975134725,-0.012993688473542675,0.001646015918079349,-5.184266708036691e-05
50,1,345,25.189571380615234,1.0010474328435202,0.20977944713975077,0.12508925278664668,-0.16385648415823859,0.002174198000210902,0.036583298766492724,-0.021342354475577294,0.0011240475201413998,-0.01299363223419228,0.0016460500737342746,-5.184486579823533e-05
50,1,346,25.189573287963867,1.0010456816415916,0.20979223523660268,0.12509628224239688,-0.1638577025004723,0.0021742183629524696,0.03662712546030936,-0.021346886646378335,0.001124176529390188,-0.012993579034806772,0.001646083037912866,-5.184699965716958e-05
50,1,347,25.189571380615234,1.0010439975965806,0.20980464281085145,0.12510311121456064,-0.1638589018061086,0.0021742379484901604,0.03666949547894384,-0.021351268745298548,0.0011243013559682964,-0.012993524315438819,0.001646114711325428,-5.184905244243611e-05
50,1,348,25.189571380615234,1.0010423740613197,0.20981664760979027,0.12510971464268963,-0.1638600630385501,0.0021742573785870755,0.03671045623677824,-0.021355502773296342,0.0011244221305841831,-0.012993469596070867,0.00164614529255135,-5.1851033882875064e-05
50,1,349,25.189571380615234,1.0010408198534553,0.20982826370032442,0.12511610505700801,-0.1638611861977968,0.0021742757205985637,0.03675004987992993,-0.021359582727496485,0.0011245380689870964,-0.012993414876702915,0.0016461742851421593,-5.185293100669959e-05
50,1,350,25.189571380615234,1.0010393290983812,0.20983951906850476,0.12512229498773994,-0.16386229032044608,0.0021742923527615235,0.03678831328625162,-0.021363520613649444,0.0011246500861362468,-0.01299335863735252,0.0016462019869669393,-5.185475678569652e-05
50,1,351,25.1895694732666,1.0010378991928677,0.20985041071880817,0.12512829696510955,-0.16386335636990057,0.002174307585957505,0.03682527543119903,-0.02136731843271363,0.0011247580513231762,-0.012993300878019682,0.0016462285966050792,-5.185651446281258e-05
50,1,352,25.189573287963867,1.0010365231481593,0.20986094274116052,0.12513408592866854,-0.16386440338275768,0.002174321886508835,0.03686096265609552,-0.021370984188522683,0.001124862487381719,-0.012993244638669287,0.0016462539154771898,-5.185821052394117e-05
50,1,353,25.189571380615234,1.001035189389201,0.2098711067035033,0.12513966187841694,-0.16386541232241997,0.0021743360316193896,0.03689541447292614,-0.02137452788586866,0.0011249635250203344,-0.012993191439283779,0.0016462785393214388,-5.18598449690823e-05
50,1,354,25.1895694732666,1.0010338952871871,0.2098808994696787,0.12514501228413055,-0.16386638318888744,0.002174350176729944,0.03692865985714658,-0.021377951525709978,0.001125061294947481,-0.01299313823989827,0.0016463020709790476,-5.1861417798235966e-05
50,1,355,25.1895694732666,1.001032646598456,0.20989034849775726,0.12515014967603355,-0.16386733501875753,0.002174363700077397,0.03696073041834489,-0.021381255108046632,0.0011251559278716175,-0.012993086560495203,0.0016463248083191,-5.186293549729559e-05
50,1,356,25.189573287963867,1.0010314382256382,0.20989943883183465,0.1251550615239018,-0.1638682487754328,0.002174376290780198,0.03699167093677079,-0.021384440633837033,0.0011252467702504503,-0.012993036401074581,0.0016463463541828178,-5.1864385094474325e-05
50,1,357,25.1895694732666,1.0010302682325298,0.20990820790655224,0.12515977288818358,-0.16386914349551068,0.002174387637956797,0.03702152619267401,-0.021387518107873236,0.0011253348677516492,-0.012992990801601288,0.001646367800756841,-5.186579901923927e-05
50,1,358,25.1895694732666,1.001029126457327,0.20991664469994498,0.12516428376887892,-0.16387000014239375,0.002174398674251845,0.03705031989324557,-0.021390495533988887,0.0011254200896667556,-0.012992951282057767,0.001646388850172086,-5.1867180514537125e-05
50,1,359,25.189571380615234,1.001028019888325,0.2099247639370716,0.12516859416598777,-0.1638708377526794,0.0021744095551061177,0.03707805467261781,-0.021393368910267163,0.0011255021745788518,-0.012992914802479133,0.0016464094031388584,-5.186851336563436e-05
50,1,360,25.189571380615234,1.001026950672412,0.20993258527584926,0.1251727542004068,-0.16387163728977028,0.0021744209022827162,0.037104759506246435,-0.021396140237666478,0.0011255816453217733,-0.012992879842882941,0.0016464292610777686,-5.1869800815477666e-05
50,1,361,25.1895694732666,1.0010259225086,0.20994013570442416,0.12517677640236013,-0.16387241779026376,0.0021744325603408653,0.03713046336958714,-0.021398811517145237,0.0011256583711870608,-0.01299284488328675,0.001646448026830039,-5.1871029892280225e-05
50,1,362,25.189571380615234,1.0010249348896043,0.20994742224249188,0.12518066077184778,-0.1638731792541598,0.0021744454619252174,0.03715520840875732,-0.021401384749661852,0.0011257323521747145,-0.012992808403708115,0.0016464658989750584,-5.187220708193544e-05
50,1,363,25.1895694732666,1.0010239946568944,0.20995444950727746,0.12518443236931803,-0.16387390264486107,0.0021744589852726705,0.03717902096508034,-0.021403853932341097,0.001125803196159358,-0.012992773444111923,0.0016464831753819104,-5.187333562739003e-05
50,1,364,25.189571380615234,1.0010230938715752,0.20996124494762097,0.12518810372499506,-0.16387460699896494,0.0021744729749424495,0.0372019300140119,-0.021406233071891843,0.0011258714259748267,-0.012992744564445505,0.001646499657471206,-5.18744187715907e-05
50,1,365,25.189571380615234,1.0010222334608494,0.209967803709607,0.1251916623086547,-0.1638752923164714,0.002174487741816105,0.03722395399447835,-0.021408520167355678,0.0011259370416211202,-0.012992715684779086,0.0016465157424017235,-5.187545327159074e-05
50,1,366,25.189571380615234,1.0010214056545255,0.20997412599753035,0.12519512065052113,-0.16387593956078306,0.0021745023532489857,0.03724513505259709,-0.021410723222566253,0.0011260001738066974,-0.012992692885042439,0.0016465314301734627,-5.187644561328357e-05
50,1,367,25.1895694732666,1.0010206155639352,0.20998024548745836,0.1251985038110426,-0.16387656776849732,0.002174516342918765,0.03726549689555914,-0.02141284423848197,0.0011260612146569346,-0.012992674645253121,0.0016465468200761182,-5.187741849729614e-05
50,1,368,25.189571380615234,1.0010198584147962,0.20998616737504722,0.1252018117902192,-0.16387717693961415,0.0021745292445031167,0.03728507113295254,-0.02141488921797807,0.0011261197720464557,-0.012992657925446247,0.0016465616142406065,-5.18783459800548e-05
50,1,369,25.1895694732666,1.0010191385391527,0.20999190304440146,0.12520505711827498,-0.16387776707413362,0.0021745415243243672,0.03730388147196832,-0.02141685616009614,0.0011261761073921778,-0.012992641205639373,0.0016465760112463165,-5.187924427629308e-05
50,1,370,25.189571380615234,1.001018453669629,0.20999744166485163,0.1252082147347617,-0.16387833817205566,0.0021745527160601905,0.03732195161979752,-0.021418745064836174,0.0011262300899856424,-0.012992626005814942,0.0016465897132241648,-5.188010365717086e-05
50,1,371,25.1895694732666,1.0010177991300382,0.21000277961211847,0.1252112721094552,-0.16387889023338031,0.002174562819710587,0.03733930528363115,-0.021420559934115003,0.0011262818505353082,-0.012992609286008068,0.001646602521594762,-5.188091763679471e-05
50,1,372,25.1895694732666,1.0010171824463545,0.2100078968328013,0.12521419165168302,-0.16387942325810756,0.0021745718352755555,0.03735595826826324,-0.021422288762182155,0.001126330996915799,-0.012992586486271421,0.0016466143370684136,-5.188168297221794e-05
50,1,373,25.189573287963867,1.0010165829760538,0.21001280683719611,0.1252169858916693,-0.1638799372462374,0.0021745797627550968,0.03737194218328183,-0.021423955560538565,0.0011263781826694086,-0.012992566726499661,0.001646625556803898,-5.1882409392280664e-05
50,1,374,25.1895694732666,1.0010160082281676,0.21001750811163863,0.1252196422991899,-0.16388043219776985,0.0021745862912676607,0.0373872912724073,-0.021425552325350587,0.0011264235385045956,-0.012992550006692787,0.0016466366772496877,-5.188311959760984e-05
50,1,375,25.189571380615234,1.0010154506595497,0.21002201137482363,0.12522217340446892,-0.1638809081127049,0.002174591887135572,0.037402023974566,-0.02142708906141028,0.0011264674565467363,-0.012992537846833243,0.001646647499826394,-5.1883794130525226e-05
50,1,376,25.189571380615234,1.0010149160531967,0.2100263163133188,0.12522457920750643,-0.16388136499104253,0.002174597483003484,0.037416140289757926,-0.021428559765842403,0.001126509675378913,-0.01299252720695614,0.0016466577266649328,-5.188442974808011e-05
50,1,377,25.1895694732666,1.0010144011757898,0.2100304261892428,0.12522685970830238,-0.16388180283278275,0.002174603234312171,0.037429661291041784,-0.021429968440563787,0.0011265500642926676,-0.01299251200713171,0.0016466673577653045,-5.188503617911462e-05
50,1,378,25.189573287963867,1.0010139166292136,0.2100343542790487,0.12522902743708098,-0.1638822216379256,0.002174609451943184,0.0374426185880056,-0.021431307081740784,0.0011265884925795407,-0.012992496807307278,0.0016466759959687305,-5.1885600451841916e-05
50,1,379,25.189571380615234,1.0010134459357751,0.21003808733403068,0.12523105733339387,-0.16388262140647103,0.002174616291337298,0.03745502271717873,-0.02143258969608227,0.0011266254830733676,-0.012992480087500403,0.001646684038433989,-5.1886138780995536e-05
50,1,380,25.1895694732666,1.0010129845055136,0.2100416314708378,0.12523294939724108,-0.16388300213841905,0.0021746239079352887,0.03746690792228155,-0.02143382228646348,0.0011266614278995243,-0.01299246336769353,0.0016466919816095532,-5.188665765246891e-05
50,1,381,25.1895694732666,1.0010125282776858,0.2100449953007633,0.12523471615884676,-0.1638833638337697,0.002174632146296381,0.037478279471578724,-0.021435010855759648,0.0011266964577664699,-0.012992451207833985,0.0016466998254954228,-5.1887166795102164e-05
50,1,382,25.189573287963867,1.0010120748809361,0.21004821408932395,0.1252363826786592,-0.1638837255291203,0.0021746403846574732,0.037489168974658295,-0.02143616540876283,0.001126730703382663,-0.012992442087939326,0.0016467076693812924,-5.188766296594858e-05
50,1,383,25.1895694732666,1.001011634656052,0.21005129048780083,0.12523797401712672,-0.16388406818787354,0.0021746483121370145,0.03749959223631429,-0.021437275940680962,0.0011267640340396447,-0.012992432968044667,0.001646715513267162,-5.188814292206145e-05
50,1,384,25.1895694732666,1.0010112048312065,0.2100542298845784,0.12523949017424932,-0.16388439181002937,0.0021746553069719042,0.037509578232002405,-0.02143834645343088,0.001126796057612039,-0.012992428408097337,0.0016467232578633371,-5.18886163922809e-05
50,1,385,25.1895694732666,1.001010792558648,0.21005704772632955,0.1252409562104753,-0.1638846963955878,0.002174661369162142,0.03751913222998732,-0.02143937294509575,0.0011268267740998457,-0.012992422328167566,0.0016467307045904284,-5.188907689071352e-05
50,1,386,25.1895694732666,1.0010103995479736,0.21005976144719307,0.12524237212580466,-0.16388500098114622,0.0021746660323854017,0.0375282674009307,-0.02144035741663399,0.0011268563142115239,-0.012992419288202679,0.0016467380520278254,-5.188951468851918e-05
50,1,387,25.189571380615234,1.0010100251544316,0.2100623680320144,0.12524375045046157,-0.16388528653010725,0.0021746699184047847,0.03753701008615594,-0.021441299868045598,0.0011268841551132379,-0.01299241472825535,0.0016467447044373603,-5.188992978569788e-05
50,1,388,25.1895694732666,1.0010096733224492,0.21006486762583393,0.125245091184446,-0.16388555304247088,0.0021746728717795157,0.03754536291979535,-0.02144219629741375,0.0011269106889303646,-0.012992404088378248,0.0016467506618190334,-5.189031245340949e-05
50,1,389,25.1895694732666,1.0010093475552722,0.21006728627400806,0.12524640685798213,-0.1638858195548345,0.0021746752033911456,0.0375533443407753,-0.02144304870569686,0.0011269356542459863,-0.01299239496848359,0.0016467561227522338,-5.189065944870731e-05
50,1,390,25.1895694732666,1.0010090434436978,0.210069612290282,0.12524769747106998,-0.1638860670306007,0.0021746769132396744,0.03756097278802214,-0.021443859093853337,0.0011269591817685617,-0.01299238584858893,0.0016467612858163505,-5.1890993472218296e-05
50,1,391,25.1895694732666,1.0010087619472152,0.21007186890505627,0.12524897555393363,-0.16388631450636695,0.002174678156765877,0.037568253529800553,-0.021444631463800004,0.001126981663623467,-0.012992376728694272,0.0016467661510113835,-5.189130479510232e-05
50,1,392,25.189571380615234,1.0010084900018688,0.2100740311933557,0.12525021604612485,-0.16388654294553576,0.0021746794002920795,0.037575212907433896,-0.021445373819370506,0.0011270032305191612,-0.0129923706487645,0.0016467709169167221,-5.189160638914622e-05
50,1,393,25.1895694732666,1.0010082401206286,0.21007611217916805,0.1252514189476436,-0.1638867713847046,0.002174680643818282,0.03758184301852516,-0.02144607615577279,0.0011270234903302677,-0.012992361528869841,0.001646774888504504,-5.189187555372303e-05
50,1,394,25.1895694732666,1.001007998158833,0.21007809112239856,0.12525257172826576,-0.163886980787276,0.0021746825091075858,0.03758815176547135,-0.021446748477798903,0.0011270429658906218,-0.012992352408975182,0.0016467788600922862,-5.189213174651301e-05
50,1,395,25.189571380615234,1.0010077627397054,0.21007997082603824,0.12525364932754296,-0.1638871901898474,0.002174685462482317,0.037594154953066505,-0.02144739278640726,0.001127061787908682,-0.012992344809062967,0.0016467825338109846,-5.1892374967516154e-05
50,1,396,25.1895694732666,1.0010075347366572,0.21008174614746536,0.12525466427569942,-0.16388738055582144,0.0021746896593832507,0.03759986575197229,-0.021448007080639455,0.0011270794335506136,-0.012992337209150752,0.0016467861082399885,-5.189260845967918e-05
50,1,397,25.1895694732666,1.001007309196729,0.21008342141100073,0.1252555915122868,-0.16388757092179546,0.002174694633488061,0.03760530786937974,-0.02144859736337072,0.001127096687067169,-0.012992332649203422,0.0016467897819586869,-5.1892835465948773e-05
50,1,398,25.189573287963867,1.0010070824873547,0.21008499791176372,0.1252564560977534,-0.16388774225117206,0.002174699918474422,0.037610489207685865,-0.021449167636517868,0.0011271132870414305,-0.012992328089256093,0.0016467933563876908,-5.189306247221838e-05
50,1,399,25.189573287963867,1.0010068604555267,0.2100864941649951,0.12525725803209922,-0.1638879135805487,0.0021747052034607832,0.03761542820581702,-0.0214497158991225,0.0011271294948903157,-0.012992329609238537,0.001646797327975473,-5.189328947848798e-05
50,1,400,25.189571380615234,1.0010066455730664,0.210087912603602,0.1252579973153243,-0.1638880849099253,0.0021747101775655936,0.03762014066856723,-0.021450240150226195,0.0011271447877799897,-0.012992331129220979,0.0016468013988529496,-5.1893506755917454e-05
50,1,401,25.189573287963867,1.001006437406193,0.2100892324960735,0.12525866141720443,-0.1638882372027045,0.0021747145299073024,0.037624634498333503,-0.021450736387912138,0.0011271595578358287,-0.012992335689168308,0.0016468053704407316,-5.189373051924035e-05
50,1,402,25.189571380615234,1.001006231215658,0.2100904778502402,0.12525926286796382,-0.16388838949548373,0.002174718105045135,0.03762892023164518,-0.02145121461697238,0.0011271739357662915,-0.012992340249115638,0.0016468092427388192,-5.189394455372311e-05
50,1,403,25.1895694732666,1.0010060297576764,0.21009164316004034,0.12525981419782659,-0.16388852275166554,0.002174720902979091,0.03763300840503161,-0.0214516708354901,0.0011271875294460016,-0.012992344809062967,0.0016468130157472121,-5.1894145616419044e-05
50,1,404,25.1895694732666,1.0010058385523424,0.21009273607502532,0.12526030287656856,-0.16388865600784736,0.0021747227682683947,0.03763690165262513,-0.021452101041548478,0.0011272002081665006,-0.01299234632904541,0.001646816391596827,-5.189433370732814e-05
50,1,405,25.189571380615234,1.0010056627905928,0.21009377199602702,0.1252607539646381,-0.16388878926402917,0.0021747235454722715,0.037640602608558074,-0.0214525032341891,0.0011272119719277882,-0.012992344809062967,0.0016468190724185797,-5.18945055835037e-05
50,1,406,25.1895694732666,1.0010054962997132,0.21009475876650063,0.12526117999225933,-0.16388892252021098,0.00217472292370917,0.03764411390696278,-0.02145288541724561,0.0011272233435636997,-0.012992338729133194,0.0016468212567918598,-5.189464503021217e-05
50,1,407,25.1895694732666,1.0010053420888387,0.2100956734850286,0.1252615684292081,-0.16388903673979538,0.002174721369301417,0.03764743291370692,-0.021453239586884366,0.0011272338002403998,-0.01299232656927365,0.001646822547557889,-5.189476177629368e-05
50,1,408,25.1895694732666,1.0010051978689383,0.21009654252525936,0.12526193180570855,-0.16388915095937978,0.0021747188822490117,0.03765058070184918,-0.021453573746939014,0.00112724321124943,-0.012992312889431661,0.0016468234411651402,-5.189486230764164e-05
50,1,409,25.1895694732666,1.0010050596201188,0.21009738404003112,0.125262295182209,-0.16388926517896418,0.002174715773433505,0.037653573076183576,-0.021453895901243195,0.00112725262225846,-0.012992303769537004,0.0016468245333517801,-5.189496283898961e-05
50,1,410,25.189573287963867,1.0010049225121624,0.21009818440186134,0.12526265855870947,-0.1638893603619512,0.002174712820058774,0.03765641793910712,-0.02145420805075532,0.0011272617718505729,-0.012992296169624787,0.0016468260226971984,-5.189506661328428e-05
50,1,411,25.189571380615234,1.00100478506973,0.2100989552343863,0.12526300940498578,-0.16388945554493822,0.0021747101775655936,0.03765913636367851,-0.02145451419739221,0.0011272709214426855,-0.01299229768960723,0.001646828107780784,-5.1895186602312504e-05
50,1,412,25.189571380615234,1.001004648973064,0.21009970456972912,0.12526336025126206,-0.16388955072792522,0.002174708156835514,0.03766173361816241,-0.021454814341153868,0.0011272799403263393,-0.01299230224955456,0.001646830590023148,-5.189531307723414e-05
50,1,413,25.189571380615234,1.0010045123698998,0.21010042360956985,0.12526369856731423,-0.16388964591091223,0.002174707068750087,0.03766420180016183,-0.021455108482040294,0.0011272888285015345,-0.012992311369449219,0.0016468333701345952,-5.1895449280995894e-05
50,1,414,25.189571380615234,1.0010043782311062,0.21010109853709086,0.1252640243531422,-0.16388972205730185,0.0021747067578685364,0.03766654881207375,-0.021455390617176252,0.0011272973245513534,-0.012992318969361434,0.0016468361502460427,-5.1895572512970825e-05
50,1,415,25.1895694732666,1.0010042572977604,0.21010174324963954,0.12526433760874606,-0.16388979820369143,0.002174707224190862,0.037668769385633516,-0.0214556527427281,0.001127305428475796,-0.012992325049291207,0.0016468384339090175,-5.189568277315892e-05
50,1,416,25.189571380615234,1.0010041439982365,0.21010235916046263,0.12526463833412574,-0.16388987435008104,0.0021747084677170648,0.03767087142323814,-0.02145590086157107,0.0011273128788579449,-0.012992329609238537,0.0016468404197029084,-5.189577357566676e-05
50,1,417,25.1895694732666,1.0010040405141556,0.21010295666385806,0.12526493905950542,-0.16388995049647065,0.002174710488447144,0.03767287072968163,-0.021456134973705167,0.0011273198064062587,-0.012992334169185864,0.0016468419090483266,-5.1895851406387765e-05
50,1,418,25.1895694732666,1.0010039420218177,0.21010351277828543,0.12526522725466097,-0.16389000760626285,0.0021747132863811,0.03767476467083166,-0.021456355079130383,0.0011273262111207375,-0.012992335689168308,0.0016468431005246613,-5.1895913022375224e-05
50,1,419,25.189571380615234,1.001003855470367,0.21010404197346721,0.12526550291959235,-0.16389006471605505,0.0021747168615189323,0.037676550612555884,-0.021456557175929897,0.0011273324851267578,-0.012992335689168308,0.0016468438948422177,-5.189596166657586e-05
50,1,420,25.189571380615234,1.0010037767257642,0.2101045524720838,0.12526577858452373,-0.16389012182584728,0.0021747207475383153,0.03767823382311898,-0.021456747266978948,0.0011273382362989427,-0.012992331129220979,0.001646844292000996,-5.189599733898965e-05
50,1,421,25.189571380615234,1.0010037095492073,0.21010504351568632,0.1252660542494551,-0.16389017893563948,0.0021747244781169235,0.03767980903425628,-0.02145692135036071,0.0011273435953457517,-0.012992325049291207,0.001646844292000996,-5.18960167966699e-05
50,1,422,25.189571380615234,1.0010036502436026,0.21010552540857294,0.12526634244461066,-0.16389023604543168,0.0021747275869324297,0.037681292050761796,-0.021457085428950418,0.001127348692975643,-0.01299231744937899,0.0016468439941319123,-5.1896029768456735e-05
50,1,423,25.189571380615234,1.0010035986336854,0.21010599730262133,0.12526664316999034,-0.16389029315522388,0.0021747299185440596,0.03768267760437086,-0.02145723950274807,0.0011273536598970756,-0.012992309849466775,0.0016468438948422177,-5.1896033011403445e-05
50,1,424,25.189573287963867,1.0010035399050092,0.21010644453309085,0.12526695642559418,-0.16389033122841867,0.0021747314729518128,0.03768396569508346,-0.021457395577504132,0.001127358757526967,-0.012992305289519446,0.0016468435969731342,-5.189603949729686e-05
50,1,425,25.189571380615234,1.001003483927312,0.21010687684542237,0.12526726968119803,-0.1638903693016135,0.0021747322501556895,0.037685169493561294,-0.02145754564938496,0.0011273641165737756,-0.012992303769537004,0.0016468437955525232,-5.189604598319028e-05
50,1,426,25.1895694732666,1.0010034212225558,0.21010728638698092,0.1252675704065777,-0.16389040737480828,0.00217473256103724,0.03768628636567202,-0.0214576977222242,0.0011273694756205846,-0.01299230680950189,0.0016468443912906906,-5.189606868381724e-05
50,1,427,25.189571380615234,1.0010033576450623,0.21010768242421157,0.1252678711319574,-0.1638904454480031,0.00217473256103724,0.037687326847944985,-0.02145784779410503,0.0011273754882096872,-0.012992312889431661,0.0016468450863185524,-5.189610111328432e-05
50,1,428,25.1895694732666,1.0010032861492892,0.2101080593743326,0.12526815932711294,-0.1638904835211979,0.00217473256103724,0.03768830147690953,-0.02145800186790268,0.001127381370090331,-0.01299232200932632,0.0016468462777948871,-5.1896130299804704e-05
50,1,429,25.1895694732666,1.0010032206822383,0.2101084184635436,0.12526843499204432,-0.1638905215943927,0.0021747327164780153,0.03768921815496268,-0.021458145936908278,0.0011273873826794336,-0.012992331129220979,0.0016468474692712216,-5.18961659722185e-05
50,1,430,25.189571380615234,1.0010031557793115,0.21010875230879567,0.12526868559652737,-0.1638905596675875,0.0021747331828003416,0.03769007688210441,-0.02145828400303864,0.0011273926110177837,-0.012992341769098081,0.0016468485614578618,-5.189618867284545e-05
50,1,431,25.1895694732666,1.001003091718914,0.21010906223659503,0.12526891114056216,-0.1638905977407823,0.002174733960004218,0.03769088556073175,-0.02145841606629377,0.0011273975779392163,-0.012992352408975182,0.0016468496536445017,-5.1896211373472415e-05
50,1,432,25.1895694732666,1.001003033009485,0.21010933244994484,0.1252691116241486,-0.1638906167773797,0.0021747350480896452,0.037691638922580026,-0.02145853412284002,0.0011274022834437314,-0.012992363048852285,0.0016468504479620581,-5.189622434525925e-05
50,1,433,25.1895694732666,1.0010029768796542,0.21010957770280245,0.12526928704728676,-0.16389063581397711,0.002174736447056623,0.03769233696764923,-0.02145864417555263,0.0011274063354059526,-0.012992372168746944,0.00164685114298992,-5.189622758820596e-05
50,1,434,25.1895694732666,1.001002919521702,0.2101097984662624,0.1252694374099766,-0.16389065485057452,0.002174737846023601,0.0376929823300717,-0.021458750226348414,0.0011274099952427977,-0.012992379768659159,0.0016468514408590038,-5.1896217859365834e-05
50,1,435,25.1895694732666,1.0010028655537238,0.21010998878479414,0.12526955018199398,-0.1638906738871719,0.0021747392449905792,0.03769358291224445,-0.021458846272352144,0.0011274132629542665,-0.012992387368571374,0.0016468518380177819,-5.1896211373472415e-05
50,1,436,25.1895694732666,1.0010028187768119,0.21011015744856928,0.12526963789356307,-0.16389069292376932,0.002174740643957557,0.037694146616564485,-0.02145893031260541,0.0011274160078319003,-0.012992393448501147,0.0016468519373074764,-5.189619515873887e-05
50,1,437,25.1895694732666,1.001002776631697,0.21011031088966522,0.12526971307490797,-0.16389071196036673,0.0021747418874837597,0.03769466817476714,-0.02145900634902503,0.0011274180991672402,-0.012992396488466033,0.0016468519373074764,-5.189617570105862e-05
50,1,438,25.1895694732666,1.0010027341974062,0.21011044428856868,0.1252697631958046,-0.1638907309969641,0.0021747428201284117,0.037695160757514085,-0.021459078383527827,0.0011274203212110392,-0.012992401048413363,0.0016468521358868656,-5.189616272927179e-05
50,1,439,25.1895694732666,1.00100268883149,0.21011056369423167,0.12526980078647706,-0.16389075003356152,0.0021747434418915128,0.03769561646240832,-0.021459150418030627,0.001127422412546379,-0.012992407128343134,0.0016468522351765602,-5.189614975748495e-05
50,1,440,25.1895694732666,1.001002648537137,0.2101106699592574,0.12526982584692536,-0.16389076907015893,0.0021747437527730633,0.037696040557714514,-0.02145921444869978,0.0011274242424648016,-0.012992413208272907,0.0016468525330456437,-5.189614002864483e-05
50,1,441,25.1895694732666,1.0010026052018728,0.210110771029422,0.12526985090737366,-0.16389078810675634,0.0021747437527730633,0.037696435677565004,-0.021459280480327345,0.0011274264645086004,-0.012992419288202679,0.001646852930204422,-5.189613678569812e-05
50,1,442,25.1895694732666,1.0010025651834804,0.21011085990514292,0.12526986343759783,-0.16389080714335372,0.0021747432864507375,0.03769680445609213,-0.021459340509079678,0.001127428817260858,-0.012992425368132452,0.0016468534266528949,-5.1896146514538246e-05
50,1,443,25.1895694732666,1.0010025224183534,0.21011094500071875,0.125269875967822,-0.16389082617995113,0.002174742664687636,0.03769715216156057,-0.02145940253879042,0.0011274310393046567,-0.012992431448062225,0.001646854022391062,-5.189615300043166e-05
50,1,444,25.1895694732666,1.0010024847612315,0.21011101714252375,0.125269875967822,-0.16389084521654854,0.0021747418874837597,0.0376974708915733,-0.02145945656466752,0.0011274331306399968,-0.012992432968044667,0.0016468543202601458,-5.189615948632508e-05
50,1,445,25.1895694732666,1.0010024521752385,0.21011108550023502,0.125269875967822,-0.16389086425314592,0.002174741265720658,0.037697768548527334,-0.021459504587669383,0.0011274348298499605,-0.01299243448802711,0.0016468544195498403,-5.189616272927179e-05
50,1,446,25.1895694732666,1.0010024130276618,0.21011115055440563,0.125269875967822,-0.16389088328974333,0.002174740643957557,0.03769804776655502,-0.02145955861354648,0.0011274370518937593,-0.012992436008009554,0.0016468547174189239,-5.18961692151652e-05
50,1,447,25.1895694732666,1.0010023829457995,0.21011121220420198,0.125269875967822,-0.16389090232634074,0.0021747400221944556,0.03769830854565634,-0.021459602634631526,0.0011274394046460168,-0.012992436008009554,0.0016468546181292293,-5.189617894400533e-05
50,1,448,25.1895694732666,1.0010023484531532,0.21011127149143188,0.125269875967822,-0.16389092136293815,0.0021747395558721298,0.03769855615409598,-0.02145965065763339,0.0011274413652728982,-0.012992436008009554,0.0016468548167086186,-5.189619191579216e-05
50,1,449,25.1895694732666,1.0010023173716027,0.21011132841807817,0.125269875967822,-0.16389094039953553,0.0021747394004313545,0.03769879059187394,-0.021459694678718434,0.0011274434566082383,-0.012992436008009554,0.0016468552138673967,-5.1896208130525705e-05
50,1,450,25.1895694732666,1.0010022908133214,0.21011136964479601,0.125269875967822,-0.16389094039953553,0.0021747395558721298,0.037699019761387224,-0.021459730695969834,0.0011274455479435782,-0.012992437527991996,0.001646855611026175,-5.1896234074099377e-05
50,1,451,25.1895694732666,1.0010022637513998,0.21011140851164808,0.125269875967822,-0.16389094039953553,0.002174740177635231,0.03769923576023883,-0.02145976671322123,0.001127447769987377,-0.01299243904797444,0.0016468563060540369,-5.189626974651317e-05
50,1,452,25.1895694732666,1.0010022455625338,0.21011145238843254,0.12526988849804613,-0.16389094039953553,0.0021747409548391076,0.03769943858842875,-0.021459794726638986,0.0011274497306142583,-0.01299243904797444,0.001646856703212815,-5.189629569008684e-05
50,1,453,25.1895694732666,1.0010022326232157,0.21011149333117077,0.1252699010282703,-0.16389094039953553,0.0021747418874837597,0.03769962561182465,-0.02145981673718151,0.0011274512991157634,-0.012992437527991996,0.0016468568025025095,-5.1896315147767094e-05
50,1,454,25.1895694732666,1.0010022290529403,0.2101115322882856,0.12526991355849446,-0.16389094039953553,0.0021747425092468607,0.037699802098691206,-0.021459828742931973,0.0011274523447834333,-0.01299243448802711,0.0016468571003715933,-5.189633460544734e-05
50,1,455,25.1895694732666,1.0010022323756067,0.2101115667954094,0.1252699260887186,-0.16389094039953553,0.002174742975569187,0.03769995487836673,-0.021459832744848795,0.001127453129034186,-0.012992428408097337,0.001646856504633426,-5.1896331362500636e-05
50,1,456,25.189571380615234,1.0010022366741036,0.21011160593833858,0.12526995114916692,-0.16389094039953553,0.0021747432864507375,0.037700091853248234,-0.021459836746765618,0.001127453651868021,-0.012992422328167566,0.0016468562067643421,-5.1896331362500636e-05
50,1,457,25.189571380615234,1.0010022442945659,0.21011164224332612,0.12526997620961522,-0.16389094039953553,0.0021747432864507375,0.03770021302333572,-0.021459836746765618,0.0011274539132849384,-0.012992416248237793,0.001646855809605564,-5.1896331362500636e-05
50,1,458,25.189571380615234,1.0010022566808994,0.21011168261572213,0.12527001380028768,-0.16389094039953553,0.0021747432864507375,0.037700315754496845,-0.021459832744848795,0.0011274541747018558,-0.012992408648325578,0.0016468553131570912,-5.1896331362500636e-05
50,1,459,25.189571380615234,1.0010022686135909,0.21011172081370907,0.12527005139096015,-0.16389094039953553,0.0021747431310099622,0.037700405314996285,-0.021459828742931973,0.0011274544361187734,-0.012992404088378248,0.0016468549159983131,-5.189633460544734e-05
50,1,460,25.1895694732666,1.0010022778766825,0.2101117556122728,0.12527008898163258,-0.16389094039953553,0.002174742975569187,0.037700476436569375,-0.021459826741973564,0.0011274548282441497,-0.012992398008448475,0.0016468548167086186,-5.189633784839405e-05
50,1,461,25.1895694732666,1.0010022925476827,0.21011178823125456,0.12527012657230505,-0.16389094039953553,0.002174742975569187,0.037700534387480784,-0.02145981873813992,0.0011274546975356908,-0.01299239496848359,0.0016468545188395348,-5.189634109134076e-05
50,1,462,25.1895694732666,1.001002304846377,0.2101118188671656,0.1252701641629775,-0.16389094039953553,0.002174742975569187,0.037700581801862844,-0.021459812735264688,0.0011274546975356908,-0.01299239040853626,0.0016468543202601458,-5.189635082018089e-05
50,1,463,25.1895694732666,1.0010023167683098,0.2101118477081289,0.12527020175364997,-0.16389094039953553,0.002174742975569187,0.03770061867971555,-0.021459806732389453,0.0011274545668272322,-0.012992387368571374,0.0016468544195498403,-5.18963573060743e-05
50,1,464,25.1895694732666,1.0010023226830036,0.21011187588655816,0.12527023934432244,-0.16389094039953553,0.002174742975569187,0.03770065028930359,-0.021459806732389453,0.0011274544361187734,-0.012992388888553818,0.0016468546181292293,-5.189637676375455e-05
50,1,465,25.1895694732666,1.0010023246744348,0.2101118947061329,0.12527026440477074,-0.16389094039953553,0.0021747431310099622,0.037700671362362284,-0.021459808733347865,0.0011274543054103146,-0.01299239040853626,0.0016468551145777022,-5.1896396221434805e-05
50,1,466,25.1895694732666,1.001002332332543,0.21011191257893824,0.12527028946521906,-0.16389094039953553,0.0021747434418915128,0.037700687167156306,-0.021459804731431043,0.0011274540439933972,-0.012992391928518704,0.0016468555117364803,-5.189641243616835e-05
50,1,467,25.1895694732666,1.001002341549104,0.21011192855749877,0.12527031452566736,-0.16389094039953553,0.0021747437527730633,0.03770069243542098,-0.021459798728555808,0.0011274533904511034,-0.012992393448501147,0.0016468557103158695,-5.1896422165008476e-05
50,1,468,25.1895694732666,1.0010023526527168,0.210111934888375,0.12527032705589153,-0.16389094039953553,0.0021747440636546143,0.037700687167156306,-0.021459788723763754,0.001127452475491892,-0.01299239040853626,0.0016468555117364803,-5.1896415679115057e-05
50,1,469,25.1895694732666,1.0010023694483026,0.2101119403666237,0.12527033958611566,-0.16389094039953553,0.0021747442190953896,0.03770067663062696,-0.021459772716096465,0.0011274511684073046,-0.012992388888553818,0.0016468554124467857,-5.189641243616835e-05
50,1,470,25.1895694732666,1.001002384357965,0.21011193686007223,0.12527033958611566,-0.16389094039953553,0.002174744374536165,0.037700658191700605,-0.021459756708429176,0.0011274497306142583,-0.01299238584858893,0.0016468551145777022,-5.1896402707328224e-05
50,1,471,25.1895694732666,1.001002401050515,0.2101119325021418,0.12527033958611566,-0.16389094039953553,0.0021747442190953896,0.037700634484509575,-0.021459738699803478,0.0011274484235296708,-0.012992384328606488,0.0016468547174189239,-5.189638649259468e-05
50,1,472,25.1895694732666,1.0010024118975693,0.21011192823905958,0.12527033958611566,-0.16389094039953553,0.0021747439082138386,0.037700610777318545,-0.02145972669405301,0.0011274469857366245,-0.012992384328606488,0.0016468545188395348,-5.189637676375455e-05
50,1,473,25.1895694732666,1.001002426441672,0.21011192293818245,0.12527033958611566,-0.16389094039953553,0.0021747434418915128,0.037700581801862844,-0.021459710686385722,0.001127445678652037,-0.012992382808624045,0.0016468544195498403,-5.189637352080784e-05
50,1,474,25.1895694732666,1.001002431245402,0.2101119178274672,0.12527033958611566,-0.16389094039953553,0.002174742975569187,0.037700552826407135,-0.02145970468351049,0.001127444632984367,-0.012992384328606488,0.0016468544195498403,-5.189636703491443e-05
50,1,475,25.1895694732666,1.001002437903672,0.21011191224629505,0.12527033958611566,-0.16389094039953553,0.002174742664687636,0.0377005212168191,-0.021459696679676846,0.0011274438487336145,-0.01299238584858893,0.0016468545188395348,-5.189637027786114e-05
50,1,476,25.1895694732666,1.0010024349915678,0.2101118983462499,0.12527032705589153,-0.16389094039953553,0.0021747423538060855,0.03770048433896639,-0.021459696679676846,0.0011274431951913207,-0.012992388888553818,0.0016468549159983131,-5.189637676375455e-05
50,1,477,25.1895694732666,1.0010024260100747,0.2101118835007701,0.12527031452566736,-0.16389094039953553,0.00217474219836531,0.037700442192849,-0.021459702682552078,0.0011274428030659445,-0.012992391928518704,0.0016468551145777022,-5.189638000670126e-05
50,1,478,25.1895694732666,1.0010024226960457,0.21011186771227092,0.1252703019954432,-0.16389094039953553,0.00217474219836531,0.03770039477846694,-0.021459702682552078,0.001127442541649027,-0.01299239496848359,0.0016468555117364803,-5.189638324964797e-05
50,1,479,25.1895694732666,1.0010024179098764,0.21011184492347448,0.1252702769349949,-0.16389094039953553,0.0021747423538060855,0.03770034999821722,-0.021459702682552078,0.0011274422802321094,-0.012992398008448475,0.001646855611026175,-5.189638649259468e-05
50,1,480,25.1895694732666,1.0010024110459474,0.21011182156805663,0.1252702518745466,-0.16389094039953553,0.002174742664687636,0.03770030258383516,-0.02145970468351049,0.001127442018815192,-0.012992399528430919,0.0016468557103158695,-5.189638649259468e-05
50,1,481,25.1895694732666,1.0010024059595541,0.2101117973621344,0.12527022681409827,-0.16389094039953553,0.002174742975569187,0.03770024990118843,-0.02145970468351049,0.0011274417573982744,-0.012992402568395804,0.0016468559088952586,-5.189638324964797e-05
50,1,482,25.1895694732666,1.0010024044279646,0.21011177145392407,0.12527020175364997,-0.16389094039953553,0.0021747432864507375,0.03770018931614469,-0.02145970068159367,0.0011274416266898158,-0.012992401048413363,0.0016468557103158695,-5.189637352080784e-05
50,1,483,25.1895694732666,1.001002404872018,0.21011174563901874,0.12527017669320167,-0.16389094039953553,0.002174743597332288,0.03770012873110094,-0.021459694678718434,0.0011274413652728982,-0.012992401048413363,0.0016468555117364803,-5.189636379196772e-05
50,1,484,25.1895694732666,1.00100240492185,0.2101117179327948,0.12527015163275337,-0.16389094039953553,0.0021747437527730633,0.037700057609527854,-0.021459688675843202,0.0011274411038559807,-0.012992401048413363,0.0016468552138673967,-5.189634433428747e-05
50,1,485,25.1895694732666,1.0010024048643993,0.21011169902121057,0.1252701391025292,-0.16389094039953553,0.0021747437527730633,0.03769999439035178,-0.02145968467392638,0.0011274407117306045,-0.012992399528430919,0.0016468550152880076,-5.189633784839405e-05
50,1,486,25.1895694732666,1.0010024140039386,0.21011168663646074,0.1252701391025292,-0.16389094039953553,0.002174743597332288,0.037699925902911026,-0.021459672668175913,0.001127440450313687,-0.012992398008448475,0.0016468549159983131,-5.1896328119553926e-05
50,1,487,25.1895694732666,1.001002421110388,0.21011167387152963,0.1252701391025292,-0.16389094039953553,0.0021747432864507375,0.03769985478133794,-0.021459662663383856,0.0011274401888967695,-0.012992398008448475,0.0016468546181292293,-5.189632163366051e-05
50,1,488,25.1895694732666,1.0010024300571907,0.21011166054217903,0.1252701391025292,-0.16389094039953553,0.0021747428201284117,0.03769978102563251,-0.02145965065763339,0.0011274401888967695,-0.012992396488466033,0.0016468544195498403,-5.18963183907138e-05
50,1,489,25.1895694732666,1.0010024309511585,0.21011165544266497,0.12527015163275337,-0.16389094039953553,0.0021747423538060855,0.03769970990405942,-0.02145964865667498,0.001127440319605228,-0.012992399528430919,0.0016468547174189239,-5.1896328119553926e-05
50,1,490,25.1895694732666,1.0010024358339396,0.2101116507217409,0.1252701641629775,-0.16389094039953553,0.002174742042924535,0.03769964141661867,-0.021459642653799748,0.0011274405810221457,-0.012992401048413363,0.0016468549159983131,-5.1896328119553926e-05
50,1,491,25.1895694732666,1.0010024446058712,0.21011164590459358,0.12527017669320167,-0.16389094039953553,0.0021747418874837597,0.037699572929177916,-0.02145963264900769,0.0011274407117306045,-0.012992401048413363,0.0016468549159983131,-5.1896331362500636e-05
50,1,492,25.1895694732666,1.001002447793169,0.2101116331456995,0.12527017669320167,-0.16389094039953553,0.002174742042924535,0.03769950180760483,-0.02145962664613246,0.001127440973147522,-0.012992401048413363,0.0016468550152880076,-5.1896331362500636e-05
50,1,493,25.1895694732666,1.001002451277452,0.21011162180168613,0.12527017669320167,-0.16389094039953553,0.00217474219836531,0.03769943858842875,-0.021459620643257224,0.0011274411038559807,-0.012992401048413363,0.0016468548167086186,-5.1896331362500636e-05
50,1,494,25.1895694732666,1.0010024511337965,0.21011160251896033,0.1252701641629775,-0.16389094039953553,0.002174742664687636,0.037699372735120334,-0.0214596166413404,0.001127441495981357,-0.012992401048413363,0.0016468550152880076,-5.189633460544734e-05
50,1,495,25.1895694732666,1.0010024551193049,0.21011158427028487,0.12527015163275337,-0.16389094039953553,0.0021747431310099622,0.03769931215007659,-0.021459608637506757,0.001127441495981357,-0.012992402568395804,0.0016468548167086186,-5.189633460544734e-05
50,1,496,25.1895694732666,1.0010024573279155,0.2101115668751519,0.1252701391025292,-0.16389094039953553,0.002174743597332288,0.03769925683329752,-0.021459602634631526,0.0011274416266898158,-0.012992402568395804,0.0016468548167086186,-5.1896331362500636e-05
50,1,497,25.1895694732666,1.0010024594596731,0.2101115491006907,0.12527012657230505,-0.16389094039953553,0.0021747439082138386,0.03769919888238612,-0.02145959663175629,0.0011274416266898158,-0.012992404088378248,0.0016468548167086186,-5.189632163366051e-05
50,1,498,25.1895694732666,1.0010024674226083,0.2101115311367866,0.1252701140420809,-0.16389094039953553,0.0021747440636546143,0.03769914093147471,-0.021459584626005827,0.001127441495981357,-0.012992402568395804,0.0016468547174189239,-5.1896311904820384e-05
50,1,499,25.1895694732666,1.0010024679009923,0.21011151477797993,0.12527010151185675,-0.16389094039953553,0.0021747440636546143,0.037699090882960314,-0.021459580624089005,0.0011274413652728982,-0.012992404088378248,0.0016468545188395348,-5.1896305418926965e-05
50,1,500,25.1895694732666,1.0010024703380733,0.21011149841855856,0.12527008898163258,-0.16389094039953553,0.0021747439082138386,0.03769904083444592,-0.02145957462121377,0.001127440973147522,-0.012992405608360692,0.0016468544195498403,-5.189629244714013e-05
50,1,501,25.1895694732666,1.0010024767895562,0.2101114825332549,0.12527007645140845,-0.16389094039953553,0.002174743597332288,0.03769899342006386,-0.021459564616421716,0.0011274407117306045,-0.012992407128343134,0.0016468544195498403,-5.18962827183e-05
50,1,502,25.1895694732666,1.0010024812848366,0.21011146664726016,0.12527006392118428,-0.16389094039953553,0.0021747432864507375,0.0376989460056818,-0.02145955661258807,0.001127440319605228,-0.012992408648325578,0.0016468544195498403,-5.189627298945988e-05
50,1,503,25.1895694732666,1.001002487429979,0.21011145860826888,0.12527006392118428,-0.16389094039953553,0.0021747428201284117,0.03769890122543208,-0.021459548608754427,0.001127439796771393,-0.012992408648325578,0.0016468542209704513,-5.189626326061975e-05
50,1,504,25.1895694732666,1.00100249768519,0.21011145151235214,0.12527006392118428,-0.16389094039953553,0.0021747423538060855,0.03769886171344703,-0.02145953660300396,0.0011274390125206406,-0.012992408648325578,0.0016468539231013675,-5.18962438029395e-05
50,1,505,25.1895694732666,1.0010025024099363,0.2101114460253323,0.12527006392118428,-0.16389094039953553,0.0021747418874837597,0.03769883010385899,-0.02145953060012873,0.001127438358978347,-0.012992411688290463,0.0016468539231013675,-5.1896237317046086e-05
50,1,506,25.1895694732666,1.0010025128834663,0.21011143996952084,0.12527006392118428,-0.16389094039953553,0.0021747414211614334,0.03769879586013861,-0.021459518594378262,0.0011274374440191357,-0.012992413208272907,0.001646853823811673,-5.1896221102312544e-05
50,1,507,25.1895694732666,1.0010025273456578,0.21011143429157275,0.12527006392118428,-0.16389094039953553,0.002174741110279883,0.037698764250550576,-0.021459502586710973,0.0011274365290599244,-0.012992413208272907,0.001646853625232284,-5.1896214616419125e-05
50,1,508,25.1895694732666,1.0010025365235955,0.21011142208973713,0.12527005139096015,-0.16389094039953553,0.0021747409548391076,0.03769873790922721,-0.021459490580960507,0.0011274357448091718,-0.012992413208272907,0.0016468535259425894,-5.1896204887578995e-05
50,1,509,25.1895694732666,1.001002543447848,0.21011140846995882,0.12527003886073598,-0.16389094039953553,0.0021747407993983323,0.03769870366550683,-0.02145948057616845,0.0011274350912668782,-0.012992413208272907,0.0016468533273632001,-5.189618867284545e-05
50,1,510,25.1895694732666,1.0010025461917191,0.21011140289107805,0.12527003886073598,-0.16389094039953553,0.002174740643957557,0.03769867205591879,-0.021459476574251627,0.0011274348298499605,-0.01299241472825535,0.0016468533273632001,-5.189618867284545e-05
50,1,511,25.1895694732666,1.0010025507924776,0.21011139683973312,0.12527003886073598,-0.16389094039953553,0.002174740488516782,0.03769863781219842,-0.021459470571376395,0.0011274343070161255,-0.012992416248237793,0.0016468535259425894,-5.189618542989875e-05
50,1,512,25.1895694732666,1.0010025557874151,0.21011139267950502,0.12527003886073598,-0.16389094039953553,0.002174740488516782,0.03769861410500739,-0.021459464568501164,0.001127434045599208,-0.012992417768220237,0.001646853625232284,-5.189618867284545e-05
50,1,513,25.1895694732666,1.0010025572774928,0.21011138114054748,0.12527002633051182,-0.16389094039953553,0.002174740488516782,0.03769859039781636,-0.02145946056658434,0.0011274333920569142,-0.012992420808185122,0.0016468537245219784,-5.189618867284545e-05
50,1,514,25.1895694732666,1.0010025586689728,0.21011136913185513,0.12527001380028768,-0.16389094039953553,0.002174740488516782,0.037698564056492995,-0.02145945656466752,0.0011274331306399968,-0.012992423848150008,0.0016468539231013675,-5.189619191579216e-05
50,1,515,25.1895694732666,1.001002560239148,0.21011135797449382,0.12527000127006352,-0.16389094039953553,0.002174740488516782,0.0376985429834343,-0.021459452562750697,0.0011274327385146206,-0.012992425368132452,0.0016468542209704513,-5.189619191579216e-05
50,1,516,25.1895694732666,1.0010025559408233,0.21011134681557755,0.12526998873983936,-0.16389094039953553,0.002174740488516782,0.03769852191037561,-0.021459454563709107,0.0011274323463892444,-0.012992426888114895,0.0016468543202601458,-5.189618867284545e-05
50,1,517,25.1895694732666,1.001002557691613,0.21011133650550196,0.12526997620961522,-0.16389094039953553,0.002174740333076006,0.037698506105581585,-0.021459450561792284,0.0011274320849723267,-0.012992426888114895,0.001646854022391062,-5.189618218695204e-05
50,1,518,25.1895694732666,1.001002561279561,0.2101113256289712,0.12526996367939106,-0.16389094039953553,0.002174740177635231,0.037698487666655234,-0.021459444558917053,0.0011274315621384917,-0.012992425368132452,0.0016468539231013675,-5.189617245811191e-05
50,1,519,25.1895694732666,1.0010025611764284,0.21011131579229744,0.12526995114916692,-0.16389094039953553,0.0021747398667536803,0.03769847449599355,-0.02145944255795864,0.0011274313007215743,-0.012992425368132452,0.0016468537245219784,-5.18961692151652e-05
50,1,520,25.1895694732666,1.0010025589987803,0.21011130539127265,0.12526993861894276,-0.16389094039953553,0.0021747395558721298,0.037698458691199525,-0.02145944255795864,0.0011274311700131155,-0.012992423848150008,0.0016468537245219784,-5.189616272927179e-05
50,1,521,25.1895694732666,1.0010025587292033,0.21011130406740497,0.12526993861894276,-0.16389094039953553,0.0021747390895498035,0.03769845078880252,-0.02145944255795864,0.0011274311700131155,-0.012992425368132452,0.0016468537245219784,-5.18961692151652e-05
50,1,522,25.1895694732666,1.001002556679478,0.21011130359478544,0.12526993861894276,-0.16389094039953553,0.002174738778668253,0.03769844815467018,-0.021459444558917053,0.0011274311700131155,-0.012992425368132452,0.0016468537245219784,-5.18961692151652e-05
50,1,523,25.1895694732666,1.0010025567052332,0.21011130369111128,0.12526993861894276,-0.16389094039953553,0.0021747384677867024,0.03769844815467018,-0.021459444558917053,0.0011274311700131155,-0.012992426888114895,0.001646854022391062,-5.189617570105862e-05
50,1,524,25.1895694732666,1.001002549606839,0.21011129783015217,0.1252699260887186,-0.16389094039953553,0.0021747384677867024,0.03769845605706719,-0.021459450561792284,0.0011274313007215743,-0.012992429928079781,0.0016468544195498403,-5.189618542989875e-05
50,1,525,25.1895694732666,1.001002546397574,0.21011129187286817,0.12526991355849446,-0.16389094039953553,0.0021747386232274777,0.037698463959464204,-0.021459452562750697,0.0011274314314300331,-0.012992431448062225,0.0016468545188395348,-5.189618867284545e-05
50,1,526,25.1895694732666,1.001002545240803,0.21011128638820648,0.1252699010282703,-0.16389094039953553,0.0021747389341090283,0.03769847449599355,-0.021459452562750697,0.0011274315621384917,-0.012992432968044667,0.0016468546181292293,-5.189619840168558e-05
50,1,527,25.1895694732666,1.0010025461390146,0.2101112813748385,0.12526988849804613,-0.16389094039953553,0.0021747392449905792,0.037698487666655234,-0.021459450561792284,0.0011274313007215743,-0.01299243448802711,0.0016468548167086186,-5.189620164463229e-05
50,1,528,25.1895694732666,1.0010025433235017,0.21011127730663726,0.125269875967822,-0.16389094039953553,0.0021747395558721298,0.037698506105581585,-0.021459452562750697,0.0011274311700131155,-0.012992436008009554,0.0016468549159983131,-5.1896211373472415e-05
50,1,529,25.1895694732666,1.0010025444007031,0.21011127314600359,0.12526986343759783,-0.16389094039953553,0.0021747398667536803,0.03769852454450794,-0.021459450561792284,0.0011274310393046567,-0.012992436008009554,0.0016468552138673967,-5.1896214616419125e-05
50,1,530,25.1895694732666,1.0010025491828598,0.21011127730419898,0.12526986343759783,-0.16389094039953553,0.0021747400221944556,0.03769854825169897,-0.021459446559875462,0.0011274307778877393,-0.01299243448802711,0.0016468552138673967,-5.1896221102312544e-05
50,1,531,25.1895694732666,1.0010025500727926,0.2101112815571632,0.12526986343759783,-0.16389094039953553,0.002174740177635231,0.03769857195889,-0.021459446559875462,0.0011274305164708219,-0.01299243448802711,0.0016468553131570912,-5.1896221102312544e-05
50,1,532,25.1895694732666,1.0010025510449372,0.2101112861886097,0.12526986343759783,-0.16389094039953553,0.002174740177635231,0.03769859830021337,-0.021459446559875462,0.0011274305164708219,-0.012992432968044667,0.0016468552138673967,-5.189622758820596e-05
50,1,533,25.1895694732666,1.0010025554221316,0.21011129772327675,0.125269875967822,-0.16389094039953553,0.002174740177635231,0.0376986220074044,-0.021459444558917053,0.0011274305164708219,-0.012992429928079781,0.0016468550152880076,-5.1896221102312544e-05
50,1,534,25.1895694732666,1.0010025598980568,0.2101113097283116,0.12526988849804613,-0.16389094039953553,0.002174740177635231,0.03769864834872776,-0.02145944255795864,0.001127430385762363,-0.012992426888114895,0.0016468546181292293,-5.1896217859365834e-05
50,1,535,25.1895694732666,1.001002562120787,0.2101113203177401,0.1252699010282703,-0.16389094039953553,0.002174740177635231,0.03769866678765412,-0.02145944255795864,0.001127430385762363,-0.012992423848150008,0.0016468544195498403,-5.1896211373472415e-05
50,1,536,25.1895694732666,1.0010025644458007,0.2101113313812757,0.12526991355849446,-0.16389094039953553,0.0021747400221944556,0.037698687860712815,-0.02145944255795864,0.0011274305164708219,-0.012992420808185122,0.0016468543202601458,-5.1896217859365834e-05
50,1,537,25.1895694732666,1.0010025648147411,0.21011134244473598,0.1252699260887186,-0.16389094039953553,0.0021747398667536803,0.03769870893377151,-0.021459444558917053,0.0011274307778877393,-0.012992417768220237,0.0016468541216807567,-5.1896221102312544e-05
50,1,538,25.1895694732666,1.0010025704654943,0.21011136003364117,0.12526995114916692,-0.16389094039953553,0.002174739711312905,0.037698724738565524,-0.02145944255795864,0.001127430908596198,-0.01299241472825535,0.001646854022391062,-5.1896221102312544e-05
50,1,539,25.1895694732666,1.0010025722243197,0.21011137771872265,0.12526997620961522,-0.16389094039953553,0.0021747395558721298,0.037698740543359546,-0.021459444558917053,0.0011274313007215743,-0.012992413208272907,0.001646854022391062,-5.1896234074099377e-05
50,1,540,25.1895694732666,1.001002574082513,0.21011139587720826,0.12527000127006352,-0.16389094039953553,0.0021747394004313545,0.037698758982285904,-0.021459446559875462,0.0011274316928469505,-0.012992411688290463,0.0016468541216807567,-5.189624704588621e-05
50,1,541,25.1895694732666,1.0010025794534025,0.2101114121459842,0.12527002633051182,-0.16389094039953553,0.0021747394004313545,0.03769876688468291,-0.021459444558917053,0.0011274320849723267,-0.012992410168308021,0.0016468543202601458,-5.189626974651317e-05
50,1,542,25.1895694732666,1.0010025853053397,0.21011142141396186,0.12527003886073598,-0.16389094039953553,0.002174739711312905,0.03769877742121226,-0.02145944055700023,0.001127431954263868,-0.012992408648325578,0.0016468545188395348,-5.18962827183e-05
50,1,543,25.1895694732666,1.0010025949672412,0.21011143020846182,0.12527005139096015,-0.16389094039953553,0.002174740177635231,0.03769878532360927,-0.021459432553166586,0.001127431954263868,-0.012992407128343134,0.0016468545188395348,-5.189629569008684e-05
50,1,544,25.1895694732666,1.001002604427999,0.2101114380578684,0.12527006392118428,-0.16389094039953553,0.0021747407993983323,0.037698787957741606,-0.02145942454933294,0.0011274316928469505,-0.012992405608360692,0.0016468547174189239,-5.1896305418926965e-05
50,1,545,25.1895694732666,1.0010026215705945,0.2101114452420785,0.12527007645140845,-0.16389094039953553,0.0021747415766022087,0.037698787957741606,-0.021459408541665653,0.0011274313007215743,-0.012992401048413363,0.0016468544195498403,-5.1896305418926965e-05
50,1,546,25.1895694732666,1.0010026386537858,0.2101114521432784,0.12527008898163258,-0.16389094039953553,0.0021747423538060855,0.03769878532360927,-0.021459392533998364,0.0011274307778877393,-0.012992399528430919,0.0016468544195498403,-5.1896308661873674e-05
50,1,547,25.1895694732666,1.00100265194702,0.2101114596132725,0.12527010151185675,-0.16389094039953553,0.002174742975569187,0.03769878532360927,-0.021459380528247897,0.0011274305164708219,-0.012992399528430919,0.0016468545188395348,-5.1896311904820384e-05
50,1,548,25.1895694732666,1.0010026654636333,0.21011146812110196,0.1252701140420809,-0.16389094039953553,0.0021747432864507375,0.03769879059187394,-0.02145936852249743,0.0011274299936369868,-0.012992401048413363,0.0016468546181292293,-5.189632163366051e-05
50,1,549,25.1895694732666,1.0010026787681032,0.21011147559187676,0.12527012657230505,-0.16389094039953553,0.0021747432864507375,0.03769879059187394,-0.021459356516746967,0.0011274297322200692,-0.012992401048413363,0.0016468548167086186,-5.1896331362500636e-05
50,1,550,25.1895694732666,1.0010026920947428,0.2101114831550825,0.1252701391025292,-0.16389094039953553,0.0021747431310099622,0.03769879059187394,-0.0214593445109965,0.0011274294708031518,-0.012992402568395804,0.0016468548167086186,-5.1896331362500636e-05
50,1,551,25.1895694732666,1.001002703716778,0.21011148258410792,0.1252701391025292,-0.16389094039953553,0.0021747428201284117,0.037698787957741606,-0.021459332505246034,0.0011274289479693167,-0.012992401048413363,0.0016468546181292293,-5.1896331362500636e-05
50,1,552,25.1895694732666,1.0010027188831636,0.21011148958000017,0.12527015163275337,-0.16389094039953553,0.0021747425092468607,0.03769878532360927,-0.021459318498537154,0.0011274285558439405,-0.012992401048413363,0.0016468546181292293,-5.1896331362500636e-05
50,1,553,25.1895694732666,1.0010027301177051,0.2101114964819037,0.1252701641629775,-0.16389094039953553,0.00217474219836531,0.037698782689476934,-0.0214593084937451,0.0011274281637185643,-0.012992399528430919,0.0016468546181292293,-5.1896331362500636e-05
50,1,554,25.1895694732666,1.0010027359116445,0.21011149610186697,0.1252701641629775,-0.16389094039953553,0.0021747418874837597,0.0376987800553446,-0.02145930249086987,0.0011274279023016467,-0.012992401048413363,0.0016468546181292293,-5.1896331362500636e-05
50,1,555,25.1895694732666,1.001002747352706,0.2101114946818941,0.1252701641629775,-0.16389094039953553,0.0021747417320429844,0.037698772152947584,-0.021459290485119402,0.0011274275101762704,-0.012992401048413363,0.0016468546181292293,-5.189633460544734e-05
50,1,556,25.1895694732666,1.0010027529259202,0.2101114932634772,0.1252701641629775,-0.16389094039953553,0.0021747415766022087,0.037698764250550576,-0.021459284482244167,0.0011274271180508942,-0.012992401048413363,0.0016468548167086186,-5.189633460544734e-05
50,1,557,25.1895694732666,1.001002758198575,0.21011149042633678,0.1252701641629775,-0.16389094039953553,0.0021747415766022087,0.037698748445756554,-0.021459278479368935,0.0011274268566339766,-0.012992401048413363,0.0016468548167086186,-5.189633460544734e-05
50,1,558,25.1895694732666,1.0010027658120455,0.2101114801164729,0.12527015163275337,-0.16389094039953553,0.0021747417320429844,0.03769873264096254,-0.021459268474576878,0.001127426203091683,-0.012992401048413363,0.0016468548167086186,-5.189633460544734e-05
50,1,559,25.1895694732666,1.0010027732271085,0.21011146886136553,0.1252701391025292,-0.16389094039953553,0.0021747418874837597,0.037698711567903845,-0.021459258469784824,0.0011274255495493891,-0.012992401048413363,0.0016468548167086186,-5.189633460544734e-05
50,1,560,25.189571380615234,1.0010027807439643,0.21011145807802675,0.12527012657230505,-0.16389094039953553,0.0021747418874837597,0.03769869312897749,-0.021459248464992767,0.001127425026715554,-0.012992401048413363,0.0016468546181292293,-5.1896331362500636e-05
50,1,561,25.1895694732666,1.0010027900214349,0.21011144635037934,0.1252701140420809,-0.16389094039953553,0.0021747417320429844,0.03769866942178646,-0.021459236459242303,0.0011274242424648016,-0.012992401048413363,0.0016468547174189239,-5.189633460544734e-05
50,1,562,25.1895694732666,1.0010028011558914,0.21011143415073755,0.12527010151185675,-0.16389094039953553,0.0021747415766022087,0.03769864308046309,-0.021459222452533424,0.0011274237196309666,-0.012992401048413363,0.0016468547174189239,-5.189633784839405e-05
50,1,563,25.1895694732666,1.0010028084800897,0.21011142242317202,0.12527008898163258,-0.16389094039953553,0.002174741265720658,0.03769861937327206,-0.02145921244774137,0.0011274228046717553,-0.012992401048413363,0.0016468549159983131,-5.189633784839405e-05
50,1,564,25.1895694732666,1.0010028158240016,0.2101114107895241,0.12527007645140845,-0.16389094039953553,0.0021747409548391076,0.03769859566608103,-0.021459202442949313,0.0011274220204210029,-0.012992402568395804,0.0016468550152880076,-5.189634757723418e-05
50,1,565,25.1895694732666,1.0010028249258756,0.2101113982121161,0.12527006392118428,-0.16389094039953553,0.002174740643957557,0.03769856669062533,-0.021459190437198846,0.001127421366878709,-0.012992404088378248,0.0016468552138673967,-5.189635406312759e-05
50,1,566,25.1895694732666,1.0010028321453208,0.21011138601186374,0.12527005139096015,-0.16389094039953553,0.002174740643957557,0.037698540349301965,-0.021459180432406792,0.0011274205826279566,-0.012992404088378248,0.0016468553131570912,-5.189636054902101e-05
50,1,567,25.1895694732666,1.0010028413185312,0.21011137381387326,0.12527003886073598,-0.16389094039953553,0.0021747407993983323,0.0376985140079786,-0.021459168426656326,0.0011274199290856627,-0.012992404088378248,0.001646855611026175,-5.189637027786114e-05
50,1,568,25.1895694732666,1.001002848529822,0.2101113616143297,0.12527002633051182,-0.16389094039953553,0.002174741265720658,0.037698487666655234,-0.02145915842186427,0.001127419275543369,-0.012992404088378248,0.0016468557103158695,-5.189638000670126e-05
50,1,569,25.1895694732666,1.0010028610823312,0.21011135622325014,0.12527002633051182,-0.16389094039953553,0.0021747417320429844,0.037698458691199525,-0.021459144415155392,0.0011274186220010753,-0.012992401048413363,0.001646855611026175,-5.189638324964797e-05
50,1,570,25.1895694732666,1.00100286981885,0.21011135130331413,0.12527002633051182,-0.16389094039953553,0.0021747423538060855,0.03769843234987616,-0.02145913441036334,0.0011274178377503228,-0.012992398008448475,0.0016468554124467857,-5.189638649259468e-05
50,1,571,25.1895694732666,1.0010028845454055,0.2101113469507669,0.12527002633051182,-0.16389094039953553,0.0021747428201284117,0.03769840864268513,-0.02145911840269605,0.0011274170534995704,-0.012992396488466033,0.0016468553131570912,-5.189638649259468e-05
50,1,572,25.1895694732666,1.0010028931012884,0.21011135044965212,0.12527003886073598,-0.16389094039953553,0.002174742975569187,0.037698387569626436,-0.021459110398862405,0.0011274165306657353,-0.012992393448501147,0.0016468553131570912,-5.1896392978488095e-05
50,1,573,25.1895694732666,1.0010029037940376,0.21011135479675092,0.12527005139096015,-0.16389094039953553,0.002174742975569187,0.03769837176483242,-0.02145910039407035,0.0011274158771234415,-0.012992388888553818,0.0016468550152880076,-5.1896396221434805e-05
50,1,574,25.1895694732666,1.00100291805627,0.21011136680408296,0.12527007645140845,-0.16389094039953553,0.002174742664687636,0.0376983559600384,-0.021459088388319884,0.001127415092872689,-0.012992387368571374,0.0016468550152880076,-5.1896399464381514e-05
50,1,575,25.1895694732666,1.0010029286078568,0.21011137975806046,0.12527010151185675,-0.16389094039953553,0.00217474219836531,0.037698345423509055,-0.02145908038448624,0.001127414570038854,-0.01299238584858893,0.0016468550152880076,-5.1896415679115057e-05
50,1,576,25.1895694732666,1.0010029353277343,0.21011139309510737,0.12527012657230505,-0.16389094039953553,0.0021747417320429844,0.03769833752111204,-0.021459076382569418,0.0011274144393303952,-0.012992382808624045,0.0016468553131570912,-5.189642865090189e-05
50,1,577,25.1895694732666,1.0010029403067415,0.21011140747052728,0.12527015163275337,-0.16389094039953553,0.0021747414211614334,0.037698334886979705,-0.021459074381611005,0.0011274144393303952,-0.012992381288641601,0.0016468554124467857,-5.189644486563543e-05
50,1,578,25.1895694732666,1.0010029452005913,0.21011142146661843,0.12527017669320167,-0.16389094039953553,0.0021747414211614334,0.03769832961871503,-0.021459072380652595,0.0011274143086219366,-0.012992381288641601,0.0016468555117364803,-5.189645783742227e-05
50,1,579,25.1895694732666,1.0010029505561842,0.2101114283699367,0.12527018922342584,-0.16389094039953553,0.0021747417320429844,0.0376983269845827,-0.021459068378735773,0.0011274141779134778,-0.012992379768659159,0.0016468555117364803,-5.189646756626239e-05
50,1,580,25.1895694732666,1.0010029540523333,0.2101114357467283,0.12527020175364997,-0.16389094039953553,0.00217474219836531,0.0376983269845827,-0.021459066377777364,0.0011274139164965601,-0.012992378248676715,0.0016468557103158695,-5.189647729510252e-05
50,1,581,25.1895694732666,1.0010029598866443,0.21011143565133727,0.12527020175364997,-0.16389094039953553,0.002174742975569187,0.0376983269845827,-0.02145906037490213,0.0011274136550796427,-0.012992376728694272,0.0016468557103158695,-5.189648053804923e-05
50,1,582,25.1895694732666,1.001002958234247,0.21011143716396027,0.12527020175364997,-0.16389094039953553,0.0021747437527730633,0.037698334886979705,-0.02145906237586054,0.0011274136550796427,-0.012992378248676715,0.001646855809605564,-5.1896490266889354e-05
50,1,583,25.1895694732666,1.0010029625497012,0.21011143915146005,0.12527020175364997,-0.16389094039953553,0.00217474452997694,0.037698345423509055,-0.02145905837394372,0.0011274137857881015,-0.012992379768659159,0.0016468561074746476,-5.189650323867619e-05
50,1,584,25.1895694732666,1.0010029614866247,0.21011143413955055,0.12527018922342584,-0.16389094039953553,0.002174745151740041,0.037698358594170735,-0.02145905837394372,0.0011274136550796427,-0.012992381288641601,0.0016468564053437314,-5.1896512967516316e-05
50,1,585,25.1895694732666,1.0010029703848093,0.21011142997663057,0.12527017669320167,-0.16389094039953553,0.0021747456180623674,0.03769837703309709,-0.021459048369151662,0.0011274133936627253,-0.012992381288641601,0.001646856504633426,-5.1896516210463026e-05
50,1,586,25.1895694732666,1.001002976766138,0.21011143243456687,0.12527017669320167,-0.16389094039953553,0.0021747457735031427,0.03769839020375878,-0.02145904236627643,0.0011274132629542665,-0.012992382808624045,0.001646856703212815,-5.1896516210463026e-05
50,1,587,25.1895694732666,1.0010029891623486,0.2101114355518828,0.12527017669320167,-0.16389094039953553,0.002174745462621592,0.03769840864268513,-0.021459030360525964,0.0011274131322458077,-0.012992379768659159,0.0016468564053437314,-5.1896516210463026e-05
50,1,588,25.189571380615234,1.0010029975898087,0.21011143838619376,0.12527017669320167,-0.16389094039953553,0.002174744996299266,0.03769842444747915,-0.02145902235669232,0.0011274128708288903,-0.012992379768659159,0.0016468564053437314,-5.189651945340973e-05
50,1,589,25.189571380615234,1.0010030100119218,0.2101114416005386,0.12527017669320167,-0.16389094039953553,0.002174744374536165,0.03769844288640551,-0.021459010350941853,0.0011274128708288903,-0.012992378248676715,0.0016468564053437314,-5.189652269635644e-05
50,1,590,25.189571380615234,1.0010030264271677,0.21011144518767302,0.12527017669320167,-0.16389094039953553,0.002174743597332288,0.037698463959464204,-0.021458994343274564,0.0011274122172865964,-0.01299237520871183,0.0016468561074746476,-5.189652269635644e-05
50,1,591,25.189571380615234,1.001003042641697,0.2101114478317513,0.12527017669320167,-0.16389094039953553,0.002174742975569187,0.03769847976425822,-0.021458978335607275,0.0011274118251612202,-0.012992372168746944,0.0016468559088952586,-5.189652269635644e-05
50,1,592,25.189571380615234,1.0010030575010627,0.2101114440459949,0.1252701641629775,-0.16389094039953553,0.002174742664687636,0.03769850083731691,-0.021458962327939986,0.001127411433035844,-0.0129923706487645,0.0016468559088952586,-5.189652918224986e-05
50,1,593,25.189571380615234,1.0010030703022519,0.2101114397869191,0.12527015163275337,-0.16389094039953553,0.0021747425092468607,0.03769851927624327,-0.02145894832123111,0.001127410910202009,-0.012992369128782056,0.0016468559088952586,-5.189653242519657e-05
50,1,594,25.189571380615234,1.0010030851533145,0.21011143600116888,0.1252701391025292,-0.16389094039953553,0.002174742664687636,0.037698540349301965,-0.02145893231356382,0.0011274105180766327,-0.012992367608799614,0.0016468559088952586,-5.189654215403669e-05
50,1,595,25.1895694732666,1.0010030958910872,0.21011143127018023,0.12527012657230505,-0.16389094039953553,0.002174742975569187,0.03769855615409598,-0.021458920307813354,0.0011274101259512565,-0.01299236608881717,0.0016468559088952586,-5.189655188287682e-05
50,1,596,25.189571380615234,1.001003108296006,0.21011143448173225,0.12527012657230505,-0.16389094039953553,0.0021747432864507375,0.03769857459302234,-0.021458908302062887,0.0011274096031174215,-0.012992364568834727,0.0016468559088952586,-5.189655836877023e-05
50,1,597,25.1895694732666,1.0010031226375498,0.2101114376007003,0.12527012657230505,-0.16389094039953553,0.002174743597332288,0.037698593031948696,-0.02145889429535401,0.0011274093417005038,-0.012992361528869841,0.0016468559088952586,-5.189656809761036e-05
50,1,598,25.189571380615234,1.001003129095115,0.21011144043502675,0.12527012657230505,-0.16389094039953553,0.0021747439082138386,0.03769860883674272,-0.02145888829247878,0.0011274090802835864,-0.012992361528869841,0.0016468559088952586,-5.1896577826450485e-05
50,1,599,25.189571380615234,1.0010031336600693,0.21011144355843736,0.12527012657230505,-0.16389094039953553,0.0021747440636546143,0.03769862727566907,-0.021458884290561957,0.0011274092109920452,-0.012992358488904955,0.0016468562067643421,-5.1896590798237324e-05
50,1,600,25.189571380615234,1.0010031379691475,0.21011144544962793,0.12527012657230505,-0.16389094039953553,0.0021747440636546143,0.03769863781219842,-0.021458880288645135,0.0011274093417005038,-0.012992358488904955,0.0016468562067643421,-5.1896603770024156e-05
50,1,601,25.189571380615234,1.001003143806859,0.21011145462346048,0.1252701391025292,-0.16389094039953553,0.0021747440636546143,0.03769864834872776,-0.021458876286728313,0.0011274094724089626,-0.012992355448940068,0.0016468562067643421,-5.189661349886428e-05
50,1,602,25.189571380615234,1.0010031456529795,0.21011146341866113,0.12527015163275337,-0.16389094039953553,0.0021747440636546143,0.03769865625112478,-0.021458876286728313,0.0011274096031174215,-0.012992353928957626,0.0016468562067643421,-5.189662322770441e-05
50,1,603,25.1895694732666,1.0010031493590328,0.21011147174271938,0.1252701641629775,-0.16389094039953553,0.0021747439082138386,0.03769866151938945,-0.0214588742857699,0.0011274098645343389,-0.012992352408975182,0.0016468563060540369,-5.189662971359782e-05
50,1,604,25.1895694732666,1.0010031506216939,0.21011148706400096,0.12527018922342584,-0.16389094039953553,0.0021747437527730633,0.037698664153521785,-0.021458876286728313,0.0011274101259512565,-0.01299235088899274,0.0016468563060540369,-5.189663944243795e-05
50,1,605,25.1895694732666,1.0010031502172083,0.210111494442741,0.12527020175364997,-0.16389094039953553,0.002174743597332288,0.037698664153521785,-0.021458878287686722,0.0011274105180766327,-0.012992349369010297,0.0016468563060540369,-5.189664917127807e-05
50,1,606,25.1895694732666,1.0010031496735883,0.2101115011586219,0.12527021428387414,-0.16389094039953553,0.0021747434418915128,0.03769866151938945,-0.021458880288645135,0.0011274107794935501,-0.012992344809062967,0.0016468561074746476,-5.189664917127807e-05
50,1,607,25.1895694732666,1.0010031492720184,0.21011150853806435,0.12527022681409827,-0.16389094039953553,0.0021747431310099622,0.03769866151938945,-0.021458882289603545,0.0011274113023273852,-0.012992343289080523,0.0016468561074746476,-5.18966589001182e-05
50,1,608,25.1895694732666,1.0010031448562136,0.21011151544418272,0.12527023934432244,-0.16389094039953553,0.002174742975569187,0.037698658885257114,-0.02145888829247878,0.0011274116944527614,-0.012992341769098081,0.0016468561074746476,-5.189666214306491e-05
50,1,609,25.1895694732666,1.0010031389687535,0.21011151535229874,0.12527023934432244,-0.16389094039953553,0.002174742975569187,0.037698658885257114,-0.02145889429535401,0.0011274120865781376,-0.012992340249115638,0.0016468561074746476,-5.189666538601162e-05
50,1,610,25.1895694732666,1.0010031330985645,0.2101115153558848,0.12527023934432244,-0.16389094039953553,0.0021747431310099622,0.037698658885257114,-0.021458900298229246,0.0011274126094119727,-0.012992340249115638,0.0016468562067643421,-5.1896675114851744e-05
50,1,611,25.1895694732666,1.0010031310211014,0.21011151479067863,0.12527023934432244,-0.16389094039953553,0.0021747432864507375,0.03769865625112478,-0.021458902299187656,0.0011274128708288903,-0.012992338729133194,0.0016468562067643421,-5.1896681600745164e-05
50,1,612,25.1895694732666,1.0010031230186487,0.21011151394160596,0.12527023934432244,-0.16389094039953553,0.0021747432864507375,0.0376986509828601,-0.0214589103030213,0.0011274131322458077,-0.012992340249115638,0.0016468563060540369,-5.189668484369187e-05
50,1,613,25.1895694732666,1.001003115603192,0.21011150657011401,0.12527022681409827,-0.16389094039953553,0.0021747432864507375,0.0376986509828601,-0.021458916305896532,0.0011274136550796427,-0.012992341769098081,0.0016468566039231204,-5.1896697815478706e-05
50,1,614,25.1895694732666,1.001003111977251,0.210111498627724,0.12527021428387414,-0.16389094039953553,0.0021747434418915128,0.03769864834872776,-0.021458918306854945,0.001127413524371184,-0.012992341769098081,0.0016468568025025095,-5.1896697815478706e-05
50,1,615,25.1895694732666,1.0010031042603358,0.21011148983322506,0.12527020175364997,-0.16389094039953553,0.002174743597332288,0.037698640446330756,-0.021458924309730176,0.001127413524371184,-0.012992343289080523,0.0016468568025025095,-5.1896697815478706e-05
50,1,616,25.1895694732666,1.0010031006342157,0.2101114818899809,0.12527018922342584,-0.16389094039953553,0.0021747437527730633,0.03769863781219842,-0.02145892631068859,0.001127413524371184,-0.012992343289080523,0.0016468568025025095,-5.1896697815478706e-05
50,1,617,25.1895694732666,1.0010030988644918,0.21011147347193485,0.12527017669320167,-0.16389094039953553,0.0021747439082138386,0.03769863254393375,-0.02145892631068859,0.0011274132629542665,-0.012992343289080523,0.001646856703212815,-5.1896697815478706e-05
50,1,618,25.1895694732666,1.0010030966901349,0.21011147243192416,0.12527017669320167,-0.16389094039953553,0.0021747439082138386,0.03769862727566907,-0.021458928311647,0.0011274132629542665,-0.012992341769098081,0.0016468566039231204,-5.1896694572531996e-05
50,1,619,25.1895694732666,1.001003098549446,0.21011147195782082,0.12527017669320167,-0.16389094039953553,0.0021747437527730633,0.037698624641536733,-0.02145892631068859,0.0011274131322458077,-0.012992341769098081,0.001646856504633426,-5.189668484369187e-05
50,1,620,25.1895694732666,1.0010030984322027,0.21011147138606814,0.12527017669320167,-0.16389094039953553,0.002174743597332288,0.0376986220074044,-0.02145892631068859,0.0011274126094119727,-0.012992340249115638,0.0016468562067643421,-5.1896675114851744e-05
50,1,621,25.1895694732666,1.0010031020121652,0.21011146977726597,0.12527017669320167,-0.16389094039953553,0.0021747432864507375,0.03769861410500739,-0.021458922308771767,0.0011274123479950552,-0.012992337209150752,0.001646856008184953,-5.1896668628958325e-05
50,1,622,25.1895694732666,1.001003102116594,0.210111470248406,0.12527017669320167,-0.16389094039953553,0.002174742975569187,0.037698616739139726,-0.021458922308771767,0.0011274122172865964,-0.012992337209150752,0.0016468559088952586,-5.189666214306491e-05
50,1,623,25.1895694732666,1.001003098326031,0.2101114708143147,0.12527017669320167,-0.16389094039953553,0.0021747428201284117,0.03769861937327206,-0.02145892631068859,0.0011274120865781376,-0.012992338729133194,0.0016468559088952586,-5.189666214306491e-05
50,1,624,25.1895694732666,1.0010030923389415,0.21011147024778154,0.12527017669320167,-0.16389094039953553,0.0021747428201284117,0.037698616739139726,-0.02145893231356382,0.001127411955869679,-0.012992337209150752,0.001646856008184953,-5.189666214306491e-05
50,1,625,25.1895694732666,1.001003086119669,0.2101114779072382,0.12527018922342584,-0.16389094039953553,0.002174742975569187,0.037698616739139726,-0.021458940317397465,0.0011274118251612202,-0.012992340249115638,0.0016468562067643421,-5.1896668628958325e-05
50,1,626,25.1895694732666,1.0010030784091442,0.21011147847532866,0.12527018922342584,-0.16389094039953553,0.0021747432864507375,0.03769861937327206,-0.02145894832123111,0.001127411955869679,-0.012992341769098081,0.0016468563060540369,-5.1896671871905034e-05
50,1,627,25.1895694732666,1.0010030706987991,0.21011147904427424,0.12527018922342584,-0.16389094039953553,0.002174743597332288,0.0376986220074044,-0.021458956325064754,0.001127411955869679,-0.012992343289080523,0.0016468566039231204,-5.1896675114851744e-05
50,1,628,25.1895694732666,1.001003063030826,0.2101114798018998,0.12527018922342584,-0.16389094039953553,0.0021747437527730633,0.037698624641536733,-0.0214589643288984,0.0011274120865781376,-0.012992347849027853,0.001646856901792204,-5.1896681600745164e-05
50,1,629,25.1895694732666,1.001003055184098,0.21011147970791094,0.12527018922342584,-0.16389094039953553,0.0021747439082138386,0.037698624641536733,-0.021458972332732043,0.0011274120865781376,-0.01299234632904541,0.001646856901792204,-5.1896681600745164e-05
50,1,630,25.1895694732666,1.001003047379595,0.2101114798018998,0.12527018922342584,-0.16389094039953553,0.0021747439082138386,0.037698624641536733,-0.021458980336565688,0.0011274120865781376,-0.012992347849027853,0.001646856901792204,-5.1896681600745164e-05
50,1,631,25.1895694732666,1.0010030456045096,0.21011148065089344,0.12527018922342584,-0.16389094039953553,0.0021747437527730633,0.037698629909801405,-0.021458982337524097,0.001127411955869679,-0.01299234632904541,0.001646856703212815,-5.1896671871905034e-05
50,1,632,25.1895694732666,1.0010030402258168,0.21011147365070929,0.12527017669320167,-0.16389094039953553,0.002174743597332288,0.03769863254393375,-0.02145898633944092,0.0011274116944527614,-0.01299234632904541,0.0016468566039231204,-5.189666214306491e-05
50,1,633,25.1895694732666,1.001003036687165,0.21011146608461667,0.1252701641629775,-0.16389094039953553,0.0021747432864507375,0.03769863254393375,-0.021458988340399332,0.0011274115637443028,-0.012992344809062967,0.001646856504633426,-5.189665241422478e-05
50,1,634,25.1895694732666,1.0010030312323868,0.2101114587087641,0.12527015163275337,-0.16389094039953553,0.002174742975569187,0.03769863254393375,-0.021458992342316154,0.0011274115637443028,-0.01299234632904541,0.0016468566039231204,-5.18966589001182e-05
50,1,635,25.1895694732666,1.0010030295678445,0.21011145076544338,0.1252701391025292,-0.16389094039953553,0.0021747428201284117,0.037698629909801405,-0.021458992342316154,0.0011274116944527614,-0.01299234632904541,0.001646856504633426,-5.189665241422478e-05
50,1,636,25.1895694732666,1.0010030219137396,0.210111442256994,0.12527012657230505,-0.16389094039953553,0.0021747428201284117,0.037698624641536733,-0.021458998345191386,0.001127411955869679,-0.012992344809062967,0.001646856504633426,-5.189665241422478e-05
50,1,637,25.1895694732666,1.00100302220203,0.21011143431149493,0.1252701140420809,-0.16389094039953553,0.0021747428201284117,0.0376986220074044,-0.021458996344232976,0.0011274118251612202,-0.012992344809062967,0.0016468563060540369,-5.189665241422478e-05
50,1,638,25.1895694732666,1.0010030166004191,0.21011142627566715,0.12527010151185675,-0.16389094039953553,0.002174742975569187,0.03769861937327206,-0.0214590003461498,0.0011274120865781376,-0.012992343289080523,0.0016468563060540369,-5.189664917127807e-05
50,1,639,25.1895694732666,1.0010030126964173,0.21011141700855177,0.12527008898163258,-0.16389094039953553,0.0021747431310099622,0.03769860883674272,-0.021459002347108208,0.0011274120865781376,-0.012992344809062967,0.0016468563060540369,-5.189664917127807e-05
50,1,640,25.1895694732666,1.0010030087527961,0.2101114075526812,0.12527007645140845,-0.16389094039953553,0.0021747432864507375,0.03769859830021337,-0.02145900434806662,0.0011274120865781376,-0.012992343289080523,0.0016468562067643421,-5.189664917127807e-05
50,1,641,25.1895694732666,1.0010030061814614,0.2101114046214087,0.12527007645140845,-0.16389094039953553,0.0021747432864507375,0.03769858249541935,-0.02145900634902503,0.0011274120865781376,-0.012992341769098081,0.001646856008184953,-5.189664592833137e-05
50,1,642,25.1895694732666,1.0010029979610366,0.21011140273388426,0.12527007645140845,-0.16389094039953553,0.0021747432864507375,0.03769857195889,-0.021459014352858675,0.0011274123479950552,-0.012992341769098081,0.0016468562067643421,-5.189664592833137e-05
50,1,643,25.1895694732666,1.0010029915973035,0.21011140037296303,0.12527007645140845,-0.16389094039953553,0.0021747432864507375,0.03769855878822832,-0.021459020355733906,0.0011274126094119727,-0.012992341769098081,0.0016468563060540369,-5.189665241422478e-05
50,1,644,25.1895694732666,1.0010029889270773,0.21011139697055412,0.12527007645140845,-0.16389094039953553,0.0021747432864507375,0.037698540349301965,-0.02145902235669232,0.0011274127401204315,-0.012992340249115638,0.0016468562067643421,-5.189665565717149e-05
50,1,645,25.1895694732666,1.0010029901688033,0.21011139356736774,0.12527007645140845,-0.16389094039953553,0.0021747432864507375,0.03769852191037561,-0.021459020355733906,0.0011274128708288903,-0.012992338729133194,0.001646856008184953,-5.189665565717149e-05
50,1,646,25.1895694732666,1.0010029896331665,0.21011139101551107,0.12527007645140845,-0.16389094039953553,0.0021747432864507375,0.03769850873971392,-0.021459020355733906,0.0011274128708288903,-0.012992335689168308,0.0016468559088952586,-5.189665565717149e-05
50,1,647,25.1895694732666,1.0010029925425128,0.21011139555712466,0.12527008898163258,-0.16389094039953553,0.0021747432864507375,0.037698492934919905,-0.021459018354775497,0.0011274130015373489,-0.012992334169185864,0.0016468559088952586,-5.189666214306491e-05
50,1,648,25.1895694732666,1.0010029992445537,0.21011139952979613,0.12527010151185675,-0.16389094039953553,0.0021747432864507375,0.03769847449599355,-0.021459012351900265,0.0011274131322458077,-0.012992331129220979,0.001646855611026175,-5.189666538601162e-05
50,1,649,25.1895694732666,1.0010030022555778,0.21011140454262955,0.1252701140420809,-0.16389094039953553,0.0021747431310099622,0.03769846132533187,-0.021459010350941853,0.0011274130015373489,-0.012992329609238537,0.001646855611026175,-5.1896668628958325e-05
50,1,650,25.1895694732666,1.0010030074243086,0.21011141050296245,0.12527012657230505,-0.16389094039953553,0.0021747428201284117,0.037698453422934854,-0.02145900634902503,0.0011274130015373489,-0.012992328089256093,0.001646855809605564,-5.1896678357798454e-05
50,1,651,25.1895694732666,1.001003012609542,0.21011141655510243,0.1252701391025292,-0.16389094039953553,0.002174742664687636,0.037698445520537846,-0.021459002347108208,0.0011274127401204315,-0.012992328089256093,0.0016468559088952586,-5.1896681600745164e-05
50,1,652,25.1895694732666,1.0010030198304394,0.21011142298649896,0.12527015163275337,-0.16389094039953553,0.0021747425092468607,0.037698440252273174,-0.021458996344232976,0.0011274127401204315,-0.01299232656927365,0.0016468559088952586,-5.1896688086638576e-05
50,1,653,25.1895694732666,1.0010030255989686,0.2101114225117782,0.12527015163275337,-0.16389094039953553,0.0021747425092468607,0.03769843761814084,-0.02145899034135774,0.0011274123479950552,-0.01299232656927365,0.0016468559088952586,-5.1896697815478706e-05
50,1,654,25.1895694732666,1.0010030297269419,0.21011142355334309,0.12527015163275337,-0.16389094039953553,0.002174742664687636,0.03769844288640551,-0.02145898633944092,0.0011274123479950552,-0.012992328089256093,0.0016468562067643421,-5.189671078726554e-05
50,1,655,25.1895694732666,1.0010030355922166,0.21011142355271945,0.12527015163275337,-0.16389094039953553,0.0021747428201284117,0.03769844288640551,-0.021458980336565688,0.0011274120865781376,-0.012992328089256093,0.0016468563060540369,-5.189671403021225e-05
50,1,656,25.1895694732666,1.0010030416563558,0.2101114244995167,0.12527015163275337,-0.16389094039953553,0.002174742975569187,0.03769844815467018,-0.021458974333690452,0.0011274120865781376,-0.012992328089256093,0.001646856504633426,-5.189672375905237e-05
50,1,657,25.1895694732666,1.0010030497779028,0.21011142591597268,0.12527015163275337,-0.16389094039953553,0.002174742975569187,0.03769845605706719,-0.021458966329856808,0.0011274118251612202,-0.012992328089256093,0.001646856504633426,-5.189672700199908e-05
50,1,658,25.1895694732666,1.0010030560231777,0.21011142771254002,0.12527015163275337,-0.16389094039953553,0.002174742975569187,0.03769846659359654,-0.021458960326981576,0.0011274116944527614,-0.01299232656927365,0.0016468566039231204,-5.18967334878925e-05
50,1,659,25.1895694732666,1.001003068039537,0.21011142903337374,0.12527015163275337,-0.16389094039953553,0.0021747428201284117,0.03769847449599355,-0.02145894832123111,0.0011274115637443028,-0.012992325049291207,0.0016468563060540369,-5.18967334878925e-05
50,1,660,25.1895694732666,1.0010030761214639,0.2101114302610734,0.12527015163275337,-0.16389094039953553,0.0021747428201284117,0.037698482398390555,-0.021458940317397465,0.0011274113023273852,-0.01299232200932632,0.0016468562067643421,-5.189673024494579e-05
50,1,661,25.1895694732666,1.0010030879455107,0.21011143999784637,0.1252701641629775,-0.16389094039953553,0.0021747428201284117,0.03769849556905224,-0.02145893031260541,0.0011274110409104678,-0.012992320489343878,0.001646856008184953,-5.189673024494579e-05
50,1,662,25.1895694732666,1.0010030975163637,0.21011144831901862,0.12527017669320167,-0.16389094039953553,0.0021747428201284117,0.03769850083731691,-0.021458922308771767,0.001127410910202009,-0.012992318969361434,0.001646856008184953,-5.189673024494579e-05
50,1,663,25.1895694732666,1.0010031033704294,0.21011145758395253,0.12527018922342584,-0.16389094039953553,0.002174742975569187,0.037698511373846263,-0.021458918306854945,0.0011274106487850915,-0.01299231744937899,0.0016468559088952586,-5.18967334878925e-05
50,1,664,25.1895694732666,1.0010031090464382,0.21011146600059583,0.12527020175364997,-0.16389094039953553,0.0021747431310099622,0.037698516642110935,-0.021458914304938122,0.0011274106487850915,-0.01299231744937899,0.001646856008184953,-5.189673997378591e-05
50,1,665,25.1895694732666,1.0010031128853376,0.2101114749839261,0.12527021428387414,-0.16389094039953553,0.0021747432864507375,0.03769852454450794,-0.02145891230397971,0.0011274105180766327,-0.012992318969361434,0.0016468562067643421,-5.189674970262604e-05
50,1,666,25.1895694732666,1.001003118462143,0.21011148292795043,0.12527022681409827,-0.16389094039953553,0.0021747434418915128,0.03769852717864028,-0.021458908302062887,0.0011274105180766327,-0.012992318969361434,0.0016468563060540369,-5.189675618851946e-05
50,1,667,25.189571380615234,1.001003120226184,0.21011149134529675,0.12527023934432244,-0.16389094039953553,0.002174743597332288,0.03769853244690495,-0.021458908302062887,0.0011274106487850915,-0.012992318969361434,0.0016468564053437314,-5.1896762674412874e-05
50,1,668,25.1895694732666,1.0010031199383531,0.21011149929298337,0.1252702518745466,-0.16389094039953553,0.002174743597332288,0.03769853508103729,-0.0214589103030213,0.0011274110409104678,-0.012992318969361434,0.001646856703212815,-5.1896772403253004e-05
50,1,669,25.1895694732666,1.0010031197719114,0.21011150780579974,0.12527026440477074,-0.16389094039953553,0.0021747434418915128,0.037698540349301965,-0.02145891230397971,0.0011274113023273852,-0.012992320489343878,0.001646856901792204,-5.1896782132093126e-05
50,1,670,25.1895694732666,1.0010031194862274,0.2101115157505274,0.1252702769349949,-0.16389094039953553,0.0021747432864507375,0.0376985429834343,-0.021458914304938122,0.001127411433035844,-0.012992320489343878,0.0016468570010818987,-5.1896788617986546e-05
50,1,671,25.1895694732666,1.0010031156571078,0.21011151613274662,0.1252702769349949,-0.16389094039953553,0.0021747431310099622,0.03769854561756664,-0.021458918306854945,0.001127411955869679,-0.012992318969361434,0.0016468571003715933,-5.189680483272009e-05
50,1,672,25.1895694732666,1.001003108130487,0.21011151755060833,0.1252702769349949,-0.16389094039953553,0.0021747431310099622,0.037698553519963644,-0.02145892631068859,0.001127411955869679,-0.012992318969361434,0.0016468571003715933,-5.18968080756668e-05
50,1,673,25.1895694732666,1.0010031084082056,0.21011151887370264,0.1252702769349949,-0.16389094039953553,0.0021747431310099622,0.03769856142236066,-0.02145892631068859,0.001127411955869679,-0.01299231744937899,0.0016468570010818987,-5.18968080756668e-05
50,1,674,25.1895694732666,1.001003107095157,0.21011151263132663,0.12527026440477074,-0.16389094039953553,0.0021747432864507375,0.037698569324757666,-0.02145892631068859,0.0011274120865781376,-0.012992314409414105,0.001646856703212815,-5.189680483272009e-05
50,1,675,25.1895694732666,1.0010031053456743,0.21011150430971215,0.1252702518745466,-0.16389094039953553,0.0021747434418915128,0.03769856669062533,-0.02145892631068859,0.0011274122172865964,-0.012992308329484333,0.0016468563060540369,-5.189679510387996e-05
50,1,676,25.1895694732666,1.0010030979265887,0.2101114969341192,0.12527023934432244,-0.16389094039953553,0.002174743597332288,0.037698569324757666,-0.02145893231356382,0.0011274123479950552,-0.01299230224955456,0.001646856008184953,-5.1896791860933256e-05
50,1,677,25.1895694732666,1.0010030925255142,0.21011148984049327,0.12527022681409827,-0.16389094039953553,0.002174743597332288,0.03769857195889,-0.021458936315480643,0.001127412478703514,-0.012992300729572116,0.0016468557103158695,-5.1896791860933256e-05
50,1,678,25.1895694732666,1.001003084860675,0.21011149059986248,0.12527022681409827,-0.16389094039953553,0.002174743597332288,0.037698577227154674,-0.021458944319314287,0.0011274128708288903,-0.01299229768960723,0.0016468557103158695,-5.189679510387996e-05
50,1,679,25.1895694732666,1.0010030734230018,0.2101114920227904,0.12527022681409827,-0.16389094039953553,0.002174743597332288,0.03769858512955169,-0.021458956325064754,0.001127413524371184,-0.01299229768960723,0.0016468559088952586,-5.189680483272009e-05
50,1,680,25.1895694732666,1.0010030617162942,0.21011150148295413,0.12527023934432244,-0.16389094039953553,0.002174743597332288,0.03769859566608103,-0.02145897033177363,0.0011274141779134778,-0.012992299209589674,0.0016468561074746476,-5.189682104745363e-05
50,1,681,25.1895694732666,1.0010030481330203,0.2101115113218281,0.1252702518745466,-0.16389094039953553,0.002174743597332288,0.03769860883674272,-0.02145898633944092,0.0011274147007473128,-0.012992299209589674,0.0016468564053437314,-5.189683726218717e-05
50,1,682,25.1895694732666,1.00100303846201,0.21011152116140452,0.12527026440477074,-0.16389094039953553,0.002174743597332288,0.0376986220074044,-0.021458998345191386,0.0011274153542896064,-0.012992299209589674,0.001646856703212815,-5.1896853476920714e-05
50,1,683,25.1895694732666,1.0010030308092464,0.2101115312840708,0.1252702769349949,-0.16389094039953553,0.0021747434418915128,0.03769863781219842,-0.021459008349983443,0.0011274160078319003,-0.012992296169624787,0.0016468568025025095,-5.1896872934600966e-05
50,1,684,25.1895694732666,1.0010030255992526,0.21011153440655,0.1252702769349949,-0.16389094039953553,0.0021747432864507375,0.03769865625112478,-0.021459014352858675,0.0011274163999572765,-0.012992293129659901,0.0016468568025025095,-5.1896879420494386e-05
50,1,685,25.1895694732666,1.001003024105277,0.21011153658160622,0.1252702769349949,-0.16389094039953553,0.002174742975569187,0.03769866942178646,-0.021459016353817084,0.0011274165306657353,-0.012992290089695015,0.001646856703212815,-5.1896885906387805e-05
50,1,686,25.1895694732666,1.0010030249439728,0.21011154055090422,0.1252702769349949,-0.16389094039953553,0.002174742664687636,0.03769869312897749,-0.021459016353817084,0.0011274165306657353,-0.012992285529747686,0.0016468564053437314,-5.189688914933451e-05
50,1,687,25.1895694732666,1.001003021867638,0.21011154451950279,0.1252702769349949,-0.16389094039953553,0.0021747425092468607,0.03769871683616852,-0.021459020355733906,0.0011274163999572765,-0.012992280969800356,0.0016468561074746476,-5.189688914933451e-05
50,1,688,25.1895694732666,1.0010030229390063,0.2101115496236631,0.1252702769349949,-0.16389094039953553,0.0021747425092468607,0.03769874581162422,-0.021459020355733906,0.0011274162692488177,-0.012992279449817913,0.0016468561074746476,-5.189689887817464e-05
50,1,689,25.1895694732666,1.001003022420425,0.210111547166251,0.12527026440477074,-0.16389094039953553,0.002174742664687636,0.03769877478707992,-0.021459020355733906,0.0011274162692488177,-0.012992276409853027,0.0016468564053437314,-5.189691184996147e-05
50,1,690,25.1895694732666,1.0010030278852344,0.21011154527093898,0.1252702518745466,-0.16389094039953553,0.002174742975569187,0.037698806396667964,-0.021459014352858675,0.0011274160078319003,-0.012992274889870583,0.0016468563060540369,-5.18969215788016e-05
50,1,691,25.1895694732666,1.0010030272137858,0.21011155141738452,0.1252702518745466,-0.16389094039953553,0.0021747432864507375,0.03769884064038834,-0.021459016353817084,0.0011274160078319003,-0.012992274889870583,0.0016468566039231204,-5.189693455058843e-05
50,1,692,25.1895694732666,1.0010030382410653,0.21011155737142012,0.1252702518745466,-0.16389094039953553,0.0021747434418915128,0.03769887488410872,-0.02145900634902503,0.001127415615706524,-0.012992271849905698,0.0016468566039231204,-5.1896947522375264e-05
50,1,693,25.1895694732666,1.001003043439808,0.21011156351429203,0.1252702518745466,-0.16389094039953553,0.002174743597332288,0.03769890912782909,-0.021459002347108208,0.001127415092872689,-0.012992271849905698,0.0016468568025025095,-5.1896957251215393e-05
50,1,694,25.1895694732666,1.0010030581297527,0.2101115775988621,0.12527026440477074,-0.16389094039953553,0.0021747437527730633,0.0376989460056818,-0.02145899034135774,0.001127414570038854,-0.012992271849905698,0.0016468568025025095,-5.1896970223002226e-05
50,1,695,25.1895694732666,1.0010030706683422,0.21011159073981833,0.1252702769349949,-0.16389094039953553,0.0021747437527730633,0.037698977615269844,-0.021458980336565688,0.0011274139164965601,-0.012992271849905698,0.0016468571003715933,-5.1896973465948936e-05
50,1,696,25.1895694732666,1.0010030852643264,0.21011160435037063,0.12527028946521906,-0.16389094039953553,0.002174743597332288,0.03769901185899022,-0.02145896833081522,0.0011274131322458077,-0.012992271849905698,0.0016468571003715933,-5.189698319478906e-05
50,1,697,25.1895694732666,1.0010031016181067,0.21011161701637482,0.1252703019954432,-0.16389094039953553,0.0021747434418915128,0.03769904083444592,-0.021458954324106345,0.001127412478703514,-0.012992271849905698,0.0016468571003715933,-5.189698319478906e-05
50,1,698,25.1895694732666,1.0010031164831255,0.2101116225896956,0.1252703019954432,-0.16389094039953553,0.0021747432864507375,0.03769907244403396,-0.021458940317397465,0.0011274116944527614,-0.012992270329923256,0.0016468571003715933,-5.189698319478906e-05
50,1,699,25.1895694732666,1.001003131271273,0.21011162778360395,0.1252703019954432,-0.16389094039953553,0.002174742975569187,0.037699101419489664,-0.02145892631068859,0.001127410910202009,-0.012992270329923256,0.0016468570010818987,-5.189698319478906e-05
50,1,700,25.1895694732666,1.0010031497308862,0.21011163184420753,0.1252703019954432,-0.16389094039953553,0.0021747428201284117,0.037699125126680694,-0.021458908302062887,0.001127410256659715,-0.012992267289958368,0.0016468568025025095,-5.189697995184235e-05
50,1,701,25.1895694732666,1.001003162066805,0.21011163467428315,0.1252703019954432,-0.16389094039953553,0.0021747425092468607,0.03769914093147471,-0.021458896296312424,0.0011274093417005038,-0.012992267289958368,0.001646856703212815,-5.1896976708895645e-05
50,1,702,25.1895694732666,1.0010031778677466,0.21011164469329344,0.12527031452566736,-0.16389094039953553,0.00217474219836531,0.037699154102136395,-0.021458882289603545,0.0011274086881582102,-0.012992270329923256,0.0016468568025025095,-5.189697995184235e-05
50,1,703,25.1895694732666,1.0010031896151592,0.21011165405177673,0.12527032705589153,-0.16389094039953553,0.002174742042924535,0.03769916463866574,-0.02145887228481149,0.0011274079039074575,-0.012992270329923256,0.0016468570010818987,-5.189697995184235e-05
50,1,704,25.1895694732666,1.0010032070519006,0.21011166255821692,0.12527033958611566,-0.16389094039953553,0.0021747418874837597,0.03769916990693042,-0.021458856277144202,0.001127407119656705,-0.012992271849905698,0.0016468571003715933,-5.189698643773577e-05
50,1,705,25.1895694732666,1.001003216486824,0.21011167021860735,0.12527035211633983,-0.16389094039953553,0.0021747417320429844,0.03769916990693042,-0.021458848273310557,0.0011274067275313289,-0.012992274889870583,0.0016468575968200659,-5.189699292362919e-05
50,1,706,25.1895694732666,1.0010032238434827,0.21011167730997152,0.12527036464656396,-0.16389094039953553,0.0021747417320429844,0.03769916727279808,-0.021458842270435326,0.0011274064661144115,-0.012992276409853027,0.0016468576961097606,-5.189700265246931e-05
50,1,707,25.1895694732666,1.0010032316245001,0.21011167711728154,0.12527036464656396,-0.16389094039953553,0.0021747418874837597,0.03769916463866574,-0.02145883426660168,0.0011274059432805764,-0.012992280969800356,0.0016468577953994551,-5.189700265246931e-05
50,1,708,25.189573287963867,1.0010032335154693,0.21011167683356413,0.12527036464656396,-0.16389094039953553,0.00217474219836531,0.0376991620045334,-0.02145883226564327,0.0011274056818636588,-0.012992284009765242,0.0016468580932685387,-5.189700913836273e-05
50,1,709,25.189573287963867,1.0010032411356395,0.21011167588776136,0.12527036464656396,-0.16389094039953553,0.0021747425092468607,0.03769915673626873,-0.021458824261809624,0.0011274052897382826,-0.012992284009765242,0.0016468582918479277,-5.189700913836273e-05
50,1,710,25.1895694732666,1.0010032468894483,0.21011166605033524,0.12527035211633983,-0.16389094039953553,0.0021747428201284117,0.03769914356560705,-0.02145881625797598,0.0011274048976129063,-0.012992284009765242,0.0016468580932685387,-5.18969994095226e-05
50,1,711,25.1895694732666,1.0010032546022465,0.21011165621368846,0.12527033958611566,-0.16389094039953553,0.002174742975569187,0.037699130394945365,-0.021458806253183926,0.0011274045054875301,-0.012992284009765242,0.0016468579939788442,-5.189698968068248e-05
50,1,712,25.189573287963867,1.0010032566309102,0.21011164722745446,0.12527032705589153,-0.16389094039953553,0.0021747428201284117,0.03769912249254836,-0.021458802251267103,0.0011274042440706125,-0.0129922824897828,0.0016468576961097606,-5.189698319478906e-05
50,1,713,25.189573287963867,1.0010032604375712,0.21011163739291444,0.12527031452566736,-0.16389094039953553,0.002174742664687636,0.03769910932188667,-0.02145879624839187,0.0011274042440706125,-0.0129922824897828,0.0016468575968200659,-5.1896976708895645e-05
50,1,714,25.1895694732666,1.0010032601164365,0.21011162651765386,0.1252703019954432,-0.16389094039953553,0.0021747423538060855,0.037699090882960314,-0.02145879424743346,0.001127404113362154,-0.012992280969800356,0.0016468573982406768,-5.1896970223002226e-05
50,1,715,25.1895694732666,1.00100326341864,0.21011162358556798,0.1252703019954432,-0.16389094039953553,0.002174742042924535,0.0376990750781663,-0.021458790245516637,0.001127404113362154,-0.012992279449817913,0.0016468571003715933,-5.18969604941621e-05
50,1,716,25.1895694732666,1.0010032605558414,0.21011161923934382,0.1252703019954432,-0.16389094039953553,0.0021747417320429844,0.03769905137097527,-0.021458792246475046,0.0011274043747790713,-0.01299227792983547,0.0016468571003715933,-5.18969604941621e-05
50,1,717,25.189573287963867,1.001003256074383,0.21011161650053528,0.1252703019954432,-0.16389094039953553,0.0021747414211614334,0.037699035566181247,-0.02145879624839187,0.001127404636195989,-0.012992279449817913,0.0016468572989509823,-5.1896966980055516e-05
50,1,718,25.1895694732666,1.0010032496145018,0.21011161366836406,0.1252703019954432,-0.16389094039953553,0.002174741265720658,0.037699019761387224,-0.021458802251267103,0.0011274051590298238,-0.012992279449817913,0.0016468573982406768,-5.1896973465948936e-05
50,1,719,25.1895694732666,1.0010032468651016,0.21011160988876157,0.1252703019954432,-0.16389094039953553,0.002174741265720658,0.03769899868832854,-0.021458804252225513,0.0011274054204467414,-0.012992279449817913,0.0016468573982406768,-5.189697995184235e-05
50,1,720,25.1895694732666,1.0010032403026432,0.2101116065810844,0.1252703019954432,-0.16389094039953553,0.002174741265720658,0.03769898024940218,-0.021458810255100748,0.0011274055511552002,-0.012992279449817913,0.0016468573982406768,-5.189698319478906e-05
50,1,721,25.189573287963867,1.0010032318836262,0.21011160374743604,0.1252703019954432,-0.16389094039953553,0.002174741265720658,0.03769896444460816,-0.021458818258934392,0.0011274059432805764,-0.012992279449817913,0.0016468573982406768,-5.189698319478906e-05
50,1,722,25.1895694732666,1.001003225299114,0.21011160034787757,0.1252703019954432,-0.16389094039953553,0.0021747414211614334,0.0376989460056818,-0.021458824261809624,0.0011274064661144115,-0.01299227792983547,0.0016468573982406768,-5.189698643773577e-05
50,1,723,25.189573287963867,1.0010032169571,0.210111597894271,0.1252703019954432,-0.16389094039953553,0.0021747415766022087,0.03769893283502012,-0.02145883226564327,0.001127407119656705,-0.012992276409853027,0.0016468573982406768,-5.189698643773577e-05
50,1,724,25.1895694732666,1.0010032084361113,0.21011159458800135,0.1252703019954432,-0.16389094039953553,0.0021747417320429844,0.03769891439609376,-0.021458840269476913,0.0011274075117820813,-0.012992276409853027,0.0016468573982406768,-5.189698643773577e-05
50,1,725,25.1895694732666,1.0010031982366232,0.2101115926040605,0.1252703019954432,-0.16389094039953553,0.0021747418874837597,0.03769890385956442,-0.021458850274268967,0.0011274079039074575,-0.012992274889870583,0.0016468571996612878,-5.189697995184235e-05
50,1,726,25.189573287963867,1.0010031861806081,0.2101115910943027,0.1252703019954432,-0.16389094039953553,0.002174742042924535,0.037698895957167404,-0.021458862280019433,0.001127408296032834,-0.012992273369888141,0.0016468571996612878,-5.189697995184235e-05
50,1,727,25.1895694732666,1.0010031728741375,0.21011158362718443,0.12527028946521906,-0.16389094039953553,0.00217474219836531,0.037698895957167404,-0.0214588742857699,0.0011274089495751276,-0.012992273369888141,0.0016468571996612878,-5.189697995184235e-05
50,1,728,25.1895694732666,1.001003159567373,0.21011157615866552,0.1252702769349949,-0.16389094039953553,0.0021747423538060855,0.037698895957167404,-0.021458886291520367,0.0011274093417005038,-0.012992273369888141,0.0016468571996612878,-5.189698643773577e-05
50,1,729,25.1895694732666,1.0010031464792353,0.21011156973171838,0.12527026440477074,-0.16389094039953553,0.0021747425092468607,0.03769890122543208,-0.021458898297270834,0.0011274097338258803,-0.012992274889870583,0.0016468574975303713,-5.189698968068248e-05
50,1,730,25.1895694732666,1.001003140923636,0.21011157124724356,0.12527026440477074,-0.16389094039953553,0.0021747428201284117,0.03769890912782909,-0.021458904300146065,0.0011274101259512565,-0.012992276409853027,0.0016468576961097606,-5.18969994095226e-05
50,1,731,25.1895694732666,1.0010031319423232,0.21011156576110743,0.1252702518745466,-0.16389094039953553,0.0021747431310099622,0.037698919664358434,-0.02145891230397971,0.0011274101259512565,-0.01299227792983547,0.0016468576961097606,-5.18969994095226e-05
50,1,732,25.1895694732666,1.0010031304991005,0.21011156821751814,0.1252702518745466,-0.16389094039953553,0.0021747432864507375,0.03769893283502012,-0.021458914304938122,0.0011274099952427977,-0.012992279449817913,0.0016468576961097606,-5.18969961665759e-05
50,1,733,25.1895694732666,1.0010031330274307,0.21011157095709704,0.1252702518745466,-0.16389094039953553,0.0021747434418915128,0.03769894863981414,-0.02145891230397971,0.0011274097338258803,-0.01299227792983547,0.0016468575968200659,-5.189698643773577e-05
50,1,734,25.1895694732666,1.0010031376335362,0.2101115742633692,0.1252702518745466,-0.16389094039953553,0.0021747434418915128,0.03769896707874049,-0.021458908302062887,0.0011274093417005038,-0.01299227792983547,0.0016468575968200659,-5.189698319478906e-05
50,1,735,25.1895694732666,1.0010031402860253,0.21011157756808574,0.1252702518745466,-0.16389094039953553,0.0021747432864507375,0.03769898551766685,-0.021458906301104478,0.0011274089495751276,-0.01299227792983547,0.0016468573982406768,-5.1896976708895645e-05
50,1,736,25.1895694732666,1.0010031449374186,0.21011158106374045,0.1252702518745466,-0.16389094039953553,0.002174742975569187,0.03769900395659321,-0.021458902299187656,0.0011274088188666688,-0.012992280969800356,0.0016468573982406768,-5.1896973465948936e-05
50,1,737,25.1895694732666,1.0010031495492406,0.21011158437087327,0.1252702518745466,-0.16389094039953553,0.002174742664687636,0.03769902239551957,-0.021458898297270834,0.001127408296032834,-0.012992280969800356,0.0016468575968200659,-5.1896973465948936e-05
50,1,738,25.189573287963867,1.0010031563349322,0.2101115887156914,0.1252702518745466,-0.16389094039953553,0.0021747423538060855,0.0376990461027106,-0.021458892294395602,0.001127407773198999,-0.0129922824897828,0.0016468575968200659,-5.1896970223002226e-05
50,1,739,25.1895694732666,1.001003159211587,0.2101115930619925,0.1252702518745466,-0.16389094039953553,0.0021747418874837597,0.03769906980990163,-0.02145889029343719,0.0011274073810736227,-0.012992284009765242,0.0016468576961097606,-5.1896970223002226e-05
50,1,740,25.1895694732666,1.0010031638432537,0.21011159646366767,0.1252702518745466,-0.16389094039953553,0.0021747415766022087,0.03769908824882798,-0.021458886291520367,0.001127407250365164,-0.012992285529747686,0.0016468576961097606,-5.1896973465948936e-05
50,1,741,25.1895694732666,1.0010031684723322,0.21011159986619873,0.1252702518745466,-0.16389094039953553,0.0021747414211614334,0.037699106687754336,-0.021458882289603545,0.0011274069889482463,-0.01299228704973013,0.0016468578946891496,-5.1896973465948936e-05
50,1,742,25.1895694732666,1.0010031770902192,0.21011160364729425,0.1252702518745466,-0.16389094039953553,0.0021747414211614334,0.03769912776081303,-0.0214588742857699,0.0011274068582397877,-0.01299228704973013,0.0016468579939788442,-5.1896976708895645e-05
50,1,743,25.1895694732666,1.0010031816964753,0.2101116069542838,0.1252702518745466,-0.16389094039953553,0.0021747414211614334,0.03769914619973939,-0.021458870283853078,0.00112740659682287,-0.01299228704973013,0.0016468579939788442,-5.1896976708895645e-05
50,1,744,25.1895694732666,1.0010031862802362,0.210111610167289,0.1252702518745466,-0.16389094039953553,0.0021747415766022087,0.03769916463866574,-0.021458866281936256,0.0011274063354059526,-0.012992285529747686,0.0016468579939788442,-5.189698643773577e-05
50,1,745,25.189573287963867,1.0010031948953566,0.2101116139483909,0.1252702518745466,-0.16389094039953553,0.0021747417320429844,0.03769918571172443,-0.02145885827810261,0.0011274062046974938,-0.012992285529747686,0.0016468580932685387,-5.189699292362919e-05
50,1,746,25.1895694732666,1.0010032013356598,0.2101116166872892,0.1252702518745466,-0.16389094039953553,0.0021747418874837597,0.037699201516518455,-0.02145885227522738,0.0011274058125721176,-0.012992284009765242,0.0016468579939788442,-5.189699292362919e-05
50,1,747,25.1895694732666,1.0010032076769213,0.21011161895433925,0.1252702518745466,-0.16389094039953553,0.002174742042924535,0.037699214687180134,-0.021458846272352144,0.0011274054204467414,-0.0129922824897828,0.0016468579939788442,-5.18969961665759e-05
50,1,748,25.1895694732666,1.0010032140210823,0.2101116212220138,0.1252702518745466,-0.16389094039953553,0.002174742042924535,0.03769922785784182,-0.021458840269476913,0.0011274052897382826,-0.012992280969800356,0.0016468578946891496,-5.18969961665759e-05
50,1,749,25.189573287963867,1.0010032219332037,0.21011163095968766,0.12527026440477074,-0.16389094039953553,0.002174742042924535,0.037699241028503507,-0.02145883426660168,0.0011274048976129063,-0.012992279449817913,0.0016468578946891496,-5.189700265246931e-05
50,1,750,25.1895694732666,1.001003227691004,0.2101116397528056,0.1252702769349949,-0.16389094039953553,0.002174742042924535,0.037699248930900514,-0.02145883026468486,0.001127404636195989,-0.01299227792983547,0.0016468578946891496,-5.189700589541602e-05
50,1,751,25.189573287963867,1.0010032310083434,0.21011165554391809,0.1252703019954432,-0.16389094039953553,0.0021747418874837597,0.037699254199165186,-0.02145883026468486,0.0011274043747790713,-0.012992276409853027,0.0016468578946891496,-5.189700913836273e-05
50,1,752,25.1895694732666,1.0010032364009693,0.21011167190305313,0.12527032705589153,-0.16389094039953553,0.0021747417320429844,0.03769926210156219,-0.021458828263726446,0.0011274043747790713,-0.012992276409853027,0.0016468578946891496,-5.189701562425615e-05
50,1,753,25.189573287963867,1.0010032378815126,0.21011168826234475,0.12527035211633983,-0.16389094039953553,0.0021747415766022087,0.03769927000395921,-0.02145883026468486,0.001127404113362154,-0.012992276409853027,0.0016468580932685387,-5.189702535309627e-05
50,1,754,25.1895694732666,1.001003243151833,0.2101117040519827,0.12527037717678813,-0.16389094039953553,0.0021747415766022087,0.03769927527222388,-0.021458828263726446,0.0011274037212367777,-0.012992274889870583,0.0016468579939788442,-5.189702535309627e-05
50,1,755,25.1895694732666,1.0010032463872407,0.21011171946594182,0.12527040223723643,-0.16389094039953553,0.0021747415766022087,0.037699277906356216,-0.021458828263726446,0.0011274035905283189,-0.012992274889870583,0.0016468580932685387,-5.189702859604298e-05
50,1,756,25.1895694732666,1.0010032442162335,0.21011172778721487,0.1252704147674606,-0.16389094039953553,0.0021747418874837597,0.03769928317462089,-0.02145883226564327,0.0011274033291114012,-0.012992273369888141,0.0016468581925582332,-5.189703183898969e-05
50,1,757,25.1895694732666,1.0010032380935328,0.21011173591992893,0.12527042729768476,-0.16389094039953553,0.00217474219836531,0.03769928580875322,-0.021458840269476913,0.00112740345981986,-0.012992276409853027,0.0016468582918479277,-5.1897038324883104e-05
50,1,758,25.1895694732666,1.0010032337880803,0.21011174339133498,0.1252704398279089,-0.16389094039953553,0.0021747425092468607,0.03769928580875322,-0.021458846272352144,0.00112740345981986,-0.012992276409853027,0.0016468583911376225,-5.1897038324883104e-05
50,1,759,25.189573287963867,1.001003225788962,0.21011175190346823,0.12527045235813306,-0.16389094039953553,0.0021747428201284117,0.0376992910770179,-0.021458856277144202,0.0011274035905283189,-0.01299227792983547,0.0016468585897170115,-5.1897041567829814e-05
50,1,760,25.189573287963867,1.0010032161251494,0.21011175247156513,0.12527045235813306,-0.16389094039953553,0.002174742975569187,0.03769929371115024,-0.021458866281936256,0.0011274037212367777,-0.012992279449817913,0.001646858689006706,-5.1897041567829814e-05
50,1,761,25.189573287963867,1.0010032064414454,0.2101117529448956,0.12527045235813306,-0.16389094039953553,0.0021747431310099622,0.037699296345282574,-0.021458876286728313,0.0011274038519452363,-0.012992279449817913,0.001646858689006706,-5.1897041567829814e-05
50,1,762,25.189573287963867,1.0010031973243716,0.21011174679879036,0.1252704398279089,-0.16389094039953553,0.0021747432864507375,0.03769930424767958,-0.021458884290561957,0.001127404113362154,-0.01299227792983547,0.0016468585897170115,-5.1897038324883104e-05
50,1,763,25.1895694732666,1.0010031940748496,0.21011174064972443,0.12527042729768476,-0.16389094039953553,0.0021747434418915128,0.03769931215007659,-0.021458886291520367,0.001127404113362154,-0.012992276409853027,0.0016468582918479277,-5.189702535309627e-05
50,1,764,25.1895694732666,1.0010031811672149,0.2101117350695357,0.1252704147674606,-0.16389094039953553,0.0021747434418915128,0.03769932268660594,-0.021458898297270834,0.0011274042440706125,-0.012992276409853027,0.0016468581925582332,-5.189701562425615e-05
50,1,765,25.1895694732666,1.0010031722933814,0.21011173005588832,0.12527040223723643,-0.16389094039953553,0.0021747432864507375,0.03769933585726762,-0.021458906301104478,0.0011274045054875301,-0.01299227792983547,0.0016468579939788442,-5.189700265246931e-05
50,1,766,25.1895694732666,1.0010031613476358,0.2101117244771055,0.1252703897070123,-0.16389094039953553,0.002174742975569187,0.03769934639379697,-0.021458916305896532,0.0011274048976129063,-0.01299227792983547,0.0016468578946891496,-5.18969961665759e-05
50,1,767,25.1895694732666,1.0010031487665667,0.21011172041316287,0.12527037717678813,-0.16389094039953553,0.0021747425092468607,0.03769936483272333,-0.021458928311647,0.0011274055511552002,-0.012992279449817913,0.0016468579939788442,-5.18969961665759e-05
50,1,768,25.1895694732666,1.0010031379203215,0.21011171530841563,0.12527036464656396,-0.16389094039953553,0.00217474219836531,0.037699378003385006,-0.021458938316439056,0.0011274062046974938,-0.012992279449817913,0.0016468578946891496,-5.189698968068248e-05
50,1,769,25.1895694732666,1.001003123162419,0.21011171020585243,0.12527035211633983,-0.16389094039953553,0.0021747418874837597,0.03769939117404669,-0.021458952323147932,0.001127407119656705,-0.012992279449817913,0.0016468578946891496,-5.189698968068248e-05
50,1,770,25.1895694732666,1.0010031103575123,0.21011170510188718,0.12527033958611566,-0.16389094039953553,0.0021747417320429844,0.03769940434470837,-0.0214589643288984,0.001127407773198999,-0.012992279449817913,0.0016468578946891496,-5.189698643773577e-05
50,1,771,25.1895694732666,1.0010030957102405,0.2101117005659459,0.12527032705589153,-0.16389094039953553,0.0021747418874837597,0.037699420149502394,-0.021458978335607275,0.0011274086881582102,-0.012992280969800356,0.0016468578946891496,-5.189698643773577e-05
50,1,772,25.1895694732666,1.0010030830982102,0.21011169640724656,0.12527031452566736,-0.16389094039953553,0.002174742042924535,0.03769943858842875,-0.02145899034135774,0.0011274093417005038,-0.012992280969800356,0.0016468578946891496,-5.189698643773577e-05
50,1,773,25.1895694732666,1.0010030720426466,0.21011169035802377,0.1252703019954432,-0.16389094039953553,0.0021747423538060855,0.03769944649082576,-0.0214590003461498,0.0011274099952427977,-0.012992280969800356,0.0016468578946891496,-5.189698319478906e-05
50,1,774,25.1895694732666,1.0010030645879424,0.21011169215806633,0.1252703019954432,-0.16389094039953553,0.0021747428201284117,0.0376994570273551,-0.021459008349983443,0.0011274106487850915,-0.012992279449817913,0.0016468578946891496,-5.189697995184235e-05
50,1,775,25.1895694732666,1.0010030591085506,0.21011169404984065,0.1252703019954432,-0.16389094039953553,0.0021747432864507375,0.03769946756388445,-0.021459014352858675,0.0011274111716189264,-0.012992279449817913,0.0016468576961097606,-5.189697995184235e-05
50,1,776,25.1895694732666,1.0010030554490115,0.21011169527952625,0.1252703019954432,-0.16389094039953553,0.002174743597332288,0.03769947546628146,-0.021459018354775497,0.0011274115637443028,-0.012992276409853027,0.0016468573982406768,-5.1896973465948936e-05
50,1,777,25.1895694732666,1.0010030457775225,0.21011170511681268,0.12527031452566736,-0.16389094039953553,0.002174743597332288,0.03769948863694315,-0.021459030360525964,0.0011274122172865964,-0.012992276409853027,0.0016468573982406768,-5.1896973465948936e-05
50,1,778,25.1895694732666,1.0010030361285145,0.2101117150480108,0.12527032705589153,-0.16389094039953553,0.0021747434418915128,0.03769950180760483,-0.02145904236627643,0.0011274130015373489,-0.01299227792983547,0.0016468572989509823,-5.1896970223002226e-05
50,1,779,25.1895694732666,1.0010030303717627,0.2101117248845981,0.12527033958611566,-0.16389094039953553,0.0021747432864507375,0.03769951497826651,-0.021459050370110075,0.001127413524371184,-0.01299227792983547,0.0016468572989509823,-5.1896970223002226e-05
50,1,780,25.1895694732666,1.0010030247910742,0.21011173557316307,0.12527035211633983,-0.16389094039953553,0.0021747432864507375,0.03769953341719287,-0.02145905837394372,0.0011274141779134778,-0.012992276409853027,0.0016468572989509823,-5.1896966980055516e-05
50,1,781,25.1895694732666,1.0010030171748503,0.21011174588308493,0.12527036464656396,-0.16389094039953553,0.0021747432864507375,0.037699549221986886,-0.021459068378735773,0.0011274148314557714,-0.012992276409853027,0.0016468572989509823,-5.18969604941621e-05
50,1,782,25.1895694732666,1.0010030055670338,0.21011175581436478,0.12527037717678813,-0.16389094039953553,0.0021747432864507375,0.03769956239264857,-0.02145908238544465,0.0011274154849980652,-0.01299227792983547,0.0016468572989509823,-5.1896957251215393e-05
50,1,783,25.1895694732666,1.001002996113688,0.21011176669091106,0.1252703897070123,-0.16389094039953553,0.0021747432864507375,0.03769958083157493,-0.021459094391195116,0.001127416138540359,-0.012992279449817913,0.0016468572989509823,-5.1896954008268684e-05
50,1,784,25.1895694732666,1.0010029884974654,0.2101117770008372,0.12527040223723643,-0.16389094039953553,0.0021747432864507375,0.037699596636368946,-0.021459104395987173,0.0011274167920826527,-0.012992279449817913,0.0016468572989509823,-5.1896947522375264e-05
50,1,785,25.1895694732666,1.0010029808016192,0.2101117869314211,0.1252704147674606,-0.16389094039953553,0.0021747432864507375,0.03769960980703063,-0.021459114400779227,0.0011274173149164878,-0.012992280969800356,0.0016468572989509823,-5.1896950765321974e-05
50,1,786,25.1895694732666,1.001002973204995,0.2101117973347153,0.12527042729768476,-0.16389094039953553,0.0021747432864507375,0.03769962561182465,-0.021459124405571284,0.001127417707041864,-0.0129922824897828,0.0016468573982406768,-5.1896950765321974e-05
50,1,787,25.1895694732666,1.0010029660157849,0.21011180036004626,0.12527042729768476,-0.16389094039953553,0.0021747432864507375,0.03769964141661867,-0.021459132409404925,0.001127417707041864,-0.012992285529747686,0.0016468575968200659,-5.1896944279428554e-05
50,1,788,25.1895694732666,1.0010029666082385,0.21011180319576928,0.12527042729768476,-0.16389094039953553,0.0021747434418915128,0.03769965722141269,-0.021459132409404925,0.0011274178377503228,-0.012992285529747686,0.0016468574975303713,-5.189694103648185e-05
50,1,789,25.1895694732666,1.0010029670214031,0.21011180517733039,0.12527042729768476,-0.16389094039953553,0.002174743597332288,0.037699667757942035,-0.021459132409404925,0.0011274175763334054,-0.01299228704973013,0.0016468572989509823,-5.189693130764172e-05
50,1,790,25.1895694732666,1.0010029717150983,0.21011179959513562,0.1252704147674606,-0.16389094039953553,0.0021747437527730633,0.037699678294471385,-0.021459126406529694,0.001127417184208029,-0.01299228704973013,0.0016468572989509823,-5.189692806469501e-05
50,1,791,25.1895694732666,1.001002976122951,0.21011180195690002,0.1252704147674606,-0.16389094039953553,0.0021747437527730633,0.037699691465133064,-0.02145912240461287,0.0011274169227911115,-0.01299228704973013,0.0016468572989509823,-5.189691833585489e-05
50,1,792,25.1895694732666,1.0010029802721994,0.21011180308663543,0.1252704147674606,-0.16389094039953553,0.0021747437527730633,0.037699696733397736,-0.02145911840269605,0.0011274162692488177,-0.012992290089695015,0.0016468572989509823,-5.189690860701476e-05
50,1,793,25.1895694732666,1.0010029903490278,0.21011180449939434,0.1252704147674606,-0.16389094039953553,0.0021747437527730633,0.03769970463579475,-0.021459108397903996,0.0011274157464149829,-0.012992290089695015,0.0016468570010818987,-5.189689563522793e-05
50,1,794,25.1895694732666,1.0010030018156084,0.2101118125331323,0.12527042729768476,-0.16389094039953553,0.0021747437527730633,0.03769970726992709,-0.021459098393111938,0.001127415092872689,-0.012992291609677459,0.0016468570010818987,-5.1896885906387805e-05
50,1,795,25.1895694732666,1.0010030092933633,0.21011182018822566,0.1252704398279089,-0.16389094039953553,0.002174743597332288,0.03769970726992709,-0.021459092390236707,0.0011274144393303952,-0.012992294649642345,0.0016468570010818987,-5.1896879420494386e-05
50,1,796,25.1895694732666,1.001003014818434,0.21011182784620192,0.12527045235813306,-0.16389094039953553,0.0021747432864507375,0.03769970726992709,-0.021459088388319884,0.0011274141779134778,-0.01299229768960723,0.0016468571003715933,-5.1896872934600966e-05
50,1,797,25.1895694732666,1.0010030184072076,0.21011183559832233,0.12527046488835722,-0.16389094039953553,0.002174742975569187,0.03769970726992709,-0.02145908638736147,0.0011274136550796427,-0.01299230224955456,0.0016468573982406768,-5.1896872934600966e-05
50,1,798,25.1895694732666,1.0010030180816873,0.21011184335324876,0.12527047741858136,-0.16389094039953553,0.0021747428201284117,0.03769970726992709,-0.021459088388319884,0.0011274136550796427,-0.01299230680950189,0.0016468576961097606,-5.1896872934600966e-05
50,1,799,25.1895694732666,1.0010030177305758,0.21011185101263005,0.12527048994880552,-0.16389094039953553,0.002174742975569187,0.03769970726992709,-0.021459090389278294,0.0011274136550796427,-0.012992309849466775,0.0016468577953994551,-5.1896869691654256e-05
50,1,800,25.1895694732666,1.0010030138497599,0.21011185120130668,0.12527048994880552,-0.16389094039953553,0.0021747434418915128,0.03769970726992709,-0.021459094391195116,0.0011274137857881015,-0.012992312889431661,0.0016468577953994551,-5.1896863205760844e-05
50,1,801,25.1895694732666,1.0010030099294873,0.21011185120200643,0.12527048994880552,-0.16389094039953553,0.0021747439082138386,0.03769970726992709,-0.021459098393111938,0.0011274139164965601,-0.012992312889431661,0.0016468577953994551,-5.1896856719867424e-05
50,1,802,25.1895694732666,1.0010030059129074,0.2101118507306966,0.12527048994880552,-0.16389094039953553,0.0021747442190953896,0.03769970463579475,-0.02145910239502876,0.0011274143086219366,-0.012992312889431661,0.0016468576961097606,-5.1896850233974005e-05
50,1,803,25.1895694732666,1.0010029944628438,0.21011184278883505,0.12527047741858136,-0.16389094039953553,0.002174744374536165,0.037699702001662415,-0.021459112399820818,0.001127414570038854,-0.012992312889431661,0.0016468576961097606,-5.189683726218717e-05
50,1,804,25.1895694732666,1.0010029889825847,0.21011183531797464,0.12527046488835722,-0.16389094039953553,0.002174744374536165,0.037699702001662415,-0.02145911640173764,0.0011274149621642302,-0.012992312889431661,0.0016468573982406768,-5.189682429040034e-05
50,1,805,25.1895694732666,1.0010029774414233,0.2101118269025481,0.12527045235813306,-0.16389094039953553,0.0021747440636546143,0.037699696733397736,-0.021459126406529694,0.0011274154849980652,-0.012992312889431661,0.0016468571003715933,-5.189681131861351e-05
50,1,806,25.1895694732666,1.0010029642452134,0.21011181990798633,0.1252704398279089,-0.16389094039953553,0.002174743597332288,0.03769969936753007,-0.02145913841228016,0.0011274162692488177,-0.012992312889431661,0.0016468570010818987,-5.189681131861351e-05
50,1,807,25.1895694732666,1.0010029509698684,0.21011181253641295,0.12527042729768476,-0.16389094039953553,0.0021747431310099622,0.03769969936753007,-0.021459150418030627,0.0011274169227911115,-0.012992314409414105,0.0016468571996612878,-5.189681131861351e-05
50,1,808,25.1895694732666,1.0010029380093652,0.21011180667797985,0.1252704147674606,-0.16389094039953553,0.0021747428201284117,0.03769970726992709,-0.021459162423781094,0.0011274180991672402,-0.01299231744937899,0.0016468571996612878,-5.189681131861351e-05
50,1,809,25.1895694732666,1.0010029210150928,0.21011180025315632,0.12527040223723643,-0.16389094039953553,0.002174742664687636,0.03769971253819176,-0.021459178431448383,0.0011274188834179929,-0.012992318969361434,0.0016468574975303713,-5.189681456156021e-05
50,1,810,25.1895694732666,1.001002906169118,0.21011179477056538,0.1252703897070123,-0.16389094039953553,0.0021747428201284117,0.0376997230747211,-0.02145919243815726,0.0011274195369602865,-0.012992320489343878,0.0016468574975303713,-5.189681456156021e-05
50,1,811,25.1895694732666,1.0010028953997092,0.2101117807788737,0.12527036464656396,-0.16389094039953553,0.0021747432864507375,0.03769972834298578,-0.021459200441990903,0.0011274201905025804,-0.012992320489343878,0.0016468575968200659,-5.189681456156021e-05
50,1,812,25.1895694732666,1.0010028827731392,0.21011176725833924,0.12527033958611566,-0.16389094039953553,0.0021747437527730633,0.03769973624538279,-0.021459210446782957,0.0011274207133364154,-0.012992320489343878,0.0016468575968200659,-5.189681456156021e-05
50,1,813,25.1895694732666,1.0010028755300289,0.21011176073431342,0.12527032705589153,-0.16389094039953553,0.0021747440636546143,0.03769974151364746,-0.021459216449658192,0.0011274211054617916,-0.012992320489343878,0.0016468574975303713,-5.189681456156021e-05
50,1,814,25.1895694732666,1.0010028625410692,0.21011175477986996,0.12527031452566736,-0.16389094039953553,0.0021747442190953896,0.03769974941604447,-0.02145922845540866,0.0011274217590040855,-0.01299232200932632,0.0016468575968200659,-5.189681131861351e-05
50,1,815,25.1895694732666,1.0010028591159619,0.210111747781105,0.1252703019954432,-0.16389094039953553,0.0021747442190953896,0.03769975205017681,-0.02145923045636707,0.0011274217590040855,-0.01299232200932632,0.0016468574975303713,-5.189680483272009e-05
50,1,816,25.1895694732666,1.0010028572646466,0.21011174825373746,0.1252703019954432,-0.16389094039953553,0.0021747439082138386,0.037699754684309146,-0.02145923245732548,0.0011274217590040855,-0.01299232200932632,0.0016468574975303713,-5.189679510387996e-05
50,1,817,25.1895694732666,1.0010028553196442,0.210111748253659,0.1252703019954432,-0.16389094039953553,0.0021747432864507375,0.037699754684309146,-0.02145923445828389,0.001127421889712544,-0.01299232200932632,0.0016468573982406768,-5.1896788617986546e-05
50,1,818,25.1895694732666,1.0010028554097044,0.21011174862996984,0.1252703019954432,-0.16389094039953553,0.002174742664687636,0.03769975731844148,-0.02145923445828389,0.001127421889712544,-0.012992320489343878,0.0016468571003715933,-5.1896785375039836e-05
50,1,819,25.1895694732666,1.0010028574732726,0.2101117491026048,0.1252703019954432,-0.16389094039953553,0.00217474219836531,0.03769975995257382,-0.02145923245732548,0.001127421889712544,-0.012992320489343878,0.0016468571003715933,-5.1896785375039836e-05
50,1,820,25.1895694732666,1.0010028590444275,0.2101117565746274,0.12527031452566736,-0.16389094039953553,0.002174742042924535,0.03769975995257382,-0.02145923245732548,0.0011274221511294617,-0.012992320489343878,0.0016468571003715933,-5.1896785375039836e-05
50,1,821,25.1895694732666,1.0010028606126673,0.21011176404594836,0.12527032705589153,-0.16389094039953553,0.002174742042924535,0.03769975995257382,-0.02145923245732548,0.0011274222818379203,-0.012992320489343878,0.0016468571003715933,-5.1896782132093126e-05
50,1,822,25.1895694732666,1.0010028642304885,0.21011177198920414,0.12527033958611566,-0.16389094039953553,0.0021747423538060855,0.037699762586706154,-0.02145923045636707,0.0011274222818379203,-0.012992320489343878,0.0016468571003715933,-5.1896782132093126e-05
50,1,823,25.1895694732666,1.0010028583740342,0.2101117720845954,0.12527033958611566,-0.16389094039953553,0.0021747428201284117,0.037699762586706154,-0.021459236459242303,0.001127422543254838,-0.01299232200932632,0.0016468571003715933,-5.1896782132093126e-05
50,1,824,25.1895694732666,1.0010028581876504,0.21011177123619806,0.12527033958611566,-0.16389094039953553,0.0021747432864507375,0.03769975731844148,-0.021459236459242303,0.0011274229353802141,-0.012992323529308764,0.0016468571996612878,-5.1896788617986546e-05
50,1,825,25.1895694732666,1.0010028521162804,0.21011177029451283,0.12527033958611566,-0.16389094039953553,0.002174743597332288,0.03769975205017681,-0.021459242462117535,0.0011274234582140492,-0.012992323529308764,0.0016468572989509823,-5.1896791860933256e-05
50,1,826,25.1895694732666,1.0010028496907966,0.21011177739022785,0.12527035211633983,-0.16389094039953553,0.0021747437527730633,0.03769974941604447,-0.021459246464034357,0.0011274237196309666,-0.012992325049291207,0.0016468575968200659,-5.189680158977338e-05
50,1,827,25.1895694732666,1.0010028509389208,0.21011178334965924,0.12527036464656396,-0.16389094039953553,0.0021747439082138386,0.03769974151364746,-0.021459246464034357,0.0011274238503394254,-0.012992323529308764,0.0016468575968200659,-5.189680483272009e-05
50,1,828,25.1895694732666,1.001002852795772,0.21011178287702462,0.12527036464656396,-0.16389094039953553,0.0021747439082138386,0.037699738879515124,-0.021459244463075948,0.0011274238503394254,-0.012992323529308764,0.0016468575968200659,-5.189680483272009e-05
50,1,829,25.1895694732666,1.0010028563903757,0.21011178136435413,0.12527036464656396,-0.16389094039953553,0.0021747439082138386,0.037699730977118116,-0.021459240461159126,0.0011274238503394254,-0.01299232200932632,0.0016468574975303713,-5.189680483272009e-05
50,1,830,25.1895694732666,1.0010028637770647,0.2101117792798416,0.12527036464656396,-0.16389094039953553,0.0021747439082138386,0.037699720440588766,-0.02145923245732548,0.0011274234582140492,-0.012992318969361434,0.0016468570010818987,-5.189679510387996e-05
50,1,831,25.1895694732666,1.0010028655197647,0.21011177823699906,0.12527036464656396,-0.16389094039953553,0.002174743597332288,0.037699715172324094,-0.02145923045636707,0.0011274229353802141,-0.01299231744937899,0.001646856901792204,-5.1896788617986546e-05
50,1,832,25.1895694732666,1.0010028691393547,0.21011177681699134,0.12527036464656396,-0.16389094039953553,0.0021747432864507375,0.03769970726992709,-0.021459226454450246,0.001127422543254838,-0.01299231744937899,0.001646856901792204,-5.1896785375039836e-05
50,1,833,25.1895694732666,1.0010028729351559,0.2101117762496673,0.12527036464656396,-0.16389094039953553,0.0021747431310099622,0.03769970463579475,-0.021459222452533424,0.001127422412546379,-0.012992315929396548,0.001646856901792204,-5.1896785375039836e-05
50,1,834,25.1895694732666,1.0010028745957575,0.21011177482888335,0.12527036464656396,-0.16389094039953553,0.002174742975569187,0.037699696733397736,-0.021459220451575015,0.0011274220204210029,-0.012992315929396548,0.0016468568025025095,-5.1896788617986546e-05
50,1,835,25.1895694732666,1.0010028765717234,0.21011177492372854,0.12527036464656396,-0.16389094039953553,0.002174742975569187,0.037699696733397736,-0.0214592184506166,0.001127421889712544,-0.01299231744937899,0.0016468570010818987,-5.189679510387996e-05
50,1,836,25.1895694732666,1.0010028763903194,0.21011177407268117,0.12527036464656396,-0.16389094039953553,0.0021747431310099622,0.037699691465133064,-0.0214592184506166,0.0011274214975871678,-0.012992318969361434,0.0016468572989509823,-5.189680158977338e-05
50,1,837,25.1895694732666,1.0010028731017773,0.21011176773772053,0.12527035211633983,-0.16389094039953553,0.0021747432864507375,0.037699696733397736,-0.021459220451575015,0.001127421366878709,-0.01299232200932632,0.0016468576961097606,-5.189682104745363e-05
50,1,838,25.1895694732666,1.00100287350413,0.21011176036202014,0.12527033958611566,-0.16389094039953553,0.002174743597332288,0.037699696733397736,-0.0214592184506166,0.0011274211054617916,-0.012992323529308764,0.0016468579939788442,-5.189682429040034e-05
50,1,839,25.1895694732666,1.0010028740872987,0.21011175383456399,0.12527032705589153,-0.16389094039953553,0.0021747437527730633,0.037699702001662415,-0.021459216449658192,0.0011274207133364154,-0.012992323529308764,0.0016468579939788442,-5.189682753334705e-05
50,1,840,25.1895694732666,1.0010028801509696,0.21011175477913113,0.12527032705589153,-0.16389094039953553,0.0021747439082138386,0.03769970726992709,-0.021459210446782957,0.0011274205826279566,-0.012992323529308764,0.0016468579939788442,-5.189682753334705e-05
50,1,841,25.1895694732666,1.0010028844602386,0.2101117566712266,0.12527032705589153,-0.16389094039953553,0.0021747439082138386,0.03769971780645643,-0.021459206444866135,0.0011274205826279566,-0.012992323529308764,0.0016468581925582332,-5.189683401924046e-05
50,1,842,25.1895694732666,1.0010028846615833,0.21011175761727532,0.12527032705589153,-0.16389094039953553,0.0021747437527730633,0.0376997230747211,-0.021459206444866135,0.0011274205826279566,-0.012992323529308764,0.0016468582918479277,-5.189684050513388e-05
50,1,843,25.1895694732666,1.0010028905121586,0.21011175752024985,0.12527032705589153,-0.16389094039953553,0.002174743597332288,0.0376997230747211,-0.021459200441990903,0.0011274204519194978,-0.01299232200932632,0.0016468579939788442,-5.189683726218717e-05
50,1,844,25.1895694732666,1.0010028906146073,0.210111757995143,0.12527032705589153,-0.16389094039953553,0.0021747434418915128,0.03769972570885344,-0.021459200441990903,0.0011274205826279566,-0.01299232200932632,0.0016468581925582332,-5.189684050513388e-05
50,1,845,25.1895694732666,1.0010028985209214,0.21011175837301233,0.12527032705589153,-0.16389094039953553,0.0021747432864507375,0.03769972834298578,-0.02145919243815726,0.0011274205826279566,-0.012992320489343878,0.0016468580932685387,-5.18968469910273e-05
50,1,846,25.1895694732666,1.0010028986233708,0.2101117588479079,0.12527032705589153,-0.16389094039953553,0.0021747431310099622,0.037699730977118116,-0.02145919243815726,0.0011274207133364154,-0.012992320489343878,0.0016468582918479277,-5.1896859962814134e-05
50,1,847,25.1895694732666,1.0010028988621889,0.21011175998567308,0.12527032705589153,-0.16389094039953553,0.0021747431310099622,0.03769973624538279,-0.02145919243815726,0.0011274209747533328,-0.012992323529308764,0.001646858689006706,-5.1896872934600966e-05
50,1,848,25.1895694732666,1.0010029012155317,0.210111761878396,0.12527032705589153,-0.16389094039953553,0.0021747431310099622,0.03769974678191213,-0.021459190437198846,0.0011274212361702504,-0.012992323529308764,0.0016468587882964006,-5.1896885906387805e-05
50,1,849,25.1895694732666,1.0010029056716376,0.2101117551642906,0.12527031452566736,-0.16389094039953553,0.0021747432864507375,0.03769975205017681,-0.021459184434323614,0.0011274212361702504,-0.012992320489343878,0.001646858689006706,-5.189688914933451e-05
50,1,850,25.1895694732666,1.0010029142379617,0.2101117493939738,0.1252703019954432,-0.16389094039953553,0.0021747434418915128,0.037699762586706154,-0.02145917442953156,0.0011274211054617916,-0.01299231744937899,0.001646858490427317,-5.1896882663441096e-05
50,1,851,25.1895694732666,1.0010029206297604,0.21011174258284462,0.12527028946521906,-0.16389094039953553,0.002174743597332288,0.037699767854970825,-0.021459166425697916,0.0011274209747533328,-0.012992312889431661,0.0016468580932685387,-5.1896882663441096e-05
50,1,852,25.1895694732666,1.001002928490297,0.2101117427689978,0.12527028946521906,-0.16389094039953553,0.0021747437527730633,0.03769977048910316,-0.02145915842186427,0.0011274207133364154,-0.012992308329484333,0.0016468576961097606,-5.1896879420494386e-05
50,1,853,25.1895694732666,1.0010029325406928,0.2101117434277855,0.12527028946521906,-0.16389094039953553,0.0021747437527730633,0.03769977575736784,-0.02145915441994745,0.0011274204519194978,-0.012992303769537004,0.0016468572989509823,-5.1896872934600966e-05
50,1,854,25.1895694732666,1.001002936398669,0.21011174314348313,0.12527028946521906,-0.16389094039953553,0.0021747434418915128,0.03769977575736784,-0.021459150418030627,0.0011274204519194978,-0.012992299209589674,0.0016468570010818987,-5.1896863205760844e-05
50,1,855,25.1895694732666,1.0010029340208402,0.21011175042667413,0.1252703019954432,-0.16389094039953553,0.0021747431310099622,0.03769977575736784,-0.02145915441994745,0.001127420844044874,-0.012992296169624787,0.0016468568025025095,-5.1896866448707553e-05
50,1,856,25.1895694732666,1.001002927850158,0.21011175827804646,0.12527031452566736,-0.16389094039953553,0.0021747428201284117,0.037699778391500176,-0.021459162423781094,0.0011274212361702504,-0.012992294649642345,0.0016468568025025095,-5.1896872934600966e-05
50,1,857,25.1895694732666,1.0010029172182917,0.21011177284570565,0.12527033958611566,-0.16389094039953553,0.002174742664687636,0.03769977575736784,-0.02145917643048997,0.001127421889712544,-0.012992296169624787,0.0016468570010818987,-5.1896879420494386e-05
50,1,858,25.1895694732666,1.0010029068843735,0.21011178883283022,0.12527036464656396,-0.16389094039953553,0.0021747425092468607,0.03769978102563251,-0.021459190437198846,0.001127422543254838,-0.01299229768960723,0.0016468573982406768,-5.189689239228122e-05
50,1,859,25.1895694732666,1.001002892853714,0.21011180585921468,0.1252703897070123,-0.16389094039953553,0.0021747425092468607,0.037699791562161855,-0.021459208445824548,0.0011274231967971316,-0.012992300729572116,0.0016468577953994551,-5.189690212112135e-05
50,1,860,25.1895694732666,1.0010028811212839,0.2101118152231859,0.12527040223723643,-0.16389094039953553,0.0021747428201284117,0.037699802098691206,-0.021459222452533424,0.0011274237196309666,-0.012992300729572116,0.0016468577953994551,-5.189690860701476e-05
50,1,861,25.1895694732666,1.0010028694849982,0.21011182505838913,0.1252704147674606,-0.16389094039953553,0.0021747432864507375,0.037699815269352885,-0.021459236459242303,0.0011274239810478842,-0.012992300729572116,0.0016468577953994551,-5.189690860701476e-05
50,1,862,25.1895694732666,1.0010028619096623,0.21011182628372166,0.1252704147674606,-0.16389094039953553,0.0021747437527730633,0.03769982317174989,-0.021459244463075948,0.0011274238503394254,-0.01299229768960723,0.0016468572989509823,-5.189688914933451e-05
50,1,863,25.1895694732666,1.0010028605029044,0.2101118289270401,0.1252704147674606,-0.16389094039953553,0.0021747440636546143,0.037699838976543915,-0.021459246464034357,0.001127423588922508,-0.012992294649642345,0.001646856901792204,-5.1896876177547676e-05
50,1,864,25.1895694732666,1.001002853472034,0.21011183270672218,0.1252704147674606,-0.16389094039953553,0.0021747440636546143,0.03769986004960261,-0.021459254467868002,0.0011274233275055904,-0.012992294649642345,0.001646856901792204,-5.1896866448707553e-05
50,1,865,25.1895694732666,1.001002846466265,0.21011183657961632,0.1252704147674606,-0.16389094039953553,0.0021747437527730633,0.0376998811226613,-0.021459262471701646,0.001127423066088673,-0.012992296169624787,0.0016468568025025095,-5.1896856719867424e-05
50,1,866,25.1895694732666,1.0010028397813822,0.21011184196807278,0.1252704147674606,-0.16389094039953553,0.0021747432864507375,0.037699910098117004,-0.02145927047553529,0.0011274231967971316,-0.012992299209589674,0.001646856901792204,-5.1896853476920714e-05
50,1,867,25.1895694732666,1.001002834763687,0.21011185529924561,0.12527042729768476,-0.16389094039953553,0.0021747428201284117,0.03769994170770504,-0.021459278479368935,0.0011274229353802141,-0.01299230224955456,0.0016468571996612878,-5.1896850233974005e-05
50,1,868,25.1895694732666,1.0010028278068632,0.21011186872425858,0.1252704398279089,-0.16389094039953553,0.0021747425092468607,0.037699973317293085,-0.02145928848416099,0.0011274229353802141,-0.01299230680950189,0.0016468572989509823,-5.1896850233974005e-05
50,1,869,25.1895694732666,1.0010028234863428,0.21011187609749724,0.1252704398279089,-0.16389094039953553,0.0021747425092468607,0.03770001282927813,-0.021459294487036224,0.0011274226739632967,-0.012992311369449219,0.0016468576961097606,-5.18968469910273e-05
50,1,870,25.1895694732666,1.0010028188461315,0.21011188196086789,0.1252704398279089,-0.16389094039953553,0.002174742664687636,0.037700044438866175,-0.021459300489911456,0.0011274229353802141,-0.012992314409414105,0.0016468579939788442,-5.18968469910273e-05
50,1,871,25.1895694732666,1.001002812393161,0.21011187921437036,0.12527042729768476,-0.16389094039953553,0.0021747431310099622,0.03770007078018954,-0.021459306492786687,0.0011274228046717553,-0.012992314409414105,0.0016468577953994551,-5.189684374808059e-05
50,1,872,25.1895694732666,1.0010028194141238,0.21011187542705015,0.1252704147674606,-0.16389094039953553,0.002174743597332288,0.037700091853248234,-0.021459298488953046,0.0011274226739632967,-0.012992312889431661,0.0016468573982406768,-5.189682429040034e-05
50,1,873,25.1895694732666,1.0010028220156308,0.2101118785416243,0.1252704147674606,-0.16389094039953553,0.0021747440636546143,0.037700110292174585,-0.021459296487994634,0.0011274221511294617,-0.012992309849466775,0.0016468570010818987,-5.189681131861351e-05
50,1,874,25.1895694732666,1.0010028283342116,0.21011188071380474,0.1252704147674606,-0.16389094039953553,0.002174744374536165,0.03770012346283627,-0.021459290485119402,0.0011274220204210029,-0.01299230680950189,0.001646856703212815,-5.189680158977338e-05
50,1,875,25.1895694732666,1.0010028322380375,0.21011188998006178,0.12527042729768476,-0.16389094039953553,0.0021747442190953896,0.037700133999365615,-0.02145928848416099,0.0011274222818379203,-0.012992305289519446,0.0016468564053437314,-5.189679510387996e-05
50,1,876,25.1895694732666,1.0010028319668949,0.2101119072866095,0.12527045235813306,-0.16389094039953553,0.0021747437527730633,0.0377001471700273,-0.02145929248607781,0.0011274226739632967,-0.012992305289519446,0.0016468564053437314,-5.189680158977338e-05
50,1,877,25.1895694732666,1.0010028279089107,0.2101119251636035,0.12527047741858136,-0.16389094039953553,0.002174742975569187,0.037700162974821316,-0.021459300489911456,0.0011274231967971316,-0.01299230680950189,0.0016468568025025095,-5.189681456156021e-05
50,1,878,25.1895694732666,1.0010028276382439,0.21011194247241557,0.12527050247902966,-0.16389094039953553,0.0021747425092468607,0.037700176145483,-0.021459304491828278,0.0011274237196309666,-0.01299230680950189,0.0016468570010818987,-5.189682753334705e-05
50,1,879,25.1895694732666,1.001002829139739,0.21011195893149598,0.12527052753947798,-0.16389094039953553,0.0021747423538060855,0.03770018404788001,-0.021459306492786687,0.0011274242424648016,-0.012992308329484333,0.0016468573982406768,-5.189684374808059e-05
50,1,880,25.1895694732666,1.0010028289480297,0.21011196735028623,0.12527054006970212,-0.16389094039953553,0.0021747425092468607,0.03770018931614469,-0.0214593084937451,0.0011274246345901778,-0.012992308329484333,0.0016468574975303713,-5.1896853476920714e-05
50,1,881,25.1895694732666,1.0010028231482484,0.21011196772886084,0.12527054006970212,-0.16389094039953553,0.0021747431310099622,0.037700191950277025,-0.021459314496620332,0.0011274247652986367,-0.01299230680950189,0.0016468573982406768,-5.1896853476920714e-05
50,1,882,25.1895694732666,1.0010028289627977,0.2101119675393261,0.12527054006970212,-0.16389094039953553,0.0021747439082138386,0.037700191950277025,-0.0214593084937451,0.0011274247652986367,-0.012992303769537004,0.0016468571996612878,-5.18968469910273e-05
50,1,883,25.1895694732666,1.0010028328237632,0.21011196734838944,0.12527054006970212,-0.16389094039953553,0.00217474452997694,0.037700191950277025,-0.021459304491828278,0.0011274245038817193,-0.012992300729572116,0.0016468570010818987,-5.189684374808059e-05
50,1,884,25.1895694732666,1.0010028366077062,0.21011196677732014,0.12527054006970212,-0.16389094039953553,0.002174744996299266,0.03770018931614469,-0.021459300489911456,0.0011274241117563428,-0.012992299209589674,0.001646856703212815,-5.189683401924046e-05
50,1,885,25.1895694732666,1.001002838424462,0.21011196611366684,0.12527054006970212,-0.16389094039953553,0.002174744996299266,0.037700186682012346,-0.021459298488953046,0.0011274239810478842,-0.012992296169624787,0.0016468564053437314,-5.189683077629376e-05
50,1,886,25.1895694732666,1.0010028365730173,0.21011196658568218,0.12527054006970212,-0.16389094039953553,0.0021747446854177154,0.03770018931614469,-0.021459300489911456,0.0011274237196309666,-0.012992296169624787,0.001646856504633426,-5.189683077629376e-05
50,1,887,25.1895694732666,1.001002838559728,0.21011196667896992,0.12527054006970212,-0.16389094039953553,0.0021747440636546143,0.03770018931614469,-0.021459298488953046,0.001127423588922508,-0.01299229768960723,0.001646856504633426,-5.189683401924046e-05
50,1,888,25.1895694732666,1.0010028385937868,0.2101119667752953,0.12527054006970212,-0.16389094039953553,0.0021747432864507375,0.03770018931614469,-0.021459298488953046,0.001127423588922508,-0.012992299209589674,0.0016468568025025095,-5.189684374808059e-05
50,1,889,25.1895694732666,1.0010028347154192,0.21011196687013953,0.12527054006970212,-0.16389094039953553,0.0021747425092468607,0.03770018931614469,-0.02145930249086987,0.0011274234582140492,-0.012992300729572116,0.0016468570010818987,-5.18968469910273e-05
50,1,890,25.1895694732666,1.0010028350411078,0.2101119683822037,0.12527054006970212,-0.16389094039953553,0.002174742042924535,0.037700197218541696,-0.02145930249086987,0.0011274231967971316,-0.01299230224955456,0.0016468571996612878,-5.1896856719867424e-05
50,1,891,25.1895694732666,1.0010028388734493,0.21011196800214935,0.12527054006970212,-0.16389094039953553,0.002174742042924535,0.03770019458440936,-0.021459298488953046,0.0011274229353802141,-0.012992303769537004,0.0016468571996612878,-5.1896856719867424e-05
50,1,892,25.1895694732666,1.0010028390543972,0.21011195958483944,0.12527052753947798,-0.16389094039953553,0.0021747425092468607,0.03770018931614469,-0.021459296487994634,0.0011274226739632967,-0.012992303769537004,0.0016468571996612878,-5.1896850233974005e-05
50,1,893,25.1895694732666,1.0010028449812092,0.2101119505980196,0.12527051500925382,-0.16389094039953553,0.0021747431310099622,0.037700181413747674,-0.02145928848416099,0.0011274220204210029,-0.01299230224955456,0.0016468571003715933,-5.189684374808059e-05
50,1,894,25.1895694732666,1.0010028470157812,0.21011194170588932,0.12527050247902966,-0.16389094039953553,0.0021747437527730633,0.03770017351135067,-0.021459284482244167,0.0011274214975871678,-0.01299230224955456,0.0016468570010818987,-5.189683401924046e-05
50,1,895,25.1895694732666,1.0010028530442427,0.2101119331901532,0.12527048994880552,-0.16389094039953553,0.0021747442190953896,0.037700168243085995,-0.021459276478410522,0.001127420844044874,-0.012992300729572116,0.001646856703212815,-5.189682429040034e-05
50,1,896,25.1895694732666,1.0010028547986427,0.21011193224261532,0.12527048994880552,-0.16389094039953553,0.002174744374536165,0.037700162974821316,-0.021459274477452113,0.0011274207133364154,-0.012992300729572116,0.001646856504633426,-5.189682104745363e-05
50,1,897,25.1895694732666,1.0010028543335265,0.210111939332483,0.12527050247902966,-0.16389094039953553,0.0021747442190953896,0.03770016034068898,-0.021459276478410522,0.0011274203212110392,-0.01299230224955456,0.001646856504633426,-5.189681456156021e-05
50,1,898,25.1895694732666,1.0010028539941416,0.21011194699497754,0.12527051500925382,-0.16389094039953553,0.0021747437527730633,0.03770016034068898,-0.021459278479368935,0.0011274203212110392,-0.012992305289519446,0.0016468570010818987,-5.189682104745363e-05
50,1,899,25.1895694732666,1.0010028516981926,0.21011195465506025,0.12527052753947798,-0.16389094039953553,0.0021747432864507375,0.03770016034068898,-0.021459282481285757,0.0011274204519194978,-0.012992308329484333,0.0016468571003715933,-5.189682429040034e-05
50,1,900,25.1895694732666,1.0010028492803764,0.21011196174773572,0.12527054006970212,-0.16389094039953553,0.002174742975569187,0.037700157706556645,-0.02145928648320258,0.0011274205826279566,-0.012992309849466775,0.0016468571003715933,-5.189682104745363e-05
50,1,901,25.1895694732666,1.0010028473474524,0.21011196184476014,0.12527054006970212,-0.16389094039953553,0.0021747428201284117,0.037700157706556645,-0.02145928848416099,0.0011274207133364154,-0.012992311369449219,0.0016468573982406768,-5.189682104745363e-05
50,1,902,25.1895694732666,1.0010028490027916,0.21011196042528305,0.12527054006970212,-0.16389094039953553,0.002174742975569187,0.03770014980415964,-0.02145928648320258,0.0011274207133364154,-0.012992311369449219,0.0016468571996612878,-5.189681131861351e-05
50,1,903,25.1895694732666,1.0010028506582942,0.21011195900658447,0.12527054006970212,-0.16389094039953553,0.0021747431310099622,0.03770014190176263,-0.021459284482244167,0.0011274207133364154,-0.012992311369449219,0.0016468571003715933,-5.189680158977338e-05
50,1,904,25.1895694732666,1.001002852599752,0.21011194964446786,0.12527052753947798,-0.16389094039953553,0.0021747434418915128,0.03770013136523328,-0.021459280480327345,0.0011274209747533328,-0.012992311369449219,0.0016468568025025095,-5.189679510387996e-05
50,1,905,25.1895694732666,1.0010028488719418,0.21011194122996493,0.12527051500925382,-0.16389094039953553,0.0021747437527730633,0.03770012609696861,-0.021459282481285757,0.0011274212361702504,-0.012992311369449219,0.0016468568025025095,-5.1896788617986546e-05
50,1,906,25.1895694732666,1.0010028468051715,0.21011193139676726,0.12527050247902966,-0.16389094039953553,0.0021747439082138386,0.03770011292630692,-0.021459282481285757,0.0011274214975871678,-0.012992311369449219,0.001646856703212815,-5.1896782132093126e-05
50,1,907,25.1895694732666,1.0010028406306233,0.21011192061821787,0.12527048994880552,-0.16389094039953553,0.0021747439082138386,0.03770009448738057,-0.02145928648320258,0.001127421889712544,-0.012992311369449219,0.001646856504633426,-5.1896782132093126e-05
50,1,908,25.1895694732666,1.0010028359311198,0.2101119168406156,0.12527048994880552,-0.16389094039953553,0.002174743597332288,0.037700073414321876,-0.021459290485119402,0.001127422543254838,-0.012992311369449219,0.001646856504633426,-5.1896782132093126e-05
50,1,909,25.1895694732666,1.0010028311320989,0.21011191258889755,0.12527048994880552,-0.16389094039953553,0.0021747432864507375,0.037700049707130846,-0.021459294487036224,0.001127423066088673,-0.012992311369449219,0.0016468564053437314,-5.1896782132093126e-05
50,1,910,25.1895694732666,1.0010028223054004,0.21011190777343805,0.12527048994880552,-0.16389094039953553,0.0021747428201284117,0.03770002336580748,-0.02145930249086987,0.0011274239810478842,-0.012992309849466775,0.0016468564053437314,-5.1896782132093126e-05
50,1,911,25.1895694732666,1.0010028176032777,0.21011190399654403,0.12527048994880552,-0.16389094039953553,0.002174742664687636,0.03770000229274879,-0.021459306492786687,0.0011274247652986367,-0.012992309849466775,0.0016468564053437314,-5.1896782132093126e-05
50,1,912,25.1895694732666,1.0010028048560142,0.21011189918039055,0.12527048994880552,-0.16389094039953553,0.002174742664687636,0.03769997595142542,-0.021459318498537154,0.0011274255495493891,-0.012992308329484333,0.0016468564053437314,-5.1896788617986546e-05
50,1,913,25.1895694732666,1.0010027979712413,0.21011189436353733,0.12527048994880552,-0.16389094039953553,0.002174742975569187,0.037699949610102056,-0.02145932450141239,0.001127426203091683,-0.01299230680950189,0.0016468564053437314,-5.1896788617986546e-05
50,1,914,25.1895694732666,1.001002785620778,0.21011188217160812,0.12527047741858136,-0.16389094039953553,0.002174743597332288,0.03769992326877869,-0.021459334506204443,0.0011274268566339766,-0.01299230680950189,0.0016468566039231204,-5.189679510387996e-05
50,1,915,25.1895694732666,1.0010027792372214,0.21011187045006083,0.12527046488835722,-0.16389094039953553,0.0021747442190953896,0.03769989956158766,-0.021459338508121265,0.0011274273794678116,-0.01299230680950189,0.0016468566039231204,-5.189680158977338e-05
50,1,916,25.1895694732666,1.0010027692587682,0.21011186023978806,0.12527045235813306,-0.16389094039953553,0.0021747448408584906,0.03769988375679364,-0.02145934651195491,0.0011274276408847293,-0.012992308329484333,0.001646856703212815,-5.189680483272009e-05
50,1,917,25.1895694732666,1.0010027671700128,0.2101118503150335,0.1252704398279089,-0.16389094039953553,0.002174745151740041,0.03769987058613195,-0.02145934651195491,0.001127427771593188,-0.01299230680950189,0.0016468570010818987,-5.189681780450692e-05
50,1,918,25.1895694732666,1.0010027690993304,0.2101118408555149,0.12527042729768476,-0.16389094039953553,0.002174744996299266,0.03769986004960261,-0.021459342510038087,0.001127427248759353,-0.012992305289519446,0.0016468568025025095,-5.189681780450692e-05
50,1,919,25.1895694732666,1.0010027729086166,0.21011183102031045,0.1252704147674606,-0.16389094039953553,0.0021747446854177154,0.03769984687894092,-0.021459336507162856,0.0011274269873424354,-0.012992305289519446,0.0016468568025025095,-5.189682429040034e-05
50,1,920,25.1895694732666,1.0010027823817451,0.21011182950420804,0.1252704147674606,-0.16389094039953553,0.0021747440636546143,0.037699838976543915,-0.0214593265023708,0.001127426203091683,-0.012992303769537004,0.0016468568025025095,-5.189683077629376e-05
50,1,921,25.1895694732666,1.0010027923227902,0.21011182089838853,0.12527040223723643,-0.16389094039953553,0.0021747434418915128,0.03769983370827924,-0.021459314496620332,0.0011274255495493891,-0.012992300729572116,0.0016468570010818987,-5.189684050513388e-05
50,1,922,25.1895694732666,1.001002800564755,0.21011181351684619,0.1252703897070123,-0.16389094039953553,0.0021747428201284117,0.03769983370827924,-0.021459304491828278,0.0011274246345901778,-0.01299230224955456,0.0016468570010818987,-5.18968469910273e-05
50,1,923,25.1895694732666,1.0010028166683524,0.21011180632667784,0.12527037717678813,-0.16389094039953553,0.0021747423538060855,0.03769983634241158,-0.02145928648320258,0.0011274238503394254,-0.012992299209589674,0.0016468570010818987,-5.1896859962814134e-05
50,1,924,25.1895694732666,1.001002832570621,0.21011179819053555,0.12527036464656396,-0.16389094039953553,0.002174742042924535,0.03769983370827924,-0.021459268474576878,0.0011274229353802141,-0.012992296169624787,0.0016468570010818987,-5.1896866448707553e-05
50,1,925,25.1895694732666,1.0010028486656202,0.21011179099896402,0.12527035211633983,-0.16389094039953553,0.002174742042924535,0.03769983634241158,-0.02145925046595118,0.001127421889712544,-0.012992293129659901,0.0016468570010818987,-5.1896872934600966e-05
50,1,926,25.1895694732666,1.0010028645419875,0.21011178276579753,0.12527033958611566,-0.16389094039953553,0.002174742042924535,0.03769983370827924,-0.02145923245732548,0.001127420844044874,-0.012992288569712572,0.001646856703212815,-5.1896876177547676e-05
50,1,927,25.1895694732666,1.0010028783777727,0.21011177415631888,0.12527032705589153,-0.16389094039953553,0.0021747423538060855,0.03769982844001457,-0.021459216449658192,0.0011274197983772041,-0.012992285529747686,0.001646856703212815,-5.1896879420494386e-05
50,1,928,25.1895694732666,1.0010028916558853,0.21011178152789023,0.12527033958611566,-0.16389094039953553,0.002174742664687636,0.03769982844001457,-0.021459204443907726,0.0011274191448349103,-0.012992284009765242,0.001646856504633426,-5.189688914933451e-05
50,1,929,25.1895694732666,1.0010029044046176,0.2101117957095467,0.12527036464656396,-0.16389094039953553,0.0021747431310099622,0.037699825805882235,-0.02145919443911567,0.0011274183605841578,-0.012992279449817913,0.0016468564053437314,-5.189689239228122e-05
50,1,930,25.1895694732666,1.0010029116629704,0.21011181169106358,0.1252703897070123,-0.16389094039953553,0.002174743597332288,0.03769983107414691,-0.021459190437198846,0.0011274179684587816,-0.012992280969800356,0.0016468568025025095,-5.189690860701476e-05
50,1,931,25.1895694732666,1.0010029163591279,0.2101118341037937,0.12527042729768476,-0.16389094039953553,0.0021747440636546143,0.03769983107414691,-0.021459190437198846,0.0011274178377503228,-0.012992280969800356,0.0016468570010818987,-5.189692806469501e-05
50,1,932,25.1895694732666,1.0010029210612965,0.21011185651878592,0.12527046488835722,-0.16389094039953553,0.0021747442190953896,0.03769983107414691,-0.021459190437198846,0.0011274178377503228,-0.012992280969800356,0.0016468573982406768,-5.1896947522375264e-05
50,1,933,25.1895694732666,1.001002927506117,0.2101118778907065,0.12527050247902966,-0.16389094039953553,0.0021747440636546143,0.037699825805882235,-0.021459188436240437,0.001127417707041864,-0.012992279449817913,0.0016468573982406768,-5.1896957251215393e-05
50,1,934,25.189573287963867,1.0010029362274562,0.21011190077615804,0.12527054006970212,-0.16389094039953553,0.0021747437527730633,0.03769982844001457,-0.021459184434323614,0.0011274174456249466,-0.012992279449817913,0.0016468576961097606,-5.18969604941621e-05
50,1,935,25.189573287963867,1.0010029432580336,0.21011191561976728,0.12527056513015045,-0.16389094039953553,0.002174743597332288,0.03769982844001457,-0.021459180432406792,0.0011274170534995704,-0.01299227792983547,0.0016468574975303713,-5.18969604941621e-05
50,1,936,25.1895694732666,1.0010029501667288,0.21011192989589736,0.12527059019059875,-0.16389094039953553,0.002174743597332288,0.037699825805882235,-0.02145917643048997,0.0011274167920826527,-0.012992274889870583,0.0016468571003715933,-5.1896950765321974e-05
50,1,937,25.1895694732666,1.0010029575598411,0.21011193717411142,0.1252706027208229,-0.16389094039953553,0.0021747437527730633,0.037699825805882235,-0.02145917042761474,0.0011274163999572765,-0.012992271849905698,0.0016468568025025095,-5.1896944279428554e-05
50,1,938,25.1895694732666,1.0010029628949049,0.210111943979613,0.12527061525104705,-0.16389094039953553,0.0021747440636546143,0.03769982317174989,-0.021459166425697916,0.001127416138540359,-0.012992268809940812,0.0016468564053437314,-5.189693455058843e-05
50,1,939,25.1895694732666,1.0010029661048767,0.21011195929874577,0.12527064031149535,-0.16389094039953553,0.002174744374536165,0.037699825805882235,-0.021459166425697916,0.001127416138540359,-0.012992267289958368,0.0016468563060540369,-5.189693455058843e-05
50,1,940,25.1895694732666,1.001002967498109,0.21011197528160724,0.12527066537194367,-0.16389094039953553,0.0021747446854177154,0.03769983107414691,-0.021459168426656326,0.001127416138540359,-0.012992268809940812,0.0016468566039231204,-5.1896944279428554e-05
50,1,941,25.1895694732666,1.0010029671590925,0.21011199230435237,0.12527069043239197,-0.16389094039953553,0.0021747446854177154,0.03769984161067625,-0.021459172428573148,0.0011274163999572765,-0.012992271849905698,0.0016468568025025095,-5.1896947522375264e-05
50,1,942,25.1895694732666,1.0010029650171883,0.21011200072469885,0.12527070296261614,-0.16389094039953553,0.00217474452997694,0.03769984687894092,-0.02145917643048997,0.0011274167920826527,-0.012992271849905698,0.0016468571003715933,-5.1896957251215393e-05
50,1,943,25.1895694732666,1.0010029614254845,0.21011200223799703,0.12527070296261614,-0.16389094039953553,0.002174744374536165,0.03769985478133794,-0.021459180432406792,0.0011274170534995704,-0.012992273369888141,0.0016468571003715933,-5.18969604941621e-05
50,1,944,25.1895694732666,1.0010029602577517,0.2101119966615674,0.12527069043239197,-0.16389094039953553,0.0021747442190953896,0.03769986531786728,-0.021459180432406792,0.0011274174456249466,-0.012992273369888141,0.0016468572989509823,-5.1896966980055516e-05
50,1,945,25.1895694732666,1.0010029552647068,0.2101119821929345,0.12527066537194367,-0.16389094039953553,0.0021747442190953896,0.037699867951999616,-0.021459182433365205,0.0011274174456249466,-0.012992273369888141,0.0016468572989509823,-5.18969604941621e-05
50,1,946,25.1895694732666,1.001002952227541,0.21011196772344928,0.12527064031149535,-0.16389094039953553,0.0021747442190953896,0.03769987058613195,-0.021459182433365205,0.0011274175763334054,-0.012992273369888141,0.0016468571003715933,-5.1896957251215393e-05
50,1,947,25.1895694732666,1.0010029471326531,0.2101119527828082,0.12527061525104705,-0.16389094039953553,0.002174744374536165,0.03769987058613195,-0.021459184434323614,0.0011274178377503228,-0.012992273369888141,0.0016468570010818987,-5.1896947522375264e-05
50,1,948,25.1895694732666,1.0010029440927206,0.21011193831332697,0.12527059019059875,-0.16389094039953553,0.00217474452997694,0.037699873220264295,-0.021459184434323614,0.0011274179684587816,-0.012992273369888141,0.0016468568025025095,-5.1896944279428554e-05
50,1,949,25.1895694732666,1.0010029366738369,0.21011193093871003,0.12527057766037458,-0.16389094039953553,0.0021747446854177154,0.037699873220264295,-0.021459190437198846,0.0011274184912926167,-0.012992274889870583,0.001646856703212815,-5.189693455058843e-05
50,1,950,25.1895694732666,1.0010029253456223,0.21011192356417047,0.12527056513015045,-0.16389094039953553,0.0021747446854177154,0.037699873220264295,-0.021459200441990903,0.0011274188834179929,-0.012992276409853027,0.001646856703212815,-5.18969248217483e-05
50,1,951,25.1895694732666,1.0010029137742507,0.21011192432375733,0.12527056513015045,-0.16389094039953553,0.002174744374536165,0.03769987585439663,-0.02145921244774137,0.0011274196676687453,-0.012992280969800356,0.0016468568025025095,-5.18969248217483e-05
50,1,952,25.1895694732666,1.0010029041393715,0.21011192499013276,0.12527056513015045,-0.16389094039953553,0.0021747440636546143,0.037699878488528966,-0.021459222452533424,0.0011274204519194978,-0.012992284009765242,0.0016468570010818987,-5.189691833585489e-05
50,1,953,25.1895694732666,1.001002893035146,0.2101119186563346,0.12527055259992628,-0.16389094039953553,0.0021747437527730633,0.03769988375679364,-0.02145923245732548,0.0011274209747533328,-0.01299228704973013,0.0016468571003715933,-5.189691184996147e-05
50,1,954,25.1895694732666,1.0010028837678633,0.210111911755056,0.12527054006970212,-0.16389094039953553,0.0021747434418915128,0.037699886390925974,-0.021459240461159126,0.0011274216282956267,-0.012992288569712572,0.0016468570010818987,-5.189689887817464e-05
50,1,955,25.1895694732666,1.0010028727576037,0.210111905895299,0.12527052753947798,-0.16389094039953553,0.0021747434418915128,0.03769989429332298,-0.02145925046595118,0.001127422412546379,-0.012992291609677459,0.0016468571003715933,-5.189689563522793e-05
50,1,956,25.1895694732666,1.001002856145267,0.2101118919975116,0.12527050247902966,-0.16389094039953553,0.002174743597332288,0.03769989956158766,-0.021459264472660056,0.0011274231967971316,-0.012992293129659901,0.0016468571003715933,-5.1896885906387805e-05
50,1,957,25.1895694732666,1.0010028473567203,0.21011187809762394,0.12527047741858136,-0.16389094039953553,0.0021747437527730633,0.03769990482985233,-0.02145927047553529,0.001127423588922508,-0.012992294649642345,0.0016468571003715933,-5.1896882663441096e-05
50,1,958,25.1895694732666,1.001002834854768,0.2101118651444153,0.12527045235813306,-0.16389094039953553,0.0021747439082138386,0.037699915366381676,-0.021459280480327345,0.0011274242424648016,-0.012992296169624787,0.0016468571003715933,-5.1896882663441096e-05
50,1,959,25.1895694732666,1.0010028242124662,0.21011185171872468,0.12527042729768476,-0.16389094039953553,0.0021747439082138386,0.03769992326877869,-0.02145928848416099,0.0011274246345901778,-0.01299229768960723,0.0016468572989509823,-5.1896876177547676e-05
50,1,960,25.1895694732666,1.0010028194209046,0.21011183819679194,0.12527040223723643,-0.16389094039953553,0.0021747437527730633,0.0376999311711757,-0.021459290485119402,0.0011274248960070955,-0.01299229768960723,0.0016468572989509823,-5.1896876177547676e-05
50,1,961,25.1895694732666,1.0010028148274634,0.21011182561873223,0.12527037717678813,-0.16389094039953553,0.002174743597332288,0.03769994434183738,-0.02145929248607781,0.0011274248960070955,-0.01299229768960723,0.0016468572989509823,-5.1896872934600966e-05
50,1,962,25.1895694732666,1.0010028138798772,0.21011182107792262,0.12527036464656396,-0.16389094039953553,0.0021747432864507375,0.0376999601466314,-0.02145929248607781,0.0011274248960070955,-0.012992299209589674,0.0016468572989509823,-5.1896872934600966e-05
50,1,963,25.1895694732666,1.0010028187631552,0.210111816346179,0.12527035211633983,-0.16389094039953553,0.0021747428201284117,0.03769997595142542,-0.02145928648320258,0.0011274246345901778,-0.01299229768960723,0.0016468571003715933,-5.1896872934600966e-05
50,1,964,25.1895694732666,1.001002825582779,0.2101118115205257,0.12527033958611566,-0.16389094039953553,0.0021747423538060855,0.037699991756219436,-0.021459278479368935,0.0011274242424648016,-0.012992294649642345,0.0016468570010818987,-5.1896872934600966e-05
50,1,965,25.1895694732666,1.0010028358270355,0.21011181369137452,0.12527033958611566,-0.16389094039953553,0.0021747418874837597,0.03770000492688112,-0.021459268474576878,0.0011274237196309666,-0.012992291609677459,0.0016468568025025095,-5.1896866448707553e-05
50,1,966,25.1895694732666,1.0010028463064122,0.21011181699555703,0.12527033958611566,-0.16389094039953553,0.0021747415766022087,0.03770002336580748,-0.021459258469784824,0.001127423066088673,-0.012992291609677459,0.001646856703212815,-5.1896872934600966e-05
50,1,967,25.1895694732666,1.001002852163444,0.21011182626141683,0.12527035211633983,-0.16389094039953553,0.0021747415766022087,0.037700033902336824,-0.021459254467868002,0.0011274226739632967,-0.012992290089695015,0.0016468568025025095,-5.1896879420494386e-05
50,1,968,25.1895694732666,1.001002862148277,0.21011183656802288,0.12527036464656396,-0.16389094039953553,0.0021747417320429844,0.037700049707130846,-0.021459246464034357,0.001127422412546379,-0.012992290089695015,0.0016468570010818987,-5.189688914933451e-05
50,1,969,25.1895694732666,1.0010028678304101,0.21011185434595345,0.1252703897070123,-0.16389094039953553,0.002174742042924535,0.03770006551192486,-0.021459244463075948,0.0011274222818379203,-0.012992290089695015,0.0016468571996612878,-5.189690212112135e-05
50,1,970,25.1895694732666,1.0010028774413253,0.21011187221647226,0.1252704147674606,-0.16389094039953553,0.0021747425092468607,0.037700081316718884,-0.021459238460200713,0.001127421889712544,-0.012992291609677459,0.0016468573982406768,-5.189691509290818e-05
50,1,971,25.1895694732666,1.0010028853596917,0.21011188204982,0.12527042729768476,-0.16389094039953553,0.0021747432864507375,0.03770009448738057,-0.02145923245732548,0.001127421366878709,-0.012992291609677459,0.0016468576961097606,-5.18969248217483e-05
50,1,972,25.1895694732666,1.0010028947490752,0.21011189887811532,0.12527045235813306,-0.16389094039953553,0.0021747439082138386,0.03770010502390991,-0.021459226454450246,0.0011274207133364154,-0.012992291609677459,0.0016468576961097606,-5.189692806469501e-05
50,1,973,25.1895694732666,1.0010029097964983,0.21011191466574303,0.12527047741858136,-0.16389094039953553,0.0021747440636546143,0.037700110292174585,-0.02145921444869978,0.0011274197983772041,-0.012992290089695015,0.0016468576961097606,-5.189692806469501e-05
50,1,974,25.1895694732666,1.0010029228956776,0.21011193045103554,0.12527050247902966,-0.16389094039953553,0.0021747437527730633,0.037700115560439264,-0.021459204443907726,0.0011274188834179929,-0.012992288569712572,0.0016468573982406768,-5.189691833585489e-05
50,1,975,25.1895694732666,1.0010029360968336,0.2101119467089707,0.12527052753947798,-0.16389094039953553,0.0021747432864507375,0.03770012346283627,-0.02145919443911567,0.0011274179684587816,-0.01299228704973013,0.0016468571003715933,-5.189691509290818e-05
50,1,976,25.1895694732666,1.0010029471641937,0.21011196212013436,0.12527055259992628,-0.16389094039953553,0.0021747428201284117,0.03770012609696861,-0.021459186435282027,0.0011274173149164878,-0.01299228704973013,0.0016468571996612878,-5.189691509290818e-05
50,1,977,25.1895694732666,1.0010029489357988,0.21011197053393654,0.12527056513015045,-0.16389094039953553,0.0021747425092468607,0.03770013136523328,-0.021459186435282027,0.0011274169227911115,-0.01299228704973013,0.0016468571996612878,-5.189691833585489e-05
50,1,978,25.1895694732666,1.0010029525792312,0.2101119785728265,0.12527057766037458,-0.16389094039953553,0.0021747425092468607,0.037700133999365615,-0.021459184434323614,0.0011274167920826527,-0.012992288569712572,0.0016468574975303713,-5.18969248217483e-05
50,1,979,25.189573287963867,1.0010029488033554,0.21011197923507707,0.12527057766037458,-0.16389094039953553,0.002174742664687636,0.03770013663349795,-0.021459188436240437,0.0011274166613741941,-0.012992291609677459,0.0016468577953994551,-5.189693130764172e-05
50,1,980,25.189573287963867,1.0010029434368877,0.21011197233271175,0.12527056513015045,-0.16389094039953553,0.002174742975569187,0.03770013926763029,-0.02145919243815726,0.0011274165306657353,-0.012992293129659901,0.0016468580932685387,-5.189693779353514e-05
50,1,981,25.189573287963867,1.0010029422906914,0.21011195757951293,0.12527054006970212,-0.16389094039953553,0.0021747432864507375,0.03770013926763029,-0.021459190437198846,0.0011274163999572765,-0.012992296169624787,0.0016468581925582332,-5.1896944279428554e-05
50,1,982,25.189573287963867,1.0010029390696493,0.2101119422603883,0.12527051500925382,-0.16389094039953553,0.002174743597332288,0.03770013663349795,-0.021459190437198846,0.0011274163999572765,-0.01299229768960723,0.0016468582918479277,-5.1896944279428554e-05
50,1,983,25.189573287963867,1.0010029394459763,0.2101119254285806,0.12527048994880552,-0.16389094039953553,0.0021747437527730633,0.03770012609696861,-0.021459186435282027,0.0011274163999572765,-0.01299229768960723,0.0016468582918479277,-5.189694103648185e-05
50,1,984,25.189573287963867,1.0010029434361913,0.2101119071759742,0.12527046488835722,-0.16389094039953553,0.0021747439082138386,0.03770010765804225,-0.021459178431448383,0.0011274160078319003,-0.01299229768960723,0.0016468581925582332,-5.189693130764172e-05
50,1,985,25.1895694732666,1.001002943825561,0.21011188107417536,0.12527042729768476,-0.16389094039953553,0.0021747439082138386,0.037700086584983555,-0.021459172428573148,0.0011274154849980652,-0.012992299209589674,0.0016468581925582332,-5.18969248217483e-05
50,1,986,25.1895694732666,1.001002941757658,0.2101118618770788,0.12527040223723643,-0.16389094039953553,0.002174743597332288,0.037700062877792526,-0.02145917042761474,0.001127415092872689,-0.012992299209589674,0.0016468581925582332,-5.18969215788016e-05
50,1,987,25.1895694732666,1.0010029434233327,0.21011184182940026,0.12527037717678813,-0.16389094039953553,0.0021747432864507375,0.037700033902336824,-0.021459164424739503,0.0011274148314557714,-0.012992300729572116,0.0016468581925582332,-5.18969215788016e-05
50,1,988,25.1895694732666,1.0010029470655792,0.2101118218794526,0.12527035211633983,-0.16389094039953553,0.002174742975569187,0.03770000492688112,-0.02145915642090586,0.0011274148314557714,-0.012992303769537004,0.001646858490427317,-5.18969215788016e-05
50,1,989,25.1895694732666,1.0010029465939088,0.21011180098127666,0.12527032705589153,-0.16389094039953553,0.0021747428201284117,0.03769997068316075,-0.021459152418989037,0.001127414570038854,-0.01299230680950189,0.0016468585897170115,-5.18969248217483e-05
50,1,990,25.1895694732666,1.0010029480782972,0.21011178008310644,0.1252703019954432,-0.16389094039953553,0.002174742664687636,0.03769993643944037,-0.021459146416113805,0.0011274143086219366,-0.012992309849466775,0.001646858689006706,-5.18969248217483e-05
50,1,991,25.1895694732666,1.0010029529680653,0.21011176608971313,0.12527028946521906,-0.16389094039953553,0.0021747425092468607,0.03769989956158766,-0.02145913841228016,0.001127414047205019,-0.012992311369449219,0.001646858887586095,-5.18969215788016e-05
50,1,992,25.1895694732666,1.0010029559040714,0.2101117520940675,0.1252702769349949,-0.16389094039953553,0.00217474219836531,0.037699862683734944,-0.021459132409404925,0.0011274136550796427,-0.012992312889431661,0.001646858887586095,-5.189691509290818e-05
50,1,993,25.1895694732666,1.0010029588200233,0.2101117380028823,0.12527026440477074,-0.16389094039953553,0.0021747418874837597,0.037699825805882235,-0.021459126406529694,0.0011274132629542665,-0.012992312889431661,0.001646858689006706,-5.189690536406805e-05
50,1,994,25.1895694732666,1.0010029558651994,0.21011172391248248,0.1252702518745466,-0.16389094039953553,0.0021747417320429844,0.03769978892802952,-0.021459126406529694,0.0011274128708288903,-0.012992312889431661,0.0016468585897170115,-5.189689887817464e-05
50,1,995,25.1895694732666,1.0010029532647406,0.21011171152351596,0.12527023934432244,-0.16389094039953553,0.0021747417320429844,0.03769975995257382,-0.021459126406529694,0.001127412478703514,-0.01299231744937899,0.001646858689006706,-5.189689239228122e-05
50,1,996,25.1895694732666,1.0010029467330603,0.21011169904352575,0.12527022681409827,-0.16389094039953553,0.0021747417320429844,0.037699730977118116,-0.021459130408446516,0.0011274123479950552,-0.012992320489343878,0.0016468589868757896,-5.189689239228122e-05
50,1,997,25.1895694732666,1.0010029423529363,0.21011168750810544,0.12527021428387414,-0.16389094039953553,0.0021747418874837597,0.03769970726992709,-0.021459132409404925,0.0011274120865781376,-0.012992323529308764,0.0016468592847448734,-5.1896885906387805e-05
50,1,998,25.1895694732666,1.0010029435054033,0.21011167436073386,0.12527020175364997,-0.16389094039953553,0.0021747418874837597,0.03769967566033904,-0.021459128407488107,0.0011274115637443028,-0.012992323529308764,0.0016468589868757896,-5.1896869691654256e-05
50,1,999,25.1895694732666,1.0010029429398466,0.21011166234739073,0.12527018922342584,-0.16389094039953553,0.0021747418874837597,0.03769964931901568,-0.021459126406529694,0.0011274110409104678,-0.01299232656927365,0.0016468587882964006,-5.1896856719867424e-05
50,1,1000,25.1895694732666,1.0010029476167586,0.2101116566720457,0.12527018922342584,-0.16389094039953553,0.0021747418874837597,0.03769961770942764,-0.021459120403654462,0.0011274107794935501,-0.01299232656927365,0.001646858490427317,-5.189683726218717e-05
