checkpoint_epoch,seed,epoch,pde_loss,coefficient_error,spurious_l2,xi_u,xi_u_x,xi_u_xx,xi_u^2,xi_u*u_x,xi_u*u_xx,xi_u_x^2,xi_u_x*u_xx,xi_u_xx^2
50,7,0,26.024076461791992,1.1271775479794575,0.5710698355171715,-0.5688243612417512,0.047845413158507315,-0.003244589293139914,0.014516002627894712,-0.028471227034440046,0.0007349479139967286,0.007690870244911245,-0.00012468238855063813,-4.864497082867633e-06
50,7,1,25.98977279663086,1.1217216033283017,0.5539492111151921,-0.5520065951080602,0.04465160038009232,-0.0030359601041975476,0.010166880897137427,-0.024874894477457235,0.0007350628720862011,0.007124789263554158,-0.00011660780307573992,-5.640396404997835e-06
50,7,2,25.95684051513672,1.1161306348710747,0.536882376719355,-0.5351997553298311,0.0414592867337227,-0.0028278342324856796,0.006408991486399996,-0.02174451309990654,0.0007437342019482746,0.006587540829160394,-0.00010872900446728641,-6.452536061964855e-06
50,7,3,25.92514419555664,1.1101073395999967,0.519867875333153,-0.5184113600415562,0.03826947877948607,-0.0026205987255348653,0.003184767079798363,-0.01940629915154241,0.0007776252060927324,0.0060793806787760064,-0.00010105534457338323,-7.299542260469269e-06
50,7,4,25.89452362060547,1.1036913355274534,0.5029062469564637,-0.501649027619521,0.035083152142999265,-0.0024146661231628144,0.00019999003580175697,-0.017799687623179,0.0008401579626781633,0.005600362771777724,-9.359713711105193e-05,-8.180441711130161e-06
50,7,5,25.864919662475586,1.097145442703304,0.4860052196033777,-0.48492077740718387,0.031901268172431066,-0.0022104707268957805,-0.002799565396086261,-0.016621261185197442,0.0009224039075956698,0.005150366269561323,-8.636393871339315e-05,-9.094734594786069e-06
50,7,6,25.8363094329834,1.0906323395626665,0.46917755622383633,-0.46823487935248614,0.028724792975099597,-0.0020084740403957,-0.005929207329943156,-0.015689607945655378,0.0010182968612745661,0.004729108075396771,-7.936228388342958e-05,-1.0042485770371166e-05
50,7,7,25.80867576599121,1.0842342963276816,0.45243884563987397,-0.45159985400785235,0.025554704556196378,-0.0018091652357825163,-0.009239321901845232,-0.01491753614179105,0.0011248898054495983,0.004336143594419461,-7.259465486352506e-05,-1.1024425711631562e-05
50,7,8,25.78200912475586,1.0779969788341799,0.4358070491699953,-0.4350245727719833,0.022391992818786288,-0.0016130586665817754,-0.012755082526733914,-0.014260390384744923,0.0012407509596635954,0.003970862173682873,-6.605902242054715e-05,-1.2042052659946623e-05
50,7,9,25.756284713745117,1.0719490440609805,0.41930242156210573,-0.4185181075271663,0.01923765956380759,-0.001420686872889736,-0.016491343735388467,-0.013693056645499834,0.0013651948234046324,0.0036324836821980825,-5.974843627587721e-05,-1.309772829125688e-05
50,7,10,25.73149299621582,1.066110557814986,0.4029479769661294,-0.40208988100196486,0.016092716110497243,-0.001232592343012278,-0.02045860517930265,-0.013200209583585507,0.0014979497844954221,0.0033200550909732594,-5.3650472806484444e-05,-1.419469068785086e-05
50,7,11,25.707612991333008,1.0604968262671643,0.3867699189013521,-0.38574964171077053,0.012958176157666887,-0.0010493159331271401,-0.024665464666423175,-0.01277182239640414,0.0016389989815447854,0.0030324540829719747,-4.774699612909832e-05,-1.5337028394791414e-05
50,7,12,25.684619903564453,1.055120372063198,0.3707981815188514,-0.36950746395380296,0.009835056973490167,-0.0008713826444529778,-0.029119279328366218,-0.012400843706515171,0.0017884783513498247,0.0027683989329990765,-4.201369888537135e-05,-1.652950367932011e-05
50,7,13,25.662498474121094,1.0499920380277845,0.3550670659031497,-0.35337382299845455,0.006724377015928073,-0.0006992876335795847,-0.03382560191609736,-0.01208188693387604,0.0019465932368992397,0.002526469787454897,-3.6420325643691754e-05,-1.7777314985010808e-05
50,7,14,25.641237258911133,1.0451215911827316,0.33961570189334667,-0.33735959507929075,0.003627153553154254,-0.0005334775984350472,-0.03878647124804516,-0.011810396896663976,0.0021135279371198704,0.0023051386839885,-3.0930815628119443e-05,-1.9085730478791616e-05
50,7,15,25.620824813842773,1.0405179882692532,0.32448821653931975,-0.32147605739804985,0.0005443976069588358,-0.0003743355450897627,-0.043997577883706895,-0.011582088542441705,0.002289341140109697,0.0021028105910236503,-2.550397292382421e-05,-2.0459637281352376e-05
50,7,16,25.601261138916016,1.0361893988040731,0.3097333669403001,-0.3057349382445397,-0.002522886047251576,-0.00022216265947601785,-0.04944433399820238,-0.011392506737307009,0.002473842665061235,0.001917872047196987,-2.0094318196496808e-05,-2.190311339817914e-05
50,7,17,25.58254623413086,1.0321429392052655,0.2954030878238575,-0.29014841699663757,-0.005573701557475409,-7.716632873323975e-05,-0.05509669204396784,-0.011236646083794632,0.0026664481144554036,0.0017487361908379057,-1.4653190187397908e-05,-2.341894776344129e-05
50,7,18,25.564699172973633,1.0283841434081156,0.28154941003016526,-0.27472912412029055,-0.008607062590009791,6.055062306569499e-05,-0.060902725370251536,-0.011108552730152477,0.0028660049011029268,0.0015938856994725734,-9.129702152368876e-06,-2.5008236493126336e-05
50,7,19,25.547727584838867,1.0249160953324525,0.2682189997173892,-0.25949009104861837,-0.0116219961962594,0.0001909942775411209,-0.06678110777529275,-0.011000923178180192,0.003070596577581581,0.0014519018594881536,-3.471988025068489e-06,-2.667000021732828e-05
50,7,20,25.53163719177246,1.0217382207402501,0.25544480956859944,-0.24444464994012058,-0.014617540433161783,0.0003142783201900904,-0.07261338232791383,-0.010904750113590407,0.00327733710112212,0.0013214836609122481,2.3719241439953053e-06,-2.8400854921156708e-05
50,7,21,25.51643180847168,1.0188447332477122,0.2432352472802493,-0.2296063584973314,-0.01759275239425189,0.0004306156368694576,-0.07823829271473173,-0.010809298394507809,0.0034822111078716793,0.0012014557773207238,8.452864472827213e-06,-3.0194733051319854e-05
50,7,22,25.50208854675293,1.016222911525043,0.23156318698804887,-0.21498882454368182,-0.020546704045406396,0.0005403031194600908,-0.0834530634284737,-0.010702867416623746,0.0036800851538212275,0.001090767425850879,1.4819236687521326e-05,-3.204271001847568e-05
50,7,23,25.48855972290039,1.0138518738510824,0.2203601211993405,-0.20060544288879206,-0.023478480440162684,0.0006437001081743444,-0.08802773998441774,-0.010574726039979726,0.0038650391914569655,0.0009884864772694772,2.151560208056265e-05,-3.393299122544504e-05
50,7,24,25.47577667236328,1.0117030406817415,0.2095219984491196,-0.18646921990533366,-0.026387184478868196,0.0007412019277640603,-0.09173529178473551,-0.01041792993841018,0.004031083636365036,0.0008937902410791866,2.8580954352384253e-05,-3.585118447473523e-05
50,7,25,25.463642120361328,1.0097432116695613,0.1989282335103688,-0.1725924101525289,-0.029271940478042466,0.000833212063621785,-0.0943895594289336,-0.010231569676317285,0.004173047661917205,0.0008059548256414764,3.6047139121112216e-05,-3.778085451242712e-05
50,7,26,25.45206642150879,1.0079399789971761,0.18846741911398435,-0.15898634095301276,-0.03213188703165307,0.0009201181461809819,-0.09587463055767152,-0.01002071168039783,0.004287228297477026,0.00072434497329403,4.3937635296705125e-05,-3.97044440250404e-05
50,7,27,25.440954208374023,1.0062671824682954,0.17805854723125256,-0.14566113672790137,-0.034966188908989,0.001002272715120085,-0.09615357463558992,-0.009794020100571692,0.004371535253372136,0.000648401093000527,5.226706949229166e-05,-4.16043665125744e-05
50,7,28,25.43023109436035,1.0047083499825582,0.1676625200820074,-0.1326256814061197,-0.03777402991593667,0.0010799792685529136,-0.09525938153607257,-0.009560612303838844,0.0044252566913361695,0.0005776271479905491,6.104134323909177e-05,-4.346418023521658e-05
50,7,29,25.419843673706055,1.0032572088328606,0.15728490305098836,-0.11988749312215996,-0.040554620033703914,0.001153486433999598,-0.093278039875116,-0.009327856819548,0.004448718336848338,0.0005115770709164954,7.025903855615513e-05,-4.526972973058393e-05
50,7,30,25.409746170043945,1.0019160314679383,0.1469739386616822,-0.10745278686720237,-0.043307202557544014,0.001222987191182703,-0.09033145729725885,-0.009100499921050186,0.004443007422868541,0.0004498426039940372,7.991317413683354e-05,-4.701009924005536e-05
50,7,31,25.399911880493164,1.0006928652348634,0.13681647637169841,-0.09532649328445142,-0.046031039819307666,0.0012886195715107152,-0.08656293060161306,-0.00888076067122326,0.00440977767281691,0.00039204099664421927,8.999352314258816e-05,-4.867822562569956e-05
50,7,32,25.39033317565918,0.9995986215745043,0.1269337333873997,-0.08351232758536867,-0.04872543222404034,0.0013504750518799132,-0.08212573994884642,-0.008668861176450852,0.004351111011024449,0.0003378062418446862,0.00010048923196868327,-5.027125833735966e-05
50,7,33,25.381006240844727,0.998644531879217,0.117477357422462,-0.07201293991236261,-0.05138969921338495,0.0014086060158315808,-0.07717408744594445,-0.008463650885646604,0.004269391036944961,0.0002867815949660954,0.00011139125904730874,-5.179058535622697e-05
50,7,34,25.371938705444336,0.9978402648049314,0.10862581342894834,-0.060830028110806074,-0.05402319830217918,0.0014630370230082192,-0.07185630635304673,-0.008263135843753898,0.004167190877297441,0.0002386151325734159,0.00012269469574419014,-5.32415445725838e-05
50,7,35,25.36313819885254,0.9971927245943685,0.10057999205953015,-0.04996450375450624,-0.05662530604185813,0.0015137767780932466,-0.06631003008474151,-0.008064893890616152,0.004047161038208462,0.00019295678371021927,0.00013440066527399712,-5.463295031558411e-05
50,7,36,25.354612350463867,0.9967054793771977,0.09355541057741032,-0.03941663624328242,-0.05919543705705169,0.0015608294779875967,-0.06065883105720417,-0.007866342289164295,0.003911923269943676,0.00014945741553424124,0.00014651763208319018,-5.597647070748539e-05
50,7,37,25.346378326416016,0.9963786790555128,0.0877676279031217,-0.02918620316565588,-0.06173302024983783,0.0016042072470717444,-0.055010440014737656,-0.007664920312871778,0.003763981423738938,0.00010776851269608502,0.0001590624133637841,-5.728586232822548e-05
50,7,38,25.338428497314453,0.9962093426734333,0.0834075169461924,-0.019272626565037528,-0.06423752259548929,0.001643941173500755,-0.04945586096130742,-0.007458164281694989,0.003605642503891222,6.754285420640307e-05,0.00017206017905334783,-5.857623730946641e-05
50,7,39,25.33077621459961,0.996191854488465,0.0806077980105408,-0.009675100591386484,-0.06670843486502558,0.0016800895475653746,-0.044069592427657664,-0.007243748581720678,0.0034389607245382766,2.8435332801432704e-05,0.00018554440219015718,-5.9863304485064575e-05
50,7,40,25.323415756225586,0.9963185810783143,0.07941003547161823,-0.00039270818892249995,-0.0691452763843623,0.0017127461000531234,-0.03891043351580635,-0.007019467656540259,0.0032656959443687398,-9.89575069695451e-06,0.00019955559296958936,-6.116259108386071e-05
50,7,41,25.31633949279785,0.9965804984070238,0.07974795849162988,0.008575504505668121,-0.07154759503431118,0.00174204217841915,-0.03402287208678661,-0.006783205992873642,0.003087293537519493,-4.778730692844811e-05,0.00021414004521172922,-6.248884602748547e-05
50,7,42,25.309547424316406,0.99696777768635,0.08145831992425069,0.01723048039175295,-0.07391496725058003,0.0017681498556017374,-0.029438812751459542,-0.006532893599244592,0.0029048838707418237,-8.556982223194295e-05,0.00022934792503474916,-6.385541079869797e-05
50,7,43,25.303024291992188,0.9974702830262279,0.08431529201597143,0.025573091103049665,-0.07624698850547405,0.001791280997377652,-0.02517951559191398,-0.006266464486093692,0.002719292237244293,-0.00012356550022950518,0.00024523092513587533,-6.527377191474008e-05
50,7,44,25.29676628112793,0.9980779686222445,0.08807199703197481,0.033604137790765105,-0.07854329710364262,0.0018116822882573323,-0.021257550687660266,-0.005981821148766551,0.002531069965305918,-0.00016208628466171004,0.00026184015488537834,-6.675320420319831e-05
50,7,45,25.29076385498047,0.9987811642050836,0.09249353760327536,0.04132435973812433,-0.08080355038633251,0.0018296294801762028,-0.01767870917864045,-0.005676814557929699,0.0023405281410585274,-0.00020143161206984984,0.00027922342227118497,-6.830044002143974e-05
50,7,46,25.285011291503906,0.9995707576273133,0.09737550352175206,0.04873446490279203,-0.0830274342496866,0.0018454219520675364,-0.014443716768313268,-0.005349246160528985,0.002147781787945824,-0.00024188613479098514,0.00029742282612378525,-6.991949413748956e-05
50,7,47,25.279502868652344,1.0004383022369665,0.10254999317211806,0.055835161242432874,-0.08521467266304256,0.0018593698082781042,-0.011549728593755176,-0.004996877884581645,0.001952798620978496,-0.00028371721536188616,0.0003164724972756814,-7.161159238520365e-05
50,7,48,25.27423667907715,1.0013760482490994,0.10788405462168202,0.06262723816116855,-0.08736499911403675,0.001871787660937161,-0.008991553438663785,-0.004617466155469282,0.0017554459710709097,-0.00032717211217654044,0.00033639624043114237,-7.337508734765402e-05
50,7,49,25.26921272277832,1.0023769295207292,0.11327482639058606,0.06911161036536229,-0.08947819468179909,0.0018829829718982974,-0.0067625875332711985,-0.004208808918460529,0.0015555396700046833,-0.00037247511764420914,0.000357205300148076,-7.52054518712355e-05
50,7,50,25.26443099975586,1.0034345104739106,0.11864388809124611,0.07528940557518791,-0.09155405948205683,0.0018932454827667166,-0.004855482965424421,-0.0037688069180623856,0.001352888883430039,-0.0004198245182245409,0.0003788963253992914,-7.709532446691958e-05
50,7,51,25.2598934173584,1.0045429025411163,0.12393210075218522,0.0811620334408627,-0.09359242218543336,0.0019028371112488386,-0.0032625618978952987,-0.0032955452370754734,0.0011473401596164016,-0.0004693890557184463,0.0004014497809373852,-7.903458714097548e-05
50,7,52,25.255603790283203,1.0056966703468975,0.1290953279785213,0.08673125445888026,-0.09559314001744819,0.0019119863552843894,-0.001976008366141276,-0.0027873783373264993,0.0009388176876576951,-0.0005213042935600702,0.00042482808561296965,-8.10104497115845e-05
50,7,53,25.251562118530273,1.0068907201741482,0.1341010747751061,0.09199925515335541,-0.09755608924021818,0.0019208781893960043,-0.0009878481930463289,-0.0022430308579482164,0.0007273594383611868,-0.0005756692206060201,0.0004489744953656082,-8.30076314138558e-05
50,7,54,25.247772216796875,1.0081201799149093,0.13892592343647406,0.09696871072714494,-0.09948116515245764,0.0019296509558737213,-0.00028976949749721605,-0.001661706917732628,0.0005131495799452586,-0.0006325420236841961,0.00047381196139232863,-8.500860087788271e-05
50,7,55,25.244230270385742,1.0093802772109255,0.14355360943193188,0.10164282891763222,-0.10136831064437435,0.0019383920124332724,0.00012719765109322497,-0.001043202356391855,0.0002965461882326617,-0.0006919372376267106,0.0004992431301476226,-8.699387447984006e-05
50,7,56,25.24094009399414,1.010666207823503,0.1479735378738888,0.10602541891295995,-0.10321746860617613,0.0019471385094199597,0.0002731060998107302,-0.0003880203211713534,7.810344258066916e-05,-0.0007538227528044527,0.0005251506412125297,-8.894240549558911e-05
50,7,57,25.237895965576172,1.0119730105449047,0.15217967573312613,0.11012092267759062,-0.10502861048296686,0.0019558773898086562,0.00015959012178431447,0.0003025192432070343,-0.00014141356321669226,-0.0008181182001457432,0.0005513984180606664,-9.083218080287193e-05
50,7,58,25.235090255737305,1.0132954454692669,0.15616963755903662,0.11393440868719439,-0.10680173627474653,0.0019645483425785363,-0.0001996093213624803,0.0010261867688337888,-0.00036102372329875057,-0.0008846944761418205,0.000577834299235132,-9.264079163993219e-05
50,7,59,25.232515335083008,1.0146278885559223,0.15994395749932203,0.11747161578443363,-0.10853685549981386,0.001973050175784864,-0.0007881418615288892,0.0017797720931180734,-0.0005795348376439491,-0.0009533752628292842,0.0006042929177496498,-9.434621191272515e-05
50,7,60,25.230159759521484,1.0159642414945387,0.1635054493733375,0.12073893438362675,-0.11023400623136365,0.001981249054920086,-0.0015866126498494666,0.0025590419696864724,-0.0007955593869469623,-0.0010239407327472993,0.0006306010627320741,-9.592759595980802e-05
50,7,61,25.228012084960938,1.017297878062173,0.16685863150519736,0.1237434064707481,-0.11189324557918809,0.0019889864303933723,-0.0025722797813210766,0.0033587460087282765,-0.0010075443913322415,-0.0010961326788783434,0.0006565824949745753,-9.736612171848412e-05
50,7,62,25.226051330566406,1.0186216219486555,0.1700091718105162,0.12649266295230727,-0.11351465920797552,0.001996088830299461,-0.0037189335568777447,0.004172669108358846,-0.00121381259985708,-0.0011696636345428632,0.0006820645000534798,-9.864583389094721e-05
50,7,63,25.224266052246094,1.01992776902565,0.17296339649941855,0.1289949111251249,-0.1150983327824142,0.002002378585832158,-0.004997000078876459,0.004993732878199068,-0.001412614414446851,-0.0012442257082972267,0.0007068842428697227,-9.975433144898364e-05
50,7,64,25.222640991210938,1.0212081717488068,0.17572787939025336,0.13125888455543616,-0.11664439004038728,0.0020076865774279105,-0.006373904185143173,0.005814157341826959,-0.0016021879504318054,-0.0013195027437932672,0.000730894625740825,-0.00010068331244901943
50,7,65,25.221153259277344,1.0224543577080403,0.17830903221945793,0.13329374283709736,-0.11815296423807656,0.002011861716653104,-0.007814698183434906,0.006625665034535582,-0.0017808234104630075,-0.001395182099642218,0.0007539712386795133,-0.00010142896967161868
50,7,66,25.219789505004883,1.0236577160135338,0.18071288380252476,0.1351090340009136,-0.11962422670485864,0.0020147810498544576,-0.009282931279744095,0.0074197263708582085,-0.0019469277198451863,-0.001470967664264381,0.0007760153877294027,-0.0001019920943957783
50,7,67,25.218536376953125,1.0248097028059298,0.18294489251884113,0.13671458174262138,-0.12105836780670756,0.0020163597063686447,-0.010741726938424269,0.008187820769640959,-0.002099085044553139,-0.0015465903057684234,0.0007969587119357943,-0.00010237792722337937
50,7,68,25.21738052368164,1.0259020983923397,0.1850099446915809,0.13812043530199195,-0.12245559694619473,0.00201655664983098,-0.012154985034335177,0.008921717288459958,-0.0022361072446968086,-0.0016218189868229926,0.0008167642258874675,-0.00010259580784094262
50,7,69,25.216306686401367,1.0269272558260092,0.18691243641566752,0.1393367566908139,-0.12381616159908637,0.0020153793413986783,-0.0134886238462395,0.009613729745818733,-0.0023570734791842868,-0.0016964681745711267,0.0008354261707821382,-0.00010265860426100775
50,7,70,25.215309143066406,1.0278783517131587,0.18865647346111072,0.14037378310222087,-0.1251403187594474,0.0020128863822440374,-0.014711762123688908,0.010256949832803116,-0.002461353994661306,-0.001770403540564416,0.0008529695676228335,-0.00010258209666225871
50,7,71,25.214374542236328,1.0287496068450843,0.19024612297169877,0.1412417141386739,-0.12642838253113492,0.002009186425469008,-0.015797754301032352,0.010845436703890684,-0.0025486196672287282,-0.001843545665720208,0.000869446493854346,-0.0001023840888221257
50,7,72,25.2134952545166,1.0295364562282996,0.19168569223784832,0.14195069928173748,-0.1276806765363048,0.0020044381761051963,-0.01672501234670509,0.01137434703924747,-0.002618835728436526,-0.0019158692803303862,0.000884933104672397,-0.00010208374655565644
50,7,73,25.212665557861328,1.0302356627388984,0.1929799496135964,0.14251071258983794,-0.12889757198860638,0.0019988423081935443,-0.01747751546783581,0.011840016083543632,-0.0026722424204318846,-0.0019874032640613696,0.0008995244203146728,-0.00010170076752115893
50,7,74,25.21187973022461,1.0308453625388194,0.1941343352762762,0.1429315526982635,-0.13007945913828634,0.0019926355580348705,-0.018045069572281813,0.012239969651703894,-0.002709324671596775,-0.0020582239960309245,0.0009133302551833478,-0.00010125462237067152
50,7,75,25.21112823486328,1.031365053342924,0.19515506651433742,0.14322278016804335,-0.13122676630878624,0.001986080465098696,-0.018423221659328044,0.012572897115969019,-0.002730774452511831,-0.002128451744849862,0.0009264694590428008,-0.00010076399696312911
50,7,76,25.210407257080078,1.0317955149304159,0.19604918026562035,0.14339371748594784,-0.13233995037844376,0.0019794560455767274,-0.018612968748063913,0.012838567365642525,-0.0027374505177510536,-0.0021982421187207945,0.0009390652504039709,-0.00010024620863395556
50,7,77,25.209712982177734,1.0321386868696532,0.19682445519915392,0.14345339894359183,-0.13341950629879126,0.00197304831049556,-0.018620190221864747,0.01303772475725333,-0.0027303347492565887,-0.002267779035519339,0.0009512402520396295,-9.971684298503236e-05
50,7,78,25.209047317504883,1.0323975102093927,0.1974892918102858,0.1434105831676587,-0.13446594805795867,0.0019671368978100012,-0.01845499456357232,0.013171957051300604,-0.002710492943801101,-0.0023372648429082336,0.0009631128172656829,-9.918936473109354e-05
50,7,79,25.20839500427246,1.0325757507355067,0.19805252470067577,0.14327371552922805,-0.1354798277172706,0.0019619863677196514,-0.018130935701124687,0.013243558346602622,-0.0026790384760362416,-0.002406912338429514,0.0009747923633255273,-9.867496852417717e-05
50,7,80,25.207767486572266,1.0326778265026288,0.1985232329489257,0.1430509532042239,-0.13646172589294778,0.0019578342337292056,-0.017664203011862698,0.013255397017041634,-0.0026371024969640503,-0.002476936979594491,0.000986377187016769,-9.818245572165036e-05
50,7,81,25.207155227661133,1.0327086403918142,0.19891053623114763,0.14275017770363896,-0.13741224223780837,0.0019548844341358887,-0.01707284425349069,0.013210791652142376,-0.002585809099329796,-0.0025475471939956753,0.0009979515852900826,-9.771819547084878e-05
50,7,82,25.206558227539062,1.0326734142971479,0.19922337750137,0.14237895728286198,-0.13833200495956666,0.0019532986273460367,-0.016376004299831187,0.013113390999567409,-0.0025262588483561704,-0.002618939629361644,0.0010095840680347094,-9.728615065265032e-05
50,7,83,25.205974578857422,1.0325775862102025,0.19947037031844678,0.14194458453235048,-0.13922165178423554,0.0019531932385003672,-0.015593282412534794,0.012967104932051934,-0.002459518063649674,-0.0026912915536448255,0.0010213267623402887,-9.688808543006446e-05
50,7,84,25.205411911010742,1.032426692561481,0.1996596778510266,0.14145408890785463,-0.14008183947442543,0.0019546341744876173,-0.01474412770770892,0.012776013403796097,-0.002386610192442336,-0.002764757055065389,0.0010332143203102195,-9.652361713537957e-05
50,7,85,25.204858779907227,1.0322262975477356,0.19979889779605162,0.14091419913974498,-0.14091325334764276,0.001957635114096016,-0.013847362377964863,0.01254432142890073,-0.0023085158095917137,-0.0028394632421551397,0.001045264614089521,-9.6190527593047e-05
50,7,86,25.204326629638672,1.031981945987967,0.19989502999310738,0.14033141841435728,-0.14171656920309528,0.001962160772269565,-0.01292077998723647,0.012276321063157547,-0.002226171049079391,-0.0029155077737860473,0.0010574793316030005,-9.588498364005716e-05
50,7,87,25.203811645507812,1.0316991169906016,0.1999544340337315,0.13971196172287173,-0.14249249139488687,0.0019681269001080377,-0.011980826740767407,0.011976355386797748,-0.0021404725709324064,-0.002992957719183414,0.0010698455651903663,-9.560184844882368e-05
50,7,88,25.203319549560547,1.0313832067618507,0.19998284861051133,0.13906180598220969,-0.1432417242771214,0.0019754075905834226,-0.011042355852270778,0.011648799495387102,-0.0020522765155555865,-0.003071852407892955,0.0010823372016619513,-9.533498636417391e-05
50,7,89,25.202842712402344,1.0310394969701406,0.1999853837605838,0.13838663991413688,-0.14396497220390267,0.001983837610151551,-0.010118453691194892,0.011298031485929004,-0.0019624009871922607,-0.0031522028597873834,0.0010949174045410766,-9.507757422623295e-05
50,7,90,25.202388763427734,1.0306731558046778,0.19996659401801015,0.1376919141661602,-0.1446629300110359,0.0019932207925539643,-0.009220347588091496,0.010928420451113993,-0.0018716284066765195,-0.0032339967250093484,0.0011075415927548884,-9.482251646760244e-05
50,7,91,25.201953887939453,1.0302892082630564,0.19993055277171573,0.13698284131152755,-0.1453363115709236,0.002003335790126601,-0.00835734590810511,0.010544282458234716,-0.0017807019823048269,-0.0033172017039319345,0.0011201595257179437,-9.456267211963005e-05
50,7,92,25.201539993286133,1.0298925051816308,0.19988083331285994,0.136264320667883,-0.145985811719371,0.002013946954654071,-0.007536845294836957,0.010149853536247378,-0.0016903233570837643,-0.003401770487101599,0.0011327188777612131,-9.42912893672685e-05
50,7,93,25.20114517211914,1.0294876968071096,0.19982062822494634,0.13554101347861175,-0.14661211577388453,0.0020248105550006667,-0.006764394548054118,0.009749239651811466,-0.0016011480339339738,-0.003487647215163559,0.0011451679189538352,-9.400223255534514e-05
50,7,94,25.20077133178711,1.0290791951970748,0.19975279555191824,0.13481731785239176,-0.1472159090519706,0.0020356837926753324,-0.00604377694032506,0.00934636968676709,-0.0015137772717657148,-0.003574774128784975,0.0011574586923733415,-9.369026756787231e-05
50,7,95,25.200414657592773,1.0286711152375125,0.19967987004054802,0.1340973186422971,-0.147797867352837,0.0020463325738704304,-0.005377161350362444,0.008944933408424234,-0.0014287527264320561,-0.003663096888593507,0.0011695496949274092,-9.335129532021035e-05
50,7,96,25.200071334838867,1.0282672344679995,0.19960411018496732,0.13338481250624631,-0.14835863792079543,0.002056538348855856,-0.004765270188959589,0.008548331445602488,-0.0013465486082213504,-0.0037525706551070825,0.0011814077638580582,-9.29824620192557e-05
50,7,97,25.19974136352539,1.027870947227461,0.19952755625194094,0.13268332043722664,-0.14889885848185877,0.0020661054176954775,-0.004207570044318328,0.008159617260837127,-0.001267564492892003,-0.003843164648681229,0.001193010062535541,-9.258226293773558e-05
50,7,98,25.19942855834961,1.0274852113167225,0.1994520164105057,0.13199602511217307,-0.14941915724374133,0.0020748646608257414,-0.0037024824126359454,0.007781445625700015,-0.0011921216618356262,-0.003934867849443234,0.0012043448747759008,-9.21505878154619e-05
50,7,99,25.199121475219727,1.027112517768244,0.19937908863878182,0.13132578342219267,-0.1499201433775599,0.0020826802230090153,-0.0032475931116259307,0.0074160376040274265,-0.0011204585272809842,-0.004027689377287756,0.0012154125977379157,-9.168859114146291e-05
50,7,100,25.198827743530273,1.026754870523968,0.1993101749664891,0.13067512647256446,-0.15040240701783403,0.002089450756859788,-0.0028398656452372486,0.007065157040658706,-0.001052732004732809,-0.004121662671828543,0.0012262250468952375,-9.119863378094247e-05
50,7,101,25.198543548583984,1.0264137678854182,0.19924646465545334,0.13004620946184292,-0.15086652878078435,0.0020951140860679305,-0.0024758359648139766,0.006730095054008589,-0.0009890187547021583,-0.004216840552455494,0.0012368048602982241,-9.068412731383801e-05
50,7,102,25.19826889038086,1.0260902199093698,0.1991889653150452,0.12944086180275444,-0.15131307024603433,0.0020996439411424127,-0.002151788626695317,0.006411681541578059,-0.0009293202803363082,-0.0043132990182907635,0.0012471832149109647,-9.01492486555102e-05
50,7,103,25.197999954223633,1.025784757545067,0.19913848937142087,0.1288605745919733,-0.1517425644383111,0.002103051669259833,-0.0018639082548249507,0.00611029718570482,-0.0008735693974874597,-0.004411127368302885,0.0012573991315834184,-8.959873250815357e-05
50,7,104,25.197738647460938,1.0254974680025184,0.19909564393551468,0.12830645048922507,-0.152155544382342,0.0021053846798566663,-0.0016084056498366544,0.005825911471773104,-0.000821639580367541,-0.00451042972128921,0.0012674960992017986,-8.903763138274011e-05
50,7,105,25.197484970092773,1.0252280381095797,0.1990608563866681,0.12777926636840722,-0.1525525240662568,0.002106720537879798,-0.0013816159104838382,0.005558121706902686,-0.000773353915077631,-0.004611313236011979,0.001277519890315294,-8.847104967738913e-05
50,7,106,25.197237014770508,1.0249758097793678,0.1990343642680876,0.12727944825714105,-0.15293400795988668,0.0021071663420234262,-0.001180075564327029,0.005306211547982407,-0.0007284971247861652,-0.004713884691237819,0.0012875161781833986,-8.790389721341744e-05
50,7,107,25.196996688842773,1.0247398366220937,0.19901623064589768,0.1268071089274439,-0.15330048149646539,0.0021068504863679684,-0.0010005694882161142,0.005069205527786877,-0.0006868253728633413,-0.004818244785803587,0.0012975281538232424,-8.734069465853682e-05
50,7,108,25.196762084960938,1.0245189386524962,0.19900635754443516,0.12636206042595344,-0.15365242059092796,0.0021059173753937,-0.0008401578258301584,0.004845922080374369,-0.0006480757392443795,-0.004924477118743655,0.0013075934480290606,-8.678539840773172e-05
50,7,109,25.196533203125,1.0243117651019733,0.19900452353202158,0.12594386419482434,-0.15399030115820944,0.002104522916198272,-0.0006961910516217025,0.0046350300681619275,-0.0006119758275012404,-0.005032645909316243,0.0013177436349237205,-8.6241270865391e-05
50,7,110,25.196308135986328,1.0241168556367493,0.19901037496459617,0.12555184360195226,-0.15431458007664745,0.0021028269018987153,-0.000566315938772839,0.004435112812594525,-0.0005782529144347378,-0.005142787637099984,0.0013280008561091078,-8.571078315690663e-05
50,7,111,25.196090698242188,1.0239326838821634,0.1990234551785887,0.1251851215316465,-0.15462570470628093,0.002100987415763535,-0.0004484583961767065,0.004244706612594474,-0.0005466393417984621,-0.005254908002029043,0.0013383783171145975,-8.519556324152628e-05
50,7,112,25.195877075195312,1.0237577001649125,0.19904322566090435,0.12484264544507807,-0.1549241224071488,0.00209915274829239,-0.0003408107299381426,0.004062340013370244,-0.0005168778426684743,-0.005368975084472112,0.001348878996631026,-8.469642185592712e-05
50,7,113,25.19567108154297,1.0235903744226371,0.19906909617303722,0.12452325003140075,-0.15521027102099136,0.002097459065604463,-0.00024181127000639315,0.0038865715745064707,-0.0004887261489164774,-0.005484922765192917,0.001359495050772524,-8.421333305653546e-05
50,7,114,25.195466995239258,1.0234292297482115,0.1991004302691735,0.12422566973797497,-0.15548457887125008,0.002096023570044349,-0.00015012571516758791,0.0037160228857777383,-0.0004619602589212852,-0.005602643505433609,0.0013702088059734613,-8.374556393739519e-05
50,7,115,25.195270538330078,1.0232728570363387,0.19913659024630462,0.12394861395171293,-0.15574746476306783,0.002094942013129647,-6.461654726985512e-05,0.0035493845700238116,-0.0004363744375688217,-0.005721994046848923,0.0013809934540163086,-8.32917200314216e-05
50,7,116,25.19507598876953,1.0231199373858078,0.19917695754921713,0.12369077952930263,-0.15599935701988615,0.0020942857421762306,1.567787848829782e-05,0.0033854350421347414,-0.0004117825560138238,-0.005842796171497406,0.0013918137470595,-8.284986854237636e-05
50,7,117,25.19489097595215,1.0229692430917168,0.19922091647543938,0.12345087585765625,-0.15624065541025048,0.0020941012339759212,9.156613397982562e-05,0.0032230447610874864,-0.00038801756884600654,-0.005964839361810687,0.001402627884141629,-8.241773292167006e-05
50,7,118,25.1947078704834,1.022819644981836,0.19926791307438677,0.12322767497480673,-0.15647176922100492,0.0020944072968625336,0.00016372526710088723,0.003061171977909291,-0.000364930501099507,-0.006087886880523251,0.0014133890005268678,-8.199269935425557e-05
50,7,119,25.194530487060547,1.0226701117330805,0.19931741544749254,0.12301998650945947,-0.15669308870239623,0.002095198801290482,0.0002327189448717932,0.002898869989151924,-0.0003423895986479032,-0.006211684130575879,0.0014240471534988557,-8.157208916615159e-05
50,7,120,25.194358825683594,1.0225197035109788,0.19936896554849573,0.12282672033211309,-0.15690500410467112,0.0020964477679202074,0.0002990156106861249,0.0027352703788649873,-0.0003202781715146441,-0.006335958655115643,0.0014345511095752047,-8.115318476801633e-05
50,7,121,25.194190979003906,1.022367562143206,0.1994221780173316,0.12264689908528362,-0.15710789615977766,0.0020981061655521356,0.00036300331545329964,0.002569573263923661,-0.00029849250253770993,-0.006460434577329119,0.0014448502310116928,-8.073345017552368e-05
50,7,122,25.194028854370117,1.0222129044900066,0.19947670767586378,0.12247959553238366,-0.15730214559966385,0.002100109330823732,0.00042500148887744996,0.0024010470439089033,-0.0002769408670561715,-0.006584836780394104,0.0014548970573343243,-8.031056343883027e-05
50,7,123,25.193872451782227,1.0220550049076358,0.19953226447070055,0.12232399520884325,-0.15748810460138166,0.0021023818749589637,0.0004852699016811159,0.0022290076411639343,-0.0002555410004338015,-0.006708897747400611,0.0014646473053393288,-7.988255284633729e-05
50,7,124,25.1937198638916,1.0218932005079369,0.19958862723183735,0.12217938389188562,-0.15766612534198296,0.0021048387718537293,0.0005440174323269276,0.0020528211270521507,-0.00023421946085533876,-0.006832364401271863,0.0014740633442324716,-7.944782935415753e-05
50,7,125,25.193572998046875,1.0217268632886964,0.1996455970557905,0.12204508494940647,-0.15783655048022102,0.0021073935964369492,0.0006014097842021854,0.001871884712852223,-0.0002129093582670168,-0.006955005704676507,0.0014831135006011904,-7.900524495915617e-05
50,7,126,25.193429946899414,1.0215554268473501,0.1997030501213946,0.12192053452131887,-0.15799972267484905,0.002109961322604521,0.0006575670572781119,0.0016856435077847848,-0.00019155151441413565,-0.00707661494000228,0.0014917735477600143,-7.855412512841778e-05
50,7,127,25.19329071044922,1.021378350045915,0.1997608762528947,0.12180521886843254,-0.1581559560297242,0.0021124622092387035,0.0007125737907393853,0.0014935657571520976,-0.0001700916526091985,-0.007197015789285783,0.0015000275000681207,-7.809424934156621e-05
50,7,128,25.193159103393555,1.0211951399327839,0.19981897800463905,0.12169863678178133,-0.15830556464870357,0.002114826307990601,0.0007664754645271303,0.0012951664786592823,-0.00014848206426476077,-0.0073160615742212535,0.0015078671164808616,-7.762583163308422e-05
50,7,129,25.193029403686523,1.0210053562102746,0.1998772781339549,0.12160032464307155,-0.15844885311734563,0.002116997038417996,0.0008192809276796649,0.0010900105889118346,-0.0001266818948181838,-0.00743363829612546,0.0015152910069425134,-7.71494751910596e-05
50,7,130,25.192903518676758,1.0208086057261405,0.199935688675295,0.12150980630378536,-0.15858611650291005,0.002118931654307674,0.0008709678723887635,0.0008777134661851796,-0.00010465651469717699,-0.007549662355964032,0.0015223052281244437,-7.666608804057077e-05
50,7,131,25.19278335571289,1.0206045642210093,0.19999414113347724,0.12142664320607738,-0.1587176403543579,0.00212060341984628,0.0009214804879755441,0.0006579571456818101,-8.237878555799186e-05,-0.007664080554351459,0.0015289216947899987,-7.617689601547355e-05
50,7,132,25.192665100097656,1.020392982032496,0.20005255553845186,0.12135038426187808,-0.15884370070235146,0.002122001765061092,0.000970732753555889,0.00043050232528175415,-5.98299262289615e-05,-0.007776864771612545,0.001535157584056336,-7.568328061106582e-05
50,7,133,25.19255256652832,1.0201736841291358,0.2001108326260259,0.12128056585289376,-0.15896455454095568,0.002123132130379246,0.0010186161758041837,0.0001951899756887955,-3.6998957199550735e-05,-0.007888009687808738,0.0015410329524417551,-7.518674655462036e-05
50,7,134,25.192440032958984,1.01994659429694,0.20016884580705466,0.12121667423993414,-0.15908045886423547,0.0021240147231015335,0.001065000694436308,-4.803238526601517e-05,-1.3884994145343314e-05,-0.007997527462799584,0.0015465711330244756,-7.468883748877046e-05
50,7,135,25.192337036132812,1.0197117394921782,0.20022647885838762,0.12115820821403307,-0.15919167066625578,0.0021246814085868967,0.0011097443955726263,-0.0002991138308462434,9.503640481013654e-06,-0.008105443176295395,0.0015517965510693573,-7.419108408436257e-05
50,7,136,25.19223403930664,1.0194692497146796,0.20028358777004848,0.12110465403600024,-0.1592984183861854,0.0021251741558446727,0.0011526982861028488,-0.0005578925296322732,3.314913152505619e-05,-0.008211792547883581,0.0015567339297103437,-7.369492620973531e-05
50,7,137,25.192134857177734,1.019219366033998,0.20034001543968,0.12105546037597288,-0.15940093998149185,0.0021255419287190885,0.0011937150192493963,-0.0008240905320866967,5.702402408348734e-05,-0.008316614337116444,0.0015614072970535164,-7.32016610435721e-05
50,7,138,25.192039489746094,1.0189624531965793,0.20039562176194806,0.12101011349476071,-0.15949946389134398,0.0021258388205999566,0.0012326576201307643,-0.0010973069586978493,8.109111934587414e-05,-0.008419947303546282,0.0015658388939904552,-7.271246253258148e-05
50,7,139,25.19194793701172,1.0186989741563004,0.20045026055308673,0.12096811218339758,-0.15959419951831316,0.002126118458554764,0.0012694092814411512,-0.0013770394438446549,0.00010530558022622527,-0.008521825646778065,0.0015700484791703756,-7.222827761720233e-05
50,7,140,25.19186019897461,1.018429508212963,0.20050377944870204,0.12092893017246902,-0.15968536578326956,0.0021264322934801422,0.0013038786317151304,-0.001662665626931325,0.00012961393879563243,-0.008622278246478213,0.0015740539247382972,-7.174985866107105e-05
50,7,141,25.191774368286133,1.0181547228507657,0.20055604238582997,0.12089210384368135,-0.15977315305218714,0.0021268275793717905,0.0013360119181897079,-0.0019534764183209417,0.00015395673904392078,-0.00872132714239215,0.0015778692305411517,-7.127777642280835e-05
50,7,142,25.191688537597656,1.0178753760334212,0.20060696725719435,0.12085723222986165,-0.15985777072763738,0.0021273425546604378,0.0013657953116701165,-0.002248681314381237,0.0001782697214250563,-0.008818986014361865,0.0015815063113422854,-7.081239411244559e-05
50,7,143,25.191612243652344,1.0175922921618306,0.20065645745607147,0.12082392689406117,-0.15993939965729556,0.002128007685738048,0.0013932594339447694,-0.002547419152636053,0.00020248455809222636,-0.008915255622378578,0.0015849737060554298,-7.035392576446554e-05
50,7,144,25.19153594970703,1.0173063453167854,0.20070445521780456,0.12079187458067604,-0.1600182111705383,0.0021288417809384344,0.0014184828974005876,-0.002848786000123195,0.00022653154875980133,-0.00901013596644229,0.0015882778685107305,-6.990242326601555e-05
50,7,145,25.191463470458984,1.0170184461440845,0.20075094843684535,0.12076081215499908,-0.1600943956333396,0.0021298527677411395,0.0014415929635560837,-0.003151849910462714,0.00025034048664687405,-0.009103610326746127,0.0015914228695856646,-6.945783472994827e-05
50,7,146,25.191394805908203,1.0167295139112693,0.20079593334823648,0.12073053913344378,-0.1601681053384787,0.002131037848212207,0.0014627620034460352,-0.0034556719339202215,0.0002738430112295171,-0.009195663503465658,0.0015944115886813738,-6.902001746660852e-05
50,7,147,25.191326141357422,1.0164404611060205,0.20083943699180704,0.12070090515332033,-0.1602394925787348,0.002132382877241083,0.00148220848542111,-0.003759326377110803,0.00029697360489278106,-0.009286276496820343,0.001597245614432971,-6.85887768991938e-05
50,7,148,25.191261291503906,1.0161521778964588,0.20088152440464052,0.12067182250305963,-0.16030870964688712,0.0021338660931192214,0.0015001879203179603,-0.004061918061265313,0.0003196713901720021,-0.009375422707117428,0.001599925443288929,-6.816389899322131e-05
50,7,149,25.191198348999023,1.0158655104237488,0.2009222915388091,0.12064325359198924,-0.16037590883571484,0.0021354571848954344,0.0015169839712625855,-0.004362603082173887,0.00034188120809758684,-0.009463080854602712,0.0016024522667255827,-6.774515674242149e-05
50,7,150,25.191139221191406,1.0155812331466487,0.20096182726688386,0.12061519842010915,-0.16044120436480241,0.002137120556632173,0.0015329074658707064,-0.004660609320009661,0.0003635554807905495,-0.009549234979460539,0.0016048271769295715,-6.73323620558852e-05
50,7,151,25.191082000732422,1.015300055804446,0.2010002733907985,0.12058771963854012,-0.16050472949033165,0.002138816415490954,0.0015482800975539321,-0.004955241441724791,0.00038465417878539725,-0.00963386532191915,0.0016070521596947868,-6.69253722439573e-05
50,7,152,25.19102668762207,1.0150225965114985,0.20103774211547049,0.12056087989840293,-0.16056657939528954,0.0021405037251070926,0.0015634344255197608,-0.005245891656201921,0.0004051450824470477,-0.009716963522075106,0.0016091298958429816,-6.65240835323431e-05
50,7,153,25.190975189208984,1.0147493882506171,0.20107437629504407,0.12053476691126666,-0.16062686829926048,0.0021421428480828805,0.0015787003748433533,-0.005532045216889805,0.0004250046315758108,-0.009798526539963524,0.0016110646548310216,-6.612845700568209e-05
50,7,154,25.190927505493164,1.0144808601293673,0.20111033422305388,0.12050949344914869,-0.16068571042182891,0.002143699121125421,0.0015944017791688432,-0.005813296429470602,0.0004442184482412238,-0.009878557415549289,0.0016128611032745505,-6.573854455112162e-05
50,7,155,25.190879821777344,1.0142173469724034,0.2011457140957247,0.12048512216316978,-0.1607431819093844,0.002145140212553447,0.001610846667346343,-0.006089323639879735,0.00046277921276959656,-0.009957065268727059,0.0016145260921624927,-6.535440454170244e-05
50,7,156,25.190832138061523,1.0139590836748482,0.20118063716367343,0.12046175329512317,-0.16079935890831662,0.002146439852875928,0.0016283243000330678,-0.006359911745088015,0.00048068793815148444,-0.010034069099277374,0.001616066770352856,-6.497619263886654e-05
50,7,157,25.1907901763916,1.013706217303283,0.20121521004030618,0.12043943696590546,-0.16085433660161252,0.0021475803218444778,0.0016471031940940813,-0.006624932183517533,0.0004979524342172978,-0.010109590186954436,0.0016174913788902878,-6.460408396173623e-05
50,7,158,25.190746307373047,1.0134588260582107,0.20124950912229772,0.12041822329641327,-0.16090817209906433,0.002148552603894127,0.0016674293116363155,-0.0068843204242595305,0.0005145851836248477,-0.010183652851477336,0.001618808655267909,-6.42382795730074e-05
50,7,159,25.190704345703125,1.0132168845914986,0.20128357376794956,0.12039809975642246,-0.16096092251046423,0.002149355610939449,0.0016895194746777277,-0.007138109983367394,0.0005306056946116026,-0.0102562897724686,0.0016200276348479236,-6.387900647894968e-05
50,7,160,25.19066619873047,1.0129803336841634,0.20131745828743064,0.12037907887615718,-0.16101264494560444,0.002149993850762928,0.0017135686090112277,-0.0073863718948647145,0.0005460356974588301,-0.010327530589585868,0.0016211575515719253,-6.352647871404581e-05
50,7,161,25.190631866455078,1.012749051693872,0.20135117233505614,0.12036109800449665,-0.16106339651427717,0.0021504799140673655,0.0017397480978719668,-0.007629231718891788,0.0005609007783473312,-0.01039740874244289,0.001622207639381507,-6.3180916798672e-05
50,7,162,25.190595626831055,1.012522876121483,0.20138471766685712,0.12034410702054425,-0.16111321528967723,0.002150831365660372,0.001768208745336216,-0.007866855034757128,0.0005752279939280671,-0.010465951590723641,0.0016231860400316223,-6.284248288016366e-05
50,7,163,25.190561294555664,1.012301625289397,0.20141808875736164,0.12032804327317924,-0.16116213934499943,0.0021510713662174718,0.001799079788521741,-0.00809942543039495,0.00058904544651967,-0.010533188014094542,0.001624100498118446,-6.251133910585624e-05
50,7,164,25.190528869628906,1.0120850890875392,0.2014512652211463,0.1203127939903842,-0.16121022579003594,0.0021512230764141878,0.0018324731780528477,-0.00832715250619881,0.0006023820880457532,-0.010599140812292237,0.0016249574674721242,-6.218758276415097e-05
50,7,165,25.190500259399414,1.0118730581880266,0.20148420384557722,0.12029825893036594,-0.16125749366138417,0.0021513138538269768,0.0018684898341246828,-0.008550240359926636,0.0006152653019284253,-0.010663831265070929,0.0016257628061846353,-6.187126574219522e-05
50,7,166,25.190467834472656,1.0116653307767716,0.20151689897405406,0.12028437544200365,-0.16130398103223895,0.002151369346183767,0.0019072188233368783,-0.008768893089336358,0.0006277218180475012,-0.010727274572255053,0.0016265213794510124,-6.156240749766921e-05
50,7,167,25.190441131591797,1.011461682788698,0.20154929217984144,0.12027101822305583,-0.16134970693919765,0.002151414424008611,0.0019487383464931775,-0.008983326797936368,0.0006397781048658782,-0.010789479853739264,0.0016272365631208705,-6.126096911521246e-05
50,7,168,25.19041633605957,1.0112619172750692,0.20158136239349722,0.1202581246224017,-0.16139469041885768,0.0021514702272469525,0.0019931183727337717,-0.009193737579650951,0.0006514584088026546,-0.010850451669470892,0.0016279109387262675,-6.096687924999737e-05
50,7,169,25.190391540527344,1.0110658575243956,0.2016130814863631,0.12024559439824802,-0.16143896954441386,0.0021515538543840766,0.002040427224866142,-0.009400299517861867,0.0006627844928162129,-0.010910192299423603,0.001628545995612622,-6.068000169826218e-05
50,7,170,25.190366744995117,1.0108733317004919,0.20164442083031786,0.12023337742969817,-0.1614825443158662,0.0021516785178858863,0.0020907307561987033,-0.009603181693554851,0.0006737768127803476,-0.010968700983606175,0.0016291425280974903,-6.040019377035172e-05
50,7,171,25.19034194946289,1.0106841844258747,0.20167538968718346,0.12022143612607972,-0.16152545280640945,0.002151853388758125,0.002144087740809217,-0.00980254418340279,0.0006844546481927249,-0.011025972402080055,0.0016297005361808725,-6.012728034714371e-05
50,7,172,25.190319061279297,1.0104982766184938,0.20170600478468173,0.12020977048739263,-0.16156771405264106,0.0021520826639017275,0.0022005620564068463,-0.009998532056890481,0.0006948354486325879,-0.011082001234906696,0.0016302199205730737,-5.9861053880048814e-05
50,7,173,25.190298080444336,1.0103154893473132,0.2017362899571789,0.12019841810430941,-0.16160932805456102,0.002152365255231266,0.002260208031971033,-0.010191271374397824,0.0007049345069896108,-0.011136779122182658,0.0016306998869565382,-5.9601319792264515e-05
50,7,174,25.190279006958008,1.0101357102619213,0.20176626231841047,0.12018737897683002,-0.1616503138487667,0.0021526963440827054,0.0023230834537799126,-0.010380880192471069,0.0007147662011942562,-0.01119030074396939,0.0016311397403034034,-5.934785756341463e-05
50,7,175,25.190258026123047,1.0099588433960636,0.20179597649158604,0.12017671575607523,-0.16169069047185558,0.002153068002976504,0.0023892454495785345,-0.01056746756334362,0.0007243436020923994,-0.011242560020337121,0.0016315381898476405,-5.910044667312297e-05
50,7,176,25.19023895263672,1.0097847942814213,0.20182546481363695,0.12016647856294167,-0.16173045792382756,0.0021534695064991654,0.0024587493361459684,-0.010751136536373647,0.0007336792576960806,-0.011293554671312187,0.001631895136299555,-5.885890551637385e-05
50,7,177,25.19021987915039,1.0096134770118816,0.20185478251273012,0.12015673004855011,-0.1617696352412801,0.0021538873313032354,0.0025316491131951147,-0.010931986159002495,0.0007427842782242937,-0.0113432816569297,0.0016322101825003684,-5.862303303047135e-05
50,7,178,25.190204620361328,1.0094448165163172,0.20188397041803363,0.1201475328640213,-0.16180822242421322,0.0021543095084490143,0.0026079994389719583,-0.011110101471962635,0.000751669316416427,-0.011391748577101875,0.0016324831298706918,-5.83926930116537e-05
50,7,179,25.190189361572266,1.0092787438584678,0.20191311461448466,0.12013899978137264,-0.16184623850922425,0.002154723758115252,0.0026878572765882784,-0.011285570517424154,0.0007603443061153456,-0.011438960751767265,0.0016327150705971651,-5.816771682669205e-05
50,7,180,25.190170288085938,1.0091151856440332,0.2019422494320796,0.12013118092150075,-0.16188368349631327,0.0021551182668030234,0.0027712797537891255,-0.011458475334681905,0.0007688182008504742,-0.01148493262075908,0.0016329070968664286,-5.79479877295049e-05
50,7,181,25.19015884399414,1.008954084847388,0.20197144700518596,0.12012416399597468,-0.1619205764220776,0.002155483086302708,0.0028583184007883347,-0.01162888895871789,0.000777099954151237,-0.011529677863919304,0.0016330607973135951,-5.7733408431691e-05
50,7,182,25.190143585205078,1.0087953711236375,0.20200074249725503,0.12011802418613939,-0.1619568982499199,0.002155811532660967,0.002949037918461424,-0.011796890427389349,0.0007851978006505357,-0.011573219280984587,0.0016331780584428611,-5.75238946166359e-05
50,7,183,25.190128326416016,1.0086389841388574,0.20203018679202409,0.12011281161289146,-0.16199266801643758,0.0021560975436875625,0.003043495599186715,-0.011962551775199077,0.0007931194521474367,-0.01161557739171791,0.0016332614617862848,-5.731936196772521e-05
50,7,184,25.190114974975586,1.0084848822915429,0.20205983170368066,0.1201085763971275,-0.16202790475822798,0.0021563401867378427,0.0031417526865410335,-0.01212592602754497,0.0008008711826479598,-0.011656781835776914,0.001633313688165619,-5.7119771569598394e-05
50,7,185,25.190101623535156,1.0083330109808124,0.2020896837788679,0.12010534359929587,-0.16206258943869375,0.0021565397726933584,0.00324386778996887,-0.01228707021174174,0.0008084593968665841,-0.011696859212854353,0.0016333378155613952,-5.692506504921472e-05
50,7,186,25.190088272094727,1.0081833366038297,0.20211979589574056,0.12010316334029313,-0.16209674109443226,0.0021566997212511666,0.003349913018842939,-0.012446029349353635,0.0008158893884958889,-0.011735841442581533,0.0016333368226644496,-5.673522294889392e-05
50,7,187,25.19007682800293,1.0080358224644863,0.20215017614021505,0.12010203562011929,-0.16213035972544354,0.002156823762989875,0.0034599558728043663,-0.012602842459069676,0.0008231656669777012,-0.011773758924607315,0.0016333141846140919,-5.655019338148868e-05
50,7,188,25.190065383911133,1.007890443735821,0.20218083343981516,0.12010196043877437,-0.16216344533172755,0.0021569192036259236,0.0035740773514225032,-0.012757536553828407,0.0008302918267946368,-0.011810645098545448,0.0016332723836526854,-5.6369943917531894e-05
50,7,189,25.190053939819336,1.0077471762886727,0.20221179973175235,0.12010295032648251,-0.16219601694988173,0.002156993504316528,0.003692345283605017,-0.0129101426484852,0.0008372714624293112,-0.011846534164000902,0.0016332153913680126,-5.619442915576965e-05
50,7,190,25.19004249572754,1.0076060213176574,0.20224306220839547,0.12010499275301956,-0.16222805554330869,0.00215705428165968,0.003814849559117895,-0.013060656741123236,0.0008441062730916883,-0.01188145728061376,0.001633145292843659,-5.6023616666734856e-05
50,7,191,25.190034866333008,1.0074669758430803,0.20227463129720166,0.1201080626579372,-0.16225958014860578,0.0021571100848980207,0.003941664262933105,-0.013209083834138541,0.000850797304449438,-0.011915444088041663,0.001633064570321988,-5.5857435105599923e-05
50,7,192,25.19002342224121,1.0073300408931205,0.20230651778292152,0.12011216004123547,-0.162290590765773,0.002157168686070318,0.004072875004351587,-0.013355424928010319,0.0008573460596498362,-0.011948524225942253,0.0016329759046247532,-5.569583907111094e-05
50,7,193,25.19001579284668,1.0071952219915061,0.2023387255623906,0.12011727237269017,-0.16232108739481044,0.0021572380126561124,0.004208565746341569,-0.013499675020342543,0.000863753126880947,-0.011980728093964391,0.0016328813808355396,-5.55387507325469e-05
50,7,194,25.190004348754883,1.007062541684486,0.20237128935248866,0.12012341218252547,-0.16235108907231538,0.0021573231942009895,0.004348831976200256,-0.013641818103467927,0.0008700187022054587,-0.012012083811783274,0.0016327827861688496,-5.5386111716867034e-05
50,7,195,25.18999481201172,1.0069320104543,0.20240419831818848,0.12013056694051723,-0.16238057676169051,0.002157427961283558,0.004493748108166156,-0.013781841171156797,0.0008761427856233712,-0.01204261493912677,0.0016326818085494901,-5.5237837707456937e-05
50,7,196,25.189985275268555,1.006803640349383,0.2024374882387146,0.12013874917688958,-0.1624095694995332,0.0021575540237523455,0.004643408312470303,-0.013919739221013123,0.0008821251810719964,-0.012072348075687635,0.0016325797387434907,-5.509385735948901e-05
50,7,197,25.18997573852539,1.0066774669612404,0.2024711948320191,0.12014797142186669,-0.16243808632244083,0.002157701381607352,0.004797898527680179,-0.01405548323913995,0.0008879653657174994,-0.012101301461255185,0.001632477271778713,-5.495404744098832e-05
50,7,198,25.189966201782227,1.0065534973356138,0.20250532383188474,0.1201582462056727,-0.16246610819381602,0.0021578691022039265,0.004957290533901958,-0.014189067222662041,0.0008936632088514212,-0.012129497895566067,0.0016323754998417974,-5.481833012123388e-05
50,7,199,25.189960479736328,1.0064317414232864,0.2025399196100036,0.12016959858875594,-0.16249365415025616,0.0021580546984896628,0.005121660062440316,-0.014320490171100193,0.0008992189718906796,-0.012156959418365707,0.0016322751179606053,-5.4686614597717836e-05
50,7,200,25.189950942993164,1.0063122060123133,0.20257498143387392,0.12018202857111639,-0.16252070515516387,0.002158254129004403,0.005291086137265352,-0.014449745081099965,0.0009046334390860269,-0.012183701229478535,0.0016321767218733043,-5.455879709614551e-05
50,7,201,25.189945220947266,1.0061948872067918,0.20261056258026525,0.12019554868297821,-0.16254729928173395,0.002158463507728764,0.005465634282418941,-0.01457684695984944,0.0009099074600424451,-0.012209746128641197,0.0016320811058974508,-5.4434793299902495e-05
50,7,202,25.1899356842041,1.0060797905313001,0.2026466703995466,0.12021017145456556,-0.16257341749336898,0.002158676617031733,0.005645368375610244,-0.014701791805431798,0.0009150418190106866,-0.012235105515722017,0.001631987972163961,-5.431449294880068e-05
50,7,203,25.189926147460938,1.005966898987076,0.2026833366639883,0.12022589688587842,-0.16259907882666638,0.0021588878610453977,0.005830354270147677,-0.01482460362934797,0.0009200380844922566,-0.0122598006704752,0.0016318986114388643,-5.419781496917236e-05
50,7,204,25.18992042541504,1.005856193473579,0.20272059253385588,0.12024275003736513,-0.16262428328162612,0.0021590931983096,0.006020638063347131,-0.0149453084440573,0.0009248986745936419,-0.012283848312707617,0.0016318128251427712,-5.4084681530296526e-05
50,7,205,25.189912796020508,1.005747640657213,0.20275846184255217,0.12026074343924982,-0.16264903085824825,0.0021592901417719352,0.0062162553159951514,-0.015063945268248806,0.0009296265956093937,-0.01230726212226126,0.0016317313083035441,-5.397499210082522e-05
50,7,206,25.18990707397461,1.0056412064582247,0.20279696933883282,0.12027988962175663,-0.16267332155653272,0.002159473872768368,0.0064172481742091215,-0.015180554121090704,0.0009342246577713753,-0.012330058058951777,0.0016316543587902663,-5.386867533593084e-05
50,7,207,25.189899444580078,1.0055368573099936,0.2028361327529619,0.1203001635244373,-0.16269717441307696,0.0021596417488057174,0.006623640345180073,-0.015295173020792807,0.0009386961287910556,-0.012352252082594824,0.0016315820758926324,-5.376564691899897e-05
50,7,208,25.18989372253418,1.0054345282747357,0.2028759699198263,0.12032156514729178,-0.16272058942788095,0.002159793769883984,0.006835452901966698,-0.015407872000899502,0.0009430457795271789,-0.012373860912997275,0.001631515253928199,-5.366585496288228e-05
50,7,209,25.18988609313965,1.0053341899835753,0.2029165146222544,0.1203440944903201,-0.16274358563754213,0.0021599293142400664,0.007052716795623952,-0.015518688079141394,0.000947276354857379,-0.012394898230001117,0.001631454290055744,-5.356920866507291e-05
50,7,210,25.189878463745117,1.0052357691055538,0.2029577625559519,0.1203677390232981,-0.16276614400546305,0.002160049625400167,0.007275441904148096,-0.015627695290979692,0.0009513931484742353,-0.01241537847343956,0.0016313992835649623,-5.347565289547683e-05
50,7,211,25.189870834350586,1.005139208686861,0.20299973221291412,0.12039247368577746,-0.16278828356824113,0.0021601551696866115,0.0075036163739436185,-0.01573495566612514,0.0009554006044653456,-0.012435316083145811,0.00163135102877341,-5.338511955221315e-05
50,7,212,25.189863204956055,1.0050444489491919,0.20304244274927924,0.1204182984777582,-0.1628100043258764,0.00216024796782948,0.00773724876594061,-0.01584053423572609,0.0009593031015640779,-0.012454723978970642,0.0016313092278120037,-5.329754377634771e-05
50,7,213,25.189857482910156,1.004951425246086,0.20308589904944127,0.12044516327834369,-0.16283132531496622,0.0021603319058481544,0.007976335128940568,-0.015944498031889322,0.0009631055413376354,-0.012473618120729701,0.001631274575708605,-5.3212860708946333e-05
50,7,214,25.189851760864258,1.0048600684393978,0.20313009819610167,0.12047303049686148,-0.16285224653551061,0.002160409781676592,0.008220868877612648,-0.016046917088159217,0.0009668125639363041,-0.012492009908291312,0.0016312474696219923,-5.3131015219914965e-05
50,7,215,25.189844131469727,1.0047703172425837,0.2031750519561931,0.1205018876030874,-0.16287276798750955,0.002160485481334174,0.008470828280365076,-0.016147856435684137,0.0009704288095103692,-0.01250991150151502,0.0016312282074212492,-5.3051968393893115e-05
50,7,216,25.18984031677246,1.004682108169176,0.2032207804773864,0.12053170953657316,-0.16289290870756049,0.0021605619581956336,0.008726193581205327,-0.016247385107529263,0.0009739592449812636,-0.012527337340234037,0.0016312168883960703,-5.297564564310647e-05
50,7,217,25.18983268737793,1.0045953839565547,0.20326729588869857,0.12056248376709461,-0.16291266869566337,0.0021606421656357004,0.008986939755876201,-0.016345564132926132,0.0009774078569569794,-0.012544297304334241,0.0016312138104155392,-5.2901988594514296e-05
50,7,218,25.18982696533203,1.0045100911081388,0.20331459494351828,0.12059417270397926,-0.16293204795181823,0.00216072827982523,0.00925302729239265,-0.016442447537751842,0.0009807786973997374,-0.012560798993727848,0.001631218477031183,-5.2830942118022526e-05
50,7,219,25.189821243286133,1.0044261657908384,0.2033627055117849,0.12062676381700299,-0.16295106551262245,0.0021608216997311995,0.009524423264100468,-0.016538106356029987,0.0009840763411055943,-0.012576857608239287,0.001631231583270864,-5.2762447840590425e-05
50,7,220,25.189815521240234,1.0043435595859893,0.20341163949361507,0.12066024457594163,-0.16296972137807603,0.002160922425353609,0.009801086183415351,-0.01663259261267925,0.0009873040557860189,-0.012592479987789555,0.0016312527319758035,-5.2696440903283804e-05
50,7,221,25.189809799194336,1.0042622244378454,0.2034614155314688,0.12069461498079517,-0.162988015548179,0.002161032166540988,0.010082952172628137,-0.01672595933309753,0.0009904662201743791,-0.012607676772255752,0.0016312819231460017,-5.263285969011521e-05
50,7,222,25.189804077148438,1.0041821243350404,0.20351205338110143,0.12072984997111533,-0.16300596705952874,0.002161149524326357,0.010369975792956019,-0.01681824753693225,0.000993565383085621,-0.012622454801558875,0.0016313188589123751,-5.2571649070990594e-05
50,7,223,25.189796447753906,1.004103221390643,0.2035635876762091,0.12076594954690208,-0.16302359494872265,0.0021612732551835145,0.010662105020285348,-0.016909503246226865,0.0009966047468769838,-0.012636824715576022,0.001631363439985229,-5.2512750672869204e-05
50,7,224,25.189790725708008,1.0040254835478624,0.2036160141542241,0.12080290117793129,-0.16304088017916332,0.002161402581908584,0.010959274659840795,-0.016999758476315952,0.0009995867296549545,-0.012650791834245745,0.0016314156663645633,-5.245609639387016e-05
50,7,225,25.18978500366211,1.0039488791644302,0.20366935943343034,0.12084069233397879,-0.16305784178744817,0.0021615353283307103,0.011261417541247773,-0.017089051245409322,0.0010025138802344784,-0.012664369837410032,0.0016314752401812946,-5.240163758979283e-05
50,7,226,25.189783096313477,1.0038733798885884,0.20372365681637655,0.12087932301504459,-0.16307449881017458,0.0021616713390091185,0.011568462542933197,-0.01717741757075837,0.00100538894349319,-0.012677564804998655,0.001631542062145728,-5.234931913054316e-05
50,7,227,25.189775466918945,1.0037989699075847,0.20377892390614094,0.12091879322112868,-0.1630908512473426,0.0021618081268914035,0.011880333275059302,-0.017264877461947215,0.0010082131611614466,-0.012690382056950167,0.0016316155365196964,-5.229906967129358e-05
50,7,228,25.189769744873047,1.0037256237191448,0.2038351692340774,0.12095909042200692,-0.16310689909895215,0.002161944293010587,0.012196925689398794,-0.017351458932393603,0.0010109892781168827,-0.012702829193176782,0.001631696060461978,-5.2250856782576984e-05
50,7,229,25.189762115478516,1.0036533304721498,0.20389242519542664,0.1210002146176793,-0.1631226614016007,0.002162078282958916,0.012518155493716899,-0.017437179990723237,0.0010137182746729385,-0.012714919133529266,0.0016317831375241003,-5.220461236251251e-05
50,7,230,25.189760208129883,1.0035820676997282,0.20395071518968774,0.12104217833836999,-0.16313813815528821,0.002162208853210188,0.012843930493381837,-0.017522068650353873,0.0010164021114564955,-0.01272665719794617,0.001631876469836979,-5.216028776689952e-05
50,7,231,25.18975067138672,1.0035118263796827,0.2040100613311566,0.1210849690538548,-0.16315334839661214,0.002162335692882852,0.013174134786570797,-0.017606138917994386,0.0010190424223232883,-0.012738051746330933,0.001631976454559393,-5.21178408374308e-05
50,7,232,25.18974494934082,1.003442592301101,0.20407046987313127,0.12112857423390962,-0.1631682921255724,0.002162459268299234,0.013508652471460967,-0.017689406801312067,0.0010216404490036744,-0.012749108858613325,0.001632082595242869,-5.2077216444012307e-05
50,7,233,25.189741134643555,1.003374360422786,0.20413195357625288,0.12117299387853442,-0.16318296934216905,0.00216257973490011,0.013847357109700191,-0.017771880304140557,0.001024197171811095,-0.012759839174670448,0.0016321946933080182,-5.2038372428336826e-05
50,7,234,25.189735412597656,1.003307129627302,0.20419452525324044,0.12121820292728089,-0.1631973990829995,0.002162697869889356,0.014190131482399487,-0.01785356342839668,0.001026713113579385,-0.012770248014440854,0.0016323128480445351,-5.200126338915044e-05
50,7,235,25.18973159790039,1.0032408928313508,0.2042581875962543,0.1212641888499249,-0.1632115813480637,0.002162814139589298,0.014536828078148005,-0.01793446417791408,0.0010291896467473612,-0.012780346777792866,0.001632436960162725,-5.1965840682252526e-05
50,7,236,25.18972396850586,1.0031756521517459,0.2043229499957664,0.12131095164646644,-0.1632255161373617,0.0021629291657630375,0.014887304653799569,-0.018014582552692757,0.001031627032731941,-0.012790141544656257,0.0016325671289522828,-5.19320751211227e-05
50,7,237,25.189720153808594,1.0031113993274199,0.204388828627134,0.12135847878668135,-0.16323922248749087,0.0021630443473775523,0.015241413697943329,-0.01809393055848318,0.001034026709326171,-0.012799641434925684,0.0016327028579647353,-5.189991806156033e-05
50,7,238,25.189712524414062,1.0030481387666434,0.20445584405789924,0.12140677027056965,-0.16325271943504863,0.002163160306195944,0.015598982674911234,-0.018172508195285344,0.001036389199363886,-0.01280885100854848,0.001632844544358861,-5.1869340317045046e-05
50,7,239,25.18971061706543,1.0029858645483014,0.20452395653634656,0.12145577597723468,-0.16326598794343755,0.002163277508540538,0.015959845634366077,-0.018250313462140844,0.0010387152217416092,-0.01281778090540174,0.0016329920888449652,-5.1840299729269634e-05
50,7,240,25.18970489501953,1.0029245785188694,0.20459318380301858,0.12150549590667649,-0.16327904704925505,0.0021633982860229644,0.016323820821176636,-0.018327348360008083,0.0010410051685847167,-0.0128264356854328,0.0016331450942642697,-5.181275089698017e-05
50,7,241,25.189701080322266,1.0028642847832312,0.2046635352667826,0.12155591752867091,-0.16329191578909857,0.0021635231049655494,0.016690725163145514,-0.018403610887928655,0.0010432600855608788,-0.012834825988518758,0.0016333038584858584,-5.178666787660299e-05
50,7,242,25.189693450927734,1.0028049797138254,0.2047350015799405,0.12160702831299378,-0.16330459416296805,0.0021636519653682926,0.017060351880884284,-0.018479103046860974,0.001045480626212389,-0.012842956374606945,0.001633468182930342,-5.1762005266884175e-05
50,7,243,25.1896915435791,1.0027466604809445,0.20480755809833678,0.12165879066897263,-0.16331708217086352,0.0021637845563496436,0.0174325034144677,-0.018553822835846622,0.0010476673787273116,-0.012850834443609576,0.0016336380675977204,-5.1738740367196754e-05
50,7,244,25.189685821533203,1.0026893222099313,0.20488120846910282,0.12171121712683163,-0.16332937981278497,0.0021639197898241755,0.01780697956983818,-0.018627776257760836,0.0010498209966479407,-0.01285846931542131,0.0016338133139086046,-5.1716827776286824e-05
50,7,245,25.189682006835938,1.002632981693239,0.2049559380263964,0.12176427009589831,-0.1633415061253298,0.0021640595310811915,0.01818356039694562,-0.018700943303019506,0.0010519416760369643,-0.012865860990042145,0.0016339937232836056,-5.169622857879387e-05
50,7,246,25.189678192138672,1.0025776286402521,0.20503172393683206,0.12181792451572437,-0.16335346110849802,0.00216420284747604,0.018562029896938413,-0.018773329974497866,0.0010540301357909055,-0.01287302162733163,0.001634179097143334,-5.167691683114422e-05
50,7,247,25.189674377441406,1.0025232720418455,0.20510856108866074,0.12187219291653398,-0.16336524476228964,0.0021643491172456193,0.01894214704670776,-0.018844926267403857,0.0010560868987435994,-0.01287995122728976,0.0016343692369084012,-5.165884713208396e-05
50,7,248,25.189668655395508,1.0024699101356056,0.20518643010429932,0.12192703770765463,-0.163376876123302,0.0021644977186268287,0.01932368794500505,-0.018915730180779067,0.0010581126184373395,-0.012886657389828754,0.0016345639439994176,-5.164198705214601e-05
50,7,249,25.189664840698242,1.0024175432246114,0.20526528339675074,0.12198243382863806,-0.1633883361549378,0.00216464725265269,0.01970639312979512,-0.01898573170983145,0.0010601075562890435,-0.012893143154913498,0.0016347629205472997,-5.1626300918916565e-05
50,7,250,25.18966293334961,1.0023661839001952,0.2053450953127615,0.12203834368881178,-0.16339964389379436,0.002164797563882428,0.020090011041439832,-0.019054912845935294,0.001062071646944482,-0.012899414602473763,0.001634965868682964,-5.1611753059981836e-05
50,7,251,25.18965721130371,1.0023158267842738,0.205425838607805,0.12209472969750335,-0.16341081837646912,0.0021649491186383684,0.020474296705631875,-0.01912327358909061,0.0010640054785917195,-0.01290547173250955,0.0016351724905373267,-5.1598304559981316e-05
50,7,252,25.189651489257812,1.0022664842220232,0.20550746735842756,0.1221515793244886,-0.16342184056636466,0.0021651011397166354,0.020858984075005253,-0.019190791928754867,0.001065909247293444,-0.012911325184897961,0.0016353825875309988,-5.158592298944792e-05
50,7,253,25.189651489257812,1.0022181614179315,0.20558995829423285,0.12220886750931922,-0.1634327295000784,0.0021652540934395535,0.021243830809384995,-0.019257457860136017,0.0010677824302158204,-0.012916974959638994,0.0016355955639258126,-5.157456294712774e-05
50,7,254,25.189645767211914,1.0021708613012377,0.20567326744867298,0.12226656919154694,-0.16344348517761031,0.0021654072026032474,0.021628555056611088,-0.01932325937748359,0.0010696259423180602,-0.012922427136662425,0.0016358113204320741,-5.156419848944709e-05
50,7,255,25.18964195251465,1.0021245843115338,0.2057573484922585,0.1223246593107234,-0.16345410759896042,0.0021655613998523685,0.022012874964523504,-0.019388186476005532,0.001071439587537475,-0.012927683235950694,0.0016360297577600886,-5.155479394399218e-05
50,7,256,25.189634323120117,1.0020793273726705,0.20584214754114427,0.12238310027617616,-0.16346459676412872,0.0021657169960684675,0.022396525802822424,-0.0194522311518682,0.0010732238233536707,-0.012932746297468687,0.001636250180881994,-5.1546307152455804e-05
50,7,257,25.189634323120117,1.0020350950889547,0.20592760041118208,0.12244184196700862,-0.1634749526731152,0.002165872747725342,0.022779233621744836,-0.019515375396445888,0.001074978649766647,-0.012937620881163736,0.0016364722919287068,-5.153870244242416e-05
50,7,258,25.18963050842285,1.0019918894729394,0.20601367830286826,0.12250087185299662,-0.16348519436251727,0.00216603036467152,0.023160724471527727,-0.019577611205904958,0.0010767044589017807,-0.012942310027000725,0.0016366955944517542,-5.153194738443017e-05
50,7,259,25.18962860107422,1.0019497031403308,0.2061002970815498,0.12256013981324353,-0.16349530279573754,0.002166189380584676,0.023540716500011084,-0.019638928575453355,0.0010784013814675298,-0.012946818294926984,0.0016369202870305253,-5.152601279195345e-05
50,7,260,25.18962287902832,1.0019085435330874,0.20618741634114915,0.12261962078730104,-0.16350529700937338,0.002166350106346361,0.02391893312329956,-0.01969931149742379,0.0010800696788808124,-0.012951150244889843,0.0016371456746371582,-5.152086623552692e-05
50,7,261,25.18962287902832,1.0018683982339032,0.2062749563122663,0.12267925212404841,-0.16351517700342483,0.0021665123865157987,0.024295100391630152,-0.019758755969899438,0.001081709677912775,-0.012955305876889301,0.0016373717572716532,-5.151648501452362e-05
50,7,262,25.189619064331055,1.0018292611698951,0.20636285871091034,0.12273900876303732,-0.16352494277789187,0.0021666765319745406,0.024668949623504518,-0.01981725599000507,0.001083321901397253,-0.012959291270855131,0.0016375979391958426,-5.1512823727689626e-05
50,7,263,25.18961524963379,1.0017911212431787,0.20645103144022525,0.12279881552292284,-0.1635345943327745,0.0021668423872818108,0.02504019633263031,-0.019874803553907035,0.0010849070028765397,-0.012963107946769777,0.0016378244189891157,-5.150986616029139e-05
50,7,264,25.189611434936523,1.0017539869884688,0.20653941125453104,0.12285864734325667,-0.16354413166807272,0.0021670088643521825,0.025408561300979838,-0.01993137665106282,0.0010864643288083418,-0.01296676198456301,0.001638050600913305,-5.1507579882861835e-05
50,7,265,25.189611434936523,1.0017178557631479,0.20662793785665196,0.1229184791635905,-0.16355355478378653,0.0021671756523041047,0.025773804822510477,-0.01998696527668036,0.0010879939445468882,-0.012970256424199716,0.0016382765842581054,-5.150593246593387e-05
50,7,266,25.18960952758789,1.0016827187459145,0.2067165305576968,0.12297826086302771,-0.1635628636799159,0.002167341818492926,0.026135655581591553,-0.02004156142692602,0.0010894962422175556,-0.012973594305644782,0.0016385020711544328,-5.150490769477396e-05
50,7,267,25.189605712890625,1.0016485755932187,0.20680510267838817,0.12303792979044754,-0.1635720583564609,0.0021675087618856234,0.026493865969783426,-0.0200951470931741,0.0010909704375695914,-0.012976780188845537,0.0016387264658641204,-5.150446665402159e-05
50,7,268,25.189603805541992,1.0016154314180927,0.2068935939219276,0.12309747341562582,-0.16358113881342148,0.0021676755498375457,0.026848175207984767,-0.020147704266798894,0.0010924165959572247,-0.012979814073801981,0.001638949966966557,-5.1504586643049805e-05
50,7,269,25.189603805541992,1.0015832773014275,0.20698192382210434,0.12315684161766598,-0.16359010505079763,0.002167844203078772,0.027198346224285283,-0.02019922494396676,0.0010938346520262263,-0.012982705080408774,0.0016391722765926589,-5.1505244961231654e-05
50,7,270,25.189599990844727,1.0015521001056265,0.20707001031205818,0.12321598427567135,-0.1635989570685894,0.0021680134780830995,0.027544144580907017,-0.02024970512276088,0.0010952245404223667,-0.01298545168868347,0.0016393930968733425,-5.150640917910003e-05
50,7,271,25.18959617614746,1.0015219041600936,0.20715777084601425,0.12327485126874534,-0.16360769486679674,0.0021681832194097527,0.02788533847420434,-0.020299122792638728,0.0010965863264998756,-0.012988058458573402,0.0016396121299395241,-5.150805011013458e-05
50,7,272,25.18959617614746,1.0014926709036733,0.20724513537796613,0.12333341753643964,-0.16361631844541968,0.002168353271617957,0.02822168819813463,-0.020347481955517124,0.001097920206321441,-0.01299052691006101,0.001639828879342731,-5.15101353248682e-05
50,7,273,25.189592361450195,1.0014643959576872,0.20733201753312588,0.12339162042763349,-0.1636248278044582,0.0021685250336746895,0.028553004095169643,-0.0203947686046872,0.0010992257224074569,-0.012992863123076067,0.0016400435436623524,-5.151264860856736e-05
50,7,274,25.189594268798828,1.0014370680846918,0.20741833558761183,0.12344940982143027,-0.16363322294391233,0.002168697728376074,0.02887908333711946,-0.020440976737273714,0.0011005024826325476,-0.012995070137583461,0.0016402560236086937,-5.151556401765838e-05
50,7,275,25.189590454101562,1.001410694380345,0.2075040020445389,0.1235067230667092,-0.16364150386378204,0.002168871355722111,0.02919974153472052,-0.020486080340817323,0.0011017502255797952,-0.012997149473565632,0.0016404655248641983,-5.1518855608567595e-05
50,7,276,25.18958854675293,1.001385261149973,0.20758896131298643,0.12356354763324616,-0.16364967056406732,0.002169044361305046,0.029514812737635614,-0.020530081416276443,0.001102968297706906,-0.01299910417098747,0.00164067234529795,-5.1522490951827924e-05
50,7,277,25.18958854675293,1.001360749712688,0.20767313399070123,0.12361983340014449,-0.16365772304476822,0.0021692169005656553,0.02982412309313053,-0.02057298196460948,0.0011041569604307976,-0.013000940309778745,0.0016408761870408653,-5.1526450589759116e-05
50,7,278,25.18958854675293,1.0013371702870817,0.2077564480150616,0.12367554277673175,-0.1636656613058847,0.0021693889735039384,0.030127504016735716,-0.020614755973357095,0.0011053154295007177,-0.013002657889939458,0.0016410764543547767,-5.1530711821734195e-05
50,7,279,25.189586639404297,1.0013145021877765,0.20783880515053088,0.12373061311188718,-0.16367346631081936,0.0021695608910014463,0.030424813265305006,-0.020655403442519284,0.0011064433127912895,-0.013004261471416936,0.001641273842267546,-5.153525519007293e-05
50,7,280,25.189584732055664,1.0012927340538758,0.2079201522255042,0.12378500681493831,-0.16368115709616962,0.002169733119380505,0.030715911229824547,-0.02069492437209605,0.0011075410024278898,-0.013005755614158513,0.001641467556461617,-5.1540051508254934e-05
50,7,281,25.18958282470703,1.0012718470284454,0.20800040925849525,0.12383868629521268,-0.16368871462533807,0.002169903637911035,0.031000682008471538,-0.0207333207630458,0.0011086078448682244,-0.013007141838146627,0.0016416578948060731,-5.154509429038679e-05
50,7,282,25.18958282470703,1.0012518304736702,0.20807952661361026,0.12389161396203784,-0.1636961579349221,0.00217007166938916,0.03127900969942316,-0.02077059261536854,0.0011096446243630462,-0.013008427743293497,0.00164184475801122,-5.155036083584154e-05
50,7,283,25.1895809173584,1.001232667325232,0.20815743319716568,0.12394376475496545,-0.16370346798832433,0.0021702362811702276,0.03155078893738596,-0.020806741930022674,0.0011106513409123548,-0.013009611809616678,0.0016420279474976683,-5.1555834929885636e-05
50,7,284,25.1895809173584,1.0012143449594213,0.20823407952290476,0.12399511361354723,-0.16371064478554473,0.0021703985613396658,0.031815953869051505,-0.02084177070796662,0.0011116277330992332,-0.013010700117045944,0.0016422075625551129,-5.156149062894541e-05
50,7,285,25.1895809173584,1.0011968446038157,0.2083094147468632,0.12404561041688657,-0.16371770736318073,0.0021705588207790246,0.03207442810458205,-0.020875686953034017,0.0011125736702152222,-0.013011697225528623,0.0016423830074453862,-5.1567305232393915e-05
50,7,286,25.189577102661133,1.00118015258498,0.20838336557136367,0.124095217574311,-0.16372463668463494,0.00217071752581063,0.032326135254139826,-0.020908488664266457,0.0011134894136772394,-0.013012603135064716,0.0016425544807478776,-5.157325928255088e-05
50,7,287,25.189579010009766,1.001164239642514,0.20845587787910208,0.12414389749514805,-0.1637314327499073,0.002170874987316033,0.03257102263507809,-0.020940193850289637,0.0011143752249022025,-0.013013420885619109,0.0016427219824625867,-5.1579349536469615e-05
50,7,288,25.189577102661133,1.0011491024663621,0.20852691881188998,0.12419163764917357,-0.16373809555899788,0.002171031205295233,0.032809074442602844,-0.020970798509186737,0.0011152305810562763,-0.01301415503713913,0.0016428854132998192,-5.158554356468302e-05
50,7,289,25.1895751953125,1.0011347365368868,0.20859644027080504,0.1242384004457151,-0.16374462511190663,0.0021711855579851294,0.03304026960365539,-0.021000296638082522,0.0011160550900140846,-0.013014808629589666,0.0016430445746801862,-5.159183488129768e-05
50,7,290,25.189577102661133,1.001121100805568,0.2086643879062779,0.12428413576387605,-0.1637510214086336,0.0021713374236226207,0.03326458967930935,-0.02102871825135316,0.0011168495360263798,-0.013015387742900491,0.0016431997644727708,-5.1598200785686644e-05
50,7,291,25.189577102661133,1.0011081807542153,0.20873071264930732,0.12432881854320807,-0.16375726541258132,0.0021714863358853805,0.03348204784022643,-0.02105606735091547,0.0011176139190931622,-0.013015892377071603,0.0016433506848084899,-5.1604641277849896e-05
50,7,292,25.189573287963867,1.0010959657034595,0.20879540270977787,0.12437243625348704,-0.16376337616034725,0.002171632916536511,0.0336926493546713,-0.0210823519406031,0.001118347977797514,-0.013016330132015218,0.001643497832135816,-5.161113365716049e-05
50,7,293,25.189573287963867,1.0010844317888679,0.20885843928197403,0.12441498889471293,-0.16376935365193135,0.0021717771655760114,0.033896402125040956,-0.02110759203000016,0.0011190534113493993,-0.01301669796776645,0.0016436405114268872,-5.161767468067172e-05
50,7,294,25.1895751953125,1.0010735483641349,0.20891977095442207,0.12445643887621331,-0.16377517885073625,0.00217191815035923,0.034093335126791115,-0.021131807628690758,0.0011197296969149826,-0.013017001964255072,0.001643779318419871,-5.1624238404809904e-05
50,7,295,25.1895751953125,1.0010633106138491,0.2089793951338696,0.12449677366776402,-0.16378087079335935,0.002172055560004616,0.03428349840843617,-0.021155002738591718,0.0011203772266196405,-0.01301724516144597,0.001643914054535378,-5.163081834368163e-05
50,7,296,25.189573287963867,1.0010536840843642,0.2090372890751477,0.12453599326936504,-0.16378641044320322,0.0021721893945121696,0.03446694992088752,-0.02117720737407921,0.0011209967847141255,-0.013017432119286472,0.0016440445211940193,-5.1637408011393484e-05
50,7,297,25.189573287963867,1.0010446638547066,0.20909344022752518,0.12457408515079223,-0.16379179780026787,0.00217231934300034,0.034643760785718264,-0.021198423536111632,0.0011215877176561438,-0.013017562837776579,0.001644171115554573,-5.164399119321192e-05
50,7,298,25.189573287963867,1.0010362191991888,0.20914785296973634,0.12461103678182144,-0.1637970519011507,0.0021724452500283525,0.03481400739276616,-0.021218683240023573,0.0011221510711133655,-0.01301764187686362,0.001644293440458261,-5.165054843145668e-05
50,7,299,25.189573287963867,1.0010283242746976,0.20920050822455397,0.12464684816245265,-0.16380215370925436,0.0021725675819185323,0.03497775559533962,-0.02123800849635755,0.0011226878907534602,-0.013017670756530039,0.0016444116944844725,-5.165708296907449e-05
50,7,300,25.189571380615234,1.0010209574658642,0.20925138846334748,0.12468148170201343,-0.16380710322457878,0.0021726877376378574,0.03513511866112912,-0.021256417313739267,0.0011231977844510523,-0.013017655556705608,0.0016445259769229017,-5.166357534838509e-05
50,7,301,25.189573287963867,1.0010141153874803,0.2093005164698883,0.1247149499307279,-0.1638119194837214,0.0021728064943902048,0.03528618088236943,-0.02127391769600236,0.0011236814057484351,-0.013017594757407883,0.001644636486352938,-5.167002556938847e-05
50,7,302,25.189573287963867,1.0010077531935835,0.20934788491523693,0.1247472528485961,-0.1638165834500848,0.0021729226086493712,0.0354310607950157,-0.021290553664231878,0.0011241403231471137,-0.01301749595854908,0.001644743123484887,-5.167643363208464e-05
50,7,303,25.189573287963867,1.0010018704730634,0.20939350245024257,0.12477839045561799,-0.16382109512366896,0.0021730349923299304,0.03556988220328775,-0.02130632721938623,0.0011245738831047944,-0.013017356120164315,0.0016448459876084428,-5.168278656468677e-05
50,7,304,25.189573287963867,1.000996449137905,0.20943737742528715,0.1248083627517936,-0.16382545450447394,0.0021731436454318818,0.03570275837487606,-0.02132125837104953,0.0011249823470383948,-0.013017182842165801,0.0016449451780133002,-5.168907463835472e-05
50,7,305,25.189573287963867,1.0009914623431833,0.20947954165609195,0.12483718226734707,-0.1638296806290971,0.0021732477907513486,0.03582980784573577,-0.021335381135514763,0.0011253671527409609,-0.013016974604571095,0.0016450407939891537,-5.1695288124248376e-05
50,7,306,25.1895694732666,1.0009868873043248,0.2095200089297552,0.1248648740627267,-0.16383375446094106,0.0021733471174067804,0.03595116759074839,-0.021348721525241275,0.0011257290844632457,-0.013016735967327527,0.0016451325376669198,-5.1701420536474315e-05
50,7,307,25.1895694732666,1.0009827077346196,0.20955878664337715,0.12489142560770836,-0.1638376760000058,0.002173441469957402,0.03606697721892775,-0.02136129754885476,0.0011260685343306247,-0.013016469970399984,0.001645220905495071,-5.170747511797925e-05
50,7,308,25.189571380615234,1.0009788964196042,0.2095959141005083,0.12491686196274032,-0.1638414642828887,0.002173531470166314,0.03617734209556733,-0.021373145223606622,0.0011263860251769337,-0.013016176613788464,0.0016453060960529967,-5.171343889697635e-05
50,7,309,25.189571380615234,1.0009754445068784,0.20963139674327544,0.12494118312782262,-0.16384510027299243,0.002173617428915068,0.03628242553687199,-0.021384274554288915,0.0011266826026698421,-0.013015858937457854,0.0016453876128922238,-5.17193118734656e-05
50,7,310,25.189571380615234,1.0009723200166314,0.20966527902071372,0.12496441416340355,-0.1638486030069143,0.0021737001234075405,0.036382353981193896,-0.02139472756102827,0.0011269590510601028,-0.013015519981373042,0.00164546605175092,-5.172509080450031e-05
50,7,311,25.189571380615234,1.0009695085393193,0.20969757700059882,0.12498656759970725,-0.163851953448057,0.0021737789318806294,0.036477301281267256,-0.02140452225245039,0.0011272166774323033,-0.013015162785498911,0.0016455413133393904,-5.173076920418705e-05
50,7,312,25.189571380615234,1.0009670007146851,0.20972833088834564,0.1250076559669579,-0.16385517063301788,0.0021738543206566616,0.036567407046105914,-0.02141367663718097,0.001127455089661067,-0.013014785829853019,0.0016456134969473296,-5.173634707252582e-05
50,7,313,25.189571380615234,1.0009647784992142,0.20975757662163008,0.12502770432560378,-0.16385825456179695,0.00217392551253176,0.03665282405538539,-0.02142221672767936,0.0011276752027056056,-0.013014392154400254,0.001645682304705654,-5.17418146806765e-05
50,7,314,25.189571380615234,1.0009628213423987,0.2097853475548368,0.12504673773609323,-0.1638612052343942,0.0021739929738282503,0.03673368664985486,-0.021430170537363305,0.001127878062233589,-0.013013986319087944,0.0016457484316422257,-5.174716878569238e-05
50,7,315,25.189571380615234,1.0009611075444553,0.20981168074273196,0.12506478125887452,-0.16386402265080963,0.0021740560827830315,0.03681015024332218,-0.02143756808060898,0.0011280645832042282,-0.013013565283951204,0.0016458113813085718,-5.175241587346688e-05
50,7,316,25.189571380615234,1.000959624967044,0.20983661225639344,0.125081859954396,-0.16386670681104326,0.0021741156165999806,0.03688235971306586,-0.02144442936700049,0.0011282358112851935,-0.013013132088954918,0.0016458714515737757,-5.175753972926645e-05
50,7,317,25.189571380615234,1.0009583604017387,0.2098601729851483,0.12509798635288177,-0.16386925771509508,0.002174172041601423,0.036950470472893765,-0.021450774406121947,0.0011283917464764849,-0.013012689774063974,0.0016459286424378376,-5.176254035309109e-05
50,7,318,25.1895694732666,1.0009573024696663,0.20988240245766177,0.1251131855147802,-0.1638716753629651,0.002174225357787359,0.03701464320487843,-0.021456623207557462,0.0011285327809034782,-0.01301223833927837,0.0016459833510595358,-5.1767430716727645e-05
50,7,319,25.189571380615234,1.0009564341571788,0.20990335987278236,0.1251274950307637,-0.16387397879125068,0.0021742749433946874,0.03707502015216603,-0.021462005785683202,0.001128661005901514,-0.013011780824562995,0.0016460354781491755,-5.177221406312281e-05
50,7,320,25.1895694732666,1.0009557552730552,0.209923063466912,0.12514093996128062,-0.16387614896335448,0.0021743217310680597,0.037131722484844046,-0.02146692614241599,0.0011287755065113808,-0.013011314189952959,0.0016460848251273678,-5.177686769164964e-05
50,7,321,25.1895694732666,1.0009552566044526,0.20994158158910797,0.12515355789700336,-0.16387820491587385,0.002174365409925926,0.03718493986044072,-0.021471408289256755,0.0011288762827330787,-0.013010842995395596,0.0016461313919941128,-5.178138187346799e-05
50,7,322,25.189571380615234,1.0009549257219226,0.20995895799752579,0.12516538642860445,-0.16388014664880882,0.0021744070680537126,0.03723480661970521,-0.021475474236748022,0.0011289649030681128,-0.013010367240890903,0.0016461757744875775,-5.1785782552151544e-05
50,7,323,25.189571380615234,1.0009547487081498,0.2099752291487265,0.12517645061653213,-0.16388197416215938,0.002174445772806768,0.0372814571033867,-0.021479145995432308,0.0011290418903503177,-0.013009885406456438,0.0016462174761592892,-5.179006324180688e-05
50,7,324,25.189571380615234,1.0009547023094885,0.20999044298730665,0.1251867880514589,-0.16388368745592552,0.0021744815241850923,0.037325044091160706,-0.021482457581602606,0.0011291085516642813,-0.013009403572021972,0.00164625719203711,-5.179423042832742e-05
50,7,325,25.1895694732666,1.0009547815390796,0.2100046598359631,0.12519643632405725,-0.16388530556670466,0.002174513544984809,0.03736570719204106,-0.021485427003884613,0.001129165671260756,-0.013008921737587506,0.0016462949221210399,-5.1798290597606574e-05
50,7,326,25.1895694732666,1.0009549777745606,0.21001789483340236,0.1252054079645513,-0.16388680945789938,0.00217454276785057,0.03740358074677694,-0.021488066268028794,0.001129213641265118,-0.013008442943117928,0.001646330765700773,-5.1802237263750926e-05
50,7,327,25.1895694732666,1.0009552663359838,0.21003019843901724,0.12521372803338934,-0.1638882181661071,0.002174570125427027,0.03743878855958816,-0.021490411391286553,0.0011292535073450375,-0.013007967188613235,0.001646365119935088,-5.180608339854732e-05
50,7,328,25.189573287963867,1.0009556448143633,0.21004161530348175,0.12522143412124384,-0.1638895316913278,0.0021745959285957308,0.03747146233709156,-0.021492474379408353,0.0011292855309174316,-0.013007494474073428,0.0016463977862445957,-5.180982575904903e-05
50,7,329,25.189571380615234,1.000956112513647,0.21005217022706557,0.125228538758339,-0.16389075003356152,0.002174620177356681,0.03750170481044826,-0.021494261235269426,0.001129310104107677,-0.013007026319480952,0.001646428764629296,-5.181345461641594e-05
50,7,330,25.1895694732666,1.000956653733798,0.21006190977222253,0.1252350795353472,-0.1638918731928082,0.002174643648913755,0.0375296555886721,-0.021495797971329115,0.0011293274883326912,-0.01300656576480069,0.0016464583529582724,-5.1816973213594755e-05
50,7,331,25.189571380615234,1.0009572702134162,0.21007087034335695,0.12524108151271682,-0.1638929011690679,0.002174666809589278,0.037555441110115245,-0.021497090590462658,0.0011293376835924739,-0.013006108250085314,0.0016464862533624414,-5.182038479353219e-05
50,7,332,25.1895694732666,1.0009579521999474,0.2100791080714472,0.1252465822811203,-0.163893852998938,0.0021746893485017,0.03757916937420349,-0.021498161103212572,0.0011293422583885302,-0.013005658335282154,0.001646512962290276,-5.1823692599174954e-05
50,7,333,25.1895694732666,1.0009586933313055,0.21008664862506213,0.12525159437078176,-0.16389472868241847,0.0021747109547694704,0.0376009457462303,-0.021499021515329328,0.0011293405591785662,-0.01300521602039121,0.0016465379832933031,-5.182689338757633e-05
50,7,334,25.189571380615234,1.0009594888329372,0.21009351579977328,0.1252561553723737,-0.16389550918291193,0.002174730073984835,0.037620865054959804,-0.021499681831604976,0.0011293337623387112,-0.013004778265447594,0.0016465618128199955,-5.182999364462974e-05
50,7,335,25.189571380615234,1.0009603395386308,0.21009977884368286,0.12526029034634442,-0.1638962325736132,0.0021747463952662438,0.03763906690940583,-0.021500156058748394,0.001129321737160506,-0.01300434659043375,0.001646583855132186,-5.183297391265493e-05
50,7,336,25.189571380615234,1.0009612329593653,0.2101054435589274,0.12526401182291805,-0.16389687981792483,0.0021747600740544726,0.037655627699406134,-0.021500458203468464,0.0011293047450608683,-0.013003919475367238,0.0016466043088092638,-5.1835847163438746e-05
50,7,337,25.189573287963867,1.00096216841718,0.21011055334522286,0.1252673573927671,-0.1638974509158469,0.002174770954908745,0.03767066596091588,-0.02150059827055724,0.0011292834395820917,-0.013003498440230497,0.0016466232731409233,-5.183861015403446e-05
50,7,338,25.1895694732666,1.0009631496477298,0.21011515403491215,0.12527035211633983,-0.16389796490397673,0.0021747795041513877,0.03768427388856684,-0.02150058226288995,0.0011292576900157176,-0.013003080445058641,0.001646640847416859,-5.184127585622892e-05
50,7,339,25.1895694732666,1.0009641680043369,0.21011926039356751,0.12527302105408455,-0.163898402745717,0.0021747858772231763,0.03769653314046146,-0.021500422186217064,0.0011292277577786632,-0.013002670049799003,0.001646657031637071,-5.184383129823529e-05
50,7,340,25.1895694732666,1.000965203379627,0.21012290719656626,0.12527537673622544,-0.163898783477665,0.002174791006768762,0.03770751483817282,-0.02150014605395634,0.0011291949499555164,-0.013002265734469136,0.0016466718258015592,-5.184628620889369e-05
50,7,341,25.189571380615234,1.0009662538551243,0.21012614126257914,0.1252774442232108,-0.16389912613641824,0.0021747952036696955,0.03771731381046503,-0.02149976587185824,0.0011291600507970297,-0.013001870539033927,0.0016466855277794074,-5.184864058820413e-05
50,7,342,25.1895694732666,1.0009673138513762,0.2101289826738611,0.12527926110571308,-0.16389941168537925,0.0021747990896890785,0.037726001178911193,-0.02149929164471482,0.001129122929594744,-0.013001482943510934,0.0016466981375706155,-5.185091065090014e-05
50,7,343,25.1895694732666,1.0009683784416243,0.21013145457871307,0.12528083991395644,-0.16389964012454808,0.0021748028202676862,0.03773366386987841,-0.021498733377318134,0.001129084370599412,-0.013001105987865044,0.0016467102509133509,-5.1853099639928435e-05
50,7,344,25.1895694732666,1.0009694393000674,0.21013359187053418,0.12528219317816505,-0.1638998304905221,0.0021748063954055187,0.03774037300493978,-0.021498107077335474,0.0011290446352279515,-0.013000738152113812,0.0016467216692282243,-5.185521404118243e-05
50,7,345,25.189571380615234,1.0009704857743464,0.21013540903955188,0.12528334595878718,-0.1638999637467039,0.002174809815102576,0.03774620760806539,-0.021497426751475715,0.0011290045077311146,-0.013000383996204568,0.001646732591094625,-5.185725385466214e-05
50,7,346,25.1895694732666,1.0009715286935423,0.21013693902872144,0.12528431078604702,-0.16390005892969092,0.0021748129239180826,0.037751228264298976,-0.021496688397822036,0.0011289634652750665,-0.013000040480172425,0.0016467429172228585,-5.185922232331425e-05
50,7,347,25.1895694732666,1.0009725643088065,0.21013821054711646,0.12528511272039286,-0.16390011603948312,0.0021748154109704878,0.037755511363478315,-0.02149590202116649,0.0011289217692767245,-0.012999709123999828,0.0016467529454820082,-5.1861119447138775e-05
50,7,348,25.1895694732666,1.0009735939985693,0.21013923017795763,0.1252857517618247,-0.16390013507608053,0.0021748174317005667,0.03775909378345611,-0.02149506762150908,0.0011288795504445475,-0.012999389927686775,0.0016467624772926852,-5.186295171202913e-05
50,7,349,25.1895694732666,1.0009746065907443,0.21014002853730931,0.1252862404405667,-0.16390013507608053,0.0021748186752267693,0.037762022938614435,-0.021494203207475505,0.0011288368087785357,-0.01299907985126838,0.001646771413365195,-5.186470290325177e-05
50,7,350,25.1895694732666,1.0009755989273805,0.2101406092061074,0.125286591286843,-0.16390009700288571,0.0021748189861083202,0.037764359413997015,-0.021493312780982585,0.0011287938056956063,-0.012998780414727087,0.0016467798529892317,-5.186638923554023e-05
50,7,351,25.189571380615234,1.0009765823321324,0.2101409981853458,0.12528680430065361,-0.1639000398930935,0.002174818519785994,0.03776616642877993,-0.021492390339155086,0.0011287505411957592,-0.012998488578098011,0.0016467875975854068,-5.186799125121427e-05
50,7,352,25.189571380615234,1.0009775508253107,0.21014120426146346,0.12528690454244684,-0.1638999447101065,0.0021748172762597914,0.03776749139734525,-0.021491443885826658,0.0011287064924451599,-0.012998207381346036,0.0016467945478640254,-5.1869528407954146e-05
50,7,353,25.189571380615234,1.0009785112230691,0.2101412506113036,0.12528689201222268,-0.1638998304905221,0.002174815566411263,0.03776838173407503,-0.021490471420038886,0.0011286623129861016,-0.012997933784506277,0.0016468008031147823,-5.187098773397301e-05
50,7,354,25.1895694732666,1.000979459074077,0.21014115331376423,0.1252867792402053,-0.16389969723434028,0.0021748135456811837,0.03776888485335132,-0.021489480945625413,0.0011286176106932084,-0.012997669307561176,0.0016468063633376772,-5.187236922927087e-05
50,7,355,25.189571380615234,1.000980401033738,0.21014092542249133,0.12528657875661883,-0.16389954494156106,0.0021748110586287785,0.03776903236476217,-0.021488468460669416,0.001128571993441104,-0.01299741243052829,0.0016468113278224048,-5.187367613679443e-05
50,7,356,25.189571380615234,1.000981336705695,0.2101405744187967,0.12528629056146331,-0.16389937361218446,0.0021748087270171486,0.037768866414424965,-0.02148743596612931,0.0011285259840636231,-0.012997161633425177,0.0016468154979895758,-5.187491494243711e-05
50,7,357,25.189571380615234,1.0009822506982917,0.21014012017245526,0.125285939715187,-0.16389918324621044,0.0021748067062870697,0.037768413343663064,-0.021486403471589206,0.00112848023610306,-0.012996919956216723,0.0016468191717082744,-5.187608240325221e-05
50,7,358,25.189571380615234,1.0009831434935332,0.21013957432233984,0.1252855387480141,-0.16389897384363902,0.0021748053073200914,0.03776769685966751,-0.021485372978007514,0.001128434749559414,-0.012996685878920484,0.0016468223489785,-5.187720121986667e-05
50,7,359,25.189571380615234,1.0009840147482685,0.21013896317222316,0.1252851001901687,-0.1638987644410676,0.0021748043746754398,0.037766738035496975,-0.021484350488259463,0.001128390570100356,-0.012996462441501348,0.0016468253276693365,-5.187826166344038e-05
50,7,360,25.1895694732666,1.0009848544122855,0.21013828540893553,0.12528463657187502,-0.1638985360018988,0.002174803597471563,0.03776557111487185,-0.021483346007137114,0.0011283475670174265,-0.012996248123976869,0.001646828306360173,-5.187927994870687e-05
50,7,361,25.1895694732666,1.000985666599709,0.21013756061607172,0.12528414789313302,-0.16389830756272997,0.0021748028202676862,0.03776422243911551,-0.021482359534640463,0.0011283061324360022,-0.01299604292634705,0.0016468308878922315,-5.1880259318612866e-05
50,7,362,25.1895694732666,1.0009864514492997,0.21013679873212585,0.1252836466841669,-0.16389807912356114,0.0021748015767414836,0.03776270517888962,-0.021481393071727924,0.001128266135647624,-0.012995848368594331,0.001646833668003679,-5.1881206259051776e-05
50,7,363,25.189571380615234,1.0009872220618499,0.2101359969257249,0.12528314547520072,-0.16389783164779492,0.00217479971145218,0.037761045675517545,-0.021480432611690616,0.0011282271845269158,-0.012995661410753829,0.001646836547404821,-5.188211428413018e-05
50,7,364,25.189571380615234,1.0009879704007936,0.2101351728859992,0.1252826442662346,-0.1638975841720287,0.0021747980016036516,0.03775925973379332,-0.02147949016027901,0.0011281894097823365,-0.012995482052825543,0.001646839228226574,-5.188298663679479e-05
50,7,365,25.189571380615234,1.000988708825418,0.2101343389113702,0.1252821555874926,-0.1638973366962625,0.0021747966026366733,0.03775737369504031,-0.021478555712701047,0.0011281524192885096,-0.012995311814791915,0.0016468417104689376,-5.18838200740989e-05
50,7,366,25.1895694732666,1.0009894212705677,0.21013349302954842,0.1252816669087506,-0.16389708922049626,0.0021747956699920217,0.03775541916884653,-0.021477645276624015,0.0011281167358792703,-0.012995147656688058,0.0016468441927113015,-5.188461783898921e-05
50,7,367,25.1895694732666,1.000990117272341,0.2101326433689283,0.12528119076023275,-0.16389684174473004,0.002174794892788145,0.03775339878934435,-0.021476750848214276,0.0011280818367207836,-0.012994992618478862,0.0016468463770845816,-5.188537993146573e-05
50,7,368,25.1895694732666,1.0009907916219476,0.21013179305724017,0.12528072714193908,-0.16389659426896383,0.002174794115584268,0.0377513309954601,-0.021475878430347053,0.0011280481139384255,-0.012994843660199437,0.0016468481642990835,-5.188609662268833e-05
50,7,369,25.1895694732666,1.0009914468527927,0.21013094484486985,0.12528027605386954,-0.1638963467931976,0.002174793338380392,0.03774923159198782,-0.021475026022063946,0.001128015698240655,-0.012994699261867342,0.0016468499515135855,-5.188677764149713e-05
50,7,370,25.1895694732666,1.000992081654281,0.21013010175389607,0.12527983749602417,-0.16389609931743138,0.002174791939413414,0.03774711638372152,-0.021474195624323355,0.0011279840667936369,-0.012994562463447462,0.0016468513415693093,-5.188741974494543e-05
50,7,371,25.1895694732666,1.00099269326179,0.21012926927706035,0.12527941146840293,-0.16389585184166516,0.002174790229564885,0.037745016980249235,-0.02147339123904211,0.0011279532195973714,-0.012994430224974911,0.0016468526323353383,-5.188802941892665e-05
50,7,372,25.1895694732666,1.0009933009341785,0.21012844599085073,0.12527899797100586,-0.16389560436589892,0.0021747883642755815,0.03774292547917396,-0.0214725928566361,0.0011279227645264822,-0.01299430254644969,0.001646853625232284,-5.188859693460065e-05
50,7,373,25.1895694732666,1.0009938978345068,0.21012764589021138,0.12527859700383295,-0.16389537592673012,0.0021747860326639516,0.03774083661223102,-0.021471810481897377,0.0011278927015809692,-0.012994180947854242,0.0016468542209704513,-5.1889122291967444e-05
50,7,374,25.1895694732666,1.0009944827720814,0.2101268633033123,0.12527822109710834,-0.1638951474875613,0.0021747832347299954,0.03773876091594977,-0.021471044114825942,0.00112786329217775,-0.01299406238922368,0.0016468544195498403,-5.188961521986715e-05
50,7,375,25.1895694732666,1.0009950564754402,0.2101260923696336,0.12527785772060787,-0.16389491904839248,0.0021747798150329387,0.037736706292727205,-0.021470291754463387,0.0011278344056083658,-0.01299394991052289,0.0016468547174189239,-5.1890078961246476e-05
50,7,376,25.1895694732666,1.0009956114688505,0.21012533478897608,0.12527750687433156,-0.16389469060922365,0.002174776239895106,0.037734683279092684,-0.02146956140464335,0.001127805911164358,-0.012993840471786986,0.0016468547174189239,-5.1890507030212005e-05
50,7,377,25.1895694732666,1.000996146026832,0.21012459169952058,0.12527716855827942,-0.16389446217005485,0.0021747729756388242,0.03773269714331087,-0.021468855066324247,0.0011277785930964787,-0.012993737112980854,0.0016468545188395348,-5.189092212739071e-05
50,7,378,25.1895694732666,1.000996663459545,0.21012387889696033,0.12527684277245144,-0.16389425276748343,0.002174770333145644,0.037730753153646455,-0.02146817273950608,0.0011277524514047281,-0.012993639834104495,0.0016468544195498403,-5.189131452394245e-05
50,7,379,25.1895694732666,1.000997154761768,0.21012318143717756,0.1252765295168476,-0.163894043364912,0.0021747683124155644,0.03772885131009941,-0.021467520427064072,0.0011277274860891065,-0.012993547115175466,0.0016468543202601458,-5.189168421986723e-05
50,7,380,25.1895694732666,1.0009976143740207,0.21012249147252757,0.12527621626124374,-0.16389383396234058,0.0021747669134485866,0.03772698897853743,-0.021466902130915056,0.0011277039585665311,-0.012993460476176208,0.0016468544195498403,-5.1892034458111756e-05
50,7,381,25.1895694732666,1.0009980474604734,0.21012183359155345,0.12527591553586406,-0.16389364359636657,0.0021747659808039345,0.037725179329622174,-0.021466317851059027,0.0011276821302539195,-0.012993378397124281,0.0016468545188395348,-5.1892374967516154e-05
50,7,382,25.1895694732666,1.0009984529592693,0.2101211934176216,0.12527562734070852,-0.16389345323039256,0.0021747655144816087,0.03772342499748598,-0.021465765586537577,0.001127661870442813,-0.012993300878019682,0.0016468547174189239,-5.189270250513372e-05
50,7,383,25.1895694732666,1.0009988329476072,0.21012057151492927,0.12527535167577714,-0.16389326286441855,0.0021747653590408335,0.037721728616261205,-0.02146524333639229,0.001127642917716294,-0.012993229438844857,0.0016468550152880076,-5.189301382801775e-05
50,7,384,25.1895694732666,1.0009991906871782,0.21011998339585422,0.12527508854106992,-0.16389309153504192,0.002174765203600058,0.0377200954542125,-0.021464751100623174,0.00112762553349128,-0.012993159519652473,0.0016468554124467857,-5.1893315422061645e-05
50,7,385,25.1895694732666,1.0009995217497267,0.21011940796476347,0.1252748254063627,-0.16389292020566532,0.002174765048159283,0.03771853077960455,-0.021464288879230218,0.0011276093256423947,-0.012993095680389862,0.001646855809605564,-5.1893610530212126e-05
50,7,386,25.1895694732666,1.0009998281542982,0.21011884550873736,0.12527456227165545,-0.16389274887628869,0.002174764737277732,0.03771703722656969,-0.021463854671255018,0.0011275946862950143,-0.012993034881092139,0.0016468564053437314,-5.1893886180682356e-05
50,7,387,25.1895694732666,1.001000114422842,0.210118317583622,0.1252743116671724,-0.1638925965835095,0.0021747644263961814,0.03771560952684324,-0.021463448476697573,0.0011275809619068454,-0.012992980161724186,0.0016468571003715933,-5.1894161831152586e-05
50,7,388,25.189571380615234,1.0010003796681417,0.21011780129941346,0.12527406106268932,-0.16389244429073027,0.0021747638046330803,0.03771424504629287,-0.021463066293641062,0.0011275676296440527,-0.012992930002303563,0.0016468578946891496,-5.189441153804915e-05
50,7,389,25.1895694732666,1.0010006358840506,0.21011729788309189,0.12527381045820624,-0.16389229199795105,0.0021747628719884283,0.037712951687315595,-0.021462696116335018,0.0011275545587981774,-0.012992881362865385,0.0016468585897170115,-5.1894651516105586e-05
50,7,390,25.189571380615234,1.00100088185334,0.21011682946556434,0.12527357238394732,-0.16389215874176924,0.002174761317580675,0.03771172681577907,-0.021462343947654672,0.001127542141494596,-0.012992838803356978,0.001646859384034568,-5.189487527942848e-05
50,7,391,25.189573287963867,1.0010011163425947,0.210116371546859,0.1252733343096884,-0.16389202548558743,0.002174759296850596,0.03771055989515395,-0.021462005785683202,0.0011275297241910146,-0.012992797763831013,0.0016468598804830407,-5.1895082828017825e-05
50,7,392,25.1895694732666,1.001001341699398,0.21011592601869813,0.12527309623542948,-0.16389189222940562,0.002174757120679741,0.03770946146196958,-0.021461679629462202,0.0011275171761789744,-0.012992758244287493,0.0016468603769315133,-5.1895267675980214e-05
50,7,393,25.189571380615234,1.001001566438423,0.2101155148212248,0.1252728706913947,-0.16389177800982122,0.0021747549445088866,0.03770842888209362,-0.021461361477074843,0.0011275048895838518,-0.012992721764708857,0.0016468606748005971,-5.189542982331565e-05
50,7,394,25.189571380615234,1.0010017759755931,0.21011511506908712,0.12527264514735995,-0.16389166379023679,0.0021747527683380324,0.037707459521393746,-0.021461061333313186,0.0011274928644056466,-0.012992686805112666,0.0016468609726696807,-5.189558224181095e-05
50,7,395,25.1895694732666,1.0010019827144796,0.21011474860509502,0.12527243213354933,-0.1638915686072498,0.0021747509030487283,0.037706550745737616,-0.021460771194343583,0.0011274809699359,-0.012992653365498917,0.0016468609726696807,-5.189571195967929e-05
50,7,396,25.189571380615234,1.0010021778595575,0.21011439216448066,0.1252722191197387,-0.16389147342426277,0.002174749348640975,0.03770569728686055,-0.021460495062082856,0.0011274693368830712,-0.012992621445867613,0.0016468606748005971,-5.189583519165422e-05
50,7,397,25.1895694732666,1.0010023540046153,0.21011404773878412,0.12527200610592812,-0.16389137824127578,0.0021747481051147726,0.03770490968129191,-0.021460240940364653,0.0011274586187894535,-0.012992592566201194,0.0016468605755109026,-5.189594869478902e-05
50,7,398,25.1895694732666,1.0010025137501843,0.21011372771728115,0.1252717930921175,-0.16389130209488617,0.0021747471724701205,0.037704174758369985,-0.02146000882918897,0.0011274485542381296,-0.012992565206517218,0.0016468606748005971,-5.18960524690837e-05
50,7,399,25.189571380615234,1.0010026539047245,0.2101134168689104,0.12527158007830688,-0.16389122594849656,0.0021747462398254685,0.037703489883962465,-0.021459798728555808,0.0011274391432290994,-0.012992540886798128,0.0016468605755109026,-5.189614327159154e-05
50,7,400,25.189571380615234,1.0010027779727093,0.2101131225705713,0.12527137959472043,-0.16389114980210695,0.002174745307180817,0.03770285505806934,-0.021459608637506757,0.0011274305164708219,-0.012992518087061481,0.0016468602776418188,-5.189623083115267e-05
50,7,401,25.189571380615234,1.001002887582851,0.21011285258174003,0.12527117911113397,-0.16389109269231475,0.002174744374536165,0.03770227291482295,-0.021459438556041818,0.0011274228046717553,-0.012992495287324836,0.0016468600790624298,-5.1896298933033545e-05
50,7,402,25.189571380615234,1.0010029793765722,0.21011259091503495,0.12527097862754752,-0.16389103558252255,0.002174743597332288,0.03770173555182628,-0.02145928848416099,0.0011274157464149829,-0.012992477047535518,0.0016468598804830407,-5.18963573060743e-05
50,7,403,25.189573287963867,1.0010030564250028,0.21011234286967448,0.1252707906741852,-0.16389097847273035,0.0021747428201284117,0.03770123243254998,-0.02145915642090586,0.0011274094724089626,-0.0129924588077462,0.001646859781193346,-5.189641243616835e-05
50,7,404,25.189571380615234,1.0010031210834007,0.21011211033438093,0.12527061525104705,-0.16389092136293815,0.0021747418874837597,0.03770077409352342,-0.021459040365318018,0.001127404113362154,-0.012992440567956882,0.0016468594833242624,-5.189646432331568e-05
50,7,405,25.189571380615234,1.0010031683044835,0.21011190655218898,0.12527045235813306,-0.16389088328974333,0.0021747409548391076,0.03770034999821722,-0.02145894832123111,0.001127399799983015,-0.012992426888114895,0.0016468592847448734,-5.1896516210463026e-05
50,7,406,25.189571380615234,1.0010032026603861,0.21011171601655007,0.1252703019954432,-0.16389084521654854,0.0021747398667536803,0.03769995751249906,-0.02145887228481149,0.0011273965322715462,-0.01299241472825535,0.001646859582613957,-5.189657134055707e-05
50,7,407,25.1895694732666,1.0010032260853499,0.2101115386235716,0.1252701641629775,-0.16389080714335372,0.0021747386232274777,0.037699596636368946,-0.021458810255100748,0.0011273936566854536,-0.012992402568395804,0.001646859582613957,-5.18966199847577e-05
50,7,408,25.1895694732666,1.0010032424078257,0.2101113740010803,0.12527003886073598,-0.16389076907015893,0.0021747375351420504,0.037699264735694536,-0.02145875823018206,0.001127391826767031,-0.012992391928518704,0.0016468596819036515,-5.1896668628958325e-05
50,7,409,25.1895694732666,1.0010032485781977,0.2101112355771685,0.1252699260887186,-0.16389075003356152,0.0021747366024973984,0.037698953908078814,-0.021458722212930662,0.0011273905196824436,-0.012992382808624045,0.0016468598804830407,-5.189671403021225e-05
50,7,410,25.1895694732666,1.0010032477419966,0.21011111039397026,0.12526982584692536,-0.1638907309969641,0.0021747359807342973,0.03769867469005113,-0.021458696200471316,0.0011273899968486086,-0.01299237520871183,0.0016468600790624298,-5.1896759431466165e-05
50,7,411,25.1895694732666,1.001003239162103,0.2101109949529432,0.1252697381353563,-0.16389071196036673,0.002174735825293522,0.03769840864268513,-0.021458680192804027,0.0011273898661401497,-0.01299236608881717,0.0016468602776418188,-5.189680158977338e-05
50,7,412,25.1895694732666,1.0010032219274234,0.2101108849003158,0.1252696504237872,-0.16389069292376932,0.0021747359807342973,0.03769817157077484,-0.021458674189928795,0.0011273901275570674,-0.012992360008887397,0.0016468603769315133,-5.189683726218717e-05
50,7,413,25.1895694732666,1.0010032032167675,0.2101107864801907,0.12526957524244228,-0.1638906738871719,0.002174736447056623,0.03769795820605557,-0.021458672188970383,0.0011273907810993612,-0.012992352408975182,0.0016468604762212079,-5.1896869691654256e-05
50,7,414,25.1895694732666,1.0010031849030188,0.21011069930951062,0.12526951259132152,-0.16389065485057452,0.002174737379701275,0.037697765914395,-0.021458672188970383,0.001127391303933196,-0.012992344809062967,0.0016468603769315133,-5.1896885906387805e-05
50,7,415,25.1895694732666,1.0010031758549705,0.2101106376705661,0.12526946247042492,-0.16389065485057452,0.0021747386232274777,0.03769759206166078,-0.021458668187053564,0.0011273916960585725,-0.012992335689168308,0.0016468600790624298,-5.189690536406805e-05
50,7,416,25.1895694732666,1.0010031698736361,0.21011058132295937,0.1252694123495283,-0.16389065485057452,0.0021747398667536803,0.03769744718438227,-0.02145866218417833,0.00112739195747549,-0.012992328089256093,0.0016468596819036515,-5.189691509290818e-05
50,7,417,25.1895694732666,1.0010031663555174,0.2101105366973377,0.12526937475885583,-0.16389065485057452,0.0021747409548391076,0.037697326014294784,-0.021458656181303097,0.00112739195747549,-0.012992320489343878,0.0016468591854551789,-5.189691833585489e-05
50,7,418,25.1895694732666,1.001003168917921,0.21011050237599754,0.12526934969840753,-0.16389065485057452,0.0021747417320429844,0.03769722064900132,-0.02145864617651104,0.0011273914346416549,-0.012992312889431661,0.0016468587882964006,-5.189691833585489e-05
50,7,419,25.1895694732666,1.0010031777795745,0.21011047940099753,0.12526933716818336,-0.16389065485057452,0.00217474219836531,0.037697136356766546,-0.021458632169802164,0.0011273907810993612,-0.01299230680950189,0.0016468585897170115,-5.189691833585489e-05
50,7,420,25.1895694732666,1.0010031930416383,0.2101104682411027,0.12526933716818336,-0.16389065485057452,0.00217474219836531,0.03769707577172281,-0.021458614161176465,0.0011273898661401497,-0.01299230224955456,0.0016468581925582332,-5.189691509290818e-05
50,7,421,25.1895694732666,1.0010032089098275,0.21011045991614474,0.12526933716818336,-0.16389065485057452,0.0021747415766022087,0.037697030991473084,-0.021458596152550764,0.0011273888204724799,-0.01299229768960723,0.0016468577953994551,-5.189691184996147e-05
50,7,422,25.1895694732666,1.0010032310774009,0.21011046293817653,0.12526934969840753,-0.16389065485057452,0.002174740643957557,0.037697007284282054,-0.021458574142008243,0.0011273877748048098,-0.012992294649642345,0.0016468575968200659,-5.189691184996147e-05
50,7,423,25.1895694732666,1.00100325327647,0.21011047541607755,0.12526937475885583,-0.16389065485057452,0.0021747395558721298,0.03769699411362037,-0.021458554132424132,0.0011273865984286811,-0.012992293129659901,0.0016468575968200659,-5.189691184996147e-05
50,7,424,25.1895694732666,1.0010032742140085,0.21011049120282918,0.12526939981930416,-0.16389065485057452,0.0021747384677867024,0.03769699938188504,-0.021458536123798434,0.0011273856834694699,-0.012992291609677459,0.0016468574975303713,-5.189691833585489e-05
50,7,425,25.1895694732666,1.001003292927371,0.21011051503122533,0.1252694374099766,-0.16389065485057452,0.002174737379701275,0.037697007284282054,-0.021458522117089554,0.0011273851606356348,-0.012992291609677459,0.0016468576961097606,-5.18969248217483e-05
50,7,426,25.1895694732666,1.0010033142885848,0.2101105421686301,0.12526947500064906,-0.16389065485057452,0.002174736447056623,0.03769703362560542,-0.021458506109422265,0.0011273846378017998,-0.012992291609677459,0.0016468579939788442,-5.189694103648185e-05
50,7,427,25.1895694732666,1.0010033316520393,0.21011056892438965,0.12526951259132152,-0.16389065485057452,0.002174735825293522,0.03769705733279645,-0.021458494103671802,0.001127383984259506,-0.012992293129659901,0.0016468579939788442,-5.1896954008268684e-05
50,7,428,25.1895694732666,1.001003352832483,0.21011060457231906,0.12526956271221815,-0.16389065485057452,0.0021747355144119715,0.03769708894238449,-0.021458480096962922,0.0011273835921341297,-0.012992294649642345,0.0016468582918479277,-5.18969604941621e-05
50,7,429,25.1895694732666,1.0010033693994649,0.2101106555432856,0.12526961283311475,-0.1638906738871719,0.0021747355144119715,0.03769712318610487,-0.02145847409408769,0.0011273833307172123,-0.012992296169624787,0.001646858689006706,-5.1896973465948936e-05
50,7,430,25.1895694732666,1.0010033960580753,0.21011070802388035,0.12526966295401137,-0.16389069292376932,0.002174735825293522,0.03769716533222225,-0.021458458086420402,0.0011273828078833773,-0.012992299209589674,0.0016468589868757896,-5.189698319478906e-05
50,7,431,25.1895694732666,1.001003415555682,0.2101107543583921,0.12526970054468384,-0.16389071196036673,0.002174736291615848,0.03769721538073664,-0.021458448081628344,0.001127382415758001,-0.012992300729572116,0.0016468592847448734,-5.189698968068248e-05
50,7,432,25.1895694732666,1.0010034392798062,0.21011080220394304,0.1252697381353563,-0.1638907309969641,0.0021747369133789493,0.03769727333164805,-0.02145843407491947,0.0011273820236326246,-0.012992303769537004,0.0016468594833242624,-5.18969994095226e-05
50,7,433,25.1895694732666,1.0010034591682122,0.21011085042664648,0.12526977572602876,-0.16389075003356152,0.0021747376905828257,0.03769733391669179,-0.021458424070127415,0.0011273815007987898,-0.012992305289519446,0.001646859582613957,-5.189701238130944e-05
50,7,434,25.1895694732666,1.0010034774780958,0.21011090044798278,0.12526981331670123,-0.16389076907015893,0.0021747384677867024,0.03769740503826488,-0.02145841606629377,0.0011273812393818722,-0.012992305289519446,0.001646859781193346,-5.189701238130944e-05
50,7,435,25.1895694732666,1.0010034958865655,0.21011095093898946,0.12526985090737366,-0.16389078810675634,0.0021747392449905792,0.037697478793970306,-0.021458408062460126,0.0011273807165480371,-0.012992305289519446,0.001646859781193346,-5.189701562425615e-05
50,7,436,25.1895694732666,1.001003505528644,0.21011098762239988,0.12526988849804613,-0.16389078810675634,0.0021747400221944556,0.0376975578179404,-0.021458406061501713,0.0011273805858395785,-0.01299230680950189,0.001646859781193346,-5.189701562425615e-05
50,7,437,25.1895694732666,1.0010035117289886,0.21011101721461542,0.12526991355849446,-0.16389078810675634,0.002174740643957557,0.03769763947604284,-0.021458406061501713,0.0011273804551311197,-0.01299230680950189,0.0016468598804830407,-5.189700913836273e-05
50,7,438,25.1895694732666,1.0010035161940019,0.21011104784521717,0.12526993861894276,-0.16389078810675634,0.002174741110279883,0.037697726402409946,-0.021458408062460126,0.0011273804551311197,-0.012992308329484333,0.001646859781193346,-5.189700265246931e-05
50,7,439,25.1895694732666,1.001003518487275,0.2101110774350825,0.12526996367939106,-0.16389078810675634,0.0021747414211614334,0.037697808060512386,-0.021458412064376948,0.0011273804551311197,-0.012992308329484333,0.0016468594833242624,-5.189698968068248e-05
50,7,440,25.1895694732666,1.001003518906902,0.21011110740438008,0.12526998873983936,-0.16389078810675634,0.0021747415766022087,0.037697892352747155,-0.02145841806725218,0.0011273804551311197,-0.01299230680950189,0.0016468592847448734,-5.1896973465948936e-05
50,7,441,25.1895694732666,1.0010035131069897,0.21011113567333922,0.12527001380028768,-0.16389078810675634,0.0021747414211614334,0.03769796610845258,-0.021458430073002646,0.001127380847256496,-0.012992308329484333,0.0016468590861654843,-5.1896970223002226e-05
50,7,442,25.1895694732666,1.001003505552835,0.21011116489058815,0.12527003886073598,-0.16389078810675634,0.002174741110279883,0.037698045132422676,-0.021458444079711522,0.001127381370090331,-0.012992309849466775,0.0016468591854551789,-5.1896963737108806e-05
50,7,443,25.1895694732666,1.001003493970376,0.21011119354110674,0.12527006392118428,-0.16389078810675634,0.002174740643957557,0.037698121522260444,-0.021458462088337224,0.0011273821543410834,-0.012992309849466775,0.0016468590861654843,-5.1896954008268684e-05
50,7,444,25.1895694732666,1.001003480551271,0.2101112227605177,0.12527008898163258,-0.16389078810675634,0.002174740177635231,0.03769820054623054,-0.021458482097921335,0.0011273830693002947,-0.012992311369449219,0.0016468591854551789,-5.1896954008268684e-05
50,7,445,25.1895694732666,1.0010034648781958,0.21011125056062294,0.1252701140420809,-0.16389078810675634,0.002174739711312905,0.03769827166780363,-0.021458504108463856,0.0011273838535510471,-0.012992312889431661,0.0016468591854551789,-5.1896944279428554e-05
50,7,446,25.1895694732666,1.0010034456899697,0.21011128025192774,0.1252701391025292,-0.16389078810675634,0.0021747392449905792,0.03769835332590606,-0.0214585301209232,0.0011273847685102586,-0.012992314409414105,0.0016468591854551789,-5.189694103648185e-05
50,7,447,25.1895694732666,1.0010034264173453,0.21011130956751395,0.1252701641629775,-0.16389078810675634,0.0021747390895498035,0.03769843234987616,-0.021458556133382545,0.001127386075594846,-0.01299231744937899,0.0016468592847448734,-5.189693455058843e-05
50,7,448,25.1895694732666,1.0010034015422173,0.21011133084300954,0.12527017669320167,-0.16389078810675634,0.0021747390895498035,0.03769850873971392,-0.02145858614775871,0.0011273869905540574,-0.012992318969361434,0.0016468592847448734,-5.18969248217483e-05
50,7,449,25.1895694732666,1.0010033848852267,0.21011135400831654,0.12527018922342584,-0.16389078810675634,0.0021747392449905792,0.03769859566608103,-0.02145860815830123,0.0011273877748048098,-0.012992320489343878,0.0016468592847448734,-5.18969215788016e-05
50,7,450,25.1895694732666,1.0010033606990023,0.21011137859222437,0.12527020175364997,-0.16389078810675634,0.0021747395558721298,0.03769869049484515,-0.021458638172677395,0.001127388689764021,-0.01299232200932632,0.0016468592847448734,-5.189691184996147e-05
50,7,451,25.1895694732666,1.0010033402263485,0.21011140223022623,0.12527021428387414,-0.16389078810675634,0.0021747398667536803,0.0376987800553446,-0.02145866418513674,0.0011273894740147735,-0.012992323529308764,0.0016468592847448734,-5.189690860701476e-05
50,7,452,25.1895694732666,1.001003318013014,0.2101114269075022,0.12527022681409827,-0.16389078810675634,0.002174740333076006,0.03769887488410872,-0.021458692198554494,0.0011273902582655262,-0.01299232656927365,0.0016468592847448734,-5.189690536406805e-05
50,7,453,25.1895694732666,1.0010032953637082,0.21011144950773986,0.12527023934432244,-0.16389078810675634,0.0021747407993983323,0.037698959176343486,-0.02145872021197225,0.001127391303933196,-0.01299232656927365,0.0016468592847448734,-5.189689563522793e-05
50,7,454,25.1895694732666,1.0010032690339292,0.21011146387940793,0.12527023934432244,-0.16389078810675634,0.002174741110279883,0.03769903820031358,-0.021458750226348414,0.0011273922188924073,-0.012992329609238537,0.0016468592847448734,-5.189689239228122e-05
50,7,455,25.1895694732666,1.0010032465178684,0.21011147778229158,0.12527023934432244,-0.16389078810675634,0.0021747414211614334,0.03769911459015134,-0.02145877623880776,0.0011273932645600774,-0.012992332649203422,0.0016468596819036515,-5.189688914933451e-05
50,7,456,25.1895694732666,1.0010032179177628,0.21011149064354342,0.12527023934432244,-0.16389078810675634,0.0021747415766022087,0.03769918571172443,-0.021458808254142335,0.0011273944409362063,-0.012992334169185864,0.0016468596819036515,-5.1896879420494386e-05
50,7,457,25.1895694732666,1.001003195009922,0.21011150265355066,0.12527023934432244,-0.16389078810675634,0.0021747415766022087,0.03769925156503285,-0.02145883426660168,0.001127395617312335,-0.012992337209150752,0.0016468596819036515,-5.1896876177547676e-05
50,7,458,25.1895694732666,1.0010031697496964,0.2101115127753939,0.12527023934432244,-0.16389078810675634,0.0021747415766022087,0.03769930688181192,-0.021458862280019433,0.0011273967936884638,-0.012992340249115638,0.0016468599797727352,-5.1896876177547676e-05
50,7,459,25.1895694732666,1.0010031483815502,0.21011152280178208,0.12527023934432244,-0.16389078810675634,0.0021747415766022087,0.03769936219859099,-0.021458886291520367,0.0011273978393561337,-0.012992341769098081,0.0016468601783521243,-5.1896872934600966e-05
50,7,460,25.1895694732666,1.001003130766111,0.21011153206871885,0.12527023934432244,-0.16389078810675634,0.0021747415766022087,0.037699412247105386,-0.021458906301104478,0.0011273986236068863,-0.01299234632904541,0.0016468602776418188,-5.1896869691654256e-05
50,7,461,25.1895694732666,1.0010031193668996,0.2101115336748847,0.12527022681409827,-0.16389078810675634,0.0021747415766022087,0.03769946229561978,-0.021458918306854945,0.0011273991464407212,-0.012992347849027853,0.0016468602776418188,-5.1896863205760844e-05
50,7,462,25.1895694732666,1.001003109048805,0.2101115497506082,0.12527021428387414,-0.16389080714335372,0.0021747415766022087,0.03769950971000184,-0.02145893231356382,0.0011273995385660976,-0.01299235088899274,0.0016468602776418188,-5.1896856719867424e-05
50,7,463,25.1895694732666,1.001003102126939,0.21011156336856665,0.12527020175364997,-0.16389082617995113,0.0021747415766022087,0.037699543953722214,-0.021458942318355878,0.0011273996692745562,-0.012992352408975182,0.0016468603769315133,-5.1896850233974005e-05
50,7,464,25.1895694732666,1.0010031007753193,0.2101115755671537,0.12527018922342584,-0.16389084521654854,0.0021747415766022087,0.03769957029504558,-0.0214589463202727,0.0011273996692745562,-0.012992353928957626,0.0016468603769315133,-5.189684374808059e-05
50,7,465,25.1895694732666,1.0010031032587954,0.21011158738562022,0.12527017669320167,-0.16389086425314592,0.0021747414211614334,0.03769959400223661,-0.0214589463202727,0.0011273995385660976,-0.012992356968922512,0.0016468602776418188,-5.189683077629376e-05
50,7,466,25.1895694732666,1.0010031043660284,0.21011158331531776,0.1252701641629775,-0.16389086425314592,0.002174741110279883,0.03769961244116297,-0.021458944319314287,0.0011273991464407212,-0.012992358488904955,0.0016468602776418188,-5.189681780450692e-05
50,7,467,25.189571380615234,1.0010031112415918,0.21011157876934705,0.12527015163275337,-0.16389086425314592,0.0021747407993983323,0.03769962824595698,-0.021458936315480643,0.0011273986236068863,-0.012992360008887397,0.0016468599797727352,-5.189680158977338e-05
50,7,468,25.189571380615234,1.001003115843914,0.21011157271226755,0.1252701391025292,-0.16389086425314592,0.002174740488516782,0.037699636148354,-0.02145893031260541,0.0011273981007730513,-0.012992360008887397,0.001646859781193346,-5.1896791860933256e-05
50,7,469,25.1895694732666,1.0010031264333448,0.21011156722181015,0.12527012657230505,-0.16389086425314592,0.002174740177635231,0.03769964668488334,-0.021458918306854945,0.0011273975779392163,-0.012992361528869841,0.001646859582613957,-5.1896775646199713e-05
50,7,470,25.1895694732666,1.0010031328732483,0.21011156060029046,0.1252701140420809,-0.16389086425314592,0.0021747398667536803,0.03769965195314801,-0.0214589103030213,0.0011273973165222986,-0.012992360008887397,0.0016468594833242624,-5.1896765917359584e-05
50,7,471,25.1895694732666,1.0010031406996258,0.2101115605973281,0.1252701140420809,-0.16389086425314592,0.002174739711312905,0.03769965195314801,-0.021458902299187656,0.0011273970551053812,-0.012992360008887397,0.0016468592847448734,-5.189675294557275e-05
50,7,472,25.1895694732666,1.0010031464910896,0.21011156021868463,0.1252701140420809,-0.16389086425314592,0.0021747395558721298,0.03769964931901568,-0.021458896296312424,0.0011273970551053812,-0.012992361528869841,0.0016468592847448734,-5.1896759431466165e-05
50,7,473,25.1895694732666,1.001003152183379,0.21011155936755863,0.1252701140420809,-0.16389086425314592,0.0021747394004313545,0.037699644050751005,-0.02145889029343719,0.0011273967936884638,-0.012992363048852285,0.0016468594833242624,-5.189675618851946e-05
50,7,474,25.1895694732666,1.0010031539639945,0.21011155851853838,0.1252701140420809,-0.16389086425314592,0.0021747392449905792,0.03769963878248633,-0.02145888829247878,0.0011273969243969224,-0.012992364568834727,0.0016468596819036515,-5.1896759431466165e-05
50,7,475,25.1895694732666,1.0010031597530173,0.21011155814145158,0.1252701140420809,-0.16389086425314592,0.0021747392449905792,0.037699636148354,-0.021458882289603545,0.0011273969243969224,-0.01299236608881717,0.0016468598804830407,-5.1896765917359584e-05
50,7,476,25.1895694732666,1.0010031673961233,0.21011155729173023,0.1252701140420809,-0.16389086425314592,0.0021747394004313545,0.037699630880089326,-0.0214588742857699,0.0011273969243969224,-0.012992367608799614,0.0016468600790624298,-5.1896769160306294e-05
50,7,477,25.1895694732666,1.0010031692870593,0.21011155700785508,0.1252701140420809,-0.16389086425314592,0.002174739711312905,0.03769962824595698,-0.02145887228481149,0.0011273969243969224,-0.0129923706487645,0.0016468601783521243,-5.1896778889146416e-05
50,7,478,25.189571380615234,1.0010031772248529,0.21011155757525687,0.1252701140420809,-0.16389086425314592,0.0021747400221944556,0.037699630880089326,-0.021458864280977846,0.0011273969243969224,-0.012992372168746944,0.0016468602776418188,-5.1896782132093126e-05
50,7,479,25.189571380615234,1.0010031866118176,0.2101115650467283,0.12527012657230505,-0.16389086425314592,0.002174740333076006,0.037699630880089326,-0.021458856277144202,0.0011273967936884638,-0.012992372168746944,0.0016468604762212079,-5.1896785375039836e-05
50,7,480,25.189571380615234,1.001003198172834,0.21011157355675542,0.1252701391025292,-0.16389086425314592,0.002174740643957557,0.037699636148354,-0.021458846272352144,0.0011273965322715462,-0.012992373688729386,0.0016468606748005971,-5.1896788617986546e-05
50,7,481,25.189571380615234,1.0010032115928327,0.21011158159111243,0.12527015163275337,-0.16389086425314592,0.0021747407993983323,0.03769963878248633,-0.02145883426660168,0.00112739614014617,-0.01299237520871183,0.0016468605755109026,-5.1896788617986546e-05
50,7,482,25.189571380615234,1.0010032252905912,0.210111590948758,0.1252701641629775,-0.16389086425314592,0.0021747409548391076,0.03769964931901568,-0.021458822260851215,0.0011273954866038761,-0.01299237520871183,0.0016468605755109026,-5.1896788617986546e-05
50,7,483,25.189571380615234,1.0010032387900678,0.21011159936176094,0.12527017669320167,-0.16389086425314592,0.002174741110279883,0.037699654587280355,-0.021458810255100748,0.0011273950944785,-0.01299237520871183,0.0016468604762212079,-5.1896788617986546e-05
50,7,484,25.189571380615234,1.0010032524823416,0.2101115993611365,0.12527017669320167,-0.16389086425314592,0.002174741110279883,0.037699654587280355,-0.02145879624839187,0.0011273948330615825,-0.01299237520871183,0.0016468605755109026,-5.1896788617986546e-05
50,7,485,25.189571380615234,1.0010032660746568,0.21011159888429448,0.12527017669320167,-0.16389086425314592,0.002174741110279883,0.03769965195314801,-0.021458782241682992,0.0011273940488108298,-0.01299237520871183,0.0016468605755109026,-5.1896788617986546e-05
50,7,486,25.189571380615234,1.0010032833042435,0.21011159708486574,0.12527017669320167,-0.16389086425314592,0.0021747409548391076,0.03769964141661867,-0.021458764233057294,0.0011273936566854536,-0.012992376728694272,0.0016468604762212079,-5.1896788617986546e-05
50,7,487,25.1895694732666,1.0010032944279503,0.21011159415296882,0.12527017669320167,-0.16389086425314592,0.0021747407993983323,0.03769962561182465,-0.021458752227306827,0.0011273932645600774,-0.01299237520871183,0.0016468604762212079,-5.1896782132093126e-05
50,7,488,25.189571380615234,1.0010033055710754,0.21011159131358328,0.12527017669320167,-0.16389086425314592,0.002174740643957557,0.03769960980703063,-0.02145874022155636,0.0011273927417262423,-0.01299237520871183,0.0016468603769315133,-5.1896778889146416e-05
50,7,489,25.1895694732666,1.001003316419645,0.21011158705770283,0.12527017669320167,-0.16389086425314592,0.002174740333076006,0.0376995860998396,-0.021458728215805894,0.001127392480309325,-0.01299237520871183,0.0016468602776418188,-5.1896778889146416e-05
50,7,490,25.1895694732666,1.0010033193649797,0.21011158242543734,0.12527017669320167,-0.16389086425314592,0.0021747400221944556,0.037699559758516236,-0.02145872421388907,0.0011273923496008661,-0.012992376728694272,0.0016468603769315133,-5.1896772403253004e-05
50,7,491,25.1895694732666,1.0010033240477265,0.21011157675151113,0.12527017669320167,-0.16389086425314592,0.002174739711312905,0.03769952814892819,-0.02145871821101384,0.0011273923496008661,-0.012992376728694272,0.0016468600790624298,-5.1896772403253004e-05
50,7,492,25.1895694732666,1.0010033263978269,0.2101115692834598,0.12527017669320167,-0.16389086425314592,0.0021747394004313545,0.03769948600281081,-0.021458714209097018,0.0011273922188924073,-0.012992378248676715,0.0016468601783521243,-5.1896762674412874e-05
50,7,493,25.1895694732666,1.0010033266898979,0.21011156134278608,0.12527017669320167,-0.16389086425314592,0.0021747392449905792,0.03769944122256109,-0.021458712208138605,0.0011273920881839487,-0.012992379768659159,0.0016468602776418188,-5.189675618851946e-05
50,7,494,25.1895694732666,1.0010033247056198,0.21011155188938505,0.12527017669320167,-0.16389086425314592,0.0021747392449905792,0.03769938853991436,-0.021458712208138605,0.0011273920881839487,-0.012992379768659159,0.0016468601783521243,-5.189674970262604e-05
50,7,495,25.189571380615234,1.0010033265343858,0.21011154196399032,0.12527017669320167,-0.16389086425314592,0.0021747392449905792,0.03769933322313528,-0.021458708206221783,0.0011273923496008661,-0.012992379768659159,0.0016468599797727352,-5.189673997378591e-05
50,7,496,25.189571380615234,1.0010033203375972,0.21011153109264882,0.12527017669320167,-0.16389086425314592,0.0021747394004313545,0.037699272638091544,-0.021458712208138605,0.001127392480309325,-0.012992379768659159,0.001646859781193346,-5.189672700199908e-05
50,7,497,25.189571380615234,1.0010033180501767,0.21011152022140275,0.12527017669320167,-0.16389086425314592,0.002174739711312905,0.0376992120530478,-0.021458712208138605,0.001127392480309325,-0.012992379768659159,0.0016468596819036515,-5.189672051610567e-05
50,7,498,25.189571380615234,1.0010033118709771,0.21011150944704493,0.12527017669320167,-0.16389086425314592,0.0021747400221944556,0.03769915146800406,-0.021458716210055427,0.0011273928724347012,-0.012992381288641601,0.0016468596819036515,-5.189671403021225e-05
50,7,499,25.189571380615234,1.0010033037155213,0.2101114985764571,0.12527017669320167,-0.16389086425314592,0.002174740333076006,0.037699090882960314,-0.021458722212930662,0.0011273931338516186,-0.012992381288641601,0.0016468594833242624,-5.189670754431883e-05
50,7,500,25.1895694732666,1.0010032935054114,0.2101114872361421,0.12527017669320167,-0.16389086425314592,0.002174740643957557,0.03769902766378424,-0.021458730216764303,0.0011273937873939124,-0.012992381288641601,0.001646859384034568,-5.1896701058425416e-05
50,7,501,25.1895694732666,1.0010032814413674,0.21011147636917243,0.12527017669320167,-0.16389086425314592,0.0021747407993983323,0.03769896707874049,-0.02145874022155636,0.0011273945716446649,-0.012992381288641601,0.0016468592847448734,-5.1896694572531996e-05
50,7,502,25.1895694732666,1.0010032657827161,0.21011146701486186,0.12527017669320167,-0.16389086425314592,0.0021747409548391076,0.03769891439609376,-0.021458754228265237,0.0011273953558954175,-0.012992382808624045,0.0016468592847448734,-5.1896688086638576e-05
50,7,503,25.1895694732666,1.0010032486354372,0.21011145056850014,0.1252701641629775,-0.16389086425314592,0.002174741110279883,0.03769886434757937,-0.021458768234974116,0.0011273962708546288,-0.012992382808624045,0.0016468591854551789,-5.1896681600745164e-05
50,7,504,25.1895694732666,1.0010032296514928,0.2101114346909421,0.12527015163275337,-0.16389086425314592,0.002174741265720658,0.03769881693319731,-0.021458784242641405,0.0011273974472307575,-0.012992384328606488,0.0016468591854551789,-5.1896668628958325e-05
50,7,505,25.1895694732666,1.001003210647054,0.21011141871574462,0.1252701391025292,-0.16389086425314592,0.0021747414211614334,0.03769876951881525,-0.02145880025030869,0.00112739823148151,-0.012992384328606488,0.0016468589868757896,-5.189665565717149e-05
50,7,506,25.1895694732666,1.001003197808714,0.21011140415990692,0.12527012657230505,-0.16389086425314592,0.0021747415766022087,0.0376987300068302,-0.021458810255100748,0.0011273991464407212,-0.012992384328606488,0.001646858887586095,-5.189664917127807e-05
50,7,507,25.1895694732666,1.0010031849726695,0.21011138960181774,0.1252701140420809,-0.16389086425314592,0.0021747415766022087,0.03769869049484515,-0.0214588202598928,0.0011273999306914738,-0.012992384328606488,0.0016468585897170115,-5.189663944243795e-05
50,7,508,25.1895694732666,1.0010031741913152,0.21011137551362755,0.12527010151185675,-0.16389086425314592,0.0021747415766022087,0.037698653616992435,-0.021458828263726446,0.0011274000613999324,-0.012992384328606488,0.0016468583911376225,-5.189662322770441e-05
50,7,509,25.1895694732666,1.0010031673419377,0.21011136152005644,0.12527008898163258,-0.16389086425314592,0.0021747415766022087,0.037698616739139726,-0.02145883226564327,0.0011274004535253089,-0.01299238584858893,0.0016468580932685387,-5.1896603770024156e-05
50,7,510,25.189571380615234,1.0010031625082356,0.21011134781051233,0.12527007645140845,-0.16389086425314592,0.0021747415766022087,0.03769858249541935,-0.02145883426660168,0.0011274005842337675,-0.012992384328606488,0.0016468578946891496,-5.189659404118403e-05
50,7,511,25.189571380615234,1.001003159378516,0.21011134223219236,0.12527007645140845,-0.16389086425314592,0.0021747417320429844,0.03769855088583131,-0.02145883626756009,0.0011274007149422263,-0.01299238584858893,0.0016468576961097606,-5.1896581069397194e-05
50,7,512,25.189571380615234,1.0010031581848486,0.21011133655856198,0.12527007645140845,-0.16389086425314592,0.0021747418874837597,0.03769851927624327,-0.02145883626756009,0.0011274004535253089,-0.01299238584858893,0.0016468575968200659,-5.189656809761036e-05
50,7,513,25.189571380615234,1.0010031586494668,0.2101113294662983,0.12527007645140845,-0.16389086425314592,0.002174742042924535,0.03769847976425822,-0.02145883426660168,0.0011274001921083912,-0.01299238584858893,0.0016468573982406768,-5.189655512582352e-05
50,7,514,25.189571380615234,1.001003161289048,0.21011132341693115,0.12527007645140845,-0.16389086425314592,0.00217474219836531,0.037698445520537846,-0.02145883026468486,0.00112740032281685,-0.012992387368571374,0.0016468573982406768,-5.18965453969834e-05
50,7,515,25.189571380615234,1.0010031618756796,0.2101113168927703,0.12527007645140845,-0.16389086425314592,0.00217474219836531,0.03769840864268513,-0.021458828263726446,0.0011274001921083912,-0.012992388888553818,0.0016468572989509823,-5.189653891108998e-05
50,7,516,25.189571380615234,1.0010031643220991,0.21011130989677623,0.12527007645140845,-0.16389086425314592,0.002174742042924535,0.037698369130700085,-0.021458824261809624,0.0011274000613999324,-0.01299239040853626,0.0016468572989509823,-5.189653566814328e-05
50,7,517,25.1895694732666,1.0010031632731076,0.2101113048860292,0.12527007645140845,-0.16389086425314592,0.0021747418874837597,0.037698340155244384,-0.021458824261809624,0.0011273999306914738,-0.012992393448501147,0.0016468573982406768,-5.189653242519657e-05
50,7,518,25.189571380615234,1.0010031638831878,0.21011129846039284,0.12527007645140845,-0.16389086425314592,0.0021747417320429844,0.03769830327739167,-0.021458822260851215,0.0011274000613999324,-0.012992396488466033,0.0016468576961097606,-5.189653242519657e-05
50,7,519,25.189571380615234,1.001003162834525,0.210111293451212,0.12527007645140845,-0.16389086425314592,0.0021747415766022087,0.037698274301935966,-0.021458822260851215,0.0011273999306914738,-0.012992399528430919,0.0016468579939788442,-5.189653242519657e-05
50,7,520,25.189571380615234,1.0010031656749603,0.21011128834555648,0.12527007645140845,-0.16389086425314592,0.0021747415766022087,0.037698245326480265,-0.021458818258934392,0.0011274000613999324,-0.012992401048413363,0.0016468577953994551,-5.189652918224986e-05
50,7,521,25.189571380615234,1.0010031669537234,0.21011128513200503,0.12527007645140845,-0.16389086425314592,0.0021747417320429844,0.03769822688755391,-0.02145881625797598,0.0011274000613999324,-0.012992402568395804,0.0016468578946891496,-5.189652593930315e-05
50,7,522,25.189571380615234,1.0010031741991108,0.2101112823874873,0.12527007645140845,-0.16389086425314592,0.0021747418874837597,0.037698211082759885,-0.021458808254142335,0.0011273995385660976,-0.012992404088378248,0.0016468578946891496,-5.189651945340973e-05
50,7,523,25.189571380615234,1.0010031795680618,0.21011128002229834,0.12527007645140845,-0.16389086425314592,0.002174742042924535,0.037698197912098205,-0.021458802251267103,0.0011273991464407212,-0.012992404088378248,0.0016468578946891496,-5.1896509724569606e-05
50,7,524,25.189571380615234,1.0010031872921752,0.21011127954531847,0.12527007645140845,-0.16389086425314592,0.002174742042924535,0.03769819527796587,-0.02145879424743346,0.0011273986236068863,-0.012992404088378248,0.0016468576961097606,-5.189650323867619e-05
50,7,525,25.1895694732666,1.0010031951384621,0.2101112796372038,0.12527007645140845,-0.16389086425314592,0.0021747418874837597,0.03769819527796587,-0.021458786243599814,0.00112739823148151,-0.012992405608360692,0.0016468576961097606,-5.189650323867619e-05
50,7,526,25.1895694732666,1.0010031989763615,0.21011127925725023,0.12527007645140845,-0.16389086425314592,0.0021747415766022087,0.03769819264383353,-0.021458782241682992,0.0011273978393561337,-0.012992407128343134,0.0016468577953994551,-5.189649999572948e-05
50,7,527,25.189571380615234,1.001003204750116,0.21011127878104785,0.12527007645140845,-0.16389086425314592,0.002174741265720658,0.03769819000970119,-0.02145877623880776,0.0011273973165222986,-0.012992407128343134,0.0016468576961097606,-5.1896490266889354e-05
50,7,528,25.189571380615234,1.0010032066148011,0.21011127830617132,0.12527007645140845,-0.16389086425314592,0.0021747407993983323,0.037698187375568855,-0.021458774237849348,0.00112739718581384,-0.012992407128343134,0.0016468574975303713,-5.189648053804923e-05
50,7,529,25.189571380615234,1.0010032065211183,0.21011127783347736,0.12527007645140845,-0.16389086425314592,0.002174740488516782,0.03769818474143652,-0.021458774237849348,0.0011273973165222986,-0.012992407128343134,0.0016468573982406768,-5.189647729510252e-05
50,7,530,25.189571380615234,1.0010032042732833,0.2101112764170306,0.12527007645140845,-0.16389086425314592,0.002174740177635231,0.03769817683903951,-0.02145877623880776,0.0011273975779392163,-0.012992407128343134,0.0016468573982406768,-5.189647405215581e-05
50,7,531,25.189571380615234,1.0010032001485374,0.21011127537765437,0.12527007645140845,-0.16389086425314592,0.0021747398667536803,0.03769817157077484,-0.021458780240724583,0.0011273978393561337,-0.012992405608360692,0.0016468571996612878,-5.18964708092091e-05
50,7,532,25.189571380615234,1.0010031940850048,0.2101112744337472,0.12527007645140845,-0.16389086425314592,0.002174739711312905,0.03769816630251016,-0.021458786243599814,0.00112739823148151,-0.012992405608360692,0.0016468571003715933,-5.189646756626239e-05
50,7,533,25.189571380615234,1.0010031858446764,0.21011127245139796,0.12527007645140845,-0.16389086425314592,0.002174739711312905,0.03769815576598082,-0.02145879424743346,0.0011273986236068863,-0.012992404088378248,0.0016468571003715933,-5.189646756626239e-05
50,7,534,25.189571380615234,1.0010031799544479,0.21011127235951343,0.12527007645140845,-0.16389086425314592,0.0021747398667536803,0.03769815576598082,-0.02145880025030869,0.0011273990157322626,-0.012992402568395804,0.0016468571003715933,-5.18964708092091e-05
50,7,535,25.1895694732666,1.0010031719294852,0.2101112714163873,0.12527007645140845,-0.16389086425314592,0.0021747400221944556,0.037698150497716146,-0.021458808254142335,0.0011273994078576388,-0.012992402568395804,0.0016468571003715933,-5.189647729510252e-05
50,7,536,25.189571380615234,1.0010031641995247,0.21011127189188544,0.12527007645140845,-0.16389086425314592,0.002174740333076006,0.03769815313184848,-0.02145881625797598,0.001127399799983015,-0.012992402568395804,0.0016468571996612878,-5.189647729510252e-05
50,7,537,25.189571380615234,1.0010031584230177,0.21011127236816263,0.12527007645140845,-0.16389086425314592,0.0021747407993983323,0.03769815576598082,-0.021458822260851215,0.0011274001921083912,-0.012992402568395804,0.0016468573982406768,-5.189648053804923e-05
50,7,538,25.1895694732666,1.0010031569549627,0.2101112747326469,0.12527007645140845,-0.16389086425314592,0.002174741265720658,0.037698168936642504,-0.021458824261809624,0.0011274004535253089,-0.012992402568395804,0.0016468573982406768,-5.1896487023942645e-05
50,7,539,25.1895694732666,1.0010031515943731,0.21011127719041997,0.12527007645140845,-0.16389086425314592,0.0021747417320429844,0.03769818210730418,-0.02145883026468486,0.0011274005842337675,-0.012992404088378248,0.0016468573982406768,-5.1896493509836064e-05
50,7,540,25.189571380615234,1.0010031503278018,0.21011128050161668,0.12527007645140845,-0.16389086425314592,0.002174742042924535,0.03769820054623054,-0.02145883226564327,0.0011274009763591437,-0.012992404088378248,0.0016468574975303713,-5.1896493509836064e-05
50,7,541,25.1895694732666,1.0010031532726757,0.21011128522567882,0.12527007645140845,-0.16389086425314592,0.00217474219836531,0.03769822688755391,-0.02145883026468486,0.0011274005842337675,-0.012992404088378248,0.0016468574975303713,-5.1896493509836064e-05
50,7,542,25.1895694732666,1.0010031581739027,0.21011128995114683,0.12527007645140845,-0.16389086425314592,0.0021747423538060855,0.03769825322887727,-0.021458826262768037,0.0011274004535253089,-0.012992404088378248,0.0016468574975303713,-5.1896493509836064e-05
50,7,543,25.1895694732666,1.0010031613230141,0.21011129562185296,0.12527007645140845,-0.16389086425314592,0.00217474219836531,0.03769828483846531,-0.021458824261809624,0.00112740032281685,-0.012992404088378248,0.0016468574975303713,-5.1896493509836064e-05
50,7,544,25.1895694732666,1.0010031665304824,0.21011130176673962,0.12527007645140845,-0.16389086425314592,0.0021747418874837597,0.03769831908218569,-0.0214588202598928,0.0011274001921083912,-0.012992404088378248,0.0016468576961097606,-5.189649999572948e-05
50,7,545,25.189571380615234,1.0010031641117987,0.21011130885531112,0.12527007645140845,-0.16389086425314592,0.0021747415766022087,0.037698358594170735,-0.021458824261809624,0.0011274000613999324,-0.012992404088378248,0.0016468576961097606,-5.189650323867619e-05
50,7,546,25.189571380615234,1.0010031674619404,0.2101113154705688,0.12527007645140845,-0.16389086425314592,0.002174741265720658,0.03769839547202345,-0.021458822260851215,0.001127399799983015,-0.012992404088378248,0.0016468576961097606,-5.189650323867619e-05
50,7,547,25.189571380615234,1.0010031669172221,0.2101113221812264,0.12527007645140845,-0.16389086425314592,0.002174741110279883,0.03769843234987616,-0.021458824261809624,0.001127399799983015,-0.012992405608360692,0.0016468576961097606,-5.1896509724569606e-05
50,7,548,25.189571380615234,1.001003170265236,0.21011132879953348,0.12527007645140845,-0.16389086425314592,0.0021747409548391076,0.037698469227728876,-0.021458822260851215,0.0011273996692745562,-0.012992405608360692,0.0016468579939788442,-5.1896512967516316e-05
50,7,549,25.189571380615234,1.001003167963017,0.21011133645614535,0.12527007645140845,-0.16389086425314592,0.0021747407993983323,0.037698511373846263,-0.021458826262768037,0.001127399799983015,-0.012992407128343134,0.0016468579939788442,-5.189651945340973e-05
50,7,550,25.189571380615234,1.0010031693518644,0.2101113430728317,0.12527007645140845,-0.16389086425314592,0.0021747407993983323,0.03769854825169897,-0.021458826262768037,0.001127399799983015,-0.012992407128343134,0.0016468579939788442,-5.189651945340973e-05
50,7,551,25.189571380615234,1.0010031666303376,0.21011134874498347,0.12527007645140845,-0.16389086425314592,0.0021747407993983323,0.03769857986128701,-0.02145883026468486,0.0011273999306914738,-0.012992407128343134,0.0016468579939788442,-5.189651945340973e-05
50,7,552,25.189571380615234,1.00100316175451,0.21011135347267523,0.12527007645140845,-0.16389086425314592,0.0021747407993983323,0.037698606202610375,-0.02145883626756009,0.0011274000613999324,-0.012992407128343134,0.0016468580932685387,-5.189651945340973e-05
50,7,553,25.189571380615234,1.0010031569977786,0.2101113587677595,0.12527007645140845,-0.16389086425314592,0.0021747407993983323,0.037698635178066084,-0.021458842270435326,0.0011274001921083912,-0.012992408648325578,0.0016468582918479277,-5.189651945340973e-05
50,7,554,25.189571380615234,1.0010031480112334,0.21011136254928034,0.12527007645140845,-0.16389086425314592,0.0021747407993983323,0.03769865625112478,-0.02145885227522738,0.0011274005842337675,-0.012992408648325578,0.0016468580932685387,-5.1896512967516316e-05
50,7,555,25.189571380615234,1.001003140779587,0.2101113653856365,0.12527007645140845,-0.16389086425314592,0.0021747409548391076,0.03769867205591879,-0.021458860279061024,0.001127400845650685,-0.012992408648325578,0.0016468579939788442,-5.1896509724569606e-05
50,7,556,25.189571380615234,1.001003131396685,0.21011136727885235,0.12527007645140845,-0.16389086425314592,0.0021747409548391076,0.03769868259244814,-0.021458870283853078,0.0011274014991929787,-0.012992408648325578,0.0016468578946891496,-5.189650323867619e-05
50,7,557,25.189571380615234,1.001003120037408,0.2101113690752748,0.12527007645140845,-0.16389086425314592,0.0021747409548391076,0.03769869312897749,-0.021458882289603545,0.0011274016299014375,-0.012992407128343134,0.0016468577953994551,-5.189649999572948e-05
50,7,558,25.189571380615234,1.0010031086981375,0.2101113709670105,0.12527007645140845,-0.16389086425314592,0.0021747409548391076,0.03769870366550683,-0.02145889429535401,0.0011274021527352726,-0.012992407128343134,0.0016468575968200659,-5.1896487023942645e-05
50,7,559,25.1895694732666,1.0010030932488014,0.21011137191568474,0.12527007645140845,-0.16389086425314592,0.0021747409548391076,0.03769870893377151,-0.0214589103030213,0.001127402936986025,-0.012992407128343134,0.0016468574975303713,-5.1896483780995935e-05
50,7,560,25.1895694732666,1.0010030799568628,0.21011137381038358,0.12527007645140845,-0.16389086425314592,0.0021747407993983323,0.03769871947030085,-0.021458924309730176,0.0011274037212367777,-0.012992407128343134,0.0016468574975303713,-5.1896483780995935e-05
50,7,561,25.1895694732666,1.0010030647290689,0.2101113758013301,0.12527007645140845,-0.16389086425314592,0.002174740643957557,0.0376987300068302,-0.021458940317397465,0.001127404636195989,-0.012992408648325578,0.0016468576961097606,-5.1896483780995935e-05
50,7,562,25.1895694732666,1.0010030455888326,0.21011137779072067,0.12527007645140845,-0.16389086425314592,0.002174740488516782,0.037698740543359546,-0.021458960326981576,0.0011274055511552002,-0.012992410168308021,0.0016468576961097606,-5.1896483780995935e-05
50,7,563,25.1895694732666,1.0010030322766916,0.21011137958917228,0.12527007645140845,-0.16389086425314592,0.002174740333076006,0.03769875107988889,-0.021458974333690452,0.0011274062046974938,-0.012992408648325578,0.0016468574975303713,-5.189647729510252e-05
50,7,564,25.1895694732666,1.0010030188858603,0.21011138101272953,0.12527007645140845,-0.16389086425314592,0.002174740177635231,0.037698758982285904,-0.021458988340399332,0.001127407119656705,-0.012992408648325578,0.0016468575968200659,-5.189647729510252e-05
50,7,565,25.1895694732666,1.0010030058094541,0.2101113839474452,0.12527007645140845,-0.16389086425314592,0.002174740177635231,0.03769877478707992,-0.021459002347108208,0.0011274079039074575,-0.012992410168308021,0.0016468576961097606,-5.189647729510252e-05
50,7,566,25.1895694732666,1.0010029947685986,0.21011138726087478,0.12527007645140845,-0.16389086425314592,0.002174740177635231,0.03769879322600628,-0.021459014352858675,0.0011274085574497514,-0.012992410168308021,0.0016468578946891496,-5.1896483780995935e-05
50,7,567,25.1895694732666,1.0010029878549171,0.2101113916120627,0.12527007645140845,-0.16389086425314592,0.002174740333076006,0.03769881693319731,-0.02145902235669232,0.0011274090802835864,-0.012992411688290463,0.0016468579939788442,-5.1896487023942645e-05
50,7,568,25.1895694732666,1.0010029869848645,0.2101113968123322,0.12527007645140845,-0.16389086425314592,0.002174740643957557,0.03769884590865301,-0.02145902435765073,0.0011274093417005038,-0.012992411688290463,0.0016468579939788442,-5.1896493509836064e-05
50,7,569,25.1895694732666,1.001002990344007,0.21011140352321772,0.12527007645140845,-0.16389086425314592,0.0021747409548391076,0.037698882786505725,-0.02145902235669232,0.0011274090802835864,-0.012992413208272907,0.0016468581925582332,-5.1896490266889354e-05
50,7,570,25.1895694732666,1.0010029959471722,0.21011140228705197,0.12527006392118428,-0.16389086425314592,0.002174741265720658,0.0376989170302261,-0.021459016353817084,0.0011274086881582102,-0.01299241472825535,0.0016468579939788442,-5.1896487023942645e-05
50,7,571,25.1895694732666,1.0010030051567622,0.21011140890029908,0.12527006392118428,-0.16389086425314592,0.0021747414211614334,0.037698953908078814,-0.021459008349983443,0.0011274080346159164,-0.01299241472825535,0.0016468579939788442,-5.189648053804923e-05
50,7,572,25.1895694732666,1.0010030127019751,0.21011140757101146,0.12527005139096015,-0.16389086425314592,0.0021747414211614334,0.03769898815179919,-0.0214590003461498,0.0011274075117820813,-0.01299241472825535,0.0016468579939788442,-5.189647729510252e-05
50,7,573,25.1895694732666,1.0010030277652386,0.2101114140888027,0.12527005139096015,-0.16389086425314592,0.002174741265720658,0.0376990250296519,-0.02145898633944092,0.0011274067275313289,-0.012992413208272907,0.0016468578946891496,-5.189647405215581e-05
50,7,574,25.1895694732666,1.0010030408949417,0.21011142070058964,0.12527005139096015,-0.16389086425314592,0.0021747409548391076,0.03769906190750461,-0.021458974333690452,0.0011274059432805764,-0.012992413208272907,0.0016468577953994551,-5.18964708092091e-05
50,7,575,25.1895694732666,1.001003052074435,0.2101114273138632,0.12527005139096015,-0.16389086425314592,0.002174740333076006,0.03769909878535733,-0.0214589643288984,0.0011274052897382826,-0.012992413208272907,0.0016468577953994551,-5.18964708092091e-05
50,7,576,25.189571380615234,1.0010030612977248,0.21011143392644166,0.12527005139096015,-0.16389086425314592,0.002174739711312905,0.03769913566321004,-0.021458956325064754,0.0011274045054875301,-0.012992413208272907,0.0016468577953994551,-5.18964708092091e-05
50,7,577,25.189571380615234,1.0010030704250041,0.2101114400684253,0.12527005139096015,-0.16389086425314592,0.0021747389341090283,0.03769916990693042,-0.02145894832123111,0.0011274042440706125,-0.012992413208272907,0.0016468576961097606,-5.18964708092091e-05
50,7,578,25.1895694732666,1.001003071728838,0.21011144621415254,0.12527005139096015,-0.16389086425314592,0.002174738156905152,0.03769920415065079,-0.02145894832123111,0.0011274042440706125,-0.012992413208272907,0.0016468578946891496,-5.189647405215581e-05
50,7,579,25.189571380615234,1.0010030712918065,0.21011145339827844,0.12527005139096015,-0.16389086425314592,0.0021747375351420504,0.03769924366263584,-0.021458950322189523,0.0011274043747790713,-0.01299241472825535,0.0016468578946891496,-5.189648053804923e-05
50,7,580,25.189571380615234,1.001003066918328,0.21011146049286175,0.12527005139096015,-0.16389086425314592,0.0021747372242605,0.03769928317462089,-0.021458956325064754,0.0011274048976129063,-0.01299241472825535,0.0016468581925582332,-5.1896490266889354e-05
50,7,581,25.189571380615234,1.0010030625388415,0.2101114675851936,0.12527005139096015,-0.16389086425314592,0.0021747372242605,0.03769932268660594,-0.021458962327939986,0.0011274052897382826,-0.01299241472825535,0.0016468582918479277,-5.1896496752782774e-05
50,7,582,25.189571380615234,1.0010030563168604,0.21011147524493165,0.12527005139096015,-0.16389086425314592,0.0021747375351420504,0.03769936483272333,-0.02145897033177363,0.0011274056818636588,-0.012992416248237793,0.001646858490427317,-5.1896506481622897e-05
50,7,583,25.1895694732666,1.0010030541003554,0.21011148337582863,0.12527005139096015,-0.16389086425314592,0.002174738156905152,0.037699409612973044,-0.021458974333690452,0.0011274059432805764,-0.012992417768220237,0.0016468585897170115,-5.1896512967516316e-05
50,7,584,25.189571380615234,1.0010030517621662,0.21011149094018908,0.12527005139096015,-0.16389086425314592,0.0021747389341090283,0.03769945175909043,-0.021458978335607275,0.001127406073989035,-0.012992417768220237,0.0016468587882964006,-5.1896512967516316e-05
50,7,585,25.1895694732666,1.0010030435753543,0.21011149859769276,0.12527005139096015,-0.16389086425314592,0.002174739711312905,0.03769949390520782,-0.021458988340399332,0.0011274063354059526,-0.012992419288202679,0.0016468587882964006,-5.1896516210463026e-05
50,7,586,25.1895694732666,1.001003037327936,0.21011150616261878,0.12527005139096015,-0.16389086425314592,0.002174740333076006,0.03769953605132521,-0.021458996344232976,0.0011274068582397877,-0.012992419288202679,0.0016468587882964006,-5.189652269635644e-05
50,7,587,25.1895694732666,1.001003032919985,0.21011151315890164,0.12527005139096015,-0.16389086425314592,0.0021747407993983323,0.03769957556331025,-0.021459002347108208,0.0011274068582397877,-0.012992417768220237,0.001646858887586095,-5.189652269635644e-05
50,7,588,25.1895694732666,1.0010030246252992,0.21011152024972782,0.12527005139096015,-0.16389086425314592,0.0021747409548391076,0.037699615075295304,-0.021459012351900265,0.001127407250365164,-0.012992417768220237,0.0016468587882964006,-5.189651945340973e-05
50,7,589,25.189571380615234,1.0010030161351333,0.21011152639607045,0.12527005139096015,-0.16389086425314592,0.0021747409548391076,0.03769964931901568,-0.02145902235669232,0.0011274076424905401,-0.012992417768220237,0.0016468587882964006,-5.1896512967516316e-05
50,7,590,25.1895694732666,1.0010030117804674,0.21011153358027498,0.12527005139096015,-0.16389086425314592,0.002174740643957557,0.03769968883100073,-0.02145902835956755,0.001127407773198999,-0.012992419288202679,0.0016468587882964006,-5.1896509724569606e-05
50,7,591,25.1895694732666,1.0010030054328771,0.21011154057565284,0.12527005139096015,-0.16389086425314592,0.002174740177635231,0.03769972834298578,-0.021459036363401195,0.0011274080346159164,-0.012992417768220237,0.0016468585897170115,-5.1896506481622897e-05
50,7,592,25.1895694732666,1.0010030029207257,0.21011154719254557,0.12527005139096015,-0.16389086425314592,0.0021747395558721298,0.03769976522083849,-0.021459040365318018,0.0011274080346159164,-0.012992417768220237,0.0016468585897170115,-5.189650323867619e-05
50,7,593,25.1895694732666,1.0010029984523547,0.21011155380866628,0.12527005139096015,-0.16389086425314592,0.0021747389341090283,0.037699802098691206,-0.021459046368193253,0.0011274080346159164,-0.012992417768220237,0.001646858490427317,-5.189649999572948e-05
50,7,594,25.1895694732666,1.001002995940206,0.2101115604255707,0.12527005139096015,-0.16389086425314592,0.002174738312345927,0.037699838976543915,-0.021459050370110075,0.0011274080346159164,-0.012992417768220237,0.001646858490427317,-5.1896493509836064e-05
50,7,595,25.1895694732666,1.0010029935020015,0.2101115674211297,0.12527005139096015,-0.16389086425314592,0.0021747380014643766,0.037699878488528966,-0.021459054372026897,0.0011274080346159164,-0.012992416248237793,0.001646858490427317,-5.1896490266889354e-05
50,7,596,25.1895694732666,1.0010029910011176,0.2101115741312606,0.12527005139096015,-0.16389086425314592,0.002174737846023601,0.037699915366381676,-0.02145905837394372,0.0011274080346159164,-0.012992417768220237,0.0016468583911376225,-5.1896493509836064e-05
50,7,597,25.1895694732666,1.0010029928064268,0.21011158273202507,0.12527005139096015,-0.16389086425314592,0.002174737846023601,0.037699962780763735,-0.02145905837394372,0.0011274079039074575,-0.012992419288202679,0.0016468583911376225,-5.1896493509836064e-05
50,7,598,25.1895694732666,1.0010029941925924,0.21011158934911217,0.12527005139096015,-0.16389086425314592,0.0021747380014643766,0.03769999965861645,-0.02145905837394372,0.0011274076424905401,-0.012992419288202679,0.0016468585897170115,-5.1896493509836064e-05
50,7,599,25.1895694732666,1.001002999805442,0.210111597478036,0.12527005139096015,-0.16389086425314592,0.002174738312345927,0.037700044438866175,-0.021459054372026897,0.0011274075117820813,-0.012992420808185122,0.001646858689006706,-5.189649999572948e-05
50,7,600,25.1895694732666,1.0010030014040547,0.21011160513362756,0.12527005139096015,-0.16389086425314592,0.002174738778668253,0.037700086584983555,-0.021459054372026897,0.001127407250365164,-0.012992422328167566,0.0016468587882964006,-5.189650323867619e-05
50,7,601,25.189571380615234,1.0010030012456483,0.21011161373746792,0.12527005139096015,-0.16389086425314592,0.0021747392449905792,0.037700133999365615,-0.021459056372985306,0.001127407250365164,-0.012992423848150008,0.0016468590861654843,-5.1896512967516316e-05
50,7,602,25.189571380615234,1.001003008814414,0.21011162186571733,0.12527005139096015,-0.16389086425314592,0.0021747395558721298,0.03770017877961534,-0.021459050370110075,0.0011274069889482463,-0.012992425368132452,0.0016468591854551789,-5.1896516210463026e-05
50,7,603,25.189571380615234,1.001003010401461,0.21011162942664507,0.12527005139096015,-0.16389086425314592,0.0021747395558721298,0.037700220925732726,-0.021459050370110075,0.00112740659682287,-0.012992425368132452,0.0016468592847448734,-5.189652269635644e-05
50,7,604,25.189571380615234,1.001003015824535,0.210111636611888,0.12527005139096015,-0.16389086425314592,0.0021747394004313545,0.03770026043771777,-0.021459046368193253,0.0011274064661144115,-0.012992426888114895,0.001646859582613957,-5.189652918224986e-05
50,7,605,25.189571380615234,1.001003021351913,0.21011164426767528,0.12527005139096015,-0.16389086425314592,0.0021747389341090283,0.03770030258383516,-0.02145904236627643,0.0011274059432805764,-0.012992428408097337,0.0016468598804830407,-5.189653242519657e-05
50,7,606,25.189571380615234,1.001003028834844,0.21011165192105835,0.12527005139096015,-0.16389086425314592,0.0021747384677867024,0.03770034472995255,-0.021459036363401195,0.0011274055511552002,-0.012992429928079781,0.001646859781193346,-5.189653242519657e-05
50,7,607,25.189571380615234,1.0010030379588235,0.21011165806050416,0.12527005139096015,-0.16389086425314592,0.002174737846023601,0.03770037897367292,-0.02145902835956755,0.001127404636195989,-0.012992429928079781,0.001646859781193346,-5.189653242519657e-05
50,7,608,25.1895694732666,1.001003046864806,0.21011166316137836,0.12527005139096015,-0.16389086425314592,0.0021747372242605,0.03770040794912863,-0.021459020355733906,0.0011274038519452363,-0.012992428408097337,0.001646859781193346,-5.189652269635644e-05
50,7,609,25.1895694732666,1.001003053930721,0.2101116688280359,0.12527005139096015,-0.16389086425314592,0.002174736757938174,0.037700439558716665,-0.021459014352858675,0.0011274031984029426,-0.012992428408097337,0.001646859582613957,-5.189651945340973e-05
50,7,610,25.1895694732666,1.0010030646256465,0.2101116731723127,0.12527005139096015,-0.16389086425314592,0.0021747366024973984,0.037700463265907695,-0.02145900434806662,0.0011274025448606488,-0.012992429928079781,0.001646859582613957,-5.189651945340973e-05
50,7,611,25.1895694732666,1.0010030711678146,0.21011167638332418,0.12527005139096015,-0.16389086425314592,0.0021747366024973984,0.03770048170483405,-0.021458998345191386,0.001127401891318355,-0.012992428408097337,0.001646859582613957,-5.1896516210463026e-05
50,7,612,25.1895694732666,1.0010030776275558,0.2101116792148271,0.12527005139096015,-0.16389086425314592,0.002174736757938174,0.03770049750962807,-0.021458992342316154,0.0011274013684845201,-0.012992428408097337,0.001646859384034568,-5.1896512967516316e-05
50,7,613,25.189571380615234,1.0010030822289386,0.21011168252497253,0.12527005139096015,-0.16389086425314592,0.0021747370688197246,0.037700515948554426,-0.021458988340399332,0.0011274012377760613,-0.012992428408097337,0.0016468596819036515,-5.1896516210463026e-05
50,7,614,25.189571380615234,1.0010030860645935,0.21011169150602427,0.12527006392118428,-0.16389086425314592,0.002174737379701275,0.037700523850951434,-0.02145898633944092,0.0011274011070676025,-0.012992429928079781,0.001646859582613957,-5.189651945340973e-05
50,7,615,25.189571380615234,1.0010030897818012,0.2101116999227765,0.12527007645140845,-0.16389086425314592,0.0021747376905828257,0.037700529119216106,-0.02145898433848251,0.0011274009763591437,-0.012992429928079781,0.001646859781193346,-5.189651945340973e-05
50,7,616,25.189571380615234,1.0010030913411123,0.2101117073911261,0.12527008898163258,-0.16389086425314592,0.002174738156905152,0.037700529119216106,-0.02145898433848251,0.001127400845650685,-0.012992429928079781,0.001646859582613957,-5.1896516210463026e-05
50,7,617,25.189571380615234,1.0010030889920083,0.2101117148639165,0.12527010151185675,-0.16389086425314592,0.0021747384677867024,0.037700529119216106,-0.021458988340399332,0.0011274011070676025,-0.012992429928079781,0.0016468596819036515,-5.189651945340973e-05
50,7,618,25.189571380615234,1.001003082517836,0.21011172129579547,0.1252701140420809,-0.16389086425314592,0.0021747384677867024,0.037700523850951434,-0.021458996344232976,0.0011274014991929787,-0.012992428408097337,0.0016468594833242624,-5.189652269635644e-05
50,7,619,25.189571380615234,1.001003077725066,0.21011172640598721,0.12527012657230505,-0.16389086425314592,0.002174738312345927,0.037700510680289755,-0.021459002347108208,0.0011274020220268138,-0.012992428408097337,0.0016468594833242624,-5.189651945340973e-05
50,7,620,25.189571380615234,1.0010030707582405,0.21011173047760565,0.1252701391025292,-0.16389086425314592,0.002174738156905152,0.0377004922413634,-0.021459010350941853,0.0011274026755691076,-0.012992426888114895,0.0016468594833242624,-5.189652269635644e-05
50,7,621,25.189571380615234,1.0010030617386225,0.21011173407517897,0.12527015163275337,-0.16389086425314592,0.002174737846023601,0.0377004711683047,-0.021459020355733906,0.0011274030676944838,-0.012992425368132452,0.0016468594833242624,-5.189652269635644e-05
50,7,622,25.189571380615234,1.0010030506611187,0.21011173720081444,0.1252701641629775,-0.16389086425314592,0.0021747376905828257,0.03770044746111367,-0.021459032361484373,0.0011274035905283189,-0.012992423848150008,0.0016468594833242624,-5.189652918224986e-05
50,7,623,25.189571380615234,1.0010030416561688,0.21011174089464235,0.12527017669320167,-0.16389086425314592,0.0021747376905828257,0.03770042638805498,-0.02145904236627643,0.001127404113362154,-0.012992423848150008,0.0016468596819036515,-5.189653566814328e-05
50,7,624,25.1895694732666,1.0010030324526233,0.21011174364233112,0.12527018922342584,-0.16389086425314592,0.0021747376905828257,0.037700400046731614,-0.021459052371068484,0.0011274047669044475,-0.012992423848150008,0.0016468596819036515,-5.189653891108998e-05
50,7,625,25.1895694732666,1.0010030217775916,0.21011173939283287,0.12527018922342584,-0.16389086425314592,0.002174737846023601,0.037700376339540584,-0.02145906237586054,0.0011274054204467414,-0.012992423848150008,0.001646859781193346,-5.189654863993011e-05
50,7,626,25.1895694732666,1.0010030149124052,0.2101117346692897,0.12527018922342584,-0.16389086425314592,0.002174738156905152,0.03770034999821722,-0.021459068378735773,0.0011274058125721176,-0.012992423848150008,0.0016468598804830407,-5.189654863993011e-05
50,7,627,25.1895694732666,1.0010030078481658,0.21011172899742964,0.12527018922342584,-0.16389086425314592,0.0021747384677867024,0.03770031838862918,-0.021459074381611005,0.001127406073989035,-0.012992423848150008,0.0016468596819036515,-5.189654863993011e-05
50,7,628,25.189571380615234,1.0010030026979233,0.210111723138373,0.12527018922342584,-0.16389086425314592,0.0021747389341090283,0.037700286779041144,-0.021459078383527827,0.0011274063354059526,-0.012992420808185122,0.001646859582613957,-5.18965453969834e-05
50,7,629,25.189571380615234,1.0010029879766558,0.21011170895733472,0.12527017669320167,-0.16389086425314592,0.0021747394004313545,0.03770024990118843,-0.021459090389278294,0.0011274067275313289,-0.012992419288202679,0.001646859384034568,-5.189653242519657e-05
50,7,630,25.1895694732666,1.0010029791261683,0.2101116947755261,0.1252701641629775,-0.16389086425314592,0.002174739711312905,0.03770021302333572,-0.02145909639215353,0.001127407119656705,-0.012992417768220237,0.0016468590861654843,-5.189652593930315e-05
50,7,631,25.1895694732666,1.001002968399267,0.21011168097315305,0.12527015163275337,-0.16389086425314592,0.0021747400221944556,0.03770017877961534,-0.021459104395987173,0.0011274075117820813,-0.01299241472825535,0.001646858887586095,-5.189651945340973e-05
50,7,632,25.1895694732666,1.0010029593728633,0.21011166594006603,0.1252701391025292,-0.16389086425314592,0.002174740177635231,0.03770013663349795,-0.021459110398862405,0.0011274079039074575,-0.01299241472825535,0.0016468585897170115,-5.1896512967516316e-05
50,7,633,25.1895694732666,1.001002944560699,0.21011165128641546,0.12527012657230505,-0.16389086425314592,0.002174740177635231,0.037700097121512906,-0.02145912240461287,0.001127408296032834,-0.012992413208272907,0.0016468583911376225,-5.1896506481622897e-05
50,7,634,25.1895694732666,1.001002933564359,0.21011163616083373,0.1252701140420809,-0.16389086425314592,0.0021747400221944556,0.03770005497539552,-0.021459130408446516,0.0011274088188666688,-0.012992411688290463,0.0016468581925582332,-5.1896496752782774e-05
50,7,635,25.1895694732666,1.0010029248244852,0.21011162245325313,0.12527010151185675,-0.16389086425314592,0.002174739711312905,0.037700020731675145,-0.021459136411321748,0.0011274092109920452,-0.012992410168308021,0.0016468580932685387,-5.1896490266889354e-05
50,7,636,25.1895694732666,1.0010029141484311,0.210111608840371,0.12527008898163258,-0.16389086425314592,0.0021747394004313545,0.037699986487954765,-0.021459144415155392,0.0011274097338258803,-0.012992410168308021,0.0016468579939788442,-5.1896493509836064e-05
50,7,637,25.1895694732666,1.001002903087488,0.21011160269958426,0.12527008898163258,-0.16389086425314592,0.0021747389341090283,0.03769995224423439,-0.02145915441994745,0.001127410387368174,-0.012992410168308021,0.0016468579939788442,-5.1896490266889354e-05
50,7,638,25.1895694732666,1.0010028961344717,0.21011159750485653,0.12527008898163258,-0.16389086425314592,0.0021747386232274777,0.03769992326877869,-0.02145916042282268,0.0011274110409104678,-0.012992410168308021,0.0016468580932685387,-5.1896490266889354e-05
50,7,639,25.1895694732666,1.0010028872223362,0.2101115923087308,0.12527008898163258,-0.16389086425314592,0.0021747384677867024,0.03769989429332298,-0.021459168426656326,0.001127411433035844,-0.012992410168308021,0.0016468581925582332,-5.1896493509836064e-05
50,7,640,25.1895694732666,1.001002880561243,0.21011158853114265,0.12527008898163258,-0.16389086425314592,0.0021747384677867024,0.037699873220264295,-0.02145917442953156,0.0011274120865781376,-0.012992410168308021,0.0016468581925582332,-5.1896493509836064e-05
50,7,641,25.1895694732666,1.0010028686149854,0.21011157822533397,0.12527007645140845,-0.16389086425314592,0.0021747386232274777,0.03769985741547027,-0.021459184434323614,0.0011274123479950552,-0.012992410168308021,0.0016468580932685387,-5.1896490266889354e-05
50,7,642,25.1895694732666,1.0010028648902616,0.21011156981233275,0.12527006392118428,-0.16389086425314592,0.002174738778668253,0.0376998521472056,-0.021459186435282027,0.0011274127401204315,-0.012992410168308021,0.0016468581925582332,-5.1896496752782774e-05
50,7,643,25.1895694732666,1.0010028613806181,0.21011156243719162,0.12527005139096015,-0.16389086425314592,0.0021747390895498035,0.0376998521472056,-0.021459188436240437,0.0011274128708288903,-0.012992411688290463,0.0016468582918479277,-5.189650323867619e-05
50,7,644,25.1895694732666,1.001002863917686,0.2101115559126335,0.12527003886073598,-0.16389086425314592,0.0021747394004313545,0.03769985741547027,-0.021459184434323614,0.0011274128708288903,-0.012992411688290463,0.0016468583911376225,-5.1896509724569606e-05
50,7,645,25.1895694732666,1.0010028702670735,0.21011154891263156,0.12527002633051182,-0.16389086425314592,0.002174739711312905,0.03769986004960261,-0.02145917643048997,0.0011274123479950552,-0.012992411688290463,0.001646858490427317,-5.1896506481622897e-05
50,7,646,25.1895694732666,1.0010028807265172,0.21011154285564665,0.12527001380028768,-0.16389086425314592,0.0021747400221944556,0.037699867951999616,-0.021459164424739503,0.0011274116944527614,-0.012992411688290463,0.0016468583911376225,-5.1896506481622897e-05
50,7,647,25.1895694732666,1.0010028931246162,0.21011153670256844,0.12527000127006352,-0.16389086425314592,0.002174740177635231,0.03769987585439663,-0.021459150418030627,0.0011274106487850915,-0.012992410168308021,0.0016468582918479277,-5.189650323867619e-05
50,7,648,25.1895694732666,1.0010029049591396,0.21011153717029588,0.12527000127006352,-0.16389086425314592,0.002174740177635231,0.037699878488528966,-0.02145913841228016,0.0011274097338258803,-0.012992410168308021,0.0016468582918479277,-5.189650323867619e-05
50,7,649,25.1895694732666,1.0010029192685632,0.21011154009667818,0.12527000127006352,-0.16389086425314592,0.0021747400221944556,0.03769989429332298,-0.021459124405571284,0.0011274089495751276,-0.012992411688290463,0.0016468583911376225,-5.1896506481622897e-05
50,7,650,25.1895694732666,1.0010029294307519,0.21011154188973077,0.12527000127006352,-0.16389086425314592,0.002174739711312905,0.03769990482985233,-0.021459114400779227,0.001127408296032834,-0.012992410168308021,0.0016468583911376225,-5.1896506481622897e-05
50,7,651,25.1895694732666,1.0010029375798848,0.21011154339804913,0.12527000127006352,-0.16389086425314592,0.0021747392449905792,0.03769991273224934,-0.021459106396945583,0.001127407773198999,-0.012992411688290463,0.0016468582918479277,-5.1896509724569606e-05
50,7,652,25.1895694732666,1.0010029457893888,0.21011154519398412,0.12527000127006352,-0.16389086425314592,0.002174738778668253,0.03769992326877869,-0.021459098393111938,0.0011274075117820813,-0.012992410168308021,0.0016468583911376225,-5.1896506481622897e-05
50,7,653,25.1895694732666,1.0010029496865436,0.21011154509633514,0.12527000127006352,-0.16389086425314592,0.0021747384677867024,0.03769992326877869,-0.021459094391195116,0.001127407119656705,-0.012992408648325578,0.0016468581925582332,-5.1896509724569606e-05
50,7,654,25.1895694732666,1.0010029558352473,0.2101115464196363,0.12527000127006352,-0.16389086425314592,0.002174738312345927,0.0376999311711757,-0.021459088388319884,0.0011274068582397877,-0.012992407128343134,0.0016468582918479277,-5.189651945340973e-05
50,7,655,25.1895694732666,1.001002959541175,0.21011155474309107,0.12527001380028768,-0.16389086425314592,0.002174738156905152,0.03769993643944037,-0.02145908638736147,0.0011274068582397877,-0.012992405608360692,0.001646858490427317,-5.189653242519657e-05
50,7,656,25.1895694732666,1.0010029631444899,0.21011156259087105,0.12527002633051182,-0.16389086425314592,0.002174738156905152,0.037699939073572705,-0.021459084386403062,0.0011274067275313289,-0.012992404088378248,0.0016468583911376225,-5.189653891108998e-05
50,7,657,25.1895694732666,1.0010029686222695,0.21011157006311612,0.12527003886073598,-0.16389086425314592,0.002174738312345927,0.037699939073572705,-0.02145908038448624,0.00112740659682287,-0.012992404088378248,0.001646858689006706,-5.18965453969834e-05
50,7,658,25.1895694732666,1.0010029702835725,0.21011157800418576,0.12527005139096015,-0.16389086425314592,0.0021747386232274777,0.03769994170770504,-0.02145908038448624,0.0011274063354059526,-0.012992404088378248,0.0016468585897170115,-5.189655512582352e-05
50,7,659,25.1895694732666,1.0010029734649746,0.21011158386828363,0.12527006392118428,-0.16389086425314592,0.0021747389341090283,0.037699933805308034,-0.021459078383527827,0.001127406073989035,-0.012992401048413363,0.001646858689006706,-5.189656485466365e-05
50,7,660,25.1895694732666,1.0010029788207246,0.210111590772347,0.12527007645140845,-0.16389086425314592,0.0021747392449905792,0.0376999311711757,-0.021459074381611005,0.0011274059432805764,-0.012992399528430919,0.0016468587882964006,-5.189657134055707e-05
50,7,661,25.1895694732666,1.0010029820246233,0.2101115967304349,0.12527008898163258,-0.16389086425314592,0.0021747394004313545,0.03769992326877869,-0.021459072380652595,0.0011274056818636588,-0.012992398008448475,0.001646858887586095,-5.1896577826450485e-05
50,7,662,25.1895694732666,1.0010029854099602,0.21011160353973374,0.12527010151185675,-0.16389086425314592,0.0021747394004313545,0.03769992063464635,-0.021459070379694186,0.0011274055511552002,-0.01299239496848359,0.001646858887586095,-5.1896590798237324e-05
50,7,663,25.1895694732666,1.0010029930440492,0.2101116119528193,0.1252701140420809,-0.16389086425314592,0.0021747394004313545,0.037699925902911026,-0.02145906437681895,0.0011274050283213652,-0.01299239496848359,0.001646858887586095,-5.1896603770024156e-05
50,7,664,25.1895694732666,1.0010029985043958,0.21011161932882086,0.12527012657230505,-0.16389086425314592,0.0021747394004313545,0.037699925902911026,-0.02145906037490213,0.0011274047669044475,-0.012992393448501147,0.0016468589868757896,-5.1896610255917576e-05
50,7,665,25.1895694732666,1.0010030039671998,0.21011162670334413,0.1252701391025292,-0.16389086425314592,0.0021747392449905792,0.037699925902911026,-0.021459056372985306,0.0011274043747790713,-0.012992391928518704,0.0016468589868757896,-5.18966199847577e-05
50,7,666,25.1895694732666,1.0010030114630828,0.21011163445799488,0.12527015163275337,-0.16389086425314592,0.0021747392449905792,0.03769992853704336,-0.021459050370110075,0.001127404113362154,-0.012992388888553818,0.0016468590861654843,-5.189662647065112e-05
50,7,667,25.1895694732666,1.0010030153550287,0.21011163436190336,0.12527015163275337,-0.16389086425314592,0.0021747392449905792,0.03769992853704336,-0.021459046368193253,0.0011274037212367777,-0.012992387368571374,0.0016468590861654843,-5.189663295654453e-05
50,7,668,25.1895694732666,1.001003017489168,0.21011163521030993,0.12527015163275337,-0.16389086425314592,0.0021747392449905792,0.037699933805308034,-0.02145904436723484,0.0011274033291114012,-0.01299238584858893,0.0016468589868757896,-5.189664592833137e-05
50,7,669,25.189571380615234,1.0010030214807788,0.21011163558903675,0.12527015163275337,-0.16389086425314592,0.0021747392449905792,0.03769993643944037,-0.021459040365318018,0.0011274031984029426,-0.012992384328606488,0.0016468590861654843,-5.189665241422478e-05
50,7,670,25.189571380615234,1.0010030235928793,0.2101116363456346,0.12527015163275337,-0.16389086425314592,0.0021747394004313545,0.03769994170770504,-0.021459038364359608,0.0011274030676944838,-0.012992381288641601,0.0016468590861654843,-5.189666214306491e-05
50,7,671,25.189571380615234,1.001003027558752,0.21011163662811472,0.12527015163275337,-0.16389086425314592,0.002174739711312905,0.03769994434183738,-0.021459034362442786,0.0011274028062775662,-0.012992378248676715,0.0016468589868757896,-5.1896668628958325e-05
50,7,672,25.189571380615234,1.001003031624306,0.21011163738549268,0.12527015163275337,-0.16389086425314592,0.0021747400221944556,0.037699949610102056,-0.021459030360525964,0.0011274026755691076,-0.01299237520871183,0.0016468590861654843,-5.189668484369187e-05
50,7,673,25.189571380615234,1.0010030433153496,0.21011163719603676,0.12527015163275337,-0.16389086425314592,0.002174740333076006,0.037699949610102056,-0.021459018354775497,0.0011274025448606488,-0.012992372168746944,0.0016468589868757896,-5.1896691329585286e-05
50,7,674,25.189571380615234,1.0010030472046751,0.21011163710064829,0.12527015163275337,-0.16389086425314592,0.002174740488516782,0.037699949610102056,-0.021459014352858675,0.0011274022834437314,-0.0129923706487645,0.0016468589868757896,-5.189670430137212e-05
50,7,675,25.189571380615234,1.001003054986682,0.210111636912672,0.12527015163275337,-0.16389086425314592,0.002174740643957557,0.037699949610102056,-0.02145900634902503,0.0011274022834437314,-0.012992367608799614,0.0016468589868757896,-5.189671078726554e-05
50,7,676,25.189571380615234,1.0010030624825332,0.21011164466717083,0.1252701641629775,-0.16389086425314592,0.002174740643957557,0.03769995224423439,-0.0214590003461498,0.0011274022834437314,-0.012992364568834727,0.001646858887586095,-5.189672051610567e-05
50,7,677,25.189571380615234,1.0010030756480288,0.21011165147584823,0.12527017669320167,-0.16389086425314592,0.002174740643957557,0.037699949610102056,-0.021458988340399332,0.001127401891318355,-0.012992361528869841,0.0016468589868757896,-5.18967334878925e-05
50,7,678,25.189571380615234,1.0010030889327384,0.21011165885247768,0.12527018922342584,-0.16389086425314592,0.002174740643957557,0.037699949610102056,-0.021458976334648865,0.001127401891318355,-0.012992360008887397,0.0016468589868757896,-5.189674321673262e-05
50,7,679,25.1895694732666,1.0010031062086169,0.21011166660572986,0.12527020175364997,-0.16389086425314592,0.002174740643957557,0.03769995224423439,-0.021458960326981576,0.0011274013684845201,-0.012992356968922512,0.0016468590861654843,-5.189675618851946e-05
50,7,680,25.1895694732666,1.0010031195922557,0.21011167445367365,0.12527021428387414,-0.16389086425314592,0.002174740643957557,0.03769995487836673,-0.02145894832123111,0.0011274009763591437,-0.012992355448940068,0.0016468591854551789,-5.1896772403253004e-05
50,7,681,25.1895694732666,1.0010031346542227,0.21011168097847238,0.12527022681409827,-0.16389086425314592,0.002174740643957557,0.037699949610102056,-0.021458934314522234,0.0011274005842337675,-0.012992355448940068,0.001646859384034568,-5.1896788617986546e-05
50,7,682,25.189571380615234,1.0010031499943934,0.2101116888286749,0.12527023934432244,-0.16389086425314592,0.002174740643957557,0.03769995224423439,-0.021458920307813354,0.00112740032281685,-0.012992353928957626,0.0016468596819036515,-5.189680483272009e-05
50,7,683,25.189571380615234,1.0010031635934076,0.2101116977158848,0.1252702518745466,-0.16389086425314592,0.0021747407993983323,0.0376999601466314,-0.021458908302062887,0.0011273999306914738,-0.012992353928957626,0.001646859781193346,-5.189682429040034e-05
50,7,684,25.1895694732666,1.001003182743392,0.21011170509189267,0.12527026440477074,-0.16389086425314592,0.0021747409548391076,0.0376999601466314,-0.02145889029343719,0.0011273996692745562,-0.012992352408975182,0.0016468598804830407,-5.189683401924046e-05
50,7,685,25.1895694732666,1.0010031983805634,0.210111714357048,0.1252702769349949,-0.16389086425314592,0.0021747409548391076,0.03769997068316075,-0.021458876286728313,0.0011273991464407212,-0.01299235088899274,0.0016468599797727352,-5.189684050513388e-05
50,7,686,25.1895694732666,1.001003212231337,0.2101117151115437,0.1252702769349949,-0.16389086425314592,0.0021747409548391076,0.03769997595142542,-0.021458862280019433,0.0011273986236068863,-0.012992347849027853,0.0016468599797727352,-5.1896853476920714e-05
50,7,687,25.1895694732666,1.0010032223908898,0.21011171690522468,0.1252702769349949,-0.16389086425314592,0.0021747407993983323,0.037699986487954765,-0.02145885227522738,0.00112739823148151,-0.01299234632904541,0.0016468598804830407,-5.1896856719867424e-05
50,7,688,25.1895694732666,1.0010032323524856,0.2101117177558104,0.1252702769349949,-0.16389086425314592,0.002174740643957557,0.037699991756219436,-0.021458842270435326,0.0011273981007730513,-0.012992344809062967,0.0016468598804830407,-5.1896856719867424e-05
50,7,689,25.1895694732666,1.0010032441536452,0.21011171803821388,0.1252702769349949,-0.16389086425314592,0.002174740333076006,0.03769999439035178,-0.02145883026468486,0.0011273979700645925,-0.012992341769098081,0.0016468596819036515,-5.1896859962814134e-05
50,7,690,25.1895694732666,1.0010032500840105,0.21011171832131875,0.1252702769349949,-0.16389086425314592,0.002174740177635231,0.037699997024484115,-0.021458824261809624,0.0011273979700645925,-0.012992338729133194,0.0016468594833242624,-5.1896863205760844e-05
50,7,691,25.1895694732666,1.00100324811096,0.21011171822717709,0.1252702769349949,-0.16389086425314592,0.0021747400221944556,0.037699997024484115,-0.021458826262768037,0.00112739823148151,-0.012992337209150752,0.0016468592847448734,-5.1896866448707553e-05
50,7,692,25.1895694732666,1.0010032501327304,0.21011171851386568,0.1252702769349949,-0.16389086425314592,0.002174739711312905,0.03769999965861645,-0.021458824261809624,0.001127398754315345,-0.012992334169185864,0.0016468591854551789,-5.1896869691654256e-05
50,7,693,25.1895694732666,1.0010032462040963,0.21011171842198267,0.1252702769349949,-0.16389086425314592,0.0021747395558721298,0.03769999965861645,-0.021458828263726446,0.0011273991464407212,-0.012992332649203422,0.0016468591854551789,-5.1896876177547676e-05
50,7,694,25.1895694732666,1.0010032443504722,0.21011171889680483,0.1252702769349949,-0.16389086425314592,0.0021747394004313545,0.03770000229274879,-0.02145883026468486,0.0011273994078576388,-0.012992332649203422,0.0016468592847448734,-5.189688914933451e-05
50,7,695,25.1895694732666,1.0010032405383165,0.2101117193730281,0.1252702769349949,-0.16389086425314592,0.0021747394004313545,0.03770000492688112,-0.02145883426660168,0.0011273999306914738,-0.012992332649203422,0.001646859384034568,-5.189689563522793e-05
50,7,696,25.1895694732666,1.001003234965782,0.21011172079468232,0.1252702769349949,-0.16389086425314592,0.0021747395558721298,0.03770001282927813,-0.021458840269476913,0.0011274001921083912,-0.012992332649203422,0.0016468596819036515,-5.189690536406805e-05
50,7,697,25.1895694732666,1.0010032275562564,0.21011172278358745,0.1252702769349949,-0.16389086425314592,0.002174739711312905,0.03770002336580748,-0.021458848273310557,0.0011274007149422263,-0.012992334169185864,0.0016468598804830407,-5.189691184996147e-05
50,7,698,25.1895694732666,1.0010032203252701,0.21011172562308,0.1252702769349949,-0.16389086425314592,0.0021747398667536803,0.037700039170601496,-0.021458856277144202,0.0011274011070676025,-0.012992334169185864,0.0016468600790624298,-5.189691833585489e-05
50,7,699,25.1895694732666,1.0010032133122801,0.21011172950113932,0.1252702769349949,-0.16389086425314592,0.0021747400221944556,0.03770006024366019,-0.021458864280977846,0.0011274013684845201,-0.012992335689168308,0.0016468602776418188,-5.189692806469501e-05
50,7,700,25.1895694732666,1.0010032086399414,0.21011172590569832,0.12527026440477074,-0.16389086425314592,0.002174740333076006,0.037700081316718884,-0.02145886828289467,0.0011274012377760613,-0.012992337209150752,0.0016468603769315133,-5.189693130764172e-05
50,7,701,25.1895694732666,1.0010032042259,0.2101117235408245,0.1252702518745466,-0.16389086425314592,0.002174740643957557,0.037700110292174585,-0.02145887228481149,0.0011274013684845201,-0.012992335689168308,0.0016468603769315133,-5.189693130764172e-05
50,7,702,25.1895694732666,1.001003197974427,0.21011172174110265,0.12527023934432244,-0.16389086425314592,0.0021747409548391076,0.03770014190176263,-0.021458878287686722,0.0011274013684845201,-0.012992335689168308,0.0016468602776418188,-5.18969248217483e-05
50,7,703,25.1895694732666,1.001003197494721,0.2101117194689015,0.12527022681409827,-0.16389086425314592,0.002174741110279883,0.03770017087721833,-0.021458878287686722,0.0011274011070676025,-0.012992335689168308,0.0016468603769315133,-5.18969248217483e-05
50,7,704,25.1895694732666,1.0010031950809808,0.21011171728843434,0.12527021428387414,-0.16389086425314592,0.002174741110279883,0.03770019985267403,-0.021458880288645135,0.0011274007149422263,-0.012992337209150752,0.0016468602776418188,-5.189691833585489e-05
50,7,705,25.1895694732666,1.0010031943998112,0.2101117233358138,0.12527021428387414,-0.16389086425314592,0.0021747407993983323,0.037700234096394405,-0.021458882289603545,0.0011274004535253089,-0.012992335689168308,0.0016468600790624298,-5.189690860701476e-05
50,7,706,25.1895694732666,1.001003195617406,0.21011172909705353,0.12527021428387414,-0.16389086425314592,0.002174740333076006,0.03770026570598245,-0.021458882289603545,0.0011274000613999324,-0.012992337209150752,0.001646859781193346,-5.189689239228122e-05
50,7,707,25.1895694732666,1.0010031928842142,0.21011173467405786,0.12527021428387414,-0.16389086425314592,0.0021747398667536803,0.03770029731557049,-0.021458886291520367,0.0011273999306914738,-0.012992335689168308,0.001646859781193346,-5.1896876177547676e-05
50,7,708,25.1895694732666,1.001003184441522,0.21011174100700394,0.12527021428387414,-0.16389086425314592,0.0021747394004313545,0.03770033155929086,-0.021458896296312424,0.0011274001921083912,-0.012992338729133194,0.0016468596819036515,-5.1896872934600966e-05
50,7,709,25.189571380615234,1.0010031719873602,0.21011174686661083,0.12527021428387414,-0.16389086425314592,0.0021747389341090283,0.037700363168878905,-0.0214589103030213,0.00112740032281685,-0.012992341769098081,0.001646859582613957,-5.1896866448707553e-05
50,7,710,25.189571380615234,1.001003157277811,0.2101117513133561,0.12527021428387414,-0.16389086425314592,0.0021747386232274777,0.037700386876069934,-0.02145892631068859,0.0011274011070676025,-0.012992344809062967,0.0016468596819036515,-5.1896856719867424e-05
50,7,711,25.189571380615234,1.0010031388293,0.21011175661140238,0.12527021428387414,-0.16389086425314592,0.0021747386232274777,0.037700415851525636,-0.0214589463202727,0.001127401891318355,-0.01299234632904541,0.001646859781193346,-5.1896850233974005e-05
50,7,712,25.1895694732666,1.001003120219356,0.21011176115354657,0.12527021428387414,-0.16389086425314592,0.002174738778668253,0.037700439558716665,-0.021458966329856808,0.001127402936986025,-0.01299235088899274,0.0016468598804830407,-5.18968469910273e-05
50,7,713,25.1895694732666,1.0010030998174926,0.21011175718509983,0.12527020175364997,-0.16389086425314592,0.0021747392449905792,0.03770045799764302,-0.02145898633944092,0.0011274038519452363,-0.012992353928957626,0.0016468599797727352,-5.189683401924046e-05
50,7,714,25.1895694732666,1.0010030718077085,0.21011175426037418,0.12527018922342584,-0.16389086425314592,0.0021747398667536803,0.03770048170483405,-0.021459014352858675,0.0011274051590298238,-0.012992358488904955,0.0016468603769315133,-5.189683401924046e-05
50,7,715,25.1895694732666,1.0010030529905873,0.2101117578550559,0.12527018922342584,-0.16389086425314592,0.002174740488516782,0.037700500143760404,-0.021459034362442786,0.0011274059432805764,-0.012992363048852285,0.0016468603769315133,-5.189682753334705e-05
50,7,716,25.1895694732666,1.001003034394837,0.21011176249119562,0.12527018922342584,-0.16389086425314592,0.0021747409548391076,0.037700523850951434,-0.021459054372026897,0.0011274069889482463,-0.012992369128782056,0.0016468604762212079,-5.189681131861351e-05
50,7,717,25.1895694732666,1.0010030157621048,0.21011176693795838,0.12527018922342584,-0.16389086425314592,0.002174741265720658,0.037700547558142464,-0.021459074381611005,0.001127407773198999,-0.012992372168746944,0.0016468605755109026,-5.189679834682667e-05
50,7,718,25.1895694732666,1.0010029987927025,0.2101117699637502,0.12527018922342584,-0.16389086425314592,0.002174741265720658,0.037700563362936486,-0.021459092390236707,0.0011274084267412926,-0.01299237520871183,0.0016468603769315133,-5.1896775646199713e-05
50,7,719,25.1895694732666,1.0010029839805439,0.21011177393483282,0.12527018922342584,-0.16389086425314592,0.002174741110279883,0.03770058443599518,-0.021459108397903996,0.0011274090802835864,-0.012992378248676715,0.0016468601783521243,-5.189674970262604e-05
50,7,720,25.1895694732666,1.0010029733806012,0.2101117793224514,0.12527018922342584,-0.16389086425314592,0.0021747407993983323,0.03770061341145088,-0.021459120403654462,0.0011274094724089626,-0.012992381288641601,0.0016468599797727352,-5.189672375905237e-05
50,7,721,25.1895694732666,1.0010029625819472,0.21011178376337863,0.12527018922342584,-0.16389086425314592,0.002174740488516782,0.03770063711864191,-0.021459132409404925,0.0011274096031174215,-0.012992384328606488,0.001646859781193346,-5.1896694572531996e-05
50,7,722,25.1895694732666,1.0010029557944384,0.21011178867609873,0.12527018922342584,-0.16389086425314592,0.002174740177635231,0.037700663459965277,-0.02145914041323857,0.0011274098645343389,-0.012992387368571374,0.001646859384034568,-5.189666214306491e-05
50,7,723,25.1895694732666,1.0010029472519282,0.21011179453349224,0.12527018922342584,-0.16389086425314592,0.002174739711312905,0.037700695069553314,-0.021459150418030627,0.0011274098645343389,-0.01299239040853626,0.0016468590861654843,-5.189663619949124e-05
50,7,724,25.1895694732666,1.001002938520639,0.21011180881045705,0.12527020175364997,-0.16389086425314592,0.0021747392449905792,0.03770073194740603,-0.021459162423781094,0.001127410256659715,-0.012992393448501147,0.0016468589868757896,-5.189661349886428e-05
50,7,725,25.189571380615234,1.0010029297302363,0.21011182280579574,0.12527021428387414,-0.16389086425314592,0.002174738778668253,0.0377007661911264,-0.02145917442953156,0.0011274107794935501,-0.012992399528430919,0.0016468591854551789,-5.189659404118403e-05
50,7,726,25.189571380615234,1.0010029208174924,0.21011183623146784,0.12527022681409827,-0.16389086425314592,0.0021747384677867024,0.03770079780071445,-0.021459186435282027,0.0011274111716189264,-0.012992404088378248,0.0016468590861654843,-5.1896577826450485e-05
50,7,727,25.189571380615234,1.0010029101478795,0.21011185060610235,0.12527023934432244,-0.16389086425314592,0.002174738156905152,0.037700834678567156,-0.021459200441990903,0.001127411955869679,-0.012992408648325578,0.0016468591854551789,-5.189656485466365e-05
50,7,728,25.189571380615234,1.0010028921554053,0.21011185807676871,0.12527023934432244,-0.16389086425314592,0.002174738156905152,0.03770087419055221,-0.021459220451575015,0.0011274127401204315,-0.01299241472825535,0.0016468592847448734,-5.189655188287682e-05
50,7,729,25.189571380615234,1.001002876510604,0.21011186743951726,0.12527023934432244,-0.16389086425314592,0.0021747384677867024,0.037700924239066604,-0.021459238460200713,0.0011274136550796427,-0.012992420808185122,0.0016468594833242624,-5.189653242519657e-05
50,7,730,25.189571380615234,1.0010028591021738,0.21011187774539805,0.12527023934432244,-0.16389086425314592,0.0021747390895498035,0.03770097955584567,-0.021459258469784824,0.0011274143086219366,-0.012992426888114895,0.001646859582613957,-5.189651945340973e-05
50,7,731,25.189571380615234,1.0010028379804767,0.21011188899862154,0.12527023934432244,-0.16389086425314592,0.002174739711312905,0.037701040140889416,-0.021459282481285757,0.0011274154849980652,-0.012992432968044667,0.001646859582613957,-5.1896506481622897e-05
50,7,732,25.189571380615234,1.0010028149826653,0.21011190063270352,0.12527023934432244,-0.16389086425314592,0.002174740333076006,0.03770110336006549,-0.0214593084937451,0.0011274169227911115,-0.012992437527991996,0.0016468596819036515,-5.1896487023942645e-05
50,7,733,25.189571380615234,1.0010027990160988,0.21011192711357157,0.12527023934432244,-0.16389088328974333,0.0021747407993983323,0.03770116657924157,-0.02145933050428762,0.0011274179684587816,-0.012992442087939326,0.001646859781193346,-5.189647405215581e-05
50,7,734,25.189571380615234,1.0010027847076364,0.21011195217494122,0.12527023934432244,-0.16389090232634074,0.002174741265720658,0.03770122189602064,-0.021459350513871732,0.0011274190141264515,-0.012992446647886655,0.0016468596819036515,-5.189645783742227e-05
50,7,735,25.189571380615234,1.0010027672853088,0.2101119623882318,0.12527023934432244,-0.16389090232634074,0.0021747415766022087,0.03770127721279971,-0.021459370523455843,0.0011274200597941215,-0.012992451207833985,0.0016468596819036515,-5.189643837974202e-05
50,7,736,25.189571380615234,1.001002753658618,0.21011197203341417,0.12527023934432244,-0.16389090232634074,0.0021747417320429844,0.03770132989544644,-0.021459386531123132,0.0011274209747533328,-0.01299245424779887,0.001646859582613957,-5.1896422165008476e-05
50,7,737,25.189573287963867,1.0010027360403315,0.21011198129994166,0.12527023934432244,-0.16389090232634074,0.0021747418874837597,0.03770137994396083,-0.021459406540707243,0.001127421889712544,-0.0129924588077462,0.0016468594833242624,-5.1896396221434805e-05
50,7,738,25.189573287963867,1.0010027221215652,0.2101119895272599,0.12527023934432244,-0.16389090232634074,0.0021747417320429844,0.03770142472421056,-0.02145942254837453,0.0011274226739632967,-0.012992461847711086,0.0016468594833242624,-5.189638000670126e-05
50,7,739,25.189573287963867,1.0010027101812238,0.21011199784795245,0.12527023934432244,-0.16389090232634074,0.0021747414211614334,0.03770146950446028,-0.021459436555083408,0.0011274231967971316,-0.012992466407658415,0.001646859582613957,-5.189636379196772e-05
50,7,740,25.189571380615234,1.0010026977475641,0.2101120038052199,0.12527023934432244,-0.16389090232634074,0.0021747409548391076,0.03770150111404832,-0.021459450561792284,0.0011274239810478842,-0.012992470967605745,0.0016468594833242624,-5.189635082018089e-05
50,7,741,25.189573287963867,1.0010026944631016,0.21011202536736687,0.12527023934432244,-0.16389092136293815,0.002174740177635231,0.037701537991901034,-0.02145945856562593,0.0011274243731732604,-0.012992472487588188,0.0016468594833242624,-5.189633784839405e-05
50,7,742,25.189573287963867,1.0010026816972677,0.210112029715734,0.12527023934432244,-0.16389092136293815,0.0021747394004313545,0.037701561699092064,-0.02145947257233481,0.0011274248960070955,-0.012992474007570632,0.0016468591854551789,-5.189632163366051e-05
50,7,743,25.189573287963867,1.0010026729631267,0.2101120346337874,0.12527023934432244,-0.16389092136293815,0.0021747386232274777,0.03770158804041543,-0.021459482577126862,0.0011274255495493891,-0.012992477047535518,0.0016468591854551789,-5.1896308661873674e-05
50,7,744,25.189573287963867,1.00100266183091,0.21011203747237905,0.12527023934432244,-0.16389092136293815,0.002174738156905152,0.03770160384520945,-0.02145949458287733,0.0011274263338001418,-0.012992477047535518,0.0016468589868757896,-5.189629244714013e-05
50,7,745,25.189573287963867,1.0010026486573225,0.21011203993090108,0.12527023934432244,-0.16389092136293815,0.0021747380014643766,0.03770161701587113,-0.021459508589586205,0.0011274268566339766,-0.012992478567517961,0.0016468587882964006,-5.189627623240659e-05
50,7,746,25.189571380615234,1.0010026374146594,0.21011204229605965,0.12527023934432244,-0.16389092136293815,0.002174738156905152,0.03770163018653282,-0.02145952059533667,0.0011274276408847293,-0.012992478567517961,0.001646858490427317,-5.189626326061975e-05
50,7,747,25.189571380615234,1.0010026222546722,0.21011204466277547,0.12527023934432244,-0.16389092136293815,0.0021747386232274777,0.037701643357194496,-0.02145953660300396,0.0011274284251354817,-0.012992478567517961,0.0016468583911376225,-5.189625028883292e-05
50,7,748,25.189571380615234,1.0010026107091818,0.21011204561159655,0.12527023934432244,-0.16389092136293815,0.0021747390895498035,0.037701648625459175,-0.021459548608754427,0.0011274290786777756,-0.012992478567517961,0.0016468583911376225,-5.18962438029395e-05
50,7,749,25.1895694732666,1.0010026013144564,0.21011204750121742,0.12527023934432244,-0.16389092136293815,0.002174739711312905,0.03770165916198852,-0.02145955861354648,0.0011274294708031518,-0.012992478567517961,0.0016468579939788442,-5.1896234074099377e-05
50,7,750,25.1895694732666,1.0010025976097479,0.2101120485420789,0.12527023934432244,-0.16389092136293815,0.002174740333076006,0.03770166443025319,-0.021459562615463303,0.0011274294708031518,-0.012992480087500403,0.0016468581925582332,-5.189623083115267e-05
50,7,751,25.189571380615234,1.0010025919320051,0.21011204948887566,0.12527023934432244,-0.16389092136293815,0.0021747407993983323,0.03770166969851786,-0.02145956861833854,0.0011274296015116106,-0.012992480087500403,0.0016468582918479277,-5.1896234074099377e-05
50,7,752,25.189571380615234,1.0010025921472256,0.21011205052740273,0.12527023934432244,-0.16389092136293815,0.0021747409548391076,0.03770167496678254,-0.02145956861833854,0.0011274296015116106,-0.012992481607482847,0.0016468581925582332,-5.189623083115267e-05
50,7,753,25.189571380615234,1.0010025902905757,0.21011205100099462,0.12527023934432244,-0.16389092136293815,0.0021747409548391076,0.037701677600914876,-0.021459570619296948,0.001127429340094693,-0.012992481607482847,0.001646858490427317,-5.1896237317046086e-05
50,7,754,25.1895694732666,1.001002590514133,0.210112052039678,0.12527023934432244,-0.16389092136293815,0.002174740643957557,0.03770168286917955,-0.021459570619296948,0.0011274290786777756,-0.01299248312746529,0.0016468585897170115,-5.18962438029395e-05
50,7,755,25.1895694732666,1.001002598346242,0.21011205203765237,0.12527023934432244,-0.16389092136293815,0.002174740177635231,0.03770168286917955,-0.021459562615463303,0.0011274285558439405,-0.01299248312746529,0.001646858689006706,-5.189625028883292e-05
50,7,756,25.1895694732666,1.0010026100901717,0.21011205203422245,0.12527023934432244,-0.16389092136293815,0.002174739711312905,0.03770168286917955,-0.021459550609712837,0.001127427771593188,-0.01299248312746529,0.0016468587882964006,-5.189625028883292e-05
50,7,757,25.189571380615234,1.0010026212648364,0.21011205865085067,0.1252702518745466,-0.16389092136293815,0.0021747394004313545,0.037701677600914876,-0.021459540604920783,0.0011274269873424354,-0.012992484647447733,0.0016468589868757896,-5.189625677472634e-05
50,7,758,25.189571380615234,1.0010026363089175,0.2101120650772426,0.12527026440477074,-0.16389092136293815,0.0021747392449905792,0.0377016723326502,-0.021459526598211907,0.0011274260723832241,-0.01299248312746529,0.0016468589868757896,-5.189626326061975e-05
50,7,759,25.189571380615234,1.001002651270584,0.2101120711241876,0.1252702769349949,-0.16389092136293815,0.0021747392449905792,0.03770166443025319,-0.021459512591503027,0.0011274251574240129,-0.01299248312746529,0.001646858887586095,-5.189626650356646e-05
50,7,760,25.1895694732666,1.001002664287825,0.2101120679076225,0.1252702769349949,-0.16389092136293815,0.0021747392449905792,0.03770164599132683,-0.02145949858479415,0.0011274245038817193,-0.012992484647447733,0.0016468590861654843,-5.189627298945988e-05
50,7,761,25.189571380615234,1.001002670907475,0.2101120715009517,0.12527028946521906,-0.16389092136293815,0.0021747394004313545,0.037701624918268145,-0.021459492581918916,0.0011274239810478842,-0.01299248312746529,0.0016468591854551789,-5.189627623240659e-05
50,7,762,25.1895694732666,1.0010026796697944,0.21011206667758303,0.12527028946521906,-0.16389092136293815,0.002174739711312905,0.03770159857694477,-0.021459482577126862,0.0011274234582140492,-0.012992481607482847,0.0016468591854551789,-5.189627947535329e-05
50,7,763,25.189571380615234,1.001002686456132,0.21011206175929517,0.12527028946521906,-0.16389092136293815,0.0021747400221944556,0.03770157223562141,-0.021459474573293218,0.0011274231967971316,-0.012992478567517961,0.001646858887586095,-5.189627947535329e-05
50,7,764,25.189571380615234,1.0010026855578567,0.21011205750616196,0.12527028946521906,-0.16389092136293815,0.002174740333076006,0.03770154852843038,-0.021459474573293218,0.0011274231967971316,-0.012992478567517961,0.0016468589868757896,-5.189627947535329e-05
50,7,765,25.189571380615234,1.001002682584863,0.21011205268771285,0.12527028946521906,-0.16389092136293815,0.002174740643957557,0.03770152218710701,-0.021459476574251627,0.001127423588922508,-0.012992477047535518,0.0016468589868757896,-5.189628596124671e-05
50,7,766,25.189571380615234,1.0010026760200323,0.21011204938192532,0.12527028946521906,-0.16389092136293815,0.0021747407993983323,0.03770150374818066,-0.021459482577126862,0.0011274241117563428,-0.012992477047535518,0.0016468589868757896,-5.189628920419342e-05
50,7,767,25.189571380615234,1.0010026712949405,0.21011204550879334,0.12527028946521906,-0.16389092136293815,0.0021747407993983323,0.03770148267512197,-0.021459486579043684,0.0011274245038817193,-0.012992475527553074,0.0016468589868757896,-5.189629569008684e-05
50,7,768,25.189573287963867,1.0010026665726006,0.21011204163558497,0.12527028946521906,-0.16389092136293815,0.002174740643957557,0.03770146160206327,-0.021459490580960507,0.001127425026715554,-0.012992474007570632,0.001646858887586095,-5.189629569008684e-05
50,7,769,25.189573287963867,1.0010026598772437,0.2101120376683907,0.12527028946521906,-0.16389092136293815,0.002174740333076006,0.03770144052900458,-0.021459496583835738,0.0011274255495493891,-0.012992470967605745,0.0016468587882964006,-5.1896302175980255e-05
50,7,770,25.189573287963867,1.0010026513450794,0.21011203426932276,0.12527028946521906,-0.16389092136293815,0.0021747400221944556,0.03770142209007822,-0.021459504587669383,0.001127426203091683,-0.012992469447623303,0.0016468587882964006,-5.1896308661873674e-05
50,7,771,25.189573287963867,1.001002644964611,0.21011203181548865,0.12527028946521906,-0.16389092136293815,0.0021747398667536803,0.03770140891941654,-0.021459510590544618,0.0011274269873424354,-0.012992467927640859,0.001646858689006706,-5.1896311904820384e-05
50,7,772,25.189573287963867,1.0010026407185992,0.21011203021157207,0.12527028946521906,-0.16389092136293815,0.002174739711312905,0.03770140101701953,-0.02145951459246144,0.0011274275101762704,-0.012992464887675973,0.0016468585897170115,-5.1896311904820384e-05
50,7,773,25.189571380615234,1.0010026365885958,0.21011202917352184,0.12527028946521906,-0.16389092136293815,0.002174739711312905,0.037701395748754855,-0.021459518594378262,0.0011274280330101055,-0.01299246336769353,0.0016468583911376225,-5.1896311904820384e-05
50,7,774,25.1895694732666,1.001002630894186,0.21011203002772766,0.12527028946521906,-0.16389092136293815,0.0021747400221944556,0.03770140101701953,-0.021459524597253494,0.0011274284251354817,-0.012992461847711086,0.001646858490427317,-5.1896324876607217e-05
50,7,775,25.1895694732666,1.0010026269541856,0.2101120299344396,0.12527028946521906,-0.16389092136293815,0.002174740488516782,0.03770140101701953,-0.021459528599170316,0.0011274285558439405,-0.012992460327728644,0.001646858490427317,-5.1896324876607217e-05
50,7,776,25.1895694732666,1.001002629060741,0.21011203069099393,0.12527028946521906,-0.16389092136293815,0.0021747409548391076,0.037701406285284206,-0.021459526598211907,0.0011274285558439405,-0.012992457287763758,0.0016468583911376225,-5.1896331362500636e-05
50,7,777,25.1895694732666,1.0010026353994106,0.21011203295887862,0.12527028946521906,-0.16389092136293815,0.002174741265720658,0.037701419455945885,-0.02145952059533667,0.0011274282944270229,-0.012992455767781314,0.0016468583911376225,-5.189633784839405e-05
50,7,778,25.1895694732666,1.001002635870071,0.21011203522754396,0.12527028946521906,-0.16389092136293815,0.0021747415766022087,0.03770143262660757,-0.02145952059533667,0.0011274280330101055,-0.01299245424779887,0.001646858490427317,-5.189635082018089e-05
50,7,779,25.1895694732666,1.0010026441672715,0.21011203749402593,0.12527028946521906,-0.16389092136293815,0.0021747417320429844,0.03770144579726925,-0.021459512591503027,0.0011274275101762704,-0.012992452727816428,0.001646858490427317,-5.189635082018089e-05
50,7,780,25.1895694732666,1.0010026545451691,0.2101120403279335,0.12527028946521906,-0.16389092136293815,0.0021747415766022087,0.03770146160206327,-0.021459502586710973,0.0011274269873424354,-0.012992452727816428,0.0016468585897170115,-5.18963573060743e-05
50,7,781,25.1895694732666,1.0010026629496072,0.21011204306574802,0.12527028946521906,-0.16389092136293815,0.002174741265720658,0.03770147740685729,-0.02145949458287733,0.0011274260723832241,-0.012992451207833985,0.001646858689006706,-5.189636054902101e-05
50,7,782,25.1895694732666,1.0010026735111142,0.2101120467480215,0.12527028946521906,-0.16389092136293815,0.0021747407993983323,0.03770149847991598,-0.02145948457808527,0.0011274252881324717,-0.012992449687851541,0.0016468585897170115,-5.189636703491443e-05
50,7,783,25.1895694732666,1.001002686048718,0.21011205052576595,0.12527028946521906,-0.16389092136293815,0.002174740333076006,0.037701519552974676,-0.02145947257233481,0.0011274246345901778,-0.012992449687851541,0.0016468585897170115,-5.189637352080784e-05
50,7,784,25.1895694732666,1.0010026946910366,0.21011205439687575,0.12527028946521906,-0.16389092136293815,0.0021747400221944556,0.03770154062603337,-0.021459464568501164,0.0011274237196309666,-0.012992451207833985,0.001646858689006706,-5.189637352080784e-05
50,7,785,25.1895694732666,1.0010027070277612,0.21011205723079027,0.12527028946521906,-0.16389092136293815,0.002174739711312905,0.03770155643082739,-0.021459452562750697,0.0011274231967971316,-0.012992451207833985,0.0016468587882964006,-5.189638000670126e-05
50,7,786,25.1895694732666,1.001002716048114,0.21011206290290857,0.12527028946521906,-0.16389092136293815,0.0021747394004313545,0.03770158804041543,-0.021459444558917053,0.0011274228046717553,-0.012992451207833985,0.0016468590861654843,-5.1896396221434805e-05
50,7,787,25.1895694732666,1.001002723099845,0.21011205920942747,0.1252702769349949,-0.16389092136293815,0.0021747392449905792,0.03770160911347412,-0.021459436555083408,0.001127421889712544,-0.012992451207833985,0.0016468591854551789,-5.1896392978488095e-05
50,7,788,25.1895694732666,1.0010027356317517,0.21011206298640378,0.1252702769349949,-0.16389092136293815,0.0021747390895498035,0.03770163018653282,-0.02145942454933294,0.0011274212361702504,-0.012992451207833985,0.0016468590861654843,-5.1896396221434805e-05
50,7,789,25.1895694732666,1.0010027461258242,0.2101120663869714,0.1252702769349949,-0.16389092136293815,0.0021747390895498035,0.037701648625459175,-0.021459414544540888,0.0011274207133364154,-0.012992452727816428,0.0016468591854551789,-5.1896399464381514e-05
50,7,790,25.189571380615234,1.0010027531021877,0.2101120716797307,0.1252702769349949,-0.16389092136293815,0.0021747392449905792,0.037701677600914876,-0.021459408541665653,0.0011274201905025804,-0.01299245424779887,0.0016468594833242624,-5.1896405950274934e-05
50,7,791,25.1895694732666,1.0010027616545591,0.21011207517507074,0.1252702769349949,-0.16389092136293815,0.0021747395558721298,0.03770169603984123,-0.021459400537832008,0.0011274196676687453,-0.012992457287763758,0.0016468596819036515,-5.189641243616835e-05
50,7,792,25.189571380615234,1.0010027643168669,0.21011207857930453,0.1252702769349949,-0.16389092136293815,0.0021747400221944556,0.037701714478767585,-0.0214593985368736,0.0011274195369602865,-0.0129924588077462,0.0016468599797727352,-5.1896415679115057e-05
50,7,793,25.1895694732666,1.0010027668597288,0.21011208141448076,0.1252702769349949,-0.16389092136293815,0.002174740488516782,0.03770173028356161,-0.021459396535915186,0.0011274195369602865,-0.0129924588077462,0.0016468598804830407,-5.1896422165008476e-05
50,7,794,25.189571380615234,1.0010027693037054,0.21011208377855553,0.1252702769349949,-0.16389092136293815,0.0021747409548391076,0.03770174345422329,-0.021459394534956776,0.0011274195369602865,-0.0129924588077462,0.0016468599797727352,-5.189642865090189e-05
50,7,795,25.189571380615234,1.0010027636290415,0.2101120847268329,0.1252702769349949,-0.16389092136293815,0.002174741265720658,0.037701748722487965,-0.021459400537832008,0.0011274197983772041,-0.0129924588077462,0.0016468601783521243,-5.189642865090189e-05
50,7,796,25.189571380615234,1.0010027578603595,0.2101120852008195,0.1252702769349949,-0.16389092136293815,0.002174741265720658,0.0377017513566203,-0.021459406540707243,0.0011274201905025804,-0.0129924588077462,0.0016468600790624298,-5.189643513679531e-05
50,7,797,25.189571380615234,1.0010027498214809,0.21011208416501942,0.1252702769349949,-0.16389092136293815,0.002174741110279883,0.03770174608835563,-0.021459414544540888,0.001127420844044874,-0.012992457287763758,0.0016468600790624298,-5.189643837974202e-05
50,7,798,25.189571380615234,1.001002741606822,0.21011208227858982,0.1252702769349949,-0.16389092136293815,0.0021747407993983323,0.03770173555182628,-0.02145942254837453,0.0011274216282956267,-0.012992457287763758,0.0016468600790624298,-5.18964318938486e-05
50,7,799,25.189571380615234,1.0010027294404118,0.21011208020332764,0.1252702769349949,-0.16389092136293815,0.002174740488516782,0.037701725015296936,-0.021459434554124995,0.001127422543254838,-0.01299245424779887,0.0016468598804830407,-5.189642865090189e-05
50,7,800,25.1895694732666,1.0010027169762028,0.21011207670931178,0.1252702769349949,-0.16389092136293815,0.002174740177635231,0.03770170657637058,-0.021459446559875462,0.0011274234582140492,-0.012992451207833985,0.001646859582613957,-5.1896425407955186e-05
50,7,801,25.1895694732666,1.0010027030828974,0.21011206640688473,0.12527026440477074,-0.16389092136293815,0.0021747398667536803,0.037701690771576556,-0.02145945856562593,0.0011274243731732604,-0.012992451207833985,0.0016468594833242624,-5.1896422165008476e-05
50,7,802,25.1895694732666,1.0010026891498245,0.21011205591500084,0.1252702518745466,-0.16389092136293815,0.0021747395558721298,0.03770167496678254,-0.021459470571376395,0.0011274251574240129,-0.012992448167869099,0.0016468592847448734,-5.1896418922061766e-05
50,7,803,25.1895694732666,1.0010026769916576,0.21011204457327037,0.12527023934432244,-0.16389092136293815,0.0021747394004313545,0.03770165389372385,-0.02145948057616845,0.0011274260723832241,-0.012992446647886655,0.0016468591854551789,-5.189641243616835e-05
50,7,804,25.189571380615234,1.001002664611918,0.2101120321891252,0.12527022681409827,-0.16389092136293815,0.0021747394004313545,0.03770162755240048,-0.021459490580960507,0.0011274269873424354,-0.01299244360792177,0.001646858689006706,-5.189640919322164e-05
50,7,805,25.189571380615234,1.0010026579985842,0.21011201933333484,0.12527021428387414,-0.16389092136293815,0.0021747395558721298,0.03770159857694477,-0.02145949458287733,0.0011274275101762704,-0.012992440567956882,0.0016468585897170115,-5.1896405950274934e-05
50,7,806,25.189571380615234,1.00100264932643,0.2101120060011532,0.12527020175364997,-0.16389092136293815,0.0021747398667536803,0.037701566967356735,-0.02145950058575256,0.001127427771593188,-0.012992437527991996,0.0016468581925582332,-5.1896399464381514e-05
50,7,807,25.189571380615234,1.0010026407539618,0.21011199314389079,0.12527018922342584,-0.16389092136293815,0.002174740177635231,0.037701537991901034,-0.021459506588627796,0.0011274281637185643,-0.01299243448802711,0.0016468579939788442,-5.1896392978488095e-05
50,7,808,25.189571380615234,1.0010026417125333,0.21011198841810363,0.12527018922342584,-0.16389092136293815,0.002174740488516782,0.03770151165057767,-0.021459504587669383,0.0011274281637185643,-0.01299243448802711,0.0016468580932685387,-5.1896392978488095e-05
50,7,809,25.189571380615234,1.0010026429713603,0.21011198510958748,0.12527018922342584,-0.16389092136293815,0.002174740643957557,0.03770149321165131,-0.021459502586710973,0.0011274280330101055,-0.01299243448802711,0.0016468581925582332,-5.1896396221434805e-05
50,7,810,25.189571380615234,1.0010026425743686,0.21011198321826258,0.12527018922342584,-0.16389092136293815,0.002174740643957557,0.03770148267512197,-0.021459502586710973,0.0011274279023016467,-0.01299243448802711,0.0016468581925582332,-5.1896399464381514e-05
50,7,811,25.189571380615234,1.0010026461118735,0.21011198142038062,0.12527018922342584,-0.16389092136293815,0.002174740488516782,0.037701472138592616,-0.02145949858479415,0.0011274273794678116,-0.012992436008009554,0.0016468583911376225,-5.1896405950274934e-05
50,7,812,25.189571380615234,1.0010026537597525,0.2101119805670318,0.12527018922342584,-0.16389092136293815,0.002174740333076006,0.037701466870327945,-0.021459490580960507,0.0011274268566339766,-0.012992437527991996,0.001646858490427317,-5.189640919322164e-05
50,7,813,25.189571380615234,1.0010026595532429,0.21011198018485927,0.12527018922342584,-0.16389092136293815,0.0021747400221944556,0.03770146423619561,-0.02145948457808527,0.001127426203091683,-0.01299243904797444,0.001646858490427317,-5.189641243616835e-05
50,7,814,25.189571380615234,1.001002667482122,0.21011198065704512,0.12527018922342584,-0.16389092136293815,0.002174739711312905,0.037701466870327945,-0.021459476574251627,0.001127425680257848,-0.01299243904797444,0.0016468587882964006,-5.1896415679115057e-05
50,7,815,25.189571380615234,1.0010026756458017,0.21011198226104189,0.12527018922342584,-0.16389092136293815,0.0021747395558721298,0.03770147477272495,-0.021459468570417986,0.001127425026715554,-0.012992442087939326,0.0016468589868757896,-5.1896418922061766e-05
50,7,816,25.189571380615234,1.0010026797781162,0.2101119832969148,0.12527018922342584,-0.16389092136293815,0.0021747394004313545,0.03770148004098963,-0.021459464568501164,0.0011274242424648016,-0.01299244360792177,0.0016468590861654843,-5.1896425407955186e-05
50,7,817,25.189571380615234,1.0010026880975198,0.2101119856559878,0.12527018922342584,-0.16389092136293815,0.0021747394004313545,0.03770149321165131,-0.02145945656466752,0.0011274234582140492,-0.01299244360792177,0.0016468590861654843,-5.189642865090189e-05
50,7,818,25.189571380615234,1.0010027021831494,0.21011198754255908,0.12527018922342584,-0.16389092136293815,0.0021747395558721298,0.03770150374818066,-0.02145944255795864,0.001127422412546379,-0.01299244360792177,0.0016468592847448734,-5.18964318938486e-05
50,7,819,25.189571380615234,1.0010027124556788,0.21011198990085292,0.12527018922342584,-0.16389092136293815,0.002174739711312905,0.03770151691884234,-0.021459432553166586,0.0011274216282956267,-0.01299244360792177,0.0016468591854551789,-5.1896425407955186e-05
50,7,820,25.189571380615234,1.001002718915289,0.21011199273172887,0.12527018922342584,-0.16389092136293815,0.0021747398667536803,0.03770153272363636,-0.02145942655029135,0.0011274209747533328,-0.01299244360792177,0.0016468589868757896,-5.1896425407955186e-05
50,7,821,25.189571380615234,1.0010027252763412,0.21011199509306286,0.12527018922342584,-0.16389092136293815,0.0021747400221944556,0.03770154589429804,-0.02145942054741612,0.0011274203212110392,-0.01299244360792177,0.0016468591854551789,-5.189642865090189e-05
50,7,822,25.189571380615234,1.001002725970216,0.2101119983987781,0.12527018922342584,-0.16389092136293815,0.0021747400221944556,0.0377015643332244,-0.02145942054741612,0.0011274199290856627,-0.01299244360792177,0.0016468590861654843,-5.1896425407955186e-05
50,7,823,25.189571380615234,1.0010027265679582,0.21011200123331805,0.12527018922342584,-0.16389092136293815,0.0021747398667536803,0.03770158013801842,-0.02145942054741612,0.0011274196676687453,-0.01299244360792177,0.0016468590861654843,-5.1896425407955186e-05
50,7,824,25.189571380615234,1.0010027214991768,0.21011200501535576,0.12527018922342584,-0.16389092136293815,0.0021747395558721298,0.037701601211077115,-0.02145942655029135,0.0011274196676687453,-0.01299244360792177,0.0016468591854551789,-5.189642865090189e-05
50,7,825,25.189571380615234,1.0010027176022458,0.21011201438025118,0.12527020175364997,-0.16389092136293815,0.0021747392449905792,0.03770161174760646,-0.021459432553166586,0.0011274200597941215,-0.01299244360792177,0.001646859384034568,-5.18964318938486e-05
50,7,826,25.189571380615234,1.0010027079730275,0.2101120244057086,0.12527021428387414,-0.16389092136293815,0.0021747390895498035,0.037701624918268145,-0.021459444558917053,0.0011274205826279566,-0.012992446647886655,0.0016468594833242624,-5.189644162268873e-05
50,7,827,25.1895694732666,1.001002704087832,0.21011203386607477,0.12527022681409827,-0.16389092136293815,0.0021747392449905792,0.03770163545479749,-0.021459450561792284,0.0011274211054617916,-0.012992448167869099,0.001646859781193346,-5.189644486563543e-05
50,7,828,25.1895694732666,1.0010026961883793,0.21011204285300647,0.12527023934432244,-0.16389092136293815,0.0021747395558721298,0.037701643357194496,-0.02145946056658434,0.0011274216282956267,-0.012992449687851541,0.0016468599797727352,-5.189645135152885e-05
50,7,829,25.1895694732666,1.0010026827863376,0.21011204427588984,0.12527023934432244,-0.16389092136293815,0.0021747400221944556,0.03770165125959151,-0.021459474573293218,0.001127422543254838,-0.012992449687851541,0.0016468599797727352,-5.189645135152885e-05
50,7,830,25.1895694732666,1.0010026731768658,0.21011204512924214,0.12527023934432244,-0.16389092136293815,0.002174740488516782,0.03770165652785618,-0.02145948457808527,0.001127423066088673,-0.012992448167869099,0.0016468598804830407,-5.189644486563543e-05
50,7,831,25.189571380615234,1.0010026672835433,0.21011204503580042,0.12527023934432244,-0.16389092136293815,0.0021747407993983323,0.03770165652785618,-0.021459490580960507,0.0011274234582140492,-0.012992446647886655,0.0016468596819036515,-5.189644486563543e-05
50,7,832,25.1895694732666,1.0010026575009128,0.2101120450378268,0.12527023934432244,-0.16389092136293815,0.0021747409548391076,0.03770165652785618,-0.02145950058575256,0.0011274239810478842,-0.012992446647886655,0.001646859582613957,-5.189644162268873e-05
50,7,833,25.1895694732666,1.001002651712321,0.2101120454169623,0.12527023934432244,-0.16389092136293815,0.0021747409548391076,0.03770165916198852,-0.021459506588627796,0.0011274245038817193,-0.012992445127904212,0.0016468592847448734,-5.1896425407955186e-05
50,7,834,25.189571380615234,1.0010026436561716,0.21011204428569316,0.12527023934432244,-0.16389092136293815,0.002174740643957557,0.03770165389372385,-0.02145951459246144,0.001127425026715554,-0.012992442087939326,0.0016468591854551789,-5.1896418922061766e-05
50,7,835,25.189571380615234,1.001002633484966,0.21011204239693312,0.12527023934432244,-0.16389092136293815,0.002174740333076006,0.037701643357194496,-0.021459524597253494,0.0011274258109663067,-0.012992442087939326,0.001646858887586095,-5.189641243616835e-05
50,7,836,25.189571380615234,1.0010026253688824,0.21011204098013006,0.12527023934432244,-0.16389092136293815,0.0021747400221944556,0.03770163545479749,-0.02145953260108714,0.0011274264645086004,-0.012992442087939326,0.0016468585897170115,-5.1896405950274934e-05
50,7,837,25.189571380615234,1.0010026190104822,0.21011203861824412,0.12527023934432244,-0.16389092136293815,0.002174739711312905,0.0377016222841358,-0.02145953860396237,0.001127426725925518,-0.012992442087939326,0.0016468585897170115,-5.1896405950274934e-05
50,7,838,25.189571380615234,1.0010026146286362,0.21011203635400885,0.12527023934432244,-0.16389092136293815,0.0021747394004313545,0.03770160911347412,-0.021459542605879192,0.0011274273794678116,-0.01299244360792177,0.0016468587882964006,-5.1896405950274934e-05
50,7,839,25.189571380615234,1.0010026121996223,0.21011203408759263,0.12527023934432244,-0.16389092136293815,0.0021747392449905792,0.03770159594281244,-0.021459544606837605,0.001127427771593188,-0.012992445127904212,0.001646858887586095,-5.1896402707328224e-05
50,7,840,25.1895694732666,1.0010026096487372,0.2101120312537533,0.12527023934432244,-0.16389092136293815,0.0021747392449905792,0.03770158013801842,-0.021459546607796014,0.0011274281637185643,-0.012992445127904212,0.001646858887586095,-5.1896402707328224e-05
50,7,841,25.1895694732666,1.0010026053738443,0.21011202955180427,0.12527023934432244,-0.16389092136293815,0.0021747395558721298,0.03770156960148907,-0.021459550609712837,0.0011274282944270229,-0.012992448167869099,0.001646858887586095,-5.1896399464381514e-05
50,7,842,25.1895694732666,1.0010026050908762,0.21011202823007974,0.12527023934432244,-0.16389092136293815,0.0021747398667536803,0.037701561699092064,-0.021459550609712837,0.0011274284251354817,-0.012992449687851541,0.0016468590861654843,-5.1896396221434805e-05
50,7,843,25.1895694732666,1.0010026050057101,0.21011202785071006,0.12527023934432244,-0.16389092136293815,0.002174740177635231,0.03770155906495973,-0.021459550609712837,0.0011274282944270229,-0.012992451207833985,0.0016468590861654843,-5.1896392978488095e-05
50,7,844,25.1895694732666,1.0010026088156982,0.2101120273773502,0.12527023934432244,-0.16389092136293815,0.002174740333076006,0.03770155643082739,-0.021459546607796014,0.0011274281637185643,-0.012992451207833985,0.0016468590861654843,-5.189638649259468e-05
50,7,845,25.1895694732666,1.0010026130419662,0.21011202888720543,0.12527023934432244,-0.16389092136293815,0.002174740488516782,0.0377015643332244,-0.021459542605879192,0.001127427771593188,-0.012992452727816428,0.0016468590861654843,-5.189638324964797e-05
50,7,846,25.1895694732666,1.00100261558135,0.21011202236051016,0.12527022681409827,-0.16389092136293815,0.002174740643957557,0.03770156960148907,-0.02145953860396237,0.0011274275101762704,-0.012992452727816428,0.0016468590861654843,-5.189638000670126e-05
50,7,847,25.1895694732666,1.001002618341506,0.21011201687241787,0.12527021428387414,-0.16389092136293815,0.002174740643957557,0.03770158013801842,-0.021459534602045548,0.0011274271180508942,-0.01299245424779887,0.0016468590861654843,-5.189637676375455e-05
50,7,848,25.1895694732666,1.0010026210843748,0.21011201128877927,0.12527020175364997,-0.16389092136293815,0.002174740488516782,0.037701590674547765,-0.02145953060012873,0.001127426725925518,-0.01299245424779887,0.001646858887586095,-5.189636703491443e-05
50,7,849,25.1895694732666,1.001002625614108,0.21011201421801018,0.12527020175364997,-0.16389092136293815,0.002174740333076006,0.03770160647934179,-0.021459526598211907,0.0011274265952170592,-0.012992455767781314,0.001646858887586095,-5.189636054902101e-05
50,7,850,25.1895694732666,1.0010026301463153,0.2101120171458403,0.12527020175364997,-0.16389092136293815,0.0021747400221944556,0.0377016222841358,-0.021459522596295084,0.001127426203091683,-0.012992457287763758,0.001646858887586095,-5.18963573060743e-05
50,7,851,25.189571380615234,1.0010026368330038,0.2101120210189875,0.12527020175364997,-0.16389092136293815,0.002174739711312905,0.037701643357194496,-0.02145951659341985,0.0011274258109663067,-0.0129924588077462,0.001646858887586095,-5.189635406312759e-05
50,7,852,25.189571380615234,1.0010026394887843,0.2101120243261896,0.12527020175364997,-0.16389092136293815,0.0021747394004313545,0.037701661796120854,-0.02145951459246144,0.0011274255495493891,-0.0129924588077462,0.001646858887586095,-5.189634757723418e-05
50,7,853,25.189571380615234,1.0010026418467828,0.2101120262147177,0.12527020175364997,-0.16389092136293815,0.0021747390895498035,0.0377016723326502,-0.021459512591503027,0.0011274251574240129,-0.0129924588077462,0.001646858887586095,-5.189634433428747e-05
50,7,854,25.189571380615234,1.0010026405084922,0.21011202914465674,0.12527020175364997,-0.16389092136293815,0.0021747389341090283,0.03770168813744422,-0.02145951459246144,0.0011274251574240129,-0.012992460327728644,0.001646858887586095,-5.189634109134076e-05
50,7,855,25.189573287963867,1.0010026409249204,0.21011203112857826,0.12527020175364997,-0.16389092136293815,0.0021747389341090283,0.03770169867397357,-0.02145951459246144,0.001127425026715554,-0.012992461847711086,0.001646858887586095,-5.189633784839405e-05
50,7,856,25.189573287963867,1.0010026408319688,0.21011204001785866,0.12527021428387414,-0.16389092136293815,0.0021747390895498035,0.03770170657637058,-0.02145951659341985,0.0011274251574240129,-0.012992461847711086,0.001646858887586095,-5.189633460544734e-05
50,7,857,25.189573287963867,1.0010026405405774,0.21011204796174457,0.12527022681409827,-0.16389092136293815,0.0021747392449905792,0.037701709210502914,-0.021459518594378262,0.0011274254188409305,-0.012992461847711086,0.0016468587882964006,-5.1896328119553926e-05
50,7,858,25.189573287963867,1.001002634497186,0.21011205647227996,0.12527023934432244,-0.16389092136293815,0.0021747395558721298,0.037701714478767585,-0.021459526598211907,0.001127425680257848,-0.01299246336769353,0.001646858689006706,-5.1896324876607217e-05
50,7,859,25.189573287963867,1.001002630390745,0.21011206489178563,0.1252702518745466,-0.16389092136293815,0.0021747398667536803,0.03770171974703226,-0.02145953260108714,0.001127426203091683,-0.01299246336769353,0.0016468587882964006,-5.189632163366051e-05
50,7,860,25.189571380615234,1.0010026245260493,0.21011207425365044,0.12527026440477074,-0.16389092136293815,0.002174740177635231,0.03770173028356161,-0.021459540604920783,0.0011274264645086004,-0.01299246336769353,0.001646858689006706,-5.18963183907138e-05
50,7,861,25.189573287963867,1.0010026204421218,0.2101120827672252,0.1252702769349949,-0.16389092136293815,0.002174740333076006,0.03770173555182628,-0.021459546607796014,0.0011274268566339766,-0.012992464887675973,0.001646858887586095,-5.189632163366051e-05
50,7,862,25.189573287963867,1.0010026162189043,0.21011209061720265,0.12527028946521906,-0.16389092136293815,0.002174740488516782,0.037701738185958615,-0.02145955261067125,0.0011274269873424354,-0.01299246336769353,0.001646858887586095,-5.189632163366051e-05
50,7,863,25.189571380615234,1.0010026125316458,0.21011210102056055,0.1252703019954432,-0.16389092136293815,0.002174740643957557,0.03770175399075264,-0.02145955861354648,0.0011274275101762704,-0.012992464887675973,0.001646858887586095,-5.1896328119553926e-05
50,7,864,25.189571380615234,1.0010026104831125,0.2101121099121063,0.12527031452566736,-0.16389092136293815,0.0021747407993983323,0.037701761893149645,-0.021459562615463303,0.001127427771593188,-0.012992464887675973,0.0016468590861654843,-5.189633460544734e-05
50,7,865,25.189573287963867,1.0010026068776643,0.2101121206920316,0.12527032705589153,-0.16389092136293815,0.0021747407993983323,0.037701780332076,-0.02145956861833854,0.0011274279023016467,-0.012992464887675973,0.0016468590861654843,-5.189633784839405e-05
50,7,866,25.189571380615234,1.0010026096471465,0.21011212456729766,0.12527032705589153,-0.16389092136293815,0.0021747407993983323,0.0377018014051347,-0.021459566617380126,0.0011274279023016467,-0.012992466407658415,0.0016468590861654843,-5.189633784839405e-05
50,7,867,25.189571380615234,1.0010026142536315,0.21011212787536873,0.12527032705589153,-0.16389092136293815,0.0021747407993983323,0.037701819844061055,-0.021459562615463303,0.0011274275101762704,-0.012992466407658415,0.0016468592847448734,-5.189633784839405e-05
50,7,868,25.189573287963867,1.0010026229505844,0.21011213203313897,0.12527032705589153,-0.16389092136293815,0.0021747407993983323,0.037701843551252084,-0.02145955461162966,0.001127427248759353,-0.012992464887675973,0.0016468591854551789,-5.189633784839405e-05
50,7,869,25.189573287963867,1.0010026240413303,0.21011213722959943,0.12527032705589153,-0.16389092136293815,0.0021747407993983323,0.037701872526707786,-0.02145955461162966,0.001127426725925518,-0.012992464887675973,0.0016468591854551789,-5.189634433428747e-05
50,7,870,25.189573287963867,1.0010026291466139,0.21011214290082794,0.12527032705589153,-0.16389092136293815,0.002174740643957557,0.03770190413629582,-0.021459550609712837,0.0011274265952170592,-0.012992464887675973,0.0016468591854551789,-5.189634757723418e-05
50,7,871,25.189573287963867,1.0010026360095472,0.21011214762681535,0.12527032705589153,-0.16389092136293815,0.002174740488516782,0.03770193047761919,-0.021459544606837605,0.0011274263338001418,-0.012992464887675973,0.0016468592847448734,-5.189635082018089e-05
50,7,872,25.189573287963867,1.0010026390567945,0.21011215282539147,0.12527032705589153,-0.16389092136293815,0.002174740488516782,0.03770195945307489,-0.021459542605879192,0.001127426203091683,-0.012992464887675973,0.0016468592847448734,-5.18963573060743e-05
50,7,873,25.189573287963867,1.0010026457981835,0.2101121569855117,0.12527032705589153,-0.16389092136293815,0.002174740488516782,0.03770198316026592,-0.02145953660300396,0.0011274259416747653,-0.01299246336769353,0.0016468594833242624,-5.18963573060743e-05
50,7,874,25.189571380615234,1.0010026526780802,0.2101121618055005,0.12527032705589153,-0.16389092136293815,0.002174740488516782,0.037702009501589286,-0.02145953060012873,0.001127425680257848,-0.012992464887675973,0.001646859582613957,-5.189637027786114e-05
50,7,875,25.189571380615234,1.001002657990031,0.2101121591555862,0.12527031452566736,-0.16389092136293815,0.002174740488516782,0.03770203584291265,-0.021459524597253494,0.0011274255495493891,-0.012992466407658415,0.0016468596819036515,-5.189637676375455e-05
50,7,876,25.189571380615234,1.0010026671940908,0.21011215641035902,0.1252703019954432,-0.16389092136293815,0.002174740488516782,0.037702062184236024,-0.02145951459246144,0.001127425026715554,-0.012992466407658415,0.0016468598804830407,-5.189637676375455e-05
50,7,877,25.189571380615234,1.001002672386808,0.2101121531923974,0.12527028946521906,-0.16389092136293815,0.002174740488516782,0.037702085891427047,-0.021459508589586205,0.0011274246345901778,-0.012992466407658415,0.0016468599797727352,-5.189638324964797e-05
50,7,878,25.189571380615234,1.0010026831492589,0.21011214855263366,0.1252702769349949,-0.16389092136293815,0.002174740488516782,0.03770210169622107,-0.021459496583835738,0.0011274241117563428,-0.012992466407658415,0.0016468596819036515,-5.189638649259468e-05
50,7,879,25.189571380615234,1.0010026881238225,0.21011214429535946,0.12527026440477074,-0.16389092136293815,0.002174740488516782,0.03770212013514743,-0.021459490580960507,0.0011274237196309666,-0.012992464887675973,0.001646859781193346,-5.189638649259468e-05
50,7,880,25.189571380615234,1.0010026946892538,0.21011214760400662,0.12527026440477074,-0.16389092136293815,0.002174740333076006,0.037702138574073785,-0.02145948457808527,0.0011274237196309666,-0.012992464887675973,0.001646859781193346,-5.1896389735541385e-05
50,7,881,25.189571380615234,1.001002700956899,0.21011214949396023,0.12527026440477074,-0.16389092136293815,0.002174740177635231,0.03770214911060313,-0.02145947857521004,0.001127423588922508,-0.012992464887675973,0.001646859781193346,-5.189638649259468e-05
50,7,882,25.189571380615234,1.0010027051695845,0.21011215091273142,0.12527026440477074,-0.16389092136293815,0.0021747400221944556,0.037702157013000136,-0.021459474573293218,0.001127423588922508,-0.012992464887675973,0.0016468598804830407,-5.1896389735541385e-05
50,7,883,25.189571380615234,1.0010027055661095,0.21011215280183082,0.12527026440477074,-0.16389092136293815,0.0021747400221944556,0.037702167549529486,-0.021459474573293218,0.001127423588922508,-0.012992464887675973,0.0016468596819036515,-5.189638649259468e-05
50,7,884,25.189571380615234,1.0010027055661095,0.21011215280183082,0.12527026440477074,-0.16389092136293815,0.0021747400221944556,0.037702167549529486,-0.021459474573293218,0.001127423588922508,-0.012992464887675973,0.0016468596819036515,-5.189638649259468e-05
50,7,885,25.189571380615234,1.0010027035907654,0.21011215270994626,0.12527026440477074,-0.16389092136293815,0.0021747400221944556,0.037702167549529486,-0.021459476574251627,0.0011274239810478842,-0.01299246336769353,0.0016468596819036515,-5.1896389735541385e-05
50,7,886,25.189571380615234,1.0010026996616412,0.21011215261572544,0.12527026440477074,-0.16389092136293815,0.0021747398667536803,0.037702167549529486,-0.02145948057616845,0.0011274243731732604,-0.012992461847711086,0.001646859384034568,-5.189638649259468e-05
50,7,887,25.189571380615234,1.0010026934962708,0.2101121511998354,0.12527026440477074,-0.16389092136293815,0.0021747398667536803,0.03770215964713248,-0.021459486579043684,0.0011274247652986367,-0.012992461847711086,0.001646859384034568,-5.189638000670126e-05
50,7,888,25.189571380615234,1.0010026854541805,0.2101121501619197,0.12527026440477074,-0.16389092136293815,0.0021747398667536803,0.0377021543788678,-0.02145949458287733,0.001127425026715554,-0.012992460327728644,0.001646859384034568,-5.189637676375455e-05
50,7,889,25.189571380615234,1.0010026754563108,0.21011214912533083,0.12527026440477074,-0.16389092136293815,0.0021747398667536803,0.03770214911060313,-0.021459504587669383,0.001127425680257848,-0.0129924588077462,0.0016468592847448734,-5.189637676375455e-05
50,7,890,25.189571380615234,1.0010026635195082,0.21011214818351126,0.12527026440477074,-0.16389092136293815,0.0021747400221944556,0.037702143842338456,-0.02145951659341985,0.0011274263338001418,-0.0129924588077462,0.0016468592847448734,-5.189638324964797e-05
50,7,891,25.189571380615234,1.0010026553162863,0.21011214639113096,0.12527026440477074,-0.16389092136293815,0.002174740177635231,0.037702133305809106,-0.021459524597253494,0.0011274269873424354,-0.012992460327728644,0.001646859384034568,-5.189638649259468e-05
50,7,892,25.189571380615234,1.0010026436968669,0.21011214696136787,0.12527026440477074,-0.16389092136293815,0.002174740333076006,0.03770213593994145,-0.02145953660300396,0.0011274275101762704,-0.012992461847711086,0.0016468594833242624,-5.189638649259468e-05
50,7,893,25.189573287963867,1.0010026358709316,0.2101121469664327,0.12527026440477074,-0.16389092136293815,0.002174740488516782,0.03770213593994145,-0.021459544606837605,0.0011274281637185643,-0.012992461847711086,0.0016468596819036515,-5.1896392978488095e-05
50,7,894,25.189573287963867,1.0010026282626934,0.21011214800863381,0.12527026440477074,-0.16389092136293815,0.002174740643957557,0.03770214120820612,-0.02145955261067125,0.0011274285558439405,-0.01299246336769353,0.001646859781193346,-5.1896399464381514e-05
50,7,895,25.189573287963867,1.0010026227120516,0.21011214952139332,0.12527026440477074,-0.16389092136293815,0.002174740643957557,0.03770214911060313,-0.02145955861354648,0.0011274285558439405,-0.012992464887675973,0.0016468598804830407,-5.1896399464381514e-05
50,7,896,25.189573287963867,1.001002622712051,0.21011214952139093,0.12527026440477074,-0.16389092136293815,0.002174740643957557,0.03770214911060313,-0.02145955861354648,0.0011274285558439405,-0.012992464887675973,0.0016468598804830407,-5.1896389735541385e-05
50,7,897,25.189573287963867,1.0010026265241683,0.2101121490449871,0.12527026440477074,-0.16389092136293815,0.002174740643957557,0.03770214647647079,-0.02145955461162966,0.0011274282944270229,-0.012992464887675973,0.001646859582613957,-5.189638000670126e-05
50,7,898,25.189573287963867,1.001002628380718,0.21011214857091962,0.12527026440477074,-0.16389092136293815,0.002174740643957557,0.037702143842338456,-0.02145955261067125,0.0011274280330101055,-0.012992464887675973,0.001646859582613957,-5.189637676375455e-05
50,7,899,25.189573287963867,1.0010026321929826,0.21011214809521725,0.12527026440477074,-0.16389092136293815,0.002174740643957557,0.03770214120820612,-0.021459548608754427,0.0011274279023016467,-0.012992464887675973,0.0016468592847448734,-5.189636703491443e-05
50,7,900,25.189571380615234,1.001002637355364,0.2101121540516564,0.1252702769349949,-0.16389092136293815,0.002174740643957557,0.037702133305809106,-0.021459544606837605,0.0011274276408847293,-0.01299246336769353,0.0016468591854551789,-5.18963573060743e-05
50,7,901,25.189571380615234,1.001002640661049,0.21011216048146317,0.12527028946521906,-0.16389092136293815,0.002174740643957557,0.037702128037544434,-0.021459542605879192,0.0011274275101762704,-0.012992461847711086,0.0016468590861654843,-5.189635406312759e-05
50,7,902,25.189571380615234,1.0010026418291955,0.21011216605985666,0.1252703019954432,-0.16389092136293815,0.0021747407993983323,0.03770211750101509,-0.021459542605879192,0.0011274275101762704,-0.012992461847711086,0.001646858887586095,-5.189635406312759e-05
50,7,903,25.189571380615234,1.0010026413392499,0.21011217305779822,0.12527031452566736,-0.16389092136293815,0.0021747409548391076,0.037702114866882755,-0.021459544606837605,0.0011274275101762704,-0.012992461847711086,0.001646858887586095,-5.189635406312759e-05
50,7,904,25.189571380615234,1.0010026429045749,0.21011218052840377,0.12527032705589153,-0.16389092136293815,0.002174741110279883,0.037702114866882755,-0.021459544606837605,0.0011274275101762704,-0.012992461847711086,0.001646858887586095,-5.189635406312759e-05
50,7,905,25.189571380615234,1.0010026407474708,0.2101121795837782,0.12527032705589153,-0.16389092136293815,0.002174741265720658,0.037702109598618076,-0.021459546607796014,0.0011274276408847293,-0.012992461847711086,0.001646858887586095,-5.189635406312759e-05
50,7,906,25.189571380615234,1.0010026406456372,0.21011217911181612,0.12527032705589153,-0.16389092136293815,0.0021747414211614334,0.03770210696448574,-0.021459546607796014,0.001127427771593188,-0.012992461847711086,0.001646858887586095,-5.189635406312759e-05
50,7,907,25.189571380615234,1.0010026405636792,0.21011217873454482,0.12527032705589153,-0.16389092136293815,0.0021747415766022087,0.037702104330353405,-0.021459546607796014,0.0011274280330101055,-0.01299246336769353,0.001646858887586095,-5.189635406312759e-05
50,7,908,25.189571380615234,1.0010026366521854,0.210112178737504,0.12527032705589153,-0.16389092136293815,0.0021747415766022087,0.037702104330353405,-0.021459550609712837,0.0011274282944270229,-0.01299246336769353,0.0016468590861654843,-5.189635406312759e-05
50,7,909,25.189573287963867,1.0010026306086885,0.21011217788904904,0.12527032705589153,-0.16389092136293815,0.0021747414211614334,0.03770209906208873,-0.02145955661258807,0.0011274286865523993,-0.012992464887675973,0.0016468591854551789,-5.189635406312759e-05
50,7,910,25.189573287963867,1.0010026266201515,0.21011217751177788,0.12527032705589153,-0.16389092136293815,0.002174741265720658,0.0377020964279564,-0.021459560614504894,0.0011274289479693167,-0.012992466407658415,0.0016468591854551789,-5.189635406312759e-05
50,7,911,25.189573287963867,1.0010026225154414,0.2101121765678541,0.12527032705589153,-0.16389092136293815,0.0021747409548391076,0.037702091159691725,-0.021459564616421716,0.0011274292093862342,-0.012992466407658415,0.0016468591854551789,-5.189635406312759e-05
50,7,912,25.189573287963867,1.0010026225211244,0.2101121765685555,0.12527032705589153,-0.16389092136293815,0.002174740643957557,0.037702091159691725,-0.021459564616421716,0.001127429340094693,-0.012992466407658415,0.0016468591854551789,-5.189635406312759e-05
50,7,913,25.189573287963867,1.0010026203723246,0.21011217562393047,0.12527032705589153,-0.16389092136293815,0.002174740333076006,0.037702085891427047,-0.021459566617380126,0.0011274294708031518,-0.012992466407658415,0.0016468591854551789,-5.189635406312759e-05
50,7,914,25.189573287963867,1.0010026241877004,0.2101121751498646,0.12527032705589153,-0.16389092136293815,0.002174740177635231,0.03770208325729471,-0.021459562615463303,0.0011274292093862342,-0.012992466407658415,0.0016468591854551789,-5.189635406312759e-05
50,7,915,25.189573287963867,1.001002626047313,0.2101121746772015,0.12527032705589153,-0.16389092136293815,0.0021747400221944556,0.037702080623162375,-0.021459560614504894,0.0011274292093862342,-0.012992466407658415,0.0016468591854551789,-5.189635406312759e-05
50,7,916,25.189573287963867,1.0010026298600683,0.21011217420383707,0.12527032705589153,-0.16389092136293815,0.0021747400221944556,0.03770207798903004,-0.02145955661258807,0.0011274290786777756,-0.012992466407658415,0.0016468591854551789,-5.189635406312759e-05
50,7,917,25.189573287963867,1.001002631716471,0.21011217372906832,0.12527032705589153,-0.16389092136293815,0.0021747400221944556,0.0377020753548977,-0.02145955461162966,0.0011274286865523993,-0.012992466407658415,0.0016468591854551789,-5.189634757723418e-05
50,7,918,25.189573287963867,1.00100263738255,0.21011217277945488,0.12527032705589153,-0.16389092136293815,0.002174740177635231,0.03770207008663303,-0.021459548608754427,0.0011274280330101055,-0.012992466407658415,0.0016468590861654843,-5.189633784839405e-05
50,7,919,25.189573287963867,1.001002641189148,0.21011217230313142,0.12527032705589153,-0.16389092136293815,0.002174740488516782,0.037702067452500695,-0.021459544606837605,0.0011274276408847293,-0.012992466407658415,0.001646858887586095,-5.189633784839405e-05
50,7,920,25.189571380615234,1.0010026446984177,0.21011217041029737,0.12527032705589153,-0.16389092136293815,0.0021747407993983323,0.037702056915971345,-0.021459540604920783,0.0011274273794678116,-0.012992466407658415,0.0016468587882964006,-5.1896331362500636e-05
50,7,921,25.189573287963867,1.0010026501640727,0.21011216851902192,0.12527032705589153,-0.16389092136293815,0.002174741110279883,0.037702046379442,-0.021459534602045548,0.0011274271180508942,-0.012992466407658415,0.001646858887586095,-5.1896331362500636e-05
50,7,922,25.189571380615234,1.0010026539914942,0.21011216814190514,0.12527032705589153,-0.16389092136293815,0.0021747414211614334,0.037702043745309666,-0.02145953060012873,0.0011274271180508942,-0.012992467927640859,0.0016468590861654843,-5.1896331362500636e-05
50,7,923,25.189571380615234,1.0010026557659395,0.210112167289868,0.12527032705589153,-0.16389092136293815,0.0021747415766022087,0.037702038477044994,-0.021459528599170316,0.0011274269873424354,-0.012992469447623303,0.0016468590861654843,-5.1896331362500636e-05
50,7,924,25.189571380615234,1.0010026572058945,0.2101121648310857,0.12527032705589153,-0.16389092136293815,0.0021747415766022087,0.03770202530638331,-0.021459526598211907,0.0011274268566339766,-0.012992467927640859,0.0016468589868757896,-5.1896328119553926e-05
50,7,925,25.189571380615234,1.0010026609417861,0.21011216397834603,0.12527032705589153,-0.16389092136293815,0.0021747414211614334,0.037702020038118636,-0.021459522596295084,0.0011274265952170592,-0.012992469447623303,0.0016468589868757896,-5.189632163366051e-05
50,7,926,25.189571380615234,1.0010026604709876,0.2101121617090241,0.12527032705589153,-0.16389092136293815,0.002174741110279883,0.03770200686745695,-0.021459522596295084,0.0011274265952170592,-0.012992470967605745,0.0016468589868757896,-5.189632163366051e-05
50,7,927,25.189573287963867,1.001002658124237,0.2101121598213348,0.12527032705589153,-0.16389092136293815,0.0021747407993983323,0.037701996330927606,-0.021459524597253494,0.0011274268566339766,-0.012992470967605745,0.0016468591854551789,-5.189632163366051e-05
50,7,928,25.189573287963867,1.0010026556777676,0.21011215745857245,0.12527032705589153,-0.16389092136293815,0.002174740488516782,0.03770198316026592,-0.021459526598211907,0.001127427248759353,-0.012992470967605745,0.0016468589868757896,-5.189632163366051e-05
50,7,929,25.189573287963867,1.0010026532291838,0.2101121550989239,0.12527032705589153,-0.16389092136293815,0.002174740333076006,0.03770196998960424,-0.021459528599170316,0.0011274276408847293,-0.012992470967605745,0.0016468591854551789,-5.189632163366051e-05
50,7,930,25.189573287963867,1.0010026508959886,0.21011215330218974,0.12527032705589153,-0.16389092136293815,0.002174740333076006,0.03770195945307489,-0.02145953060012873,0.001127427771593188,-0.012992472487588188,0.0016468590861654843,-5.189632163366051e-05
50,7,931,25.189573287963867,1.0010026500826918,0.2101121494275328,0.12527032705589153,-0.16389092136293815,0.002174740333076006,0.037701938380016196,-0.02145953060012873,0.0011274280330101055,-0.012992470967605745,0.0016468589868757896,-5.189632163366051e-05
50,7,932,25.189573287963867,1.0010026436198496,0.21011214659444755,0.12527032705589153,-0.16389092136293815,0.002174740333076006,0.03770192257522218,-0.02145953660300396,0.0011274284251354817,-0.012992470967605745,0.0016468590861654843,-5.189632163366051e-05
50,7,933,25.189573287963867,1.0010026411455122,0.21011214413847845,0.12527032705589153,-0.16389092136293815,0.002174740488516782,0.037701909404560495,-0.02145953860396237,0.001127428817260858,-0.012992469447623303,0.0016468589868757896,-5.189632163366051e-05
50,7,934,25.189573287963867,1.0010026408449433,0.21011214271971576,0.12527032705589153,-0.16389092136293815,0.002174740643957557,0.03770190150216349,-0.02145953860396237,0.001127428817260858,-0.012992469447623303,0.001646858887586095,-5.1896315147767094e-05
50,7,935,25.189573287963867,1.0010026406264632,0.21011214167884726,0.12527032705589153,-0.16389092136293815,0.002174740643957557,0.037701896233898816,-0.02145953860396237,0.001127428817260858,-0.012992467927640859,0.001646858689006706,-5.1896311904820384e-05
50,7,936,25.189573287963867,1.0010026406264634,0.21011214167884806,0.12527032705589153,-0.16389092136293815,0.002174740643957557,0.037701896233898816,-0.02145953860396237,0.001127428817260858,-0.012992467927640859,0.001646858689006706,-5.1896315147767094e-05
50,7,937,25.189573287963867,1.001002642582374,0.2101121416781475,0.12527032705589153,-0.16389092136293815,0.002174740643957557,0.037701896233898816,-0.02145953660300396,0.0011274286865523993,-0.012992467927640859,0.001646858689006706,-5.18963183907138e-05
50,7,938,25.189573287963867,1.001002642780831,0.21011214262362382,0.12527032705589153,-0.16389092136293815,0.002174740643957557,0.03770190150216349,-0.02145953660300396,0.0011274284251354817,-0.012992467927640859,0.001646858887586095,-5.189632163366051e-05
50,7,939,25.189571380615234,1.0010026450547445,0.21011214413793325,0.12527032705589153,-0.16389092136293815,0.002174740643957557,0.037701909404560495,-0.021459534602045548,0.0011274284251354817,-0.012992469447623303,0.0016468591854551789,-5.1896331362500636e-05
50,7,940,25.189571380615234,1.0010026435975337,0.210112146501318,0.12527032705589153,-0.16389092136293815,0.002174740488516782,0.03770192257522218,-0.02145953660300396,0.0011274282944270229,-0.012992469447623303,0.0016468592847448734,-5.189634109134076e-05
50,7,941,25.189573287963867,1.0010026480280767,0.21011214895799163,0.12527032705589153,-0.16389092136293815,0.002174740333076006,0.03770193574588386,-0.02145953260108714,0.0011274280330101055,-0.012992470967605745,0.001646859384034568,-5.189635082018089e-05
50,7,942,25.189573287963867,1.0010026522404822,0.21011215037542816,0.12527032705589153,-0.16389092136293815,0.002174740177635231,0.037701943648280875,-0.021459528599170316,0.0011274276408847293,-0.012992470967605745,0.001646859582613957,-5.189635082018089e-05
50,7,943,25.189573287963867,1.0010026585277227,0.21011215235873854,0.12527032705589153,-0.16389092136293815,0.0021747400221944556,0.03770195418481022,-0.021459522596295084,0.001127427248759353,-0.012992472487588188,0.0016468596819036515,-5.189635406312759e-05
50,7,944,25.189573287963867,1.0010026667482301,0.21011215424665644,0.12527032705589153,-0.16389092136293815,0.0021747400221944556,0.03770196472133956,-0.02145951459246144,0.0011274265952170592,-0.012992472487588188,0.001646859781193346,-5.189635406312759e-05
50,7,945,25.189573287963867,1.0010026789005653,0.2101121562284875,0.12527032705589153,-0.16389092136293815,0.0021747400221944556,0.03770197525786891,-0.021459502586710973,0.0011274260723832241,-0.012992474007570632,0.001646859781193346,-5.189635406312759e-05
50,7,946,25.189573287963867,1.001002690911168,0.21011215754827542,0.12527032705589153,-0.16389092136293815,0.002174740177635231,0.03770198316026592,-0.021459490580960507,0.0011274252881324717,-0.012992472487588188,0.001646859781193346,-5.189635406312759e-05
50,7,947,25.189571380615234,1.0010026966565528,0.21011215697648394,0.12527032705589153,-0.16389092136293815,0.002174740333076006,0.037701980526133584,-0.02145948457808527,0.0011274247652986367,-0.012992470967605745,0.0016468594833242624,-5.189635406312759e-05
50,7,948,25.189571380615234,1.001002706393879,0.21011215678499742,0.12527032705589153,-0.16389092136293815,0.002174740488516782,0.037701980526133584,-0.021459474573293218,0.0011274241117563428,-0.012992467927640859,0.0016468594833242624,-5.189635082018089e-05
50,7,949,25.189571380615234,1.001002708326508,0.21011215668656763,0.12527032705589153,-0.16389092136293815,0.002174740643957557,0.037701980526133584,-0.02145947257233481,0.0011274237196309666,-0.012992466407658415,0.0016468591854551789,-5.189634433428747e-05
50,7,950,25.189571380615234,1.0010027138939803,0.21011215526717864,0.12527032705589153,-0.16389092136293815,0.0021747407993983323,0.03770197262373658,-0.021459466569459573,0.0011274234582140492,-0.012992466407658415,0.0016468591854551789,-5.189634109134076e-05
50,7,951,25.189571380615234,1.001002709681607,0.2101121538498948,0.12527032705589153,-0.16389092136293815,0.0021747409548391076,0.03770196472133956,-0.021459470571376395,0.001127423588922508,-0.012992466407658415,0.0016468591854551789,-5.189634109134076e-05
50,7,952,25.189571380615234,1.00100270576995,0.21011215385207654,0.12527032705589153,-0.16389092136293815,0.0021747409548391076,0.03770196472133956,-0.021459474573293218,0.0011274238503394254,-0.012992466407658415,0.0016468592847448734,-5.189634433428747e-05
50,7,953,25.189571380615234,1.0010026976488349,0.2101121524376769,0.12527032705589153,-0.16389092136293815,0.0021747409548391076,0.037701956818942554,-0.021459482577126862,0.0011274243731732604,-0.012992466407658415,0.001646859384034568,-5.189635082018089e-05
50,7,954,25.189571380615234,1.0010026894314064,0.21011215055123975,0.12527032705589153,-0.16389092136293815,0.0021747407993983323,0.03770194628241321,-0.021459490580960507,0.0011274251574240129,-0.012992466407658415,0.001646859384034568,-5.189635406312759e-05
50,7,955,25.189571380615234,1.0010026812135362,0.21011214866269826,0.12527032705589153,-0.16389092136293815,0.002174740643957557,0.03770193574588386,-0.02145949858479415,0.0011274255495493891,-0.012992466407658415,0.001646859384034568,-5.189635406312759e-05
50,7,956,25.189571380615234,1.0010026750483154,0.21011214724751984,0.12527032705589153,-0.16389092136293815,0.002174740643957557,0.03770192784348685,-0.021459504587669383,0.0011274260723832241,-0.012992466407658415,0.001646859384034568,-5.189635406312759e-05
50,7,957,25.189573287963867,1.0010026687837348,0.21011214535897924,0.12527032705589153,-0.16389092136293815,0.002174740643957557,0.03770191730695751,-0.021459510590544618,0.0011274264645086004,-0.012992466407658415,0.001646859384034568,-5.189635406312759e-05
50,7,958,25.189573287963867,1.0010026627175792,0.21011214441576115,0.12527032705589153,-0.16389092136293815,0.002174740643957557,0.03770191203869283,-0.02145951659341985,0.0011274268566339766,-0.012992466407658415,0.001646859384034568,-5.189635406312759e-05
50,7,959,25.189573287963867,1.0010026567506358,0.2101121439452042,0.12527032705589153,-0.16389092136293815,0.002174740643957557,0.037701909404560495,-0.021459522596295084,0.001127427248759353,-0.012992466407658415,0.001646859384034568,-5.189635406312759e-05
50,7,960,25.189573287963867,1.0010026528414355,0.21011214394590474,0.12527032705589153,-0.16389092136293815,0.002174740488516782,0.037701909404560495,-0.021459526598211907,0.0011274273794678116,-0.012992466407658415,0.001646859384034568,-5.189635082018089e-05
50,7,961,25.189573287963867,1.001002651185914,0.21011214536451164,0.12527032705589153,-0.16389092136293815,0.002174740333076006,0.03770191730695751,-0.021459528599170316,0.0011274276408847293,-0.012992466407658415,0.0016468592847448734,-5.189634757723418e-05
50,7,962,25.189573287963867,1.0010026494308695,0.210112146308978,0.12527032705589153,-0.16389092136293815,0.002174740177635231,0.03770192257522218,-0.02145953060012873,0.001127427771593188,-0.012992466407658415,0.0016468590861654843,-5.189634433428747e-05
50,7,963,25.189573287963867,1.0010026555962213,0.2101121477247783,0.12527032705589153,-0.16389092136293815,0.002174740177635231,0.03770193047761919,-0.021459524597253494,0.0011274275101762704,-0.012992466407658415,0.0016468589868757896,-5.189633460544734e-05
50,7,964,25.189573287963867,1.0010026596836594,0.21011214857322755,0.12527032705589153,-0.16389092136293815,0.002174740333076006,0.03770193574588386,-0.02145952059533667,0.0011274271180508942,-0.012992464887675973,0.001646858887586095,-5.1896328119553926e-05
50,7,965,25.189571380615234,1.0010026638904965,0.21011214999051034,0.12527032705589153,-0.16389092136293815,0.002174740488516782,0.037701943648280875,-0.02145951659341985,0.0011274269873424354,-0.012992464887675973,0.001646858887586095,-5.1896328119553926e-05
50,7,966,25.189571380615234,1.0010026600723523,0.2101121504645745,0.12527032705589153,-0.16389092136293815,0.0021747407993983323,0.03770194628241321,-0.02145952059533667,0.001127427248759353,-0.012992464887675973,0.001646858887586095,-5.1896328119553926e-05
50,7,967,25.189573287963867,1.0010026582128861,0.21011215093793734,0.12527032705589153,-0.16389092136293815,0.0021747409548391076,0.03770194891654555,-0.021459522596295084,0.0011274273794678116,-0.012992464887675973,0.001646858887586095,-5.1896328119553926e-05
50,7,968,25.189573287963867,1.001002656254208,0.2101121509386387,0.12527032705589153,-0.16389092136293815,0.002174741110279883,0.03770194891654555,-0.021459524597253494,0.0011274275101762704,-0.012992464887675973,0.001646858887586095,-5.1896328119553926e-05
50,7,969,25.189573287963867,1.0010026522431748,0.21011215046737994,0.12527032705589153,-0.16389092136293815,0.002174741110279883,0.03770194628241321,-0.021459528599170316,0.001127427771593188,-0.012992464887675973,0.001646858887586095,-5.1896328119553926e-05
50,7,970,25.189573287963867,1.0010026463754442,0.21011215046948561,0.12527032705589153,-0.16389092136293815,0.002174741110279883,0.03770194628241321,-0.021459534602045548,0.0011274281637185643,-0.012992464887675973,0.001646858887586095,-5.189633460544734e-05
50,7,971,25.189573287963867,1.0010026444224496,0.21011215047088994,0.12527032705589153,-0.16389092136293815,0.0021747409548391076,0.03770194628241321,-0.02145953660300396,0.0011274284251354817,-0.012992464887675973,0.001646858887586095,-5.189634109134076e-05
50,7,972,25.189573287963867,1.0010026444250864,0.21011215047026546,0.12527032705589153,-0.16389092136293815,0.0021747407993983323,0.03770194628241321,-0.02145953660300396,0.0011274281637185643,-0.012992464887675973,0.0016468589868757896,-5.189634109134076e-05
50,7,973,25.189573287963867,1.0010026444278384,0.21011215047018858,0.12527032705589153,-0.16389092136293815,0.002174740643957557,0.03770194628241321,-0.02145953660300396,0.0011274282944270229,-0.012992464887675973,0.001646858887586095,-5.189634109134076e-05
50,7,974,25.189573287963867,1.0010026482435408,0.21011214999768008,0.12527032705589153,-0.16389092136293815,0.002174740488516782,0.037701943648280875,-0.02145953260108714,0.0011274280330101055,-0.012992464887675973,0.0016468590861654843,-5.189633784839405e-05
50,7,975,25.189573287963867,1.0010026502219482,0.21011215009097056,0.12527032705589153,-0.16389092136293815,0.002174740333076006,0.037701943648280875,-0.02145953060012873,0.0011274279023016467,-0.012992466407658415,0.0016468590861654843,-5.189634757723418e-05
50,7,976,25.189573287963867,1.0010026501225886,0.21011214961760782,0.12527032705589153,-0.16389092136293815,0.002174740333076006,0.03770194101414854,-0.02145953060012873,0.001127427771593188,-0.012992466407658415,0.0016468590861654843,-5.189634757723418e-05
50,7,977,25.189573287963867,1.0010026539354913,0.21011214914494644,0.12527032705589153,-0.16389092136293815,0.002174740333076006,0.037701938380016196,-0.021459526598211907,0.001127427771593188,-0.012992466407658415,0.0016468590861654843,-5.189634757723418e-05
50,7,978,25.189573287963867,1.0010026597010948,0.21011214866947964,0.12527032705589153,-0.16389092136293815,0.002174740488516782,0.03770193574588386,-0.02145952059533667,0.001127427248759353,-0.012992466407658415,0.0016468590861654843,-5.189634757723418e-05
50,7,979,25.189571380615234,1.0010026694778782,0.21011214866597283,0.12527032705589153,-0.16389092136293815,0.002174740643957557,0.03770193574588386,-0.021459510590544618,0.0011274265952170592,-0.012992466407658415,0.0016468590861654843,-5.189634757723418e-05
50,7,980,25.189571380615234,1.0010026773982585,0.21011214913723145,0.12527032705589153,-0.16389092136293815,0.0021747407993983323,0.037701938380016196,-0.021459502586710973,0.0011274263338001418,-0.012992466407658415,0.0016468590861654843,-5.189634757723418e-05
50,7,981,25.189571380615234,1.0010026833622865,0.2101121496070874,0.12527032705589153,-0.16389092136293815,0.0021747409548391076,0.03770194101414854,-0.021459496583835738,0.0011274258109663067,-0.012992466407658415,0.0016468590861654843,-5.189634757723418e-05
50,7,982,25.189571380615234,1.0010026894256745,0.2101121505503062,0.12527032705589153,-0.16389092136293815,0.002174741110279883,0.03770194628241321,-0.021459490580960507,0.0011274254188409305,-0.012992466407658415,0.0016468590861654843,-5.189634757723418e-05
50,7,983,25.189571380615234,1.0010026954890623,0.21011215149352508,0.12527032705589153,-0.16389092136293815,0.002174741265720658,0.03770195155067788,-0.02145948457808527,0.001127425026715554,-0.012992466407658415,0.0016468590861654843,-5.189634757723418e-05
50,7,984,25.189571380615234,1.0010027035112758,0.21011215243674414,0.12527032705589153,-0.16389092136293815,0.002174741265720658,0.037701956818942554,-0.021459476574251627,0.0011274246345901778,-0.012992466407658415,0.0016468590861654843,-5.189634757723418e-05
50,7,985,25.189571380615234,1.0010027040303253,0.210112154896379,0.12527032705589153,-0.16389092136293815,0.002174741110279883,0.03770196998960424,-0.021459476574251627,0.0011274246345901778,-0.012992467927640859,0.001646859384034568,-5.18963573060743e-05
50,7,986,25.189571380615234,1.0010027064853932,0.21011215726054483,0.12527032705589153,-0.16389092136293815,0.0021747409548391076,0.03770198316026592,-0.021459474573293218,0.0011274245038817193,-0.012992467927640859,0.001646859582613957,-5.189636379196772e-05
50,7,987,25.189571380615234,1.0010027087449513,0.21011215868008798,0.12527032705589153,-0.16389092136293815,0.002174740643957557,0.037701991062662935,-0.02145947257233481,0.0011274245038817193,-0.012992467927640859,0.001646859781193346,-5.189636703491443e-05
50,7,988,25.189571380615234,1.0010027072111722,0.2101121606655055,0.12527032705589153,-0.16389092136293815,0.002174740333076006,0.03770200159919228,-0.021459474573293218,0.0011274245038817193,-0.012992469447623303,0.0016468598804830407,-5.189637352080784e-05
50,7,989,25.189571380615234,1.00100270557556,0.2101121621789627,0.12527032705589153,-0.16389092136293815,0.002174740177635231,0.037702009501589286,-0.021459476574251627,0.0011274246345901778,-0.012992470967605745,0.0016468599797727352,-5.189638000670126e-05
50,7,990,25.189571380615234,1.0010026981715925,0.210112164167964,0.12527032705589153,-0.16389092136293815,0.0021747400221944556,0.037702020038118636,-0.02145948457808527,0.0011274251574240129,-0.012992472487588188,0.0016468601783521243,-5.189638324964797e-05
50,7,991,25.189571380615234,1.0010026963938887,0.2101121650176652,0.12527032705589153,-0.16389092136293815,0.0021747400221944556,0.03770202530638331,-0.021459486579043684,0.0011274252881324717,-0.012992470967605745,0.0016468598804830407,-5.189638000670126e-05
50,7,992,25.189571380615234,1.0010026926774307,0.2101121659629885,0.12527032705589153,-0.16389092136293815,0.002174740177635231,0.03770203057464798,-0.021459490580960507,0.0011274252881324717,-0.012992470967605745,0.0016468598804830407,-5.189637352080784e-05
50,7,993,25.189571380615234,1.0010026889387704,0.2101121668157252,0.12527032705589153,-0.16389092136293815,0.002174740488516782,0.03770203584291265,-0.02145949458287733,0.0011274255495493891,-0.012992469447623303,0.0016468598804830407,-5.189636703491443e-05
50,7,994,25.189571380615234,1.0010026873570186,0.21011216861215476,0.12527032705589153,-0.16389092136293815,0.002174740643957557,0.037702046379442,-0.021459496583835738,0.0011274259416747653,-0.012992467927640859,0.001646859582613957,-5.189636379196772e-05
50,7,995,25.189571380615234,1.0010026796295275,0.21011216908622016,0.12527032705589153,-0.16389092136293815,0.0021747407993983323,0.03770204901357434,-0.021459504587669383,0.001127426203091683,-0.012992467927640859,0.001646859582613957,-5.189636379196772e-05
50,7,996,25.189571380615234,1.0010026740589442,0.2101121705039762,0.12527032705589153,-0.16389092136293815,0.0021747407993983323,0.037702056915971345,-0.021459510590544618,0.0011274265952170592,-0.012992467927640859,0.0016468592847448734,-5.18963573060743e-05
50,7,997,25.189571380615234,1.001002668485936,0.2101121719233667,0.12527032705589153,-0.16389092136293815,0.0021747409548391076,0.03770206481836836,-0.02145951659341985,0.0011274268566339766,-0.012992467927640859,0.0016468592847448734,-5.189635406312759e-05
50,7,998,25.189571380615234,1.0010026664278977,0.2101121714507022,0.12527032705589153,-0.16389092136293815,0.002174741110279883,0.037702062184236024,-0.021459518594378262,0.0011274268566339766,-0.012992467927640859,0.0016468592847448734,-5.189634757723418e-05
50,7,999,25.189571380615234,1.001002660659085,0.21011217192406645,0.12527032705589153,-0.16389092136293815,0.002174741110279883,0.03770206481836836,-0.021459524597253494,0.0011274269873424354,-0.012992467927640859,0.0016468592847448734,-5.189634757723418e-05
50,7,1000,25.189571380615234,1.0010026603409332,0.21011217040834865,0.12527032705589153,-0.16389092136293815,0.002174741110279883,0.037702056915971345,-0.021459524597253494,0.001127426725925518,-0.012992466407658415,0.0016468589868757896,-5.189633784839405e-05
