checkpoint_epoch,seed,epoch,pde_loss,coefficient_error,spurious_l2,xi_u,xi_u_x,xi_u_xx,xi_u^2,xi_u*u_x,xi_u*u_xx,xi_u_x^2,xi_u_x*u_xx,xi_u_xx^2
0,3,0,77.83741760253906,1.0745371005974451,0.32955030960379944,0.2722038218153804,0.03530430784037621,0.0009470693252737217,0.18236180354810572,0.02257692123043156,0.0024880019173041256,0.0001822708258882185,0.00020241889862754485,7.351854421924825e-06
0,3,1,77.77953338623047,1.0745948104797447,0.33196660562628727,0.2808732577427025,0.03404971292350916,0.00103393391190687,0.17362825771538934,0.021857361766357896,0.002413882440721443,0.00012777364247676772,0.00020567844782991027,7.100709252030513e-06
0,3,2,77.72288513183594,1.070938354508337,0.3221108257453523,0.2744435955747923,0.03279526756615346,0.001120243466904872,0.16539356677731717,0.021174387598868,0.0023423006258853915,7.232418040055965e-05,0.00020917559400507264,6.843675802960064e-06
0,3,3,77.66761016845703,1.0686463060341542,0.3164075653254678,0.2723791057609008,0.031541076459967045,0.0012026397770545615,0.15787118317634444,0.02055761192296352,0.0022747525820875506,1.594730153340307e-05,0.0002129820660730542,6.583556544800649e-06
0,3,4,77.61331176757812,1.0678662464812008,0.3153983489594595,0.27501965774691983,0.030287238688126182,0.00127777110106016,0.1513870554694914,0.020054743625336685,0.0022136011069878083,-4.152325790579817e-05,0.0002172417928131522,6.325134509749193e-06
0,3,5,77.55966186523438,1.0679937355567275,0.31690864377031563,0.2796154151880502,0.029033858942288812,0.0013431849705468734,0.14628264930556925,0.01972126286796097,0.002161053663267844,-0.00010056054050953939,0.00022210443547212335,6.072903207014678e-06
0,3,6,77.50629425048828,1.0687734650499416,0.31994480786125606,0.2850018239040063,0.02778104378360677,0.0013972575814421941,0.14269650934673425,0.01959108347022709,0.002117133820541403,-0.00016187972094616282,0.0002275537385260958,5.82704815618161e-06
0,3,7,77.45289611816406,1.069932194689973,0.32357685165061795,0.2902746843881156,0.026528899773231886,0.0014394227704130694,0.1404790889206217,0.01966093741149111,0.002079406052054752,-0.00022619142222609937,0.00023336041951598123,5.584403156341072e-06
0,3,8,77.39924621582031,1.0711196017634985,0.3267219052562461,0.29443250330282195,0.025277533472315997,0.0014700436120249343,0.1393320677361726,0.019905210607331032,0.002044956480131374,-0.0002940536072454848,0.0002392319602085084,5.34447573732328e-06
0,3,9,77.34520721435547,1.0720545583087662,0.3285652048754088,0.2967551770913109,0.024027053311504825,0.0014899328496633028,0.13896012808759878,0.02029567261155933,0.002012048360946972,-0.00036588612796643996,0.0002449447943727637,5.113767517294365e-06
0,3,10,77.29071807861328,1.0726755876757557,0.32899472468231694,0.29725071666661673,0.022777567721444094,0.0014999490478887923,0.13912779110467532,0.02081003895999341,0.001980496729151769,-0.0004420274342371352,0.00025036251201821386,4.906208768328562e-06
0,3,11,77.23572540283203,1.0730677314555597,0.3283396701568442,0.29636868929989063,0.021529181393791747,0.0015009481824950644,0.13965989851082525,0.02143291623793348,0.0019512951000832783,-0.0005227760737710076,0.000255397664597356,4.740394174599055e-06
0,3,12,77.18017578125,1.073354722115702,0.327029559167537,0.2946404769418531,0.020281999020205728,0.0014938927570359787,0.1404272607136724,0.022154367458004896,0.0019259032184861568,-0.0006084135017432508,0.00025997946506867424,4.633706640083868e-06
0,3,13,77.1240234375,1.0736595228960792,0.3254805025156527,0.2925677177983778,0.01903612716183787,0.0014799303719026748,0.14133338044852709,0.02296833802838966,0.0019054679144235218,-0.0006992165117277192,0.00026404722722566564,4.5955865818218846e-06
0,3,14,77.06721496582031,1.0740890589538648,0.32405377949795416,0.2905846291975763,0.017791668640852215,0.0014604290609925093,0.14230461595052168,0.02387144645550481,0.001890428031656069,-0.0007954629820734219,0.00026755611440358465,4.625074638688983e-06
0,3,15,77.00971221923828,1.0747162323551327,0.32299832228836506,0.2889972280173569,0.016548726279412822,0.001436992953749131,0.1432837836553957,0.024862175444051383,0.0018806465297153047,-0.0008974337815906039,0.0002704779514436723,4.713906756466217e-06
0,3,16,76.95153045654297,1.0755642837365593,0.3223965202115697,0.2879228870544989,0.015307402899683735,0.0014114638284226564,0.1442255422848258,0.025940289942941397,0.0018757476416163675,-0.0010054123004587885,0.0002727951674400051,4.851156112716407e-06
0,3,17,76.89265441894531,1.0766086675761484,0.3221676462591434,0.2872928933484924,0.014067802258575951,0.001385887716975949,0.14509319979865648,0.027106491863354825,0.0018753607632421686,-0.0011196825152224468,0.0002744944786577907,5.026239377323991e-06
0,3,18,76.83312225341797,1.077793642647153,0.3221228740307168,0.28691338280390843,0.01283002717825352,0.0013624055296807722,0.14585643904859455,0.028362110459720244,0.0018792192212486124,-0.0012405262328757417,0.00027556292614792834,5.230066933918969e-06
0,3,19,76.77298736572266,1.079054321799786,0.32203987217271,0.2865493514106391,0.011594179546133546,0.001343046083199739,0.1464896372267513,0.029708924015096387,0.001887177445211755,-0.0013682192794903629,0.0002759864466899655,5.4551870791903115e-06
0,3,20,76.71228790283203,1.0803390383022815,0.32173852144156884,0.2860105012216384,0.010360362184380077,0.0013294471609469139,0.14697071188697516,0.031148957210923863,0.0018991977237496026,-0.0015030271611149095,0.00027575010014208175,5.695574361905457e-06
0,3,21,76.6511001586914,1.0816264057207523,0.32113847078669766,0.2852168523148386,0.009128677915157162,0.0013226169582129107,0.147280280669123,0.03268432712803648,0.0019153296652872776,-0.001645199317398397,0.0002748390437981643,5.946359736241936e-06
0,3,22,76.5895767211914,1.08293152473819,0.32028120450682196,0.2842242743482399,0.0078992304953758,0.0013228363562123448,0.1474013924108268,0.03431706979516876,0.0019356940360361634,-0.001794963492486753,0.0002732410332376344,6.203610749188761e-06
0,3,23,76.5278549194336,1.0842991260809958,0.31930952345394115,0.28320187511182976,0.0066721218124530905,0.0013297464224069089,0.1473194599254355,0.03604895863225348,0.001960471087423287,-0.001952515532272716,0.0002709497189002183,6.464193244128885e-06
0,3,24,76.46613311767578,1.0857886973819928,0.31842029148840123,0.28237858582680325,0.005447456558046977,0.0013425407558901282,0.14702252889024806,0.037881261294123725,0.0019898967400586187,-0.0021180111752865604,0.0002679704597498299,6.725732008200057e-06
0,3,25,76.40465545654297,1.087454193166264,0.31779729422200353,0.28196633390539866,0.004225339423815402,0.001360178025154365,0.1465019948818021,0.03981443491461959,0.0020242614613725117,-0.002291551510845376,0.00026432854035257164,6.98668835321199e-06
0,3,26,76.34373474121094,1.089324461426994,0.3175443730325,0.2820829056108745,0.0030058751014163045,0.0013815626640242742,0.14575384698395238,0.041847737056511444,0.002063919244516176,-0.002473166560834517,0.000260082649482942,7.246597918022856e-06
0,3,27,76.28369903564453,1.0913939747570995,0.317653204900803,0.28271432060790325,0.001789169567784678,0.0014056582596494321,0.14478040435771025,0.04397868752556059,0.0021093015256574165,-0.0026627960469372963,0.000255345211708139,7.506530532236646e-06
0,3,28,76.22492218017578,1.0936237037309675,0.3180072894663183,0.2837189407857083,0.0005753295009157229,0.001431537515706567,0.14359301632725205,0.046202361596213326,0.0021609335704739965,-0.0028602624178473623,0.000250311390750333,7.769818802207775e-06
0,3,29,76.16778564453125,1.0959501344660467,0.3184159459825734,0.2848659226406285,-0.0006355379538218857,0.0014583703440715662,0.14221580440783102,0.04851046277558492,0.002219440534911459,-0.00306523942010747,0.00024529276976290065,8.043000887838714e-06
0,3,30,76.11263275146484,1.0983000350152572,0.3186693452434395,0.2858966687315872,-0.0018433265858064196,0.0014853715717269868,0.1406905359050043,0.050890110264053996,0.0022854940407253045,-0.00327721715075856,0.00024073878718608056,8.336499054514842e-06
0,3,31,76.05975341796875,1.1006073678137505,0.31860065507742985,0.2865924294494394,-0.0030479303012595185,0.0015117307851775738,0.13908279714031987,0.05332254536375767,0.0023596330464165194,-0.0034954612463393565,0.00023720463168134368,8.663896708905419e-06
0,3,32,76.00936126708984,1.1028291481510801,0.3181451973310749,0.28683696903022365,-0.004249246044330396,0.0015365588724126414,0.13748823389906223,0.055781636877880396,0.0024419385865618874,-0.003718971602794005,0.00023523225689322242,9.038638399081607e-06
0,3,33,75.96150970458984,1.1049524800982666,0.31736919376154993,0.28664545652539514,-0.005447173797095841,0.0015588831042488583,0.13603630466184077,0.05823282094919504,0.0025317311828679935,-0.003946447193575172,0.00023519328261021287,9.469156833430085e-06
0,3,34,75.91616821289062,1.1069893314075032,0.31645562123528853,0.28614877991727156,-0.006641618215367372,0.0015777187137365526,0.13488707635314418,0.06063275415707788,0.0026275427851072423,-0.004176260504132302,0.00023721645388052323,9.955887139703607e-06
0,3,35,75.87318420410156,1.108962814308928,0.31565573880366565,0.2855452997492429,-0.007832490498185126,0.0015921983345074599,0.1342168612282169,0.06293044500481489,0.0027273499980576842,-0.004406442990060894,0.00024124163663332668,1.049193080026131e-05
0,3,36,75.8322982788086,1.1108911247560567,0.3152229733797431,0.28503911341209803,-0.009019708855191336,0.0016017273267920232,0.13419138406812123,0.06507045385648223,0.0028288533253077765,-0.004634702198958997,0.000247118601246906,1.1065652926251812e-05
0,3,37,75.79314422607422,1.1127750924094968,0.3153499589336672,0.28478428885264395,-0.010203202245618116,0.001606105967219666,0.13493386290572099,0.06699787926209547,0.0029296818881872034,-0.004858466568709257,0.0002546724181476867,1.166313617575374e-05
0,3,38,75.75534057617188,1.1145916330559233,0.3161217377648126,0.2848435696090974,-0.011382908041420088,0.0016055742344871144,0.13650103315822137,0.06866421316126323,0.0030275795134792117,-0.005074973147675192,0.00026372398426595514,1.2269923513508971e-05
0,3,39,75.71853637695312,1.1162980095458819,0.3175116660818436,0.2851861782704139,-0.01255877670100912,0.0016007707774021603,0.1388779043066215,0.07003226885082492,0.0031206038405386352,-0.005281400347725485,0.00027408229313639556,1.287217855159664e-05
0,3,40,75.68244934082031,1.1178420109590164,0.3194080147836085,0.2857119008987004,-0.01373076989976043,0.0015926196563293819,0.14199053208679138,0.07107910534459358,0.0032073063482464105,-0.005475018522752716,0.0002855268639921659,1.3457365787909672e-05
0,3,41,75.64693450927734,1.1191762224956059,0.3216644917559593,0.28629840309942745,-0.01489886426900037,0.0015821877021309238,0.14572728306724753,0.07179669524265417,0.0032868183279816214,-0.005653353212674976,0.00029779018709825934,1.4014478851461772e-05
0,3,42,75.61189270019531,1.1202704177936051,0.3241494058740996,0.2868480809418518,-0.01606305046125948,0.0015705368270117163,0.1499593597842871,0.07219090023282831,0.003358810927514385,-0.005814323056471706,0.0003105427348918302,1.4533835868663914e-05
0,3,43,75.57733154296875,1.1211198463938772,0.32678132567481033,0.2873232056097478,-0.017223333150272493,0.0015586050706778941,0.15455570163157795,0.07227962310281028,0.0034233541822684043,-0.005956346276058321,0.00032338255260077323,1.5006583620071204e-05
0,3,44,75.54329681396484,1.1217463499226683,0.32953937741333245,0.28775576907194245,-0.01837973103097832,0.0015471325616018842,0.1593920598380289,0.07209055773389016,0.003480723744488248,-0.006078397905505155,0.00033583152320826884,1.5424192702240795e-05
0,3,45,75.50978088378906,1.1221922990201731,0.33244836886332246,0.28823048027335924,-0.019532272145785345,0.0015366510325162384,0.1643557590302528,0.07165887425299791,0.003531225570207589,-0.00618001354377314,0.0003473460853806105,1.5778241650397192e-05
0,3,46,75.47676849365234,1.1225084364179014,0.335543445109204,0.288844064528473,-0.02068099762355919,0.001527519157082568,0.16934784833843206,0.07102500144726628,0.003575080764850613,-0.006261260271012363,0.00035735451886461723,1.60609386419911e-05
0,3,47,75.4442138671875,1.1227414422073754,0.33883564161652524,0.2896642786565606,-0.02182595607114103,0.0015199861041202897,0.1742832918588172,0.07023233136857858,0.0036124222161443447,-0.00632267332114765,0.00036532683836849753,1.6266507833958208e-05
0,3,48,75.4119873046875,1.122923926387994,0.3422869630062643,0.29069848752928246,-0.022967203573347635,0.0015142493965480677,0.1790902964331438,0.06932504713730729,0.003643380342618177,-0.006365190409004356,0.0003708608292915928,1.6392982718702737e-05
0,3,49,75.3799819946289,1.1230699224731384,0.34580512896350124,0.2918851104828947,-0.02410480182347742,0.0015104801518616257,0.18370846304202937,0.06834591832521308,0.0036681948809147826,-0.006390071984675389,0.0003737480441769403,1.644335859424364e-05
0,3,50,75.34813690185547,1.1231777513450196,0.34926138683681995,0.29311297671780595,-0.025238812514828825,0.0015088093616688857,0.18808673653219507,0.06733444648341266,0.003687271677335612,-0.006398827116991745,0.0003739888078102318,1.6425337334240747e-05
0,3,51,75.31640625,1.1232383089165567,0.3525231163949956,0.2942600619393459,-0.026369302949181953,0.0015092789639945179,0.19218094080766138,0.06632539323625548,0.003701153955359378,-0.006393151104292007,0.0003717574326722275,1.634980275431847e-05
0,3,52,75.28480529785156,1.123244642930916,0.35548663708472283,0.29523372381452184,-0.027496342297810797,0.0015117974459266644,0.19595205346358519,0.06534781414029997,0.0037104504844382583,-0.006374850888800918,0.00036734456947847113,1.622890357635921e-05
0,3,53,75.25336456298828,1.123198581117218,0.35809727613849424,0.2959965694686222,-0.028619995993001572,0.0015161108494270417,0.19936493977082836,0.06442460479255746,0.0037157675648267995,-0.006345792049238053,0.0003611044619829503,1.6074519799938127e-05
0,3,54,75.22211456298828,1.1231136900242273,0.36035558763949405,0.29657529333120947,-0.029740331336534385,0.0015218179156176292,0.20238829665757585,0.06357264348218701,0.0037176699693648534,-0.006307834066127525,0.0003534164923521939,1.5897371083956366e-05
0,3,55,75.19112396240234,1.123009836003329,0.3622973387565015,0.2970371095468066,-0.030857411891201558,0.001528425225516809,0.20499507844903833,0.06280314781973224,0.0037166706177420316,-0.006262785758061912,0.00034466293334538717,1.5706724412750325e-05
0,3,56,75.16044616699219,1.122905220469459,0.36396583669505383,0.2974553567321594,-0.03197129935030152,0.0015354291345134907,0.20716366204979594,0.06212243338477094,0.003713237759618083,-0.006212361187058142,0.0003352158919295638,1.551043569745304e-05
0,3,57,75.13009643554688,1.1228087213150009,0.36538644021265804,0.2978769633326556,-0.03308204792915713,0.0015423904582937632,0.20887883286732015,0.06153261401605293,0.0037078100142811927,-0.006158140723924926,0.0003254304238229409,1.53151802700234e-05
0,3,58,75.10010528564453,1.1227148192443908,0.3665490710250435,0.2982992159745255,-0.03418971558207904,0.0015489831416596472,0.21013290517961197,0.06103247069000469,0.0037007997377356554,-0.006101553222768333,0.0003156394343595583,1.5126695745247705e-05
0,3,59,75.07047271728516,1.1226049794030055,0.3674108520887652,0.2986720335304776,-0.03529435091590843,0.001555005907980394,0.21092605824549351,0.060618210168378796,0.003692595491899509,-0.00604385256639385,0.0003061486443110567,1.4949970913407513e-05
0,3,60,75.04116821289062,1.122454161012129,0.3679139306672856,0.298919544901581,-0.036395995059510924,0.001560347569715287,0.21126667241489958,0.06028423661423932,0.0036835496986163817,-0.00598611907358226,0.00029723152322988657,1.478931432630786e-05
0,3,61,75.01219940185547,1.122240932943051,0.3680140041021012,0.2989758797093703,-0.03749468914175214,0.0015649370652114124,0.21117088098182207,0.06002384539793183,0.0036739622531621243,-0.005929255746353977,0.00028912259886405785,1.4648328436971533e-05
0,3,62,74.98348236083984,1.1219544976355929,0.36769987279881594,0.29880995044294145,-0.03859046681352214,0.0015686991907887281,0.21066223407401882,0.05982969644134339,0.003664063464333911,-0.005873999997268008,0.0002820114486218427,1.452977467630489e-05
0,3,63,74.95501708984375,1.121599454034779,0.36700623797388604,0.29844212032639456,-0.039683361725710964,0.0015715280658787757,0.20977082476625547,0.05969436537217775,0.003653999463736965,-0.005820935376720922,0.00027603756795784636,1.4435439654124789e-05
0,3,64,74.9267578125,1.1211926040627205,0.3660034206003693,0.29793218694928203,-0.04077339257325754,0.0015733042188865833,0.20853248241560585,0.05961068718485647,0.0036438299610594424,-0.005770511743901069,0.0002712885678124172,1.4366012603796702e-05
0,3,65,74.89866638183594,1.1207565405976263,0.3647778050041243,0.297355866360605,-0.04186058179008856,0.001573931218243078,0.206987921182047,0.05957201560723662,0.0036335367740278823,-0.005723061215915178,0.00026780072674732335,1.4321047153956692e-05
0,3,66,74.8707504272461,1.12031190131538,0.36340812664955974,0.29677654813995386,-0.04294494433215516,0.001573380716950103,0.20518146280935143,0.059572437078153004,0.003623036847812895,-0.005678815055098866,0.0002655633755525909,1.4299015297845095e-05
0,3,67,74.84300994873047,1.1198709361152033,0.3619460092248118,0.2962224255328782,-0.044026495155408484,0.0015717261065508314,0.20315991625744864,0.05960671887407455,0.003612207844895514,-0.005637919149051276,0.0002645250844139319,1.4297446814085174e-05
0,3,68,74.81544494628906,1.1194368604318363,0.36041341747064065,0.29568481574331507,-0.04510524173782409,0.0015691399283628124,0.20097123326125935,0.059670399887455594,0.00360091149020843,-0.005600448083393833,0.00026460114922293885,1.4313132776045514e-05
0,3,69,74.78805541992188,1.1190064301070508,0.3588104870648567,0.2951292201619073,-0.046181184079401985,0.0015658655264798138,0.19866320870423476,0.059759693364216646,0.003589014671552108,-0.005566413585425503,0.0002656811753229873,1.434233805609138e-05
0,3,70,74.7608642578125,1.1185761713154387,0.35713505092798553,0.294520468296269,-0.047254329658117725,0.0015621635897342012,0.19628209136248537,0.05987133776788173,0.0035764033568905203,-0.0055357743750539265,0.0002676361253587463,1.4381023949086107e-05
0,3,71,74.73390197753906,1.118148859946624,0.35540316215258483,0.29384827516773043,-0.04832467099599575,0.0015582642595082718,0.1938716427959644,0.060002531937898895,0.0035629956137568364,-0.005508440855714999,0.0002703243278114763,1.442505730355911e-05
0,3,72,74.7071533203125,1.1177345002597117,0.35365318892732256,0.29313246132563764,-0.049392208093036065,0.0015543416303797476,0.19147219623965184,0.06015074056460192,0.0035487458742311474,-0.005484281212568338,0.0002735971607486342,1.447037580279024e-05
0,3,73,74.6806640625,1.1173494085730284,0.35194359949290804,0.29242018779027285,-0.0504569334712631,0.001550514008998471,0.189120118827088,0.06031364231586675,0.003533645608358003,-0.005463127041600786,0.0002773035176271349,1.4513154370255304e-05
0,3,74,74.65441131591797,1.1170110276602079,0.35033753852735794,0.29176724669467147,-0.05151883591371349,0.0015468673424273473,0.18684746427640564,0.06048890937540137,0.0035177246709814807,-0.005444774756902287,0.0002812942893358978,1.454992997371017e-05
0,3,75,74.62841796875,1.116732408974717,0.3488850432719313,0.2912166385526689,-0.052577904203423904,0.0015434843417705874,0.18468187205724237,0.0606742463477535,0.0035010470367674625,-0.0054289926270452635,0.0002854262453848629,1.4577716310024836e-05
0,3,76,74.60267639160156,1.1165185137379388,0.34761128093626126,0.29078466944853804,-0.053634123384443205,0.001540466227816131,0.1826464105392715,0.06086720870160814,0.003483708779951026,-0.005415522651452456,0.00028956573646187644,1.4594088132267295e-05
0,3,77,74.57717895507812,1.1163647989715144,0.3465114023167694,0.29045490408973135,-0.05468748223980803,0.0015379329899123414,0.18075972263999487,0.06106520276978755,0.0034658333604136973,-0.0054040885349602155,0.0002935920397253164,1.4597265576787395e-05
0,3,78,74.55192565917969,1.1162609093663147,0.3455620582834387,0.290192094458898,-0.055737958335591684,0.0015360018992022788,0.17903600341739018,0.06126545332841159,0.003447568705540795,-0.005394398033278299,0.0002973998596539187,1.4586138899161452e-05
0,3,79,74.52689361572266,1.1161960828837822,0.34473860737241685,0.28996251719632926,-0.05678553671584303,0.0015347530780231993,0.17748517932873306,0.06146503601773736,0.003429081822881146,-0.005386150458461209,0.00030090176393946514,1.4560295458859076e-05
0,3,80,74.50209045410156,1.1161630126616418,0.34402777229971737,0.28974872918493455,-0.05783019494663537,0.0015342060715656134,0.17611300906368457,0.06166085788965544,0.003410554086224338,-0.005379044184379529,0.0003040293527152741,1.4520001729465287e-05
0,3,81,74.47750854492188,1.116159375404002,0.3434325198018858,0.2895549167728156,-0.05887191433302979,0.0015343103988738989,0.17492134122884792,0.06184974170187311,0.003392174276952849,-0.005372780868547554,0.0003067340380418602,1.4466136961374537e-05
0,3,82,74.453125,1.1161870521683677,0.342969397343298,0.2894033296248836,-0.05991067618008736,0.0015349617326397703,0.17390843925438368,0.0620285166962656,0.003374136114844418,-0.005367073426686586,0.0003089866541641047,1.440012796884585e-05
0,3,83,74.42894744873047,1.1162482911763354,0.342655929698778,0.28931900830478435,-0.06094645805388139,0.001536033741035825,0.173069395930036,0.06219407047221964,0.0033566290546990594,-0.005361649785460605,0.00031077671050416415,1.4323837818252124e-05
0,3,84,74.40497589111328,1.1163418735156019,0.3424976563525355,0.28931422759861875,-0.06197924125947295,0.0015374085057272638,0.1723965031264531,0.06234347866999237,0.003339834919251383,-0.005356264140683275,0.0003121106702973044,1.4239447770162713e-05
0,3,85,74.3812026977539,1.1164610242258808,0.3424809971888256,0.2893798654021897,-0.06300900336293534,0.0015389978791992699,0.17187965512753728,0.0624740827807266,0.003323920940522729,-0.005350696957317946,0.0003130098394849039,1.414934259450937e-05
0,3,86,74.35762786865234,1.1165938404241855,0.342574382773054,0.2894865655954749,-0.06403572940831745,0.0015407456852089205,0.17150669594441256,0.06258357444063417,0.0033090363927334864,-0.005344761067673113,0.00031350783338605844,1.4055985766502125e-05
0,3,87,74.3342514038086,1.1167278186498426,0.34274266888618876,0.2896015868016538,-0.06505939696169255,0.0015426090796631107,0.17126376662939277,0.06267013159852274,0.0032953072049628123,-0.005338303547770254,0.00031364758866921685,1.396182277157311e-05
0,3,88,74.31106567382812,1.1168530995905706,0.3429576938484764,0.28970112885651816,-0.0660799910671095,0.0015445395231814347,0.17113554055318556,0.06273245093663547,0.0032828339408960214,-0.00533120900098754,0.0003134785701952321,1.3869187783403765e-05
0,3,89,74.2880859375,1.116963700280717,0.34320218740111264,0.28977470004815853,-0.06709748929064163,0.0015464680251245425,0.17110567155194759,0.06276979325982673,0.0032716902275170055,-0.005323400496243752,0.0003130541077746889,1.3780233953535483e-05
0,3,90,74.26529693603516,1.1170594108704692,0.34347575482603376,0.2898320426804908,-0.06811188415431335,0.0015483123921416135,0.1711571412412526,0.06278204185307353,0.0032619218572181854,-0.005314837222538486,0.0003124284406181089,1.369685807917471e-05
0,3,91,74.24271392822266,1.1171421802522834,0.34378310196417206,0.2898890235296538,-0.06912316070217353,0.001549987194923134,0.1712726847557939,0.06276969599730757,0.0032535458899104626,-0.005305513081676281,0.0003116548985360769,1.362067249416498e-05
0,3,92,74.2203140258789,1.1172145318631432,0.34412891105087845,0.2899613026385467,-0.07013130397827104,0.0015514270671034903,0.17143532852585072,0.06273385800107938,0.0032465531222208507,-0.005295455750082695,0.000310783368610845,1.3552963467625537e-05
0,3,93,74.19811248779297,1.1172759429882475,0.3445061551823829,0.2900503271398467,-0.0711363065046303,0.0015526002962874845,0.1716286591655215,0.06267621374805449,0.0032409069651299157,-0.005284719642424935,0.0003098592883606885,1.3494676587256813e-05
0,3,94,74.17610931396484,1.1173225794981658,0.3448956417436625,0.29014245263974053,-0.07213816080327576,0.0015535115422556354,0.17183732763816104,0.06259892246615835,0.0032365488313120605,-0.005273385442519888,0.0003089221517257239,1.3446414510618171e-05
0,3,95,74.154296875,1.1173498385594989,0.3452743957193329,0.29021876304680555,-0.07313685191825628,0.0015541891520060996,0.1720472173115264,0.06250459079090456,0.003233397461717991,-0.005261550721494955,0.0003080046321465407,1.3408442586933515e-05
0,3,96,74.13267517089844,1.11735350793314,0.34561980955235705,0.2902598512781748,-0.07413237984957184,0.0015546666500709447,0.17224566803130434,0.06239614956620398,0.0032313509458273197,-0.005249328999604131,0.0003071324526499253,1.338070572250805e-05
0,3,97,74.11125183105469,1.1173336626285326,0.3459224956559043,0.2902610399943024,-0.07512472964127134,0.0015549656526542442,0.1724216441762573,0.062276763066013395,0.003230291435571318,-0.005236838957112956,0.0003063242234560148,1.3362850867950655e-05
0,3,98,74.09000396728516,1.1172932754290101,0.34618220637316516,0.2902275492094883,-0.07611390129335475,0.0015550912078515604,0.1725657682692525,0.06214967337430498,0.0032300858187504495,-0.005224205372482432,0.00030559170180685023,1.3354260749007424e-05
0,3,99,74.06896209716797,1.1172374674928462,0.3464055146464075,0.29017160202652326,-0.07709987984987096,0.0015550372320605492,0.1726706122728477,0.06201815499589059,0.0032305922287372167,-0.005211549271437893,0.0003049409287162983,1.335409321920081e-05
0,3,100,74.04810333251953,1.1171726657632768,0.3466034943066852,0.2901097887878848,-0.07808266531081996,0.001554800359884169,0.1727304959231166,0.061885378688895015,0.0032316580242235508,-0.005198984174233333,0.000304372488798604,1.3361305995774215e-05
0,3,101,74.02743530273438,1.1171029160802364,0.34678025265839285,0.2900492934736487,-0.07906225767620174,0.0015543943117872815,0.17274160997008886,0.06175427529722907,0.003233128319176265,-0.00518661187382378,0.00030388319915398824,1.337471062902568e-05
0,3,102,74.00695037841797,1.1170295935111707,0.34693196238836216,0.28998678251032656,-0.08003864199006518,0.0015538544244388217,0.1727018705299572,0.06162755520309348,0.003234846431782078,-0.005174523843141173,0.0003034665965471853,1.3393016352391484e-05
0,3,103,73.98666381835938,1.1169520656247904,0.3470495305965639,0.2899116091360794,-0.08101181825241027,0.0015532307904793684,0.17261082945566625,0.061507539738612296,0.0032366588228428745,-0.005162791384163227,0.0003031143664644865,1.3414872808168637e-05
0,3,104,73.96654510498047,1.1168691998703595,0.3471234720454242,0.28981183450632053,-0.08198177898526145,0.0015525731142344572,0.17246934943029754,0.06139615470166499,0.0032384171160283115,-0.00515146797337323,0.00030281702516369284,1.3438912773237383e-05
0,3,105,73.9466323852539,1.116782131666229,0.3471529815281125,0.28968521039706946,-0.08294851671064314,0.0015519189328249354,0.1722794247082473,0.06129487199837491,0.0032399805670734498,-0.005140589261760038,0.0003025647965954827,1.346379825786703e-05
0,3,106,73.92688751220703,1.1166938304991345,0.34714436514419134,0.28953739613076,-0.08391203142855536,0.0015512884386330516,0.17204406907846267,0.06120476151645288,0.0032412214511190383,-0.005130171198450246,0.0003023486192390564,1.3488259858355108e-05
0,3,107,73.90733337402344,1.1166083217595277,0.34710883507888823,0.2893795553023303,-0.08487231566102253,0.0015506888802062795,0.17176695734679734,0.06112639386267798,0.0032420243892939786,-0.005120210499800144,0.000302160146102136,1.3511132736583137e-05
0,3,108,73.88795471191406,1.1165298017443244,0.34705937398167674,0.28922463458090986,-0.08582935445209351,0.001550125176201834,0.17145238052130615,0.061059937625416776,0.00324229061369305,-0.005110686525763551,0.0003019929139494559,1.353138248032235e-05
0,3,109,73.8687515258789,1.11646111488345,0.34700588360262247,0.28908170438738584,-0.08678314780176832,0.0015496045751671888,0.17110496572033546,0.06100514640628738,0.0032419381918494224,-0.005101563625351609,0.0003018419535599322,1.354813208790053e-05
0,3,110,73.84972381591797,1.116401886190379,0.3469489011274666,0.2889484389728128,-0.08773369571004694,0.0015491473989229403,0.17072963135781746,0.06096144959851069,0.003240906067239868,-0.005092793013000617,0.00030170434186233935,1.3560682206702144e-05
0,3,111,73.83088684082031,1.1163509386411963,0.34688747347282717,0.288820651989089,-0.08868098322097824,0.0015487781113168134,0.1703314414954775,0.060927919966070686,0.0032391504677245736,-0.005084315114031827,0.00030157910449960196,1.3568514506251693e-05
0,3,112,73.81221771240234,1.1163061786997013,0.3468182322675256,0.28869134034772326,-0.08962500285658667,0.0015485200112514024,0.16991533695460057,0.06090345520041681,0.0032366489460523523,-0.0050760623792031915,0.00030146659873598106,1.357129505129706e-05
0,3,113,73.79373168945312,1.1162663618355264,0.3467412531675524,0.2885577906749458,-0.0905657546168722,0.0015483829360411366,0.16948602327926768,0.06088671956295256,0.00323339611488292,-0.005067961630169161,0.000301368578414212,1.3568868680003932e-05
0,3,114,73.77539825439453,1.1162315957080946,0.34666114306960494,0.2884229230777659,-0.0915032310238593,0.0015483600254535851,0.16904792592165027,0.06087631895756989,0.0032294067894020587,-0.005059939219492225,0.0003012878366912439,1.3561260128316912e-05
0,3,115,73.75725555419922,1.1162029256519865,0.346585730191231,0.28829379232798474,-0.09243742459957235,0.001548432252051629,0.16860506700156994,0.06087079444648134,0.003224710824453847,-0.005051921499734877,0.0003012271992025949,1.3548642547848204e-05
0,3,116,73.73927307128906,1.1161815611666428,0.3465233973214654,0.2881783576553267,-0.09336832786603584,0.0015485745047958046,0.16816111012120405,0.06086868060773149,0.003219355359265777,-0.0050438395143791925,0.0003011901736337358,1.3531326262266439e-05
0,3,117,73.72146606445312,1.1161677872007703,0.3464791768758111,0.28808088293285833,-0.09429593334527417,0.0015487673679339502,0.16771919230993992,0.060868635218555886,0.003213398756690933,-0.005035628997826835,0.00030117955314161573,1.3509732906990948e-05
0,3,118,73.70381927490234,1.1161593587378291,0.3464497330292161,0.28799581220476556,-0.09522024103728734,0.0015489973798778996,0.1672820584684915,0.060869387382037426,0.003206912174515576,-0.005027235066318645,0.0003011975137903693,1.3484369568886055e-05
0,3,119,73.68635559082031,1.1161542708528118,0.3464319052181655,0.2879180805066784,-0.0961412434640998,0.0015492549621899197,0.16685199414684093,0.06086986072629736,0.0031999750760089065,-0.005018610810658754,0.00030124545215847104,1.3455807423399813e-05
0,3,120,73.66905212402344,1.1161503880192676,0.3464216140211826,0.2878418993078881,-0.09705894062571153,0.0015495332546375793,0.16643063508174022,0.06086914098365554,0.0031926709649453384,-0.005009719641674387,0.00030132336824592094,1.3424649128091594e-05
0,3,121,73.65191650390625,1.1161463465454875,0.34641664989861953,0.2877639350349064,-0.09797333252212255,0.001549819701701147,0.16601926969597344,0.060866514895638095,0.0031850900792746405,-0.005000538573859572,0.0003014301902599363,1.3391519827743128e-05
0,3,122,73.63494873046875,1.1161421027948026,0.3464184204763655,0.2876855314537905,-0.09888441167535728,0.0015500990296555888,0.16561863743218191,0.06086147669714537,0.003177321310111512,-0.004991053065363589,0.00030156325495784474,1.3357033423524966e-05
0,3,123,73.61813354492188,1.116138211601003,0.3464297247533098,0.2876099446130641,-0.09979217060744014,0.0015503514344336988,0.1652290744006571,0.0608536956956122,0.003169451977263068,-0.00498126217800252,0.0003017188922613296,1.3321777956301938e-05
0,3,124,73.60149383544922,1.1161356189001421,0.3464539259626783,0.287541335019174,-0.10069661679634673,0.0015505628072555724,0.16485052458301708,0.06084306814435148,0.0031615653600312104,-0.004971173886339664,0.00030189229534215286,1.3286306611744211e-05
0,3,125,73.58500671386719,1.116134673438724,0.3464920649353806,0.2874812531714171,-0.10159774276410145,0.0015507300416008638,0.16448261825794125,0.060829619980034985,0.0031537400237950917,-0.00496080554677749,0.0003020778454078475,1.3251117481827158e-05
0,3,126,73.56868743896484,1.1161343282853395,0.3465402291711063,0.28742538351341695,-0.10249554851070433,0.0015508587033185258,0.16412479524161042,0.06081352627519722,0.003146046901868462,-0.0049501834284656826,0.00030226933905170113,1.3216649067386887e-05
0,3,127,73.55252838134766,1.1161332880291361,0.3465934095540248,0.2873682476143243,-0.10339002655817979,0.0015509586297229878,0.16377620405461946,0.06079505936489183,0.003138547050774547,-0.004939338960565473,0.00030246050790986293,1.3183275780675766e-05
0,3,128,73.5365219116211,1.1161304157626997,0.3466468323128059,0.28730470298480415,-0.10428118438450339,0.0015510419880189381,0.16343586997712298,0.060774582362523706,0.003131290527883494,-0.004928309670433553,0.00030264495370420564,1.3151293328667889e-05
0,3,129,73.52067565917969,1.1161258828050742,0.34669983854420483,0.287234594574927,-0.10516902198967513,0.0015511117552883746,0.1631027622708938,0.06075249080233745,0.003124319085082509,-0.004917137307254242,0.0003028169277279853,1.3120938951559199e-05
0,3,130,73.50498962402344,1.1161208719605547,0.34675494598990975,0.28716166942466037,-0.10605353189571945,0.0015511662488327767,0.16277572695726433,0.060729206155249446,0.0031176612303805994,-0.004905863151119904,0.00030297107101728805,1.3092373432989603e-05
0,3,131,73.48945617675781,1.1161168289835857,0.3468155964968423,0.28709075992347977,-0.10693472158061192,0.0015512065041589267,0.1624536548722727,0.06070512395550429,0.0031113349215787143,-0.004894530827582691,0.00030310296648670623,1.3065690094931914e-05
0,3,132,73.47407531738281,1.116114354309125,0.3468826483521371,0.2870235716206118,-0.10781258356637696,0.0015512347217187358,0.16213545925930972,0.060680594348170976,0.0031053466683796972,-0.00488318067855105,0.0003032093662793223,1.3040922668219678e-05
0,3,133,73.45885467529297,1.116113040685129,0.34695375714590715,0.28695788213373097,-0.10868711785301459,0.0015512560790461143,0.16182014299117725,0.06065595450998261,0.00309969422605843,-0.004871853515025383,0.0003032880943310016,1.3018052038713887e-05
0,3,134,73.44379425048828,1.1161122276398106,0.3470261030960813,0.28689079719748284,-0.10955832444052478,0.0015512815784006209,0.16150686579214651,0.06063143138681724,0.0030943652486267598,-0.0048605845189025896,0.00030333833867751475,1.2997002874219618e-05
0,3,135,73.4288558959961,1.1161106489523813,0.34709501983066676,0.2868170967975677,-0.11042620332890757,0.0015513184683297293,0.1611949330342818,0.0606072195037132,0.003089339533558619,-0.004849406526619775,0.00030336029419027676,1.2977659365541694e-05
0,3,136,73.4140853881836,1.1161085976933518,0.3471611149614842,0.28673789212514844,-0.11129074704018736,0.0015513675254635259,0.16088372851538202,0.06058342909152554,0.003084590817570119,-0.004838345807326625,0.00030335545488346976,1.2959875345734747e-05
0,3,137,73.39946746826172,1.1161064176335938,0.3472254157096686,0.28665470783786695,-0.11215196305233972,0.001551423701706449,0.16057279288471543,0.06056008608692603,0.003080086776619552,-0.004827426753804989,0.00030332606177836674,1.2943476538825452e-05
0,3,138,73.38499450683594,1.1161051439890208,0.3472913089987406,0.28657185949209985,-0.1130098438873891,0.0015514775480591123,0.1602618012356669,0.060537171037410846,0.0030757917195775313,-0.004816665315181461,0.00030327536273188515,1.2928268430340356e-05
0,3,139,73.37067413330078,1.1161050060912294,0.34735976823311626,0.28649066501224946,-0.1138643895453355,0.0015515254402477794,0.15995056310573796,0.06051460613296466,0.003071667261644528,-0.0048060755642148015,0.00030320712525804927,1.2914050884000415e-05
0,3,140,73.35649108886719,1.1161059628852517,0.34743099643938313,0.28641143449817524,-0.1147156000261789,0.0015515654366972337,0.15963902247654668,0.06049228114273241,0.0030676750180210124,-0.004795665475468307,0.00030312560404942095,1.290061476863764e-05
0,3,141,73.34246063232422,1.1161070857014836,0.34750244491186116,0.2863310669512832,-0.11556346785194374,0.0015516032326947763,0.1593272577738277,0.06047005341501933,0.0030637763794349447,-0.004785438801677647,0.00030303505379856207,1.2887757699250751e-05
0,3,142,73.32857513427734,1.116108217607814,0.34757408435266074,0.28624945900495363,-0.1164080005006056,0.001551637922171973,0.15901543705272683,0.06044776732979474,0.003059934532394379,-0.004775394604658904,0.0003029399240694496,1.287528066392182e-05
0,3,143,73.31482696533203,1.1161084160066632,0.34764330383610814,0.28616330292735304,-0.1172491904941889,0.0015516704111972579,0.1587038628125064,0.06042528671953183,0.0030561169283850943,-0.004765531008044244,0.00030284437211893785,1.2863001516149697e-05
0,3,144,73.30121612548828,1.1161077669482802,0.347710815971487,0.2860733222848199,-0.11808703783269364,0.0015516997937021968,0.15839283755242872,0.06040246893253581,0.003052292590200454,-0.004755840037270369,0.0003027520680253436,1.2850749353044411e-05
0,3,145,73.28775787353516,1.1161074289150137,0.3477807346410815,0.2859844011501397,-0.11892153503814426,0.0015517202449611411,0.15808263016072704,0.06037918428544781,0.0030484352545565693,-0.004746314655957901,0.0003026661297313075,1.2838375758938358e-05
0,3,146,73.2744369506836,1.1161081605630072,0.34785572955383415,0.2858996405219063,-0.11975268958851631,0.001551729564522179,0.15777356554401648,0.06035535496825248,0.0030445238210373253,-0.004736943605899829,0.0003025891555223636,1.2825754805386295e-05
0,3,147,73.2612533569336,1.1161098220109502,0.3479354869675483,0.2858185235670208,-0.12058049400583426,0.0015517283995770492,0.1574659686089121,0.060330935591774215,0.0030405423520943795,-0.004727715159797189,0.00030252286676267823,1.2812784175526465e-05
0,3,148,73.24820709228516,1.1161122103251109,0.3480193725595526,0.28574009414425,-0.12140494081212251,0.0015517190800160114,0.15716025389144014,0.06030591967184508,0.003036480746464698,-0.004718617590351014,0.00030246859507358743,1.2799386288441708e-05
0,3,149,73.23530578613281,1.1161143354302374,0.34810411053177,0.2856602692721119,-0.12222603748535663,0.0015517106665234078,0.15685665666880463,0.060280339629304784,0.0030323322699729247,-0.004709637293894503,0.0003024266977193522,1.2785504926076116e-05
0,3,150,73.2225341796875,1.1161162936753128,0.3481898314272264,0.2855790747922615,-0.12304377654756106,0.0015517060067428887,0.1565554906439443,0.06025425382166484,0.003028097147091572,-0.004700763012220648,0.0003023969798285574,1.2771111979401732e-05
0,3,151,73.20988464355469,1.1161187580709595,0.34827839511526226,0.28549873308702445,-0.12385816547671137,0.0015517053595511501,0.15625690146465213,0.0602277595114444,0.003023777398073246,-0.004691979734386773,0.0003023786943941121,1.2756193956085138e-05
0,3,152,73.19738006591797,1.1161216909000533,0.34836934309233963,0.28541862395668194,-0.12466919679483199,0.0015517097604549736,0.15596107959342664,0.06020096692949852,0.0030193795326207908,-0.0046832771403697866,0.0003023706072303876,1.2740764348459752e-05
0,3,153,73.18501281738281,1.116126350733158,0.348466329674496,0.2853432438491951,-0.1254768705019229,0.0015517170090024474,0.15566803623394423,0.06017399927501815,0.003014913203052217,-0.004674642095594847,0.0003023710944089252,1.2724849016831293e-05
0,3,154,73.17277526855469,1.1161327147157494,0.3485687441710835,0.28527186919822545,-0.12628118659798415,0.001551726587440181,0.15537781620091043,0.06014703162053778,0.003010390530883165,-0.004666064280038863,0.0003023783696084203,1.2708490686922254e-05
0,3,155,73.1606674194336,1.1161403621536106,0.3486747819364742,0.2852023551464121,-0.12708213760504014,0.001551741472850172,0.15509039708697245,0.060120213101920124,0.003005825657881883,-0.004657533842770703,0.00030239058155043,1.2691751198594137e-05
0,3,156,73.14868927001953,1.1161491024359231,0.3487834751672474,0.2851335905025923,-0.12787972352309085,0.001551763606807637,0.15480572287374836,0.060093660434188186,0.0030012320523990815,-0.004649041871043153,0.00030240574904223454,1.2674693516069563e-05
0,3,157,73.1368408203125,1.1161589634342401,0.34889445766335925,0.28506523932525163,-0.12867395930808745,0.0015517949308877922,0.15452364791344525,0.060067522753204684,0.002996624754093057,-0.004640578513925081,0.00030242202080539105,1.2657387349737862e-05
0,3,158,73.1251220703125,1.1161696232705336,0.3490063631206144,0.2849957769567482,-0.1294648300040788,0.0015518336329537691,0.15424398174356452,0.06004191028982467,0.002992017904732056,-0.0046321381423129835,0.00030243796778285577,1.2639913653599544e-05
0,3,159,73.11353302001953,1.1161814572466928,0.3491201740154262,0.2849265213214843,-0.13025233561106486,0.001551876865361917,0.15396657871631322,0.06001689436989553,0.002987425421611814,-0.004623711843459645,0.0003024520959604467,1.262234888421065e-05
0,3,160,73.10205841064453,1.1161945694475572,0.34923600470687316,0.2848577825193195,-0.13103647612904568,0.0015519207449618039,0.15369119235081094,0.05999254631926466,0.0029828592017754605,-0.00461529492644548,0.0003024633985025195,1.2604768373766103e-05
0,3,161,73.0907211303711,1.1162095996496464,0.34935583857956937,0.28479214471574854,-0.13181725155802126,0.0015519654011917773,0.1534176097772064,0.05996888559043588,0.002978329122013517,-0.004606882700350902,0.00030247109592341386,1.2587244081377465e-05
0,3,162,73.07950592041016,1.1162263957867544,0.3494791666033172,0.2847291427609824,-0.1325946768539427,0.0015520119989969668,0.15314559571829547,0.05994591866757715,0.0029738443856989704,-0.004598470943348282,0.00030247476600173064,1.2569842344350715e-05
0,3,163,73.06840515136719,1.1162442013373453,0.34960366849717583,0.2846661408062162,-0.1333687370608589,0.0015520645509661526,0.1528748364711395,0.05992361312984873,0.0029694101556995934,-0.004590055433609993,0.0003024744087374697,1.2552618256380644e-05
0,3,164,73.05743408203125,1.116262621599633,0.34972816216727365,0.28460182092704767,-0.1341394321787698,0.0015521246103595082,0.15260514157323996,0.05990194304057886,0.0029650306969931112,-0.004581635702044076,0.0003024701540449078,1.2535617916273099e-05
0,3,165,73.04657745361328,1.1162811236079113,0.34985116333193067,0.28453447757425004,-0.13490676220767547,0.0015521914005469464,0.15233634296945106,0.05988083707392014,0.0029607089277221784,-0.00457320893409878,0.00030246248910258263,1.2518881801028336e-05
0,3,166,73.03585052490234,1.1162999476398434,0.34997371480252054,0.2844655320388456,-0.135670742103527,0.0015522611678163828,0.1520682165862452,0.059860204451521355,0.002956444847886795,-0.004564775598866061,0.00030245193356760085,1.2502434646590958e-05
0,3,167,73.02523803710938,1.116319898255883,0.35009859814822963,0.28439855046921725,-0.13643135691037328,0.0015523266636203437,0.15180056075744738,0.059839973847535116,0.0029522366617068655,-0.004556335696345923,0.00030243923444705356,1.2486292194016618e-05
0,3,168,73.01473999023438,1.1163407964791545,0.3502256133681346,0.2843333778154354,-0.13718862158416545,0.0015523860758219605,0.1515332522426175,0.059820022062770484,0.0029480805531496893,-0.004547889226538362,0.00030242500883375506,1.2470454443305316e-05
0,3,169,73.00435638427734,1.116362349873145,0.3503540029587077,0.28426916130288665,-0.13794252116895236,0.001552437203969321,0.1512662126160208,0.059800290739715954,0.0029439731551275873,-0.004539439473087091,0.00030241016612764227,1.2454919145734816e-05
0,3,170,72.99410247802734,1.1163838987900487,0.3504819980143148,0.2842038077575201,-0.13869307062068514,0.0015524856139113791,0.15099931863721708,0.05978066964751648,0.0029399088558277634,-0.004530988781451903,0.00030239538837866783,1.2439670560249465e-05
0,3,171,72.98395538330078,1.1164055463955227,0.3506101431829609,0.28413801490401946,-0.1394402699393638,0.0015525333766616984,0.15073257030620635,0.05976108746032467,0.002935881594492397,-0.004522539966184549,0.00030238129267964604,1.2424681702182422e-05
0,3,172,72.97393035888672,1.116427635758753,0.35073972630225614,0.28407343660830137,-0.14018410416903718,0.0015525813982887131,0.15046591160460668,0.05974147933646109,0.0029318848614186444,-0.004514097249112658,0.00030236836620911454,1.2409924462505734e-05
0,3,173,72.96400451660156,1.1164489211669937,0.3508669386917402,0.28400539553082016,-0.14092458826565646,0.0015526290316006848,0.1501993313287417,0.05972179340258217,0.002927912820321197,-0.004505665321155816,0.00030235696623133424,1.239536735910809e-05
0,3,174,72.9542007446289,1.1164701035976683,0.35099418846704383,0.2839368893035498,-0.1416617222292216,0.0015526720051321373,0.14993282947861136,0.059701971301176424,0.002923958288079675,-0.004497246996865776,0.00030234738505342774,1.2380969914989232e-05
0,3,175,72.94450378417969,1.1164917561522139,0.3511232782036607,0.2838701144671611,-0.14239550605973264,0.001552708247869507,0.14966651809097958,0.05968201951641179,0.0029200169997163528,-0.004488848843529956,0.000302339622675395,1.2366695026232262e-05
0,3,176,72.93492889404297,1.1165132603116232,0.3512523181172038,0.28380271943105356,-0.14312595471314066,0.0015527376303744458,0.1494004643879046,0.0596619121116165,0.0029160835678909464,-0.0044804746138840295,0.000302333679097236,1.2352505588920278e-05
0,3,177,72.92545318603516,1.1165349387726127,0.3513823530196933,0.28373599627797474,-0.1438530532334946,0.0015527576933183468,0.14913473559144477,0.05964164260262259,0.0029121530542081937,-0.004472130875215414,0.000302329391926105,1.2338365623497494e-05
0,3,178,72.91607666015625,1.1165564431942017,0.35151219734825906,0.2836684203502826,-0.1445768165767455,0.0015527723198516426,0.14886947734939301,0.059621236926101856,0.002908222989470465,-0.004463819972983906,0.00030232637141917174,1.232423915040813e-05
0,3,179,72.90682220458984,1.116578038051515,0.35164263257221295,0.2836009219475553,-0.14529724474289343,0.0015527840987412877,0.14860481290218958,0.059600714534558126,0.0029042909044801296,-0.004455548005384965,0.00030232435774788294,1.2310099184985346e-05
0,3,180,72.89767456054688,1.116599966257499,0.35177433149008025,0.2835343538444062,-0.14601432277598725,0.0015527941949324121,0.1483407758608636,0.05958010784883112,0.0029003545545120686,-0.004447318256062305,0.0003023229936479776,1.2295922115645661e-05
0,3,181,72.88864135742188,1.1166221982834559,0.3519070624938737,0.28346838009932085,-0.14672806563197807,0.0015528049383152752,0.1480775006695317,0.05955946225809644,0.0028964137150937702,-0.004439133539567674,0.00030232179194091815,1.2281688828250065e-05
0,3,182,72.87969970703125,1.1166450812110682,0.35204180843032096,0.28340413774511714,-0.14743848826681705,0.0015528190470951797,0.14781518899436877,0.05953881666736177,0.002892469508587794,-0.004430998077728703,0.00030232049279815116,1.2267389203548494e-05
0,3,183,72.87086486816406,1.1166682436092972,0.35217731155834703,0.28334005044084315,-0.14814557572455303,0.001552840145545863,0.14755394166846225,0.05951819701329887,0.0028885226084116753,-0.004422914685097142,0.00030231883639112323,1.2253018744096474e-05
0,3,184,72.86213684082031,1.1166917248919388,0.35231352057502974,0.28327604066153395,-0.14884934296113714,0.0015528697869274972,0.14729382591387044,0.05949766165341925,0.0028845745858729972,-0.004414883830764951,0.0003023164329770043,1.2238577449894007e-05
0,3,185,72.85350036621094,1.1167148096881825,0.35244812903086514,0.2832092399834903,-0.14954977502061828,0.0015529057707881714,0.14703490895265164,0.0594772235560588,0.002880627461224367,-0.004406906922008005,0.000302313217598656,1.2224070942746683e-05
0,3,186,72.84497833251953,1.1167386186334487,0.3525845513817932,0.28314383475481386,-0.15024688685894755,0.0015529418840871934,0.14677734763627526,0.05945692811039312,0.0028766848260259738,-0.004398984897010223,0.00030230896290609415,1.2209511590626801e-05
0,3,187,72.83654022216797,1.1167630813492417,0.35272254327656605,0.28307954071730024,-0.15094067847612497,0.0015529759263726512,0.146521164372094,0.05943678180059015,0.0028727491494754485,-0.0043911172866796435,0.0003023037663350262,1.2194912885867784e-05
0,3,188,72.8282241821289,1.1167884465844495,0.3528628122635757,0.2830172364872177,-0.15163114987215054,0.0015530045322475036,0.1462664263821662,0.05941681056332169,0.0028688235741879567,-0.0043833036219243105,0.000302297595406883,1.2180292818247518e-05
0,3,189,72.81999206542969,1.1168148525264479,0.35300577369587477,0.28295741305601035,-0.1523183160029754,0.0015530299021636624,0.1460132344995793,0.05939702088275566,0.0028649112427786656,-0.004375542964560305,0.0003022905800359413,1.216567387498837e-05
0,3,190,72.8118667602539,1.1168417967109345,0.35314985525486914,0.2828981322995569,-0.1530021619126484,0.001553057472531733,0.1457616223353624,0.05937740627472413,0.0028610159712802756,-0.00436783437640371,0.00030228298005075444,1.215107741895159e-05
0,3,191,72.80382537841797,1.1168681987968994,0.35329162115200324,0.28283507866148083,-0.15368270255712066,0.001553090349872061,0.14551167951892668,0.05935797322339505,0.002857140677835442,-0.00436017691927061,0.0003022749903227375,1.2136524812998417e-05
0,3,192,72.79589080810547,1.1168945434130477,0.3534326638345342,0.2827702936325232,-0.15435993793639222,0.0015531276281162128,0.14526335003189014,0.05933870227626456,0.002853287158224259,-0.004352567309517292,0.0003022667732447363,1.2122037419990102e-05
0,3,193,72.78805541992188,1.1169216097013197,0.3535754257979712,0.28270682652796797,-0.15503388300641419,0.001553165035798712,0.14501667868895834,0.05931959991750063,0.0028494583305893814,-0.0043450046089598396,0.0003022585886453043,1.2107636602787891e-05
0,3,194,72.78030395507812,1.116949952881579,0.3537216970884721,0.28264695141345064,-0.15570452281123542,0.001553200113590952,0.14477167669380764,0.05930065317876737,0.0028456564396559273,-0.004337486472138459,0.00030225072883156406,1.2093335853725203e-05
0,3,195,72.77264404296875,1.1169792357759094,0.35387050658840186,0.28258947957284364,-0.1563718723068071,0.0015532355796982352,0.14452834404643808,0.05928182963922504,0.0028418828322589683,-0.004330010553593358,0.00030224329123922306,1.2079154286941044e-05
0,3,196,72.76508331298828,1.1170084998782828,0.3540188077201622,0.28253063812452434,-0.15703593149312917,0.0015532725990656912,0.14428665833949686,0.059263135783041605,0.0028381386307610636,-0.004322575915140619,0.0003022364382611272,1.2065100897324364e-05
0,3,197,72.75762176513672,1.1170377015727033,0.35416654105782464,0.28247040122683775,-0.15769670037020167,0.0015533094889947996,0.14404657475827845,0.05924454567354528,0.002834424059634725,-0.004315180211320448,0.00030223026733298405,1.2051188052847463e-05
0,3,198,72.75023651123047,1.1170669939993583,0.35431422882840097,0.28240946660446753,-0.15835417893802456,0.0015533449551020828,0.1438080596917537,0.05922604634240017,0.002830740465715024,-0.004307821565765011,0.00030222487589050105,1.2037416877871457e-05
0,3,199,72.74295043945312,1.1170967787055912,0.3544631946313069,0.28234951396498537,-0.15900838215254903,0.0015533769263739766,0.14357111313992263,0.059207618337102454,0.0028270867266394005,-0.004300498571198432,0.00030222023145510906,1.2023791869840819e-05
0,3,200,72.73575592041016,1.11712751160398,0.3546147958124763,0.28229230054092785,-0.15965931001377504,0.0015534063088789157,0.1433356902880797,0.059189287594323896,0.0028234628424078554,-0.004293210758528752,0.0003022163340268081,1.2010309655672198e-05
0,3,201,72.7286376953125,1.1171586121913453,0.35476733683845285,0.2822357331582441,-0.16030696252170257,0.001553434397000377,0.1431017799325485,0.05917100872488889,0.0028198683640753646,-0.004285957189572054,0.0003022130536913215,1.1996967986643352e-05
0,3,202,72.72161865234375,1.1171901284857346,0.3549209485876286,0.28218004439182853,-0.16095133967633168,0.001553464815012098,0.14286930364759437,0.059152788212965386,0.0028163019448068567,-0.0042787373952363796,0.0003022102930129416,1.198375786786534e-05
0,3,203,72.71468353271484,1.1172218699394239,0.3550750109427985,0.28212448483368774,-0.16159245643361347,0.0015534983395441649,0.14263823902586453,0.05913463254272133,0.002812762462239773,-0.004271549968245852,0.0003022078895988227,1.1970674801893687e-05
0,3,204,72.70782470703125,1.1172530642713523,0.35522707510673635,0.2820660310101927,-0.16223031279354794,0.0015535351000349256,0.1424085188453007,0.05911654819832466,0.0028092481205940177,-0.004264394908600471,0.0003022057460132572,1.1957704172033857e-05
0,3,205,72.70106506347656,1.117284207949922,0.3553787429954231,0.2820067502537392,-0.16286490875613507,0.001553574578730989,0.14218008708752097,0.059098522211439485,0.0028057575730345203,-0.004257272685392197,0.0003022036024276917,1.1944836983396903e-05
0,3,206,72.69438171386719,1.1173159952849439,0.35553217733027803,0.2819494076214069,-0.16349625927732606,0.0015536081032630558,0.1419528989378198,0.05908056106623375,0.0028022887993086735,-0.00425018282952907,0.00030220132892784946,1.1932061992371643e-05
0,3,207,72.68778991699219,1.1173483329298965,0.35568708284473727,0.2818937188549914,-0.1641243494011697,0.0015536370974529516,0.14172685356310968,0.05906266476270747,0.0027988402281088945,-0.00424312534101109,0.0003021987631208846,1.1919364582263541e-05
0,3,208,72.68126678466797,1.1173813906220211,0.35584393288738514,0.2818402783125565,-0.16474919408361716,0.0015536618201773716,0.14150199577809622,0.059044852753364456,0.0027954105126001124,-0.004236100688930216,0.0003021958400496589,1.1906738006905886e-05
0,3,209,72.67483520507812,1.1174141591603584,0.35599959617202337,0.28178518390420476,-0.1653708082806196,0.0015536855073950097,0.14127825836072108,0.059027112069868826,0.0027919989793647915,-0.004229109811470366,0.0003021925272356031,1.1894172147048617e-05
0,3,210,72.6684799194336,1.1174466817599094,0.35615415198665973,0.28172859067986605,-0.16598919199217696,0.0015537091946126475,0.141055574088926,0.05900946216472443,0.0027886029347327893,-0.004222151770447621,0.0003021887272430097,1.1881656883441667e-05
0,3,211,72.66221618652344,1.117478813390306,0.35630716626891096,0.28166998180644126,-0.1666043452182893,0.0015537354705972405,0.14083392055535818,0.058991896553763294,0.0027852217052865696,-0.004215227504045899,0.0003021843751147403,1.186918434555721e-05
0,3,212,72.6560287475586,1.1175113267848944,0.356461043945586,0.28161243244086936,-0.16721626795895655,0.0015537596755682696,0.14061327535266485,0.058974421721153386,0.0027818541686635743,-0.004208337481357159,0.0003021794708507949,1.1856750035950771e-05
0,3,213,72.64990997314453,1.1175447072723943,0.35661730486522775,0.2815579065489266,-0.16782497517012993,0.0015537809034573003,0.1403935936661405,0.0589570376668947,0.002778499202501243,-0.004201481702381402,0.00030217407940831195,1.1844349457177882e-05
0,3,214,72.64387512207031,1.1175789866539854,0.35677602660307095,0.2815065591805425,-0.16843046685180937,0.001553800707524506,0.14017481947740318,0.05893975087515518,0.002775156582327064,-0.0041946606362105844,0.0003021682657444297,1.1831975863071827e-05
0,3,215,72.63790893554688,1.117613050103854,0.35693377348222505,0.2814540230960308,-0.1690327430039949,0.0015538247830571871,0.13995703121218758,0.05892254189343099,0.002771825634723503,-0.004187873344660791,0.0003021620948162865,1.1819632626715966e-05
0,3,216,72.63203430175781,1.1176466735515522,0.3570897493791101,0.28139931631250337,-0.16963181858263768,0.0015538548127538648,0.1397401952594646,0.05890544314256185,0.002768506359690558,-0.004181121704099855,0.00030215576149529745,1.1807318623749178e-05
0,3,217,72.62622833251953,1.1176798939005779,0.3572441680120389,0.2813427230881646,-0.17022769358773765,0.0015538898905461047,0.13952432282291058,0.05888842220170804,0.00276519875722823,-0.004174405714527776,0.0003021492982600317,1.1795034978532582e-05
0,3,218,72.62049102783203,1.1177137384556046,0.35740016689026827,0.28128822303787676,-0.170820382975246,0.0015539239328315627,0.13930944751355465,0.05887150500754135,0.0027619035007540554,-0.004167724437760639,0.00030214280254619674,1.1782785064149533e-05
0,3,219,72.61483001708984,1.1177482703246262,0.35755796054543426,0.28123612626149913,-0.17140988674516267,0.0015539555157884134,0.1390955469240441,0.058854685075893816,0.0027586208147405444,-0.0041610783428904004,0.0003021364367466385,1.1770572253683385e-05
0,3,220,72.6092529296875,1.11778302406104,0.35771613080724807,0.28118464968484036,-0.17199620489748774,0.0015539850277317,0.13888263225805528,0.05883794943842956,0.00275535092366021,-0.0041544674299170605,0.000302130200861357,1.175840216893973e-05
0,3,221,72.60374450683594,1.1178176276349734,0.35787351540633094,0.2811323203335682,-0.17257933743222112,0.0015540160929351596,0.13867073712661732,0.05882129809514858,0.0027520942764580757,-0.0041478921679325795,0.0003021242248046289,1.1746277058640804e-05
0,3,222,72.59830474853516,1.1178522897032481,0.35803074751854586,0.28107993929898617,-0.173159299305314,0.0015540462520701852,0.1384598951407594,0.058804737530218816,0.002748851322079165,-0.004141352087844997,0.00030211863849073086,1.1734200295869962e-05
0,3,223,72.59292602539062,1.1178870193491657,0.3581878173756317,0.28102750658109427,-0.17373610547271753,0.001554075246260081,0.1382501063004815,0.058788280711976164,0.0027456236318310614,-0.0041348476587462725,0.0003021134094410937,1.1722175253710557e-05
0,3,224,72.58763885498047,1.1179219168503374,0.3583451147119716,0.28097553901299144,-0.17430974097848054,0.00155410346381989,0.13804139301313645,0.058771901703748845,0.002742410307823717,-0.004128378411544448,0.0003021085376557175,1.17102086783293e-05
0,3,225,72.58240509033203,1.1179574525994584,0.3585040294498502,0.28092581966886915,-0.1748802357345053,0.001554128704297701,0.13783374407504778,0.058755626442208636,0.0027392133703097385,-0.004121944346239522,0.00030210415304887894,1.1698303942809547e-05
0,3,226,72.57723999023438,1.117993248096706,0.3586634182670208,0.2808769014160503,-0.1754475747848407,0.0015541542036522076,0.13762720430092107,0.058739441959019645,0.002736033043761638,-0.004115545462831495,0.0003021001257063013,1.1686462171512412e-05
0,3,227,72.57215881347656,1.1180285621496584,0.3588209521729555,0.2808258383058707,-0.17601177308543783,0.0015541821623353213,0.13742174007972716,0.05872335473834982,0.002732869103706904,-0.004109181761320367,0.00030209652058512293,1.1674687861882371e-05
0,3,228,72.56713104248047,1.1180635400490786,0.35897704781412465,0.2807731471714293,-0.17657283063629675,0.001554213745292172,0.13721741863352435,0.058707377748535045,0.0027297231214531187,-0.004102853241706139,0.00030209330520677464,1.166298438700278e-05
0,3,229,72.56217193603516,1.1180983990787956,0.3591324213901069,0.2807197583123043,-0.17713076239336856,0.0015542431277971109,0.13701422875863625,0.058691498021239435,0.002726595097000283,-0.00409655990398881,0.00030209038213554893,1.1651350622512517e-05
0,3,230,72.55728149414062,1.1181340617040694,0.3592899443931295,0.28066936708515333,-0.17768556835665325,0.001554266297261358,0.13681217045506286,0.05867571555646299,0.0027234857037659317,-0.00409030174816838,0.0003020876214571691,1.1639791065856058e-05
0,3,231,72.55245208740234,1.1181708054261197,0.35945043943999344,0.2806230329978294,-0.17823726348210198,0.0015542859718902157,0.13661126613015695,0.0586600433225416,0.002720394717277554,-0.004084078774244849,0.00030208502317163513,1.1628304592672283e-05
0,3,232,72.54769897460938,1.118207282471795,0.35960965489561847,0.28057532930279316,-0.17878584776971473,0.0015543049993273347,0.13641152698759493,0.0586445007719791,0.0027173234843702195,-0.0040778900440343,0.00030208255480037785,1.161689232732231e-05
0,3,233,72.54300689697266,1.1182432114394856,0.3597668514690338,0.2805252998588115,-0.17933133617544264,0.0015543268744081043,0.13621298663840592,0.05862904251559987,0.0027142708826813702,-0.004071736495720651,0.0003020801838648281,1.1605553145445023e-05
0,3,234,72.53837585449219,1.1182787014346784,0.35992229440384393,0.28047330644905377,-0.17987372869928572,0.0015543525032009585,0.13601563387891352,0.058613694490075696,0.002711237810101053,-0.004065617660211941,0.00030207771549357085,1.15942859226793e-05
0,3,235,72.53379821777344,1.118314775975189,0.36007920252909253,0.28042350957996665,-0.18041302534124395,0.001554376967048683,0.135819446301765,0.05859844372707069,0.002708223368739221,-0.004059532599324255,0.00030207521464374436,1.1583089534664028e-05
0,3,236,72.529296875,1.1183512884753448,0.36023713813915365,0.2803753665767963,-0.18094924105726848,0.0015544010425813644,0.135624412703284,0.0585832837424169,0.0027052273341233615,-0.004053481782149551,0.0003020726813153488,1.1571962857038085e-05
0,3,237,72.52484893798828,1.1183887241921875,0.3603975677932176,0.28033076388035394,-0.18148237584735932,0.0015544247297990023,0.13543057789817597,0.05856822750445021,0.0027022506041435228,-0.004047466146871747,0.0003020700180726764,1.1560904765440353e-05
0,3,238,72.52046203613281,1.1184259738897855,0.3605571239812834,0.28028538593426316,-0.18201244466746758,0.0015544507469068998,0.13523794188644098,0.058553249076498864,0.002699291831964633,-0.004041483817123007,0.0003020671924371582,1.1549913011148597e-05
0,3,239,72.51612854003906,1.1184626959988002,0.36071467266397345,0.2802377856058467,-0.1825394475175933,0.0015544802588501865,0.13504651587175537,0.05853837439523463,0.002696351691004228,-0.0040355366692711656,0.00030206436680164006,1.1538987594162815e-05
0,3,240,72.51185607910156,1.1184983517425982,0.36086860355349676,0.2801859214043637,-0.18306339935368754,0.001554514948327383,0.13485624383573724,0.05852358400815366,0.0026934288344272364,-0.004029622826948389,0.00030206144373041434,1.1528125141399654e-05
0,3,241,72.50765991210938,1.1185346317299336,0.3610241774432643,0.28013658968506566,-0.18358430017575036,0.0015545457546541474,0.13466711457471023,0.05850887143108802,0.002690523711178682,-0.004023743228338594,0.00030205835826634277,1.1517326777220233e-05
0,3,242,72.50350189208984,1.1185721370329287,0.36118321576100576,0.28009214203855304,-0.1841021649397329,0.0015545698301868286,0.1344791504960271,0.05849424963237362,0.0026876363212585655,-0.004017897873441782,0.000302055240323702,1.1506589128541194e-05
0,3,243,72.4994125366211,1.1186099876683455,0.3613430852776985,0.28004921904968244,-0.18461699364563514,0.0015545898931307296,0.13429232919233502,0.0584796861911707,0.0026847653178318147,-0.004012085824074033,0.00030205195998821534,1.1495912195362541e-05
0,3,244,72.49537658691406,1.1186478290821729,0.3615026121912801,0.28000632190246677,-0.1851288012494082,0.0015546112504581083,0.1341066394599577,0.05846520704415106,0.0026819118232609897,-0.004006307549327308,0.00030204861469559035,1.1485297102045388e-05
0,3,245,72.49139404296875,1.118684812764962,0.36165922940943906,0.2799601687067275,-0.1856375877510521,0.0015546362320592237,0.13392204768786595,0.05845079273881087,0.002679073817293483,-0.004000563987385524,0.0003020453343601037,1.1474739351145266e-05
0,3,246,72.48747253417969,1.1187206868380681,0.36181212369872157,0.27990972579626666,-0.18614335315056682,0.0015546645790573807,0.13373854267238336,0.05843645624348601,0.002676251973346831,-0.0039948537309728045,0.0003020420215460479,1.1464240067023292e-05
0,3,247,72.48359680175781,1.1187565782068936,0.3619648391213063,0.2798595671440103,-0.18664612735985467,0.0015546912433570168,0.13355612441350995,0.05842217810567264,0.002673446066948521,-0.003989177718273067,0.0003020386762534229,1.1453798125318347e-05
0,3,248,72.47978973388672,1.1187939895661478,0.36212194246821455,0.27981563633059664,-0.18714589542296448,0.0015547100119174405,0.13337478170756933,0.05840798426204255,0.0026706563225710653,-0.003983535011102393,0.00030203529848222876,1.144341465039155e-05
0,3,249,72.47602081298828,1.1188321146511426,0.36228097651795904,0.2797747806741219,-0.18764267229584738,0.0015547228263138675,0.13319449214720877,0.05839386174425985,0.002667882066796928,-0.003977925609460785,0.0003020319207110346,1.1433087393520664e-05
0,3,250,72.4723129272461,1.1188696899599198,0.3624380388511244,0.27973193521021616,-0.18813647293445454,0.0015547371939704678,0.13301530054713379,0.05837981055232454,0.0026651239730436454,-0.0039723499824401995,0.00030202860789697877,1.1422819727789044e-05
0,3,251,72.46865844726562,1.1189063764912892,0.3625920859447252,0.2796857820144769,-0.18862729733878592,0.0015547567391609777,0.13283716209263882,0.05836583068623661,0.0026623813678936814,-0.003966808599132596,0.000302025295082923,1.1412608280113333e-05
0,3,252,72.46504211425781,1.1189429733644243,0.3627455673586336,0.2796394996104629,-0.18911516046479268,0.001554779261433486,0.13266007678372388,0.058351928630164016,0.002659654924764572,-0.0039612995831701395,0.0003020220797045747,1.140245642357689e-05
0,3,253,72.46149444580078,1.1189799810596865,0.362900026877415,0.27959512948891513,-0.1896000623124748,0.001554802430897733,0.13248399980568343,0.058338104384106755,0.002656943521293757,-0.003955824341828706,0.00030201889680479555,1.1392361909457476e-05
0,3,254,72.4579849243164,1.1190176498239301,0.36305617797812995,0.27955357610775683,-0.19008201783778345,0.0015548258592386756,0.1323089983805758,0.05832437740056866,0.0026542485043163084,-0.003950381936924379,0.0003020158438192932,1.1382326986477329e-05
0,3,255,72.45452880859375,1.1190548568126522,0.3632106349349514,0.2795104722273015,-0.19056104199666973,0.001554852394099964,0.13213502769369542,0.05831072174287794,0.0026515692004146904,-0.0039449733066410754,0.00030201275835522155,1.1372350530275329e-05
0,3,256,72.45112609863281,1.1190915705555742,0.36336328393386,0.27946568863927457,-0.19103713478913364,0.0015548813882898598,0.13196207654136594,0.05829714389520257,0.0026489053851163906,-0.003939597981886836,0.0003020098028054267,1.1362434789573711e-05
0,3,257,72.4477767944336,1.119129198903069,0.36351838556459765,0.27942478129949,-0.1915102962151752,0.0015549074053977572,0.13179014492358734,0.058283669794214295,0.0026462581807839692,-0.003934255259023723,0.00030200684725563176,1.1352578640011361e-05
0,3,258,72.44446563720703,1.1191665005248943,0.36367215480141757,0.2793828144518525,-0.19198054123074557,0.0015549331636289592,0.13161927765506515,0.05827028647157725,0.0026436266895273784,-0.003928944903505757,0.00030200395666297525,1.134278095722716e-05
0,3,259,72.44120788574219,1.1192041489134854,0.36382668384831907,0.2793425273117867,-0.1924478847917958,0.0015549574980383359,0.13144945232844663,0.05825698744312347,0.0026410111358191298,-0.003923667149878919,0.00030200113102745704,1.1333040616859985e-05
0,3,260,72.43799591064453,1.1192414703752407,0.3639799002982696,0.27930123234717785,-0.19291232689832596,0.0015549814441326694,0.13128068014740812,0.058243772708852976,0.0026384115196592234,-0.003918422467235165,0.00030199833787050804,1.1323359867632077e-05
0,3,261,72.43482971191406,1.119278557679802,0.36413201548507396,0.2792592138162305,-0.19337388250628718,0.0015550047430352642,0.13111294990827327,0.05823066820543753,0.0026358280655201715,-0.003913209917390579,0.00030199554471355903,1.1313737585182318e-05
0,3,262,72.43170166015625,1.1193157356302497,0.36428410400010325,0.2792178930099667,-0.19383255161567944,0.0015550258414859474,0.13094625040736568,0.05821764799620536,0.0026332605489294623,-0.003908030203983099,0.00030199281651374833,1.1304171520788468e-05
0,3,263,72.42863464355469,1.1193526891405818,0.3644351795183489,0.27917597784563913,-0.19428834918245386,0.0015550488815118464,0.13078060405203812,0.058204718565324415,0.0026307085209420714,-0.0039028819197368496,0.0003019901857496452,1.1294665047533886e-05
0,3,264,72.42559814453125,1.119389442671694,0.3645853181923969,0.27913359753152245,-0.19474127520661047,0.0015550708860309639,0.13061597723126145,0.05819187991279468,0.002628172654975535,-0.003897765768289768,0.0003019876524212496,1.1285217041057452e-05
0,3,265,72.42262268066406,1.1194270828362483,0.3647378747956482,0.279095145148958,-0.1951913446441004,0.0015550896545913873,0.13045235874135927,0.058179125554448236,0.002625652277612317,-0.003892681280549895,0.0003019850866142848,1.1275827501359164e-05
0,3,266,72.41967010498047,1.119464706018125,0.36489007456745354,0.27905697702459803,-0.1956385724508748,0.0015551097175352884,0.13028980460071352,0.058166455490285054,0.0026231478377974414,-0.0038876282219712528,0.0003019826507215967,1.1266495304077905e-05
0,3,267,72.41677856445312,1.119501756627395,0.36504019534645876,0.2790168707761169,-0.19608295862693362,0.0015551322398077968,0.13012828119829503,0.0581538762044731,0.0026206588865858847,-0.0038826070616457984,0.0003019802148289086,1.1257219324852558e-05
0,3,268,72.41392517089844,1.1195383447850271,0.3651885959638457,0.27897529155330364,-0.19652451812822802,0.001555158256915694,0.1299677997377802,0.05814138121284442,0.00261818587292267,-0.0038776173304815743,0.00030197787637192803,1.1248001812405359e-05
0,3,269,72.4111099243164,1.1195754452475588,0.365338246460428,0.27893616728771053,-0.196963250954758,0.00155518207357168,0.1298083042007871,0.05812897699956696,0.0026157285723352863,-0.0038726590284785803,0.0003019755703935166,1.1238843891097427e-05
0,3,270,72.40833282470703,1.1196123159847204,0.36548692872073135,0.27889657787232836,-0.1973991720624747,0.001555204207529145,0.12964983940202124,0.05811664411213689,0.0026132865358787093,-0.0038677316865448575,0.0003019732968936744,1.1229743312206522e-05
0,3,271,72.40560150146484,1.1196493212646694,0.36563574048389363,0.2788579704398343,-0.19783229640732927,0.0015552231055279164,0.1294923941378063,0.05810438903472215,0.002610860212497963,-0.003862835304680406,0.00030197102339383217,1.1220700075732647e-05
0,3,272,72.40291595458984,1.1196859498451424,0.3657830980519881,0.2788183034994873,-0.19826262398932168,0.0015552409680199056,0.12933592359343668,0.05809221825149068,0.0026084491532480233,-0.003857970117431205,0.0003019688148511283,1.1211713057314685e-05
0,3,273,72.4002685546875,1.119722535989854,0.36593006341477313,0.2787789725006546,-0.19869015480845195,0.0015552580538818084,0.1291804501762652,0.05808011879410661,0.002606053133656378,-0.003853135655705296,0.0003019666387869936,1.120278338131375e-05
0,3,274,72.39765167236328,1.119759441296228,0.3660777243478864,0.27874139873435844,-0.19911491877662235,0.001555274233675277,0.12902597388629183,0.058068097146737864,0.002603672827140564,-0.0038483319195026793,0.0003019644952014281,1.1193913296452082e-05
0,3,275,72.39508819580078,1.119796527224877,0.3662256752532032,0.27870506536749984,-0.19953691589383285,0.0015552897662770068,0.12887249472351658,0.0580561468252165,0.002601307560283045,-0.003843558908823354,0.00030196235161586253,1.1185098305285206e-05
0,3,276,72.39254760742188,1.1198334430217616,0.3663728628261732,0.2786686286340215,-0.19995614616008348,0.0015553116413577763,0.12871995666955752,0.05804426134537459,0.002598956884138797,-0.00383881709275928,0.0003019602729874354,1.117634065653536e-05
0,3,277,72.39005279541016,1.1198694685878536,0.36651705023620196,0.2786290909019492,-0.2003726394872765,0.0015553386939724557,0.1285684605575021,0.058032453675548004,0.0025966214721253556,-0.0038341055331265386,0.0003019581943590082,1.1167635852758072e-05
0,3,278,72.38760375976562,1.119905399056388,0.3666606503897536,0.27858965653649675,-0.2007863958754119,0.001555365358272092,0.12841796157264482,0.0580207302999047,0.0025943010997702093,-0.00382942446447111,0.00030195621316628853,1.1158985018314457e-05
0,3,279,72.38518524169922,1.1199422359160374,0.3668067776480865,0.27855446020245594,-0.2011974153244897,0.0015553877511062526,0.1282684149002801,0.058009071765940834,0.002591995318128334,-0.0038247738867929946,0.000301954069580723,1.1150389277565637e-05
0,3,280,72.38279724121094,1.1199792158402255,0.3669530248295364,0.27852032337626803,-0.20160571279046102,0.0015554075551734582,0.12811985415143715,0.05799750401032819,0.002589704576144754,-0.0038201533310002326,0.00030195195847372667,1.114184750615049e-05
0,3,281,72.38045501708984,1.1200159600631023,0.3670983112341344,0.27848582476691086,-0.20201130322927702,0.0015554298185692708,0.1279722793261159,0.05798600109639499,0.0025874284248744448,-0.0038155632661847835,0.00030194981488816116,1.113335745534678e-05
0,3,282,72.37814331054688,1.1200514346909494,0.3672394659167365,0.2784467780262826,-0.20241420159688878,0.0015554533763485613,0.12782570162799278,0.057974569508309176,0.0025851670887899188,-0.003811002988708709,0.00030194763882402645,1.1124923622598983e-05
0,3,283,72.37586975097656,1.120086530628802,0.36737917184579855,0.27840672346111134,-0.20281440789329636,0.001555471497717246,0.12768013226074415,0.05796322221440664,0.002582920792363688,-0.0038064734367559265,0.0003019455277170301,1.1116540386101506e-05
0,3,284,72.3736343383789,1.1201220170597994,0.3675197933630075,0.27836881375330086,-0.2032119221184997,0.0015554804289632407,0.12753552640966448,0.05795195273051943,0.002580689535595752,-0.0038019736721425185,0.0003019433841314646,1.110821336765994e-05
0,3,285,72.37142944335938,1.120158284961629,0.3676625208817521,0.27833459940214816,-0.20360677418440112,0.0015554831471685435,0.12739191768578295,0.05794076105664756,0.002578473094013599,-0.0037975039294144645,0.00030194127302446823,1.1099940318552049e-05
0,3,286,72.36925506591797,1.1201952641587982,0.3678071574498792,0.2783038478327586,-0.20399896409100063,0.0015554863831272372,0.12724928368174676,0.057929640708623074,0.002576271916562253,-0.003793064443117744,0.00030193912943890267,1.1091724611861187e-05
0,3,287,72.36712646484375,1.1202316122594667,0.367949633177324,0.27827120982255776,-0.20438849183829816,0.0015554985503319254,0.12710759078652675,0.05791858520227803,0.002574085105351666,-0.003788654744160398,0.0003019370508104755,1.1083563998865118e-05
0,3,288,72.36502075195312,1.1202667814707008,0.36808822742453046,0.27823438546425516,-0.20477538733819606,0.0015555222375495635,0.12696686140747573,0.05790761399011626,0.002571913109326862,-0.0037842745979964473,0.0003019350046606175,1.1075457355202724e-05
0,3,289,72.3629379272461,1.1203012777657433,0.3682245021657378,0.2781954420902467,-0.20515965059069427,0.0015555553737665873,0.12682710674827005,0.057896720587969824,0.0025697559284878417,-0.0037799242391718716,0.0003019329585107595,1.1067405805235123e-05
0,3,290,72.36090850830078,1.1203363407753046,0.36836222947042757,0.2781594188232475,-0.2055412815957928,0.0015555869567234377,0.12668824838317505,0.05788590499583872,0.0025676128894170686,-0.003775603433140691,0.0003019310422751782,1.1059409348962315e-05
0,3,291,72.35889434814453,1.1203721363154182,0.3685019489471925,0.2781270392295962,-0.20592031026539395,0.0015556110322561191,0.12655025270116155,0.057875154245387056,0.0025654839921145428,-0.003771312414448885,0.0003019290610824586,1.1051465737662063e-05
0,3,292,72.35692596435547,1.1204086002630604,0.3686434451655624,0.2780979932094333,-0.20629673659949768,0.0015556298008165426,0.12641320933164066,0.05786447482078279,0.0025633692365802647,-0.0037670502449125365,0.00030192704741116973,1.1043574971334367e-05
0,3,293,72.35497283935547,1.120444302331157,0.3687823339476531,0.2780664922320502,-0.20667056059810404,0.001555650769828878,0.12627709586725955,0.057853879690361786,0.0025612690717592575,-0.0037628169245316452,0.00030192513117558844,1.103573704997923e-05
0,3,294,72.35306549072266,1.120479296205028,0.3689188367975664,0.27803279471399645,-0.20704181217311526,0.0015556727743479951,0.12614195712272383,0.05784334940162023,0.00255918327317901,-0.0037586133914901286,0.0003019232474185763,1.1027953097957766e-05
0,3,295,72.3511734008789,1.1205133761403525,0.36905229427122294,0.2779960478806587,-0.20741049132453135,0.0015556949083054602,0.12600775948700427,0.05783289692289401,0.0025571118408395216,-0.00375443847305809,0.00030192136366156416,1.102022086654774e-05
0,3,296,72.34931945800781,1.1205476489666044,0.3691860872221656,0.2779607481799981,-0.2077765980523523,0.0015557126413591018,0.12587450296010094,0.057822515770015175,0.002555054325795769,-0.003750292872873467,0.00030191960981882873,1.1012540355749153e-05
0,3,297,72.34750366210938,1.120582528571147,0.3693214523843315,0.2779285494779314,-0.2081401622684804,0.0015557220903584875,0.12574214272730824,0.05781221242715167,0.002553010728047752,-0.003746175418206364,0.0003019178884546625,1.1004912689923123e-05
0,3,298,72.345703125,1.1206178089484478,0.3694577449351791,0.27789859899984526,-0.20850118397291562,0.00155572597350892,0.125610701195979,0.057801993378471445,0.0025509812720679826,-0.0037420868126947183,0.0003019161346119271,1.0997334495986294e-05
0,3,299,72.34393310546875,1.1206528944285792,0.3695932139221638,0.2778685709967943,-0.208859663165658,0.0015557327043030028,0.12548020077346597,0.057791839171470655,0.0025489657333839484,-0.00373802705633853,0.00030191444572633,1.0989811395744258e-05
0,3,300,72.34220123291016,1.1206868582288023,0.36972501419375353,0.27783466674550095,-0.20921562975860974,0.001555748107466385,0.12535064145976912,0.057781762774485206,0.0025469647854131855,-0.00373399568004584,0.00030191282179787123,1.0982336643030305e-05
0,3,301,72.34049224853516,1.1207207313655807,0.3698563105098065,0.27780112427737685,-0.20956908375177094,0.00155577024142385,0.12522197844018296,0.05777175121917919,0.002544977530265647,-0.0037299924492706694,0.0003019111978694125,1.0974918108372265e-05
0,3,302,72.33879852294922,1.1207547330944698,0.369987693256836,0.2777687188420706,-0.20992004010109266,0.0015557962585317476,0.1250942341220602,0.0577618304422244,0.0025430046413588672,-0.0037260173640130184,0.00030190963889809215,1.096755129432566e-05
0,3,303,72.33714294433594,1.1207889426085609,0.3701194760686957,0.2777378897477162,-0.21026849880657492,0.0015558211106945152,0.12496738609804812,0.05775197450694906,0.002541045445275311,-0.003722069955180928,0.0003019080474482026,1.0960235076529379e-05
0,3,304,72.33551788330078,1.1208233407915518,0.37025160051234257,0.27770855946934886,-0.21061447482416887,0.0015558407853233731,0.12484143436814671,0.05774218341335315,0.002539099942014979,-0.0037181504573203772,0.00030190652095545136,1.0952968330622298e-05
0,3,305,72.33390808105469,1.1208577239458823,0.370383431454082,0.2776799010740102,-0.2109579831098256,0.001555857741746928,0.12471633411765043,0.05773246364560464,0.002537167682632847,-0.0037142584013394086,0.0003019049295055618,1.0945751056604419e-05
0,3,306,72.33233642578125,1.1208914248153352,0.3705129322522345,0.2776491753462756,-0.2112990386194963,0.0015558752159238742,0.12459213016126482,0.057722821687871455,0.0025352488916014267,-0.003710394021784,0.00030190337053424143,1.093858437883686e-05
0,3,307,72.33077239990234,1.1209247540253795,0.37064108157964737,0.2776177002105475,-0.21163764135318094,0.001555892819539168,0.1244688112953135,0.05771324457181771,0.002533344017865742,-0.003706557084108173,0.00030190181156292107,1.0931467172958504e-05
0,3,308,72.32925415039062,1.1209577699395479,0.37076800180541747,0.2775856307167555,-0.21197380626683068,0.0015559126236063736,0.12434638872347283,0.05770375174994725,0.0025314523880082575,-0.003702747119219969,0.00030190028507016986,1.092439831460823e-05
0,3,309,72.32775115966797,1.120990760502835,0.37089463816431567,0.27755423310599225,-0.21230753336044547,0.0015559306155367107,0.12422487364941923,0.05769431728558828,0.0025295746754465083,-0.0036989645962113463,0.00030189875857741864,1.0917381176869395e-05
0,3,310,72.32627868652344,1.1210241158797418,0.37102211405815794,0.2775250061942447,-0.21263885254592763,0.0015559408411661827,0.12410424366579989,0.05768496063124464,0.0025277104312354712,-0.0036952088114443667,0.00030189723208466743,1.0910413511019761e-05
0,3,311,72.32482147216797,1.1210575953368886,0.37114977571637303,0.2774970972068996,-0.21296776382327712,0.0015559475719602656,0.12398447636526208,0.05767565585024456,0.0025258594309026344,-0.0036914797649190306,0.00030189567311334707,1.0903496441420447e-05
0,3,312,72.32339477539062,1.1210908106123167,0.37127639548133373,0.2774688522780401,-0.21329428214844512,0.0015559566326446082,0.12386559415515855,0.05766642239509187,0.002524021898920509,-0.0036877769875433794,0.000301894179099165,1.08966265949881e-05
0,3,313,72.32199096679688,1.121122939820168,0.3713995120119617,0.27743698951748774,-0.21361840752143157,0.0015559713886162516,0.12374758583181292,0.057657253781618616,0.002522197386344072,-0.003684101182955351,0.00030189275004212135,1.0889806220444954e-05
0,3,314,72.32061004638672,1.1211551655471284,0.3715226971216221,0.27740628963140807,-0.21394015489818766,0.001555989121669893,0.12363044019154881,0.05764815000982481,0.0025203858931733235,-0.0036804521166089654,0.00030189132098507764,1.0883034193429891e-05
0,3,315,72.31924438476562,1.1211874148191618,0.3716457673291772,0.2773765200449066,-0.2142595392346645,0.0015560058192167527,0.12351412362333707,0.057639098111374555,0.0025185874194082625,-0.0036768295539582447,0.00030188992440660314,1.087631163830403e-05
0,3,316,72.31790924072266,1.1212202127638622,0.37177025100422706,0.2773497222487243,-0.21457657548681322,0.001556018504174832,0.12339864733085407,0.057630117538771695,0.00251680196504889,-0.003673233260457208,0.0003018885603066978,1.086963967942849e-05
0,3,317,72.31659698486328,1.1212530993191352,0.37189477853371217,0.2773240614853597,-0.21489126365463382,0.00155603300126978,0.12328403372145258,0.05762120180784827,0.0025150299790402293,-0.0036696630015598773,0.00030188713124965414,1.0863017192442153e-05
0,3,318,72.3153076171875,1.1212852393133146,0.3720168511790446,0.2772961783396695,-0.21520361869407745,0.00155605138151516,0.12317029399880901,0.057612344434436344,0.0025132714613822806,-0.00366611924635821,0.00030188570219261043,1.0856444177345015e-05
0,3,319,72.31403350830078,1.1213174393901346,0.37213884647668544,0.27726927717686745,-0.21551365556109525,0.0015560742921027118,0.1230573833482178,0.05760356487103976,0.00251152596313002,-0.00366260105666829,0.0003018842731355668,1.0849918385414843e-05
0,3,320,72.31278228759766,1.1213494968607456,0.3722601722375882,0.27724255690565,-0.21582137425568718,0.0015560986265120884,0.12294533538070809,0.05759485663349055,0.0025097934842834477,-0.0036591096052200132,0.0003018828765570922,1.0843439816651638e-05
0,3,321,72.31155395507812,1.1213802060417657,0.37237721660686596,0.27721118513654164,-0.21612680468975554,0.0015561223137297265,0.12283407167054523,0.05758621323762079,0.0025080733514250275,-0.0036556439538294625,0.00030188144750004856,1.0837009595416516e-05
0,3,322,72.31034851074219,1.1214112413714095,0.37249502391363953,0.27718193238313915,-0.21642994686330033,0.0015561378463314563,0.12272361462508197,0.057577634683430474,0.0025063657890272723,-0.0036522043370426174,0.0003018800834001432,1.0830626597348358e-05
0,3,323,72.30915069580078,1.1214432949505513,0.3726156580593794,0.27715756370252204,-0.21673080077632154,0.0015561443182488437,0.12261400905902384,0.05756912745508754,0.0025046707970901813,-0.00364878981667556,0.0003018786868216687,1.0824287449363813e-05
0,3,324,72.30799102783203,1.1214749972684552,0.3727349963413582,0.2771325489805312,-0.21702939634072146,0.0015561478130842329,0.12250519895398893,0.057560691552592,0.002502987926668731,-0.0036454013309122086,0.00030187732272176336,1.0817993275823995e-05
0,3,325,72.30683898925781,1.1215059248753492,0.3728517848300018,0.27710518266794,-0.21732573355650006,0.0015561527317414475,0.12239724032835914,0.057552320491775895,0.0025013180756529685,-0.003642038645206583,0.0003018759911004272,1.0811746325451144e-05
0,3,326,72.30570983886719,1.1215358863307563,0.3729654686214373,0.2770747153567549,-0.21761982737960847,0.001556162698494224,0.12229012197845811,0.057544007788471296,0.002499660570625359,-0.003638700821374766,0.0003018747244362294,1.080554434952302e-05
0,3,327,72.30460357666016,1.1215661981635965,0.37307995265965993,0.2770464187445855,-0.21791167781004675,0.0015561708531101322,0.12218382149693306,0.057535772895182025,0.0024980158605309257,-0.003635388328508716,0.00030187345777203157,1.0799388472400745e-05
0,3,328,72.30352020263672,1.1215969861743722,0.373195687868568,0.2770209130311507,-0.21820129980376596,0.0015561770661508241,0.12207830527275484,0.05752758987523631,0.002496383496424645,-0.003632101166608434,0.0003018721911078338,1.0793280942806553e-05
0,3,329,72.30243682861328,1.121628147849217,0.37331229192467663,0.27699768138335135,-0.21848870831671727,0.00155618535020508,0.12197357330592347,0.057519484665305924,0.002494763029361493,-0.003628839804765878,0.0003018710218793435,1.0787220636379326e-05
0,3,330,72.30138397216797,1.1216590711943077,0.3734279995488258,0.2769743463689322,-0.21877391830485182,0.0015562001061767234,0.12186961439276253,0.057511431328719095,0.0024931546838139816,-0.0036256028357051725,0.0003018698526508532,1.0781203055674592e-05
0,3,331,72.30035400390625,1.1216893400067947,0.37354150672515307,0.27694915075535675,-0.2190569297681696,0.0015562227578875794,0.12176643973694844,0.057503449317979655,0.002491558684254623,-0.0036223902594263164,0.0003018687483795013,1.0775232698136823e-05
0,3,332,72.2993392944336,1.121718950963169,0.3736528970576543,0.2769221979092447,-0.21933777261857287,0.001556252787584257,0.1216640269311284,0.05749550621224788,0.0024899741327933694,-0.0036192025450212696,0.0003018676765867185,1.0769306190682665e-05
0,3,333,72.29833221435547,1.121748369292313,0.37376347640037466,0.27689524506313273,-0.21961644685606166,0.0015562817817741529,0.1215623983826552,0.05748763443236349,0.002488401702847757,-0.0036160392233980728,0.00030186676718678163,1.0763426906395473e-05
0,3,334,72.29735565185547,1.1217782027739367,0.3738751236095951,0.2768708505408607,-0.21989295248063592,0.0015563009386496197,0.12146152048049969,0.05747981452582265,0.002486840945472761,-0.0036129005291027053,0.0003018657603511372,1.0757590347830772e-05
0,3,335,72.29638671875,1.1218083050274748,0.37398734382377224,0.27684831661774495,-0.22016731940419798,0.0015563118114708305,0.12136142683569101,0.05747206594512921,0.0024852923096134057,-0.0036097857584972293,0.00030186481847263114,1.0751801012433038e-05
0,3,336,72.2954330444336,1.1218383972019594,0.37409939234987,0.2768266354692426,-0.2204395476267478,0.0015563208721551729,0.12126213985558192,0.05746435626944343,0.002483756019742203,-0.003606695146127624,0.0003018638116369867,1.0746053278396677e-05
0,3,337,72.29450225830078,1.1218675112596874,0.37420834905412714,0.2768018791638013,-0.22070965210423651,0.0015563317449763837,0.12116360352179052,0.05745669198293325,0.00248223050455157,-0.0036036284574479105,0.00030186280480134234,1.0740348270082809e-05
0,3,338,72.29358673095703,1.1218958765924916,0.3743148307554844,0.27677487463437933,-0.22097763283666413,0.001556346112632984,0.12106584024166957,0.057449099022270474,0.0024807171108765774,-0.0036005852233661293,0.0003018617979656979,1.0734685987491433e-05
0,3,339,72.29268646240234,1.121924045881484,0.3744205318104872,0.27674789594661237,-0.2212435047799818,0.0015563581503993246,0.12096887242257184,0.057441564419119184,0.002479215389772202,-0.0035975663820661985,0.00030186075865148434,1.072906755498367e-05
0,3,340,72.29180908203125,1.1219527511222371,0.37452762701970044,0.27672391489081954,-0.22150728289014066,0.0015563613863580183,0.12087262163876264,0.057434094657647344,0.0024777251167659316,-0.003594570526272242,0.0003018597193372707,1.0723491848198397e-05
0,3,341,72.29093933105469,1.1219818574740512,0.3746357666970952,0.27670244047555675,-0.2217689821230918,0.001556362033549757,0.12077712150127112,0.05742667028535111,0.0024762467408027903,-0.003591598828714156,0.00030185858258734963,1.0717958867135617e-05
0,3,342,72.29008483886719,1.1220111727316777,0.37474433822723596,0.2766826199262107,-0.22202861743478636,0.0015563653989467984,0.12068241682480282,0.05741930427056638,0.0024747800374102656,-0.0035886494130241064,0.000301857348401721,1.071246861179533e-05
0,3,343,72.28923797607422,1.1220392386528295,0.37484897672699097,0.276658561345453,-0.22228618882522438,0.0015563793782883554,0.12058847399832859,0.057411996613293145,0.00247332523106087,-0.0035857236864779685,0.0003018561791732307,1.0707021082177536e-05
0,3,344,72.2884292602539,1.1220663662981165,0.37495057921893354,0.27663147929106624,-0.222541711250357,0.0015563980174104312,0.12049527061449565,0.0574047602818673,0.0024718818728095794,-0.003582820710891826,0.0003018549125090329,1.0701617402643352e-05
0,3,345,72.28760528564453,1.1220944426989523,0.3750548116706219,0.2766090487345703,-0.22279518471018417,0.0015564158799024205,0.12040282908065679,0.057397588792120896,0.0024704508605464413,-0.0035799409553576365,0.0003018537108019734,1.0696255324470543e-05
0,3,346,72.28681182861328,1.1221232634159353,0.3751610970883928,0.27659046858466185,-0.22304663911660821,0.0015564312830658026,0.12031116060048837,0.057390469175718044,0.0024690308474363846,-0.003577083716237463,0.0003018524441377756,1.0690937096381344e-05
0,3,347,72.28604125976562,1.122151248354306,0.3752646909418141,0.2765693301109134,-0.22329607446962907,0.0015564488866810964,0.12022022035928487,0.057383407916826695,0.002467622731369457,-0.0035742499317152217,0.00030185124243071613,1.0685663842736873e-05
0,3,348,72.28527069091797,1.122178468545591,0.37536584414046376,0.2765459692548393,-0.2235435057251979,0.0015564683024332586,0.1201299971533699,0.05737639204711095,0.002466225838928122,-0.0035714381945150375,0.00030185007320222585,1.0680433314814896e-05
0,3,349,72.2845230102539,1.1222055400438433,0.3754662900762873,0.27652273760704,-0.22378893288331475,0.001556486682678639,0.12004050218641986,0.05736946047157849,0.002464840394584893,-0.0035686494428208274,0.00030184890397373556,1.067524551261541e-05
0,3,350,72.28377532958984,1.1222323913015615,0.3755659249473909,0.27649948011758574,-0.2240323858558818,0.0015565023447187167,0.11995172425475834,0.05736257428522164,0.0024634663983397684,-0.0035658827384486744,0.0003018477672238145,1.0670101560499537e-05
0,3,351,72.28305053710938,1.122259320598376,0.375665585446022,0.2764773338192943,-0.22427386464289914,0.0015565104993346247,0.11986367456206173,0.05735575294054423,0.0024621034012477254,-0.003563138081398578,0.00030184666295246255,1.0664998085383918e-05
0,3,352,72.28233337402344,1.1222868284130771,0.37576674821535755,0.2764583143612517,-0.22451338420031786,0.0015565137352933185,0.1197763194973009,0.0573490029217142,0.0024607511788362515,-0.003560416644400435,0.0003018456561168181,1.0659935087268556e-05
0,3,353,72.2816390991211,1.122313495418724,0.3758652474518916,0.27643673657936907,-0.22475094452813796,0.0015565187833888807,0.11968972628253413,0.057342298292059786,0.0024594101800503713,-0.0035577163165404317,0.0003018446492811737,1.0654911441792333e-05
0,3,354,72.28094482421875,1.1223391801297553,0.3759605714786327,0.27641192859061786,-0.22498656058231056,0.0015565247375528772,0.11960381649202674,0.057335671472420704,0.0024580799559450607,-0.0035550382705484642,0.00030184373988123683,1.0649929397677482e-05
0,3,355,72.2802734375,1.1223655153589924,0.3760577232483476,0.2763906867502496,-0.22522024731878681,0.0015565288795800051,0.11951859012577874,0.057329077073621344,0.002456759833102784,-0.003552381333694637,0.00030184289543843827,1.0644985581840651e-05
0,3,356,72.27960968017578,1.1223924371364646,0.3761564742562006,0.27637270095840494,-0.22545201969351786,0.0015565332804838286,0.11943403598011375,0.057322528063997596,0.0024554504849410765,-0.0035497459750709072,0.0003018420834742089,1.0640083367365196e-05
0,3,357,72.27896118164062,1.122419556231305,0.37625557149608746,0.27635626566585725,-0.22568189266245484,0.0015565451888118213,0.11935014285135535,0.057316056864389175,0.0024541519114599387,-0.003547132898315214,0.00030184136894568706,1.0635222754251114e-05
0,3,358,72.2783203125,1.122445066582491,0.37634970129522133,0.2763341452092208,-0.22590986622559772,0.0015565675816459818,0.11926692194317998,0.05730963753812431,0.0024528634392418347,-0.0035445406961516807,0.00030184071937430356,1.063040149377617e-05
0,3,359,72.27770233154297,1.1224698417661603,0.3764414898117156,0.2763098798952235,-0.22613595533889766,0.0015565946342606615,0.11918442927396951,0.05730326360103506,0.0024515855172317887,-0.003541970306764225,0.00030184010228148926,1.0625617337218128e-05
0,3,360,72.2770767211914,1.12249499543717,0.3765342216800414,0.2762879920134815,-0.22636016000235468,0.0015566166387797787,0.1191025640106365,0.0572969480214573,0.0024503174720122644,-0.0035394207919689294,0.0003018395176672441,1.0620871408938104e-05
0,3,361,72.27647399902344,1.1225206649842878,0.37662836015486106,0.2762690759220587,-0.22658251012787098,0.0015566291942995104,0.1190213709678865,0.057290671346887215,0.002449059752528286,-0.003536892151765794,0.0003018389005744298,1.0616162584574984e-05
0,3,362,72.27587890625,1.1225466686565615,0.37672329008728844,0.27625230468799666,-0.22680300571544665,0.0015566356662168978,0.11894083894204312,0.05728445951399657,0.002447812358779853,-0.0035343846207007983,0.00030183831596018463,1.061149198848988e-05
0,3,363,72.27529907226562,1.1225718053668925,0.3768155058258598,0.2762328976051298,-0.2270216467650816,0.0015566411026275032,0.11886097913678273,0.057278286586113586,0.002446574841821943,-0.003531897964227963,0.00030183769886737034,1.060685849632168e-05
0,3,364,72.27472686767578,1.1225964065536223,0.3769059781005928,0.2762121467562056,-0.22723846318867819,0.0015566439502711536,0.11878181395945811,0.05727215904740622,0.00244534787507209,-0.003529431713255329,0.0003018370168174177,1.06022632324315e-05
0,3,365,72.27416229248047,1.1226208016472883,0.37699565268970403,0.27619137006562644,-0.22745345498623634,0.0015566444680245447,0.11870328739168734,0.057266089866210346,0.0024441307851127587,-0.003526986336874855,0.00030183639972460334,1.0597703948097102e-05
0,3,366,72.27361297607422,1.1226451478923216,0.37708503479319877,0.276171239416421,-0.22766663711370722,0.0015566460212847175,0.11862542184082318,0.05726006607419008,0.0024429233474714384,-0.0035245611314486036,0.0003018356202389432,1.0593180643318487e-05
0,3,367,72.2730712890625,1.122669597269412,0.37717457712555613,0.2761523750083081,-0.22787802452704198,0.001556651457695323,0.11854819489951288,0.05725408767134543,0.0024417260110931515,-0.003522156800614512,0.000301834840753283,1.058869106937342e-05
0,3,368,72.27253723144531,1.1226934698743678,0.3772622745477506,0.2761320376258631,-0.22808761722624057,0.001556662848269925,0.11847161777143281,0.05724814817350845,0.0024405383270328746,-0.003519772875280622,0.0003018339963104844,1.0584240848067488e-05
0,3,369,72.27202606201172,1.1227175028965923,0.37735028499138995,0.2761131473760952,-0.2282954301672542,0.0015566750154746133,0.11839573527128851,0.05724226054901502,0.0024393611931806556,-0.003517408886354975,0.0003018331193891167,1.0579826606317342e-05
0,3,370,72.2715072631836,1.1227426240350697,0.3774413678960907,0.27609950298228203,-0.22850147830603393,0.0015566893831312134,0.11832046897334529,0.05723642479786514,0.002438194160591471,-0.003515064833837571,0.000301832242467749,1.0575452841567451e-05
0,3,371,72.27101135253906,1.122766628076045,0.37752894497179357,0.2760820857068463,-0.22870577659853095,0.0015567080222532892,0.11824586369230869,0.057230647404226766,0.00243703722926532,-0.003512740952274389,0.0003018313980249505,1.0571115056373343e-05
0,3,372,72.27051544189453,1.122789395422467,0.37761271717486505,0.27606048208330874,-0.2289083250447452,0.0015567283440738858,0.11817193063185508,0.057224908915596055,0.0024358903992022026,-0.003510436538027491,0.0003018305535821519,1.0566814375096137e-05
0,3,373,72.27003479003906,1.1228123265292789,0.37769675904932903,0.2760402739091385,-0.2291091386006279,0.0015567443944290067,0.11809862497727894,0.057219241752812726,0.002434753445929607,-0.0035081515910968778,0.00030182974161792255,1.0562550797735832e-05
0,3,374,72.2695541381836,1.1228359876437897,0.3777828439445227,0.27602389029990065,-0.2293082322221301,0.0015567516429764805,0.11802592432122751,0.05721361349503707,0.0024336261449750224,-0.0035058861114825486,0.00030182889717512404,1.055832319993131e-05
0,3,375,72.26909637451172,1.1228601088054426,0.37787015036210536,0.2760101942227776,-0.22950560590925184,0.0015567521607298715,0.1179538734784063,0.05720803062643702,0.0024325087208109594,-0.003503640568276462,0.0003018280202537563,1.0554131581682573e-05
0,3,376,72.26863861083984,1.1228837306852446,0.3779557736355196,0.27599520606290706,-0.22970127461794423,0.0015567582443322158,0.11788246124513894,0.05720251259951641,0.0024314011734374186,-0.0035014142578406807,0.00030182714333238856,1.0549977067350735e-05
0,3,377,72.26819610595703,1.1229053499591422,0.3780353221131321,0.2759729047146859,-0.22989525330415847,0.0015567733886189023,0.11781167641774906,0.05719703347760348,0.0024303035028543996,-0.003499207180175204,0.0003018263638467284,1.0545860781296918e-05
0,3,378,72.26775360107422,1.1229269485458613,0.3781146122490767,0.2759512494078385,-0.2300875569238456,0.0015567878857138502,0.11774150779256026,0.05719161919736998,0.0024292150356443674,-0.003497019100734053,0.00030182555188249904,1.0541778226076647e-05
0,3,379,72.2673110961914,1.1229489816924922,0.37819508599488355,0.2759322299497959,-0.2302781854770057,0.0015567899567274141,0.11767193296221977,0.0571862373379762,0.0024281366696973688,-0.0034948497849712486,0.000301824804875408,1.0537735023495513e-05
0,3,380,72.26690673828125,1.12297204105294,0.37827844485714734,0.2759181720895035,-0.23046715391958986,0.0015567824493032448,0.1176029519267276,0.057180907351925984,0.002427067507123357,-0.0034926997019787483,0.00030182412282545533,1.0533728924831282e-05
0,3,381,72.26649475097656,1.122995055311498,0.37836152616265945,0.27590476027058486,-0.2306544622515981,0.0015567783072761169,0.1175345310750546,0.05717562275505137,0.002426007547922331,-0.0034905683826645948,0.00030182350573264104,1.0529758805722834e-05
0,3,382,72.26607513427734,1.1230167356144505,0.3784405058350286,0.2758867227954303,-0.23084014038493267,0.001556785426385243,0.11746668161087714,0.05717038354735238,0.0024249563431492684,-0.0034884551233908493,0.0003018228886398267,1.0525821293086813e-05
0,3,383,72.26568603515625,1.1230377396484186,0.37851731933046395,0.2758666955128447,-0.2310241883195936,0.001556801865055407,0.11739944834890077,0.05716519621299693,0.0024239150151667277,-0.0034863601587034917,0.00030182233650415075,1.0521922008728814e-05
0,3,384,72.26528930664062,1.1230598060061547,0.37859716095815116,0.27585181071959397,-0.231206621011532,0.0015568183037255711,0.11733279767809633,0.05716004778364915,0.0024228824416121495,-0.0034842834886025216,0.0003018217518899056,1.0518054206482122e-05
0,3,385,72.2649154663086,1.1230820938737278,0.37867751704498676,0.27583860563391494,-0.23138743846074786,0.0015568313769986938,0.11726677441316935,0.05715494474347698,0.002421858846958046,-0.003482225113087939,0.0003018211997542296,1.051422013506898e-05
0,3,386,72.26453399658203,1.1231035524811077,0.3787552899598496,0.2758228422243959,-0.23156665562319234,0.0015568480745455533,0.11720132253573794,0.05714988060831248,0.0024208442312044173,-0.0034801847976137644,0.0003018206476185537,1.0510418670128264e-05
0,3,387,72.26416015625,1.1231244728426877,0.37883130758179573,0.27580563168219974,-0.23174428745481657,0.0015568651604074561,0.11713647565683122,0.057144868346491524,0.002419838594351263,-0.0034781625421799983,0.00030182012796144684,1.0506648687298859e-05
0,3,388,72.26380157470703,1.1231451751060078,0.37890655584055716,0.27578831777338375,-0.23192034891157168,0.0015568786219956221,0.1170722337764492,0.05713989498967824,0.002418842160871095,-0.0034761581122406612,0.00030181960830434005,1.0502912435303002e-05
0,3,389,72.26344299316406,1.1231664522830038,0.3789833490669463,0.27577407902150675,-0.23209483999345767,0.0015568859999814438,0.11700860809826825,0.05713497350620851,0.0024178540328738665,-0.003474171273249774,0.00030181908864723326,1.0499206541057336e-05
0,3,390,72.26309967041016,1.1231876974241994,0.37905994237445906,0.2757605379943134,-0.23226777565642567,0.0015568902714469194,0.11694553140023009,0.057130084443578505,0.0024168751082496243,-0.003472201790661356,0.0003018185365115573,1.0495533253284098e-05
0,3,391,72.26275634765625,1.1232086602844393,0.37913557663235464,0.2757466351839507,-0.23243915590047567,0.0015568954489808293,0.11688304849704026,0.057125234285956165,0.0024159044891083207,-0.0034702496644754095,0.0003018179518973122,1.049189257198329e-05
0,3,392,72.2624282836914,1.123228821556398,0.37920864210819144,0.2757301482080931,-0.23260901063750997,0.0015569065806787358,0.11682112577766958,0.05712044897001327,0.002414942848867492,-0.0034683148946919326,0.00030181746471877454,1.0488281124071555e-05
0,3,393,72.26209259033203,1.1232485281760982,0.37928023972377173,0.2757126017243826,-0.23277733986752855,0.0015569197833902061,0.11675974083476531,0.05711570255907803,0.0024139890651645787,-0.0034663977158569054,0.0003018168801045294,1.0484700033910012e-05
0,3,394,72.26177978515625,1.1232683503919518,0.37935205840766995,0.27569632148176465,-0.23294414359053142,0.0015569278085677666,0.11669889366832743,0.05711099505315047,0.002413043586944604,-0.0034644971897864105,0.0003018162305331459,1.0481148177137542e-05
0,3,395,72.26145935058594,1.123288853137937,0.37942575249606525,0.2756835815458747,-0.23310945171842085,0.0015569310445264603,0.11663853946365044,0.05710633293639851,0.0024121061897350565,-0.003462614020118386,0.0003018156134403316,1.0477627802476383e-05
0,3,396,72.26115417480469,1.1233095018231276,0.3794997568548729,0.27567223705935195,-0.2332732642511968,0.001556932727224981,0.11657866701705791,0.05710170972465422,0.0024111766490634247,-0.003460747737760873,0.0003018149638689481,1.0474137785565416e-05
0,3,397,72.26084899902344,1.1233292472577683,0.379570948649328,0.27565797246582,-0.23343558118885932,0.0015569413995942802,0.1165193211432554,0.057097131902085534,0.002410254964929708,-0.0034588985772598508,0.00030181437925470297,1.0470678126404642e-05
0,3,398,72.26055145263672,1.1233479515713125,0.3796389213649735,0.27564019340721496,-0.23359643244331066,0.0015569570616343576,0.11646052424959569,0.05709259946869247,0.002409341810751442,-0.003457066069523361,0.00030181372968331947,1.046724770063294e-05
0,3,399,72.26026153564453,1.1233662619087987,0.3797056087600992,0.27562158741565157,-0.23375581801455084,0.0015569701349074803,0.11640222031769683,0.05708810594030706,0.002408436737583603,-0.003455250449097383,0.00030181308011193597,1.046384875697255e-05
0,3,400,72.25997924804688,1.1233851791786318,0.37977395385223695,0.2756062116309568,-0.2339137379025798,0.0015569746652496516,0.11634440934755884,0.05708365780109727,0.0024075395209536793,-0.003453450777797999,0.0003018124630191217,1.046048129542347e-05
0,3,401,72.25970458984375,1.1234055080374583,0.3798463716592289,0.27559737378496413,-0.2340702220192999,0.001556969228839046,0.1162870913391817,0.057079242082727195,0.002406650609806695,-0.003451667759263148,0.00030181184592630733,1.0457147564707935e-05
0,3,402,72.2594223022461,1.1234253819220419,0.3799173412240876,0.27558745058946366,-0.23422527036471105,0.0015569658634420047,0.11623031110727099,0.057074858785196844,0.002405770228615161,-0.003449900455308911,0.0003018112613120622,1.0453845316103712e-05
0,3,403,72.25916290283203,1.123444073606413,0.3799846415503447,0.2755733668875163,-0.2343788829388133,0.0015569746652496516,0.11617410226285582,0.05707053384517799,0.002404898377379078,-0.0034481498041192067,0.00030181070917638625,1.0450575673971917e-05
0,3,404,72.25889587402344,1.1234618516769905,0.38004915843254183,0.2755563372369048,-0.2345310896535089,0.0015569930454950318,0.11611841999123065,0.05706623484183091,0.0024040343826809106,-0.003446415336602076,0.0003018102219978486,1.0447336389590315e-05
0,3,405,72.25863647460938,1.1234794090046223,0.3801129045809411,0.2755391525363636,-0.23468189050879787,0.0015570127201238898,0.11606323068136637,0.057061974743491506,0.00240317846899317,-0.0034446965836655605,0.0003018097672978802,1.0444126338597785e-05
0,3,406,72.25838470458984,1.1234969702475555,0.3801765619663987,0.27552274308547087,-0.23483130046063133,0.001557026958342142,0.11600853433326294,0.057057747065991815,0.002402330411843345,-0.0034429940144016184,0.0003018093125979117,1.0440948894077684e-05
0,3,407,72.25814056396484,1.1235164338169419,0.3802456675569861,0.27551475801409153,-0.2349793195090093,0.0015570301943008357,0.11595431974324401,0.05705357774600363,0.0024014906601764587,-0.003441306925172312,0.0003018088254193741,1.0437802931668893e-05
0,3,408,72.25788879394531,1.123535793645528,0.38031438287806774,0.2755071088842266,-0.23512596260988286,0.0015570313592459654,0.11590064292969146,0.05704943436268722,0.0024006589895199998,-0.0034396355505236205,0.0003018083057622673,1.0434686202649177e-05
0,3,409,72.25765991210938,1.123553818798476,0.3803790727026214,0.27549475657316086,-0.23527124471920322,0.0015570400316152646,0.11584752629995809,0.05704531691604258,0.0023998347264564323,-0.0034379798904555442,0.00030180788354086804,1.0431597582657417e-05
0,3,410,72.2574234008789,1.1235708233701367,0.38044057638088324,0.27547886395536714,-0.2354151658369703,0.0015570549170252559,0.1157949586503675,0.05704125782690944,0.0023990189933483157,-0.0034363392413301447,0.0003018074288408996,1.0428535947332493e-05
0,3,411,72.25719451904297,1.1235870418179057,0.3804996414787019,0.2754604646970433,-0.23555774091913534,0.0015570714851337675,0.11574290636989054,0.05703723764278397,0.002398210218888067,-0.0034347145413313397,0.0003018070715766387,1.0425501296674406e-05
0,3,412,72.25697326660156,1.123603818892291,0.38056025675821503,0.27544508891234853,-0.23569896996569822,0.0015570757565992433,0.11569132464382169,0.057033249879498225,0.0023974088520207094,-0.0034331053213671704,0.00030180661687667025,1.0422493630683158e-05
0,3,413,72.25675201416016,1.1236220664523082,0.380625059363624,0.2754363544329757,-0.2358388828885613,0.001557067213668292,0.1156402246758373,0.057029313989556026,0.0023966155661637794,-0.003431510643253719,0.0003018062271338401,1.0419516322442102e-05
0,3,414,72.25653839111328,1.1236403689774048,0.38068995995057486,0.27542862777814586,-0.2359774647317734,0.0015570577646689062,0.11558960646593741,0.05702539755211767,0.0023958296878997406,-0.0034299312106289242,0.0003018057724338717,1.0416567123229e-05
0,3,415,72.25633239746094,1.1236574190939839,0.38075101077279255,0.2754164046753549,-0.2361147454072368,0.0015570588001756881,0.11553952603250392,0.05702153298802286,0.002395051890646129,-0.0034283665544008273,0.00030180528525533404,1.0413646033043854e-05
0,3,416,72.2561264038086,1.1236729645891543,0.38080754139482526,0.27539878066667955,-0.2362507249149515,0.0015570725206405496,0.11548992735715492,0.05701769436059983,0.0023942812765128975,-0.003426816205477469,0.0003018048305553656,1.0410750803164428e-05
0,3,417,72.25592041015625,1.1236887827501363,0.38086477868893326,0.27538296557385067,-0.23638541821086861,0.0015570858527903678,0.11544082164356678,0.05701388815401652,0.002393518294445069,-0.0034252808674967877,0.0003018043758553972,1.0407884806674076e-05
0,3,418,72.25572204589844,1.123706030712749,0.3809260814464557,0.27537363673641396,-0.2365188252949882,0.001557089865379148,0.1153921416696812,0.05701013382077677,0.0023927620465525965,-0.0034237603059128043,0.0003018038561982904,1.040504579485056e-05
0,3,419,72.25553131103516,1.1237236449520442,0.38098838337698365,0.275366530281303,-0.23665096112326134,0.0015570921952694074,0.11534392104652734,0.05700640542420879,0.0023920134307255274,-0.0034222542861795393,0.0003018033040626144,1.0402233767693882e-05
0,3,420,72.2553482055664,1.1237400579365353,0.381047007874849,0.2753551599531253,-0.23678184065163915,0.001557104233035748,0.11529617097778158,0.05700272241681643,0.002391271998018838,-0.003420762808296992,0.00030180281688407676,1.0399447600842924e-05
0,3,421,72.25515747070312,1.1237560918331007,0.38110441661730027,0.27534293685033434,-0.23691146388012171,0.0015571228721578238,0.11524888025976754,0.05699907183026378,0.002390537075014993,-0.003419285403173205,0.00030180229722697,1.0396687294297684e-05
0,3,422,72.25497436523438,1.1237714304287338,0.38115965932348983,0.2753285430485276,-0.23703984576466008,0.0015571374986911193,0.11520202648513245,0.0569954601487188,0.002389809335131527,-0.0034178225399001364,0.00030180184252700154,1.039395397241928e-05
0,3,423,72.25479125976562,1.1237872154858122,0.38121613832403345,0.27531668172890594,-0.23716700126120543,0.001557141899594943,0.11515559845019993,0.0569918744038456,0.0023890881049509053,-0.0034163730457478893,0.0003018013878270331,1.0391244262124363e-05
0,3,424,72.25462341308594,1.1238033204500293,0.3812734443371436,0.2753067843750604,-0.23729293036975777,0.001557139828581379,0.11510960735864635,0.05698832756398006,0.0023883736089456396,-0.00341493832799234,0.00030180099808420303,1.038856153649628e-05
0,3,425,72.25444793701172,1.123819413739803,0.3813306180270153,0.27529750722093366,-0.23741764804626822,0.0015571359454309465,0.11506406441414811,0.05698481314495425,0.00238766584711573,-0.0034135172139035915,0.00030180067329851125,1.0385904671173918e-05
0,3,426,72.25428009033203,1.123834358246925,0.38138430909692633,0.27528422461028973,-0.23754115429073674,0.0015571380164445105,0.11501893600567605,0.056981331146768156,0.0023869643705161526,-0.0034121099380276234,0.00030180034851281953,1.0383270293073919e-05
0,3,427,72.25411987304688,1.1238493156812803,0.38143797749781017,0.27527171724929433,-0.23766346405911454,0.0015571431939784203,0.11497422213323018,0.0569778686010859,0.002386269403619419,-0.003410716031272477,0.00030180002372712776,1.038066065091852e-05
0,3,428,72.25396728515625,1.123864503608965,0.38149219233009957,0.2752607862292508,-0.2377845923073527,0.0015571516074710241,0.11492986677842856,0.056974451444579244,0.002385580497480506,-0.003409335962730111,0.0003017997314200052,1.0378076869068842e-05
0,3,429,72.25381469726562,1.1238799775388126,0.3815471705332293,0.27525171580836366,-0.23790453903545122,0.0015571580793884115,0.11488591475597676,0.05697106022474437,0.002384898325516949,-0.003407969028762587,0.0003017994391128826,1.0375517823163764e-05
0,3,430,72.25364685058594,1.1238954925637532,0.3816021368766998,0.275243420637125,-0.23802331919936126,0.0015571676578261448,0.11484236606587475,0.05696771439408511,0.002384222663256236,-0.0034066156984618647,0.00030179914680576004,1.0372984637564407e-05
0,3,431,72.25350189208984,1.123910372678339,0.3816551366809653,0.2752331873417651,-0.23814093279908283,0.0015571826726744837,0.11479923191179893,0.05696440098426557,0.002383553510698367,-0.0034052755027359845,0.0003017988869772067,1.037047618790965e-05
0,3,432,72.25335693359375,1.1239241285558899,0.3817047476961814,0.27521902611485294,-0.23825739479056704,0.0015572002762897776,0.11475652349742567,0.05696111351111781,0.0023828908678433422,-0.003403947972492988,0.00030179862714865325,1.0367992474199492e-05
0,3,433,72.25321197509766,1.123938032386947,0.3817546802799562,0.2752060794457234,-0.23837272012976501,0.0015572110196726407,0.1147142184154022,0.05695786494297771,0.0023822345102186494,-0.003402633107732875,0.00030179839979866904,1.0365532372072819e-05
0,3,434,72.25306701660156,1.1239521604505358,0.38180521241027826,0.27519473495920066,-0.23848690881667678,0.0015572084309056857,0.11467231666572855,0.05695463582734144,0.002381584886769313,-0.003401330908455646,0.0003017980425344081,1.0363097005890746e-05
0,3,435,72.2529296875,1.1239668206459867,0.3818572144576523,0.27518620721306747,-0.2385999608513023,0.0015571966520160406,0.1146308070447283,0.0569514391325449,0.0023809410996052847,-0.0034000413746613006,0.0003017977177487164,1.0360684126931037e-05
0,3,436,72.25279235839844,1.1239818323717468,0.3819101546828932,0.2751797209576752,-0.2387119061455439,0.0015571822843594406,0.11458972316343062,0.056948274858588076,0.0023803040466166122,-0.0033987640372578802,0.00030179732800588626,1.0358294859554812e-05
0,3,437,72.2526626586914,1.1239960716294406,0.3819607616454882,0.27517072806175286,-0.23882274469940154,0.0015571777540172693,0.11454908742918829,0.05694513003713509,0.0023796735033307843,-0.003397499599883323,0.0003017969382630562,1.0355930328123187e-05
0,3,438,72.25252532958984,1.1240098576877415,0.3820099220693125,0.27516046892473806,-0.23893247651287522,0.001557189274030219,0.1145088774346485,0.056942024120689765,0.002379049245275288,-0.003396246889807732,0.0003017965485202261,1.0353588283913927e-05
0,3,439,72.25240325927734,1.1240230360408598,0.3820572354562695,0.2751483750302218,-0.2390411165419161,0.001557211407987684,0.1144690931798113,0.056938937656748276,0.0023784312724501244,-0.003395006376123066,0.0003017961912559652,1.0351269851288148e-05
0,3,440,72.25228118896484,1.1240362573655154,0.38210458024457106,0.2751370563853541,-0.23914867974247528,0.001557235612958713,0.1144297010536475,0.05693588361364651,0.002377819584855293,-0.003393777824283346,0.0003017957690345659,1.0348973905884735e-05
0,3,441,72.25215148925781,1.1240508623722893,0.3821558994831806,0.27513199142098405,-0.23925516611455278,0.001557252569382268,0.11439070105615713,0.05693286199138446,0.0023772137335457697,-0.003392561468834551,0.00030179528185602826,1.0346697074620332e-05
0,3,442,72.25204467773438,1.1240650910966863,0.3822059978441393,0.2751259444737259,-0.23936059061409973,0.0015572634422034788,0.11435211559469294,0.056929879274130075,0.002376613942994067,-0.003391357309776681,0.0003017948271560598,1.0344442730578294e-05
0,3,443,72.2519302368164,1.1240781022069921,0.3822524197982316,0.27511550444512645,-0.23946495324111614,0.0015572718556960826,0.11431394466925493,0.05692692897771542,0.0023760199887276727,-0.003390165347109736,0.00030179440493466054,1.0342208625036382e-05
0,3,444,72.25182342529297,1.124090370398556,0.3822965262180032,0.2751025577759969,-0.23956826895155311,0.0015572722440111257,0.11427616587249033,0.05692402407047637,0.0023754323196916107,-0.0033889855808337164,0.0003017939827132613,1.0339997006716837e-05
0,3,445,72.25170135498047,1.1241026773938323,0.3823406878395786,0.27509038635651584,-0.23967055270136184,0.001557264477710261,0.11423877920439915,0.056921138615741156,0.0023748504869408574,-0.003387817072764704,0.00030179356049186203,1.0337805626897417e-05
0,3,446,72.25159454345703,1.1241157401011004,0.38238690465733527,0.27508178108541775,-0.23977180449054228,0.0015572489451085312,0.11420176225762863,0.05691831151851744,0.0023742742660029003,-0.0033866609956325964,0.0003017931057918936,1.0335634485578128e-05
0,3,447,72.2514877319336,1.1241293653108675,0.38243471611017765,0.2750760959213289,-0.23987203927504555,0.001557236130712104,0.11416510382850237,0.05691550387379755,0.00237370365687774,-0.0033855171148914134,0.00030179271604906347,1.033348695584232e-05
0,3,448,72.25138854980469,1.1241419007715518,0.38247924805570477,0.27506656035065263,-0.2399712570548717,0.0015572344480135833,0.11412879271334399,0.05691272216574944,0.0023731391085104,-0.003384384257811259,0.00030179239126337175,1.0331361913328877e-05
0,3,449,72.25128936767578,1.124154001870191,0.3825224097363326,0.2750558102221938,-0.2400694578300207,0.0015572453208347941,0.11409287372685903,0.056909972878541056,0.002372580396428369,-0.00338326359712203,0.00030179206647767997,1.0329260482398916e-05
0,3,450,72.25118255615234,1.1241655992145165,0.3825640152302946,0.27504356127774787,-0.24016667151239485,0.0015572615006282627,0.11405734686904749,0.056907249528004446,0.0023720279695766695,-0.0033821541946398087,0.0003017918066491266,1.0327182663052438e-05
0,3,451,72.25108337402344,1.1241780474477665,0.3826080448160569,0.27503536947312895,-0.24026289810199408,0.0015572744444630375,0.11402216732520383,0.05690455211413962,0.0023714811545377666,-0.0033810565194565536,0.00030179161177771154,1.0325128455289444e-05
0,3,452,72.25099182128906,1.124191408098124,0.38265471421536557,0.27503151906654155,-0.24035813759881847,0.001557281951887207,0.11398737991003358,0.05690186766861067,0.0023709404002566843,-0.0033799703370262853,0.0003017913844277273,1.032309785910993e-05
0,3,453,72.25090026855469,1.1242044558238105,0.3827003875962906,0.2750269450936155,-0.2404524049588191,0.0015572912714482449,0.11395297341986037,0.05689920915975351,0.0023704057067334226,-0.0033788947091650872,0.00030179118955631225,1.0321088625791666e-05
0,3,454,72.25080871582031,1.1242156908950955,0.3827406604702305,0.275015523082128,-0.24054570018199598,0.0015573083573101477,0.11391893665100782,0.056896576587568116,0.0023698766250229574,-0.0033778303395108965,0.00030179099468489724,1.0319103004056882e-05
0,3,455,72.25072479248047,1.1242265012463826,0.3827796281549343,0.2750029381961677,-0.24063803822430027,0.0015573223366517047,0.1138852696034759,0.05689396346788656,0.0023693533795978005,-0.0033767767589717554,0.0003017907348563438,1.0317138745183345e-05
0,3,456,72.25062561035156,1.1242382643607374,0.3828213179360614,0.2749947980748587,-0.24072943404168307,0.0015573233721584865,0.11385193866623548,0.05689137628487678,0.0023688352970404167,-0.003375734202093642,0.0003017905075063596,1.0315195849171054e-05
0,3,457,72.25054168701172,1.1242506892281672,0.382864838875357,0.27498988816041836,-0.24081988763414441,0.001557315346980926,0.11381888782090466,0.05688882800687467,0.002368322826295829,-0.003374702199784599,0.0003017902476778062,1.0313274316020009e-05
0,3,458,72.2504653930664,1.124262982372532,0.3829079149015701,0.274985004087633,-0.2409093990016843,0.001557309263378582,0.11378620669689449,0.05688629918137639,0.0023678152939465027,-0.0033736814556825636,0.00030179002032782197,1.0311370772646857e-05
0,3,459,72.25038146972656,1.1242738895128697,0.3829468641449109,0.2749750292088226,-0.2409979831002538,0.0015573124993372757,0.11375383927582304,0.05688378980838194,0.002367312475519926,-0.0033726710316036184,0.0003017898579349761,1.0309484094690477e-05
0,3,460,72.25029754638672,1.1242843352580087,0.3829843838137612,0.27496371056395486,-0.24108565488580413,0.0015573184535012722,0.11372177435401394,0.05688130637205927,0.0023668145954886094,-0.003371671631185702,0.00030178966306356104,1.0307618779595344e-05
0,3,461,72.25021362304688,1.1242956337637473,0.3830243136919642,0.27495639737560423,-0.24117241435833525,0.0015573233721584865,0.1136900119314672,0.05687885535657632,0.0023663221027975783,-0.003370682081698917,0.00030178937075643847,1.0305771454278101e-05
0,3,462,72.2501449584961,1.1243070098554764,0.383064413854528,0.27494996280352185,-0.2412582764737983,0.0015573299735142218,0.11365854080450642,0.05687642379359721,0.002365834099556784,-0.0033697028522352225,0.0003017891109278851,1.0303942118738752e-05
0,3,463,72.25006866455078,1.1243176585417773,0.38310228586421846,0.27494104743256437,-0.2413432412321933,0.001557335021609784,0.11362740578783714,0.05687402465145782,0.002365351034711251,-0.0033687339427946185,0.0003017888510993317,1.0302130772977293e-05
0,3,464,72.25,1.1243285013875386,0.3831406524232515,0.2749334499860093,-0.24142730863352022,0.0015573357982398704,0.11359659567778299,0.0568716514459902,0.002364873357206003,-0.003367774649739167,0.00030178852631363996,1.0300339665715962e-05
0,3,465,72.24992370605469,1.1243398469302868,0.38318043668664675,0.2749284367049492,-0.24151050858968132,0.001557333986103002,0.11356609927066756,0.05686929769302642,0.002364400618096016,-0.0033668256767068055,0.0003017881040922407,1.0298565423871405e-05
0,3,466,72.24986267089844,1.1243507277075355,0.38321876446163616,0.2749220021328668,-0.24159282614472552,0.001557339163636912,0.11353595017752001,0.056866976360902356,0.0023639325929087776,-0.0033658865546055765,0.0003017877143494106,1.0296808047443621e-05
0,3,467,72.24980163574219,1.124360596852257,0.3832540138256002,0.2749118722041268,-0.2416742762546039,0.0015573495187047317,0.11350614839834035,0.05686469393378596,0.0023634695061168004,-0.0033649572834354787,0.0003017873895637188,1.0295065287710373e-05
0,3,468,72.24971771240234,1.1243699481605895,0.38328772308935544,0.2749001917760897,-0.24175487387526762,0.001557356637813858,0.11347666032209942,0.05686241799083751,0.0023630111332475726,-0.003364037628650534,0.00030178709725659625,1.0293342766477254e-05
0,3,469,72.2496566772461,1.124380584174931,0.38332510818348653,0.2748942481954514,-0.24183461900671666,0.0015573557317454237,0.11344745233776808,0.05686017446872878,0.00236255702535607,-0.0033631271211587823,0.0003017867399923353,1.0291634861938673e-05
0,3,470,72.24959564208984,1.124392348845744,0.383365764280594,0.2748934987874579,-0.24191352660490217,0.0015573509425265571,0.11341844601961164,0.05685794391495594,0.002362107182442293,-0.0033622259955062043,0.0003017864152066436,1.02899460715391e-05
0,3,471,72.2495346069336,1.1244022956833692,0.38340099628340657,0.27488577213262805,-0.24199159666982417,0.0015573539196085551,0.11338975340439392,0.056855745782022814,0.0023616616045062416,-0.003361334251692799,0.0003017861878566594,1.0288271897834065e-05
0,3,472,72.24947357177734,1.1244111730148845,0.3834330537067332,0.2748741950712108,-0.24206882920148262,0.001557366345689939,0.11336139689946771,0.05685356061742559,0.002361220740492939,-0.003360451889718567,0.00030178592802810597,1.0286615713906922e-05
0,3,473,72.2494125366211,1.1244206562037562,0.3834667957687713,0.2748655381168028,-0.2421452541117798,0.001557377736264541,0.11333333169012746,0.056851407873668075,0.002360784365929874,-0.0033595786750375287,0.00030178570067812175,1.028497751975767e-05
0,3,474,72.24935913085938,1.1244312483738774,0.38350378612009506,0.2748619978100748,-0.24222085644476463,0.0015573786423329753,0.11330555777637319,0.05684925512991056,0.00236035292976207,-0.003358714373103705,0.0003017855382852759,1.0283358439747426e-05
0,3,475,72.24930572509766,1.1244421841972785,0.3835416555098187,0.2748602664191932,-0.24229565115638815,0.0015573773479494978,0.1132780527508521,0.05684714777532866,0.002359925983044503,-0.0033578594530090547,0.0003017853434138608,1.0281757349515075e-05
0,3,476,72.2492446899414,1.1244520098344364,0.38357621381927925,0.2748544520468296,-0.24236965320260156,0.0015573853731270582,0.11325089503929892,0.0568450598732506,0.002359503750249685,-0.0033570134456616186,0.00030178521349958417,1.028017200033838e-05
0,3,477,72.24918365478516,1.124460657134525,0.38360727975400505,0.2748442962764346,-0.24244286258340486,0.0015573985758385285,0.11322409584538998,0.05684298493950842,0.0023590864558501287,-0.0033561761165154173,0.0003017851160638766,1.027860239221734e-05
0,3,478,72.24913024902344,1.1244691180431483,0.383637725418927,0.27483383040618015,-0.24251527929879801,0.0015574084131529575,0.1131975991507434,0.05684093594243802,0.002358673875373321,-0.0033553479346624102,0.0003017849861495999,1.0277050773874192e-05
0,3,479,72.24908447265625,1.12447882403332,0.3836717281230731,0.27482886880842994,-0.24258691830473217,0.001557406601016089,0.11317141615903556,0.05683891936620734,0.002358266008819263,-0.003354528900102597,0.00030178485623532324,1.0275518269670052e-05
0,3,480,72.24903869628906,1.1244891665987418,0.38370753976056277,0.27482698236761866,-0.24265777960120735,0.0015573994819069628,0.11314552446291368,0.05683692224248049,0.0023578628561879535,-0.0033537185437440185,0.000301784628885339,1.027400038216045e-05
0,3,481,72.24898529052734,1.1244981319315144,0.3837392412232825,0.2748198759125076,-0.24272787814417465,0.001557394692688096,0.1131199688770833,0.05683495105542542,0.0023574644174793936,-0.0033529171001326547,0.00030178443401392396,1.027249936006762e-05
0,3,482,72.24893951416016,1.1245061882393712,0.3837682055446255,0.2748094617255631,-0.24279722888958524,0.0015573959870715736,0.11309472699419165,0.05683300580504213,0.0023570711416386067,-0.0033521245692685053,0.00030178420666393974,1.0271016327752683e-05
0,3,483,72.24889373779297,1.1245146036961533,0.38379816650064785,0.27480098566273975,-0.24286581688148798,0.0015573958576332258,0.11306975399953322,0.05683108000716267,0.002356681681830521,-0.0033513402475136324,0.0003017839468353863,1.0269549036493401e-05
0,3,484,72.24884796142578,1.1245247178389621,0.38383304833566795,0.2747999261548868,-0.24293365707583398,0.0015573935277429663,0.11304502748575519,0.056829173661787045,0.002356296935945185,-0.0033505650730519536,0.0003017837519639713,1.0268099735012011e-05
0,3,485,72.2488021850586,1.1245341931586457,0.3838660205018706,0.2747967217896731,-0.24300076442857438,0.0015573989641535719,0.11302056986021039,0.05682728028474731,0.0023559157816200383,-0.003349798107699551,0.00030178345965684874,1.0266662801502921e-05
0,3,486,72.24874877929688,1.1245423707937912,0.38389508211597123,0.2747885816683641,-0.24306713893970922,0.0015574135906868674,0.11299636991922239,0.056825425812715234,0.0023555386678001055,-0.003349040055094363,0.000301783329742572,1.0265242733410604e-05
0,3,487,72.24871063232422,1.1245501608337054,0.38392297081068233,0.2747793303558923,-0.24313279556518957,0.0015574306765487702,0.11297239405176206,0.05682358430901905,0.0023551653700128743,-0.003348289977052472,0.0003017831998282953,1.0263837282012824e-05
0,3,488,72.24866485595703,1.1245584276796363,0.383952218087165,0.27477248231733076,-0.24319773430501548,0.0015574401255481559,0.11294869827621132,0.05682175577365876,0.002354795888258345,-0.0033475483426658363,0.0003017829399997419,1.0262446447309581e-05
0,3,489,72.24862670898438,1.1245675108309163,0.3839838355571804,0.27476948468535667,-0.24326195515918694,0.0015574368895894621,0.11292520416683546,0.05681993372246641,0.002354430447009029,-0.0033468149173884777,0.00030178277760689603,1.0261072478023112e-05
0,3,490,72.24858856201172,1.1245764595845615,0.38401498543644674,0.27476633200345285,-0.2433254730836551,0.001557428734973554,0.11290197894569283,0.05681813760794584,0.002354068821792415,-0.003346089935766375,0.0003017826152140502,1.0259713125431178e-05
0,3,491,72.24855041503906,1.12458455432264,0.3840435967618185,0.27476013000626504,-0.24338828807841992,0.001557425628453208,0.11287902261278338,0.05681635446176115,0.002353711237081014,-0.00334537269416159,0.0003017824528212043,1.0258369513894901e-05
0,3,492,72.2485122680664,1.1245916419269744,0.3840692040094502,0.2747502326524195,-0.24345041509943255,0.0015574306765487702,0.1128562903534016,0.0568145907680803,0.0023533572439298034,-0.003344663427120102,0.0003017822254712201,1.0257038270330925e-05
0,3,493,72.24847412109375,1.124599434539055,0.38409682025216785,0.27474364303040744,-0.243511854146693,0.0015574336536307684,0.11283379337122387,0.05681284652690328,0.0023530070668112946,-0.00334396260373387,0.0003017819981212359,1.0255721643461484e-05
0,3,494,72.2484359741211,1.1246086650695861,0.3841285729438905,0.2747433329305481,-0.2435726201761524,0.001557433394754073,0.11281150925889742,0.05681112822239804,0.002352661154670511,-0.0033432692858189764,0.0003017817058141133,1.0254421882008817e-05
0,3,495,72.24840545654297,1.1246177837203994,0.3841599425851431,0.2747429711473788,-0.24363271318781074,0.0015574414199316334,0.11278947162745141,0.05680942937039663,0.0023523181606723816,-0.0033425841770133593,0.0003017814459855599,1.0253132239806214e-05
0,3,496,72.24836730957031,1.1246253414649052,0.3841867056547825,0.2747366657835712,-0.24369213318166802,0.0015574630361357073,0.11276764686585668,0.05680774348673111,0.002351978982706954,-0.0033419065736790808,0.0003017812511141448,1.0251857214298148e-05
0,3,497,72.24832916259766,1.1246319730100973,0.38421068462577457,0.2747269234796553,-0.2437508951136754,0.0015574858172849111,0.11274610219617154,0.056806083539737366,0.0023516438452467394,-0.0033412364758161404,0.00030178108872129896,1.0250597929845739e-05
0,3,498,72.24829864501953,1.124639070468354,0.3842359717586913,0.27471948108302996,-0.24380899898383285,0.0015574950074076013,0.11272480400736683,0.056804443045247455,0.002351312523819227,-0.003340574117970518,0.00030178095880702225,1.0249354386448982e-05
0,3,499,72.24826049804688,1.1246477265462178,0.38426574687452675,0.2747187833583463,-0.24386645974809154,0.00155748646447665,0.11270372989208978,0.056802828487429326,0.002350985691841952,-0.003339919031050255,0.00030178073145703803,1.0248126584107882e-05
0,3,500,72.24822998046875,1.124655535382805,0.38429302237333796,0.27471506216003366,-0.24392327740645142,0.0015574742972719615,0.112682868646664,0.056801220413779135,0.002350662226952355,-0.0033392709805093717,0.00030178056906419217,1.0246915647183554e-05
0,3,501,72.24819946289062,1.1246621660785914,0.3843167772952806,0.27470687035541475,-0.24397945195891252,0.0015574666604094443,0.11266226508579506,0.05679963827680073,0.0023503428025679713,-0.003338629966347868,0.0003017804066713463,1.0245717078231528e-05
0,3,502,72.2481689453125,1.1246684464832692,0.3843394347115828,0.274697593201288,-0.244034998361426,0.0015574632950124028,0.11264189680213017,0.056798082076494096,0.0023500269697437773,-0.003337996457657703,0.0003017802767570696,1.0244532001612921e-05
0,3,503,72.2481460571289,1.1246758321669506,0.38436523567429204,0.27469317427829165,-0.24408991661399182,0.0015574557875882335,0.11262174138831656,0.05679655829702718,0.0023497147284797736,-0.0033373699853469184,0.0003017801468427929,1.024336154168885e-05
0,3,504,72.24811553955078,1.1246837485896872,0.3843925700609935,0.2746913395207903,-0.2441442216725611,0.0015574476329723254,0.112601821251707,0.05679504100172821,0.0023494058543034476,-0.003336750080323554,0.0003017800494070854,1.024220232537596e-05
0,3,505,72.24809265136719,1.1246911085063869,0.38441823942935077,0.2746876183224776,-0.24419791353713388,0.0015574516455611055,0.11258212518862509,0.05679353667476513,0.0023491003472147997,-0.003336136977133591,0.00030177998444994703,1.024105660139649e-05
0,3,506,72.24806213378906,1.1246972398953043,0.38444024240081004,0.2746791681013092,-0.24425099220771015,0.0015574676959162264,0.11256275403215832,0.05679205828447383,0.002348798880631365,-0.0033355309103230073,0.0003017799194928087,1.023992324538932e-05
0,3,507,72.248046875,1.1247038779062803,0.384463708423384,0.274673172837361,-0.24430347264024105,0.0015574832285179562,0.11254366296760111,0.05679058637835047,0.0023485012300806327,-0.0033349311762538654,0.00030177982205710117,1.0238802257354452e-05
0,3,508,72.24800872802734,1.124711339939605,0.38448956520874816,0.27467095045503537,-0.24435535483472656,0.0015574876294217796,0.11252480718024797,0.05678912095639506,0.002348206946617578,-0.0033343382440181243,0.00030177969214282446,1.0237692512930764e-05
0,3,509,72.24798583984375,1.124719234803805,0.3845166150159477,0.2746708212467606,-0.24440665374711784,0.0015574891826819527,0.11250616426274611,0.05678768147111142,0.002347915805769689,-0.003333751879069804,0.0003017796596642553,1.0236595136479379e-05
0,3,510,72.24796295166016,1.1247260059815694,0.3845403589010636,0.2746665056903841,-0.24445736937741486,0.0015574960429143832,0.11248768940039,0.056786248469995734,0.0023476273585919427,-0.0033331720814089054,0.00030177959470711695,1.0235509003639174e-05
0,3,511,72.24794006347656,1.124732136675604,0.384562139334472,0.2746598643850622,-0.24450750172561764,0.0015575074334889852,0.11246942740788517,0.05678484788971976,0.0023473420540293627,-0.0033325986164894485,0.00030177959470711695,1.0234434114410152e-05
0,3,512,72.24790954589844,1.1247382157323162,0.3845837496067727,0.27465340397132487,-0.2445570657476773,0.0015575149409131545,0.11245135587787886,0.056783453793611736,0.0023470598920819485,-0.003332031953403392,0.0003017795297499786,1.023337159315343e-05
0,3,513,72.24789428710938,1.124744904139167,0.3846070869332192,0.274649786139632,-0.24460606144359387,0.0015575149409131545,0.11243346360669468,0.05678207915000754,0.0023467808727497008,-0.0033314716230587772,0.00030177943231427104,1.023232031550789e-05
0,3,514,72.24787139892578,1.1247518812831656,0.38463123133746646,0.27464771880723604,-0.24465448881336732,0.0015575082101190716,0.11241576179800901,0.056780717474739235,0.002346505444977643,-0.003330917860001584,0.0003017792699214252,1.0231283654556889e-05
0,3,515,72.24784851074219,1.1247584918925917,0.3846542848964943,0.2746445402836773,-0.2447023628129488,0.0015575043269686391,0.1123982280444691,0.056779362283638876,0.002346232486403215,-0.003330370195139853,0.00030177914000714846,1.0230257112855951e-05
0,3,516,72.24783325195312,1.1247641141397624,0.38467439401651315,0.27463764056180584,-0.2447496834423383,0.0015575040680919437,0.11238089595710408,0.056778026545042354,0.0023459628949164656,-0.003329828863019564,0.0003017790100928718,1.022924406348843e-05
0,3,517,72.24781036376953,1.1247694217802122,0.38469351105280336,0.2746297588570463,-0.24479646565748694,0.0015575035503385527,0.11236372072120844,0.0567767167431176,0.0023456962215723702,-0.0033292938636407168,0.00030177894513573345,1.0228242257732093e-05
0,3,518,72.2477798461914,1.1247748235185493,0.38471286657238696,0.27462260071862543,-0.24484270945839476,0.0015575004438182069,0.11234674715148768,0.05677541990952874,0.0023454333642609765,-0.0033287651970033117,0.0003017787827428876,1.0227255068670292e-05
0,3,519,72.24776458740234,1.1247812357531697,0.3847351217703979,0.2746199131865107,-0.24488841484506174,0.0015574930658323852,0.1123299304332363,0.05677414252844371,0.0023451729761472134,-0.0033282423940153892,0.0003017786528286109,1.0226279123219673e-05
0,3,520,72.24773406982422,1.1247889682746777,0.38476116415926237,0.27462293666013976,-0.24493359677343898,0.0015574845229014338,0.11231324815910153,0.05677289108403046,0.0023449155061761044,-0.0033277261583148886,0.000301778490435765,1.0225314421380238e-05
0,3,521,72.24771881103516,1.1247956741729161,0.3847842404898292,0.2746221872521462,-0.24497825524352657,0.0015574955251609923,0.11229675634746526,0.05677162667128132,0.002344660280930114,-0.003327215551717891,0.0003017783280429191,1.0224359838790865e-05
0,3,522,72.2477035522461,1.1248007197704544,0.38480242778321244,0.2746149515887604,-0.2450223902553244,0.0015575269786794954,0.11228049981303305,0.05677037522686807,0.0023444077493542663,-0.0033267108087703776,0.0003017781331715041,1.0223410878007086e-05
0,3,523,72.24768829345703,1.1248053607628745,0.38481941381165696,0.27460642384262723,-0.24506600180883256,0.0015575579144446073,0.11226441133374658,0.05676913026662276,0.002344157462503537,-0.003326212164018326,0.0003017780032572274,1.0222472036473368e-05
0,3,524,72.24766540527344,1.1248110890832395,0.38483952292906964,0.2746026509610046,-0.24510910486000212,0.0015575709877177297,0.11224849090960587,0.056767904758881285,0.002343910093795462,-0.0033257191483697787,0.0003017778083858123,1.0221541065467479e-05
0,3,525,72.2476577758789,1.1248180654086888,0.3848632595769527,0.2746043048269214,-0.24515171436478425,0.0015575593382664325,0.11223279455899282,0.056766685735307756,0.0023436656432300413,-0.0033252322309166938,0.0003017775810358281,1.0220620213711654e-05
0,3,526,72.24763488769531,1.1248237160312677,0.38488308447724034,0.27460084204515817,-0.2451938153672278,0.0015575384986924448,0.11221729987455467,0.05676547968007012,0.0023434234373897393,-0.0033247514116590713,0.00030177728872870553,1.0219707232483655e-05
0,3,527,72.24761962890625,1.1248275857481338,0.3848976684298085,0.2745903761749038,-0.24523542282328395,0.0015575197301320213,0.1122020292636442,0.056764286593168366,0.002343184823109627,-0.0033242755178670147,0.0003017770289001521,1.021880549486684e-05
0,3,528,72.24761199951172,1.124832133274488,0.3849141613884991,0.2745829337782784,-0.24527655168890378,0.001557500314379859,0.11218693791155585,0.05676311944293839,0.002342949126972169,-0.0033238057222704205,0.0003017768340287371,1.0217916125222325e-05
0,3,529,72.24758911132812,1.124837486053731,0.38493298908264023,0.27457913505500087,-0.24531718700813615,0.0015574830990796084,0.11217200341093687,0.056761958776876356,0.002342715900032341,-0.0033233408521393926,0.00030177663915732203,1.0217036874827873e-05
0,3,530,72.24757385253906,1.1248442903463778,0.38495602208909707,0.27458159001222104,-0.24535734373693224,0.0015574744267103093,0.11215722576178726,0.056760811079150215,0.002342486264652704,-0.0033228809074739305,0.0003017764118073378,1.0216174489850196e-05
0,3,531,72.24755859375,1.124850153107256,0.3849762327371541,0.27458040129609335,-0.24539703683124314,0.0015574891826819527,0.1121426833898417,0.05675968931809585,0.002342260220833256,-0.0033224263573659926,0.0003017763143716303,1.0215324472844819e-05
0,3,532,72.24754333496094,1.1248545917139194,0.38499221111333054,0.2745736049408417,-0.24543625133511776,0.001557522966090715,0.11212837629510017,0.05675859349371326,0.0023420379930465095,-0.0033219772018155797,0.00030177621693592275,1.0214490196895097e-05
0,3,533,72.2475357055664,1.1248590114696562,0.38500811599489454,0.27456704116048464,-0.2454750022045072,0.0015575566200611297,0.11211424845918079,0.05675750415349862,0.002341818683402418,-0.0033215339099146495,0.0003017761844573536,1.0213667164556557e-05
0,3,534,72.24752044677734,1.1248653422770005,0.38502954926988747,0.27456856581812666,-0.24551328943941148,0.0015575738353613804,0.11210029988208355,0.05675643426578781,0.002341602740846004,-0.003321095308933306,0.0003017760545430769,1.0212857624551435e-05
0,3,535,72.24750518798828,1.1248717925153033,0.38505127638411185,0.2745708398837622,-0.24555112799578172,0.0015575788834569424,0.11208649695277928,0.05675538383058083,0.0023413888185421965,-0.0033206621025094873,0.0003017759571073694,1.0212054830713024e-05
0,3,536,72.24749755859375,1.124876369357707,0.38506749408837854,0.27456569739442727,-0.2455885178736179,0.001557582119415636,0.1120729068933263,0.05675434636370974,0.0023411778143810438,-0.003320234994281131,0.00030177589215023103,1.021125990740244e-05
0,3,537,72.24747467041016,1.1248798988472732,0.38508061569565033,0.27455654944857527,-0.24562545907292008,0.0015575768124433784,0.1120594624816663,0.05675332186517454,0.002340968381527474,-0.0033198128115183405,0.00030177582719309267,1.0210471730258565e-05
0,3,538,72.24746704101562,1.1248847275275269,0.3850975136359803,0.2745530349835022,-0.2456619515936882,0.0015575619270333874,0.1120461637177993,0.05675230385080728,0.0023407614178715345,-0.0033193957887670956,0.0003017757622359543,1.0209693672364754e-05
0,3,539,72.2474594116211,1.124890294311434,0.3851165668065653,0.27455285409191754,-0.24569801039187344,0.0015575465238700052,0.11203304421275441,0.05675128583644003,0.002340556698940714,-0.0033189839260273956,0.00030177569727881596,1.0208922360637652e-05
0,3,540,72.24744415283203,1.124895301147383,0.38513394838299897,0.27455065755124686,-0.24573363546747576,0.0015575382398157493,0.11202005915182613,0.05675028079040866,0.0023403540002625,-0.0033185769887532613,0.0003017756323216776,1.0208160043799497e-05
0,3,541,72.2474365234375,1.124899360011744,0.3851485075333616,0.27454481733722835,-0.24576884177644634,0.0015575381103774017,0.11200720853501445,0.05674929519688113,0.0023401535463094046,-0.0033181749769446932,0.00030177559984310846,1.0207405597489169e-05
0,3,542,72.24742126464844,1.1249032825831675,0.38516263287187585,0.2745386928650054,-0.24580361436283402,0.0015575449706098322,0.11199450356599575,0.05674832257168948,0.00233995556155394,-0.0033177783596936494,0.00030177556736453925,1.020665789734555e-05
0,3,543,72.2474136352539,1.12490823450887,0.38517972827281616,0.2745370648407436,-0.2458379681825899,0.0015575498892670468,0.11198189943006451,0.056747362914833725,0.0023397593725785703,-0.0033173866679081718,0.00030177550240740095,1.0205920316451995e-05
0,3,544,72.24739837646484,1.1249136263152133,0.38519808984502973,0.27453752999053266,-0.24587191819166518,0.0015575558434310433,0.1119693961272207,0.05674640974214591,0.002339565428328319,-0.0033169991979503217,0.0003017754049716934,1.0205191730447385e-05
0,3,545,72.24739074707031,1.1249182459791403,0.3852141782081953,0.2745351267166224,-0.2459054494341087,0.0015575663279372108,0.11195701606481712,0.05674546305362604,0.0023393735043306745,-0.0033166161843660794,0.0003017753075359859,1.0204472139331723e-05
0,3,546,72.24738311767578,1.1249221454931049,0.38522809195336133,0.27452998422728747,-0.24593857686587156,0.001557578624580247,0.11194474803917738,0.05674454230177795,0.002339183600585637,-0.003316237861701423,0.00030177514514314,1.0203759294382769e-05
0,3,547,72.24736785888672,1.1249257274350446,0.38524105971049233,0.27452380807175464,-0.24597130048695381,0.0015575823782923318,0.111932636865007,0.0567436280340978,0.002338995941565718,-0.0033158642299563534,0.0003017749827502941,1.0203054319961642e-05
0,3,548,72.24735260009766,1.1249304760393615,0.3852574152724071,0.27452267103893685,-0.24600362029735542,0.001557573447046337,0.11192070494965875,0.0567427202505856,0.0023388107517434294,-0.0033154945854929328,0.0003017747878788791,1.0202357216068343e-05
0,3,549,72.24735260009766,1.1249352261892334,0.3852737210753474,0.2745217407393587,-0.24603555125302753,0.0015575586910746937,0.11190894108945625,0.056741831919577226,0.0023386278066462596,-0.003315129631949098,0.00030177469044317154,1.0201666858341753e-05
0,3,550,72.24734497070312,1.1249379151032013,0.3852840082079335,0.27451264447681656,-0.24606709335397015,0.0015575489831986125,0.11189733408072311,0.056740943588568855,0.002338446881801697,-0.0033147686656869123,0.0003017745605288949,1.0200984371142992e-05
0,3,551,72.2473373413086,1.1249410971988016,0.3852956993391604,0.27450582227991,-0.24609824660018328,0.001557536945432272,0.11188582790507744,0.056740068225896376,0.002338267528264717,-0.0033144126248902924,0.0003017745280503257,1.0200310878833175e-05
0,3,552,72.24732971191406,1.1249459244557096,0.38531215757157206,0.27450597732983967,-0.24612902594761804,0.001557520895077151,0.11187443376619559,0.05673920583155978,0.002338090868397879,-0.0033140605713753214,0.00030177443061461817,1.0199647505773424e-05
0,3,553,72.24730682373047,1.1249516135465314,0.38533109615896244,0.27450990526139196,-0.24615943139627444,0.0015575149409131545,0.11186314046040119,0.056738356405559076,0.002337916677728672,-0.0033137132087799363,0.00030177443061461817,1.0198998749408209e-05
0,3,554,72.24730682373047,1.1249562469538879,0.3853469530944336,0.2745097760531172,-0.2461894629461525,0.0015575315090216664,0.11185200400607616,0.05673750697955837,0.0023377449562570953,-0.0033133700680121796,0.0003017744955717565,1.0198358987931939e-05
0,3,555,72.24729919433594,1.124958569677773,0.38535604709051713,0.2745004213740256,-0.24621912059725215,0.0015575668456906018,0.1118410244032205,0.05673666403772561,0.0023375757039831493,-0.0033130311490720504,0.00030177459300746403,1.019773159442797e-05
0,3,556,72.24728393554688,1.1249618989357515,0.3853680608926426,0.2744954339346204,-0.2462484193055246,0.001557592086168413,0.11183016804080505,0.0567358275800608,0.002337408696434322,-0.0033126966865055286,0.00030177469044317154,1.019711094709071e-05
0,3,557,72.24727630615234,1.1249671561370622,0.38538564789472446,0.2744985349332143,-0.24627734411501867,0.0015575975225790182,0.11181947973353534,0.05673501057489982,0.0023372434846655895,-0.003312366445766635,0.00030177472292174074,1.019649704592016e-05
0,3,558,72.24727630615234,1.124972658357612,0.38540394901548025,0.27450287633124576,-0.24630592493763667,0.0015575957104421497,0.1118089594814114,0.056734193569738835,0.0023370805176219757,-0.0033120394886714515,0.0003017747878788791,1.01958887665552e-05
0,3,559,72.24726867675781,1.1249762665241414,0.38541670336345407,0.2744996719660321,-0.24633414681742744,0.0015575988169624958,0.11179862969178597,0.0567333830487458,0.0023369195708309687,-0.0033117167534038963,0.00030177472292174074,1.0195283860273596e-05
0,3,560,72.24725341796875,1.1249783611546962,0.3854249864076606,0.2744903948119053,-0.2463620247103421,0.0015576041239347535,0.11178854638304096,0.05673259198025659,0.00233676086876508,-0.003311398239963969,0.0003017746579646024,1.0194684575797584e-05
0,3,561,72.24725341796875,1.1249815030713985,0.38543628995659607,0.2744856141057397,-0.24638954366042956,0.0015575985580858003,0.11177861992576534,0.056731813880103274,0.0023366046358968225,-0.0033110834792597107,0.0003017744955717565,1.0194088664404924e-05
0,3,562,72.24724578857422,1.1249860070020428,0.3854515678700175,0.27448664777193765,-0.24641673357959204,0.0015575816016622451,0.11176883911628269,0.05673103577994996,0.0023364499743361473,-0.0033107722367451426,0.00030177433317891066,1.0193499499178975e-05
0,3,563,72.24723815917969,1.1249906232837705,0.38546711999762273,0.27448832747950935,-0.24644357951187842,0.0015575687872658181,0.11175917034356388,0.05673027713230047,0.0023362973330280793,-0.0033104654506041814,0.0003017741383074956,1.0192915955758618e-05
0,3,564,72.24723815917969,1.1249938833868949,0.3854786966949237,0.2744846579645066,-0.24647008145728874,0.0015575730587312937,0.11174968082966719,0.05672952496881893,0.002336147160917642,-0.0033101621826529103,0.00030177394343608053,1.0192343655949441e-05
0,3,565,72.24723052978516,1.1249961127889208,0.3854872301169476,0.27447695715133175,-0.24649625437177408,0.0015575889796480668,0.11174031455621072,0.05672878577367328,0.002335999682477347,-0.003309863136529267,0.0003017737160860963,1.0191780351029212e-05
0,3,566,72.24722290039062,1.1249993473139217,0.38549867865771104,0.27447359773618835,-0.24652209825533447,0.0015576010174144074,0.1117310603195181,0.05672805306269558,0.0023358539998171463,-0.003309567843141293,0.0003017733913004046,1.0191227165359045e-05
0,3,567,72.24720764160156,1.1250041111222333,0.38551455362559883,0.27447669873478225,-0.24654762806392103,0.0015576032178663192,0.11172189571223654,0.05672733332005376,0.002335710337409553,-0.0033092763024889886,0.0003017731639504204,1.019067960149447e-05
0,3,568,72.24720764160156,1.125008126051464,0.3855282249107404,0.27447695715133175,-0.24657282884158263,0.0015576050300031878,0.11171283193804242,0.056726620061579885,0.0023355682463095427,-0.0033089882800263737,0.0003017729366004361,1.0190139908157722e-05
0,3,569,72.24720764160156,1.125010603093048,0.38553739068728904,0.2744711169373132,-0.2465977155442704,0.0015576129257424004,0.11170389140428852,0.05672591328727396,0.0023354277265171153,-0.003308704479391387,0.00030177277420759025,1.0189608085348803e-05
0,3,570,72.24720001220703,1.1250133051399638,0.38554719485470906,0.2744664395977674,-0.24662228817198434,0.0015576168088928329,0.11169498448156377,0.05672521299713597,0.002335288778032271,-0.0033084239624001106,0.00030177264429331354,1.018908413306771e-05
0,3,571,72.2471923828125,1.1250165450411185,0.3855585321530474,0.2744641913737868,-0.24664654672472447,0.0015576103369754454,0.1116860887625154,0.05672452567533387,0.002335150951909986,-0.0033081467290525446,0.00030177257933617523,1.0188568051314445e-05
0,3,572,72.2471923828125,1.1250200258284864,0.38557055384271477,0.27446315770758883,-0.2466705061584419,0.0015575957104421497,0.11167722665449618,0.05672384483769972,0.0023350151460403076,-0.003307873013894669,0.0003017725143790369,1.0188063213172362e-05
0,3,573,72.24717712402344,1.1250228766096906,0.38558071919219516,0.2744597466091356,-0.24669416647313666,0.0015575803072787678,0.11166845417588804,0.05672317048423351,0.0023348809114782125,-0.003307602582380504,0.0003017724494218985,1.0187566245558108e-05
0,3,574,72.24718475341797,1.1250252418960196,0.3855894146172562,0.2744545007531809,-0.24671752766880872,0.0015575680106357315,0.11165977132669096,0.056722515583271134,0.0023347480237511887,-0.0033073359036020077,0.00030177238446476017,1.0187074899749444e-05
0,3,575,72.24717712402344,1.1250282971994858,0.3856000699562066,0.2744522525292003,-0.2467405897454581,0.0015575599854581713,0.11165114449587579,0.056721880134812594,0.0023346169318042595,-0.0033070727430132016,0.0003017724169433293,1.0186589175746372e-05
0,3,576,72.24717712402344,1.1250311818072625,0.3856102452408216,0.27444956499708556,-0.24676335270308478,0.001557561538718344,0.11164259609079531,0.05672123820218611,0.002334486737747378,-0.003306812631522127,0.00030177238446476017,1.0186110197910008e-05
0,3,577,72.24716186523438,1.1250347820560533,0.3856224729272253,0.2744499784635648,-0.24678583149763988,0.0015575700816492955,0.11163413731512589,0.056720609237895514,0.0023343576660530556,-0.0033065555691287837,0.0003017724169433293,1.0185633468795882e-05
0,3,578,72.24716186523438,1.1250378751272299,0.38563316757564964,0.2744484279642678,-0.24680802612912345,0.001557583802114157,0.11162583539092584,0.05671999972610874,0.0023342301656663167,-0.0033063020249251298,0.0003017724494218985,1.018515898840399e-05
0,3,579,72.24716186523438,1.1250409313765195,0.38564377239103054,0.2744469549899357,-0.24682993659753547,0.0015575994641542346,0.11161765670716602,0.05671938373015404,0.0023341042365871605,-0.003306051764365187,0.0003017724494218985,1.0184687881095454e-05
0,3,580,72.24716186523438,1.1250441657260266,0.38565486064795773,0.2744463606318719,-0.24685156290287594,0.001557608524838577,0.11160961246752278,0.056718780702535214,0.0023339792053980518,-0.0033058047874489544,0.0003017724819004677,1.0184220146870275e-05
0,3,581,72.24714660644531,1.1250473217751205,0.38566570209080114,0.2744456370655333,-0.24687290504514484,0.001557610466413793,0.11160165785729062,0.05671818415908434,0.002333855521044014,-0.003305560625084474,0.0003017724494218985,1.018375466136733e-05
0,3,582,72.24714660644531,1.125050396330423,0.38567625216341783,0.2744446809243002,-0.24689397798029333,0.0015576109841671842,0.11159386009852781,0.0567176070681373,0.00233373340799756,-0.003305319746363704,0.0003017724494218985,1.018329254894774e-05
0,3,583,72.24714660644531,1.1250532227471588,0.3856860781841702,0.27444289785010867,-0.24691478170832137,0.0015576122785506616,0.11158618558020524,0.056717029977190254,0.002333613315203712,-0.0033050816821946862,0.0003017724169433293,1.0182838307055976e-05
0,3,584,72.24713897705078,1.125055845309977,0.3856952915522646,0.27444041705123357,-0.246935316229229,0.0015576130551807482,0.11157870152438117,0.05671645937041116,0.002333495018189959,-0.0033048464325774202,0.0003017724494218985,1.0182388562608687e-05
0,3,585,72.24713134765625,1.1250584598898654,0.3857044460634401,0.2744380396189782,-0.24695558154301625,0.0015576171972078762,0.1115713519126737,0.056715901731967944,0.0023333787414288134,-0.003304613997511906,0.0003017724819004677,1.0181944439966989e-05
0,3,586,72.24713134765625,1.125061129691355,0.38571374376864664,0.2744360498115471,-0.24697559260563418,0.0015576231513718725,0.1115641031340537,0.056715350577692676,0.0023332638115027386,-0.0033043841424521647,0.0003017724494218985,1.0181504814769764e-05
0,3,587,72.24713134765625,1.125063756063161,0.385722914388961,0.274434085845771,-0.2469953344611317,0.0015576248340703933,0.11155694398484474,0.05671479942341741,0.002333150452884247,-0.0033041568673981957,0.0003017724494218985,1.0181073060100365e-05
0,3,588,72.24713134765625,1.125067069557156,0.38573410664351465,0.2744351453536239,-0.24701482206545994,0.0015576253518237843,0.11154989687239962,0.0567142417849742,0.002333038665573338,-0.0033039326414419585,0.00030177238446476017,1.0180646927236559e-05
0,3,589,72.24711608886719,1.1250700570217718,0.38574433007740055,0.27443501614534915,-0.24703405541861886,0.0015576288466591735,0.1115429842040711,0.056713690630698935,0.0023329288985150364,-0.0033037116991294314,0.00030177238446476017,1.018022754053946e-05
0,3,590,72.24711608886719,1.1250724826805958,0.3857528794962561,0.2744327162380587,-0.24705304947655965,0.0015576385545352546,0.11153614996147727,0.05671315244475956,0.0023328207027643174,-0.0033034938059146356,0.00030177238446476017,1.0179814900009073e-05
0,3,591,72.24711608886719,1.1250748704978433,0.3857613361432094,0.2744304680140781,-0.24707178928333115,0.0015576483918496836,0.11152942775564728,0.056712607774652236,0.002332713629376158,-0.003303278727251592,0.00030177235198619096,1.017940563256204e-05
0,3,592,72.24711608886719,1.1250772925018342,0.3857698566384834,0.274428478206647,-0.2470902897948845,0.001557654863767071,0.11152281758658111,0.056712076072880806,0.0023326088007131172,-0.003303067166778238,0.00030177235198619096,1.0179008733087306e-05
0,3,593,72.24710083007812,1.1250792652903123,0.38577703089054705,0.2744247828499893,-0.2471085510112197,0.001557651757246725,0.11151627463957325,0.05671155733944526,0.002332505992302683,-0.003302858420856636,0.00030177235198619096,1.0178618579779282e-05
0,3,594,72.24710845947266,1.125081101966288,0.3857837542827922,0.2744206223435425,-0.24712657293233675,0.0015576381662202113,0.11150984372932922,0.05671105805851355,0.002332405428617368,-0.003302653193124724,0.00030177225455048346,1.0178238545721323e-05
0,3,595,72.24710083007812,1.1250837326165668,0.38579279268504557,0.2744198987772039,-0.24714435555823566,0.0015576173266462238,0.11150349124481987,0.05671055877758183,0.0023323062117671235,-0.003302450076306626,0.0003017720921576376,1.0177863009107835e-05
0,3,596,72.24710083007812,1.1250866388642078,0.3858026170163921,0.2744204672936128,-0.2471618988889164,0.001557600240784321,0.11149720598236881,0.05671006598081807,0.002332208790696974,-0.0033022500085862594,0.0003017718648076534,1.0177494218661058e-05
0,3,597,72.24710083007812,1.1250890741923052,0.38581108622608873,0.2744193044191401,-0.24717921788033015,0.0015575962281955409,0.11149098794197607,0.05670956669988635,0.0023321122675168723,-0.003302053224509603,0.0003017717024148075,1.0177133298742108e-05
0,3,598,72.24710083007812,1.1250906124057896,0.38581688673069786,0.2744145495546294,-0.24719631253247684,0.0015576096897837067,0.11148487073467077,0.05670908687145848,0.0023320175401168653,-0.00330185878589274,0.00030177160497909996,1.017677800062875e-05
0,3,599,72.24710083007812,1.1250926373502768,0.3858241065998104,0.27441199123078946,-0.24721318284535654,0.0015576252223854364,0.11147875352736547,0.0567086070430306,0.0023319232616618823,-0.0033016671618276293,0.00030177150754339245,1.0176426075598745e-05
0,3,600,72.2470932006836,1.1250963700327843,0.3858363058043777,0.27441661688702534,-0.2472298288189692,0.0015576340241930833,0.1114726811347657,0.05670812721460272,0.002331829432151923,-0.003301478117768291,0.0003017714425862541,1.0176076399290979e-05
0,3,601,72.2470932006836,1.1250998163197794,0.38584763412466844,0.2744201830354083,-0.2472462504533149,0.0015576446381375987,0.11146669837157701,0.056707660354510726,0.0023317369494770344,-0.0033012916537147247,0.0003017714425862541,1.0175731220427683e-05
0,3,602,72.24708557128906,1.1251013171215183,0.3858532364107653,0.27441586747903185,-0.2472624477483935,0.001557661594561154,0.111460794034123,0.056707212946922575,0.0023316451402196816,-0.003301107769666932,0.00030177150754339245,1.0175389414647743e-05
0,3,603,72.24708557128906,1.1251021034280995,0.38585675503307476,0.27440878686557574,-0.24727843566015628,0.0015576737617658423,0.1114549457150509,0.05670676553933442,0.0023315542288523763,-0.003300926231078932,0.00030177160497909996,1.0175047608867803e-05
0,3,604,72.24708557128906,1.125103669914169,0.3858625120342069,0.27440501398395317,-0.24729421418860315,0.0015576662543416728,0.1114491646180371,0.05670633110008215,0.0023314644398476306,-0.0033007472724967046,0.0003017715725005308,1.0174710300532336e-05
0,3,605,72.24708557128906,1.125106323493337,0.3858714379270498,0.2744058667585665,-0.24730978333373416,0.0015576433437541214,0.11144342833572883,0.056705896660829876,0.002331375773205444,-0.0033005699557363327,0.00030177147506482325,1.0174375240919105e-05
0,3,606,72.24708557128906,1.1251089402069139,0.38588025603722725,0.2744067195331798,-0.24732514309554926,0.001557618232714658,0.11143778168283162,0.05670546222157761,0.002331287779980793,-0.003300395218981733,0.0003017713451505466,1.0174044678750348e-05
0,3,607,72.2470703125,1.1251102505539896,0.38588524790917716,0.2744023522934934,-0.24734029347404848,0.0015576058066332742,0.11143220225199273,0.05670503426649329,0.0023312006846461894,-0.003300222593140948,0.0003017712152362699,1.0173715240942708e-05
0,3,608,72.2470703125,1.1251110143991137,0.38588864683584945,0.2743958918797561,-0.24735524942518297,0.0015576041239347535,0.11142669004321214,0.05670460631140896,0.0023311140382566097,-0.003300051843667997,0.0003017711178005624,1.0173388051857306e-05
0,3,609,72.2470703125,1.1251135191875907,0.3858971394383387,0.2743967963376793,-0.24736999599300158,0.0015576037356197102,0.11142114422340238,0.05670417187215669,0.0023310280652845653,-0.003299882970562881,0.00030177098788628567,1.0173064235855256e-05
0,3,610,72.2470703125,1.125117163903189,0.3859089201563648,0.27440248150176816,-0.24738454813345542,0.0015576102075370976,0.11141564321829817,0.05670375040124031,0.0023309429902025687,-0.003299716442917558,0.0003017708904505781,1.0172746041658799e-05
0,3,611,72.24707794189453,1.1251196526688605,0.38591731343179037,0.27440354100962105,-0.24739890584654453,0.0015576319531795193,0.11141023184260501,0.05670333541449188,0.0023308585885381075,-0.0032995520261860493,0.0003017709229291473,1.0172430096184579e-05
0,3,612,72.2470703125,1.1251202155577609,0.38592007456547045,0.27439682217933425,-0.24741306913226888,0.0015576639244514134,0.11140489889264656,0.05670292691191139,0.0023307750847636937,-0.0032993899549143336,0.00030177098788628567,1.0172116399432594e-05
0,3,613,72.2470703125,1.1251214980040019,0.3859249327386513,0.27439320434764136,-0.24742703799062848,0.0015576804925599252,0.11139962196107,0.056702518409330896,0.0023306924788793273,-0.003299229994556432,0.0003017711502791315,1.0171807200125082e-05
0,3,614,72.2470703125,1.1251240255542052,0.38593343745713526,0.27439485821355813,-0.24744082737757447,0.001557674926710972,0.11139438984419898,0.05670210342258246,0.0023306107708850085,-0.0032990719105663647,0.00030177124771483903,1.0171503622623161e-05
0,3,615,72.24706268310547,1.1251264535464447,0.3859415801080235,0.2743961502963056,-0.24745442233715573,0.0015576558992738529,0.11138922494938627,0.0567017143725058,0.002330530858670785,-0.0032989159374901115,0.00030177128019340824,1.0171205666926833e-05
0,3,616,72.24706268310547,1.1251276641034234,0.38594617346337956,0.2743925841479226,-0.24746783782532333,0.0015576362246449951,0.11138412727663186,0.05670132532242914,0.002330452293291632,-0.0032987620753276723,0.00030177137762911574,1.0170916706119448e-05
0,3,617,72.24706268310547,1.1251282248380592,0.38594881934322295,0.2743864079923897,-0.24748107384207735,0.0015576209509199608,0.11137910802961212,0.05670095572485632,0.0023303757481650863,-0.003298609620441109,0.00030177137762911574,1.0170633367117656e-05
0,3,618,72.24705505371094,1.1251299375147301,0.3859548056087306,0.27438506422633235,-0.24749413038741777,0.0015576060655099696,0.11137415600465068,0.05670059261145143,0.002330300100928588,-0.0032984590419223806,0.00030177137762911574,1.0170353401199219e-05
0,3,619,72.24705505371094,1.1251326320381514,0.38596365438833835,0.27438788096672184,-0.24750700746134455,0.0015575992052775391,0.11136927120174756,0.05670022949804655,0.0023302260249996724,-0.0032983108088634455,0.00030177137762911574,1.0170079057086372e-05
0,3,620,72.24705505371094,1.1251343518825059,0.38596959160221445,0.2743867180922491,-0.24751970506385773,0.0015576109841671842,0.11136449843560826,0.05669989232131345,0.0023301532959058282,-0.003298163983080386,0.00030177137762911574,1.0169810334779116e-05
0,3,621,72.24705505371094,1.1251353786192808,0.3859735087762089,0.2743828160023518,-0.2475322381509084,0.0015576329886863014,0.1113598377062328,0.056699555144580346,0.0023300821381195672,-0.003298019033665161,0.0003017713451505466,1.0169546109916334e-05
0,3,622,72.24705505371094,1.125137364379208,0.3859802212950527,0.2743829710522815,-0.2475445917665455,0.0015576509806166385,0.11135526660626839,0.05669921796784724,0.002330012551640889,-0.003297875960617771,0.0003017713126719774,1.0169285258136906e-05
0,3,623,72.24705505371094,1.1251401525667606,0.3859892544989955,0.27438651135900954,-0.2475567808667201,0.0015576584880408078,0.11135076272836229,0.056698887275282085,0.0023299436385797465,-0.0032977345293922363,0.0003017711827577007,1.0169027779440832e-05
0,3,624,72.24705505371094,1.12514157965824,0.3859943020544325,0.27438454739323337,-0.24756880545143223,0.0015576609473694151,0.11134637088722003,0.056698563066884866,0.002329875847881163,-0.0032975956781724743,0.000301771052843424,1.0168772549466997e-05
0,3,625,72.2470474243164,1.1251419861677894,0.3859963744761329,0.2743785004459753,-0.24758066552068186,0.00155765952354759,0.1113420910828416,0.056698238858487654,0.0023298098529626753,-0.0032974584687745674,0.0003017708904505781,1.0168521816937631e-05
0,3,626,72.24705505371094,1.1251435092993263,0.38600170114045645,0.2743771566799179,-0.24759236107446903,0.0015576463208361196,0.11133786729684508,0.056697914650090435,0.0023297443069892104,-0.0032973233702904745,0.00030177076053630145,1.0168272208769387e-05
0,3,627,72.2470474243164,1.1251458606271056,0.3860093882526072,0.27437924985396883,-0.2476038921127937,0.0015576272933990004,0.11133372193658325,0.05669760989419705,0.0023296796589057935,-0.003297190148174216,0.00030177059814345553,1.0168025973684495e-05
0,3,628,72.24705505371094,1.1251477848352545,0.38601584834320574,0.2743797150037579,-0.24761527359160707,0.0015576149967559644,0.11132966620573248,0.056697298654135725,0.0023296156842399123,-0.003297058567879813,0.00030177050070774803,1.0167780862960722e-05
0,3,629,72.24703979492188,1.1251486679082163,0.38601925667931747,0.2743759938054452,-0.24762649055495792,0.0015576179738379626,0.11132571130796917,0.05669699389824234,0.0023295530564091016,-0.003296929098499224,0.00030177050070774803,1.0167540249681423e-05
0,3,630,72.2470474243164,1.1251494527349721,0.38602234360929893,0.2743719366656182,-0.24763755795879744,0.0015576310471110853,0.11132180122491138,0.05669670211068485,0.0023294904285782914,-0.0032968017400324488,0.0003017705656648864,1.0167300760763241e-05
0,3,631,72.24703979492188,1.1251514268787837,0.38602895016611943,0.2743729703318162,-0.24764846084717446,0.0015576421788089916,0.11131791354920637,0.056696390870623524,0.002329428249692505,-0.003296676492479488,0.00030177059814345553,1.016706127184506e-05
0,3,632,72.24703979492188,1.1251539120000587,0.3860370103152411,0.27437617469702985,-0.24765921417604017,0.0015576508511782907,0.11131404828085412,0.05669609259889809,0.002329366744224254,-0.003296553121294361,0.00030177063062202474,1.016682628037135e-05
0,3,633,72.24703979492188,1.1251555965785494,0.38604273721393956,0.27437622638033976,-0.2476698179453945,0.0015576626300679358,0.11131019421617826,0.05669579432717265,0.0023293056877010266,-0.0032964316264770693,0.0003017706955791631,1.0166594661980996e-05
0,3,634,72.24703979492188,1.1251560450712084,0.38604486136832117,0.2743713164658994,-0.24768028711118864,0.0015576740206425378,0.11130637376253154,0.05669549605544721,0.0023292450801228235,-0.0032963122425735914,0.0003017707930148706,1.0166366416673998e-05
0,3,635,72.24703979492188,1.125156966941626,0.3860483289571877,0.2743684222005451,-0.24769060671747142,0.0015576698786154098,0.11130257571623758,0.05669521075205766,0.002329185594907179,-0.0032961945004919687,0.0003017707930148706,1.0166141544450352e-05
0,3,636,72.24703979492188,1.1251593532157544,0.3860560816310824,0.2743716782490687,-0.24770077676424287,0.0015576520161234204,0.11129881128097278,0.056694918964500164,0.002329127232054094,-0.0032960786347781806,0.00030177076053630145,1.016592116967118e-05
0,3,637,72.24703979492188,1.1251616839341325,0.38606367245985457,0.27437480508931755,-0.2477108122074541,0.0015576385545352546,0.1112951028640899,0.05669462717694267,0.002329069767091057,-0.0032959648799782064,0.00030177072805773224,1.0165706416697599e-05
0,3,638,72.24703979492188,1.1251621703897867,0.3860658890023033,0.2743704636912861,-0.24772069809115402,0.0015576416610556007,0.11129149528029447,0.056694335389385175,0.0023290136489630907,-0.003295853001546067,0.0003017706955791631,1.0165498409890728e-05
0,3,639,72.24703979492188,1.12516248515807,0.3860675700829262,0.2743654762518809,-0.24773044937129368,0.0015576534399452458,0.1112879213075282,0.056694056570163576,0.0023289586531976838,-0.0032957425303898036,0.00030177076053630145,1.0165292651806094e-05
0,3,640,72.24703979492188,1.1251643163397664,0.3860736525413835,0.2743667941762833,-0.24774006604787316,0.0015576591352325466,0.11128436974211467,0.056693784235109915,0.002328903657432277,-0.003295634170147354,0.0003017707930148706,1.0165091391165931e-05
0,3,641,72.24703979492188,1.1251665307710566,0.3860808338349228,0.27436976596660245,-0.24774954812089242,0.0015576596529859378,0.11128085178773031,0.05669351838422419,0.0023288500085019413,-0.0032955269826348012,0.0003017707930148706,1.0164891254886886e-05
0,3,642,72.24703979492188,1.1251676006300038,0.38608467945793024,0.27436813794234066,-0.24775889559035147,0.001557661594561154,0.11127740105540423,0.05669325253333848,0.0023287968085166292,-0.003295421202398124,0.00030177076053630145,1.016469336733008e-05
0,3,643,72.24703979492188,1.1251677706108656,0.3860859025193742,0.2743629179280409,-0.2477681084562503,0.001557663018382979,0.11127400634146009,0.05669298668245276,0.0023287449553663886,-0.003295316829437323,0.0003017706955791631,1.0164501101578864e-05
0,3,644,72.24703979492188,1.125168524333015,0.38608877306463085,0.2743601011876515,-0.24777720167454007,0.001557654863767071,0.11127066764589785,0.056692740284070876,0.0023286937756336833,-0.0032952133946604397,0.00030177059814345553,1.0164311084549884e-05
0,3,645,72.24703979492188,1.1251699173346266,0.38609354171836235,0.27436004950434156,-0.24778616028926964,0.0015576386839736024,0.11126739617239392,0.05669248091735311,0.0023286437182635377,-0.003295111601705411,0.0003017704032720405,1.0164122191882023e-05
0,3,646,72.24703216552734,1.1251711757900156,0.3860978827481626,0.27435948098793267,-0.24779498430043898,0.001557622892495177,0.11126421432830107,0.05669223451897122,0.002328594558783439,-0.003295011216026259,0.00030177020840062546,1.0163936672297515e-05
0,3,647,72.24703216552734,1.1251723777556994,0.38610205960636157,0.2743587574215941,-0.24780368866399924,0.0015576174560845717,0.11126111090994288,0.056691988120589336,0.002328546746138412,-0.0032949117685310237,0.0003017700135292104,1.0163755650157482e-05
0,3,648,72.24703979492188,1.1251736881189007,0.3861065529406858,0.2743585506883545,-0.24781227337995043,0.0015576252223854364,0.11125809712099576,0.05669174172220746,0.0023284993824384086,-0.0032948137283116646,0.0003017698186577954,1.0163575752378566e-05
0,3,649,72.24703216552734,1.1251753971164313,0.3861121728983938,0.2743600236626866,-0.24782073844829255,0.0015576433437541214,0.1112551169430778,0.05669150829216146,0.0023284529166284523,-0.00329471756446014,0.00030176968874351867,1.0163399227683004e-05
0,3,650,72.24703216552734,1.1251769918792354,0.38611746014006987,0.27436110901219446,-0.24782908386902558,0.0015576666426567161,0.11125220398721813,0.05669127486211546,0.00232840689976352,-0.003294622338792533,0.0003017696237863803,1.0163223827348561e-05
0,3,651,72.24703216552734,1.1251783424662725,0.3861220712417462,0.274361341587089,-0.24783730964214956,0.00155768942380592,0.11124931343871122,0.056691028463733584,0.002328360658426076,-0.003294528754946781,0.00030176968874351867,1.0163047302653e-05
0,3,652,72.24703216552734,1.125179689154444,0.3861266704678931,0.2743616516869484,-0.24784541576766445,0.0015577024970790424,0.11124645650123348,0.0566907820653517,0.00232831419261612,-0.0032944368129228844,0.0003017696562649495,1.0162868529235203e-05
0,3,653,72.24703216552734,1.1251808753218524,0.3861307836367228,0.27436136742874395,-0.24785340224557026,0.0015577049564076497,0.11124364437846126,0.05669054215113776,0.0023282681757511876,-0.0032943458090829054,0.00030176968874351867,1.016269200453964e-05
0,3,654,72.24702453613281,1.1251815394195026,0.38613333935816074,0.2743589899964886,-0.247861269075867,0.0015576943424631343,0.11124085466304182,0.05669031520525971,0.0023282230567763028,-0.0032942566816107606,0.0003017697212220878,1.0162516604205198e-05
0,3,655,72.24703216552734,1.1251817420274262,0.38613456760737414,0.2743548294900418,-0.2478690312145058,0.0015576745383959287,0.11123808735497513,0.056690081775213716,0.00232817816227393,-0.0032941677886845953,0.0003017697212220878,1.0162342328231873e-05
0,3,656,72.24703216552734,1.1251821695397834,0.3861364330423721,0.27435165096648306,-0.24787668866148665,0.0015576458030827284,0.11123534245426121,0.05668985482933566,0.0023281341656616046,-0.003294080303034306,0.00030176968874351867,1.0162174798425258e-05
0,3,657,72.24702453613281,1.1251835015638492,0.3861408808996324,0.27435221948289196,-0.24788422646085842,0.001557616679454485,0.11123258634987092,0.05668964733596144,0.0023280910669393265,-0.0032939939901139134,0.00030176959130781116,1.0162010641701997e-05
0,3,658,72.24703216552734,1.1251846678651756,0.38614486420522204,0.27435221948289196,-0.24789165956857226,0.0015576011468527553,0.11122985265283339,0.056689433358419285,0.00232804819268956,-0.003293908849923417,0.00030176959130781116,1.0161848733700973e-05
0,3,659,72.24702453613281,1.1251853954293676,0.3861475168201066,0.27435043640870044,-0.24789898798462814,0.0015576065832633608,0.11122713015947223,0.05668923883338095,0.0023280057673848178,-0.0032938248824628175,0.0003017696237863803,1.0161691323144421e-05
0,3,660,72.24702453613281,1.1251861561358383,0.38615026662660923,0.27434891175105847,-0.2479062117090261,0.0015576253518237843,0.11122434044405279,0.05668904430834262,0.002327964239970123,-0.0032937425568240735,0.00030176959130781116,1.0161537285671225e-05
0,3,661,72.24702453613281,1.1251873563056698,0.3861542615803397,0.2743492476925728,-0.2479133307417661,0.0015576468385895105,0.11122151711760418,0.05668886275164018,0.002327922712555428,-0.003293661403915226,0.0003017696237863803,1.0161387745642502e-05
0,3,662,72.24702453613281,1.1251893625912621,0.3861605697289851,0.2743529430492305,-0.2479203450828482,0.0015576654777115864,0.11121867138380281,0.05668869416327363,0.0023278814096132448,-0.0032935821273742134,0.0003017696562649495,1.0161240454336014e-05
0,3,663,72.24702453613281,1.1251908021429542,0.3861652263902176,0.27435439018190766,-0.2479272547322723,0.0015576825635734892,0.11121587046470699,0.05668852557490708,0.002327840555616085,-0.003293504023563097,0.0003017697212220878,1.0161094287390646e-05
0,3,664,72.24702453613281,1.1251913243701412,0.3861672099276096,0.2743521419579271,-0.2479340596900385,0.0015576947307781776,0.11121313676766945,0.056688356986540525,0.002327800823981485,-0.0032934263888439396,0.000301769753700657,1.0160949244806395e-05
0,3,665,72.24702453613281,1.1251915763120666,0.3861683875189635,0.27434880838443865,-0.2479407749120979,0.0015576931775180046,0.1112104814963666,0.05668819488234192,0.002327761765764421,-0.003293350161400658,0.0003017697861792262,1.0160808699666617e-05
0,3,666,72.24702453613281,1.1251923659284802,0.3861711664770489,0.27434780055989566,-0.24794738544249934,0.001557675962217754,0.11120788224344567,0.05668801980980742,0.002327723380964892,-0.0032932751066872728,0.00030176985113636453,1.0160671527610194e-05
0,3,667,72.24702453613281,1.1251932516936554,0.386174207488342,0.2743472062018318,-0.24795390623719396,0.001557651757246725,0.11120537261993581,0.05668785122144087,0.0023276861185279225,-0.0032932005210658468,0.0003017699485720721,1.0160537728637125e-05
0,3,668,72.24702453613281,1.125193989803866,0.3861768184508082,0.27434606916901405,-0.24796032234023066,0.0015576315648644762,0.11120294142216063,0.05668768263307432,0.0023276493050359767,-0.0032931268736283376,0.0003017700460077796,1.0160401680941819e-05
0,3,669,72.24702453613281,1.1251942393192589,0.3861780240952856,0.27434299401207507,-0.24796664870756055,0.0015576230219335248,0.11120061105747289,0.05668750756053982,0.002327613389434078,-0.003293054398920725,0.0003017701434434871,1.0160269006329869e-05
0,3,670,72.24702453613281,1.1251942600650107,0.3861785458692004,0.2743390143972129,-0.24797288533918363,0.0015576235396869158,0.11119833671116708,0.05668733897217327,0.0023275774738321796,-0.0032929823933050715,0.00030177024087919466,1.0160134082995682e-05
0,3,671,72.24702453613281,1.1251956309405027,0.3861830369458559,0.2743406941047846,-0.2479790322350999,0.00155762444575535,0.11119608477221402,0.05668715741547083,0.0023275424561203287,-0.0032929110913273558,0.00030177033831490217,1.016000253274485e-05
0,3,672,72.24702453613281,1.1251978120573933,0.38618990658041136,0.2743457849108096,-0.24798508939530936,0.0015576284583441301,0.11119387764796651,0.056686969374600445,0.00232750766288099,-0.003292840258441599,0.0003017703707934713,1.0159874355577372e-05
0,3,673,72.24702453613281,1.125198814694775,0.38619329001074654,0.27434601748570414,-0.247991056819812,0.0015576469680278584,0.11119174894945368,0.05668680078623389,0.00232747399200421,-0.003292770598285738,0.0003017704357506097,1.0159746178409895e-05
0,3,674,72.24702453613281,1.1251983050097123,0.386192302933952,0.27434015143003065,-0.24799693450860788,0.0015576711729988872,0.11118968747299914,0.05668661922953145,0.0023274403211274303,-0.0032927018763137953,0.00030177053318631723,1.01596168768813e-05
0,3,675,72.24702453613281,1.1251987701574724,0.38619411988290053,0.27433829083087435,-0.2480027224616969,0.001557680104244882,0.11118768201492653,0.0566864506411649,0.002327407323668186,-0.003292634561617728,0.00030177050070774803,1.0159486450991585e-05
0,3,676,72.24702453613281,1.125201237389936,0.38620175121847483,0.27434467371964677,-0.24800843563503028,0.0015576683253552368,0.11118569896420667,0.05668628853696629,0.002327374775153966,-0.003292567950559599,0.00030177030583633296,1.0159358273824108e-05
0,3,677,72.24702453613281,1.1252029413002038,0.3862071231436246,0.27434792976817035,-0.24801405907265686,0.001557659005794199,0.11118378313554513,0.05668613940110358,0.002327343124529793,-0.003292502746777346,0.00030177011096491795,1.0159228972295513e-05
0,3,678,72.24702453613281,1.1252024498428697,0.38620611729230925,0.2743422704457365,-0.2480195927745766,0.0015576634066980224,0.11118191212158911,0.05668598378107291,0.0023273116983781317,-0.0032924382466330304,0.00030176985113636453,1.0159100795128034e-05
0,3,679,72.24702453613281,1.1252018453787913,0.3862047644482446,0.2743361718151685,-0.2480250516967407,0.001557667678163498,0.11118008592233862,0.056685834645210195,0.002327281170116518,-0.0032923753883105705,0.0003017696237863803,1.0158975991043912e-05
0,3,680,72.24701690673828,1.125203098689747,0.3862088059288785,0.2743377481561204,-0.24803042088319796,0.0015576612062461106,0.11117825972308815,0.05668569199351542,0.0023272510907999286,-0.0032923137027180073,0.00030176933147925774,1.0158853435682025e-05
0,3,681,72.24702453613281,1.1252048567379462,0.38621435326830605,0.27434152103774295,-0.24803571528989957,0.0015576526633151592,0.1111764111164849,0.05668553637348475,0.002327221460428362,-0.0032922529553093614,0.0003017691041292735,1.015873650212573e-05
0,3,682,72.24702453613281,1.1252052637594043,0.3862159827132032,0.27433984133017125,-0.2480409349168455,0.001557654863767071,0.11117457371355803,0.056685374269286146,0.00232719227900182,-0.003292193146084633,0.0003017688443007201,1.0158621817291671e-05
0,3,683,72.24701690673828,1.1252048403926982,0.38621519310372293,0.27433482804911113,-0.24804607976403578,0.001557661465122806,0.11117272510695478,0.05668521216508754,0.002327163322047789,-0.0032921349786817593,0.00030176871438644345,1.0158512754263202e-05
0,3,684,72.24702453613281,1.1252053541892555,0.38621715117888056,0.27433376854125824,-0.24805113487551922,0.0015576597824242854,0.11117086529667514,0.05668504357672099,0.0023271345895662706,-0.0032920777494628035,0.00030176868190787424,1.0158408188679209e-05
0,3,685,72.24702453613281,1.125206844920277,0.3862219550222311,0.27433679201488725,-0.24805611520724702,0.001557649686233161,0.11116898307904274,0.056684874988354436,0.0023271065305022873,-0.0032920214584277645,0.00030176871438644345,1.0158310369261923e-05
0,3,686,72.24702453613281,1.12520740536667,0.3862240309918113,0.27433604260689376,-0.24806102075921913,0.001557642955439078,0.11116710086141035,0.05668471288415583,0.002327078695910816,-0.003291966809214581,0.0003017687793435818,1.0158214798566874e-05
0,3,687,72.24702453613281,1.1252071639030508,0.38622377104817157,0.27433206299203156,-0.24806585153143557,0.0015576433437541214,0.11116524105113071,0.05668455077995722,0.002327051085791857,-0.0032919126290933565,0.000301769006693566,1.0158119227871825e-05
0,3,688,72.24702453613281,1.1252076527681316,0.38622563867761645,0.2743311326924534,-0.24807062247984746,0.001557641013863862,0.11116338124085108,0.05668438867575861,0.0023270234756728975,-0.0032918589180640904,0.0003017691041292735,1.0158025905899013e-05
0,3,689,72.24701690673828,1.1252090329469162,0.3862300496196151,0.2743338460662231,-0.24807531864850368,0.0015576357068916042,0.11116153263424783,0.056684246024063835,0.002326996538971474,-0.0032918066143107004,0.00030176923404355024,1.015793145956508e-05
0,3,690,72.24701690673828,1.1252100520118862,0.3862333911437214,0.27433511230731555,-0.24807994003740425,0.0015576386839736024,0.11115970643499734,0.056684109856537004,0.002326969826742562,-0.003291754779649269,0.00030176936395782695,1.0157839261953387e-05
0,3,691,72.24702453613281,1.1252101525297458,0.38623403936477557,0.27433263150844045,-0.2480844866465491,0.0015576509806166385,0.11115793625412877,0.05668398017317812,0.0023269437879311853,-0.003291703414079796,0.00030176942891496525,1.0157747064341693e-05
0,3,692,72.24702453613281,1.125210173691762,0.3862344386589944,0.27432984060970594,-0.24808897343188946,0.0015576632772596746,0.11115619968428936,0.05668385697398718,0.002326918422537345,-0.003291652048510323,0.00030176946139353445,1.0157657115452234e-05
0,3,693,72.24701690673828,1.1252112601216784,0.38623792314363636,0.2743314427923128,-0.24809338543747414,0.0015576654777115864,0.11115450792915547,0.05668374025896418,0.0023268937305610396,-0.0032916009174868296,0.00030176942891496525,1.0157568290923894e-05
0,3,694,72.24701690673828,1.125212739812135,0.38624253524157265,0.27433467299918146,-0.24809773761925427,0.0015576618534378494,0.11115284978505074,0.056683630028109125,0.002326869263057246,-0.003291550490101274,0.0003017693964363961,1.0157480590756674e-05
0,3,695,72.24702453613281,1.12521310614847,0.3862439218071072,0.2743334067580889,-0.24810201502127874,0.0015576626300679358,0.11115124765932793,0.05668351331308613,0.0023268452444984767,-0.003291501000899636,0.00030176942891496525,1.0157390641867215e-05
0,3,696,72.24702453613281,1.1252129449457926,0.38624368286780775,0.27432989229301585,-0.24810623259949866,0.0015576640538897612,0.11114967914463426,0.05668342901890285,0.0023268212259397072,-0.003291451980789956,0.00030176942891496525,1.015729956861664e-05
0,3,697,72.24701690673828,1.1252133306532928,0.38624503685618794,0.2743286518935783,-0.24811039035391405,0.0015576583586024602,0.11114816664832251,0.05668334472471958,0.0023267974318534495,-0.0032914041334101735,0.00030176946139353445,1.0157207371004945e-05
0,3,698,72.24701690673828,1.1252142992378076,0.38624812410639575,0.27432989229301585,-0.2481144882845249,0.0015576474857812493,0.11114668776303992,0.056683247462200416,0.002326773637767192,-0.0032913567551223493,0.00030176946139353445,1.0157112924671014e-05
0,3,699,72.24701690673828,1.1252152500949288,0.3862511244111847,0.27433105516748857,-0.24811851143538005,0.0015576407549871664,0.11114526489613923,0.05668316316801714,0.002326750292625958,-0.003291309611380504,0.00030176946139353445,1.0157018478337083e-05
0,3,700,72.24700927734375,1.1252155257582184,0.3862521936601991,0.27432953050984654,-0.2481224747624307,0.0015576430848774259,0.11114389804762047,0.05668306590549797,0.002326727171957236,-0.0032912634058225765,0.00030176946139353445,1.0156924032003153e-05
0,3,701,72.24700927734375,1.1252156656906769,0.3862528854935491,0.2743275148607605,-0.2481263782656768,0.001557650721739943,0.11114256481013085,0.056682962158810864,0.0023267045002335375,-0.0032912181384485662,0.0003017693964363961,1.015683071003034e-05
0,3,702,72.24700927734375,1.1252164650594938,0.3862554628334954,0.27432821258544415,-0.24813022194511836,0.001557657323095678,0.11114122036896484,0.056682871380459646,0.0023266813795648155,-0.0032911740438044527,0.0003017693964363961,1.0156738512418646e-05
0,3,703,72.24702453613281,1.1252177838776711,0.3862595888462968,0.27433115853410833,-0.24813400580075537,0.0015576637950130655,0.1111398423167697,0.056682767633772536,0.002326658707841117,-0.0032911304182522976,0.00030176942891496525,1.0156645190445833e-05
0,3,704,72.24701690673828,1.125218324169099,0.3862614470101335,0.27433095180086875,-0.24813772983258786,0.0015576725968207126,0.1111384978756037,0.05668266388708543,0.0023266353626998832,-0.003291087027246122,0.00030176942891496525,1.0156551868473021e-05
0,3,705,72.24701690673828,1.1252183773404043,0.38626192148706545,0.2743288327851629,-0.24814140899656695,0.0015576786804230567,0.11113716463811409,0.05668254717206243,0.002326612466503673,-0.0032910450435158223,0.00030176946139353445,1.0156459670861327e-05
0,3,706,72.24702453613281,1.1252187068571085,0.3862631651225533,0.27432785080227484,-0.24814502833674149,0.0015576767388478406,0.11113583140062447,0.05668244342537532,0.002326589794779975,-0.00329100399796944,0.00030176946139353445,1.0156369721971868e-05
0,3,707,72.24701690673828,1.125219697858275,0.3862663708437417,0.27432968555977627,-0.2481485878531115,0.001557667678163498,0.11113449816313485,0.056682326710352324,0.002326568020946324,-0.0032909638906069745,0.0003017693964363961,1.0156283146165765e-05
0,3,708,72.24701690673828,1.1252204404110624,0.3862688352214096,0.2743305124927346,-0.2481521025016281,0.0015576619828761972,0.11113317612932162,0.05668221647949727,0.002326546247112673,-0.003290924017790489,0.00030176933147925774,1.0156199943443017e-05
0,3,709,72.24701690673828,1.1252205670363071,0.38626950577765373,0.2743288586268179,-0.24815555732634018,0.0015576649599581955,0.11113187650286115,0.056682106248642214,0.0023265253711690693,-0.003290884848611941,0.0003017692665221194,1.0156121238164741e-05
0,3,710,72.24700927734375,1.1252205190714097,0.38626968558747626,0.2743265587195274,-0.2481589523272477,0.0015576701374921053,0.11113059928375345,0.05668198953361922,0.0023265056175880254,-0.0032908466176173106,0.0003017691690864119,1.0156047030330938e-05
0,3,711,72.24701690673828,1.1252214313231172,0.3862726445608589,0.27432821258544415,-0.24816230246030183,0.0015576702669304531,0.11112932206464575,0.056681879302764165,0.002326486312952005,-0.003290809090260618,0.0003017691041292735,1.015597619558049e-05
0,3,712,72.24701690673828,1.1252223587128112,0.38627562985431335,0.27432994397632576,-0.2481655927695514,0.0015576700080537575,0.1111280784565672,0.056681775556077056,0.002326467906206032,-0.003290772031995884,0.00030176903917213517,1.0155909858274514e-05
0,3,713,72.24700927734375,1.1252224678974125,0.3862762317703401,0.2743283417937189,-0.2481688382109476,0.0015576711729988872,0.11112687966319418,0.05668167180938995,0.0023264499484050827,-0.0032907354428231093,0.00030176894173642767,1.0155846894051895e-05
0,3,714,72.24700927734375,1.1252224334863818,0.3862764507500543,0.27432622277801305,-0.24817203878449037,0.0015576698786154098,0.11112572568452671,0.056681555094366946,0.0023264326640216695,-0.0032906990881963133,0.00030176890925785846,1.0155783929829273e-05
0,3,715,72.24701690673828,1.1252227499550715,0.3862776384718747,0.2743254992116745,-0.2481751795342286,0.0015576653482732386,0.11112462772424113,0.05668145783184778,0.0023264160530557915,-0.003290662968115497,0.00030176881182215095,1.015572208996777e-05
0,3,716,72.24701690673828,1.1252234502750678,0.3862799265473245,0.2743263519862878,-0.24817827541611345,0.0015576596529859378,0.11112356337498472,0.056681367053496565,0.002326399891034937,-0.003290627551672618,0.00030176871438644345,1.0155662498828505e-05
0,3,717,72.24702453613281,1.125224049839819,0.3862819569109688,0.2743268688193868,-0.24818132643014487,0.0015576606884927196,0.11112253263675745,0.056681263306809455,0.0023263841779591066,-0.0032905926043216983,0.0003017686494293051,1.0155605156411476e-05
0,3,718,72.24702453613281,1.1252243146623162,0.38628297713499626,0.2743259902031185,-0.2481843325763229,0.001557670784683844,0.11112153550955933,0.05668117252845824,0.002326368689355788,-0.0032905583606087163,0.00030176855199359753,1.0155547813994447e-05
0,3,719,72.24701690673828,1.125224731201257,0.3862844393228517,0.2743257834698789,-0.2481872788986964,0.0015576813986283595,0.1111205495860376,0.05668108175010701,0.002326353649697493,-0.003290524351441714,0.00030176848703645923,1.0155490471577417e-05
0,3,720,72.24702453613281,1.1252253946853281,0.38628658520440184,0.27432658456118236,-0.2481901803532165,0.0015576886471758333,0.11111955245883949,0.056681003940091686,0.0023263381610941743,-0.0032904912804586285,0.00030176848703645923,1.0155433129160388e-05
0,3,721,72.24701690673828,1.125225882281844,0.3862882186800027,0.2743267137694571,-0.24819303693988318,0.0015576948602165253,0.1111185329242886,0.05668092613007635,0.002326322448018344,-0.0032904582094755437,0.0003017685195150284,1.0155375786743359e-05
0,3,722,72.24701690673828,1.1252264280648336,0.3862900036443149,0.27432710139428135,-0.24819584865869646,0.0015576956368466117,0.11111750218606134,0.056680854804228964,0.0023263067349425133,-0.0032904258421303963,0.00030176858447216674,1.0155316195604093e-05
0,3,723,72.24701690673828,1.1252268988256415,0.38629156984078505,0.2743272306025561,-0.24819861550965633,0.0015576916242578316,0.1111164490404813,0.056680783478381576,0.0023262907973941706,-0.003290394412969166,0.0003017686494293051,1.0155258853187063e-05
0,3,724,72.24700927734375,1.1252268343606333,0.386291559252845,0.2743251891118151,-0.24820133749276282,0.001557687870545747,0.1111153734875485,0.05668071863670213,0.002326274410900805,-0.003290363218353916,0.00030176881182215095,1.0155199262047797e-05
0,3,725,72.24700927734375,1.125226921841771,0.3862920089184415,0.2743238453457577,-0.2482040146080159,0.0015576823046967937,0.11111427552726294,0.056680647310854745,0.002326257799934927,-0.003290333196468562,0.0003017688767792893,1.0155140795269649e-05
0,3,726,72.24700927734375,1.125227514613109,0.3862939657794771,0.27432464643706117,-0.2482066618113667,0.0015576740206425378,0.11111318877065375,0.05668056301667147,0.002326241862386584,-0.0032903038782211456,0.00030176903917213517,1.015508457721374e-05
0,3,727,72.24702453613281,1.1252281665274313,0.38629607733697335,0.27432570594491407,-0.2482092641468641,0.001557669231423671,0.11111210201404458,0.05668048520665614,0.002326225924838242,-0.00329027455997373,0.0003017691041292735,1.0155029483518945e-05
0,3,728,72.24700927734375,1.1252280383888442,0.3862958639472949,0.2743235094042434,-0.24821182161450808,0.0015576740206425378,0.1111110712758173,0.05668042684914464,0.002326210885179947,-0.003290245710818272,0.0003017691690864119,1.0154976638546388e-05
0,3,729,72.24701690673828,1.1252278801804985,0.38629561630883413,0.27432128702191777,-0.24821433421429867,0.0015576815280667071,0.11111008535229557,0.05668034903912931,0.002326195845521652,-0.0032902180343927115,0.00030176923404355024,1.0154921544851596e-05
0,3,730,72.24700927734375,1.125228677079208,0.3862981150174571,0.2743229408878345,-0.248216816902187,0.0015576833402035756,0.11110914424347937,0.056680284197449866,0.0023261812548083806,-0.0032901905925131303,0.0003017691690864119,1.0154867575517921e-05
0,3,731,72.24700927734375,1.1252295191552366,0.386300762961898,0.27432482732864577,-0.24821925472222192,0.0015576834696419235,0.1111082479493687,0.05668021287160248,0.002326167337512645,-0.0032901636197255075,0.0003017690716507044,1.0154813606184247e-05
0,3,732,72.24701690673828,1.1252294750362062,0.3863008474142431,0.27432312177941914,-0.24822164767440344,0.0015576860584088784,0.11110740767363995,0.056680135061587145,0.0023261536446894213,-0.0032901364123919053,0.00030176894173642767,1.015476076121169e-05
0,3,733,72.24701690673828,1.1252293900906265,0.38630083058967296,0.27432128702191777,-0.2482240107146827,0.0015576867056006172,0.11110660100894035,0.05668005076740387,0.002326140625283733,-0.003290109439604283,0.00030176881182215095,1.0154709040600252e-05
0,3,734,72.24701690673828,1.1252301580343125,0.3863032623113252,0.2743229408878345,-0.24822632888710852,0.001557681139751664,0.11110579434424075,0.056679979441556484,0.002326127830350557,-0.003290083170454598,0.0003017686494293051,1.0154658444349931e-05
0,3,735,72.24701690673828,1.1252307629702167,0.38630521928413897,0.27432394871237753,-0.2482286171476321,0.0015576771271628837,0.11110499888321754,0.056679908115709096,0.0023261154843624045,-0.0032900578394888308,0.00030176845455789003,1.0154611221182967e-05
0,3,736,72.24702453613281,1.1252307425044163,0.38630533716572735,0.2743223982130806,-0.24823086054030227,0.0015576798453681864,0.11110422582954708,0.056679843274029654,0.002326104036264299,-0.0032900322739770837,0.0003017683246436133,1.0154567371099355e-05
0,3,737,72.24701690673828,1.1252306105288656,0.3863051303403637,0.2743204084056495,-0.24823307402107017,0.0015576846345870532,0.11110347518322941,0.05667977843235021,0.002326092812638706,-0.003290007412103275,0.00030176819472933666,1.0154525769737981e-05
0,3,738,72.24701690673828,1.125231081797682,0.3863066627345088,0.27432089939709353,-0.2482352575899358,0.001557685799532183,0.11110271333323533,0.05667972007483871,0.002326081589013113,-0.003289982315683487,0.0003017680972936291,1.0154484168376608e-05
0,3,739,72.24701690673828,1.1252318960578178,0.38630919393994356,0.2743228375212147,-0.24823739629094804,0.0015576819163817504,0.11110195148324127,0.05667966171732721,0.0023260705898600314,-0.003289958157447616,0.00030176806481505995,1.015444481573747e-05
0,3,740,72.24701690673828,1.125232176257342,0.3863101342387726,0.27432255326301025,-0.24823950508005801,0.001557681657505055,0.11110121204059997,0.0566796163281516,0.00232605959070695,-0.0032899342337577245,0.00030176806481505995,1.0154405463098331e-05
0,3,741,72.24701690673828,1.1252318967462767,0.38630946207588984,0.27432002078082524,-0.2482415839572657,0.001557683728518619,0.11110048380163505,0.05667956445480805,0.0023260488160263804,-0.0032899105446138124,0.0003017681297721983,1.0154364986098075e-05
0,3,742,72.24701690673828,1.1252320859785696,0.38631013737055236,0.2743194264227614,-0.24824361796662,0.0015576826930118368,0.11109975556267014,0.056679519065632435,0.0023260375924007873,-0.0032898870900158798,0.00030176819472933666,1.0154324509097819e-05
0,3,743,72.24700927734375,1.125233155184196,0.38631341108580863,0.2743225274213553,-0.24824562206407202,0.001557677515477927,0.11109900491635245,0.05667946070812094,0.00232602591983017,-0.003289863635417947,0.00030176829216504417,1.0154280659014209e-05
0,3,744,72.24701690673828,1.125233661213267,0.38631502695542436,0.2743233026710038,-0.24824759624962175,0.0015576785509847089,0.11109829908474031,0.05667940883477739,0.0023260140227870413,-0.003289840649911973,0.00030176838960075167,1.0154234560208362e-05
0,3,745,72.24701690673828,1.125233376335148,0.3863143395069782,0.2743208477137836,-0.24824954052326925,0.001557687741107399,0.1110976268641573,0.05667935696143383,0.002326002125743913,-0.0032898176644059985,0.0003017684220793209,1.0154187337041396e-05
0,3,746,72.24700927734375,1.1252334993567645,0.38631482239683285,0.27432007246413515,-0.24825145488501446,0.0015576962840383505,0.11109694343989793,0.056679311572258216,0.0023259904531732958,-0.0032897953825379626,0.00030176845455789003,1.0154137865152194e-05
0,3,747,72.24701690673828,1.125234310409892,0.38631734449696575,0.274322191479841,-0.2482533393348574,0.0015576983550519145,0.11109627121931492,0.05667925321474672,0.002325978331657655,-0.0032897733352159056,0.0003017685195150284,1.0154088393262991e-05
0,3,748,72.24701690673828,1.125234771314909,0.3863188111021826,0.2743228375212147,-0.24825519387279807,0.0015576977078601757,0.11109563260976107,0.05667920782557111,0.00232596688355955,-0.0032897517569858074,0.00030176855199359753,1.0154041170096027e-05
0,3,749,72.24700927734375,1.1252343969281065,0.38631780926904025,0.27432002078082524,-0.2482570184988365,0.001557697060668437,0.11109502761123638,0.056679175404731386,0.0023259556599339566,-0.0032897304133016887,0.00030176868190787424,1.015399394692906e-05
0,3,750,72.24702453613281,1.125234332167311,0.3863177089601615,0.27431849612318326,-0.24825881321297263,0.0015576895532442676,0.11109443381638806,0.056679142983891664,0.002325945334198411,-0.0032897095387095284,0.0003017687793435818,1.0153951221206568e-05
0,3,751,72.24701690673828,1.125235036697244,0.3863198313401302,0.27432012414744505,-0.24826057801520648,0.0015576758327794063,0.11109385122521612,0.05667911704721989,0.002325935457407889,-0.003289689133209327,0.0003017688767792893,1.0153910744206312e-05
0,3,752,72.24701690673828,1.1252354112680827,0.3863210105676962,0.2743204600889594,-0.2482623129055381,0.0015576661249033252,0.11109324622669142,0.05667908462638017,0.0023259255806173666,-0.003289668493163146,0.000301769006693566,1.0153872515928293e-05
0,3,753,72.24700927734375,1.1252350154787925,0.3863199287018522,0.2743176433485699,-0.24826401788396743,0.0015576662543416728,0.11109263002449034,0.05667905868970839,0.0023259161527718684,-0.0032896480876629447,0.00030176920156498103,1.015383653637251e-05
0,3,754,72.24701690673828,1.12523508738898,0.3863202093202998,0.2743167905739566,-0.2482656929504945,0.0015576709141221917,0.11109196900758372,0.056679032753036616,0.0023259062759813463,-0.0032896286203466605,0.00030176936395782695,1.0153801681177845e-05
0,3,755,72.24701690673828,1.1252361020015789,0.38632325341797724,0.27431986573089556,-0.24826733810511928,0.001557674408957581,0.11109128558332435,0.056679000332196895,0.0023258966236633363,-0.0032896096221223347,0.00030176946139353445,1.0153767950344298e-05
0,3,756,72.24701690673828,1.1252367011546742,0.38632505210235446,0.27432120949695293,-0.2482689533478418,0.0015576815280667071,0.11109061336274134,0.05667898087969306,0.00232588742029035,-0.0032895908584439884,0.00030176955882924196,1.0153736468232989e-05
0,3,757,72.24700927734375,1.1252366057144125,0.3863248809993697,0.2743197882059307,-0.2482705536346132,0.001557691365381136,0.11108995234583473,0.05667894197468539,0.0023258782169173634,-0.0032895723293116215,0.0003017696237863803,1.0153704986121678e-05
0,3,758,72.24700927734375,1.1252365878821466,0.38632493567707393,0.27431870285642285,-0.24827212400948231,0.0015576956368466117,0.11108931373628088,0.056678903069677725,0.0023258694624894004,-0.003289554034725234,0.00030176959130781116,1.0153674628371486e-05
0,3,759,72.24701690673828,1.1252370624042,0.38632642397236583,0.274319658997656,-0.24827366447244917,0.0015576905887510497,0.1110886863304034,0.056678864164670065,0.0023258609325339497,-0.003289536209230805,0.0003017695263506728,1.0153644270621293e-05
0,3,760,72.24701690673828,1.1252375755834585,0.386328024721412,0.2743207960304737,-0.24827517502351373,0.0015576826930118368,0.11108807012820232,0.0566788252596624,0.0023258526270510107,-0.003289518852828335,0.0003017693964363961,1.015361503723222e-05
0,3,761,72.24701690673828,1.125237524169997,0.3863279988789259,0.274319633156001,-0.24827667061862718,0.0015576776449162746,0.11108750994438316,0.056678779870486785,0.0023258445460405835,-0.003289501965517823,0.0003017692990006886,1.0153585803843147e-05
0,3,762,72.24700927734375,1.125237343004144,0.3863275598091997,0.2743179017651194,-0.24827813630183837,0.0015576760916561018,0.11108698337159315,0.056678747449647064,0.0023258366895026685,-0.00328948554729927,0.0003017691690864119,1.0153555446092953e-05
0,3,763,72.24701690673828,1.125237606244447,0.3863284506400863,0.2743180568150491,-0.24827958702909841,0.0015576751855876675,0.11108645679880312,0.05667870206047145,0.002325829281909777,-0.003289469598172676,0.00030176903917213517,1.0153528461426116e-05
0,3,764,72.24700927734375,1.1252382450827776,0.3863304177385826,0.2743197365226208,-0.2482810078444562,0.0015576747972726242,0.11108597504071864,0.056678663155463785,0.0023258218743168854,-0.003289453179954123,0.0003017689742149968,1.0153501476759279e-05
0,3,765,72.24700927734375,1.1252384314844381,0.38633110274363935,0.274319633156001,-0.2482823987479117,0.0015576790687381,0.11108550448631054,0.056678611282120234,0.0023258146911965057,-0.003289436996281549,0.0003017688767792893,1.0153473367731324e-05
0,3,766,72.24700927734375,1.1252383397797274,0.38633099557445405,0.27431841859821837,-0.24828377469541607,0.001557685670093835,0.11108505633925521,0.05667855292460874,0.002325807508076126,-0.0032894212817009346,0.0003017687793435818,1.0153447507425604e-05
0,3,767,72.24701690673828,1.1252384559548037,0.3863315114126984,0.274318108498359,-0.2482851207310182,0.0015576879999840945,0.11108460819219987,0.056678488082929294,0.002325800324955746,-0.003289406036212278,0.00030176871438644345,1.0153420522758767e-05
0,3,768,72.24700927734375,1.1252388433579625,0.38633283467261464,0.27431893543131736,-0.24828645181066913,0.0015576841168336623,0.1110841936561737,0.056678416757081906,0.0023257933663078786,-0.0032893912598155805,0.0003017686169507359,1.015339353809193e-05
0,3,769,72.24701690673828,1.12523876628314,0.3863327873249842,0.27431785008180953,-0.24828775297841785,0.0015576797159298386,0.11108380152750028,0.056678351915402464,0.002325786183187499,-0.003289376717964862,0.00030176855199359753,1.0153367677786211e-05
0,3,770,72.24701690673828,1.1252385590122291,0.3863323785259666,0.2743162737408576,-0.24828903919021542,0.0015576758327794063,0.11108339819515048,0.056678280589555076,0.002325779000067119,-0.003289362645206102,0.00030176848703645923,1.0153339568758255e-05
0,3,771,72.24701690673828,1.1252387843853047,0.38633317666554723,0.2743164287907873,-0.2482902954901107,0.001557672337944017,0.1110829836591243,0.05667822871621152,0.0023257715924742276,-0.0032893485724473427,0.00030176838960075167,1.0153309211008063e-05
0,3,772,72.24701690673828,1.1252391826319055,0.38633446062409876,0.27431728156540064,-0.24829153683405486,0.001557669749177062,0.11108256912309811,0.05667818332703591,0.002325764184881336,-0.0032893354378725004,0.0003017683246436133,1.0153277728896752e-05
0,3,773,72.24701690673828,1.125239394379979,0.38633516615461627,0.27431733324871055,-0.2482927632220479,0.0015576722085056693,0.11108215458707192,0.05667815090619619,0.0023257563283434206,-0.0032893223032976577,0.00030176825968647496,1.0153246246785443e-05
0,3,774,72.24701690673828,1.1252393308033506,0.3863350699162198,0.2743162737408576,-0.24829395969813867,0.0015576776449162746,0.11108176245839851,0.05667811848535646,0.002325749594168065,-0.003289309403268795,0.00030176819472933666,1.0153214764674133e-05
0,3,775,72.24700927734375,1.125239662670374,0.38633608979009043,0.2743167905739566,-0.24829514121827828,0.0015576791981764477,0.11108139273707786,0.05667809903285263,0.002325742859992709,-0.0032892965032399316,0.0003017682272079058,1.0153186655646176e-05
0,3,776,72.24701690673828,1.1252400258919475,0.38633718311963505,0.2743174107736754,-0.24829630778246678,0.001557678033231318,0.11108105662678636,0.05667808606451674,0.0023257365747623767,-0.0032892840723030277,0.00030176829216504417,1.0153158546618221e-05
0,3,777,72.24701690673828,1.1252401010372293,0.38633741962890417,0.2743168422572665,-0.248297444434753,0.0015576760916561018,0.11108074292384762,0.0566780795803488,0.0023257302895320444,-0.0032892718759121023,0.0003017685195150284,1.0153132686312501e-05
0,3,778,72.24700927734375,1.1252401489972634,0.38633759471225443,0.27431619621589276,-0.24829856613108808,0.0015576745383959287,0.11108044042458527,0.05667806661201291,0.002325724453246736,-0.003289260148613136,0.0003017687468650126,1.0153106826006783e-05
0,3,779,72.24700927734375,1.1252403787880436,0.3863383170837223,0.2743163254241675,-0.24829967287147203,0.0015576720790673214,0.11108016033267569,0.05667804715950908,0.0023257186169614273,-0.0032892477176762317,0.000301769006693566,1.01530832144233e-05
0,3,780,72.24701690673828,1.1252406388704872,0.38633914545259546,0.2743166355240269,-0.24830074969995372,0.0015576703963688008,0.11107986903708973,0.0566780212228373,0.0023257125562036072,-0.0032892355212853067,0.00030176923404355024,1.0153060727200936e-05
0,3,781,72.24700927734375,1.1252406805160189,0.38633935549051535,0.27431609284927294,-0.24830181157248427,0.001557671820190626,0.11107956653782737,0.05667798880199758,0.0023257069443908106,-0.0032892235594403608,0.0003017694938721036,1.015303936433969e-05
0,3,782,72.24700927734375,1.125240679921947,0.3863394426013983,0.27431539512458936,-0.24830285848906367,0.0015576753150260152,0.11107925283488865,0.05667795638115786,0.002325701332578014,-0.003289210893957477,0.0003017696562649495,1.0153018001478444e-05
0,3,783,72.24700927734375,1.1252410055272835,0.38634047969695023,0.274316067007618,-0.24830389044969195,0.0015576768682861882,0.11107889431724438,0.056677923960318136,0.0023256954962927053,-0.003289199166658511,0.0003017697212220878,1.0152997762978315e-05
0,3,784,72.24700927734375,1.1252413488355346,0.3863415860360518,0.2743168680989214,-0.2483049074543691,0.0015576773860395791,0.11107849098489457,0.05667788505531047,0.002325689435534885,-0.003289187204813565,0.00030176968874351867,1.0152976400117068e-05
0,3,785,72.24701690673828,1.1252413125249785,0.38634156902750494,0.2743161186909279,-0.24830589454714397,0.0015576789392997522,0.1110780764488684,0.05667785263447075,0.0023256835992495764,-0.003289175946606557,0.0003017695263506728,1.0152953912894705e-05
0,3,786,72.24702453613281,1.1252414010119347,0.38634193319000376,0.27431593779934327,-0.2483068666839677,0.001557679586491491,0.11107761709813668,0.05667781372946308,0.0023256770895467324,-0.003289164922945529,0.00030176936395782695,1.0152930301311221e-05
0,3,787,72.24701690673828,1.1252416223905508,0.38634266662154554,0.2743162995825126,-0.24830782386484032,0.0015576791981764477,0.11107713534005219,0.05667778130862336,0.0023256705798438883,-0.003289154368376459,0.0003017690716507044,1.0152904441005503e-05
0,3,788,72.24702453613281,1.1252416966542333,0.3863429716533345,0.274316067007618,-0.2483087660897618,0.0015576804925599252,0.1110766647856441,0.05667774888778364,0.002325664294613556,-0.0032891440483533685,0.00030176881182215095,1.015288082942202e-05
0,3,789,72.24701690673828,1.1252416781085801,0.38634298863266675,0.2743154468078992,-0.24830969335873213,0.001557681657505055,0.11107618302755962,0.05667772295111186,0.0023256580093832238,-0.003289134197422237,0.0003017686169507359,1.0152859466560774e-05
0,3,790,72.24700927734375,1.1252419228883128,0.3863437547312026,0.27431588611603336,-0.24831060567175134,0.0015576808808749685,0.11107572367682789,0.05667770349860803,0.0023256519486254037,-0.0032891245810370844,0.00030176845455789003,1.0152838103699528e-05
0,3,791,72.24700927734375,1.1252423164594796,0.3863449364539013,0.2743169197822313,-0.2483115030288194,0.001557680104244882,0.11107527552977256,0.05667769053027214,0.002325646112340095,-0.003289114964651932,0.0003017683571221825,1.0152817865199399e-05
0,3,792,72.24700927734375,1.1252423697925187,0.3863451274179469,0.27431655799906207,-0.24831238542993633,0.0015576834696419235,0.11107486099374637,0.05667767756193625,0.0023256407249998105,-0.0032891051137208,0.0003017683571221825,1.0152796502338152e-05
0,3,793,72.24701690673828,1.1252423234377604,0.3863450280875161,0.2743157827494136,-0.24831325287510214,0.001557687870545747,0.11107449127242573,0.056677664593600366,0.0023256353376595257,-0.003289095731881627,0.0003017683571221825,1.0152777388199143e-05
0,3,794,72.24701690673828,1.1252425758024058,0.38634576316883584,0.27431619621589276,-0.2483141053643168,0.0015576891649292243,0.11107412155110508,0.056677664593600366,0.002325629950319241,-0.003289086350042454,0.00030176838960075167,1.0152758274060133e-05
0,3,795,72.24700927734375,1.1252428021144847,0.38634644003680313,0.2743165321574071,-0.24831494289758033,0.0015576890354908766,0.1110737742371372,0.05667765810943242,0.00232562501192398,-0.0032890767336573013,0.00030176845455789003,1.0152740284282243e-05
0,3,796,72.24700927734375,1.1252428880673655,0.38634674354913373,0.27431635126582243,-0.24831576547489273,0.0015576883882991379,0.1110734381268457,0.05667763865692859,0.0023256200735287187,-0.003289067117272149,0.00030176848703645923,1.015272229450435e-05
0,3,797,72.24700927734375,1.125242940812472,0.3863468971023551,0.2743159636409982,-0.248316573096254,0.0015576869644773127,0.11107312442390696,0.05667763865692859,0.0023256153596059696,-0.0032890567972490587,0.00030176858447216674,1.0152705429087578e-05
0,3,798,72.24701690673828,1.1252430988844426,0.3863473928846814,0.274316067007618,-0.2483173657616641,0.0015576854112171396,0.11107282192464461,0.0566776256885927,0.002325611094628244,-0.0032890464772259683,0.0003017687468650126,1.0152689688031922e-05
0,3,799,72.24700927734375,1.12524338143769,0.3863482157630733,0.2743166355240269,-0.2483181434711231,0.0015576841168336623,0.11107254183273503,0.0566776256885927,0.002325606829650519,-0.0032890359226568984,0.0003017688767792893,1.0152673946976267e-05
0,3,800,72.24702453613281,1.125243348304305,0.3863481547615297,0.2743159636409982,-0.24831890622463096,0.0015576847640254008,0.11107228414817821,0.05667761272025681,0.0023256030136178172,-0.0032890253680878286,0.000301769006693566,1.0152660454642848e-05
0,3,801,72.24701690673828,1.1252433694693782,0.3863482341580297,0.2743154984912091,-0.2483196540221877,0.0015576851523404441,0.11107203766729777,0.05667760623608887,0.002325599197585115,-0.003289015048064738,0.0003017691041292735,1.015264583794831e-05
0,3,802,72.24701690673828,1.12524349356035,0.3863486309874303,0.2743154984912091,-0.2483203868637933,0.0015576839873953144,0.11107177998274097,0.05667759326775298,0.0023255951570799018,-0.0032890047280416477,0.00030176920156498103,1.0152631221253774e-05
0,3,803,72.24700927734375,1.1252437825578046,0.38634950809485813,0.27431617037423783,-0.24832111970539886,0.0015576825635734892,0.11107153350186053,0.05667758029941709,0.0023255913410472,-0.003288994877110516,0.0003017692665221194,1.0152615480198119e-05
0,3,804,72.24700927734375,1.1252437215188802,0.3863493480964759,0.27431539512458936,-0.24832183759105333,0.0015576834696419235,0.1110712870209801,0.05667757381524915,0.0023255870760694746,-0.0032889852607253635,0.00030176936395782695,1.0152598614781346e-05
0,3,805,72.24700927734375,1.1252436456849684,0.38634914501374906,0.27431456819163097,-0.24832254052075664,0.0015576845051487054,0.11107105174377604,0.0566775673310812,0.002325582586619237,-0.0032889758788861904,0.0003017693964363961,1.0152578376281217e-05
0,3,806,72.24700927734375,1.1252438419850255,0.38634976989191094,0.2743149299748002,-0.24832322849450883,0.0015576834696419235,0.11107079405921923,0.056677547878577365,0.002325577872696488,-0.0032889672006849555,0.00030176946139353445,1.015255813778109e-05
0,3,807,72.24700927734375,1.125244192072088,0.3863508071610722,0.27431588611603336,-0.24832390151230987,0.0015576815280667071,0.11107053637466241,0.05667754139440942,0.0023255729343012272,-0.00328895852248372,0.0003017694938721036,1.0152536774919843e-05
0,3,808,72.24700927734375,1.1252441414591752,0.38635073071952386,0.27431529175796954,-0.2483245595741598,0.001557682175258446,0.11107026748642922,0.056677515457737644,0.0023255675469609424,-0.003288950547920423,0.0003017695263506728,1.015251428769748e-05
0,3,809,72.24701690673828,1.1252439374470233,0.3863502074909657,0.2743140772001869,-0.24832521763600973,0.0015576825635734892,0.11106997619084324,0.05667748952106587,0.0023255623840931694,-0.003288942807903105,0.0003017695263506728,1.0152491800475114e-05
0,3,810,72.24701690673828,1.1252441218785771,0.3863508154484489,0.27431446482501115,-0.2483258607419085,0.0015576797159298386,0.11106969609893366,0.05667746358439409,0.002325556772280373,-0.0032889357715237253,0.0003017695263506728,1.0152468188891631e-05
0,3,811,72.24700927734375,1.1252443397017158,0.38635152066385575,0.2743150074997651,-0.24832648889185616,0.001557676997724536,0.11106940480334769,0.05667743764772232,0.002325551384940088,-0.003288928969690325,0.00030176955882924196,1.0152447950391504e-05
0,3,812,72.24701690673828,1.1252442672777294,0.38635134523547215,0.2743143097750815,-0.24832710208585265,0.0015576777743546225,0.11106914711879087,0.056677424679386426,0.002325546671017339,-0.0032889224024029036,0.00030176955882924196,1.0152427711891375e-05
0,3,813,72.24700927734375,1.1252442906463058,0.38635146660415176,0.274314025516877,-0.24832771527984918,0.0015576799748065343,0.11106890063791044,0.05667740522688259,0.0023255426305121255,-0.003288916304207441,0.0003017694938721036,1.0152410846474602e-05
0,3,814,72.24701690673828,1.1252445282251449,0.3863522118571405,0.2743146198749409,-0.24832831351789456,0.001557682175258446,0.11106868776805916,0.05667738577437876,0.0023255392634244474,-0.003288910440557958,0.00030176942891496525,1.0152397354141183e-05
0,3,815,72.24700927734375,1.1252447505931875,0.3863528773330627,0.2743151108663849,-0.2483288967999888,0.0015576842462720099,0.11106848610188426,0.056677379290210814,0.002325536569754305,-0.003288904811454454,0.0003017693964363961,1.0152387234891119e-05
0,3,816,72.24701690673828,1.1252448307172735,0.38635316395102465,0.27431505918307497,-0.24832948008208305,0.0015576854112171396,0.11106830684306213,0.056677359837706984,0.0023255341005566747,-0.003288899651442909,0.0003017692665221194,1.0152377115641056e-05
0,3,817,72.24700927734375,1.125244821565481,0.38635319052402023,0.2743146457165958,-0.24833004840822615,0.0015576859289705306,0.11106814999159276,0.05667734038520315,0.002325531855831556,-0.0032888937877934257,0.00030176920156498103,1.0152369245113229e-05
0,3,818,72.24701690673828,1.1252448180896737,0.38635326897305466,0.2743143097750815,-0.24833060177841812,0.0015576838579569666,0.11106801554747617,0.056677307964363426,0.002325530060051461,-0.0032888879241439422,0.0003017691041292735,1.0152364747668755e-05
0,3,819,72.24701690673828,1.12524493394045,0.386353659341046,0.27431441314170124,-0.2483311551486101,0.0015576786804230567,0.11106788110335956,0.056677288511859596,0.002325528488743878,-0.003288882529586418,0.0003017691041292735,1.0152360250224282e-05
0,3,820,72.24701690673828,1.125245010894064,0.38635393645269017,0.2743143614583914,-0.24833169356285095,0.0015576741500808854,0.11106776906659573,0.05667726905935576,0.0023255271419088067,-0.0032888771350288934,0.0003017690716507044,1.0152356877140927e-05
0,3,821,72.24700927734375,1.1252449767380872,0.3863539255093691,0.27431392215025724,-0.24833221702114067,0.001557671302437235,0.11106764582615551,0.05667723663851604,0.0023255255706012236,-0.0032888712713794103,0.00030176903917213517,1.0152353504057573e-05
0,3,822,72.24700927734375,1.1252449677669973,0.38635398795956877,0.2743135862087429,-0.24833274047943035,0.001557669360862019,0.1110675225857153,0.056677204217676316,0.0023255242237661526,-0.003288865407729927,0.00030176903917213517,1.0152350130974219e-05
0,3,823,72.24700927734375,1.1252450634674651,0.3863543375777865,0.27431366373370775,-0.24833324898176892,0.0015576684547935846,0.11106741054895146,0.05667717828100454,0.002325522876931081,-0.003288859074988485,0.000301769006693566,1.0152350130974219e-05
0,3,824,72.24700927734375,1.1252451810429602,0.38635475098013766,0.2743138446252924,-0.24833374252815638,0.0015576691019853232,0.11106729851218763,0.056677152344332765,0.00232552153009601,-0.0032888534458849813,0.000301769006693566,1.01523490066131e-05
0,3,825,72.24700927734375,1.1252452659920897,0.3863550694269368,0.27431389630860226,-0.2483342360745438,0.0015576711729988872,0.1110671752717474,0.05667712640766099,0.002325520407733451,-0.0032888480513274566,0.0003017690716507044,1.0152346757890863e-05
0,3,826,72.24700927734375,1.1252452761229401,0.3863551699989421,0.27431366373370775,-0.2483347146649801,0.00155767389120419,0.11106702962395443,0.05667710047098921,0.0023255192853708917,-0.003288843125861891,0.00030176903917213517,1.0152345633529745e-05
0,3,827,72.24700927734375,1.125245297772664,0.3863553040388849,0.2743134828421231,-0.24833519325541642,0.001557674926710972,0.11106687277248506,0.05667707453431743,0.0023255172651182846,-0.0032888379658503456,0.00030176903917213517,1.0152342260446391e-05
0,3,828,72.24701690673828,1.1252453378217682,0.3863554738456491,0.2743133794755033,-0.24833565688990158,0.0015576741500808854,0.11106668230998655,0.0566770550818136,0.002325515020393166,-0.0032888328058388004,0.000301769006693566,1.0152335514279681e-05
0,3,829,72.24701690673828,1.1252453452825055,0.38635554869676597,0.27431314690060876,-0.24833612052438675,0.0015576724673823648,0.11106648064381164,0.056677035629309765,0.0023255125511955355,-0.0032888281149192136,0.00030176894173642767,1.0152326519390736e-05
0,3,830,72.24702453613281,1.125245392432262,0.38635573914053756,0.27431309521729885,-0.2483365692029208,0.001557670784683844,0.11106626777396036,0.056677016176805935,0.0023255091841078578,-0.003288823189453648,0.00030176881182215095,1.0152315275779554e-05
0,3,831,72.24701690673828,1.1252455123392306,0.3863560883275012,0.2743132761088835,-0.2483370029255037,0.0015576700080537575,0.11106606610778547,0.056677016176805935,0.002325506265965203,-0.003288818733080041,0.00030176868190787424,1.0152301783446135e-05
0,3,832,72.24701690673828,1.1252454962505123,0.38635607699975405,0.2743129401673692,-0.24833743664808658,0.001557671302437235,0.11106588684896333,0.05667700320847004,0.0023255028988775255,-0.003288814042160454,0.00030176858447216674,1.015228604239048e-05
0,3,833,72.24700927734375,1.1252455385162838,0.38635621796699016,0.27431283680074936,-0.24833785541471837,0.0015576741500808854,0.11106569638646481,0.0566769967243021,0.0023254995317898474,-0.0032888093512408677,0.00030176845455789003,1.0152270301334824e-05
0,3,834,72.24700927734375,1.1252457067775485,0.3863567258840745,0.2743132502672286,-0.24833827418135013,0.0015576768682861882,0.1110655059239663,0.05667699024013416,0.0023254961647021693,-0.0032888044257753015,0.0003017683571221825,1.0152254560279169e-05
0,3,835,72.24700927734375,1.1252457974638368,0.38635702558899904,0.2743133794755033,-0.24833867799203074,0.0015576793276147955,0.11106532666514417,0.05667697727179827,0.0023254930220870033,-0.003288799734855715,0.00030176825968647496,1.0152238819223514e-05
0,3,836,72.24700927734375,1.1252459320555301,0.38635743537630585,0.27431366373370775,-0.2483390818027114,0.0015576806219982729,0.11106514740632203,0.05667697078763032,0.002325489654999325,-0.0032887948093901494,0.00030176819472933666,1.0152225326890095e-05
0,3,837,72.24700927734375,1.1252459440900733,0.38635752364687526,0.2743135086837781,-0.24833947065744089,0.0015576810103133162,0.1110649681474999,0.05667695133512649,0.002325486736856671,-0.0032887901184705626,0.00030176819472933666,1.0152214083278913e-05
0,3,838,72.24700927734375,1.1252458803401657,0.3863573734033851,0.274313017692334,-0.24833985951217039,0.001557680104244882,0.11106478888867777,0.0566769383667906,0.0023254840431865286,-0.0032887856620969556,0.00030176819472933666,1.0152202839667731e-05
0,3,839,72.24701690673828,1.1252459437276536,0.3863575933853001,0.27431304353398894,-0.24834023341094874,0.001557678033231318,0.11106465444456116,0.05667692539845472,0.00232548179846141,-0.0032887814402693277,0.00030176825968647496,1.015219721786214e-05
0,3,840,72.24701690673828,1.125246067111646,0.3863579881592101,0.27431330195053844,-0.2483406073097271,0.0015576771271628837,0.11106455361147372,0.056676912430118825,0.002325480227153827,-0.0032887769838957203,0.0003017683571221825,1.015219159605655e-05
0,3,841,72.24700927734375,1.1252460455674262,0.3863579609426471,0.2743129660090241,-0.24834098120850545,0.0015576784215463612,0.11106445277838627,0.056676899461782934,0.002325478655846244,-0.0032887727620680924,0.00030176845455789003,1.0152188222973193e-05
0,3,842,72.24701690673828,1.1252461120173305,0.38635817229473707,0.2743129660090241,-0.2483413401513327,0.0015576802336832298,0.11106438555632796,0.056676892977614995,0.0023254777579561963,-0.003288768305694485,0.00030176855199359753,1.0152185974250958e-05
0,3,843,72.24701690673828,1.1252463307674974,0.3863588272120976,0.2743135862087429,-0.24834169909415993,0.0015576820458200983,0.11106432953794605,0.05667688649344705,0.002325477309011173,-0.003288764083866857,0.00030176868190787424,1.0152184849889839e-05
0,3,844,72.24701690673828,1.1252463887059858,0.38635901382422705,0.2743135603670879,-0.248342043081036,0.0015576848934637487,0.11106427351956413,0.056676880009279104,0.0023254764111211254,-0.00328875962749325,0.0003017687468650126,1.0152184849889839e-05
0,3,845,72.24701690673828,1.1252463460616982,0.3863589252292297,0.27431314690060876,-0.2483423870679121,0.001557687741107399,0.11106421750118221,0.05667686704094321,0.0023254759621761014,-0.003288755405665622,0.0003017687793435818,1.0152183725528721e-05
0,3,846,72.24700927734375,1.1252464365459673,0.38635922422683416,0.27431330195053844,-0.24834271609883707,0.001557687741107399,0.11106413907544753,0.05667685407260733,0.002325475288758566,-0.003288751652929953,0.00030176881182215095,1.0152182601167602e-05
0,3,847,72.24700927734375,1.12524656355141,0.38635961173840294,0.2743135862087429,-0.24834304512976202,0.001557685281778792,0.11106404944603646,0.05667684758843938,0.002325474166396007,-0.0032887479001942835,0.00030176871438644345,1.0152180352445366e-05
0,3,848,72.24700927734375,1.125246626464087,0.3863598125529598,0.27431361205039784,-0.24834337416068697,0.001557682175258446,0.111063948612949,0.05667684110427144,0.0023254730440334472,-0.003288743912912635,0.00030176868190787424,1.0152175855000894e-05
0,3,849,72.24700927734375,1.1252466504717715,0.3863599001149275,0.2743134828421231,-0.2483436882356608,0.0015576802336832298,0.11106387018721432,0.05667683462010349,0.002325471921670888,-0.003288740394722945,0.00030176858447216674,1.0152170233195303e-05
0,3,850,72.24701690673828,1.1252465597389814,0.38635963585565497,0.27431286264240434,-0.24834400231063464,0.001557680104244882,0.11106378055780326,0.05667683462010349,0.0023254707993083288,-0.0032887368765332553,0.0003017685195150284,1.0152164611389712e-05
0,3,851,72.24701690673828,1.125246655804589,0.3863599156278558,0.274313017692334,-0.24834430142965733,0.0015576798453681864,0.11106370213206858,0.05667683462010349,0.0023254692280007456,-0.003288733827435524,0.0003017685195150284,1.0152157865223002e-05
0,3,852,72.24702453613281,1.1252469037435164,0.38636060226457225,0.2743137412586726,-0.24834460054868002,0.0015576798453681864,0.11106363491001028,0.05667684758843938,0.0023254681056381864,-0.0032887305437918134,0.0003017685195150284,1.0152151119056293e-05
0,3,853,72.24700927734375,1.1252469682752713,0.38636079030121007,0.2743137671003275,-0.2483448996677027,0.0015576817869434026,0.1110635564842756,0.05667684758843938,0.002325466758803115,-0.003288727494694082,0.00030176855199359753,1.0152144372889583e-05
0,3,854,72.24701690673828,1.1252469089060049,0.38636063525006126,0.2743133277921934,-0.24834518383077425,0.0015576843757103577,0.11106346685486453,0.05667684110427144,0.0023254649630230204,-0.0032887246801423303,0.00030176855199359753,1.0152136502361755e-05
0,3,855,72.24701690673828,1.1252469190614576,0.3863607003627728,0.27431319858391867,-0.2483454679938458,0.001557685799532183,0.11106337722545347,0.056676828135935546,0.0023254629427704133,-0.0032887213964986196,0.00030176858447216674,1.015212750747281e-05
0,3,856,72.24700927734375,1.1252471090921135,0.3863612360664303,0.2743137412586726,-0.24834575215691737,0.0015576855406554875,0.11106326518868963,0.05667683462010349,0.0023254609225178066,-0.003288718112854909,0.0003017686169507359,1.0152118512583863e-05
0,3,857,72.24701690673828,1.1252472082616505,0.3863615603328598,0.2743139996752221,-0.24834602136403777,0.0015576850229020963,0.11106315315192579,0.05667682165176761,0.002325458453320176,-0.0032887148292111983,0.0003017686494293051,1.01521083933338e-05
0,3,858,72.24701690673828,1.1252469837098031,0.38636092409543327,0.2743129143257142,-0.2483462905711582,0.0015576854112171396,0.1110630187078092,0.05667681516759966,0.002325455759650034,-0.003288711780113467,0.00030176868190787424,1.0152097149722619e-05
0,3,859,72.24701690673828,1.125246903185188,0.3863607249732883,0.2743124491759251,-0.24834655977827863,0.0015576839873953144,0.1110628730600162,0.05667680219926377,0.0023254530659798916,-0.0032887084964697564,0.00030176868190787424,1.0152084781750317e-05
0,3,860,72.24701690673828,1.1252470689607554,0.3863612253428904,0.2743129918506791,-0.24834681402944792,0.0015576803631215774,0.11106270500487046,0.056676795715095825,0.002325450372309749,-0.003288705212826046,0.00030176868190787424,1.0152074662500253e-05
0,3,861,72.24701690673828,1.125247152812597,0.38636148719595464,0.27431319858391867,-0.2483470682806172,0.0015576784215463612,0.11106253694972472,0.056676789230927886,0.0023254474541670946,-0.0032887019291823355,0.00030176868190787424,1.0152064543250189e-05
0,3,862,72.24701690673828,1.1252470026370462,0.38636108532614377,0.2743124750175801,-0.24834732253178649,0.0015576791981764477,0.11106235769090259,0.056676776262591995,0.0023254447604969526,-0.0032886986455386248,0.0003017687468650126,1.0152054424000126e-05
0,3,863,72.24700927734375,1.1252469625387946,0.38636100409725715,0.2743122166010306,-0.24834756182700463,0.0015576810103133162,0.11106217843208045,0.056676763294256104,0.00232544206682681,-0.0032886955964408935,0.0003017687468650126,1.0152045429111179e-05
0,3,864,72.24700927734375,1.1252471533289818,0.3863615952758597,0.2743129143257142,-0.2483478011222228,0.0015576820458200983,0.11106197676590554,0.05667675032592022,0.002325439373156668,-0.003288692312797183,0.0003017687468650126,1.0152037558583351e-05
0,3,865,72.24701690673828,1.1252472066258876,0.3863617860343951,0.27431304353398894,-0.24834804041744094,0.0015576834696419235,0.11106178630340703,0.05667673735758433,0.0023254366794865254,-0.003288689029153472,0.0003017687468650126,1.0152028563694406e-05
0,3,866,72.24701690673828,1.1252470698484174,0.3863614232042586,0.2743123974926152,-0.24834826475670796,0.0015576846345870532,0.11106161824826127,0.056676724389248444,0.0023254344347614065,-0.0032886857455097615,0.0003017687468650126,1.0152021817527698e-05
0,3,867,72.24701690673828,1.1252470559100727,0.38636140029433813,0.2743122166010306,-0.24834848909597498,0.001557683599080271,0.11106148380414468,0.0566767179050805,0.0023254326389813115,-0.0032886829309580097,0.00030176871438644345,1.015201394699987e-05
0,3,868,72.24700927734375,1.1252471474319963,0.38636170216398785,0.2743124750175801,-0.24834871343524198,0.0015576804925599252,0.11106139417473361,0.05667670493674461,0.002325431067673729,-0.0032886791782223406,0.00030176871438644345,1.0152008325194279e-05
0,3,869,72.24700927734375,1.1252471410505598,0.3863616834550006,0.27431226828434047,-0.248348937774509,0.0015576779037929703,0.11106133815635169,0.05667670493674461,0.002325429945311169,-0.003288676363670589,0.00030176871438644345,1.0152002703388686e-05
0,3,870,72.24700927734375,1.1252470594742605,0.38636148132587184,0.2743118031345514,-0.24834914715782488,0.0015576776449162746,0.11106131574899893,0.056676691968408716,0.0023254294963661456,-0.0032886735491188365,0.00030176871438644345,1.0152000454666451e-05
0,3,871,72.24701690673828,1.1252471425815098,0.38636174110287197,0.27431198402613605,-0.24834935654114076,0.0015576776449162746,0.11106130454532255,0.05667668548424078,0.0023254290474211217,-0.0032886712036590436,0.0003017687468650126,1.0151998205944214e-05
0,3,872,72.24700927734375,1.1252472528794522,0.3863620623674315,0.27431224244268554,-0.24834956592445664,0.0015576782921080134,0.11106131574899893,0.05667668548424078,0.0023254290474211217,-0.0032886690927452296,0.0003017687793435818,1.0151998205944214e-05
0,3,873,72.24700927734375,1.1252472740890986,0.3863621419466956,0.2743121649177207,-0.2483497603518214,0.0015576798453681864,0.11106134936002808,0.05667667900007283,0.002325429271893634,-0.0032886669818314156,0.0003017688443007201,1.0151998205944214e-05
0,3,874,72.24700927734375,1.1252472615992228,0.38636212334803066,0.2743119581844811,-0.24834995477918614,0.0015576807514366207,0.11106136056370446,0.056676672515904886,0.0023254290474211217,-0.0032886651054635807,0.00030176881182215095,1.0151999330305332e-05
0,3,875,72.24700927734375,1.1252473823181788,0.38636247491936176,0.27431226828434047,-0.2483501492065509,0.0015576804925599252,0.11106138297105723,0.056676672515904886,0.002325429271893634,-0.0032886634636417255,0.00030176881182215095,1.0151998205944214e-05
0,3,876,72.24700927734375,1.125247464343582,0.38636273153262357,0.2743124491759251,-0.24835034363391564,0.0015576802336832298,0.11106139417473361,0.05667666603173694,0.002325429271893634,-0.0032886618218198704,0.0003017687793435818,1.0151998205944214e-05
0,3,877,72.24700927734375,1.1252473855752694,0.386362519854388,0.27431198402613605,-0.24835052310532926,0.001557680104244882,0.11106140537841,0.056676659547568994,0.0023254290474211217,-0.0032886606490899737,0.0003017687468650126,1.0151995957221978e-05
0,3,878,72.24700927734375,1.1252473741217397,0.38636252189657616,0.2743118289762064,-0.24835070257674288,0.0015576786804230567,0.11106139417473361,0.05667664657923311,0.002325428598476098,-0.003288659007268118,0.0003017686494293051,1.0151993708499741e-05
0,3,879,72.24700927734375,1.1252473989579683,0.3863625941125431,0.27431177729289646,-0.24835088204815647,0.0015576762210944494,0.11106137176738085,0.05667664657923311,0.0023254283740035864,-0.0032886578345382215,0.0003017686169507359,1.0151991459777504e-05
0,3,880,72.24701690673828,1.1252473607892084,0.3863624828566623,0.27431146719303706,-0.2483510615195701,0.0015576742795192333,0.11106134936002808,0.05667664657923311,0.002325428149531074,-0.003288656661808325,0.00030176848703645923,1.015198808669415e-05
0,3,881,72.24700927734375,1.1252473879173102,0.38636259727686134,0.274311493034692,-0.24835122603503257,0.0015576731145741035,0.11106131574899893,0.05667663361089722,0.0023254277005860507,-0.003288655254532449,0.00030176838960075167,1.0151985837971913e-05
0,3,882,72.24700927734375,1.1252474323813089,0.38636272682379097,0.2743115447180019,-0.24835139055049507,0.0015576741500808854,0.1110612709342934,0.05667663361089722,0.002325427251641027,-0.003288653847256573,0.0003017683571221825,1.0151983589249677e-05
0,3,883,72.24701690673828,1.1252475087295,0.38636298479692827,0.27431177729289646,-0.24835155506595755,0.0015576772566012315,0.11106122611958787,0.056676620642561334,0.0023254261292784675,-0.0032886524399806973,0.0003017683246436133,1.0151981340527442e-05
0,3,884,72.24701690673828,1.125247559445402,0.3863631326877696,0.2743118548178613,-0.24835171958142002,0.001557681139751664,0.11106118130488232,0.056676620642561334,0.0023254254558609322,-0.0032886507981588417,0.0003017683246436133,1.0151977967444086e-05
0,3,885,72.24701690673828,1.1252476670964806,0.3863634640504272,0.27431219075937563,-0.2483518840968825,0.0015576833402035756,0.11106113649017679,0.05667661415839339,0.0023254247824433965,-0.0032886491563369866,0.0003017683246436133,1.0151974594360731e-05
0,3,886,72.24701690673828,1.1252477777771257,0.38636380414347676,0.27431255254254494,-0.24835203365639386,0.001557683599080271,0.11106109167547126,0.05667660767422544,0.002325423884553349,-0.003288647279969152,0.00030176838960075167,1.0151972345638495e-05
0,3,887,72.24701690673828,1.1252477311901452,0.3863637039060554,0.27431229412599545,-0.2483521832159052,0.0015576830813268802,0.11106104686076573,0.05667659470588955,0.0023254229866633016,-0.0032886456381472965,0.00030176838960075167,1.015196897255514e-05
0,3,888,72.24702453613281,1.125247652688262,0.38636347523343867,0.2743118548178613,-0.24835233277541655,0.001557682175258446,0.11106100204606019,0.05667659470588955,0.0023254218643007423,-0.0032886435272334825,0.00030176848703645923,1.0151964475110667e-05
0,3,889,72.24701690673828,1.1252476813015329,0.38636355846806264,0.2743118548178613,-0.24835248233492788,0.001557680104244882,0.11106095723135466,0.05667659470588955,0.002325420966410695,-0.0032886418854116274,0.0003017685195150284,1.0151961102027313e-05
0,3,890,72.24701690673828,1.1252478233080188,0.3863639719496027,0.2743123199676504,-0.24835263189443924,0.001557678033231318,0.11106091241664913,0.05667659470588955,0.0023254200685206474,-0.003288640009043793,0.00030176855199359753,1.0151957728943958e-05
0,3,891,72.24701690673828,1.1252478096772678,0.3863639322698885,0.2743121649177207,-0.24835276649799942,0.0015576784215463612,0.11106085639826721,0.05667659470588955,0.0023254196195756235,-0.0032886383672219373,0.0003017686169507359,1.0151955480221722e-05
0,3,892,72.24702453613281,1.1252477789094038,0.3863638072928451,0.2743118806595162,-0.24835290110155964,0.0015576804925599252,0.11106082278723806,0.05667660767422544,0.002325418721685576,-0.003288636725400082,0.0003017686494293051,1.015194985841613e-05
0,3,893,72.24701690673828,1.1252478402191424,0.38636393273693337,0.2743119581844811,-0.24835303570511985,0.0015576823046967937,0.11106076676885615,0.05667662712672927,0.0023254178237955285,-0.003288635318124206,0.00030176868190787424,1.0151945360971657e-05
0,3,894,72.24700927734375,1.1252478911532204,0.38636402792581,0.27431198402613605,-0.24835317030868007,0.0015576833402035756,0.111060733157827,0.05667664657923311,0.002325416925905481,-0.003288633676302351,0.0003017687468650126,1.0151939739166066e-05
0,3,895,72.24700927734375,1.125247922108021,0.38636406485282,0.27431193234282614,-0.24835330491224028,0.0015576828224501847,0.11106068834312147,0.05667666603173694,0.0023254160280154336,-0.0032886320344804954,0.0003017688443007201,1.0151934117360475e-05
0,3,896,72.24700927734375,1.1252478209975583,0.3863637348366966,0.27431136382641724,-0.2483534395158005,0.0015576812691900116,0.11106064352841592,0.05667667900007283,0.0023254146811803626,-0.0032886306272046197,0.00030176890925785846,1.0151928495554884e-05
0,3,897,72.24700927734375,1.1252478464903681,0.38636375570791404,0.2743113121431074,-0.24835355916340957,0.0015576776449162746,0.11106057630635763,0.05667669845257666,0.0023254135588178034,-0.003288628985382764,0.000301769006693566,1.0151920625027057e-05
0,3,898,72.24700927734375,1.1252479990913535,0.38636414673859404,0.27431177729289646,-0.24835367881101864,0.001557673373450799,0.11106052028797571,0.0566767179050805,0.002325412211982732,-0.0032886271090149296,0.0003017690716507044,1.0151913878860347e-05
0,3,899,72.24700927734375,1.1252478976510791,0.3863638157928648,0.2743112346181425,-0.2483537984586277,0.0015576724673823648,0.11106044186224102,0.05667673087341638,0.002325410865147661,-0.0032886254671930745,0.0003017691366078427,1.0151907132693638e-05
0,3,900,72.24700927734375,1.1252477765884754,0.3863634632773571,0.27431066610173366,-0.24835391810623678,0.00155767389120419,0.11106035223282996,0.05667673087341638,0.002325409069367566,-0.003288623825371219,0.0003017691690864119,1.0151900386526928e-05
0,3,901,72.24701690673828,1.1252479819994514,0.3863640615915197,0.27431144135138213,-0.24835403775384587,0.001557675444464363,0.11106025139974252,0.05667673087341638,0.002325407498059983,-0.003288622183549364,0.00030176920156498103,1.015189364036022e-05
0,3,902,72.24701690673828,1.1252481736907871,0.3863646199910408,0.2743121649177207,-0.24835415740145494,0.0015576779037929703,0.11106013936297868,0.05667673087341638,0.002325406151224912,-0.0032886203071815293,0.0003017692990006886,1.0151890267276865e-05
0,3,903,72.24701690673828,1.1252480598839993,0.38636430645912595,0.27431167392627664,-0.24835426209311287,0.0015576817869434026,0.11106002732621485,0.056676724389248444,0.0023254045799173287,-0.0032886181962677153,0.00030176933147925774,1.0151884645471274e-05
0,3,904,72.24701690673828,1.1252479911017048,0.38636410623008627,0.2743113379847623,-0.24835436678477082,0.001557683728518619,0.11105992649312739,0.056676724389248444,0.0023254032330822572,-0.003288615850807922,0.00030176942891496525,1.0151881272387918e-05
0,3,905,72.24701690673828,1.125248144179758,0.38636456972057104,0.27431193234282614,-0.24835447147642875,0.0015576823046967937,0.11105983686371633,0.0566767179050805,0.002325402110719698,-0.003288613739894108,0.00030176946139353445,1.0151879023665683e-05
0,3,906,72.24701690673828,1.1252481386799484,0.386364571313046,0.2743118806595162,-0.2483545761680867,0.0015576797159298386,0.11105973603062888,0.05667671142091255,0.002325400988357139,-0.003288611628980294,0.00030176955882924196,1.0151876774943446e-05
0,3,907,72.24701690673828,1.1252480143718813,0.3863642091854166,0.2743113121431074,-0.24835468085974466,0.0015576777743546225,0.11105964640121781,0.05667671142091255,0.0023254000904670913,-0.00328860951806648,0.00030176959130781116,1.0151875650582327e-05
0,3,908,72.24701690673828,1.125248042560909,0.38636430895511564,0.2743113896680722,-0.24835478555140258,0.0015576764799711449,0.11105956797548312,0.05667670493674461,0.0023253994170495556,-0.003288607172606687,0.0003017696237863803,1.0151875650582327e-05
0,3,909,72.24701690673828,1.1252481409183608,0.38636459541760265,0.27431172560958655,-0.24835489024306054,0.0015576766094094927,0.11105950075342483,0.05667670493674461,0.002325398968104532,-0.0032886048271468936,0.0003017696562649495,1.0151876774943446e-05
0,3,910,72.24701690673828,1.1252480943687015,0.3863644599514012,0.27431146719303706,-0.24835497997876735,0.0015576788098614046,0.11105946714239567,0.05667670493674461,0.002325398968104532,-0.003288602950779059,0.00030176968874351867,1.0151876774943446e-05
0,3,911,72.24701690673828,1.1252480867269503,0.38636443778823637,0.27431136382641724,-0.24835506971447413,0.0015576807514366207,0.11105944473504291,0.05667670493674461,0.002325398968104532,-0.003288601074411224,0.0003017696562649495,1.0151876774943446e-05
0,3,912,72.24701690673828,1.125248205992592,0.3863647674408362,0.2743117514512415,-0.24835515945018094,0.0015576815280667071,0.11105943353136653,0.05667671142091255,0.0023253987436320203,-0.003288599432589369,0.0003017696562649495,1.0151875650582327e-05
0,3,913,72.24701690673828,1.1252482655828495,0.3863649232886049,0.2743118806595162,-0.24835524918588775,0.001557682175258446,0.1110594559387193,0.0566767179050805,0.002325398968104532,-0.003288598025313493,0.00030176955882924196,1.015187340186009e-05
0,3,914,72.24701690673828,1.1252482499948202,0.38636489566080884,0.2743117514512415,-0.24835533892159456,0.0015576829518885323,0.11105947834607206,0.05667671142091255,0.0023253987436320203,-0.0032885963834916377,0.0003017694938721036,1.0151870028776736e-05
0,3,915,72.24701690673828,1.1252482755419844,0.38636498778561923,0.27431177729289646,-0.24835542865730137,0.0015576826930118368,0.11105953436445398,0.05667670493674461,0.002325398968104532,-0.0032885954453077204,0.0003017693964363961,1.01518677800545e-05
0,3,916,72.24701690673828,1.125248259003675,0.3863649395700641,0.2743115964013118,-0.24835551839300818,0.001557681657505055,0.11105961279018867,0.05667670493674461,0.0023253987436320203,-0.0032885942725778237,0.0003017692990006886,1.0151863282610028e-05
0,3,917,72.24701690673828,1.1252483180755002,0.3863651115241643,0.27431172560958655,-0.248355608128715,0.0015576798453681864,0.11105969121592335,0.05667670493674461,0.002325398968104532,-0.0032885933343939065,0.00030176923404355024,1.0151857660804437e-05
0,3,918,72.24701690673828,1.125248370833756,0.38636526513383646,0.2743118289762064,-0.2483556978644218,0.0015576789392997522,0.11105976964165803,0.05667670493674461,0.002325398968104532,-0.0032885928653019476,0.0003017691690864119,1.0151852038998844e-05
0,3,919,72.24701690673828,1.1252483772712485,0.3863652839194298,0.2743117514512415,-0.24835577264417746,0.0015576797159298386,0.1110598592710691,0.05667670493674461,0.0023253987436320203,-0.003288592396209989,0.0003017690716507044,1.0151847541554372e-05
0,3,920,72.24701690673828,1.1252483713127819,0.38636528436146195,0.2743116480846217,-0.24835584742393313,0.0015576810103133162,0.11105994890048017,0.05667669845257666,0.0023253987436320203,-0.0032885921616640098,0.0003017691041292735,1.0151843044109899e-05
0,3,921,72.24701690673828,1.125248479862755,0.38636561827247246,0.274312009867791,-0.2483559222036888,0.0015576817869434026,0.11106004973356762,0.056676691968408716,0.002325398968104532,-0.0032885919271180303,0.0003017691366078427,1.0151839671026545e-05
0,3,922,72.24701690673828,1.1252485720674024,0.386365869130527,0.27431226828434047,-0.2483559969834445,0.0015576829518885323,0.11106011695562591,0.05667669845257666,0.002325398968104532,-0.003288591458026072,0.00030176920156498103,1.0151838546665425e-05
0,3,923,72.24701690673828,1.1252484997841412,0.38636567644583414,0.2743119065011712,-0.24835607176320015,0.0015576850229020963,0.11106017297400783,0.056676691968408716,0.002325399192577044,-0.0032885916925720514,0.0003017692665221194,1.0151838546665425e-05
0,3,924,72.24701690673828,1.1252485447957763,0.38636580756207634,0.274312009867791,-0.24835614654295582,0.0015576855406554875,0.11106020658503699,0.056676691968408716,0.002325399192577044,-0.003288591458026072,0.0003017693964363961,1.0151839671026545e-05
0,3,925,72.24701690673828,1.1252486558086663,0.38636613083789784,0.2743123974926152,-0.24835622132271148,0.0015576847640254008,0.11106020658503699,0.056676691968408716,0.0023253994170495556,-0.003288591458026072,0.00030176946139353445,1.0151841919748781e-05
0,3,926,72.24700927734375,1.12524862103284,0.38636604725986534,0.2743122166010306,-0.24835629610246718,0.0015576841168336623,0.1110601953813606,0.05667668548424078,0.0023253996415220674,-0.0032885916925720514,0.00030176959130781116,1.0151845292832136e-05
0,3,927,72.24701690673828,1.1252484893349428,0.3863656636855203,0.27431162224296674,-0.24835637088222284,0.001557683728518619,0.11106016177033144,0.05667668548424078,0.0023254000904670913,-0.003288591458026072,0.0003017696562649495,1.0151849790276609e-05
0,3,928,72.24701690673828,1.1252485213430146,0.38636577455271653,0.2743117514512415,-0.2483564307060274,0.0015576819163817504,0.11106009454827315,0.05667667900007283,0.0023254000904670913,-0.003288591458026072,0.00030176968874351867,1.0151854287721081e-05
0,3,929,72.24701690673828,1.1252485880406713,0.38636600418313216,0.2743120615511009,-0.2483564905298319,0.001557680104244882,0.1110599937151857,0.05667666603173694,0.0023253996415220674,-0.0032885912234800925,0.0003017696562649495,1.0151857660804437e-05
0,3,930,72.24701690673828,1.1252484963287743,0.38636579026458023,0.2743117514512415,-0.24835655035363646,0.0015576797159298386,0.11105988167842186,0.05667664657923311,0.002325398968104532,-0.0032885912234800925,0.00030176959130781116,1.0151859909526672e-05
0,3,931,72.24701690673828,1.1252484777723892,0.38636577171927616,0.27431172560958655,-0.24835661017744098,0.0015576803631215774,0.11105974723430526,0.05667663361089722,0.0023253980702144846,-0.003288590988934113,0.00030176946139353445,1.0151859909526672e-05
0,3,932,72.24701690673828,1.1252484776330878,0.3863658600311567,0.2743118548178613,-0.24835667000124553,0.0015576813986283595,0.11105960158651228,0.0566766011900575,0.002325396723379413,-0.0032885905198421547,0.00030176936395782695,1.0151858785165554e-05
0,3,933,72.24701690673828,1.125248458170737,0.3863658566118491,0.2743118548178613,-0.24835672982505008,0.0015576826930118368,0.1110594559387193,0.05667658173755367,0.002325395376544342,-0.0032885905198421547,0.00030176923404355024,1.0151856536443318e-05
0,3,934,72.24701690673828,1.1252483940504976,0.38636574086492276,0.27431167392627664,-0.2483567896488546,0.0015576839873953144,0.11105936630930822,0.056676555800881885,0.002325394254181783,-0.0032885902852961752,0.0003017691041292735,1.0151852038998844e-05
0,3,935,72.24700927734375,1.1252484573104724,0.386365925108891,0.2743119065011712,-0.24835684947265915,0.0015576841168336623,0.11105929908724993,0.056676555800881885,0.0023253926828742,-0.003288590050750196,0.00030176894173642767,1.0151845292832136e-05
0,3,936,72.24701690673828,1.1252485295034538,0.3863661708364022,0.2743122166010306,-0.24835690929646367,0.0015576842462720099,0.1110592542725444,0.056676542832546,0.002325392009456664,-0.003288589347112258,0.0003017687793435818,1.0151838546665425e-05
0,3,937,72.24701690673828,1.1252483905932582,0.38636578407730293,0.27431162224296674,-0.24835696912026822,0.001557685670093835,0.11105924306886801,0.056676536348378055,0.0023253911115666166,-0.00328858864347432,0.0003017686494293051,1.0151831800498717e-05
0,3,938,72.24701690673828,1.1252484791736348,0.38636602434287204,0.2743119065011712,-0.24835702894407277,0.0015576860584088784,0.11105924306886801,0.056676542832546,0.002325390662621593,-0.0032885881743823613,0.00030176858447216674,1.0151826178693126e-05
0,3,939,72.24701690673828,1.125248596059204,0.38636632931040704,0.27431226828434047,-0.2483570887678773,0.0015576864467239217,0.11105927667989716,0.056676555800881885,0.002325390438149081,-0.0032885874707444234,0.00030176858447216674,1.015182392997089e-05
0,3,940,72.24701690673828,1.1252485515655553,0.3863661820434419,0.27431198402613605,-0.24835714859168184,0.0015576874822307036,0.11105933269827908,0.05667656228504983,0.002325390662621593,-0.003288586532560506,0.0003017686494293051,1.0151821681248653e-05
0,3,941,72.24701690673828,1.1252485435797677,0.38636612333702797,0.2743118289762064,-0.24835719345953525,0.001557687870545747,0.11105941112401377,0.05667657525338572,0.002325390887094105,-0.0032885853598306094,0.0003017687793435818,1.0151820556887535e-05
0,3,942,72.24702453613281,1.1252486659060208,0.38636646182787776,0.27431224244268554,-0.24835723832738865,0.0015576870939156603,0.11105946714239567,0.05667658173755367,0.0023253913360391284,-0.003288584421646692,0.00030176890925785846,1.0151820556887535e-05
0,3,943,72.24702453613281,1.125248712416662,0.3863665618052965,0.2743123199676504,-0.24835728319524206,0.0015576868350389648,0.11105952316077759,0.05667659470588955,0.0023253917849841523,-0.0032885832489167955,0.0003017691041292735,1.0151821681248653e-05
0,3,944,72.24701690673828,1.125248620328502,0.3863662581478713,0.2743118289762064,-0.24835732806309546,0.0015576869644773127,0.11105957917915951,0.05667660767422544,0.002325392233929176,-0.0032885820761868988,0.00030176920156498103,1.015182392997089e-05
0,3,945,72.24702453613281,1.1252486320350479,0.38636625673141145,0.27431177729289646,-0.24835737293094884,0.0015576860584088784,0.11105960158651228,0.056676620642561334,0.002325392458401688,-0.003288581372548961,0.00030176936395782695,1.0151826178693126e-05
0,3,946,72.24700927734375,1.125248772728985,0.38636663093911566,0.27431226828434047,-0.24835741779880224,0.0015576843757103577,0.1110595903828359,0.05667663361089722,0.0023253926828742,-0.003288580434365043,0.00030176942891496525,1.0151827303054244e-05
0,3,947,72.24702453613281,1.125248774807433,0.38636660151281305,0.27431219075937563,-0.24835746266665565,0.0015576841168336623,0.11105957917915951,0.05667664657923311,0.0023253926828742,-0.0032885797307271054,0.0003017695263506728,1.0151827303054244e-05
0,3,948,72.24702453613281,1.1252486666653128,0.386366268870716,0.2743116997679316,-0.24835750753450905,0.0015576850229020963,0.11105953436445398,0.056676653063401056,0.002325392009456664,-0.003288579261635147,0.00030176959130781116,1.0151825054332007e-05
0,3,949,72.24702453613281,1.1252486838357225,0.3863663366359379,0.27431177729289646,-0.24835755240236246,0.0015576855406554875,0.11105947834607206,0.05667664657923311,0.002325390887094105,-0.0032885783234512297,0.00030176955882924196,1.0151822805609772e-05
0,3,950,72.24702453613281,1.125248754399575,0.3863665598664475,0.27431208739275587,-0.24835759727021586,0.001557685281778792,0.11105938871666099,0.056676640095065164,0.0023253899892040574,-0.0032885776198132914,0.00030176959130781116,1.0151818308165298e-05
0,3,951,72.24702453613281,1.1252486998610378,0.38636640102911896,0.2743118548178613,-0.24835764213806927,0.001557685281778792,0.11105931029092632,0.056676640095065164,0.0023253886423689864,-0.003288577150721333,0.0003017694938721036,1.0151812686359707e-05
0,3,952,72.24702453613281,1.1252485825431227,0.3863660770688336,0.2743113896680722,-0.24835768700592267,0.0015576848934637487,0.11105923186519163,0.05667663361089722,0.002325387295533915,-0.003288576681629374,0.00030176942891496525,1.0151808188915234e-05
0,3,953,72.24702453613281,1.1252486581190846,0.3863662970827538,0.2743116997679316,-0.24835773187377608,0.0015576829518885323,0.11105913103210419,0.05667663361089722,0.0023253863976438675,-0.0032885764470833947,0.0003017693964363961,1.0151803691470762e-05
0,3,954,72.24701690673828,1.1252486591884236,0.386366300147657,0.2743116997679316,-0.24835777674162948,0.0015576819163817504,0.11105904140269311,0.05667663361089722,0.0023253852752813083,-0.003288575743445457,0.00030176933147925774,1.0151800318387406e-05
0,3,955,72.24701690673828,1.1252485355570345,0.38636595784324707,0.27431120877648757,-0.2483578216094829,0.0015576824341351414,0.11105896297695843,0.05667662712672927,0.002325384377391261,-0.003288575274353498,0.0003017692665221194,1.0151796945304052e-05
0,3,956,72.24701690673828,1.1252485181289407,0.386365942559259,0.27431118293483264,-0.2483578664773363,0.0015576825635734892,0.11105887334754737,0.05667661415839339,0.0023253832550287016,-0.0032885743361695807,0.0003017692665221194,1.0151794696581815e-05
0,3,957,72.24701690673828,1.1252485930096352,0.38636619608972433,0.2743115447180019,-0.24835789638923855,0.001557682175258446,0.11105879492181268,0.0566766011900575,0.002325382581611166,-0.0032885733979856635,0.0003017692665221194,1.0151793572220698e-05
0,3,958,72.24701690673828,1.1252486424595314,0.38636635788388074,0.27431177729289646,-0.24835792630114084,0.0015576830813268802,0.111058716496078,0.05667659470588955,0.0023253816837211184,-0.003288572459801746,0.00030176920156498103,1.0151792447859579e-05
0,3,959,72.24701690673828,1.1252486083299582,0.3863662940513917,0.27431167392627664,-0.2483579562130431,0.0015576851523404441,0.11105868288504885,0.05667658173755367,0.0023253812347760945,-0.003288571521617829,0.0003017692665221194,1.0151791323498461e-05
0,3,960,72.24701690673828,1.1252485800915335,0.386366211871916,0.2743115447180019,-0.24835798612494536,0.0015576864467239217,0.11105864927401969,0.05667658173755367,0.002325380785831071,-0.0032885705834339116,0.00030176933147925774,1.0151791323498461e-05
0,3,961,72.24701690673828,1.1252485995107475,0.3863662861371058,0.27431162224296674,-0.24835801603684762,0.0015576859289705306,0.11105864927401969,0.05667657525338572,0.002325380561358559,-0.003288570348887932,0.00030176933147925774,1.0151791323498461e-05
0,3,962,72.24701690673828,1.1252486502400292,0.38636643378776353,0.2743118031345514,-0.2483580459487499,0.0015576839873953144,0.11105864927401969,0.05667657525338572,0.002325380561358559,-0.0032885696452499944,0.0003017693964363961,1.0151790199137343e-05
0,3,963,72.24701690673828,1.125248621066026,0.38636633102637247,0.27431162224296674,-0.24835807586065217,0.0015576826930118368,0.11105867168137246,0.05667658173755367,0.002325380785831071,-0.003288569410704015,0.00030176936395782695,1.0151792447859579e-05
0,3,964,72.24701690673828,1.12524856778398,0.38636615809621105,0.2743113379847623,-0.24835810577255443,0.0015576823046967937,0.11105870529240161,0.05667658822172161,0.0023253814592486067,-0.003288568707066077,0.00030176936395782695,1.0151792447859579e-05
0,3,965,72.24701690673828,1.1252486226966163,0.38636630028953445,0.274311493034692,-0.24835813568445672,0.0015576823046967937,0.11105875010710714,0.05667659470588955,0.002325382132666142,-0.0032885684725200977,0.0003017693964363961,1.0151795820942934e-05
0,3,966,72.24701690673828,1.1252487405885476,0.38636662595229493,0.2743119065011712,-0.24835816559635898,0.0015576833402035756,0.11105879492181268,0.0566766011900575,0.0023253830305561894,-0.0032885680034281392,0.0003017693964363961,1.0151796945304052e-05
0,3,967,72.24701690673828,1.1252487074708446,0.38636652963049795,0.27431172560958655,-0.24835819550826124,0.0015576860584088784,0.11105883973651821,0.0566766011900575,0.002325383703973725,-0.003288567299790201,0.00030176936395782695,1.0151799194026289e-05
0,3,968,72.24702453613281,1.1252487117439067,0.38636650670078726,0.2743116480846217,-0.24835822542016353,0.0015576879999840945,0.11105888455122374,0.05667661415839339,0.002325384377391261,-0.0032885670652442215,0.00030176936395782695,1.0151800318387406e-05
0,3,969,72.24701690673828,1.125248827444841,0.38636682592059035,0.2743120615511009,-0.2483582553320658,0.001557687741107399,0.11105890695857651,0.056676620642561334,0.0023253846018637726,-0.0032885668306982425,0.0003017692990006886,1.0151800318387406e-05
0,3,970,72.24701690673828,1.1252487834479277,0.386366680026331,0.2743118289762064,-0.24835828524396805,0.0015576872233540081,0.11105890695857651,0.05667662712672927,0.0023253848263362843,-0.0032885668306982425,0.0003017692665221194,1.0151801442748525e-05
0,3,971,72.24702453613281,1.1252486638737995,0.3863663139662862,0.2743112863014524,-0.2483583151558703,0.0015576855406554875,0.11105890695857651,0.05667663361089722,0.0023253850508087965,-0.003288566596152263,0.0003017692665221194,1.0151801442748525e-05
0,3,972,72.24701690673828,1.1252487061118401,0.3863664368315547,0.27431144135138213,-0.2483583450677726,0.0015576824341351414,0.11105888455122374,0.05667663361089722,0.0023253848263362843,-0.0032885663616062837,0.0003017692990006886,1.0151801442748525e-05
0,3,973,72.24701690673828,1.1252487691110626,0.3863666201984402,0.2743116997679316,-0.24835837497967486,0.001557680104244882,0.11105881732916545,0.05667663361089722,0.002325384152918749,-0.0032885658925143253,0.00030176936395782695,1.0151801442748525e-05
0,3,974,72.24701690673828,1.125248644176858,0.3863662563787204,0.27431118293483264,-0.24835840489157712,0.0015576808808749685,0.11105876131078353,0.05667663361089722,0.002325383928446237,-0.0032885654234223664,0.00030176946139353445,1.0151802567109643e-05
0,3,975,72.24701690673828,1.1252486128275445,0.38636618288508695,0.2743110795682128,-0.2483584348034794,0.0015576824341351414,0.11105869408872523,0.05667662712672927,0.0023253834795012134,-0.003288564485238449,0.0003017694938721036,1.0151803691470762e-05
0,3,976,72.24701690673828,1.1252487141963012,0.3863665313728183,0.2743115705596569,-0.24835846471538167,0.001557683728518619,0.11105862686666693,0.05667660767422544,0.0023253828060836776,-0.0032885637816005113,0.00030176955882924196,1.0151805940192997e-05
0,3,977,72.24701690673828,1.125248772152701,0.38636671795960237,0.2743118289762064,-0.24835849462728393,0.0015576850229020963,0.11105857084828501,0.0566766011900575,0.002325382357138654,-0.003288563077962573,0.0003017696562649495,1.0151808188915234e-05
0,3,978,72.24701690673828,1.1252486467346297,0.3863664059562921,0.2743113896680722,-0.24835852453918622,0.0015576863172855739,0.11105850362622671,0.05667658173755367,0.002325382132666142,-0.0032885621397786557,0.0003017696237863803,1.0151809313276353e-05
0,3,979,72.24701690673828,1.1252486410370643,0.386366442551225,0.27431144135138213,-0.24835855445108848,0.0015576860584088784,0.11105843640416842,0.05667656228504983,0.0023253814592486067,-0.0032885621397786557,0.0003017696237863803,1.0151809313276353e-05
0,3,980,72.24701690673828,1.1252486940594184,0.3863666323596838,0.2743116997679316,-0.24835858436299074,0.0015576843757103577,0.11105839158946287,0.056676549316713946,0.002325380561358559,-0.0032885619052326763,0.00030176968874351867,1.0151809313276353e-05
0,3,981,72.24701690673828,1.125248605186197,0.38636640892574164,0.2743113896680722,-0.2483585993189419,0.0015576829518885323,0.11105834677475734,0.056676536348378055,0.0023253798879410235,-0.0032885621397786557,0.0003017696237863803,1.0151807064554116e-05
0,3,982,72.24701690673828,1.1252485287017238,0.3863662038389295,0.27431110540986775,-0.248358614274893,0.0015576815280667071,0.11105830196005181,0.05667652986421011,0.0023253792145234878,-0.003288562374324635,0.00030176959130781116,1.0151802567109643e-05
0,3,983,72.24701690673828,1.1252485754308799,0.3863663753563286,0.2743113379847623,-0.24835862923084415,0.0015576806219982729,0.11105829075637542,0.056676516895874225,0.0023253787655784642,-0.003288562843416594,0.00030176946139353445,1.0151801442748525e-05
0,3,984,72.24701690673828,1.1252485715335079,0.3863663817516322,0.2743113379847623,-0.2483586441867953,0.0015576808808749685,0.11105827955269905,0.05667651041170628,0.0023253787655784642,-0.003288563077962573,0.0003017693964363961,1.0151801442748525e-05
0,3,985,72.24701690673828,1.1252485422090825,0.3863662964093218,0.27431120877648757,-0.2483586591427464,0.001557682175258446,0.11105826834902266,0.05667651041170628,0.002325378990050976,-0.003288562843416594,0.0003017692665221194,1.0151801442748525e-05
0,3,986,72.24701690673828,1.1252485331060234,0.3863662876807159,0.27431118293483264,-0.24835867409869755,0.001557683210765228,0.11105826834902266,0.056676503927538334,0.002325379438996,-0.003288563077962573,0.0003017691366078427,1.0151801442748525e-05
0,3,987,72.24701690673828,1.1252486131020611,0.38636652067868893,0.274311493034692,-0.2483586890546487,0.001557683599080271,0.11105827955269905,0.056676503927538334,0.002325379438996,-0.003288563077962573,0.0003017690716507044,1.0151803691470762e-05
0,3,988,72.24701690673828,1.1252485853288277,0.3863664752594914,0.27431141550972715,-0.2483587040105998,0.001557683599080271,0.11105827955269905,0.05667649095920244,0.0023253801124135352,-0.003288563547054532,0.000301769006693566,1.0151805940192997e-05
0,3,989,72.24701690673828,1.125248556928286,0.38636637479398556,0.2743112604597975,-0.24835871896655096,0.001557683210765228,0.11105827955269905,0.05667649744337039,0.002325380561358559,-0.003288563547054532,0.00030176890925785846,1.0151808188915234e-05
0,3,990,72.24701690673828,1.1252485415616902,0.3863663477185015,0.27431120877648757,-0.2483587339225021,0.0015576820458200983,0.11105827955269905,0.05667649095920244,0.0023253810103035827,-0.0032885637816005113,0.00030176890925785846,1.0151811561998588e-05
0,3,991,72.24701690673828,1.1252485518675752,0.38636634221041904,0.27431118293483264,-0.24835874887845322,0.0015576808808749685,0.11105829075637542,0.056676503927538334,0.0023253814592486067,-0.0032885640161464903,0.00030176890925785846,1.0151813810720825e-05
0,3,992,72.24701690673828,1.1252485297709272,0.3863662600980883,0.2743110537265579,-0.24835876383440436,0.0015576803631215774,0.11105829075637542,0.05667651041170628,0.00232538190819363,-0.0032885647197844286,0.000301769006693566,1.015181718380418e-05
0,3,993,72.24701690673828,1.1252485506581897,0.3863663031901158,0.27431110540986775,-0.2483587787903555,0.0015576802336832298,0.11105827955269905,0.056676516895874225,0.0023253816837211184,-0.0032885654234223664,0.0003017691041292735,1.015181718380418e-05
0,3,994,72.24701690673828,1.125248562811241,0.3863663031420166,0.27431110540986775,-0.24835879374630662,0.0015576807514366207,0.1110582459416699,0.05667652986421011,0.0023253812347760945,-0.003288565657968346,0.00030176920156498103,1.0151816059443062e-05
0,3,995,72.24701690673828,1.1252485749640158,0.38636630309929004,0.27431110540986775,-0.24835880870225777,0.0015576813986283595,0.11105821233064074,0.056676542832546,0.0023253810103035827,-0.0032885663616062837,0.00030176933147925774,1.0151816059443062e-05
0,3,996,72.24701690673828,1.1252486101036043,0.38636636999690027,0.27431120877648757,-0.2483588236582089,0.0015576819163817504,0.11105815631225883,0.056676555800881885,0.002325380336886047,-0.003288566596152263,0.0003017693964363961,1.0151814935081944e-05
0,3,997,72.24701690673828,1.125248596167423,0.3863663116880876,0.27431113125152273,-0.24835883861416003,0.001557682175258446,0.11105811149755329,0.05667656228504983,0.0023253796634685117,-0.0032885670652442215,0.00030176946139353445,1.0151811561998588e-05
0,3,998,72.24701690673828,1.1252485750428798,0.38636625015286097,0.2743110537265579,-0.24835885357011117,0.0015576819163817504,0.11105805547917139,0.05667656228504983,0.002325378990050976,-0.0032885668306982425,0.0003017694938721036,1.0151809313276353e-05
0,3,999,72.24701690673828,1.1252485883231857,0.38636625331980096,0.2743110537265579,-0.2483588685260623,0.0015576810103133162,0.11105803307181861,0.05667657525338572,0.0023253783166334403,-0.003288566596152263,0.0003017695263506728,1.0151807064554116e-05
0,3,1000,72.24701690673828,1.125248575506995,0.3863661982233923,0.274310976201593,-0.24835888348201343,0.0015576802336832298,0.11105799946078947,0.05667658173755367,0.002325377643215905,-0.0032885661270603043,0.0003017695263506728,1.0151802567109643e-05
