checkpoint_epoch,seed,epoch,pde_loss,coefficient_error,spurious_l2,xi_u,xi_u_x,xi_u_xx,xi_u^2,xi_u*u_x,xi_u*u_xx,xi_u_x^2,xi_u_x*u_xx,xi_u_xx^2
200,21,0,14.411493301391602,0.9882138592411048,0.11673155789092185,0.09489636480216464,0.06475088139670611,0.008085413245336749,0.020054613713440004,-0.01877708057189063,0.005067411555934865,0.0005599280910714409,-0.0002810259187385177,3.503168756177783e-05
200,21,1,14.386076927185059,0.9925532865555944,0.1340414086220809,0.11923985909768717,0.059622251065116545,0.007761580566096635,0.013078721742896843,-0.016615462539358465,0.004780147684284171,0.0004291545736689297,-0.00023336382875390886,3.160770830727087e-05
200,21,2,14.362122535705566,0.9973972819255801,0.15369789060677952,0.14349434449329912,0.05449612739360053,0.007438618886062333,0.006496742587774237,-0.014596271510975126,0.004498882077342692,0.0003194094801211136,-0.00019063230460247046,2.8411674384339723e-05
200,21,3,14.339601516723633,1.0027024134361375,0.1747609387853859,0.16758737146262398,0.049374233710958615,0.007117210528157396,0.0003460744801557306,-0.01272861992209569,0.0042246232071305725,0.00022916631432610236,-0.00015272032007846505,2.5443460781191255e-05
200,21,4,14.31848430633545,1.008417348805828,0.19659728372000992,0.19143524534063122,0.044258320093888484,0.006798122743759797,-0.005341532946880465,-0.011020340025438264,0.0039583589885796,0.00015665983168432397,-0.00011946619268975377,2.2701237247041936e-05
200,21,5,14.298730850219727,1.0144826745311182,0.21876366308201717,0.2149417929858484,0.0391501671881131,0.006482213503278362,-0.01054106151868118,-0.00947749844489785,0.0037010447389528886,9.992997194539495e-05,-9.06578311388901e-05,2.018147219873634e-05
200,21,6,14.280292510986328,1.0208308454602604,0.24092819593307008,0.23799755566960304,0.03405157856612441,0.006170436804181173,-0.015235283060021467,-0.008103854917583121,0.0034535955423549134,5.688251470771584e-05,-6.603517919892183e-05,1.7878997179952967e-05
200,21,7,14.263115882873535,1.0273862108306713,0.26282254241844355,0.26047923588775,0.028964363532106584,0.005863845566283787,-0.01941573821136991,-0.006900354174095834,0.003216875090169263,2.536368832399679e-05,-4.5294825048764467e-05,1.5787094760121292e-05
200,21,8,14.247132301330566,1.034065225082296,0.28421391083325726,0.28224987873387575,0.023890348585320534,0.005563590666653161,-0.023083610813939677,-0.005864731186482477,0.0029916933316771134,3.243464998137633e-06,-2.8097222694182416e-05,1.38976538225085e-05
200,21,9,14.232276916503906,1.0407769128700783,0.3048891620958039,0.3031599782758431,0.018831365956719397,0.005270916596675326,-0.026250450908284925,-0.0049913390819215685,0.0027788017752941744,-1.1500861834614765e-05,-1.4076163919967718e-05,1.2201350245326743e-05
200,21,10,14.21846866607666,1.047423770367887,0.3246467457399054,0.3230499442313672,0.013789249787820396,0.004987152293642694,-0.028938700426028304,-0.004271292160402452,0.0025788967189702898,-2.0710461884944185e-05,-2.849898504872768e-06,1.0687878368881307e-05
200,21,11,14.205629348754883,1.05390326942898,0.3432938891655243,0.34175401962922386,0.008765831354294637,0.004713692803928673,-0.031182032612866152,-0.0036929510502250926,0.0023926240957888333,-2.5989184049410862e-05,5.9670171376591395e-06,9.34616585959003e-06
200,21,12,14.1936674118042,1.0601101760334832,0.36064769166914074,0.35910581269197445,0.003762931901351799,0.004451973707941731,-0.033025461030265275,-0.003242714246901181,0.002220588430983779,-2.867224928121545e-05,1.2752316011353823e-05,8.164626175206115e-06
200,21,13,14.182493209838867,1.0659398505039346,0.37653924466291316,0.37494542480288723,-0.0012176368786188376,0.004203440237051066,-0.034525205717936505,-0.002906007028079426,0.0020633617989567693,-2.9821061840805508e-05,1.78661667293335e-05,7.131378312110701e-06
200,21,14,14.172014236450195,1.0712923386170403,0.39081950649570496,0.38912739465227636,-0.006174076667176558,0.0039695052919074365,-0.03574835101129291,-0.0026683543768228125,0.0019214952765120564,-3.0241468717899855e-05,2.1643627274199796e-05,6.234455809404486e-06
200,21,15,14.16213607788086,1.0760769549910658,0.40336592681682826,0.40152875120776416,-0.01110460729623941,0.0037515043242017437,-0.03677220532895222,-0.0025164018720311857,0.0017955295150733686,-3.0519535926984164e-05,2.4389733561715752e-05,5.461985965032997e-06
200,21,16,14.152771949768066,1.0802168690693261,0.4140888252173885,0.4120563411917264,-0.01600746818100727,0.0035506468405873764,-0.03768346503313872,-0.0024387999562844953,0.0016859997331196562,-3.1067911861043493e-05,2.6377207823879974e-05,4.802332427363118e-06
200,21,17,14.14383602142334,1.0836528709433082,0.4229359710179314,0.4206519800802888,-0.02088092166344897,0.0033679686304245965,-0.03857711061503228,-0.002426902600458594,0.0015934408554571773,-3.2176125387112455e-05,2.784631360047319e-05,4.244203115520106e-06
200,21,18,14.135246276855469,1.0863459878314219,0.4298952419437406,0.42729535407459257,-0.025723259699276604,0.003204289784101369,-0.03955509867440691,-0.0024752683016305075,0.0015183858980197006,-3.405977968792036e-05,2.90063754276503e-05,3.776721026848539e-06
200,21,19,14.126934051513672,1.0882784007379225,0.434994506444157,0.4320038387275901,-0.030532802902663456,0.003060180914670807,-0.040724857972168856,-0.0025819836169737455,0.0014613608285964164,-3.690540563931337e-05,3.003842572557715e-05,3.389468674698146e-06
200,21,20,14.118836402893066,1.0894528285287572,0.438299455878437,0.43482995971918786,-0.035307908188500346,0.0029359428908336442,-0.0421976723418929,-0.0027488428079158068,0.0014228745819604488,-4.0909545126110455e-05,3.109847232224803e-05,3.0724990757884385e-06
200,21,21,14.110901832580566,1.0898905470582863,0.43990976422798334,0.4358568585261439,-0.040046966861831554,0.0028315979097995577,-0.044087041525065644,-0.0029814194943207422,0.0014034087813246797,-4.631179253893289e-05,3.232110819725331e-05,2.816329646117246e-06
200,21,22,14.103083610534668,1.089628555149547,0.4399546149271342,0.4351927786766634,-0.04474841417067518,0.002746895529137625,-0.046507144109184044,-0.0032890813341492765,0.0014034081939792982,-5.342275899961253e-05,3.3823256566770255e-05,2.6119207145587786e-06
200,21,23,14.09534740447998,1.0887163406980838,0.43858830916081665,0.43296526180786715,-0.049410736948279535,0.002681329555957598,-0.04957151570971088,-0.003684974907769178,0.0014232704527476223,-6.264827025785627e-05,3.570806484389938e-05,2.4506406074604703e-06
200,21,24,14.08765983581543,1.0872125294974255,0.4359862789744521,0.4293153437232611,-0.05403246788143082,0.0026341641045038765,-0.05339208865132835,-0.004186023101778208,0.0014633438534409193,-7.451160869971134e-05,3.806891847265566e-05,2.3242248733120237e-06
200,21,25,14.079998970031738,1.0851819728878185,0.432342522725937,0.4243927298655067,-0.05861219697383768,0.0026044654443259083,-0.05807879183512718,-0.004812955921756056,0.0015239330814758748,-8.967565201164431e-05,4.0993824050154494e-05,2.224727205850066e-06
200,21,26,14.072339057922363,1.082693213943437,0.42786801142858344,0.418351478634164,-0.06314857918838748,0.002591137950106911,-0.06373963904377862,-0.0055903802569857,0.0016053113992912612,-0.0001089666117688222,4.457023520794217e-05,2.144464751398663e-06
200,21,27,14.06466293334961,1.0798165744102644,0.422790416306042,0.4113465190201726,-0.06764034208940266,0.0025929602927666036,-0.07048138019217855,-0.006546884236849108,0.001707743552817818,-0.00013340099100964714,4.889050106295308e-05,2.075956579627396e-06
200,21,28,14.056952476501465,1.0766228246790477,0.4173547948226668,0.4035306398106638,-0.07208627820038437,0.00260862042419385,-0.07841066033283102,-0.007715150889185791,0.0018315139640565678,-0.0001642167559647085,5.4057948838770006e-05,2.0118521435994434e-06
200,21,29,14.049188613891602,1.0731826451852746,0.41182546787618896,0.39505227683587046,-0.07648526793078146,0.0026367493556092125,-0.08763541046230848,-0.00913205145060762,0.001976962705983435,-0.00020290958314337154,6.019363545921626e-05,1.944853757810034e-06
200,21,30,14.041348457336426,1.069566728942347,0.4064882719118164,0.3860534453146005,-0.0808362795759905,0.0026759527644613394,-0.0982663818236166,-0.010838663389051843,0.0021445230926536683,-0.00025127432722565706,6.744344716223606e-05,1.867628210942095e-06
200,21,31,14.033411979675293,1.065846544528079,0.4016527313994112,0.37666774474899184,-0.08513838842299656,0.0027248380171170056,-0.11041842081211617,-0.012880195406705628,0.0023347569199247326,-0.00031145086003890273,7.598521844823541e-05,1.7727127628577595e-06
200,21,32,14.025351524353027,1.0620958910262939,0.397653799112384,0.3670187265656752,-0.08939076146586057,0.0027820399851810657,-0.12421126924114509,-0.015305793842904284,0.002548387063124987,-0.0003859731553136674,8.60351627216306e-05,1.652416868725853e-06
200,21,33,14.017145156860352,1.0583930576458915,0.39485178391349157,0.3572181166583743,-0.09359269561700093,0.002846243966528183,-0.13976964712811712,-0.018168200826996588,0.0027863189151601116,-0.00047781691896308775,9.785287218232281e-05,1.4987262227041325e-06
200,21,34,14.008761405944824,1.0548235967836286,0.39362964080104423,0.34736429185299134,-0.09774361770719349,0.002916206193594381,-0.15722234756650813,-0.02152329092432042,0.0030496519865843923,-0.0005904406818729113,0.00011174380810420518,1.3032096095035972e-06
200,21,35,14.000178337097168,1.051483453508829,0.39438605453651665,0.3375405387248477,-0.10184307684331528,0.0029907716876543923,-0.17670040439353554,-0.02542943860272909,0.0033396716827653805,-0.000727811306827054,0.00012805898375001123,1.0569434578180367e-06
200,21,36,13.991371154785156,1.0484823307785134,0.39752377047748844,0.32781371143697347,-0.10589079026188239,0.003068892354373025,-0.19833370347917964,-0.029946708961823554,0.0036578225796690313,-0.0008944041722309529,0.00014719066438730904,7.504581853600929e-07
200,21,37,13.98232364654541,1.0459468441152473,0.4034327580993883,0.31823274447983396,-0.10988662804453736,0.0031496402538761657,-0.22224663369645892,-0.035135825215076265,0.004005656150120743,-0.0010951723372087628,0.00016956510526515276,3.737236406031256e-07
200,21,38,13.973031997680664,1.0440230139343243,0.4124694167209047,0.3088277095306685,-0.11383062840256178,0.0032322206295477642,-0.2485518172542125,-0.041056896646411704,0.0043847408999619815,-0.001335480646160619,0.00019563207233651422,-8.381282294830159e-08
200,21,39,13.963502883911133,1.0428772732263578,0.4249335985635047,0.29960905368603313,-0.11772302060364533,0.0033159798700724357,-0.27734199665941534,-0.04776783960201292,0.004796535501447858,-0.0016210131934336666,0.00022585265381440986,-6.331127038356541e-07
200,21,40,13.953761100769043,1.0426950485071087,0.4410461374988111,0.29056749063787796,-0.12156421732962934,0.0034004117825599325,-0.3086794270583825,-0.05532242407812339,0.005242212002287283,-0.0019576562303048567,0.00026068510734684493,-1.285330359370094e-06
200,21,41,13.943855285644531,1.0436752278185568,0.46092781555968365,0.28167418204675165,-0.12535483760327593,0.003485159522737293,-0.34258123965449716,-0.06376776916755023,0.005722408553237324,-0.002351371089661543,0.0003005682942510926,-2.051463546396363e-06
200,21,42,13.933853149414062,1.0460188978447467,0.48458003469197053,0.2728818983303073,-0.1290956991460115,0.003570013182208656,-0.378999573044493,-0.07314090598439175,0.0062368984389806975,-0.0028080458600142104,0.00034590095297208244,-2.941827569073681e-06
200,21,43,13.923847198486328,1.0499096287960146,0.5118642893986622,0.26412659661017834,-0.1327878413046958,0.0036549006200425715,-0.4177945518357983,-0.08346412203163203,0.006784147513380761,-0.0033333300344784555,0.0003970143060188226,-3.965311327468763e-06
200,21,44,13.913951873779297,1.0554823324124616,0.5424755067765664,0.25533023199664184,-0.13643249448259662,0.003739872503782868,-0.4586964920328866,-0.09473822192905743,0.007360743299770633,-0.003932419064522623,0.0004541355410354856,-5.1283578122000715e-06
200,21,45,13.904289245605469,1.062777417546632,0.5759047199658477,0.24640425809145766,-0.14003111070841515,0.003825080353512993,-0.5012560086150526,-0.10693339288573975,0.007960661983916999,-0.004609784531602846,0.0005173397066637876,-6.433633290417585e-06
200,21,46,13.89498233795166,1.0716791386083424,0.6113892575116949,0.23725481426150563,-0.14358529485597893,0.00391074469368561,-0.5447821136107852,-0.1199769958737981,0.008574430272160627,-0.005368818703715433,0.0005864899767939552,-7.878378468617465e-06
200,21,47,13.886131286621094,1.0818423918093254,0.6478575015288076,0.22778896487700648,-0.14709681992875462,0.003997111623799313,-0.5882776650169789,-0.13373934292720419,0.009188331887805868,-0.006211400458354002,0.000661172099009987,-9.452545035600979e-06
200,21,48,13.87778091430664,1.0926268340433312,0.6838947884237577,0.2179226797325021,-0.15056758120630997,0.00408439804919649,-0.6303998502344281,-0.1480211208880115,0.009784082181779279,-0.007137413682359235,0.0007406370408461487,-1.113706625128188e-05
200,21,49,13.869895935058594,1.1030789902923472,0.7177818233369806,0.20759001153098283,-0.15399950453723815,0.004172726537078404,-0.6694978482237194,-0.16255029385272715,0.01033963397049312,-0.008144325933028516,0.00082377763375874,-1.2902891035253701e-05
200,21,50,13.86235523223877,1.1120144379226948,0.7476612707005739,0.19675298072351077,-0.15739450048561954,0.0042620519692036455,-0.7037821546726902,-0.17699875368580975,0.01083172132869291,-0.009226985607533838,0.0009091734600094944,-1.471169155307185e-05
200,21,51,13.854968070983887,1.1182181908834272,0.7718291778545001,0.18541091622923078,-0.1607543420549208,0.004352090124778738,-0.731618814829794,-0.19102114641259757,0.011239788930060078,-0.010377843390803696,0.0009952218939047839,-1.6518884497362942e-05
200,21,52,13.847529411315918,1.1206976205798118,0.7890421610654994,0.173607166243922,-0.16408060354994422,0.00444226339380404,-0.7518356216882801,-0.20430308429275018,0.011549668829300554,-0.01158770723602315,0.0010803350348760653,-1.8278685275554154e-05
200,21,53,13.839875221252441,1.1188747378490225,0.7987015642545311,0.16143167373949613,-0.16737455358523923,0.004531678579864063,-0.7639012871803408,-0.21659893969530045,0.011755397121409947,-0.01284690790558748,0.0011631467872851768,-1.9949801906387642e-05
200,21,54,13.831914901733398,1.1126478869787866,0.8008617205363864,0.14901928969319925,-0.1706371092315644,0.004619137516184275,-0.7679280030271013,-0.2277505234400534,0.011858922618364284,-0.014146628638251519,0.0012426705058811327,-2.1500131752053963e-05
200,21,55,13.823641777038574,1.102332415118956,0.7961054269192465,0.13654418679292563,-0.17386879016234966,0.004703185320434749,-0.7645436190020367,-0.23768844288416213,0.011868557432003449,-0.015480082938306893,0.0013183800458583656,-2.2909493221202514e-05
200,21,56,13.815108299255371,1.088536948117577,0.7853677897092916,0.12421117166074157,-0.17706976450723405,0.004782182776935631,-0.7547156065704347,-0.24642283716713112,0.011797032860818202,-0.01684334745478387,0.0013902236836682562,-2.4170332866896333e-05
200,21,57,13.806407928466797,1.0720271498195262,0.7697659814459156,0.11224508358910583,-0.18023983356755321,0.004854400916072281,-0.7395834556727905,-0.2540287173173675,0.011659698589010323,-0.01823582153479922,0.001458593305622948,-2.5287067121388963e-05
200,21,58,13.797640800476074,1.0536077516123836,0.750461666220676,0.10087886018404012,-0.1833784929543899,0.0049181233144790105,-0.7203249365416957,-0.2606292413229802,0.011473017907625024,-0.019660313451050064,0.0015242694670925064,-2.6274523555329115e-05
200,21,59,13.788884162902832,1.0340348694451578,0.7285617543122793,0.09034077776022086,-0.18648499372662464,0.0049717522556071,-0.6980607301159932,-0.2663788217672479,0.011253394198478608,-0.021122865007252516,0.0015883514790959016,-2.7156020774750808e-05
200,21,60,13.780200958251953,1.0139595584033696,0.7050532508324245,0.0808416101181291,-0.18955843409801137,0.0050139095822644185,-0.6737922611996346,-0.2714471078485944,0.011016282867941528,-0.022632287085504438,0.0016521815553457372,-2.7961264706992398e-05
200,21,61,13.771612167358398,0.9938976524249958,0.6807626536479726,0.07256232690648266,-0.19259777472169043,0.0050435230727139515,-0.6483624909652771,-0.27600341389478095,0.01077550532753273,-0.02419949334292392,0.0017172591837897714,-2.8724170660863464e-05
200,21,62,13.763116836547852,0.9742231481717198,0.6563385623593142,0.0656436601286705,-0.19560197625080197,0.005059893997398904,-0.6224381234621102,-0.28020334314033074,0.01054274152750998,-0.02583661442012167,0.0017851498060872779,-2.9480677573574582e-05
200,21,63,13.7546968460083,0.9551783592437213,0.632249802053057,0.06017821440837439,-0.1985699993384863,0.00506273958316991,-0.5965055877305262,-0.28417686261015757,0.01032717050149635,-0.027555990647295685,0.0018573875575391564,-3.026653100471886e-05
200,21,64,13.746330261230469,0.936896121934233,0.6087977110768509,0.05620588731616556,-0.20150089634495946,0.005052212797754529,-0.5708799566244995,-0.2880194848587858,0.01013527771719506,-0.029369109878284404,0.0019353817192344492,-3.1115208721829983e-05
200,21,65,13.738001823425293,0.9194289582887694,0.5861396094727994,0.05371308039606684,-0.20439381133751347,0.005028892698796511,-0.5457246830175467,-0.2917868728318985,0.009970823359738878,-0.03128557080092486,0.00202032997592694,-3.205607872974305e-05
200,21,66,13.729713439941406,0.9027792323747775,0.5643176267733705,0.05263529733670136,-0.20724802594405403,0.004993753550781472,-0.5210770316922847,-0.29549253297955114,0.009834953927312616,-0.03331215011234659,0.002113146027815196,-3.311286592281969e-05
200,21,67,13.721478462219238,0.886927290475108,0.543290406069508,0.05286237658823074,-0.21006295935310074,0.004948115605137165,-0.496877484962733,-0.29910842918571956,0.009726462425157163,-0.03545199119664321,0.002214404154777543,-3.4302564091686154e-05
200,21,68,13.713340759277344,0.8718545555998349,0.5229639641888268,0.05424586871743172,-0.21283815302927425,0.004893581886440712,-0.47299963397506173,-0.30256838728670227,0.00964211140552934,-0.03770393194236366,0.002324301104283607,-3.5634732731897e-05
200,21,69,13.705355644226074,0.8575616856794845,0.5032201518429215,0.05660737957508466,-0.21557320957524584,0.004831966775309204,-0.4492790544988615,-0.30577276465647035,0.009577031187870606,-0.04006196386095989,0.0024426314670254767,-3.711114935488554e-05
200,21,70,13.697585105895996,0.8440806260826671,0.48394108598131785,0.059747629887518146,-0.21826782330076264,0.004765218318165832,-0.42553909203739015,-0.3085948871649582,0.00952512277773881,-0.04251477155358114,0.0025687777776739456,-3.872578995487118e-05
200,21,71,13.69010066986084,0.8314818617125952,0.4650297227927179,0.06345554205413424,-0.22092164266203387,0.004695339089361905,-0.4016135121042107,-0.31088810006590256,0.009479464897157609,-0.04504543091484549,0.0027017075451053895,-4.046502043316758e-05
200,21,72,13.682965278625488,0.8198765058475832,0.44642692048359073,0.06751705035079754,-0.22353430083075607,0.00462430898349102,-0.37736597151363455,-0.31249430719873694,0.009432722189656661,-0.0476312876304622,0.002839989586153958,-4.230807711226246e-05
200,21,73,13.676230430603027,0.8094131523490474,0.4281238799105223,0.07172379324064147,-0.22610530870252463,0.0045540089727993,-0.35270503025997485,-0.31325331015929125,0.009377571045673255,-0.050244133551650895,0.0029818261981537798,-4.4227937911750844e-05
200,21,74,13.66993522644043,0.8002696295512567,0.4101705704766327,0.07588121168763123,-0.22863399375878324,0.004486153067912251,-0.3275955428847445,-0.3130131706864045,0.009307118379809362,-0.052850778932146174,0.0031251172565422754,-4.619268185158515e-05
200,21,75,13.664093971252441,0.7926390844473161,0.3926783647622281,0.07981593558030066,-0.23111945421328595,0.004422226551686098,-0.30206486191499476,-0.3116412613937882,0.009215349775357777,-0.05541416554675443,0.003267556485005671,-4.8167403295157254e-05
200,21,76,13.658707618713379,0.7867110051462107,0.37581671566392283,0.0833820955192548,-0.2335605437275845,0.0043634353116639565,-0.2762044273564125,-0.3090358188078843,0.009097557659085268,-0.05789509908009374,0.0034067693024482843,-5.0116790317531395e-05
200,21,77,13.653763771057129,0.7826490027123774,0.3598025239309722,0.08646642847286519,-0.23595577970395243,0.004310670614069168,-0.25016599164721376,-0.3051363801701798,0.008950720726349077,-0.06025451455802295,0.003540478882806512,-5.2008144521571584e-05
200,21,78,13.649237632751465,0.7805682535834355,0.3448816774303942,0.08899155156360389,-0.23830335856989784,0.004264491732075989,-0.22415217100473184,-0.29993155987814873,0.00877376413510094,-0.06245608276961456,0.0036666875586906364,-5.381450242615087e-05
200,21,79,13.645106315612793,0.7805156516160703,0.3313045237346313,0.09091723621480217,-0.24060117106267592,0.004225123050521374,-0.19840326587848414,-0.2934639795255612,0.008567679324344938,-0.06446889507775838,0.003783851790518191,-5.5517463857970505e-05
200,21,80,13.641350746154785,0.7824569741580201,0.31929667477685353,0.09223945594132911,-0.24284680222928898,0.004192472885278397,-0.17318018493752188,-0.28583008186322634,0.008335444722510977,-0.06626975628661141,0.0038910133314937105,-5.710921948657948e-05
200,21,81,13.637950897216797,0.7862738970998028,0.3090305228632232,0.09298767482019023,-0.24503760784904965,0.0041661667790707626,-0.14874673988342835,-0.27717494030372325,0.008081760267342326,-0.06784477201137074,0.003987873471936895,-5.8593488412822914e-05
200,21,82,13.634899139404297,0.7917705890371387,0.3006016043314324,0.09322000482597821,-0.24717076028711896,0.004145597203920569,-0.12535179676741257,-0.2676831429978098,0.007812630978020088,-0.06918997578731972,0.004074798483866672,-5.998509625404022e-05
200,21,83,13.632196426391602,0.7986895585170466,0.2940158387922209,0.09301723865245803,-0.24924335548609458,0.004129980019268568,-0.10321438553066772,-0.25756627239242913,0.007534856552026622,-0.07031090969065337,0.00415274562415413,-6.130838515032154e-05
200,21,84,13.62983226776123,0.806732919059868,0.28919001020842305,0.09247603008009296,-0.25125248938857425,0.004118418168314979,-0.0825122148129277,-0.2470491941374714,0.007255495118812171,-0.07122138579811228,0.004223141621305428,-6.259478384777906e-05
200,21,85,13.627801895141602,0.815585789645614,0.28596523157429293,0.09170147581199695,-0.25319534964423157,0.0041099677871004854,-0.06337469584387292,-0.2363563832003872,0.00698136752029283,-0.07194155782666581,0.004287718842977657,-6.387969412357484e-05
200,21,86,13.62608528137207,0.8249378215457459,0.2841296993014968,0.0907999693696933,-0.2550693531704298,0.004103698040462757,-0.04588035951684708,-0.22570029641262734,0.006718649693155737,-0.07249563218549383,0.00434834230669422,-6.519934986461883e-05
200,21,87,13.624655723571777,0.8345013481051896,0.2834450289404913,0.08987275327570889,-0.25687219200575967,0.004098746132512601,-0.030058448641491157,-0.21527166122042943,0.006472572535369093,-0.07290967309432535,0.004406838917890066,-6.658789101028635e-05
200,21,88,13.623480796813965,0.8440237953408337,0.28367049688274837,0.08901022393496566,-0.2586018791635777,0.004094363148697432,-0.0158938230200987,-0.205233224765784,0.006247266259656052,-0.07320940770177704,0.004464859870423493,-6.807494535554507e-05
200,21,89,13.622522354125977,0.8532950315353376,0.28458173031084344,0.08828754240324138,-0.26025691676164464,0.0040899478341638205,-0.0033341711516495626,-0.19571614472484944,0.00604570518302885,-0.07341847018002419,0.004523769775046101,-6.968393307851089e-05
200,21,90,13.621739387512207,0.8621498471224504,0.28598206313154184,0.08776161452332147,-0.2618362043150502,0.004085067825871098,0.007701524544643342,-0.18681900329988993,0.005869761175218528,-0.07355712399011927,0.004584581819356192,-7.14310744593402e-05
200,21,91,13.62109375,0.8704665351589332,0.2877074227498818,0.0874694222915213,-0.26333913044328877,0.004079469786100121,0.017314248966719105,-0.17860912809800011,0.005720309968188998,-0.0736413604127381,0.004647918170823758,-7.332505781765429e-05
200,21,92,13.620551109313965,0.8781629961062174,0.28962618378753363,0.08742786062180248,-0.2647655423012338,0.004073077472261132,0.025616844741404927,-0.17112530830425665,0.005597375643100904,-0.07368257715479372,0.004714013936487973,-7.536708639196187e-05
200,21,93,13.620083808898926,0.8851913050757709,0.2916359063968005,0.08763479837901689,-0.26611574557913814,0.004065980155740874,0.032727017144007636,-0.16438151546685734,0.0055002804033839215,-0.07368760186602567,0.004782734486633772,-7.75513783868315e-05
200,21,94,13.619671821594238,0.8915317862378064,0.29365855902617,0.08807099186620984,-0.267390504502634,0.004058413319981139,0.03876183675640974,-0.15837095915292307,0.005427784950282952,-0.07365909975987994,0.004853616041691243,-7.986577640538297e-05
200,21,95,13.619296073913574,0.8971871313902922,0.2956355180122577,0.08870318630641015,-0.26859095012565704,0.004050730672692655,0.04383375469617943,-0.15307024492589089,0.005378209476006725,-0.07359627127232272,0.0049259166533409645,-8.22925600259426e-05
200,21,96,13.61894702911377,0.9021769430408825,0.29752310685044997,0.08948766168877026,-0.26971858033044627,0.004043375916794945,0.04804803072843378,-0.14844341139738998,0.005349548783422584,-0.07349571433677889,0.004998679064711848,-8.480929744488377e-05
200,21,97,13.618613243103027,0.9065329993208745,0.29928891284442394,0.09037386023264814,-0.2707751986894937,0.0040368465593136,0.05150142524547734,-0.1444455579927525,0.005339561562554482,-0.0733524512751949,0.005070803469822733,-8.73899705827649e-05
200,21,98,13.618293762207031,0.9102952867951095,0.3009091451362534,0.09130834032345662,-0.27176285332749345,0.004031662304483889,0.05428174670279526,-0.14102607273212192,0.005345864365844037,-0.07316096352796499,0.005141127202494622,-9.00062720816831e-05
200,21,99,13.6179780960083,0.9135086125257235,0.30236691495358275,0.09223863069325046,-0.27268377578329156,0.004028330792840167,0.056468122053642746,-0.13813159955660148,0.00536601912261238,-0.07291614799522644,0.005208502940376332,-9.262892574233883e-05
200,21,100,13.617666244506836,0.9162200197493892,0.3036512178668011,0.0931163319025164,-0.27354041157891096,0.004027317683237618,0.05813162040432289,-0.13570841963074334,0.005397617716795101,-0.0726142733781549,0.0052718823535542305,-9.522928042439812e-05
200,21,101,13.617353439331055,0.9184766345631153,0.3047563343802381,0.09390017247866217,-0.2743352368053999,0.004029020595258287,0.05933611398961443,-0.13370453498222656,0.005438362453259524,-0.07225362296573665,0.005330384409334141,-9.778084925419525e-05
200,21,102,13.617033958435059,0.9203240445940797,0.3056815721056607,0.09455775916743606,-0.2750708803989331,0.004033748118371488,0.06013913914819948,-0.13207131494928123,0.005486149460848891,-0.07183494928882699,0.005383361202212312,-0.00010026077070006477
200,21,103,13.616713523864746,0.9218051357702948,0.3064309821614771,0.09506716394846274,-0.27574994072666,0.004041705576766737,0.06059271314550529,-0.13076464962408163,0.005539125077538988,-0.07136170144717954,0.0054304321062663705,-0.00010265101962408726
200,21,104,13.616387367248535,0.9229592408917066,0.3070131497056921,0.09541742281155455,-0.2763750772937804,0.00405298610221507,0.06074409580581339,-0.12974579633136538,0.0055957381241771055,-0.0708399623985416,0.0054715100081512745,-0.00010493927455140408
200,21,105,13.61606216430664,0.9238219138798993,0.3074406126531828,0.09560819114762371,-0.2769489496054945,0.004067572564261193,0.06063630278607233,-0.1289814261382477,0.005654756937498106,-0.07027808837095256,0.005506789922968995,-0.00010711927707912253
200,21,106,13.615735054016113,0.9244247171237624,0.3077291272895977,0.09564880060802101,-0.2774741254599263,0.0040853399829636605,0.06030862436878359,-0.12844359594833288,0.005715269370124423,-0.06968623069209635,0.005536720781423811,-0.00010919066779833742
200,21,107,13.6154146194458,0.924795504664826,0.30789693802463747,0.09555675370694182,-0.2779532032242251,0.004106066868773741,0.05979698420176319,-0.12810919038394336,0.0057766475498431625,-0.06907569300252914,0.005561958903376666,-0.00011115829872926892
200,21,108,13.615099906921387,0.9249589996114134,0.3079637298297242,0.09535574685350139,-0.27838872012748994,0.004129449216428461,0.05913429251882998,-0.12795893577805784,0.0058385026540117325,-0.06845817872482392,0.005583302167874195,-0.00011303124885339183
200,21,109,13.614794731140137,0.924937460616322,0.3079496943241022,0.09507356642256735,-0.27878318282979425,0.004155119806872077,0.05835068897902885,-0.12797635835447235,0.005900610904039756,-0.06784509340475688,0.005601622698291197,-0.00011482146461018547
200,21,110,13.614502906799316,0.9247513677669775,0.30787454668389785,0.09473974904042692,-0.27913903685316094,0.00418266654408145,0.057473857253806285,-0.1281467052001098,0.005962842496597907,-0.06724687056908264,0.005617794102889033,-0.0001165421581835344
200,21,111,13.614222526550293,0.9244203130581442,0.3077567829431671,0.09438354113624073,-0.2794586971505878,0.0042116527220835845,0.05652930098067309,-0.12845573500984966,0.006025084661372928,-0.06667246219943447,0.005632627624693408,-0.00011820648706466373
200,21,112,13.613957405090332,0.9239638164382374,0.3076130238512137,0.09403206707268147,-0.27974451753702184,0.004241634879232973,0.05554060315964736,-0.12888862045491212,0.006087172354312596,-0.0661289232725811,0.005646821655351224,-0.00011982611641651827
200,21,113,13.6137056350708,0.9234016562599725,0.30745755561385035,0.09370876026771846,-0.2799987906893596,0.004272178239748765,0.054529691068770744,-0.1294294365749012,0.0061488377459229205,-0.06562116875567142,0.005660920653268993,-0.00012141022679265472
200,21,114,13.6134672164917,0.9227545410066296,0.30730218357047556,0.09343239284797573,-0.28022380928449775,0.004302872155251932,0.05351710117962464,-0.1300603980168513,0.006209670869127571,-0.06515191873419293,0.005675291880390019,-0.00012296471718706056
200,21,115,13.613241195678711,0.9220440913903841,0.3071561233539911,0.09321656780376057,-0.28042177429225673,0.004333337825533854,0.052522161286747644,-0.1307618404313015,0.0062691061103241,-0.0647218042366233,0.0056901268870809575,-0.0001244919003179084
200,21,116,13.613031387329102,0.9212927926082848,0.3070261221670622,0.0930695738905002,-0.28059482554440685,0.004363235536776862,0.051563078812807604,-0.1315123134919241,0.006326429257528528,-0.06432958280316489,0.0057054434919805675,-0.0001259905260672671
200,21,117,13.612832069396973,0.9205235876108299,0.30691669080167755,0.09299476651247042,-0.28074501116564216,0.00439226900448657,0.05065697392304116,-0.13228909250348117,0.006380804518262889,-0.06397246379856254,0.005721114984768786,-0.00012745618776942942
200,21,118,13.612646102905273,0.9197593834628264,0.30683041928042953,0.0929911662543691,-0.2808742875735812,0.004420182960751689,0.04981979673915491,-0.13306881093529824,0.006431326793294196,-0.06364653171070958,0.005736902793671124,-0.00012888200196253712
200,21,119,13.612472534179688,0.9190222503903704,0.3067684232764635,0.09305444736527853,-0.2809845500477916,0.004446762189147959,0.04906618936249406,-0.1338284650332519,0.006477073363028012,-0.06334718904641172,0.00575249806228243,-0.00013025960848292586
200,21,120,13.612310409545898,0.9183326466855122,0.30673068197068953,0.09317803506655019,-0.28107754102271487,0.004471827181805817,0.048409165767793604,-0.1345463533180176,0.006517181417098821,-0.06306962666317158,0.005767570650823484,-0.00013158025650507766
200,21,121,13.612159729003906,0.9177085750546412,0.30671645607649495,0.09335402148648544,-0.2811549112257164,0.004495230279026106,0.047859891040248174,-0.13520311840490834,0.00655090209014513,-0.06280920787347949,0.005781804773418506,-0.0001328358905815739
200,21,122,13.612019538879395,0.9171648957672887,0.30672461984990673,0.09357420855625914,-0.28121815853903537,0.004516851808895783,0.047427388864629494,-0.13578259348249416,0.006577672705291401,-0.06256184862967266,0.0057949430497298724,-0.00013402017417715118
200,21,123,13.61188793182373,0.9167127928304213,0.3067540273530886,0.09383107835656143,-0.2812686585688096,0.004536594296711484,0.047118265571623665,-0.13627249995981552,0.006597157888324762,-0.06232425660925901,0.005806812737954061,-0.00013512932568506784
200,21,124,13.611767768859863,0.9163595249938334,0.30680365339429033,0.09411807424606423,-0.2813076646450759,0.004554381499883448,0.0469366163135858,-0.13666476373312028,0.00660927423620103,-0.06209411542819946,0.005817343058498227,-0.00013616262628751347
200,21,125,13.611651420593262,0.916108213169453,0.3068727637049634,0.0944300542944314,-0.2813363078217699,0.004570155512647298,0.046883997469173766,-0.13695580354671194,0.006614203238643109,-0.061870147351812566,0.005826578062997077,-0.00013712277936451413
200,21,126,13.611544609069824,0.9159583171583848,0.3069608673103692,0.09476320966437686,-0.2813555663077007,0.004583878696256193,0.04695954806295982,-0.13714601008303007,0.006612367196980342,-0.06165199571182834,0.005834662280409432,-0.00013801561359092372
200,21,127,13.611442565917969,0.9159059882112833,0.30706777074268904,0.0951150011310433,-0.28136632660460176,0.004595535126624928,0.04716024916187354,-0.13723939248806225,0.006604399269534055,-0.061440126920599844,0.005841829827850092,-0.0001388498485393118
200,21,128,13.611349105834961,0.9159447999327563,0.3071934292816615,0.09548372378631219,-0.2813693835071305,0.0046051320419740515,0.04748122742423085,-0.1372427504966504,0.006591088848497069,-0.06123560314407391,0.005848376692707327,-0.00013963618834446367
200,21,129,13.611260414123535,0.9160665639126252,0.3073377653779909,0.0958680354684732,-0.28136540953384315,0.004612703220666113,0.04791621870188748,-0.13716474423620614,0.006573322238050162,-0.061039815780446614,0.005854632519798171,-0.00014038668101794052
200,21,130,13.611177444458008,0.9162621024887078,0.3075005172917603,0.09626636729931091,-0.28135501606524554,0.004618311393945855,0.048457959894439996,-0.137015019842203,0.0065520151096431925,-0.06085422285825015,0.005860926953939658,-0.00014111360896841565
200,21,131,13.611100196838379,0.9165220347573195,0.307681075762608,0.0966764339764537,-0.2813387533437928,0.004622049693584313,0.04909864703230601,-0.13680331646974286,0.00652806199029228,-0.06068011387046059,0.005867562911990686,-0.0001418287076779675
200,21,132,13.611026763916016,0.916837513336325,0.30787835720768125,0.09709495264490739,-0.2813171104738896,0.004624042134426858,0.04983022778760664,-0.13653863841886277,0.006502271654587838,-0.060518358930879416,0.005874788370007313,-0.00014254224374010547
200,21,133,13.610958099365234,0.9172007241060982,0.30809075412735687,0.09751746152385123,-0.2812905154218898,0.004624443614393192,0.050644754694854854,-0.13622870631872663,0.006475337757425493,-0.06036931862720813,0.005882778049641809,-0.00014326243668022666
200,21,134,13.610894203186035,0.9176051419864392,0.3083160894050716,0.09793806598415204,-0.28125939615414763,0.0046234346064489545,0.05153454520407987,-0.135879668766777,0.006447807704700861,-0.060232738196396754,0.005891624013861095,-0.00014399506829376255
200,21,135,13.610834121704102,0.9180457419382245,0.3085516462539907,0.09834981943209294,-0.28122408892994105,0.004621219710961601,0.05249228654321898,-0.13549588838358972,0.006420082065964168,-0.06010772792748613,0.005901332202211424,-0.00014474326387554096
200,21,136,13.6107759475708,0.9185189056450689,0.30879438684173915,0.09874502257515996,-0.2811849605775736,0.004618018487287724,0.05351109642792333,-0.1350801185501678,0.006392410463002578,-0.05999283763080711,0.005911828370364636,-0.00014550760160510502
200,21,137,13.610721588134766,0.9190222622954681,0.3090410004597561,0.09911562244309126,-0.2811423167872982,0.00461405869810053,0.05458447890897194,-0.13463368944719847,0.006364918587727748,-0.05988614678490599,0.005922968979286284,-0.00014628633131735116
200,21,138,13.610671043395996,0.9195543198759243,0.3092882137682235,0.09945391974337288,-0.28109646324936755,0.004609570518813413,0.055706247105246076,-0.13415701036104713,0.006337631108645702,-0.05978547618584753,0.0059345634685340895,-0.00014707604644091706
200,21,139,13.61062240600586,0.9201141583001794,0.3095329190913631,0.09975302229424915,-0.2810476750850094,0.004604776886619216,0.05687042937948397,-0.133649941762271,0.006310506324234348,-0.05968850161072958,0.005946390095047945,-0.0001478719809011903
200,21,140,13.610578536987305,0.9207009224639259,0.30977241032493535,0.1000075433115584,-0.2809961662774007,0.004599885297173618,0.05807121414754823,-0.13311241853713016,0.006283474927738663,-0.059592965466986156,0.005958222166145866,-0.0001486688998293343
200,21,141,13.61053466796875,0.9213136321272095,0.3100045709614828,0.1002139369491605,-0.28094215080971846,0.004595082496566729,0.059302861573253776,-0.13254471974451004,0.0062564652630220955,-0.05949684532794354,0.005969846353124936,-0.0001494615371035642
200,21,142,13.610492706298828,0.9219507034269472,0.3102280641638422,0.10037100614390847,-0.28088584266513966,0.004590530138390762,0.060559659415781814,-0.1319480453376181,0.006229437977944082,-0.05939850287121877,0.005981082489748818,-0.00015024523603458657
200,21,143,13.610454559326172,0.9226099046308368,0.3104423301999358,0.10048001143957073,-0.2808273946887908,0.0045863589931635996,0.06183593406782632,-0.13132456267379788,0.006202405406757633,-0.05929675442848731,0.005991794956378071,-0.0001510164025333494
200,21,144,13.610418319702148,0.9232881331511905,0.310647600409319,0.10054458030022924,-0.280766929156773,0.004582667983232714,0.06312607263188709,-0.13067764836556328,0.006175438030908539,-0.05919094153525074,0.006001902084251719,-0.0001517726457493094
200,21,145,13.610383033752441,0.9239815573437242,0.3108449291136118,0.10057072524759982,-0.28070456834518737,0.004579525147871248,0.06442456707285574,-0.13001174875115568,0.006148669765143794,-0.05908090741424754,0.006011374670600684,-0.00015251305934696656
200,21,146,13.610349655151367,0.924685657643403,0.3110359790558699,0.100566218123478,-0.28064040396110984,0.004576968125826045,0.06572614115670061,-0.129332258969027,0.006122292084057789,-0.05896698129772692,0.0060202364736099785,-0.00015323789334990707
200,21,147,13.610318183898926,0.9253954531108001,0.31122294180542,0.10054028175529214,-0.28057452771161623,0.00457500849824998,0.06702584427471209,-0.12864525320091705,0.0060965311156224245,-0.058849868683365746,0.0060285498585152565,-0.00015394856976727757
200,21,148,13.610289573669434,0.9261057656079233,0.31140828333296033,0.10050285539462674,-0.2805070313037824,0.004573636614182323,0.0683190955960886,-0.1279571125933396,0.006071634719588722,-0.05873052591245934,0.006036407383245627,-0.000154647213799561
200,21,149,13.610260963439941,0.9268114962012024,0.31159457717392436,0.10046417755885306,-0.28043794530663363,0.004572824968384997,0.06960184412106109,-0.12727417178299427,0.006047848993671555,-0.05861008570072224,0.006043916454595828,-0.00015533626317672304
200,21,150,13.610234260559082,0.9275078966949061,0.3117843483667327,0.10043405146965256,-0.2803673614272458,0.0045725339919190115,0.07087055764274641,-0.126602374724141,0.006025392430352866,-0.058489669005574375,0.006051183489436224,-0.00015601809312283283
200,21,151,13.610209465026855,0.9281907918273106,0.3119798479169086,0.10042126465876373,-0.2802953713726947,0.004572717842720902,0.07212229449509973,-0.1259469584218632,0.0060044418205925055,-0.05837031447637335,0.006058304015469049,-0.0001566946256942095
200,21,152,13.610183715820312,0.9288567029508157,0.3121829503879557,0.10043335318281679,-0.2802220362810311,0.004573328265987025,0.07335469803384119,-0.12531228549673673,0.005985115220812167,-0.0582528961463522,0.006065349307249338,-0.00015736707975583586
200,21,153,13.610161781311035,0.9295030558560715,0.3123950670606818,0.10047608470970203,-0.2801474784283559,0.0045743174894617685,0.07456597456016298,-0.12470159303183266,0.005967464317405429,-0.058138033285693946,0.006072361436563049,-0.00015803562719892742
200,21,154,13.610140800476074,0.9301280695392495,0.31261704817099845,0.10055343131258918,-0.28007175895271985,0.00457563967108167,0.07575489332072924,-0.12411707629038317,0.005951469727974699,-0.058026102159826266,0.006079352282502686,-0.00015869954920567388
200,21,155,13.61012077331543,0.9307308156348757,0.312849254821824,0.1006674153027039,-0.27999503069924936,0.0045772557244557754,0.0769206706071378,-0.12355985150793003,0.0059370492241665575,-0.05791721643226376,0.00608630006673199,-0.000159357033105075
200,21,156,13.610101699829102,0.9313110195079779,0.3130915140628273,0.100818381289134,-0.2799173853750202,0.004579129941029388,0.07806290352704102,-0.12303015123354445,0.005924068303888629,-0.05781127811721797,0.0060931572728809376,-0.00016000551615537203
200,21,157,13.610084533691406,0.9318689603878493,0.3133432651794747,0.10100508686543139,-0.2798389758251589,0.0045812299900840625,0.07918153137063315,-0.12252748246319548,0.005912348414144916,-0.05770803245163892,0.0060998590609029355,-0.00016064182618231472
200,21,158,13.610067367553711,0.9324052478463306,0.3136035471854473,0.10122495653209791,-0.2797599243257665,0.004583529814025832,0.0802767417864048,-0.12205085918882122,0.005901691032196451,-0.057607111008962014,0.006106328711658882,-0.00016126250973511836
200,21,159,13.610051155090332,0.9329206811928443,0.31387118058389635,0.1014745169922751,-0.2796803531529443,0.004586002872712692,0.08134893214763035,-0.12159901634347431,0.005891890587159687,-0.057508161040348824,0.006112490495934056,-0.00016186414461594648
200,21,160,13.610037803649902,0.933416054426937,0.3141448917321622,0.10174977803547283,-0.2796004151518186,0.004588624556194781,0.08239861020904925,-0.12117066095431887,0.005882752667713325,-0.057410853313550135,0.006118276603908734,-0.00016244368366234198
200,21,161,13.610024452209473,0.933891962036377,0.31442333509966075,0.10204634136149174,-0.27952026316751594,0.004591370254522239,0.08342638858779278,-0.120764686087776,0.0058741063563513335,-0.05731498401812596,0.00612363852928852,-0.000162998673517865
200,21,162,13.610010147094727,0.9343488200240383,0.31470518225030497,0.10235973612085085,-0.2794400500451627,0.004594212945005027,0.08443291853450502,-0.12038018015148656,0.005865818913017476,-0.05722047868487708,0.0061285480592287115,-0.00016352739527036023
200,21,163,13.60999870300293,0.934786652333131,0.31498919010191706,0.10268578166119573,-0.2793598674918347,0.004597124157308992,0.08541888993334285,-0.12001667804730815,0.005857795775105322,-0.0571274313801604,0.006133001728993994,-0.00016402909884906904
200,21,164,13.60998821258545,0.9352053164821129,0.3152742987539833,0.10302060566461889,-0.27927986835265844,0.004600074456003911,0.08638498714938983,-0.11967395652813241,0.005849983494185149,-0.0570360851087313,0.006137020326996255,-0.00016450387801283622
200,21,165,13.609977722167969,0.935604365399425,0.31555955892666865,0.10336065321632004,-0.2792001749037351,0.004603031510371339,0.08733192214309589,-0.11935215512340207,0.005842366211931655,-0.05694682005544898,0.006140646419983637,-0.00016495262347068773
200,21,166,13.609968185424805,0.935983226500431,0.31584419543072767,0.1037027502852275,-0.279120939990191,0.004605962989692835,0.08826042895120388,-0.11905160870377966,0.005834960374015524,-0.05686009871323495,0.006143937918532107,-0.00016537688224356332
200,21,167,13.609959602355957,0.9363412224508558,0.31612756456810903,0.10404423975390123,-0.2790422553191021,0.0046088380108940665,0.08917124712953,-0.11877281027329613,0.005827801808505032,-0.05677645412477839,0.006146965602234511,-0.0001657786857731011
200,21,168,13.609950065612793,0.936677842931139,0.31640912893601164,0.10438273656470735,-0.27896424316656954,0.004611625690900697,0.09006509967667062,-0.11851611330653972,0.005820937503030702,-0.0566963762190216,0.00614979975572151,-0.00016616023739215462
200,21,169,13.609942436218262,0.9369926430272567,0.3166883900374155,0.10471598262125488,-0.2788870258086944,0.00461429997211876,0.09094272062936862,-0.11828181546632154,0.005814414445223061,-0.056620307891728366,0.006152508188812822,-0.00016652374043357753
200,21,170,13.60993480682373,0.9372855312447881,0.3169649375789489,0.10504200095561914,-0.2788107255215779,0.004616838657338578,0.0918048716197332,-0.11806987024282736,0.005808272574568054,-0.05654860581116869,0.006155150296970977,-0.0001668712575919562
200,21,171,13.6099271774292,0.9375566842111764,0.3172383268680765,0.10535891435513774,-0.27873543401229584,0.004619223409734765,0.09265225908914099,-0.11787993346343183,0.0058025324481540365,-0.056481469868350995,0.006157770131830684,-0.0001672044296470752
200,21,172,13.609920501708984,0.9378066420792052,0.3175081802033867,0.10566492722509009,-0.27866130412597473,0.004621441200510336,0.09348560603618834,-0.11771129817895845,0.005797196415362534,-0.056418974532474526,0.006160394421350081,-0.0001675244442109691
200,21,173,13.609914779663086,0.9380362606700321,0.317774045907392,0.10595825303941588,-0.2785884275696903,0.0046234852739927826,0.09430564097854494,-0.11756289466367972,0.005792247443177483,-0.0563610296566139,0.00616303553958386,-0.0001678320669808707
200,21,174,13.609908103942871,0.9382467301622175,0.3180355314615774,0.1062374226751619,-0.2785168960505186,0.004625352734893884,0.0951129820524153,-0.11743331832120556,0.005787647354149079,-0.056307439269192204,0.006165688041947958,-0.0001681275948597887
200,21,175,13.609902381896973,0.9384394860454833,0.31829227340231037,0.1065010304899964,-0.27844683184456065,0.00462704503085775,0.09590824739400398,-0.11732091340214901,0.005783343874538365,-0.05625787021852869,0.006168333614841428,-0.00016841091846240408
200,21,176,13.60989761352539,0.9386161601085238,0.3185439993385425,0.10674805172531623,-0.27837835722791765,0.004628567469912782,0.09669195579619697,-0.11722384741982898,0.005779274745734895,-0.05621191880317493,0.006170947510154881,-0.00016868177213865646
200,21,177,13.609891891479492,0.9387784498005,0.3187905295093437,0.10697784250624685,-0.2783115639076654,0.004629927290279528,0.09746459293744064,-0.11714025067971302,0.005775377709128223,-0.05616915388566172,0.006173496565421742,-0.00016893965584137345
200,21,178,13.609886169433594,0.938928041738171,0.31903178302535995,0.10719018518494336,-0.27824651302185455,0.004631131730178532,0.09822656722915589,-0.1170682999970829,0.005771594030180193,-0.05612913648965678,0.006175951577872932,-0.00016918421016164981
200,21,179,13.609882354736328,0.9390665250836646,0.31926788296472125,0.10738533368389146,-0.27818332684658614,0.004632189475474453,0.09897820981573802,-0.1170063489245145,0.005767875546569516,-0.05609147467200629,0.0061782868094746885,-0.00016941520070237347
200,21,180,13.609878540039062,0.9391953886027654,0.31949904400742746,0.1075640860451892,-0.2781220359508856,0.0046331092120319465,0.09971976353641021,-0.11695289054402641,0.005764189954300207,-0.056055823522734895,0.006180483946626065,-0.00016963267434296682
200,21,181,13.609874725341797,0.9393159255537289,0.3197257036779909,0.10772771188126526,-0.2780627320418287,0.004633900108263705,0.10045143811595617,-0.11690670629848555,0.005760520807701581,-0.056021916520498,0.0061825350699320596,-0.00016983694361291267
200,21,182,13.609870910644531,0.9394291836978792,0.319948348796732,0.1078778163449759,-0.27800544568844077,0.004634568919842239,0.10117335497398751,-0.11686685668964425,0.005756873392882073,-0.05598954593542407,0.006184439684430482,-0.00017002866482412486
200,21,183,13.60986614227295,0.939536081476276,0.32016762520605707,0.10801635826692535,-0.2779502380287723,0.004635123367536132,0.10188560241567629,-0.11683259756047466,0.0057532647428577485,-0.05595860594286159,0.006186208184327277,-0.0001702087286856293
200,21,184,13.60986328125,0.9396373026718453,0.3203842332350761,0.10814551412556278,-0.27789713963184864,0.0046355702070178945,0.10258824666990157,-0.11680345451087154,0.0057497259869338305,-0.055929045590200545,0.006187858388261201,-0.00017037836968888297
200,21,185,13.60986042022705,0.9397334573971908,0.3205988866912903,0.10826756922325982,-0.27784615049766986,0.004635916193960037,0.1032813208511029,-0.11677903685839525,0.00574629941397779,-0.055900868796872484,0.006189414054417267,-0.00017053891608418773
200,21,186,13.609857559204102,0.9398249815441745,0.3208122999565444,0.10838475445042686,-0.27779730119526114,0.004636169531679178,0.10396482495928028,-0.11675913995986315,0.005743022614094049,-0.05587407948230894,0.006190898446018299,-0.0001706916336159488
200,21,187,13.609853744506836,0.9399123231120551,0.32102514464694965,0.10849919187355182,-0.27775059172462246,0.004636338906039976,0.10463880314701972,-0.11674353126620401,0.005739939638186223,-0.055848701163099146,0.006192335321249308,-0.00017083786616094217
200,21,188,13.609851837158203,0.9399958829572845,0.32123795322210125,0.10861266801869508,-0.27770602208575396,0.004636435898195304,0.10530322229988172,-0.11673197822834666,0.005737082790250299,-0.05582474167810618,0.006193744478597803,-0.00017097870757235755
200,21,189,13.609848976135254,0.9400760968338121,0.3214511802597225,0.10872672455809144,-0.2776635922786555,0.004636472571846076,0.10595808241786625,-0.11672418318347995,0.005734476151446922,-0.055802165752446196,0.006195139282042854,-0.00017111504855922088
200,21,190,13.609847068786621,0.9401534037186937,0.321665110201731,0.1088424315936451,-0.27762327173430185,0.004636462438337309,0.1066034386917059,-0.1167197833550528,0.00573213088133834,-0.05578091459464612,0.006196529135866028,-0.0001712475766863943
200,21,191,13.609844207763672,0.9402283075545774,0.3218799361567777,0.10896059623611425,-0.27758506045269304,0.004636420456658138,0.10723926904510761,-0.1167183136449228,0.005730048741960698,-0.05576090197721211,0.006197914040067324,-0.00017137666698925709
200,21,192,13.609842300415039,0.9403013176623097,0.3220957138856468,0.10908167191850916,-0.27754892786480373,0.004636363515989835,0.10786560659251093,-0.11671925314317046,0.005728218573751748,-0.05574197896174572,0.006199289539987053,-0.00017150246010607656
200,21,193,13.609840393066406,0.9403729598950185,0.32231236923074497,0.10920563143484922,-0.2775148739706339,0.004636308505513679,0.10848249548650189,-0.11672201582613634,0.005726618644932369,-0.055724004448711575,0.006200647716230211,-0.00017162497166332683
200,21,194,13.609838485717773,0.9404437195101405,0.32252973577842126,0.10933232968657114,-0.2774828376321331,0.0046362718318629075,0.10908999091781305,-0.11672602497212388,0.005725223112305775,-0.05570680990255353,0.0062019756997799165,-0.0001717439672638958
200,21,195,13.60983657836914,0.9405140170446123,0.3227475611371939,0.10946132230932488,-0.2774527882802759,0.004636267971478616,0.10968810392459091,-0.11673074106728787,0.005724002608602887,-0.05569024246544159,0.006203259136732726,-0.0001718592125106714
200,21,196,13.609835624694824,0.940584270574544,0.3229655613119428,0.1095921105267992,-0.2774246647770118,0.004636309953157788,0.11027687865942153,-0.11673561529582027,0.0057229301159361515,-0.05567415319897731,0.006204488127844884,-0.00017197050425948982
200,21,197,13.609833717346191,0.9406547103386388,0.3231834913247736,0.109724204631343,-0.2773984365533155,0.004636407910409189,0.11085637031303743,-0.11674031278705857,0.005721978616418019,-0.05565842060078301,0.006205651288986073,-0.00017207760811323896
200,21,198,13.609829902648926,0.9407255458571913,0.32340104671949865,0.10985697888540218,-0.2773740730401617,0.00463657004654944,0.1114265678472921,-0.11674449867034022,0.005721130489687042,-0.05564297020165945,0.00620674466045879,-0.00017218043031307401
200,21,199,13.609829902648926,0.9407967622846826,0.3236179571117554,0.10998997078730625,-0.2773514825304746,0.004636801187058905,0.11198752645291811,-0.11674808922799959,0.005720371639454063,-0.055627770646154345,0.00620776527248991,-0.0001722790333648915
200,21,200,13.60982894897461,0.9408683600753343,0.3238340225130244,0.11012279038466645,-0.27733063445522876,0.004637103262129729,0.11253926820620846,-0.1167510100443339,0.005719696192265264,-0.05561281017597307,0.006208718569663496,-0.000172373589159907
200,21,201,13.609827995300293,0.9409401661270442,0.3240490718040147,0.1102551656176766,-0.2773114676763738,0.00463747530666584,0.11308182622160272,-0.11675338204486016,0.005719103560775267,-0.05559813582429408,0.006209610986487992,-0.00017246433209523255
200,21,202,13.60982608795166,0.9410119746094073,0.32426291504811977,0.11038684256385098,-0.2772938904868337,0.004637913460282946,0.11361523361354037,-0.11675535406098396,0.005718596681710978,-0.055583794624295836,0.0062104514322827735,-0.0001725516372062475
200,21,203,13.609825134277344,0.94108352196163,0.32447544837827863,0.11051768519328652,-0.27727787231758333,0.004638413862596755,0.11413949038202142,-0.11675716794373935,0.005718184952598502,-0.055569857125746025,0.006211252281102537,-0.00017263586390185704
200,21,204,13.609824180603027,0.9411545206379126,0.3246864982166369,0.11064745772081788,-0.2772633214615467,0.004638968310290648,0.11465462964148541,-0.11675906554416036,0.005717875421582419,-0.05555641739500156,0.006212024917077599,-0.00017271743409686297
200,21,205,13.609822273254395,0.9412246726786495,0.32489593692505375,0.110776024116542,-0.2772501767806732,0.004639570047692114,0.11516066243007886,-0.11676131661916961,0.005717673374771161,-0.05554352638467245,0.006212780724338278,-0.0001727966915736963
200,21,206,13.609822273254395,0.9412937414380875,0.3251036374008145,0.11090320300725479,-0.2772383771369124,0.004640209423840424,0.11565763290038779,-0.11676412581194974,0.005717583510927782,-0.05553125464452637,0.006213527127317389,-0.00017287388635594327
200,21,207,13.609820365905762,0.9413615018341965,0.32530945561296043,0.11102881301975212,-0.27722786139221367,0.004640877270322885,0.11614555209055873,-0.11676767916175772,0.00571760171863461,-0.05551963744944717,0.006214271055485562,-0.00017294919033481943
200,21,208,13.609820365905762,0.9414278323547527,0.3255132443659483,0.11115267278082992,-0.27721856840852643,0.004641564901274841,0.11662443103873815,-0.11677205108429632,0.00571772564851012,-0.05550868655772946,0.006215013993729359,-0.0001730226660162213
200,21,209,13.609819412231445,0.9414926235347055,0.3257148158120599,0.11127454650532287,-0.27721040647877476,0.0046422626657355625,0.11709430285936562,-0.1167772880893798,0.005717942378955917,-0.0554983862916471,0.006215754952124407,-0.00017309425089425236
200,21,210,13.609817504882812,0.941555781954996,0.32591400368901763,0.11139412585878398,-0.27720334503393346,0.004642962842936467,0.11755518962873415,-0.11678342738485956,0.0057182389883736065,-0.05548870529574776,0.006216490960897576,-0.00017316385121006776
200,21,211,13.609817504882812,0.9416173158798458,0.3261106333907387,0.11151124760532959,-0.27719729236692664,0.0046436591597530785,0.11800710238499024,-0.11679039455503279,0.005718597269056359,-0.055479596536853006,0.006217215090578238,-0.00017323121694008125
200,21,212,13.609816551208496,0.941677241472639,0.32630455345543186,0.11162563968515353,-0.27719221790872894,0.004644344377964852,0.11845007424257342,-0.11679811518419672,0.005719001362678875,-0.055471009062352826,0.006217922391544519,-0.00017329612931365492
200,21,213,13.60981559753418,0.9417355559061301,0.32649558325328704,0.11173703003844968,-0.2771880605212899,0.004645013672091422,0.11888412727777672,-0.11680652415861141,0.005719431886843561,-0.05546289191963723,0.0062186054393636,-0.00017335838518662498
200,21,214,13.609814643859863,0.9417922496190098,0.3266835984888516,0.11184530984129555,-0.27718475906655893,0.0046456607690083165,0.11930928356689316,-0.11681558427042547,0.005719877094642786,-0.05545519023666468,0.006219259779375792,-0.00017341779704130168
200,21,215,13.609814643859863,0.941847322695648,0.32686850301830545,0.11195043375039013,-0.27718225240648536,0.004646282290879277,0.11972557622436225,-0.11682525831178751,0.005720327001205064,-0.05544785698025673,0.0062198809569214055,-0.00017347425549236613
200,21,216,13.609814643859863,0.9419007828902066,0.3270502479931856,0.11205241990305384,-0.277180509972044,0.004646873412223941,0.12013301628833052,-0.11683551837680897,0.005720770446968144,-0.05544088431155028,0.006220467487113877,-0.00017352771366039587
200,21,217,13.609814643859863,0.9419525232249419,0.32722875567515575,0.11215126829928668,-0.2771794706251843,0.004647430755206052,0.12053162583509097,-0.1168464481831555,0.0057212074319320265,-0.055434252633387665,0.006221019864915395,-0.00017357823405128746
200,21,218,13.60981273651123,0.9420024800199653,0.3274039976694485,0.11224701521372946,-0.2771790732278555,0.004647951424537393,0.12092151524610872,-0.11685810354260417,0.005721636194060568,-0.055427961945768864,0.006221539080250334,-0.0001736258947974116
200,21,219,13.60981273651123,0.9420505700190522,0.3275759645247648,0.11233978760762504,-0.2771792872110325,0.0046484339725738535,0.12130268452138376,-0.11687056817282064,0.005722061432116819,-0.055422020087556964,0.00622203057770276,-0.0001736708521635097
200,21,220,13.60981273651123,0.9420966943297022,0.3277446768996928,0.11242977592283775,-0.2771800514366647,0.004648876469123288,0.12167521092794166,-0.11688395369735907,0.005722490194245361,-0.055416462333635806,0.006222498316970174,-0.00017371335617316795
200,21,221,13.609811782836914,0.9421407657582332,0.327910138866547,0.11251707084596961,-0.27718133533572675,0.004649278914185696,0.12203916069466146,-0.11689835313584795,0.005722928353900007,-0.05541129260343693,0.006222948732561017,-0.00017375359434407603
200,21,222,13.609810829162598,0.9421826975362375,0.3280723305861617,0.11260177213228288,-0.27718307777016815,0.00464964227285715,0.12239458901227575,-0.1169138502059529,0.005723379435153048,-0.05540652657468649,0.006223385289210604,-0.00017379180107334605
200,21,223,13.609811782836914,0.9422224424880628,0.32823129577985427,0.11268405208632146,-0.2771852481709635,0.004649968475329797,0.12274158418595657,-0.11693051002141386,0.005723852835530588,-0.0554021760056791,0.006223811451654248,-0.00017382813262571938
200,21,224,13.609810829162598,0.9422600123279116,0.3283870218604183,0.11276397418870678,-0.27718781596908765,0.00465025993434382,0.12308019036828996,-0.11694831397830514,0.005724349142378009,-0.05539823305755168,0.006224230189665075,-0.00017386276089241155
200,21,225,13.609809875488281,0.9422954233887308,0.3285395345032383,0.11284165633202149,-0.2771907505955152,0.004650520027735471,0.12341050690259454,-0.1169672527746639,0.005724869530386074,-0.05539467813314654,0.006224641503243087,-0.0001738957483793191
200,21,226,13.609810829162598,0.9423287190656603,0.3286888119647104,0.11291705317296459,-0.2771940214812209,0.004650753098437082,0.12373265520848188,-0.11698727059871303,0.0057254122375186385,-0.05539148771587445,0.006225045887350471,-0.00017392718884528692
200,21,227,13.609809875488281,0.942359997817065,0.32883484046087874,0.11299022819215751,-0.2771975980571795,0.004650963971929015,0.12404667943853806,-0.11700825582689836,0.00572597667643032,-0.05538863045028311,0.0062254423520628505,-0.00017395712916973735
200,21,228,13.609810829162598,0.9423893344419114,0.3289776132879208,0.11306115418361962,-0.27720144975436567,0.004651156026047526,0.12435272308866767,-0.11703012474155426,0.005726557561012686,-0.05538607498092021,0.006225828422569288,-0.0001739855068467739
200,21,229,13.609808921813965,0.9424168574147148,0.32911712774661883,0.11312985835333154,-0.27720554600375413,0.004651333603724944,0.12465089654033581,-0.11705273781323802,0.005727153716574973,-0.05538377035517575,0.006226202119021031,-0.00017401240000876724
200,21,230,13.609807968139648,0.9424426794286052,0.3292533858687551,0.11319636790727389,-0.2772098562363196,0.004651501047893595,0.1249413101750076,-0.1170759741164326,0.005727755745591075,-0.05538168913702897,0.006226559976682767,-0.0001740377461498208
200,21,231,13.609808921813965,0.9424669290092902,0.32938636015801426,0.11326064657080585,-0.2772143498830368,0.004651662218937773,0.1252240633360016,-0.11709968481973243,0.0057283630607156116,-0.05537977645443833,0.00622690100563012,-0.00017406154526993458
200,21,232,13.609807968139648,0.9424896770004175,0.329516107389233,0.11332275782454884,-0.2772190269439057,0.004651820494693732,0.12549929951922248,-0.11712381411136041,0.005728975661948583,-0.05537801662967769,0.006227223720976526,-0.0001740839067544276
200,21,233,13.609807968139648,0.9425110710088425,0.32964265451701213,0.11338281956108555,-0.2772238568499011,0.004651978287901654,0.12576710702984228,-0.11714821315991102,0.005729588850526934,-0.05537637830729472,0.006227528617684174,-0.00017410484622977393
200,21,234,13.609807014465332,0.9425311810427583,0.329766105500134,0.11344101315362005,-0.27722883960102285,0.004652138011301723,0.12602764040191217,-0.1171728447575328,0.005730203801141431,-0.05537484972899483,0.0062278152007908755,-0.00017412442620187018
200,21,235,13.609807014465332,0.9425500909641089,0.3298865040626099,0.11349751997535645,-0.27723391405922054,0.004652301112538047,0.12628103209319022,-0.11719763448852301,0.005730821101137454,-0.05537341129762031,0.0062280844602210055,-0.00017414277168250944
200,21,236,13.609807014465332,0.9425678556079712,0.330003935320345,0.11355238536959579,-0.2772391107935193,0.004652468556706698,0.12652742559958108,-0.1172225544469931,0.005731446036623437,-0.055372078690897324,0.0062283398607098795,-0.00017416000768348482
200,21,237,13.609807014465332,0.9425845249520822,0.3301184454983439,0.11360579977820233,-0.2772443686658687,0.004652641791451788,0.12676694234069635,-0.11724756742509167,0.005732079782290144,-0.055370844069962795,0.006228582392181872,-0.00017417630609601188
200,21,238,13.609806060791016,0.9426001659422659,0.33023012905520926,0.11365784481911795,-0.27724971824529393,0.004652820334225278,0.1269997258124407,-0.11727263621496732,0.0057327246875191005,-0.055369695676522106,0.006228816014334485,-0.0001741917606789354
200,21,239,13.609807014465332,0.9426148595800462,0.33033902096570567,0.1137086111789447,-0.27725509839374446,0.004653003702479132,0.12722594158701173,-0.11729768640091728,0.005733382514346451,-0.055368653107732944,0.006229040727167719,-0.0001742065120705227
200,21,240,13.609807014465332,0.9426286263876658,0.33044523208122545,0.1137582258189254,-0.27726053968024555,0.004653191413665316,0.12744573316031407,-0.11732273658686723,0.005734055024808341,-0.055367700685869166,0.006229259995416888,-0.00017422065402961854
200,21,241,13.609806060791016,0.9426415968043376,0.33054881392439495,0.11380681570030297,-0.27726601153577196,0.004653382985235791,0.12765922195195933,-0.11734766584730016,0.005734740456868626,-0.05536682273320461,0.0062294718392332405,-0.00017423424906211953
200,21,242,13.609806060791016,0.9426538237962624,0.330649845388248,0.11385450778432027,-0.2772714833912983,0.00465357793464252,0.1278665845722917,-0.11737244627632754,0.0057354393978726855,-0.05536603492746543,0.006229679723352091,-0.00017424734404744807
200,21,243,13.6098051071167,0.9426654005828498,0.330748395844502,0.11390131113963749,-0.27727698581585,0.004653775779337469,0.12806796451721575,-0.11739700345824654,0.005736147736402851,-0.055365305913199325,0.006229881172962502,-0.00017425995461207828
200,21,244,13.609806060791016,0.9426764400225792,0.3308444912195699,0.11394727110955566,-0.27728248824040164,0.004653975071676527,0.12826348320634315,-0.11742122576950302,0.005736860186350687,-0.05536462393211168,0.0062300761880644704,-0.0001742720807560102
200,21,245,13.6098051071167,0.9426869642577955,0.33093814710915187,0.11399233328211354,-0.27728796009592804,0.004654175329111658,0.128453317250018,-0.11744509460617127,0.005737577922406958,-0.05536398898420249,0.006230263778733624,-0.00017428376935866622
200,21,246,13.609806060791016,0.9426970699413552,0.3310294176412038,0.11403646138267033,-0.27729343195145445,0.004654376069094825,0.12863761014414496,-0.11746852625058565,0.0057382944837724645,-0.055363361875156385,0.006230443944969961,-0.00017429494228767564
200,21,247,13.6098051071167,0.9427068436120359,0.33111832804994534,0.11407966447988623,-0.27729887323795555,0.004654576326529956,0.12881649434648212,-0.11749143698508055,0.005739005759029538,-0.05536276612156258,0.00623061520188692,-0.00017430566204893505
200,21,248,13.609806060791016,0.942716341616154,0.33120494153298796,0.11412196071108163,-0.27730428395543133,0.004654775618869015,0.12899014646737367,-0.11751378960180454,0.005739709986142032,-0.05536217428740031,0.006230778044446686,-0.000174315881763022
200,21,249,13.609806060791016,0.9427255804298744,0.33128925726566233,0.11416327752697492,-0.2773096335348566,0.004654972981015927,0.12915871000272422,-0.11753556549683197,0.00574040422838304,-0.05536159029210112,0.006230931977687073,-0.0001743256795623072
200,21,250,13.609806060791016,0.9427346278541324,0.33137132129012564,0.11420359679024567,-0.2773149525452565,0.004655166965326584,0.12932227325770584,-0.11755670885838573,0.0057410849616802715,-0.055361006296801935,0.006231077001608081,-0.00017433497731441993
200,21,251,13.6098051071167,0.9427434849317077,0.331451187834802,0.11424293663821429,-0.2773202104176059,0.004655356606704913,0.1294810349189557,-0.1175772382903915,0.005741754535415254,-0.055360434059797355,0.006231214601096272,-0.0001743438844046792
200,21,252,13.6098051071167,0.9427521629167975,0.331528890567302,0.1142812880022206,-0.2773254071519047,0.004655541422602877,0.12963510536793896,-0.11759715379284931,0.005742409425515697,-0.055359869661655854,0.0062313452711138355,-0.000174352400833085
200,21,253,13.6098051071167,0.942760683031258,0.3316044666652054,0.11431860553896353,-0.27733054274815294,0.004655720930472441,0.12978462810056016,-0.11761644606379629,0.005743050806672364,-0.05535932486067205,0.006231470496547334,-0.0001743605734790597
200,21,254,13.6098051071167,0.9427690502208281,0.33167790692367216,0.1143548348364819,-0.27733558663732527,0.004655893682669493,0.12992970246013794,-0.1176351058012696,0.005743675742158347,-0.055358807495709005,0.006231589782434579,-0.00017436841796907753
200,21,255,13.6098051071167,0.9427772466227281,0.3317492858167609,0.11438993055147466,-0.2773405693884471,0.004656060161742072,0.13007050505701645,-0.11765317951508347,0.005744286581355173,-0.055358317566766735,0.00623170560358651,-0.00017437598118256084
200,21,256,13.6098051071167,0.9427852541798217,0.3318185781873061,0.11442383827198058,-0.27734546043249303,0.004656220367690177,0.1302070910819282,-0.11767067650720076,0.00574488273691746,-0.05535786683213984,0.006231818949927503,-0.00017438329437245793
200,21,257,13.6098051071167,0.9427931295695043,0.33188582280091267,0.11445651265469865,-0.2773502597694631,0.004656374783061844,0.13033961506892439,-0.11768755026780724,0.005745463034154444,-0.055357443533533716,0.006231927841608805,-0.00017439034191229464
200,21,258,13.6098051071167,0.9428007957437746,0.3319510493507056,0.11448799904292987,-0.2773549673993573,0.004656522442761001,0.13046812117059103,-0.11770389381653136,0.005746026885720745,-0.055357051590379895,0.006232034753441357,-0.00017439718630796755
200,21,259,13.609806060791016,0.9428082812219923,0.33201434009751984,0.11451836998595591,-0.27735958332217564,0.0046566638293356844,0.13059275288283273,-0.11771970715337314,0.005746575466307125,-0.05535671843869915,0.006232140675349534,-0.00017440382755947665
200,21,260,13.6098051071167,0.9428156074350407,0.33207573232148146,0.11454762548377674,-0.2773641075379181,0.004656798460237857,0.1307136205871146,-0.11773498097636974,0.005747109363258966,-0.05535642840076532,0.006232245607333335,-0.0001744102812932961
200,21,261,13.609804153442383,0.9428227628126324,0.3321352437348916,0.11457574739907198,-0.27736854004658473,0.004656926818015555,0.1308307905123157,-0.11774973388944684,0.005747625052503979,-0.05535618931544149,0.006232349054430572,-0.00017441651625647758
200,21,262,13.6098051071167,0.9428297647327496,0.33219290002502727,0.11460270852586099,-0.2773728808481755,0.00465704890266878,0.13094437303990114,-0.1177639565906416,0.0057481225340421625,-0.05535596982727536,0.006232450026716871,-0.00017442254807549526
200,21,263,13.6098051071167,0.9428366006835911,0.3322487408317645,0.11462860861940603,-0.2773770993736651,0.0046571651967455665,0.13105444543689646,-0.11777767698584256,0.0057486023952188995,-0.0553557895334246,0.006232548029230044,-0.00017442834549740083
200,21,264,13.609804153442383,0.9428433039857274,0.33230281229475633,0.11465344767970712,-0.2773812261920789,0.004657276182793952,0.13116107393218074,-0.11779087647112403,0.005749060524616519,-0.05535563275616307,0.006232642567007902,-0.00017443387726924606
200,21,265,13.6098051071167,0.9428498389973132,0.33235516236576734,0.11467730732470606,-0.2773852307343915,0.004657381860813937,0.13126437994536558,-0.11780361085826309,0.005749499271616547,-0.055355499495490776,0.006232733640050446,-0.00017443915901750508
200,21,266,13.609804153442383,0.9428562630846018,0.3324058558937587,0.11470026010368453,-0.27738914356962824,0.004657482713353557,0.13136440762903703,-0.11781584293940835,0.005749918636218983,-0.05535538583197616,0.0062328217433198635,-0.00017444419074217786
200,21,267,13.6098051071167,0.942862555275859,0.3324549329620743,0.11472237856592415,-0.2773929341287638,0.00465757922296085,0.13146126736466018,-0.11782760992241122,0.005750317443733065,-0.05535528784618771,0.006232905391929592,-0.0001744489724432644
200,21,268,13.6098051071167,0.9428686802890401,0.3325024176972711,0.11474369898606575,-0.27739660241179825,0.00465767187218385,0.13155499226667455,-0.1178389583170859,0.0057506980435403175,-0.055355209457556946,0.006232986565728381,-0.00017445350412076472
200,21,269,13.6098051071167,0.942874658342931,0.33254839281671295,0.11476429391339096,-0.2774001789877569,0.004657760661022558,0.13164567064025223,-0.11784989742539528,0.005751061610331505,-0.05535514674665234,0.006233064274791856,-0.00017445783265410125
200,21,270,13.609803199768066,0.9428804799910829,0.3325928815199195,0.11478424496584162,-0.2774036332876143,0.004657845106928939,0.13173335767612576,-0.11786044585126504,0.005751408731452009,-0.05535510363290542,0.0062331390140822045,-0.00017446195804327397
200,21,271,13.609804153442383,0.9428861264467229,0.33263592987459617,0.11480353400609733,-0.27740699588039586,0.004657925692451028,0.13181813064132072,-0.11787064080254657,0.005751742343628736,-0.05535506835802157,0.0062332112785616145,-0.00017446586466180874
200,21,272,13.6098051071167,0.9428916017371898,0.3326775745428058,0.11482226078942034,-0.27741023619707633,0.004658002417588825,0.13190005576471617,-0.11788049158120271,0.005752061859516307,-0.05535506051915849,0.006233281068230086,-0.00017446961501560213
200,21,273,13.6098051071167,0.9428968983167323,0.3327178686299641,0.11484047065911167,-0.2774133848066809,0.004658074317246258,0.13197917719889812,-0.11789002609312202,0.005752369628496247,-0.055355056599726955,0.006233348383087619,-0.00017447319347817995
200,21,274,13.6098051071167,0.9429019998360261,0.33275684035990416,0.11485817268383154,-0.2774164111401843,0.004658142839067435,0.1320556163634782,-0.11789927224419304,0.005752667999950081,-0.05535508011631619,0.006233415202982964,-0.00017447666255543883
200,21,275,13.6098051071167,0.9429068777672693,0.3327945080060507,0.1148753305889391,-0.27741934576661187,0.004658207983052357,0.13212939533474946,-0.11790826724226716,0.005752956386532428,-0.05535511931063157,0.006233480537991745,-0.00017448000662090459
200,21,276,13.609803199768066,0.9429115678719522,0.3328308747243019,0.11489194437443438,-0.27742215811693827,0.004658269749201024,0.13220059137973741,-0.117916973879493,0.00575323537558867,-0.05535517026324156,0.006233544388113963,-0.00017448322567457724
200,21,277,13.609803199768066,0.9429160506750157,0.3328660090587712,0.11490805938361841,-0.2774248787601888,0.004658328620061472,0.13226928176546765,-0.11792543866568478,0.005753504967118808,-0.05535522121585156,0.006233605763425244,-0.00017448630408998264
200,21,278,13.609804153442383,0.9429203448113026,0.3328999148980964,0.11492364841051053,-0.2774275076963635,0.004658384595633702,0.1323354996063797,-0.1179336429969168,0.0057537669231589855,-0.055355280007324634,0.00623366565384996,-0.0001744892887465432
200,21,279,13.6098051071167,0.9429244450847388,0.33293260260207697,0.11493870238645058,-0.27743001435643705,0.0046584386410137854,0.13239934424579214,-0.11794159617515194,0.005754021243709202,-0.05535535055709232,0.006233723069463738,-0.0001744921327648365
200,21,280,13.609804153442383,0.9429283763274053,0.3329641182655898,0.11495324851741916,-0.27743242930943474,0.004658491721297796,0.13246085983629105,-0.11794928889842733,0.005754266754078695,-0.05535540150970232,0.006233777020342201,-0.0001744948517713367
200,21,281,13.6098051071167,0.9429321369109861,0.3329944822396317,0.11496726866609584,-0.27743475255535655,0.004658543353937697,0.13252011260675545,-0.11795673046870582,0.005754502279576702,-0.0553554407040177,0.006233827506485351,-0.00017449738326014722
200,21,282,13.609804153442383,0.9429357243502975,0.33302371247275353,0.11498075376382046,-0.2774369840942025,0.004658594021481525,0.13257715774791787,-0.11796393018795025,0.00575473075693013,-0.055355468140038465,0.006233875517817562,-0.00017449978973716466
200,21,283,13.609804153442383,0.9429391620056387,0.3330518507545915,0.1149937219479134,-0.2774391239259726,0.0046586432413812445,0.13263208356495043,-0.11797087875419779,0.005754951011448217,-0.055355491656627696,0.006233920064414459,-0.00017450207120238895
200,21,284,13.6098051071167,0.9429423952318058,0.33307891512221194,0.11500619135569505,-0.2774411720506668,0.0046586914961848904,0.13268492317229266,-0.11797764128118836,0.005755165392512487,-0.05535550733435385,0.006233962631162604,-0.00017450425890876842
200,21,285,13.609804153442383,0.9429454686380971,0.33310495823075265,0.11501819826180627,-0.27744312846828517,0.004658738785892463,0.13273577591326313,-0.11798418986303344,0.005755375074813706,-0.05535552301208,0.006234003713024187,-0.00017450635285630304
200,21,286,13.6098051071167,0.942948392209181,0.33313000856802455,0.11502970639160623,-0.27744502374785296,0.004658784627955927,0.13278468594044787,-0.11799052449973299,0.005755578883661108,-0.05535553085094308,0.006234043309999206,-0.00017450838429794113
200,21,287,13.609804153442383,0.9429511351429815,0.33315407773454864,0.11504073388241531,-0.2774468273203449,0.004658829987471354,0.13283173052087247,-0.11799668239913845,0.005755778581090839,-0.055355534770374616,0.006234080927125474,-0.00017451035323368265
200,21,288,13.609803199768066,0.9429537175018801,0.3331772227063769,0.11505128980289375,-0.27744856975478627,0.004658874381890709,0.132876975883416,-0.11800266356124978,0.005755972405066755,-0.05535555044810077,0.0062341180492895545,-0.00017451227529000174
200,21,289,13.609804153442383,0.9429561435238238,0.3331994556752974,0.11506142856500277,-0.2774502204821518,0.00465891781121399,0.13292047721881095,-0.118008467986067,0.0057561621176250004,-0.055355562206395384,0.006234154676491447,-0.0001745141348404243
200,21,290,13.6098051071167,0.9429584407033623,0.33322080539277554,0.11507113203142197,-0.2774518100714667,0.004658960275441199,0.1329622566033504,-0.11801407706966441,0.005756347718765574,-0.055355577884121536,0.0062341903137689645,-0.00017451594751142444
200,21,291,13.609804153442383,0.9429606329940842,0.33324131519711303,0.11508044554545234,-0.2774533385227311,0.0046590017745723345,0.13300239130405989,-0.11801948151007915,0.005756528621143096,-0.05535558180355307,0.006234223476235543,-0.00017451769767652802
200,21,292,13.609803199768066,0.9429626699759844,0.3332610149112815,0.11508938724441432,-0.27745480583594484,0.004659042308607397,0.13304093651167195,-0.1180247464210512,0.005756704824757565,-0.055355585722984615,0.006234256638702121,-0.00017451941658868332
200,21,293,13.609803199768066,0.9429646397212068,0.3332799323244129,0.1150979661969681,-0.27745621201110804,0.004659081877546387,0.1330779584550657,-0.11802978808491486,0.005756875742263599,-0.05535558180355307,0.006234287821319949,-0.00017452107299494206
200,21,294,13.6098051071167,0.9429664945160553,0.3332980802526964,0.11510619147177391,-0.27745755704822067,0.004659119998841267,0.1331134792105341,-0.11803466231344728,0.005757039024279674,-0.055355577884121536,0.006234317519051213,-0.0001745226512688301
200,21,295,13.6098051071167,0.942968270025739,0.3333155104997015,0.11511411748079294,-0.27745884094728274,0.004659156672492038,0.13314758708324925,-0.11803935050272273,0.0057571987822234594,-0.055355562206395384,0.006234345731895914,-0.0001745241670368216
200,21,296,13.609803199768066,0.9429699729883411,0.33333224226829805,0.11512175329268542,-0.27746006370829424,0.004659192381046736,0.1331803151876507,-0.11804385265274121,0.005757350904677284,-0.055355554367532304,0.006234372459854053,-0.0001745256202989165
200,21,297,13.6098051071167,0.9429716156771843,0.3333483103665081,0.11512913518209217,-0.2774612253312551,0.004659226641957325,0.13321172975261747,-0.11804816876350273,0.005757497741022675,-0.05535553085094308,0.0062343977029256275,-0.0001745270110551149
200,21,298,13.609804153442383,0.9429731959536535,0.3333637334787104,0.11513623594303256,-0.2774623258161655,0.004659259937771841,0.13324189700702865,-0.11805230813697014,0.005757636941878105,-0.05535550341492231,0.006234420966148451,-0.00017452830805246843
200,21,299,13.609804153442383,0.9429747508257608,0.3333785425101157,0.1151430465068464,-0.27746339573205053,0.00465929130339421,0.13327083902717723,-0.11805624286725488,0.005757769094588957,-0.05535547205947001,0.0062344437344090875,-0.0001745295737968737
200,21,300,13.609804153442383,0.9429762485948862,0.33339274634222565,0.1151496031481745,-0.27746440450988497,0.004659321221372471,0.1332986110037958,-0.11806001016220838,0.0057578947865006115,-0.05535543678458616,0.006234464522820972,-0.0001745307770353824
200,21,301,13.609803199768066,0.9429776909171477,0.3334063743471436,0.1151559421416577,-0.2774653521496689,0.004659349691706622,0.13332525708947035,-0.11806361932379345,0.005758016366994596,-0.05535539367083924,0.006234484816270669,-0.00017453194902094284
200,21,302,13.609804153442383,0.9429791023047132,0.33341947134280575,0.11516207255595617,-0.2774662692204275,0.0046593771969447,0.13335081039864044,-0.11806706105004725,0.005758132661380145,-0.05535536231538694,0.006234503624833803,-0.00017453307412708085
200,21,303,13.609804153442383,0.9429804607828315,0.3334320736424725,0.11516803973437097,-0.2774671557221608,0.004659403254538669,0.13337532612203862,-0.11807037254882116,0.0057582454316934045,-0.05535533487936617,0.006234523423321313,-0.00017453418360674472
200,21,304,13.6098051071167,0.942981801422738,0.3334441574954923,0.11517382553958165,-0.2774679810858436,0.0046594283470365655,0.1333988263359579,-0.11807350731030097,0.0057583535032436125,-0.0553553074433454,0.006234542726846635,-0.00017453527745993447
200,21,305,13.609803199768066,0.9429831061483972,0.3334557702528785,0.11517942997158825,-0.277468775880501,0.0046594524744383884,0.13342136623113085,-0.11807650254233806,0.005758456876030767,-0.055355280007324634,0.006234561535409769,-0.0001745363400601759
200,21,306,13.609803199768066,0.9429843963195932,0.3334669231891675,0.11518484396173054,-0.27746954010613323,0.004659476119292175,0.13344297892199694,-0.11807933964100674,0.00575855555005487,-0.055355260410166945,0.006234580343972903,-0.0001745374182868915
200,21,307,13.6098051071167,0.9429856667044689,0.3334776261379248,0.11519007657866874,-0.2774702737627401,0.0046594987990498885,0.13346368648484927,-0.11808202790826984,0.005758648350625157,-0.055355236893577714,0.006234598162611662,-0.0001745384496341847
200,21,308,13.6098051071167,0.9429869244140392,0.33348789925330813,0.11519511875374264,-0.2774709768503217,0.004659520513711529,0.13348354411042032,-0.11808456734412738,0.00575873586508701,-0.055355217296420026,0.00623461598125042,-0.00017453943410205544
200,21,309,13.609804153442383,0.9429881595642505,0.3334977392288786,0.11519995234963182,-0.277471649368878,0.004659541263277097,0.13350256283685663,-0.1180869672505422,0.005758817506095047,-0.055355193779830794,0.0062346323150026155,-0.00017454038731697793
200,21,310,13.6098051071167,0.9429893640094305,0.3335071230960938,0.11520455016035568,-0.27747226074938375,0.004659561530294628,0.13352077577859775,-0.11808922762751428,0.005758894448340032,-0.05535515850494695,0.006234647163868248,-0.00017454127802600387
200,21,311,13.6098051071167,0.9429905474371963,0.33351612748085196,0.11520893032323462,-0.2774728721298895,0.004659581314764123,0.13353822708822968,-0.11809136707896935,0.00575896492978582,-0.05535512323006311,0.0062346605278473174,-0.00017454210622913323
200,21,312,13.609804153442383,0.9429917180286574,0.3335247263543354,0.11521306563228803,-0.27747345294136994,0.004659600616685582,0.13355493884204545,-0.11809336700098169,0.005759030712468555,-0.05535508795517926,0.006234673891826386,-0.00017454290317931432
200,21,313,13.6098051071167,0.9429928543308103,0.33353293286114477,0.1152169560875159,-0.27747400318382515,0.004659618953510967,0.1335709441544846,-0.11809525529943986,0.0057590917963882375,-0.05535505268029542,0.0062346857709188915,-0.000174543653250073
200,21,314,13.609804153442383,0.9429939498332536,0.33354075324260984,0.11522061982623867,-0.277474522857255,0.004659636807788316,0.13358624302554714,-0.1180970412763067,0.005759149356235631,-0.05535501740541157,0.0062346981449735855,-0.00017454438769435752
200,21,315,13.609803199768066,0.9429949947054868,0.3335482089012833,0.11522406591711651,-0.2774750119616596,0.004659653696969592,0.13360087960781908,-0.1180987435355079,0.005759205154046879,-0.05535498604995927,0.006234710024066091,-0.00017454510651216794
200,21,316,13.6098051071167,0.9429959831129725,0.3335553079613931,0.11522730342880964,-0.2774754704970389,0.004659669621054795,0.13361486493944694,-0.11810037137900632,0.00575925801513122,-0.05535496253337004,0.006234721903158597,-0.00017454580970350419
200,21,317,13.609804153442383,0.9429969283821563,0.3335620635275597,0.11523035956729867,-0.27747589846339293,0.004659684580043926,0.13362821005857722,-0.1181019155048391,0.005759307939488653,-0.05535494293621235,0.0062347337822511026,-0.0001745464972683663
200,21,318,13.609803199768066,0.9429978296760289,0.33356852244074264,0.11523324340124382,-0.27747632642974696,0.004659698573936983,0.133640959117796,-0.11810339451693196,0.005759355514464559,-0.05535493117791773,0.006234745166381421,-0.0001745471692067543
200,21,319,13.609804153442383,0.9429986873354094,0.33357466106770606,0.11523596399930527,-0.27747672382707567,0.004659711120185931,0.13365311211710326,-0.11810479911332201,0.00575940074005894,-0.05535491941962312,0.006234757045473926,-0.000174547809892194
200,21,320,13.609804153442383,0.9429994950704437,0.3335805108517181,0.11523854856746366,-0.2774770906553791,0.004659722701338806,0.13366472424723153,-0.118106147897935,0.0057594436162717935,-0.05535490766132851,0.0062347684296042444,-0.0001745484505776337
200,21,321,13.609803199768066,0.9430002890724429,0.33358610031972263,0.11524101524303937,-0.2774774574836826,0.004659732834847572,0.1336757844700343,-0.11810741296488234,0.005759484730448503,-0.055354903741896964,0.006234778823810187,-0.00017454904438365097
200,21,322,13.6098051071167,0.9430009947466544,0.33359141534751835,0.11524336402603243,-0.2774777937429607,0.004659741520712228,0.13368632589995114,-0.11810866872986683,0.005759524082589068,-0.05535489590303389,0.006234789712978317,-0.00017454963818966827
200,21,323,13.609803199768066,0.9430016676257352,0.33359646540510624,0.11524560398510302,-0.2774780994332136,0.004659749241480811,0.1336963595751285,-0.11810985938111139,0.00575956226003887,-0.05535489590303389,0.006234800602146448,-0.00017455018511626313
200,21,324,13.609804153442383,0.9430023384913901,0.3336012883364725,0.11524776232623177,-0.27747840512346644,0.0046597559971533215,0.13370589653371293,-0.11811096631469031,0.005759596913416382,-0.05535489590303389,0.006234810006428015,-0.0001745507007899097
200,21,325,13.609804153442383,0.9430029838305151,0.3336058668895644,0.11524982998075849,-0.277478680244694,0.004659762270277795,0.13371496989014395,-0.11811200813452931,0.005759628630066987,-0.055354884144739276,0.006234818420785206,-0.0001745511695841339
200,21,326,13.6098051071167,0.9430036075111677,0.33361023662020495,0.11525181601734334,-0.27747895536592165,0.00465976854340227,0.13372359068256806,-0.1181129941425912,0.005759657997336064,-0.0553548763058762,0.006234825350255834,-0.00017455159149893564
200,21,327,13.6098051071167,0.9430041960410512,0.3336143839661446,0.11525373857330677,-0.2774791999181239,0.004659774333978707,0.1337317809872783,-0.11811393364083886,0.005759685015223616,-0.05535485278928697,0.0062348322797264625,-0.00017455199778726327
200,21,328,13.6098051071167,0.943004779858741,0.33361834581814337,0.11525560671730897,-0.27747944447032624,0.0046597801245551445,0.13373955184242117,-0.11811480802534659,0.005759711445765787,-0.05535483711156082,0.006234839209197091,-0.00017455238844911672
200,21,329,13.609803199768066,0.9430053521669439,0.3336221029481024,0.11525742044934993,-0.27747965845350325,0.004659785432583546,0.1337469253242897,-0.11811561729611438,0.005759736701617194,-0.05535481359497159,0.006234845148743344,-0.00017455276348449608
200,21,330,13.609804153442383,0.943005893641989,0.3336256991191612,0.11525918883808989,-0.27747987243668026,0.004659790740611947,0.1337539345473234,-0.1181163986609936,0.005759760195432457,-0.0553547939978139,0.006234850593327409,-0.0001745531385198754
200,21,331,13.609803199768066,0.9430064312581947,0.33362913681606166,0.1152609118835288,-0.2774800864198573,0.004659796048640348,0.1337605905496688,-0.11811712421409576,0.005759782514556956,-0.05535476656179313,0.006234856532873662,-0.00017455351355525475
200,21,332,13.609804153442383,0.9430069248085499,0.33363240075012257,0.1152625986543269,-0.277480269834009,0.004659801356668749,0.13376690436947236,-0.11811783116327222,0.005759804833681455,-0.05535474696463544,0.00623486148249554,-0.0001745538573376858
200,21,333,13.609804153442383,0.943007399336052,0.3336355125567869,0.11526423101316377,-0.2774804532481607,0.004659807147245187,0.13377288704488066,-0.11811850090459729,0.005759826565460573,-0.05535472344804621,0.006234866927079604,-0.000174554216746591
200,21,334,13.609804153442383,0.9430078670610076,0.33363845758385957,0.11526579989137921,-0.2774806060932871,0.004659812937821624,0.1337785716903332,-0.11811911483414526,0.005759847709894309,-0.05535469993145698,0.00623487237166367,-0.0001745545761554962
200,21,335,13.6098051071167,0.9430083053180699,0.33364127012214767,0.11526731435763342,-0.27748075893841356,0.004659818728398062,0.13378396934397646,-0.11811971015976754,0.005759868854328045,-0.05535468425373083,0.0062348783112099225,-0.0001745549355644014
200,21,336,13.6098051071167,0.9430087158756211,0.333643955173128,0.11526875627460599,-0.27748091178354,0.004659824518974499,0.13378911312025002,-0.11812028688146411,0.005759888236725638,-0.05535466465657314,0.006234883755793987,-0.00017455531059978074
200,21,337,13.6098051071167,0.9430091152580823,0.3336465102709858,0.11527012564229693,-0.27748106462866645,0.004659830309550936,0.13379399198100733,-0.11812082639530931,0.005759906444432466,-0.055354652898278525,0.006234889200378053,-0.00017455562312926353
200,21,338,13.609804153442383,0.9430094875585411,0.33364891504663596,0.11527140432338581,-0.2774811869047676,0.004659836100127374,0.13379863904068792,-0.11812133800326596,0.005759924064793913,-0.05535463722055237,0.00623489414999993,-0.00017455595128522045
200,21,339,13.609804153442383,0.9430098594036355,0.33365119556466516,0.11527259231787265,-0.2774813091808687,0.004659841408155775,0.13380305429929185,-0.11812180310140837,0.005759940510464597,-0.055354621542826214,0.006234899099621808,-0.00017455624818822908
200,21,340,13.6098051071167,0.9430102046355379,0.33365335167761623,0.11527370776307784,-0.27748143145696985,0.004659846716184177,0.13380722671867254,-0.11812224959562508,0.005759955194099136,-0.05535459410680545,0.00623490305931931,-0.0001745565294647636
200,21,341,13.6098051071167,0.9430105467452454,0.33365540060888793,0.1152747506590014,-0.27748155373307104,0.004659852024212577,0.13381118941326953,-0.11812265888199039,0.005759969877733674,-0.055354578429079294,0.006234907019016811,-0.0001745568107412981
200,21,342,13.6098051071167,0.9430108637431444,0.33365730477513145,0.11527572100564332,-0.27748164544014686,0.004659856849692942,0.13381492030678982,-0.11812304026246716,0.005759982211986687,-0.05535455491249007,0.006234910483752126,-0.00017455706076488432
200,21,343,13.609804153442383,0.9430111834114879,0.33365911813570215,0.11527661880300359,-0.27748173714722274,0.0046598616751733065,0.1338184856281125,-0.11812338443509254,0.005759993958894319,-0.055354535315332375,0.006234913453525252,-0.00017455727953552227
200,21,344,13.609804153442383,0.9430114729262774,0.3336608216570985,0.11527744405108224,-0.2774818288542986,0.0046598660181056345,0.13382184122465146,-0.11812371930575508,0.005760003943765806,-0.05535451179874315,0.006234915928336191,-0.00017455748267968606
200,21,345,13.609804153442383,0.943011778918761,0.3336624242281673,0.11527819674987924,-0.2774819205613745,0.0046598703610379625,0.13382500917269974,-0.11812399836464052,0.005760013928637292,-0.05535448436272238,0.006234918403147129,-0.00017455771707679816
200,21,346,13.609803199768066,0.9430120463031706,0.3336639422391379,0.11527888596805481,-0.2774820122684503,0.004659874221422254,0.1338280225866969,-0.1181242867254888,0.0057600227388180155,-0.05535445300727008,0.006234920877958068,-0.0001745579358474361
200,21,347,13.609803199768066,0.9430123069049031,0.3336653427115302,0.11527951170560895,-0.2774820734065009,0.00465987759925851,0.13383085939034992,-0.1181245378784857,0.005760030961653357,-0.05535442557124931,0.006234922857806819,-0.00017455813899159992
200,21,348,13.609803199768066,0.943012556110004,0.33366666177673904,0.11528009209986205,-0.2774821345445515,0.004659880494546728,0.13383353062180528,-0.11812477042755691,0.005760039184488699,-0.05535440205466008,0.00623492483765557,-0.0001745583421357637
200,21,349,13.609804153442383,0.9430127780527586,0.33366790376569216,0.11528064528813455,-0.2774821956826021,0.004659882907286911,0.133836036281063,-0.1181250029766281,0.005760047407324041,-0.055354370699207775,0.006234927807428696,-0.00017455851402697924
200,21,350,13.609804153442383,0.9430129738489414,0.3336690718547744,0.11528116220176622,-0.27748225682065264,0.004659885320027093,0.13383838740626958,-0.11812523552569931,0.0057600550428140015,-0.05535434326318701,0.006234928797353072,-0.0001745587015446689
200,21,351,13.6098051071167,0.9430131457989777,0.3336701725239539,0.11528164284075708,-0.2774823179587032,0.004659887250219239,0.13384059503557152,-0.11812546807477052,0.0057600638529947245,-0.05535433150489239,0.0062349317671261985,-0.0001745588890623586
200,21,352,13.6098051071167,0.9430133025264699,0.3336712055611082,0.11528208720510712,-0.2774823790967538,0.004659888697863349,0.13384267020711538,-0.11812569132187888,0.005760072075830067,-0.05535430798830316,0.00623493374697495,-0.00017455904532709998
200,21,353,13.6098051071167,0.943013469947416,0.3336721704563432,0.11528249529481634,-0.27748244023480434,0.004659889662959421,0.13384460188275457,-0.11812587736113583,0.005760079711320027,-0.055354296230008544,0.006234935726823701,-0.00017455920159184136
200,21,354,13.609804153442383,0.9430135730185559,0.3336730518235768,0.11528287617854495,-0.27748247080382965,0.004659890628055494,0.13384641213878218,-0.11812610060824419,0.0057600861721192245,-0.055354284471713935,0.006234938201634639,-0.0001745593734830569
200,21,355,13.609804153442383,0.9430136662617892,0.3336738808066578,0.11528322078763273,-0.2774825013728549,0.004659891110603531,0.13384812305149119,-0.11812631455338969,0.005760092632918421,-0.05535427271341932,0.00623494018148339,-0.00017455951412132415
200,21,356,13.609804153442383,0.9430137425523188,0.3336746618767333,0.1152835381907399,-0.2774825319418802,0.004659891593151567,0.13384973462088162,-0.11812652849853521,0.005760100268408381,-0.05535426879398778,0.006234942656294329,-0.0001745596547595914
200,21,357,13.6098051071167,0.9430138190396564,0.3336753943326128,0.11528382838786645,-0.2774825625109055,0.004659892075699603,0.13385124684695346,-0.11812672383975502,0.005760106729207579,-0.05535426879398778,0.006234945131105268,-0.00017455979539785865
200,21,358,13.609804153442383,0.9430139064073677,0.3336760837836833,0.1152841004476726,-0.2774825930799308,0.00465989255824764,0.1338526707678532,-0.11812689127508627,0.005760112015316013,-0.055354260955124704,0.006234947605916206,-0.0001745599360361259
200,21,359,13.609804153442383,0.9430139736839661,0.3336767410372849,0.11528435437015833,-0.2774826236489561,0.004659893040795677,0.1338540284598739,-0.11812706801238039,0.0057601173014244465,-0.05535425703569317,0.00623494909080277,-0.00017456004542144488
200,21,360,13.609804153442383,0.9430140444797184,0.3336773590669434,0.11528459922398386,-0.27748265421798135,0.004659893523343713,0.13385529784672254,-0.1181272261457488,0.005760120825496737,-0.05535424919683009,0.00623495107065152,-0.0001745601391802897
200,21,361,13.609803199768066,0.9430141226219875,0.3336779486894945,0.11528483500914918,-0.27748268478700666,0.004659894005891749,0.1338565010046921,-0.11812736567519153,0.005760123762223644,-0.05535424919683009,0.006234953050500271,-0.00017456023293913454
200,21,362,13.6098051071167,0.9430142062936554,0.33367850479191524,0.11528505265699411,-0.2774827153560319,0.004659894970987823,0.1338576379337826,-0.11812748660070856,0.005760125524259789,-0.05535424527739855,0.006234954040424647,-0.00017456031107150523
200,21,363,13.6098051071167,0.9430142881487327,0.3336790311755624,0.11528526123617881,-0.27748274592505723,0.004659895936083895,0.13385870863399404,-0.11812759822426273,0.00576012611160517,-0.055354241357967016,0.006234955030349022,-0.00017456038920387592
200,21,364,13.6098051071167,0.9430143871551242,0.33367953227813546,0.11528546074670333,-0.2774827764940825,0.0046598969011799685,0.13385972414347294,-0.11812768194192837,0.00576012611160517,-0.05535423743853547,0.006234956020273397,-0.00017456043608329836
200,21,365,13.6098051071167,0.9430144731747927,0.33367999667813286,0.11528566025722783,-0.2774828070631078,0.004659897866276041,0.13386065134777977,-0.118127765659594,0.0057601272862959334,-0.05535422568024086,0.006234957010197773,-0.00017456049858919492
200,21,366,13.6098051071167,0.9430145623114622,0.33368044530261814,0.11528585069909213,-0.2774828376321331,0.004659898831372114,0.13386154543764706,-0.11812784007529678,0.005760127873641315,-0.055354217841377784,0.0062349580001221485,-0.00017456056109509146
200,21,367,13.609804153442383,0.9430146473807669,0.3336808578257621,0.11528604114095643,-0.27748286820115836,0.004659899313920151,0.13386235122234227,-0.11812790518903672,0.0057601284609866965,-0.05535420608308317,0.006234957505159961,-0.00017456059234803974
200,21,368,13.609804153442383,0.943014738482548,0.3336812628129902,0.11528623158282074,-0.2774828987701837,0.004659899796468187,0.13386313493074445,-0.11812796100081381,0.005760129048332078,-0.05535420216365163,0.0062349580001221485,-0.0001745606548539363
200,21,369,13.609804153442383,0.9430148172956048,0.333681633070685,0.11528641295602483,-0.27748292933920893,0.004659900279016223,0.1338638413721211,-0.1181280168125909,0.005760131985058986,-0.05535419432478855,0.0062349589900465244,-0.00017456071735983287
200,21,370,13.6098051071167,0.9430148895383045,0.33368196017585905,0.11528659432922893,-0.27748292933920893,0.00465990076156426,0.13386450366091168,-0.11812806332240514,0.00576013374709513,-0.05535418648592548,0.0062349599799708996,-0.0001745607798657294
200,21,371,13.6098051071167,0.943014963337673,0.33368226709631893,0.11528676663377282,-0.27748292933920893,0.0046599012441122965,0.1338651217971162,-0.11812810053025653,0.005760136096476657,-0.05535418256649394,0.0062349609698952755,-0.00017456085799810012
200,21,372,13.6098051071167,0.9430150279553762,0.33368254806834846,0.1152869208009963,-0.27748292933920893,0.004659901726660333,0.13386569578073473,-0.11812813773810793,0.005760137858512802,-0.055354166888767785,0.006234961464857463,-0.00017456092050399666
200,21,373,13.6098051071167,0.9430151019497968,0.3336828063722402,0.11528705683089938,-0.27748292933920893,0.004659902209208369,0.1338662256117672,-0.11812815634203362,0.005760140207894328,-0.05535415904990471,0.006234961959819651,-0.00017456098300989322
200,21,374,13.6098051071167,0.9430151669943286,0.3336830393828409,0.11528718379214224,-0.27748292933920893,0.004659902691756405,0.13386670025206712,-0.11812817494595931,0.005760141969930473,-0.05535415121104163,0.006234961959819651,-0.00017456102988931563
200,21,375,13.6098051071167,0.9430152090669928,0.3336832566401979,0.1152872926160647,-0.27748292933920893,0.004659903174304442,0.133867152816074,-0.11812821215381071,0.005760144319311999,-0.05535413945274702,0.006234962454781838,-0.00017456107676873807
200,21,376,13.6098051071167,0.9430152515839809,0.3336834505695156,0.11528738330266675,-0.27748292933920893,0.004659903656852479,0.13386756122749488,-0.11812824005969925,0.005760147256038906,-0.055354131613883945,0.006234962454781838,-0.00017456112364816047
200,21,377,13.6098051071167,0.9430153054517553,0.33368362740974883,0.1152874649206086,-0.27748292933920893,0.004659904139400515,0.1338679365244762,-0.11812824936166211,0.0057601484307296695,-0.05535411985558933,0.006234962949744026,-0.00017456117052758288
200,21,378,13.6098051071167,0.9430153450488709,0.333683788503516,0.11528753746989023,-0.27748292933920893,0.004659904621948551,0.133868278707018,-0.1181282679655878,0.005760151367456578,-0.05535411201672625,0.006234962949744026,-0.00017456121740700532
200,21,379,13.6098051071167,0.9430153527361562,0.33368393316834816,0.11528760095051167,-0.27748292933920893,0.004659905104496588,0.13386858777512028,-0.11812831447540204,0.005760153129492723,-0.05535410417786318,0.006234963444706214,-0.00017456126428642773
200,21,380,13.6098051071167,0.9430153740492095,0.3336840671734298,0.1152876553624729,-0.27748292933920893,0.0046599055870446245,0.13386887476692955,-0.11812834238129058,0.00576015606621963,-0.05535410417786318,0.006234964434630589,-0.00017456131116585014
200,21,381,13.6098051071167,0.9430153982447682,0.33368418474108713,0.11528770070577392,-0.27748292933920893,0.004659906069592661,0.13386912864429926,-0.11812836098521629,0.005760158415601156,-0.05535410417786318,0.006234964929592777,-0.00017456135804527255
200,21,382,13.6098051071167,0.9430154092548442,0.3336842896291251,0.11528773698041474,-0.27748292933920893,0.004659906552140697,0.13386936044537598,-0.11812838889110483,0.005760159002946538,-0.05535410025843164,0.006234964929592777,-0.0001745613736717467
200,21,383,13.6098051071167,0.9430154240433022,0.33368438061157984,0.11528777325505556,-0.27748292933920893,0.004659907034688734,0.13386955913201315,-0.11812840749503052,0.0057601607649826825,-0.05535409241956856,0.006234965424554965,-0.00017456138929822083
200,21,384,13.6098051071167,0.9430154163147481,0.33368445712639944,0.11528780046103618,-0.27748292933920893,0.00465990751723677,0.1338697247042108,-0.11812844470288192,0.005760162527018827,-0.0553540963390001,0.006234965919517153,-0.00017456140492469498
200,21,385,13.6098051071167,0.9430154328701246,0.3336845285187316,0.11528781859835659,-0.27748292933920893,0.004659907999784807,0.13386989027640844,-0.11812845400484476,0.005760163114364209,-0.055354088500137025,0.006234965424554965,-0.00017456140492469498
200,21,386,13.6098051071167,0.9430154291272581,0.33368459171383485,0.115287836735677,-0.27748292933920893,0.004659908482332843,0.13387003377231307,-0.1181284819107333,0.00576016370170959,-0.05535408458070549,0.006234965424554965,-0.00017456140492469498
200,21,387,13.6098051071167,0.9430154309457217,0.3336846460421216,0.1152878548729974,-0.27748292933920893,0.00465990896488088,0.13387015519192466,-0.11812850051465901,0.00576016370170959,-0.055354080661273945,0.006234965424554965,-0.0001745614205511691
200,21,388,13.6098051071167,0.9430154378711153,0.33368469021943187,0.11528788207897801,-0.27748292933920893,0.004659909447428916,0.13387024349709675,-0.11812850981662185,0.005760164289054972,-0.05535407674184241,0.006234964929592777,-0.0001745614205511691
200,21,389,13.6098051071167,0.9430154347790763,0.33368473064810805,0.11528790928495863,-0.27748292933920893,0.004659909447428916,0.1338703207641223,-0.11812852842054755,0.005760166051091116,-0.05535407674184241,0.006234964929592777,-0.00017456143617764326
200,21,390,13.6098051071167,0.9430154160789234,0.3336847761341815,0.11528793649093924,-0.27748292933920893,0.004659909447428916,0.1338704090692944,-0.11812856562839893,0.005760166051091116,-0.055354080661273945,0.006234965424554965,-0.00017456143617764326
200,21,391,13.6098051071167,0.9430154205714002,0.33368481341370526,0.11528796369691986,-0.27748292933920893,0.004659909447428916,0.13387047529817345,-0.11812857493036179,0.005760166051091116,-0.055354088500137025,0.006234965919517153,-0.00017456143617764326
200,21,392,13.6098051071167,0.94301541457159,0.33368484562480916,0.11528799090290048,-0.27748292933920893,0.004659909447428916,0.133870530488906,-0.11812859353428748,0.005760166638436498,-0.05535409241956856,0.00623496641447934,-0.0001745614205511691
200,21,393,13.6098051071167,0.9430153911603948,0.33368487779714656,0.11528801810888109,-0.27748292933920893,0.004659909447428916,0.13387058567963855,-0.11812863074213888,0.005760166051091116,-0.0553540963390001,0.006234965919517153,-0.00017456140492469498
200,21,394,13.6098051071167,0.9430153746578578,0.33368490491032343,0.11528804531486171,-0.27748292933920893,0.004659909447428916,0.13387062983222459,-0.11812865864802742,0.005760166051091116,-0.0553540963390001,0.006234965919517153,-0.00017456140492469498
200,21,395,13.6098051071167,0.9430153657541718,0.3336849289148723,0.11528807252084232,-0.27748292933920893,0.004659909447428916,0.1338706629466641,-0.11812867725195311,0.005760166638436498,-0.05535410417786318,0.00623496641447934,-0.00017456138929822083
200,21,396,13.6098051071167,0.9430153623893524,0.33368494398914544,0.11528809065816273,-0.27748292933920893,0.004659909447428916,0.13387068502295713,-0.11812868655391597,0.005760164876400353,-0.05535410417786318,0.006234965424554965,-0.00017456135804527255
200,21,397,13.6098051071167,0.9430153463304348,0.33368494777254193,0.11528809972682294,-0.27748292933920893,0.004659909447428916,0.13387068502295713,-0.11812870515784166,0.005760164876400353,-0.05535410809729471,0.006234965424554965,-0.00017456134241879842
200,21,398,13.6098051071167,0.9430153304961543,0.33368495219077643,0.11528809972682294,-0.27748292933920893,0.004659909447428916,0.13387069606110363,-0.11812872376176735,0.005760164289054972,-0.05535410809729471,0.006234965424554965,-0.0001745613267923243
200,21,399,13.6098051071167,0.943015330499739,0.3336849522009072,0.11528809972682294,-0.27748292933920893,0.004659909447428916,0.13387069606110363,-0.11812872376176735,0.005760164876400353,-0.05535410809729471,0.006234965424554965,-0.00017456131116585014
200,21,400,13.6098051071167,0.9430153032912777,0.33368494905843815,0.11528809065816273,-0.27748292933920893,0.004659909447428916,0.13387069606110363,-0.11812875166765589,0.005760164876400353,-0.05535410809729471,0.006234964929592777,-0.00017456131116585014
200,21,401,13.6098051071167,0.9430152805573024,0.33368493395550414,0.11528807252084232,-0.27748292933920893,0.00465990896488088,0.13387067398481062,-0.1181287702715816,0.005760166051091116,-0.05535410809729471,0.006234964929592777,-0.000174561295539376
200,21,402,13.6098051071167,0.9430152665221677,0.3336849188525882,0.11528805438352191,-0.27748292933920893,0.004659908482332843,0.1338706519085176,-0.11812877957354444,0.00576016722578188,-0.05535410809729471,0.006234964929592777,-0.00017456131116585014
200,21,403,13.6098051071167,0.9430152607634769,0.33368490255596983,0.1152880271775413,-0.27748292933920893,0.004659907999784807,0.13387062983222459,-0.11812877957354444,0.00576016722578188,-0.05535411985558933,0.006234965424554965,-0.00017456131116585014
200,21,404,13.6098051071167,0.9430152558854693,0.33368488874821906,0.11528799997156068,-0.27748292933920893,0.00465990751723677,0.13387061879407808,-0.11812877957354444,0.005760168400472643,-0.05535411985558933,0.006234965424554965,-0.0001745613267923243
200,21,405,13.6098051071167,0.9430152768657307,0.3336848742893873,0.11528797276558006,-0.27748292933920893,0.00465990751723677,0.13387060775593157,-0.11812875166765589,0.005760168987818025,-0.05535411593615779,0.006234965919517153,-0.0001745613267923243
200,21,406,13.6098051071167,0.9430152875664589,0.33368485536339504,0.11528794555959945,-0.27748292933920893,0.00465990751723677,0.13387058567963855,-0.1181287330637302,0.005760168400472643,-0.05535411201672625,0.006234965424554965,-0.00017456131116585014
200,21,407,13.6098051071167,0.9430153000678227,0.3336848415261159,0.11528791835361883,-0.27748292933920893,0.00465990751723677,0.13387057464149205,-0.11812871445980451,0.005760168400472643,-0.05535411201672625,0.006234964929592777,-0.00017456131116585014
200,21,408,13.6098051071167,0.9430153219234333,0.33368482954107387,0.11528790021629842,-0.27748292933920893,0.00465990751723677,0.13387056360334554,-0.11812868655391597,0.005760168987818025,-0.05535410417786318,0.006234964929592777,-0.00017456131116585014
200,21,409,13.6098051071167,0.9430153279469217,0.33368482198036914,0.11528789114763822,-0.27748292933920893,0.00465990751723677,0.13387055256519903,-0.11812867725195311,0.005760169575163406,-0.05535410417786318,0.006234964434630589,-0.00017456131116585014
200,21,410,13.6098051071167,0.9430153535728436,0.33368482065047433,0.11528789114763822,-0.27748292933920893,0.00465990751723677,0.13387055256519903,-0.11812864934606457,0.005760168400472643,-0.0553540963390001,0.006234963939668402,-0.00017456131116585014
200,21,411,13.6098051071167,0.9430153725393283,0.333684825084051,0.11528790021629842,-0.27748292933920893,0.00465990751723677,0.13387055256519903,-0.11812863074213888,0.005760168400472643,-0.05535410417786318,0.006234963939668402,-0.000174561295539376
200,21,412,13.6098051071167,0.9430153821164686,0.33368482756620105,0.11528790928495863,-0.27748292933920893,0.00465990751723677,0.13387055256519903,-0.11812862144017602,0.005760167813127262,-0.05535410025843164,0.006234964434630589,-0.00017456131116585014
200,21,413,13.6098051071167,0.9430154006228226,0.33368483069941784,0.11528791835361883,-0.27748292933920893,0.00465990751723677,0.13387055256519903,-0.11812860283625033,0.005760167813127262,-0.05535410025843164,0.006234964434630589,-0.00017456131116585014
200,21,414,13.6098051071167,0.9430154200038952,0.33368483630464674,0.11528793649093924,-0.27748292933920893,0.00465990751723677,0.13387055256519903,-0.11812858423232463,0.005760166638436498,-0.0553540963390001,0.006234964929592777,-0.0001745613267923243
200,21,415,13.6098051071167,0.9430154222144081,0.33368484255170267,0.11528795462825965,-0.27748292933920893,0.00465990751723677,0.13387055256519903,-0.11812858423232463,0.005760166051091116,-0.0553540963390001,0.006234964434630589,-0.00017456134241879842
200,21,416,13.6098051071167,0.9430154344711135,0.33368485260648023,0.11528797276558006,-0.27748292933920893,0.00465990751723677,0.13387056360334554,-0.11812857493036179,0.005760166638436498,-0.05535409241956856,0.006234964434630589,-0.00017456135804527255
200,21,417,13.6098051071167,0.9430154393635192,0.3336848664327418,0.11528799997156068,-0.27748292933920893,0.00465990751723677,0.13387057464149205,-0.11812857493036179,0.005760165463745735,-0.05535409241956856,0.006234965424554965,-0.0001745613736717467
200,21,418,13.6098051071167,0.9430154529553932,0.33368488026079446,0.1152880271775413,-0.27748292933920893,0.00465990751723677,0.13387058567963855,-0.11812856562839893,0.005760165463745735,-0.05535409241956856,0.006234965424554965,-0.00017456140492469498
200,21,419,13.6098051071167,0.9430154598769739,0.3336848998216368,0.11528804531486171,-0.27748292933920893,0.00465990751723677,0.13387061879407808,-0.11812856562839893,0.005760165463745735,-0.05535409241956856,0.006234965919517153,-0.00017456143617764326
200,21,420,13.6098051071167,0.9430154730517909,0.3336849124710576,0.11528805438352191,-0.27748292933920893,0.00465990751723677,0.1338706408703711,-0.1181285563264361,0.005760165463745735,-0.0553540963390001,0.00623496641447934,-0.0001745614518041174
200,21,421,13.6098051071167,0.9430154777442461,0.3336849257544276,0.11528805438352191,-0.27748292933920893,0.004659907999784807,0.13387067398481062,-0.1181285563264361,0.005760164289054972,-0.0553540963390001,0.0062349674044037155,-0.00017456146743059155
200,21,422,13.6098051071167,0.9430155074248373,0.33368493590547954,0.11528804531486171,-0.27748292933920893,0.004659908482332843,0.13387070709925017,-0.11812852842054755,0.00576016370170959,-0.0553540963390001,0.006234967899365904,-0.0001745614986835398
200,21,423,13.6098051071167,0.9430155141431986,0.33368495491419237,0.1152880362462015,-0.27748292933920893,0.00465990896488088,0.1338707622899827,-0.11812852842054755,0.00576016370170959,-0.0553540963390001,0.006234967899365904,-0.00017456152993648808
200,21,424,13.6098051071167,0.9430155382667605,0.3336849739220067,0.1152880271775413,-0.27748292933920893,0.00465990896488088,0.13387081748071525,-0.11812850981662185,0.005760163114364209,-0.0553540963390001,0.0062349683943280915,-0.00017456152993648808
200,21,425,13.6098051071167,0.943015571070865,0.3336849929003112,0.11528801810888109,-0.27748292933920893,0.004659909447428916,0.13387087267144782,-0.1181284819107333,0.005760161352328064,-0.0553540963390001,0.0062349683943280915,-0.00017456154556296224
200,21,426,13.6098051071167,0.9430156096651109,0.3336850036584597,0.11528799997156068,-0.27748292933920893,0.0046599099299769525,0.13387091682403385,-0.11812844470288192,0.005760160177637301,-0.05535409241956856,0.0062349674044037155,-0.00017456152993648808
200,21,427,13.6098051071167,0.9430156250862594,0.3336850226561589,0.11528799090290048,-0.27748292933920893,0.0046599099299769525,0.1338709720147664,-0.11812843540091907,0.005760159002946538,-0.05535409241956856,0.006234967899365904,-0.00017456152993648808
200,21,428,13.6098051071167,0.9430156518822272,0.3336850492163652,0.11528799090290048,-0.27748292933920893,0.0046599099299769525,0.13387103824364546,-0.11812841679699337,0.005760158415601156,-0.05535409241956856,0.006234967899365904,-0.00017456152993648808
200,21,429,13.6098051071167,0.9430156782163147,0.33368507447126694,0.11528799997156068,-0.27748292933920893,0.0046599099299769525,0.133871093434378,-0.11812839819306767,0.005760157240910393,-0.05535409241956856,0.006234967899365904,-0.00017456152993648808
200,21,430,13.6098051071167,0.9430157210227821,0.33368509711124406,0.11528801810888109,-0.27748292933920893,0.0046599099299769525,0.13387113758696403,-0.11812836098521629,0.005760155478874249,-0.05535408458070549,0.0062349674044037155,-0.00017456152993648808
200,21,431,13.6098051071167,0.9430157321811555,0.3336851286233456,0.11528804531486171,-0.27748292933920893,0.004659909447428916,0.13387119277769657,-0.11812836098521629,0.005760154304183486,-0.05535408458070549,0.006234966909441528,-0.00017456152993648808
200,21,432,13.6098051071167,0.9430157531712207,0.33368516333697457,0.11528808158950253,-0.27748292933920893,0.00465990896488088,0.13387124796842914,-0.11812835168325343,0.005760155478874249,-0.05535408458070549,0.006234967899365904,-0.00017456152993648808
200,21,433,13.6098051071167,0.9430157665541528,0.33368520113581707,0.11528812693280355,-0.27748292933920893,0.004659908482332843,0.13387130315916168,-0.11812835168325343,0.005760155478874249,-0.05535408458070549,0.0062349674044037155,-0.00017456154556296224
200,21,434,13.6098051071167,0.9430157794817497,0.3336852376478489,0.11528818134476478,-0.27748292933920893,0.004659907999784807,0.1338713473117477,-0.11812835168325343,0.005760154891528867,-0.05535408458070549,0.006234967899365904,-0.00017456156118943636
200,21,435,13.6098051071167,0.9430157810456054,0.3336852666286785,0.1152882266880658,-0.27748292933920893,0.00465990751723677,0.13387138042618726,-0.11812836098521629,0.00576015606621963,-0.05535408458070549,0.0062349683943280915,-0.00017456156118943636
200,21,436,13.609804153442383,0.943015792861563,0.33368529999914126,0.11528827203136682,-0.27748292933920893,0.004659907034688734,0.1338714245787733,-0.11812836098521629,0.00576015606621963,-0.05535408458070549,0.006234967899365904,-0.00017456156118943636
200,21,437,13.609804153442383,0.9430157937696986,0.33368532712685894,0.11528830830600764,-0.27748292933920893,0.004659906552140697,0.13387145769321282,-0.11812837028717912,0.00576015606621963,-0.05535409241956856,0.0062349683943280915,-0.00017456157681591052
200,21,438,13.609804153442383,0.9430158033741602,0.33368535426967283,0.11528833551198826,-0.27748292933920893,0.004659906552140697,0.13387150184579885,-0.11812837028717912,0.005760157240910393,-0.05535409241956856,0.006234968889290279,-0.00017456159244238464
200,21,439,13.609804153442383,0.943015810292498,0.3336853738213303,0.11528835364930867,-0.27748292933920893,0.004659906552140697,0.13387153496023838,-0.11812837028717912,0.005760157240910393,-0.05535409241956856,0.006234968889290279,-0.00017456159244238464
200,21,440,13.609804153442383,0.9430158140717552,0.333685384501748,0.11528836271796887,-0.27748292933920893,0.004659906552140697,0.13387155703653142,-0.11812837028717912,0.005760157240910393,-0.05535408458070549,0.0062349683943280915,-0.00017456159244238464
200,21,441,13.6098051071167,0.9430158357156726,0.3336853965019203,0.11528837178662908,-0.27748292933920893,0.004659906552140697,0.13387157911282443,-0.11812835168325343,0.005760157828255775,-0.05535408458070549,0.0062349683943280915,-0.00017456159244238464
200,21,442,13.609804153442383,0.943015814320134,0.33368540978712874,0.11528837178662908,-0.27748292933920893,0.004659906552140697,0.13387161222726396,-0.11812837958914198,0.005760157828255775,-0.05535408458070549,0.0062349683943280915,-0.00017456157681591052
200,21,443,13.6098051071167,0.9430157994000397,0.3336854168110836,0.11528836271796887,-0.27748292933920893,0.004659907034688734,0.13387163430355697,-0.11812839819306767,0.005760157828255775,-0.05535409241956856,0.0062349683943280915,-0.00017456157681591052
200,21,444,13.6098051071167,0.9430157728717784,0.33368541561307985,0.11528834458064846,-0.27748292933920893,0.00465990751723677,0.13387164534170348,-0.11812842609895621,0.005760157240910393,-0.0553540963390001,0.0062349683943280915,-0.00017456156118943636
200,21,445,13.6098051071167,0.9430157737909768,0.33368541823297526,0.11528832644332805,-0.27748292933920893,0.004659907999784807,0.1338716674179965,-0.11812842609895621,0.005760158415601156,-0.0553540963390001,0.006234968889290279,-0.00017456156118943636
200,21,446,13.6098051071167,0.9430157659937172,0.33368542080306096,0.11528830830600764,-0.27748292933920893,0.004659908482332843,0.13387168949428951,-0.11812843540091907,0.005760157240910393,-0.0553540963390001,0.006234968889290279,-0.00017456154556296224
200,21,447,13.6098051071167,0.9430157582039489,0.33368542339431734,0.11528829016868723,-0.27748292933920893,0.00465990896488088,0.13387171157058256,-0.11812844470288192,0.005760157828255775,-0.0553540963390001,0.0062349683943280915,-0.00017456152993648808
200,21,448,13.6098051071167,0.9430157446319059,0.33368543420576446,0.11528828110002703,-0.27748292933920893,0.00465990896488088,0.13387174468502208,-0.11812846330680761,0.005760157828255775,-0.05535410025843164,0.006234968889290279,-0.00017456154556296224
200,21,449,13.6098051071167,0.9430157339691938,0.3336854532391605,0.11528828110002703,-0.27748292933920893,0.00465990896488088,0.1338717888376081,-0.1181284819107333,0.005760158415601156,-0.05535410809729471,0.006234969384252467,-0.00017456154556296224
200,21,450,13.6098051071167,0.9430157333386562,0.3336854760406603,0.11528828110002703,-0.27748292933920893,0.00465990896488088,0.13387184402834065,-0.11812849121269615,0.005760158415601156,-0.05535411201672625,0.006234969879214654,-0.00017456156118943636
200,21,451,13.6098051071167,0.9430157302628214,0.3336854919315986,0.11528827203136682,-0.27748292933920893,0.00465990896488088,0.1338718881809267,-0.11812850051465901,0.005760159002946538,-0.05535411985558933,0.006234969879214654,-0.00017456156118943636
200,21,452,13.6098051071167,0.9430157269425687,0.3336855071317954,0.11528826296270663,-0.27748292933920893,0.00465990896488088,0.13387193233351274,-0.11812850981662185,0.005760157240910393,-0.055354123775020865,0.006234969879214654,-0.00017456154556296224
200,21,453,13.6098051071167,0.9430157160393489,0.3336855254854951,0.11528826296270663,-0.27748292933920893,0.00465990896488088,0.13387197648609878,-0.11812852842054755,0.005760156653565012,-0.05535412769445241,0.006234969879214654,-0.00017456152993648808
200,21,454,13.6098051071167,0.9430157140647154,0.33368554448849247,0.11528826296270663,-0.27748292933920893,0.00465990896488088,0.1338720206386848,-0.11812853772251039,0.005760155478874249,-0.05535413553331548,0.0062349703741768426,-0.00017456151431001395
200,21,455,13.6098051071167,0.9430157029314333,0.33368556219201867,0.11528826296270663,-0.27748292933920893,0.00465990896488088,0.13387206479127087,-0.1181285563264361,0.005760154891528867,-0.05535413553331548,0.0062349703741768426,-0.0001745614986835398
200,21,456,13.6098051071167,0.943015710308099,0.3336855830389245,0.11528827203136682,-0.27748292933920893,0.00465990896488088,0.1338721089438569,-0.1181285563264361,0.005760154891528867,-0.05535413553331548,0.0062349703741768426,-0.00017456151431001395
200,21,457,13.6098051071167,0.9430157194932628,0.33368560897457034,0.11528828110002703,-0.27748292933920893,0.004659908482332843,0.13387216413458944,-0.1181285563264361,0.005760155478874249,-0.05535413945274702,0.0062349703741768426,-0.00017456151431001395
200,21,458,13.6098051071167,0.9430157181753603,0.3336856298113397,0.11528829016868723,-0.27748292933920893,0.004659907999784807,0.13387220828717547,-0.11812856562839893,0.005760154891528867,-0.05535413945274702,0.0062349703741768426,-0.00017456151431001395
200,21,459,13.6098051071167,0.9430157342623021,0.33368565066839984,0.11528829923734744,-0.27748292933920893,0.00465990751723677,0.13387225243976153,-0.1181285563264361,0.005760155478874249,-0.05535413945274702,0.0062349703741768426,-0.00017456152993648808
200,21,460,13.6098051071167,0.9430157345146728,0.3336856759428526,0.11528830830600764,-0.27748292933920893,0.004659907034688734,0.13387230763049407,-0.11812856562839893,0.005760154891528867,-0.05535413945274702,0.00623497086913903,-0.00017456152993648808
200,21,461,13.6098051071167,0.9430157490195947,0.33368569235121104,0.11528831737466785,-0.27748292933920893,0.004659907034688734,0.1338723407449336,-0.1181285563264361,0.005760154304183486,-0.05535413945274702,0.00623497086913903,-0.00017456152993648808
200,21,462,13.6098051071167,0.9430157878206767,0.3336857036717138,0.11528832644332805,-0.27748292933920893,0.004659907034688734,0.1338723628212266,-0.1181285191185847,0.005760153716838104,-0.05535413553331548,0.0062349703741768426,-0.00017456152993648808
200,21,463,13.6098051071167,0.9430158007586004,0.33368571565164107,0.11528833551198826,-0.27748292933920893,0.004659907034688734,0.13387238489751965,-0.11812850981662185,0.005760153129492723,-0.05535413553331548,0.0062349703741768426,-0.00017456151431001395
200,21,464,13.6098051071167,0.9430158168305222,0.33368573648843447,0.11528834458064846,-0.27748292933920893,0.004659907034688734,0.13387242905010568,-0.11812850051465901,0.005760152542147341,-0.05535413553331548,0.0062349703741768426,-0.00017456151431001395
200,21,465,13.6098051071167,0.94301583088432,0.33368575162188796,0.11528836271796887,-0.27748292933920893,0.004659907034688734,0.1338724511263987,-0.11812849121269615,0.005760153129492723,-0.05535413553331548,0.0062349703741768426,-0.00017456154556296224
200,21,466,13.6098051071167,0.9430158531696382,0.3336857654346917,0.11528838085528928,-0.27748292933920893,0.004659907034688734,0.13387247320269172,-0.11812847260877046,0.005760152542147341,-0.05535412769445241,0.0062349703741768426,-0.00017456156118943636
200,21,467,13.6098051071167,0.9430158745939611,0.33368577681427136,0.11528838992394949,-0.27748292933920893,0.004659907034688734,0.13387249527898473,-0.11812845400484476,0.005760154304183486,-0.055354123775020865,0.00623497086913903,-0.00017456159244238464
200,21,468,13.6098051071167,0.9430158944408353,0.3336857837358872,0.11528839899260969,-0.27748292933920893,0.004659907034688734,0.13387250631713124,-0.11812843540091907,0.005760154891528867,-0.05535411985558933,0.00623497086913903,-0.00017456160806885877
200,21,469,13.6098051071167,0.9430158971201131,0.3336857913076861,0.1152884080612699,-0.27748292933920893,0.004659907034688734,0.13387251735527775,-0.11812843540091907,0.005760155478874249,-0.05535411985558933,0.00623497086913903,-0.00017456162369533293
200,21,470,13.6098051071167,0.9430158986871146,0.33368579573612533,0.1152884080612699,-0.27748292933920893,0.004659907034688734,0.13387252839342426,-0.11812843540091907,0.005760155478874249,-0.05535411985558933,0.00623497086913903,-0.00017456163932180705
200,21,471,13.6098051071167,0.9430159165496356,0.33368579704984075,0.11528839899260969,-0.27748292933920893,0.004659907034688734,0.13387253943157076,-0.11812841679699337,0.005760155478874249,-0.05535411985558933,0.006234971859063405,-0.0001745616549482812
200,21,472,13.609804153442383,0.9430159174655841,0.3336857996605491,0.11528838085528928,-0.27748292933920893,0.00465990751723677,0.1338725615078638,-0.11812841679699337,0.005760156653565012,-0.05535411985558933,0.006234971859063405,-0.00017456167057475534
200,21,473,13.6098051071167,0.9430159243873607,0.3336857946606693,0.11528835364930867,-0.27748292933920893,0.004659907999784807,0.13387257254601032,-0.11812840749503052,0.00576015606621963,-0.05535411985558933,0.00623497086913903,-0.00017456163932180705
200,21,474,13.6098051071167,0.9430159400145207,0.33368578967930523,0.11528832644332805,-0.27748292933920893,0.004659908482332843,0.13387258358415682,-0.11812838889110483,0.005760155478874249,-0.05535411985558933,0.00623497086913903,-0.00017456163932180705
200,21,475,13.6098051071167,0.9430159377892949,0.33368578341286764,0.11528830830600764,-0.27748292933920893,0.00465990896488088,0.13387258358415682,-0.11812838889110483,0.005760155478874249,-0.05535411985558933,0.00623497086913903,-0.00017456163932180705
200,21,476,13.6098051071167,0.9430159366806069,0.3336857802796492,0.11528829923734744,-0.27748292933920893,0.00465990896488088,0.13387258358415682,-0.11812838889110483,0.005760155478874249,-0.05535411985558933,0.00623497086913903,-0.00017456163932180705
200,21,477,13.6098051071167,0.9430159366806069,0.3336857802796492,0.11528829923734744,-0.27748292933920893,0.00465990896488088,0.13387258358415682,-0.11812838889110483,0.005760155478874249,-0.05535411985558933,0.00623497086913903,-0.00017456163932180705
200,21,478,13.6098051071167,0.943015917719532,0.333685775861355,0.11528829923734744,-0.27748292933920893,0.00465990896488088,0.13387257254601032,-0.11812840749503052,0.00576015606621963,-0.05535411985558933,0.00623497086913903,-0.00017456163932180705
200,21,479,13.6098051071167,0.9430159156942222,0.3336857701377084,0.11528830830600764,-0.27748292933920893,0.00465990896488088,0.1338725504697173,-0.11812840749503052,0.00576015606621963,-0.05535411985558933,0.00623497086913903,-0.00017456163932180705
200,21,480,13.6098051071167,0.9430159147811886,0.33368576755742135,0.11528832644332805,-0.27748292933920893,0.00465990896488088,0.13387252839342426,-0.11812840749503052,0.005760156653565012,-0.05535411985558933,0.00623497086913903,-0.00017456163932180705
200,21,481,13.6098051071167,0.9430158996044894,0.3336857738339991,0.11528834458064846,-0.27748292933920893,0.00465990896488088,0.13387252839342426,-0.11812842609895621,0.005760157240910393,-0.05535411985558933,0.00623497086913903,-0.00017456163932180705
200,21,482,13.609804153442383,0.9430158986878696,0.3336857712435767,0.11528836271796887,-0.27748292933920893,0.00465990896488088,0.13387250631713124,-0.11812842609895621,0.005760157240910393,-0.05535411985558933,0.00623497086913903,-0.00017456163932180705
200,21,483,13.609804153442383,0.9430158895343159,0.3336857699585053,0.11528837178662908,-0.27748292933920893,0.00465990896488088,0.13387249527898473,-0.11812843540091907,0.005760157828255775,-0.05535411985558933,0.00623497086913903,-0.00017456163932180705
200,21,484,13.609804153442383,0.9430158875090086,0.3336857642348656,0.11528838085528928,-0.27748292933920893,0.00465990896488088,0.13387247320269172,-0.11812843540091907,0.005760157828255775,-0.05535411985558933,0.00623497086913903,-0.00017456163932180705
200,21,485,13.609804153442383,0.9430158843750128,0.3336857553780067,0.11528838085528928,-0.27748292933920893,0.00465990896488088,0.1338724511263987,-0.11812843540091907,0.005760157828255775,-0.05535411985558933,0.00623497086913903,-0.00017456163932180705
200,21,486,13.6098051071167,0.9430158654121146,0.3336857509545597,0.11528837178662908,-0.27748292933920893,0.00465990896488088,0.1338724511263987,-0.11812845400484476,0.005760158415601156,-0.05535411201672625,0.00623497086913903,-0.00017456163932180705
200,21,487,13.6098051071167,0.9430158609429515,0.33368573832443765,0.11528836271796887,-0.27748292933920893,0.00465990896488088,0.13387242905010568,-0.11812845400484476,0.005760159002946538,-0.05535410809729471,0.00623497086913903,-0.00017456163932180705
200,21,488,13.6098051071167,0.9430158390725377,0.333685725684178,0.11528835364930867,-0.27748292933920893,0.00465990896488088,0.13387240697381267,-0.11812847260877046,0.005760159002946538,-0.05535410417786318,0.00623497086913903,-0.00017456163932180705
200,21,489,13.6098051071167,0.9430158364004396,0.3336857181326686,0.11528834458064846,-0.27748292933920893,0.00465990896488088,0.13387239593566616,-0.11812847260877046,0.0057601595902919195,-0.05535410417786318,0.00623497086913903,-0.00017456163932180705
200,21,490,13.6098051071167,0.9430158337283416,0.3336857105811598,0.11528833551198826,-0.27748292933920893,0.00465990896488088,0.13387238489751965,-0.11812847260877046,0.005760160177637301,-0.05535410417786318,0.00623497086913903,-0.00017456163932180705
200,21,491,13.6098051071167,0.9430158207868276,0.33368569859108527,0.11528832644332805,-0.27748292933920893,0.00465990896488088,0.1338723628212266,-0.1181284819107333,0.005760160177637301,-0.05535410417786318,0.00623497086913903,-0.00017456163932180705
200,21,492,13.6098051071167,0.9430158181111425,0.3336856910294386,0.11528831737466785,-0.27748292933920893,0.00465990896488088,0.1338723517830801,-0.1181284819107333,0.005760160177637301,-0.05535410417786318,0.00623497086913903,-0.00017456163932180705
200,21,493,13.6098051071167,0.9430158051732169,0.333685679049505,0.11528830830600764,-0.27748292933920893,0.00465990896488088,0.13387232970678709,-0.11812849121269615,0.0057601607649826825,-0.05535410417786318,0.00623497086913903,-0.00017456163932180705
200,21,494,13.6098051071167,0.9430158040645288,0.33368567591628556,0.11528829923734744,-0.27748292933920893,0.00465990896488088,0.13387232970678709,-0.11812849121269615,0.0057601607649826825,-0.05535410417786318,0.00623497086913903,-0.00017456163932180705
200,21,495,13.6098051071167,0.9430158029558408,0.3336856727830664,0.11528829016868723,-0.27748292933920893,0.00465990896488088,0.13387232970678709,-0.11812849121269615,0.0057601607649826825,-0.05535410417786318,0.00623497086913903,-0.00017456163932180705
200,21,496,13.6098051071167,0.9430158018471527,0.33368566964984736,0.11528828110002703,-0.27748292933920893,0.00465990896488088,0.13387232970678709,-0.11812849121269615,0.0057601607649826825,-0.05535410417786318,0.00623497086913903,-0.00017456163932180705
200,21,497,13.6098051071167,0.9430158165691325,0.3336856620882024,0.11528827203136682,-0.27748292933920893,0.00465990896488088,0.13387231866864058,-0.11812847260877046,0.0057601607649826825,-0.05535410417786318,0.00623497086913903,-0.00017456163932180705
200,21,498,13.6098051071167,0.9430158165655449,0.3336856620780635,0.11528827203136682,-0.27748292933920893,0.00465990896488088,0.13387231866864058,-0.11812847260877046,0.005760160177637301,-0.05535410417786318,0.00623497086913903,-0.00017456163932180705
200,21,499,13.6098051071167,0.9430158236902054,0.33368565762935987,0.11528827203136682,-0.27748292933920893,0.00465990896488088,0.13387230763049407,-0.11812846330680761,0.005760159002946538,-0.05535410417786318,0.00623497086913903,-0.00017456163932180705
200,21,500,13.6098051071167,0.9430158406295615,0.33368565633415326,0.11528828110002703,-0.27748292933920893,0.00465990896488088,0.13387229659234756,-0.11812844470288192,0.005760159002946538,-0.05535410417786318,0.00623497086913903,-0.00017456163932180705
200,21,501,13.6098051071167,0.9430158488629102,0.3336856550186694,0.11528829016868723,-0.27748292933920893,0.00465990896488088,0.13387228555420105,-0.11812843540091907,0.005760157828255775,-0.05535410417786318,0.00623497086913903,-0.00017456163932180705
200,21,502,13.6098051071167,0.9430158499751888,0.3336856581620359,0.11528829923734744,-0.27748292933920893,0.00465990896488088,0.13387228555420105,-0.11812843540091907,0.005760158415601156,-0.05535410417786318,0.00623497086913903,-0.0001745616549482812
200,21,503,13.6098051071167,0.9430158513136315,0.3336856619445559,0.11528830830600764,-0.27748292933920893,0.00465990896488088,0.13387228555420105,-0.11812843540091907,0.005760157828255775,-0.05535410809729471,0.006234971364101218,-0.00017456167057475534
200,21,504,13.6098051071167,0.9430158671407124,0.3336856575059923,0.11528830830600764,-0.27748292933920893,0.00465990896488088,0.13387227451605455,-0.11812841679699337,0.005760157240910393,-0.05535410809729471,0.006234971364101218,-0.00017456167057475534
200,21,505,13.6098051071167,0.9430158671407124,0.3336856575059923,0.11528830830600764,-0.27748292933920893,0.00465990896488088,0.13387227451605455,-0.11812841679699337,0.005760157240910393,-0.05535410809729471,0.006234971364101218,-0.00017456167057475534
200,21,506,13.6098051071167,0.9430158671407124,0.3336856575059923,0.11528830830600764,-0.27748292933920893,0.00465990896488088,0.13387227451605455,-0.11812841679699337,0.005760157240910393,-0.05535410809729471,0.006234971364101218,-0.00017456167057475534
200,21,507,13.6098051071167,0.9430158671407124,0.3336856575059923,0.11528830830600764,-0.27748292933920893,0.00465990896488088,0.13387227451605455,-0.11812841679699337,0.005760157240910393,-0.05535410809729471,0.006234971364101218,-0.00017456167057475534
200,21,508,13.6098051071167,0.9430158660215735,0.33368565434323816,0.11528829923734744,-0.27748292933920893,0.00465990896488088,0.13387227451605455,-0.11812841679699337,0.00576015606621963,-0.05535410809729471,0.00623497086913903,-0.0001745616549482812
200,21,509,13.6098051071167,0.9430158649128826,0.3336856512100106,0.11528829016868723,-0.27748292933920893,0.00465990896488088,0.13387227451605455,-0.11812841679699337,0.00576015606621963,-0.05535410809729471,0.00623497086913903,-0.00017456163932180705
200,21,510,13.6098051071167,0.9430158649128826,0.3336856512100106,0.11528829016868723,-0.27748292933920893,0.00465990896488088,0.13387227451605455,-0.11812841679699337,0.00576015606621963,-0.05535410809729471,0.00623497086913903,-0.00017456163932180705
200,21,511,13.6098051071167,0.9430158546470548,0.333685646781586,0.11528829016868723,-0.27748292933920893,0.00465990896488088,0.13387226347790804,-0.11812842609895621,0.00576015606621963,-0.05535410809729471,0.00623497086913903,-0.00017456163932180705
200,21,512,13.6098051071167,0.9430158530914966,0.33368564236330067,0.11528829016868723,-0.27748292933920893,0.004659908482332843,0.13387225243976153,-0.11812842609895621,0.005760156653565012,-0.05535410809729471,0.00623497086913903,-0.00017456163932180705
200,21,513,13.6098051071167,0.943015832571279,0.33368563351659203,0.11528829016868723,-0.27748292933920893,0.004659907999784807,0.13387223036346851,-0.11812844470288192,0.005760157240910393,-0.05535410809729471,0.00623497086913903,-0.00017456163932180705
200,21,514,13.6098051071167,0.9430158299034456,0.33368562595494927,0.11528828110002703,-0.27748292933920893,0.00465990751723677,0.133872219325322,-0.11812844470288192,0.005760157240910393,-0.05535410809729471,0.00623497086913903,-0.00017456163932180705
200,21,515,13.6098051071167,0.9430158256607678,0.33368561396488416,0.11528827203136682,-0.27748292933920893,0.00465990751723677,0.13387219724902896,-0.11812844470288192,0.005760157240910393,-0.05535410809729471,0.00623497086913903,-0.00017456163932180705
200,21,516,13.6098051071167,0.9430158142898406,0.33368560641338146,0.11528826296270663,-0.27748292933920893,0.00465990751723677,0.13387218621088245,-0.11812845400484476,0.005760157828255775,-0.05535410809729471,0.00623497086913903,-0.00017456163932180705
200,21,517,13.6098051071167,0.943015811617743,0.333685598861871,0.11528825389404641,-0.27748292933920893,0.00465990751723677,0.13387217517273595,-0.11812845400484476,0.005760158415601156,-0.05535410809729471,0.00623497086913903,-0.00017456162369533293
200,21,518,13.6098051071167,0.9430157986732737,0.33368558686344246,0.11528824482538622,-0.27748292933920893,0.00465990751723677,0.13387215309644293,-0.11812846330680761,0.005760159002946538,-0.05535410809729471,0.006234969879214654,-0.00017456160806885877
200,21,519,13.6098051071167,0.943015785735353,0.33368557488352024,0.115288235756726,-0.27748292933920893,0.00465990751723677,0.13387213102014991,-0.11812847260877046,0.0057601595902919195,-0.05535410809729471,0.006234969879214654,-0.00017456160806885877
200,21,520,13.6098051071167,0.943015785735353,0.33368557488352024,0.115288235756726,-0.27748292933920893,0.00465990751723677,0.13387213102014991,-0.11812847260877046,0.0057601595902919195,-0.05535410809729471,0.006234969879214654,-0.00017456160806885877
200,21,521,13.6098051071167,0.943015785735353,0.33368557488352024,0.115288235756726,-0.27748292933920893,0.00465990751723677,0.13387213102014991,-0.11812847260877046,0.0057601595902919195,-0.05535410809729471,0.006234969879214654,-0.00017456160806885877
200,21,522,13.6098051071167,0.9430157790669211,0.33368558062155557,0.115288235756726,-0.27748292933920893,0.00465990751723677,0.13387214205829642,-0.1181284819107333,0.0057601595902919195,-0.05535411593615779,0.0062349703741768426,-0.00017456160806885877
200,21,523,13.6098051071167,0.9430157790669211,0.33368558062155557,0.115288235756726,-0.27748292933920893,0.00465990751723677,0.13387214205829642,-0.1181284819107333,0.0057601595902919195,-0.05535411593615779,0.0062349703741768426,-0.00017456160806885877
200,21,524,13.6098051071167,0.9430157790669211,0.33368558062155557,0.115288235756726,-0.27748292933920893,0.00465990751723677,0.13387214205829642,-0.1181284819107333,0.0057601595902919195,-0.05535411593615779,0.0062349703741768426,-0.00017456160806885877
200,21,525,13.6098051071167,0.9430157790669211,0.33368558062155557,0.115288235756726,-0.27748292933920893,0.00465990751723677,0.13387214205829642,-0.1181284819107333,0.0057601595902919195,-0.05535411593615779,0.0062349703741768426,-0.00017456160806885877
200,21,526,13.6098051071167,0.9430157801756087,0.33368558375477414,0.11528824482538622,-0.27748292933920893,0.00465990751723677,0.13387214205829642,-0.1181284819107333,0.0057601595902919195,-0.05535411593615779,0.0062349703741768426,-0.00017456160806885877
200,21,527,13.6098051071167,0.9430157812842963,0.333685586887993,0.11528825389404641,-0.27748292933920893,0.00465990751723677,0.13387214205829642,-0.1181284819107333,0.0057601595902919195,-0.05535411593615779,0.0062349703741768426,-0.00017456160806885877
200,21,528,13.6098051071167,0.9430157823965688,0.33368559003134274,0.11528826296270663,-0.27748292933920893,0.00465990751723677,0.13387214205829642,-0.1181284819107333,0.005760160177637301,-0.05535411593615779,0.0062349703741768426,-0.00017456159244238464
200,21,529,13.6098051071167,0.9430157823965688,0.33368559003134274,0.11528826296270663,-0.27748292933920893,0.00465990751723677,0.13387214205829642,-0.1181284819107333,0.005760160177637301,-0.05535411593615779,0.0062349703741768426,-0.00017456159244238464
200,21,530,13.6098051071167,0.9430157823965688,0.33368559003134274,0.11528826296270663,-0.27748292933920893,0.00465990751723677,0.13387214205829642,-0.1181284819107333,0.005760160177637301,-0.05535411593615779,0.0062349703741768426,-0.00017456159244238464
200,21,531,13.6098051071167,0.9430157823965688,0.33368559003134274,0.11528826296270663,-0.27748292933920893,0.00465990751723677,0.13387214205829642,-0.1181284819107333,0.005760160177637301,-0.05535411593615779,0.0062349703741768426,-0.00017456159244238464
200,21,532,13.6098051071167,0.9430157823887192,0.33368559003134274,0.11528826296270663,-0.27748292933920893,0.004659907999784807,0.13387214205829642,-0.1181284819107333,0.005760160177637301,-0.05535411593615779,0.0062349703741768426,-0.00017456159244238464
200,21,533,13.6098051071167,0.9430157823887192,0.33368559003134274,0.11528826296270663,-0.27748292933920893,0.004659907999784807,0.13387214205829642,-0.1181284819107333,0.005760160177637301,-0.05535411593615779,0.0062349703741768426,-0.00017456159244238464
200,21,534,13.6098051071167,0.9430157823887192,0.33368559003134274,0.11528826296270663,-0.27748292933920893,0.004659907999784807,0.13387214205829642,-0.1181284819107333,0.005760160177637301,-0.05535411593615779,0.0062349703741768426,-0.00017456159244238464
200,21,535,13.6098051071167,0.9430157823887192,0.33368559003134274,0.11528826296270663,-0.27748292933920893,0.004659907999784807,0.13387214205829642,-0.1181284819107333,0.005760160177637301,-0.05535411593615779,0.0062349703741768426,-0.00017456159244238464
200,21,536,13.6098051071167,0.9430157812800315,0.3336855868981237,0.11528825389404641,-0.27748292933920893,0.004659907999784807,0.13387214205829642,-0.1181284819107333,0.005760160177637301,-0.05535411593615779,0.0062349703741768426,-0.00017456159244238464
200,21,537,13.6098051071167,0.9430157801713438,0.33368558376490487,0.11528824482538622,-0.27748292933920893,0.004659907999784807,0.13387214205829642,-0.1181284819107333,0.005760160177637301,-0.05535411593615779,0.0062349703741768426,-0.00017456159244238464
200,21,538,13.6098051071167,0.9430157790626562,0.3336855806316863,0.115288235756726,-0.27748292933920893,0.004659907999784807,0.13387214205829642,-0.1181284819107333,0.005760160177637301,-0.05535411593615779,0.0062349703741768426,-0.00017456159244238464
200,21,539,13.6098051071167,0.9430157790626562,0.3336855806316863,0.115288235756726,-0.27748292933920893,0.004659907999784807,0.13387214205829642,-0.1181284819107333,0.005760160177637301,-0.05535411593615779,0.0062349703741768426,-0.00017456159244238464
200,21,540,13.6098051071167,0.9430157790626562,0.3336855806316863,0.115288235756726,-0.27748292933920893,0.004659907999784807,0.13387214205829642,-0.1181284819107333,0.005760160177637301,-0.05535411593615779,0.0062349703741768426,-0.00017456159244238464
200,21,541,13.6098051071167,0.9430157790626562,0.3336855806316863,0.115288235756726,-0.27748292933920893,0.004659907999784807,0.13387214205829642,-0.1181284819107333,0.005760160177637301,-0.05535411593615779,0.0062349703741768426,-0.00017456159244238464
200,21,542,13.6098051071167,0.9430157790626562,0.3336855806316863,0.115288235756726,-0.27748292933920893,0.004659907999784807,0.13387214205829642,-0.1181284819107333,0.005760160177637301,-0.05535411593615779,0.0062349703741768426,-0.00017456159244238464
200,21,543,13.6098051071167,0.9430157790626562,0.3336855806316863,0.115288235756726,-0.27748292933920893,0.004659907999784807,0.13387214205829642,-0.1181284819107333,0.005760160177637301,-0.05535411593615779,0.0062349703741768426,-0.00017456159244238464
200,21,544,13.6098051071167,0.9430157790626562,0.3336855806316863,0.115288235756726,-0.27748292933920893,0.004659907999784807,0.13387214205829642,-0.1181284819107333,0.005760160177637301,-0.05535411593615779,0.0062349703741768426,-0.00017456159244238464
200,21,545,13.6098051071167,0.9430157790626562,0.3336855806316863,0.115288235756726,-0.27748292933920893,0.004659907999784807,0.13387214205829642,-0.1181284819107333,0.005760160177637301,-0.05535411593615779,0.0062349703741768426,-0.00017456159244238464
200,21,546,13.6098051071167,0.9430157801713438,0.33368558376490487,0.11528824482538622,-0.27748292933920893,0.004659907999784807,0.13387214205829642,-0.1181284819107333,0.005760160177637301,-0.05535411593615779,0.0062349703741768426,-0.00017456159244238464
200,21,547,13.6098051071167,0.9430157801713438,0.33368558376490487,0.11528824482538622,-0.27748292933920893,0.004659907999784807,0.13387214205829642,-0.1181284819107333,0.005760160177637301,-0.05535411593615779,0.0062349703741768426,-0.00017456159244238464
200,21,548,13.6098051071167,0.9430157801713438,0.33368558376490487,0.11528824482538622,-0.27748292933920893,0.004659907999784807,0.13387214205829642,-0.1181284819107333,0.005760160177637301,-0.05535411593615779,0.0062349703741768426,-0.00017456159244238464
200,21,549,13.6098051071167,0.9430157801713438,0.33368558376490487,0.11528824482538622,-0.27748292933920893,0.004659907999784807,0.13387214205829642,-0.1181284819107333,0.005760160177637301,-0.05535411593615779,0.0062349703741768426,-0.00017456159244238464
200,21,550,13.6098051071167,0.9430157801713438,0.33368558376490487,0.11528824482538622,-0.27748292933920893,0.004659907999784807,0.13387214205829642,-0.1181284819107333,0.005760160177637301,-0.05535411593615779,0.0062349703741768426,-0.00017456159244238464
200,21,551,13.6098051071167,0.9430157801713438,0.33368558376490487,0.11528824482538622,-0.27748292933920893,0.004659907999784807,0.13387214205829642,-0.1181284819107333,0.005760160177637301,-0.05535411593615779,0.0062349703741768426,-0.00017456159244238464
200,21,552,13.6098051071167,0.9430157801713438,0.33368558376490487,0.11528824482538622,-0.27748292933920893,0.004659907999784807,0.13387214205829642,-0.1181284819107333,0.005760160177637301,-0.05535411593615779,0.0062349703741768426,-0.00017456159244238464
200,21,553,13.6098051071167,0.9430157790626562,0.3336855806316863,0.115288235756726,-0.27748292933920893,0.004659907999784807,0.13387214205829642,-0.1181284819107333,0.005760160177637301,-0.05535411593615779,0.0062349703741768426,-0.00017456159244238464
200,21,554,13.6098051071167,0.9430157790626562,0.3336855806316863,0.115288235756726,-0.27748292933920893,0.004659907999784807,0.13387214205829642,-0.1181284819107333,0.005760160177637301,-0.05535411593615779,0.0062349703741768426,-0.00017456159244238464
200,21,555,13.6098051071167,0.9430157790626562,0.3336855806316863,0.115288235756726,-0.27748292933920893,0.004659907999784807,0.13387214205829642,-0.1181284819107333,0.005760160177637301,-0.05535411593615779,0.0062349703741768426,-0.00017456159244238464
200,21,556,13.6098051071167,0.9430157790626562,0.3336855806316863,0.115288235756726,-0.27748292933920893,0.004659907999784807,0.13387214205829642,-0.1181284819107333,0.005760160177637301,-0.05535411593615779,0.0062349703741768426,-0.00017456159244238464
200,21,557,13.6098051071167,0.9430157790626562,0.3336855806316863,0.115288235756726,-0.27748292933920893,0.004659907999784807,0.13387214205829642,-0.1181284819107333,0.005760160177637301,-0.05535411593615779,0.0062349703741768426,-0.00017456159244238464
200,21,558,13.6098051071167,0.9430157790626562,0.3336855806316863,0.115288235756726,-0.27748292933920893,0.004659907999784807,0.13387214205829642,-0.1181284819107333,0.005760160177637301,-0.05535411593615779,0.0062349703741768426,-0.00017456159244238464
200,21,559,13.6098051071167,0.9430157790626562,0.3336855806316863,0.115288235756726,-0.27748292933920893,0.004659907999784807,0.13387214205829642,-0.1181284819107333,0.005760160177637301,-0.05535411593615779,0.0062349703741768426,-0.00017456159244238464
200,21,560,13.6098051071167,0.9430157801713438,0.33368558376490487,0.11528824482538622,-0.27748292933920893,0.004659907999784807,0.13387214205829642,-0.1181284819107333,0.005760160177637301,-0.05535411593615779,0.0062349703741768426,-0.00017456159244238464
200,21,561,13.6098051071167,0.9430157801713438,0.33368558376490487,0.11528824482538622,-0.27748292933920893,0.004659907999784807,0.13387214205829642,-0.1181284819107333,0.005760160177637301,-0.05535411593615779,0.0062349703741768426,-0.00017456159244238464
200,21,562,13.6098051071167,0.9430157801713438,0.33368558376490487,0.11528824482538622,-0.27748292933920893,0.004659907999784807,0.13387214205829642,-0.1181284819107333,0.005760160177637301,-0.05535411593615779,0.0062349703741768426,-0.00017456159244238464
200,21,563,13.6098051071167,0.9430157801713438,0.33368558376490487,0.11528824482538622,-0.27748292933920893,0.004659907999784807,0.13387214205829642,-0.1181284819107333,0.005760160177637301,-0.05535411593615779,0.0062349703741768426,-0.00017456159244238464
200,21,564,13.6098051071167,0.9430157801713438,0.33368558376490487,0.11528824482538622,-0.27748292933920893,0.004659907999784807,0.13387214205829642,-0.1181284819107333,0.005760160177637301,-0.05535411593615779,0.0062349703741768426,-0.00017456159244238464
200,21,565,13.6098051071167,0.9430157801713438,0.33368558376490487,0.11528824482538622,-0.27748292933920893,0.004659907999784807,0.13387214205829642,-0.1181284819107333,0.005760160177637301,-0.05535411593615779,0.0062349703741768426,-0.00017456159244238464
200,21,566,13.6098051071167,0.9430157801713438,0.33368558376490487,0.11528824482538622,-0.27748292933920893,0.004659907999784807,0.13387214205829642,-0.1181284819107333,0.005760160177637301,-0.05535411593615779,0.0062349703741768426,-0.00017456159244238464
200,21,567,13.6098051071167,0.9430157790626562,0.3336855806316863,0.115288235756726,-0.27748292933920893,0.004659907999784807,0.13387214205829642,-0.1181284819107333,0.005760160177637301,-0.05535411593615779,0.0062349703741768426,-0.00017456159244238464
200,21,568,13.6098051071167,0.9430157790626562,0.3336855806316863,0.115288235756726,-0.27748292933920893,0.004659907999784807,0.13387214205829642,-0.1181284819107333,0.005760160177637301,-0.05535411593615779,0.0062349703741768426,-0.00017456159244238464
200,21,569,13.6098051071167,0.9430157790626562,0.3336855806316863,0.115288235756726,-0.27748292933920893,0.004659907999784807,0.13387214205829642,-0.1181284819107333,0.005760160177637301,-0.05535411593615779,0.0062349703741768426,-0.00017456159244238464
200,21,570,13.6098051071167,0.9430157790626562,0.3336855806316863,0.115288235756726,-0.27748292933920893,0.004659907999784807,0.13387214205829642,-0.1181284819107333,0.005760160177637301,-0.05535411593615779,0.0062349703741768426,-0.00017456159244238464
200,21,571,13.6098051071167,0.9430157790626562,0.3336855806316863,0.115288235756726,-0.27748292933920893,0.004659907999784807,0.13387214205829642,-0.1181284819107333,0.005760160177637301,-0.05535411593615779,0.0062349703741768426,-0.00017456159244238464
200,21,572,13.6098051071167,0.9430157790626562,0.3336855806316863,0.115288235756726,-0.27748292933920893,0.004659907999784807,0.13387214205829642,-0.1181284819107333,0.005760160177637301,-0.05535411593615779,0.0062349703741768426,-0.00017456159244238464
200,21,573,13.6098051071167,0.9430157790626562,0.3336855806316863,0.115288235756726,-0.27748292933920893,0.004659907999784807,0.13387214205829642,-0.1181284819107333,0.005760160177637301,-0.05535411593615779,0.0062349703741768426,-0.00017456159244238464
200,21,574,13.6098051071167,0.9430157801713438,0.33368558376490487,0.11528824482538622,-0.27748292933920893,0.004659907999784807,0.13387214205829642,-0.1181284819107333,0.005760160177637301,-0.05535411593615779,0.0062349703741768426,-0.00017456159244238464
200,21,575,13.6098051071167,0.9430157801713438,0.33368558376490487,0.11528824482538622,-0.27748292933920893,0.004659907999784807,0.13387214205829642,-0.1181284819107333,0.005760160177637301,-0.05535411593615779,0.0062349703741768426,-0.00017456159244238464
200,21,576,13.6098051071167,0.9430157801713438,0.33368558376490487,0.11528824482538622,-0.27748292933920893,0.004659907999784807,0.13387214205829642,-0.1181284819107333,0.005760160177637301,-0.05535411593615779,0.0062349703741768426,-0.00017456159244238464
200,21,577,13.6098051071167,0.9430157801713438,0.33368558376490487,0.11528824482538622,-0.27748292933920893,0.004659907999784807,0.13387214205829642,-0.1181284819107333,0.005760160177637301,-0.05535411593615779,0.0062349703741768426,-0.00017456159244238464
200,21,578,13.6098051071167,0.9430157801713438,0.33368558376490487,0.11528824482538622,-0.27748292933920893,0.004659907999784807,0.13387214205829642,-0.1181284819107333,0.005760160177637301,-0.05535411593615779,0.0062349703741768426,-0.00017456159244238464
200,21,579,13.6098051071167,0.9430157801713438,0.33368558376490487,0.11528824482538622,-0.27748292933920893,0.004659907999784807,0.13387214205829642,-0.1181284819107333,0.005760160177637301,-0.05535411593615779,0.0062349703741768426,-0.00017456159244238464
200,21,580,13.6098051071167,0.9430157801713438,0.33368558376490487,0.11528824482538622,-0.27748292933920893,0.004659907999784807,0.13387214205829642,-0.1181284819107333,0.005760160177637301,-0.05535411593615779,0.0062349703741768426,-0.00017456159244238464
200,21,581,13.6098051071167,0.9430157790626562,0.3336855806316863,0.115288235756726,-0.27748292933920893,0.004659907999784807,0.13387214205829642,-0.1181284819107333,0.005760160177637301,-0.05535411593615779,0.0062349703741768426,-0.00017456159244238464
200,21,582,13.6098051071167,0.9430157790626562,0.3336855806316863,0.115288235756726,-0.27748292933920893,0.004659907999784807,0.13387214205829642,-0.1181284819107333,0.005760160177637301,-0.05535411593615779,0.0062349703741768426,-0.00017456159244238464
200,21,583,13.6098051071167,0.9430157790626562,0.3336855806316863,0.115288235756726,-0.27748292933920893,0.004659907999784807,0.13387214205829642,-0.1181284819107333,0.005760160177637301,-0.05535411593615779,0.0062349703741768426,-0.00017456159244238464
200,21,584,13.6098051071167,0.9430157790626562,0.3336855806316863,0.115288235756726,-0.27748292933920893,0.004659907999784807,0.13387214205829642,-0.1181284819107333,0.005760160177637301,-0.05535411593615779,0.0062349703741768426,-0.00017456159244238464
200,21,585,13.6098051071167,0.9430157790626562,0.3336855806316863,0.115288235756726,-0.27748292933920893,0.004659907999784807,0.13387214205829642,-0.1181284819107333,0.005760160177637301,-0.05535411593615779,0.0062349703741768426,-0.00017456159244238464
200,21,586,13.6098051071167,0.9430157790626562,0.3336855806316863,0.115288235756726,-0.27748292933920893,0.004659907999784807,0.13387214205829642,-0.1181284819107333,0.005760160177637301,-0.05535411593615779,0.0062349703741768426,-0.00017456159244238464
200,21,587,13.6098051071167,0.9430157790626562,0.3336855806316863,0.115288235756726,-0.27748292933920893,0.004659907999784807,0.13387214205829642,-0.1181284819107333,0.005760160177637301,-0.05535411593615779,0.0062349703741768426,-0.00017456159244238464
200,21,588,13.6098051071167,0.9430157801713438,0.33368558376490487,0.11528824482538622,-0.27748292933920893,0.004659907999784807,0.13387214205829642,-0.1181284819107333,0.005760160177637301,-0.05535411593615779,0.0062349703741768426,-0.00017456159244238464
200,21,589,13.6098051071167,0.9430157801713438,0.33368558376490487,0.11528824482538622,-0.27748292933920893,0.004659907999784807,0.13387214205829642,-0.1181284819107333,0.005760160177637301,-0.05535411593615779,0.0062349703741768426,-0.00017456159244238464
200,21,590,13.6098051071167,0.9430157801713438,0.33368558376490487,0.11528824482538622,-0.27748292933920893,0.004659907999784807,0.13387214205829642,-0.1181284819107333,0.005760160177637301,-0.05535411593615779,0.0062349703741768426,-0.00017456159244238464
200,21,591,13.6098051071167,0.9430157801713438,0.33368558376490487,0.11528824482538622,-0.27748292933920893,0.004659907999784807,0.13387214205829642,-0.1181284819107333,0.005760160177637301,-0.05535411593615779,0.0062349703741768426,-0.00017456159244238464
200,21,592,13.6098051071167,0.9430157801713438,0.33368558376490487,0.11528824482538622,-0.27748292933920893,0.004659907999784807,0.13387214205829642,-0.1181284819107333,0.005760160177637301,-0.05535411593615779,0.0062349703741768426,-0.00017456159244238464
200,21,593,13.6098051071167,0.9430157801713438,0.33368558376490487,0.11528824482538622,-0.27748292933920893,0.004659907999784807,0.13387214205829642,-0.1181284819107333,0.005760160177637301,-0.05535411593615779,0.0062349703741768426,-0.00017456159244238464
200,21,594,13.6098051071167,0.9430157801713438,0.33368558376490487,0.11528824482538622,-0.27748292933920893,0.004659907999784807,0.13387214205829642,-0.1181284819107333,0.005760160177637301,-0.05535411593615779,0.0062349703741768426,-0.00017456159244238464
200,21,595,13.6098051071167,0.9430157790626562,0.3336855806316863,0.115288235756726,-0.27748292933920893,0.004659907999784807,0.13387214205829642,-0.1181284819107333,0.005760160177637301,-0.05535411593615779,0.0062349703741768426,-0.00017456159244238464
200,21,596,13.6098051071167,0.9430157786025226,0.33368557933132054,0.115288235756726,-0.27748292933920893,0.004659907999784807,0.13387214205829642,-0.1181284819107333,0.005760160177637301,-0.05535410809729471,0.0062349703741768426,-0.00017456159244238464
200,21,597,13.6098051071167,0.9430157786025226,0.33368557933132054,0.115288235756726,-0.27748292933920893,0.004659907999784807,0.13387214205829642,-0.1181284819107333,0.005760160177637301,-0.05535410809729471,0.0062349703741768426,-0.00017456159244238464
200,21,598,13.6098051071167,0.9430157786025226,0.33368557933132054,0.115288235756726,-0.27748292933920893,0.004659907999784807,0.13387214205829642,-0.1181284819107333,0.005760160177637301,-0.05535410809729471,0.0062349703741768426,-0.00017456159244238464
200,21,599,13.6098051071167,0.9430157786025226,0.33368557933132054,0.115288235756726,-0.27748292933920893,0.004659907999784807,0.13387214205829642,-0.1181284819107333,0.005760160177637301,-0.05535410809729471,0.0062349703741768426,-0.00017456159244238464
200,21,600,13.6098051071167,0.9430157786025226,0.33368557933132054,0.115288235756726,-0.27748292933920893,0.004659907999784807,0.13387214205829642,-0.1181284819107333,0.005760160177637301,-0.05535410809729471,0.0062349703741768426,-0.00017456159244238464
200,21,601,13.6098051071167,0.9430157719376842,0.33368558507951135,0.115288235756726,-0.27748292933920893,0.004659907999784807,0.13387215309644293,-0.11812849121269615,0.0057601607649826825,-0.05535411593615779,0.00623497086913903,-0.00017456162369533293
200,21,602,13.6098051071167,0.9430157730463719,0.3336855882127299,0.11528824482538622,-0.27748292933920893,0.004659907999784807,0.13387215309644293,-0.11812849121269615,0.0057601607649826825,-0.05535411593615779,0.00623497086913903,-0.00017456162369533293
200,21,603,13.6098051071167,0.9430157730463719,0.3336855882127299,0.11528824482538622,-0.27748292933920893,0.004659907999784807,0.13387215309644293,-0.11812849121269615,0.0057601607649826825,-0.05535411593615779,0.00623497086913903,-0.00017456162369533293
200,21,604,13.6098051071167,0.9430157730463719,0.3336855882127299,0.11528824482538622,-0.27748292933920893,0.004659907999784807,0.13387215309644293,-0.11812849121269615,0.0057601607649826825,-0.05535411593615779,0.00623497086913903,-0.00017456162369533293
200,21,605,13.6098051071167,0.9430157759365737,0.333685596380616,0.11528824482538622,-0.27748292933920893,0.004659907999784807,0.13387217517273595,-0.11812849121269615,0.0057601595902919195,-0.05535411201672625,0.006234969879214654,-0.00017456162369533293
200,21,606,13.6098051071167,0.9430157770434348,0.3336855995086727,0.11528824482538622,-0.27748292933920893,0.004659907999784807,0.13387218621088245,-0.11812849121269615,0.0057601595902919195,-0.05535410417786318,0.006234969879214654,-0.00017456162369533293
200,21,607,13.6098051071167,0.9430158047033386,0.33368560392695645,0.11528824482538622,-0.27748292933920893,0.004659907999784807,0.13387219724902896,-0.11812846330680761,0.005760159002946538,-0.05535410417786318,0.006234969879214654,-0.00017456162369533293
200,21,608,13.6098051071167,0.9430158133878204,0.3336856038864009,0.11528824482538622,-0.27748292933920893,0.004659907999784807,0.13387219724902896,-0.11812845400484476,0.005760156653565012,-0.05535410417786318,0.006234969879214654,-0.00017456162369533293
200,21,609,13.6098051071167,0.9430158220866526,0.3336856038864009,0.11528824482538622,-0.27748292933920893,0.004659907999784807,0.13387219724902896,-0.11812844470288192,0.005760156653565012,-0.05535410417786318,0.006234969879214654,-0.00017456162369533293
200,21,610,13.6098051071167,0.9430158209762038,0.33368560074820497,0.11528824482538622,-0.27748292933920893,0.004659907999784807,0.13387218621088245,-0.11812844470288192,0.00576015606621963,-0.05535411201672625,0.006234969879214654,-0.00017456162369533293
200,21,611,13.6098051071167,0.9430158194157543,0.33368559633827954,0.11528824482538622,-0.27748292933920893,0.004659907999784807,0.13387217517273595,-0.11812844470288192,0.00576015606621963,-0.05535411201672625,0.00623497086913903,-0.00017456162369533293
200,21,612,13.6098051071167,0.9430158120589489,0.3336856001309296,0.11528825389404641,-0.27748292933920893,0.004659907999784807,0.13387217517273595,-0.11812845400484476,0.00576015606621963,-0.05535411593615779,0.006234971364101218,-0.00017456162369533293
200,21,613,13.6098051071167,0.9430158120589489,0.3336856001309296,0.11528825389404641,-0.27748292933920893,0.004659907999784807,0.13387217517273595,-0.11812845400484476,0.00576015606621963,-0.05535411593615779,0.006234971364101218,-0.00017456162369533293
200,21,614,13.6098051071167,0.9430158120556735,0.333685600121673,0.11528825389404641,-0.27748292933920893,0.004659907999784807,0.13387217517273595,-0.11812845400484476,0.00576015606621963,-0.05535411593615779,0.00623497086913903,-0.00017456160806885877
200,21,615,13.6098051071167,0.9430158120592582,0.3336856001318037,0.11528825389404641,-0.27748292933920893,0.004659907999784807,0.13387217517273595,-0.11812845400484476,0.005760156653565012,-0.05535411593615779,0.00623497086913903,-0.00017456159244238464
200,21,616,13.6098051071167,0.9430158031238112,0.33368559946311577,0.11528825389404641,-0.27748292933920893,0.004659907999784807,0.13387217517273595,-0.11812846330680761,0.005760156653565012,-0.05535411201672625,0.006234969879214654,-0.00017456157681591052
200,21,617,13.6098051071167,0.9430157941916366,0.3336855988036763,0.11528825389404641,-0.27748292933920893,0.004659907999784807,0.13387217517273595,-0.11812847260877046,0.005760156653565012,-0.05535410809729471,0.006234969384252467,-0.00017456156118943636
200,21,618,13.6098051071167,0.9430157921806918,0.3336855931206237,0.11528826296270663,-0.27748292933920893,0.004659907999784807,0.13387215309644293,-0.11812847260877046,0.005760159002946538,-0.05535410809729471,0.006234969384252467,-0.00017456159244238464
200,21,619,13.6098051071167,0.9430157917292483,0.33368559184481716,0.11528827203136682,-0.27748292933920893,0.004659907999784807,0.13387214205829642,-0.11812847260877046,0.0057601595902919195,-0.05535410809729471,0.006234969879214654,-0.00017456160806885877
200,21,620,13.6098051071167,0.9430157643062749,0.33368558809611343,0.11528827203136682,-0.27748292933920893,0.004659907999784807,0.13387213102014991,-0.11812850051465901,0.0057601607649826825,-0.05535411201672625,0.0062349703741768426,-0.00017456162369533293
200,21,621,13.6098051071167,0.943015768314576,0.33368557484038686,0.11528827203136682,-0.27748292933920893,0.004659907999784807,0.1338720979057104,-0.11812849121269615,0.005760161939673446,-0.05535411201672625,0.00623497086913903,-0.00017456163932180705
200,21,622,13.609804153442383,0.9430157814695657,0.3336855628503282,0.11528826296270663,-0.27748292933920893,0.004659907999784807,0.13387207582941738,-0.11812847260877046,0.005760161939673446,-0.05535411201672625,0.00623497086913903,-0.00017456163932180705
200,21,623,13.609804153442383,0.9430157787867092,0.3336855552684119,0.11528825389404641,-0.27748292933920893,0.004659907999784807,0.13387206479127087,-0.11812847260877046,0.0057601607649826825,-0.05535411201672625,0.00623497086913903,-0.00017456163932180705
200,21,624,13.6098051071167,0.9430157763288193,0.3336855483222647,0.115288235756726,-0.27748292933920893,0.004659907999784807,0.13387206479127087,-0.11812847260877046,0.0057601595902919195,-0.05535410809729471,0.0062349703741768426,-0.00017456163932180705
200,21,625,13.6098051071167,0.9430157897009269,0.33368553696797715,0.1152882176194056,-0.27748292933920893,0.004659908482332843,0.13387205375312436,-0.11812845400484476,0.0057601595902919195,-0.05535410417786318,0.006234969879214654,-0.00017456163932180705
200,21,626,13.6098051071167,0.9430157946118042,0.333685526262983,0.11528819948208519,-0.27748292933920893,0.004659908482332843,0.13387204271497785,-0.11812844470288192,0.005760159002946538,-0.05535410417786318,0.006234969879214654,-0.00017456163932180705
200,21,627,13.6098051071167,0.943015791936124,0.3336855187013465,0.11528819041342499,-0.27748292933920893,0.004659908482332843,0.13387203167683132,-0.11812844470288192,0.005760159002946538,-0.05535410417786318,0.006234969879214654,-0.00017456163932180705
200,21,628,13.6098051071167,0.9430158066509339,0.3336855111194326,0.11528818134476478,-0.27748292933920893,0.004659908482332843,0.1338720206386848,-0.11812842609895621,0.005760157828255775,-0.05535410417786318,0.006234969879214654,-0.00017456163932180705
200,21,629,13.6098051071167,0.943015822474431,0.3336855066707368,0.11528818134476478,-0.27748292933920893,0.004659908482332843,0.1338720096005383,-0.11812840749503052,0.005760156653565012,-0.05535410417786318,0.006234969879214654,-0.00017456163932180705
200,21,630,13.6098051071167,0.943015822474431,0.3336855066707368,0.11528818134476478,-0.27748292933920893,0.004659908482332843,0.1338720096005383,-0.11812840749503052,0.005760156653565012,-0.05535410417786318,0.006234969879214654,-0.00017456163932180705
200,21,631,13.6098051071167,0.9430158064220647,0.33368551047263456,0.11528819041342499,-0.27748292933920893,0.004659908482332843,0.1338720096005383,-0.11812842609895621,0.005760156653565012,-0.05535410809729471,0.00623497086913903,-0.00017456163932180705
200,21,632,13.6098051071167,0.9430158075307519,0.3336855136058526,0.11528819948208519,-0.27748292933920893,0.004659908482332843,0.1338720096005383,-0.11812842609895621,0.005760156653565012,-0.05535410809729471,0.00623497086913903,-0.00017456163932180705
200,21,633,13.6098051071167,0.9430158189052644,0.3336855211674887,0.1152882085507454,-0.27748292933920893,0.004659908482332843,0.1338720206386848,-0.11812841679699337,0.005760156653565012,-0.05535410809729471,0.00623497086913903,-0.00017456163932180705
200,21,634,13.6098051071167,0.9430158329518697,0.3336855362806234,0.1152882266880658,-0.27748292933920893,0.004659908482332843,0.13387204271497785,-0.11812840749503052,0.00576015606621963,-0.05535410809729471,0.00623497086913903,-0.00017456163932180705
200,21,635,13.609804153442383,0.9430158383032309,0.3336855514038987,0.11528824482538622,-0.27748292933920893,0.004659908482332843,0.13387206479127087,-0.11812840749503052,0.00576015606621963,-0.05535410809729471,0.00623497086913903,-0.00017456163932180705
200,21,636,13.609804153442383,0.9430158420875995,0.3336855620987564,0.11528826296270663,-0.27748292933920893,0.004659908482332843,0.13387207582941738,-0.11812840749503052,0.00576015606621963,-0.05535410809729471,0.00623497086913903,-0.00017456163932180705
200,21,637,13.6098051071167,0.9430158545636257,0.33368557277333727,0.11528828110002703,-0.27748292933920893,0.004659908482332843,0.13387208686756388,-0.11812839819306767,0.005760154891528867,-0.05535410809729471,0.00623497086913903,-0.00017456163932180705
200,21,638,13.609804153442383,0.9430158599149888,0.3336855878966168,0.11528829923734744,-0.27748292933920893,0.004659908482332843,0.1338721089438569,-0.11812839819306767,0.005760154891528867,-0.05535410809729471,0.00623497086913903,-0.00017456163932180705
200,21,639,13.609804153442383,0.9430158621323651,0.3336855941630576,0.11528831737466785,-0.27748292933920893,0.004659908482332843,0.1338721089438569,-0.11812839819306767,0.005760154891528867,-0.05535410809729471,0.00623497086913903,-0.00017456163932180705
200,21,640,13.609804153442383,0.9430158643497417,0.3336856004294992,0.11528833551198826,-0.27748292933920893,0.004659908482332843,0.1338721089438569,-0.11812839819306767,0.005760154891528867,-0.05535410809729471,0.00623497086913903,-0.00017456163932180705
200,21,641,13.609804153442383,0.9430158665671187,0.3336856066959417,0.11528835364930867,-0.27748292933920893,0.004659908482332843,0.1338721089438569,-0.11812839819306767,0.005760154891528867,-0.05535410809729471,0.00623497086913903,-0.00017456163932180705
200,21,642,13.609804153442383,0.9430158676758074,0.33368560982916323,0.11528836271796887,-0.27748292933920893,0.004659908482332843,0.1338721089438569,-0.11812839819306767,0.005760154891528867,-0.05535410809729471,0.00623497086913903,-0.00017456163932180705
200,21,643,13.609804153442383,0.943015868784496,0.333685612962385,0.11528837178662908,-0.27748292933920893,0.004659908482332843,0.1338721089438569,-0.11812839819306767,0.005760154891528867,-0.05535410809729471,0.00623497086913903,-0.00017456163932180705
200,21,644,13.609804153442383,0.943015868784496,0.333685612962385,0.11528837178662908,-0.27748292933920893,0.004659908482332843,0.1338721089438569,-0.11812839819306767,0.005760154891528867,-0.05535410809729471,0.00623497086913903,-0.00017456163932180705
200,21,645,13.609804153442383,0.943015868784496,0.333685612962385,0.11528837178662908,-0.27748292933920893,0.004659908482332843,0.1338721089438569,-0.11812839819306767,0.005760154891528867,-0.05535410809729471,0.00623497086913903,-0.00017456163932180705
200,21,646,13.609804153442383,0.9430158676758074,0.33368560982916323,0.11528836271796887,-0.27748292933920893,0.004659908482332843,0.1338721089438569,-0.11812839819306767,0.005760154891528867,-0.05535410809729471,0.00623497086913903,-0.00017456163932180705
200,21,647,13.609804153442383,0.9430158665749683,0.3336856066959417,0.11528835364930867,-0.27748292933920893,0.004659907999784807,0.1338721089438569,-0.11812839819306767,0.005760154891528867,-0.05535410809729471,0.00623497086913903,-0.00017456163932180705
200,21,648,13.6098051071167,0.9430158654741295,0.3336856035627203,0.11528834458064846,-0.27748292933920893,0.00465990751723677,0.1338721089438569,-0.11812839819306767,0.005760154891528867,-0.05535410809729471,0.00623497086913903,-0.00017456163932180705
200,21,649,13.6098051071167,0.9430158632567527,0.3336855972962783,0.11528832644332805,-0.27748292933920893,0.00465990751723677,0.1338721089438569,-0.11812839819306767,0.005760154891528867,-0.05535410809729471,0.00623497086913903,-0.00017456163932180705
200,21,650,13.6098051071167,0.9430158610393762,0.3336855910298371,0.11528830830600764,-0.27748292933920893,0.00465990751723677,0.1338721089438569,-0.11812839819306767,0.005760154891528867,-0.05535410809729471,0.00623497086913903,-0.00017456163932180705
200,21,651,13.6098051071167,0.9430158588220001,0.33368558476339677,0.11528829016868723,-0.27748292933920893,0.00465990751723677,0.1338721089438569,-0.11812839819306767,0.005760154891528867,-0.05535410809729471,0.00623497086913903,-0.00017456163932180705
200,21,652,13.6098051071167,0.9430158566046244,0.33368557849695735,0.11528827203136682,-0.27748292933920893,0.00465990751723677,0.1338721089438569,-0.11812839819306767,0.005760154891528867,-0.05535410809729471,0.00623497086913903,-0.00017456163932180705
200,21,653,13.6098051071167,0.9430158554959366,0.33368557536373794,0.11528826296270663,-0.27748292933920893,0.00465990751723677,0.1338721089438569,-0.11812839819306767,0.005760154891528867,-0.05535410809729471,0.00623497086913903,-0.00017456163932180705
200,21,654,13.6098051071167,0.943015854387249,0.33368557223051876,0.11528825389404641,-0.27748292933920893,0.00465990751723677,0.1338721089438569,-0.11812839819306767,0.005760154891528867,-0.05535410809729471,0.00623497086913903,-0.00017456163932180705
200,21,655,13.6098051071167,0.943015854387249,0.33368557223051876,0.11528825389404641,-0.27748292933920893,0.00465990751723677,0.1338721089438569,-0.11812839819306767,0.005760154891528867,-0.05535410809729471,0.00623497086913903,-0.00017456163932180705
200,21,656,13.6098051071167,0.943015854387249,0.33368557223051876,0.11528825389404641,-0.27748292933920893,0.00465990751723677,0.1338721089438569,-0.11812839819306767,0.005760154891528867,-0.05535410809729471,0.00623497086913903,-0.00017456163932180705
200,21,657,13.6098051071167,0.9430158554959366,0.33368557536373794,0.11528826296270663,-0.27748292933920893,0.00465990751723677,0.1338721089438569,-0.11812839819306767,0.005760154891528867,-0.05535410809729471,0.00623497086913903,-0.00017456163932180705
200,21,658,13.6098051071167,0.9430158566046244,0.33368557849695735,0.11528827203136682,-0.27748292933920893,0.00465990751723677,0.1338721089438569,-0.11812839819306767,0.005760154891528867,-0.05535410809729471,0.00623497086913903,-0.00017456163932180705
200,21,659,13.6098051071167,0.9430158577133122,0.3336855816301769,0.11528828110002703,-0.27748292933920893,0.00465990751723677,0.1338721089438569,-0.11812839819306767,0.005760154891528867,-0.05535410809729471,0.00623497086913903,-0.00017456163932180705
200,21,660,13.6098051071167,0.9430158505833014,0.33368558606376253,0.11528829016868723,-0.27748292933920893,0.00465990751723677,0.1338721089438569,-0.11812840749503052,0.005760154891528867,-0.05535411593615779,0.00623497086913903,-0.00017456163932180705
200,21,661,13.6098051071167,0.9430158516919893,0.33368558919698255,0.11528829923734744,-0.27748292933920893,0.00465990751723677,0.1338721089438569,-0.11812840749503052,0.005760154891528867,-0.05535411593615779,0.00623497086913903,-0.00017456163932180705
200,21,662,13.6098051071167,0.9430158516919893,0.33368558919698255,0.11528829923734744,-0.27748292933920893,0.00465990751723677,0.1338721089438569,-0.11812840749503052,0.005760154891528867,-0.05535411593615779,0.00623497086913903,-0.00017456163932180705
200,21,663,13.609804153442383,0.9430158516841397,0.33368558919698255,0.11528829923734744,-0.27748292933920893,0.004659907999784807,0.1338721089438569,-0.11812840749503052,0.005760154891528867,-0.05535411593615779,0.00623497086913903,-0.00017456163932180705
200,21,664,13.609804153442383,0.9430158516841397,0.33368558919698255,0.11528829923734744,-0.27748292933920893,0.004659907999784807,0.1338721089438569,-0.11812840749503052,0.005760154891528867,-0.05535411593615779,0.00623497086913903,-0.00017456163932180705
200,21,665,13.609804153442383,0.9430158516841397,0.33368558919698255,0.11528829923734744,-0.27748292933920893,0.004659907999784807,0.1338721089438569,-0.11812840749503052,0.005760154891528867,-0.05535411593615779,0.00623497086913903,-0.00017456163932180705
200,21,666,13.609804153442383,0.9430158516841397,0.33368558919698255,0.11528829923734744,-0.27748292933920893,0.004659907999784807,0.1338721089438569,-0.11812840749503052,0.005760154891528867,-0.05535411593615779,0.00623497086913903,-0.00017456163932180705
200,21,667,13.609804153442383,0.9430158516841397,0.33368558919698255,0.11528829923734744,-0.27748292933920893,0.004659907999784807,0.1338721089438569,-0.11812840749503052,0.005760154891528867,-0.05535411593615779,0.00623497086913903,-0.00017456163932180705
200,21,668,13.609804153442383,0.9430158505754517,0.33368558606376253,0.11528829016868723,-0.27748292933920893,0.004659907999784807,0.1338721089438569,-0.11812840749503052,0.005760154891528867,-0.05535411593615779,0.00623497086913903,-0.00017456163932180705
200,21,669,13.6098051071167,0.9430158494667638,0.3336855829305427,0.11528828110002703,-0.27748292933920893,0.004659907999784807,0.1338721089438569,-0.11812840749503052,0.005760154891528867,-0.05535411593615779,0.00623497086913903,-0.00017456163932180705
200,21,670,13.6098051071167,0.943015848358076,0.3336855797973231,0.11528827203136682,-0.27748292933920893,0.004659907999784807,0.1338721089438569,-0.11812840749503052,0.005760154891528867,-0.05535411593615779,0.00623497086913903,-0.00017456163932180705
200,21,671,13.6098051071167,0.9430158472493881,0.3336855766641037,0.11528826296270663,-0.27748292933920893,0.004659907999784807,0.1338721089438569,-0.11812840749503052,0.005760154891528867,-0.05535411593615779,0.00623497086913903,-0.00017456163932180705
200,21,672,13.6098051071167,0.9430158472493881,0.3336855766641037,0.11528826296270663,-0.27748292933920893,0.004659907999784807,0.1338721089438569,-0.11812840749503052,0.005760154891528867,-0.05535411593615779,0.00623497086913903,-0.00017456163932180705
200,21,673,13.6098051071167,0.9430158472493881,0.3336855766641037,0.11528826296270663,-0.27748292933920893,0.004659907999784807,0.1338721089438569,-0.11812840749503052,0.005760154891528867,-0.05535411593615779,0.00623497086913903,-0.00017456163932180705
200,21,674,13.6098051071167,0.9430158472493881,0.3336855766641037,0.11528826296270663,-0.27748292933920893,0.004659907999784807,0.1338721089438569,-0.11812840749503052,0.005760154891528867,-0.05535411593615779,0.00623497086913903,-0.00017456163932180705
200,21,675,13.6098051071167,0.9430158472493881,0.3336855766641037,0.11528826296270663,-0.27748292933920893,0.004659907999784807,0.1338721089438569,-0.11812840749503052,0.005760154891528867,-0.05535411593615779,0.00623497086913903,-0.00017456163932180705
200,21,676,13.6098051071167,0.9430158472493881,0.3336855766641037,0.11528826296270663,-0.27748292933920893,0.004659907999784807,0.1338721089438569,-0.11812840749503052,0.005760154891528867,-0.05535411593615779,0.00623497086913903,-0.00017456163932180705
200,21,677,13.6098051071167,0.9430158472493881,0.3336855766641037,0.11528826296270663,-0.27748292933920893,0.004659907999784807,0.1338721089438569,-0.11812840749503052,0.005760154891528867,-0.05535411593615779,0.00623497086913903,-0.00017456163932180705
200,21,678,13.6098051071167,0.943015848358076,0.3336855797973231,0.11528827203136682,-0.27748292933920893,0.004659907999784807,0.1338721089438569,-0.11812840749503052,0.005760154891528867,-0.05535411593615779,0.00623497086913903,-0.00017456163932180705
200,21,679,13.609804153442383,0.9430158423417884,0.3336855873783585,0.11528828110002703,-0.27748292933920893,0.004659907999784807,0.1338721199820034,-0.11812841679699337,0.005760155478874249,-0.05535411593615779,0.006234971364101218,-0.0001745616549482812
200,21,680,13.609804153442383,0.9430158423417884,0.3336855873783585,0.11528828110002703,-0.27748292933920893,0.004659907999784807,0.1338721199820034,-0.11812841679699337,0.005760155478874249,-0.05535411593615779,0.006234971364101218,-0.0001745616549482812
200,21,681,13.609804153442383,0.9430158423417884,0.3336855873783585,0.11528828110002703,-0.27748292933920893,0.004659907999784807,0.1338721199820034,-0.11812841679699337,0.005760155478874249,-0.05535411593615779,0.006234971364101218,-0.0001745616549482812
200,21,682,13.609804153442383,0.9430158412331006,0.33368558424513894,0.11528827203136682,-0.27748292933920893,0.004659907999784807,0.1338721199820034,-0.11812841679699337,0.005760155478874249,-0.05535411593615779,0.006234971364101218,-0.0001745616549482812
200,21,683,13.609804153442383,0.9430158401244128,0.3336855811119196,0.11528826296270663,-0.27748292933920893,0.004659907999784807,0.1338721199820034,-0.11812841679699337,0.005760155478874249,-0.05535411593615779,0.006234971364101218,-0.0001745616549482812
200,21,684,13.6098051071167,0.9430158379070375,0.33368557484548156,0.11528824482538622,-0.27748292933920893,0.004659907999784807,0.1338721199820034,-0.11812841679699337,0.005760155478874249,-0.05535411593615779,0.006234971364101218,-0.0001745616549482812
200,21,685,13.6098051071167,0.9430158356896625,0.3336855685790444,0.1152882266880658,-0.27748292933920893,0.004659907999784807,0.1338721199820034,-0.11812841679699337,0.005760155478874249,-0.05535411593615779,0.006234971364101218,-0.0001745616549482812
200,21,686,13.6098051071167,0.943015833472288,0.3336855623126081,0.1152882085507454,-0.27748292933920893,0.004659907999784807,0.1338721199820034,-0.11812841679699337,0.005760155478874249,-0.05535411593615779,0.006234971364101218,-0.0001745616549482812
200,21,687,13.6098051071167,0.9430158323636008,0.33368555917939025,0.11528819948208519,-0.27748292933920893,0.004659907999784807,0.1338721199820034,-0.11812841679699337,0.005760155478874249,-0.05535411593615779,0.006234971364101218,-0.0001745616549482812
200,21,688,13.6098051071167,0.9430158323636008,0.33368555917939025,0.11528819948208519,-0.27748292933920893,0.004659907999784807,0.1338721199820034,-0.11812841679699337,0.005760155478874249,-0.05535411593615779,0.006234971364101218,-0.0001745616549482812
200,21,689,13.6098051071167,0.9430158323636008,0.33368555917939025,0.11528819948208519,-0.27748292933920893,0.004659907999784807,0.1338721199820034,-0.11812841679699337,0.005760155478874249,-0.05535411593615779,0.006234971364101218,-0.0001745616549482812
200,21,690,13.6098051071167,0.943015833472288,0.3336855623126081,0.1152882085507454,-0.27748292933920893,0.004659907999784807,0.1338721199820034,-0.11812841679699337,0.005760155478874249,-0.05535411593615779,0.006234971364101218,-0.0001745616549482812
200,21,691,13.6098051071167,0.9430158345809724,0.33368556544581796,0.1152882176194056,-0.27748292933920893,0.004659907999784807,0.1338721199820034,-0.11812841679699337,0.005760155478874249,-0.05535411593615779,0.006234971364101218,-0.00017456163932180705
200,21,692,13.6098051071167,0.9430158356896596,0.3336855685790362,0.1152882266880658,-0.27748292933920893,0.004659907999784807,0.1338721199820034,-0.11812841679699337,0.005760155478874249,-0.05535411593615779,0.006234971364101218,-0.00017456163932180705
200,21,693,13.6098051071167,0.9430158379070346,0.33368557484547334,0.11528824482538622,-0.27748292933920893,0.004659907999784807,0.1338721199820034,-0.11812841679699337,0.005760155478874249,-0.05535411593615779,0.006234971364101218,-0.00017456163932180705
200,21,694,13.6098051071167,0.9430158390157222,0.3336855779786923,0.11528825389404641,-0.27748292933920893,0.004659907999784807,0.1338721199820034,-0.11812841679699337,0.005760155478874249,-0.05535411593615779,0.006234971364101218,-0.00017456163932180705
200,21,695,13.609804153442383,0.9430158401244099,0.33368558111191143,0.11528826296270663,-0.27748292933920893,0.004659907999784807,0.1338721199820034,-0.11812841679699337,0.005760155478874249,-0.05535411593615779,0.006234971364101218,-0.00017456163932180705
200,21,696,13.609804153442383,0.9430158412330977,0.3336855842451308,0.11528827203136682,-0.27748292933920893,0.004659907999784807,0.1338721199820034,-0.11812841679699337,0.005760155478874249,-0.05535411593615779,0.006234971364101218,-0.00017456163932180705
200,21,697,13.609804153442383,0.9430158412330977,0.3336855842451308,0.11528827203136682,-0.27748292933920893,0.004659907999784807,0.1338721199820034,-0.11812841679699337,0.005760155478874249,-0.05535411593615779,0.006234971364101218,-0.00017456163932180705
200,21,698,13.609804153442383,0.9430158412330977,0.3336855842451308,0.11528827203136682,-0.27748292933920893,0.004659907999784807,0.1338721199820034,-0.11812841679699337,0.005760155478874249,-0.05535411593615779,0.006234971364101218,-0.00017456163932180705
200,21,699,13.609804153442383,0.9430158412330977,0.3336855842451308,0.11528827203136682,-0.27748292933920893,0.004659907999784807,0.1338721199820034,-0.11812841679699337,0.005760155478874249,-0.05535411593615779,0.006234971364101218,-0.00017456163932180705
200,21,700,13.609804153442383,0.9430158412330977,0.3336855842451308,0.11528827203136682,-0.27748292933920893,0.004659907999784807,0.1338721199820034,-0.11812841679699337,0.005760155478874249,-0.05535411593615779,0.006234971364101218,-0.00017456163932180705
200,21,701,13.609804153442383,0.9430158412330977,0.3336855842451308,0.11528827203136682,-0.27748292933920893,0.004659907999784807,0.1338721199820034,-0.11812841679699337,0.005760155478874249,-0.05535411593615779,0.006234971364101218,-0.00017456163932180705
200,21,702,13.609804153442383,0.9430158412330977,0.3336855842451308,0.11528827203136682,-0.27748292933920893,0.004659907999784807,0.1338721199820034,-0.11812841679699337,0.005760155478874249,-0.05535411593615779,0.006234971364101218,-0.00017456163932180705
200,21,703,13.609804153442383,0.9430158401244099,0.33368558111191143,0.11528826296270663,-0.27748292933920893,0.004659907999784807,0.1338721199820034,-0.11812841679699337,0.005760155478874249,-0.05535411593615779,0.006234971364101218,-0.00017456163932180705
200,21,704,13.6098051071167,0.9430158390157222,0.3336855779786923,0.11528825389404641,-0.27748292933920893,0.004659907999784807,0.1338721199820034,-0.11812841679699337,0.005760155478874249,-0.05535411593615779,0.006234971364101218,-0.00017456163932180705
200,21,705,13.6098051071167,0.9430158379070346,0.33368557484547334,0.11528824482538622,-0.27748292933920893,0.004659907999784807,0.1338721199820034,-0.11812841679699337,0.005760155478874249,-0.05535411593615779,0.006234971364101218,-0.00017456163932180705
200,21,706,13.6098051071167,0.943015836798347,0.33368557171225466,0.115288235756726,-0.27748292933920893,0.004659907999784807,0.1338721199820034,-0.11812841679699337,0.005760155478874249,-0.05535411593615779,0.006234971364101218,-0.00017456163932180705
200,21,707,13.6098051071167,0.9430158356896596,0.3336855685790362,0.1152882266880658,-0.27748292933920893,0.004659907999784807,0.1338721199820034,-0.11812841679699337,0.005760155478874249,-0.05535411593615779,0.006234971364101218,-0.00017456163932180705
200,21,708,13.6098051071167,0.9430158356896596,0.3336855685790362,0.1152882266880658,-0.27748292933920893,0.004659907999784807,0.1338721199820034,-0.11812841679699337,0.005760155478874249,-0.05535411593615779,0.006234971364101218,-0.00017456163932180705
200,21,709,13.6098051071167,0.9430158356896596,0.3336855685790362,0.1152882266880658,-0.27748292933920893,0.004659907999784807,0.1338721199820034,-0.11812841679699337,0.005760155478874249,-0.05535411593615779,0.006234971364101218,-0.00017456163932180705
200,21,710,13.6098051071167,0.9430158356896596,0.3336855685790362,0.1152882266880658,-0.27748292933920893,0.004659907999784807,0.1338721199820034,-0.11812841679699337,0.005760155478874249,-0.05535411593615779,0.006234971364101218,-0.00017456163932180705
200,21,711,13.6098051071167,0.943015836798347,0.33368557171225466,0.115288235756726,-0.27748292933920893,0.004659907999784807,0.1338721199820034,-0.11812841679699337,0.005760155478874249,-0.05535411593615779,0.006234971364101218,-0.00017456163932180705
200,21,712,13.6098051071167,0.9430158379070346,0.33368557484547334,0.11528824482538622,-0.27748292933920893,0.004659907999784807,0.1338721199820034,-0.11812841679699337,0.005760155478874249,-0.05535411593615779,0.006234971364101218,-0.00017456163932180705
200,21,713,13.6098051071167,0.9430158379070346,0.33368557484547334,0.11528824482538622,-0.27748292933920893,0.004659907999784807,0.1338721199820034,-0.11812841679699337,0.005760155478874249,-0.05535411593615779,0.006234971364101218,-0.00017456163932180705
200,21,714,13.6098051071167,0.9430158379070346,0.33368557484547334,0.11528824482538622,-0.27748292933920893,0.004659907999784807,0.1338721199820034,-0.11812841679699337,0.005760155478874249,-0.05535411593615779,0.006234971364101218,-0.00017456163932180705
200,21,715,13.6098051071167,0.9430158379070346,0.33368557484547334,0.11528824482538622,-0.27748292933920893,0.004659907999784807,0.1338721199820034,-0.11812841679699337,0.005760155478874249,-0.05535411593615779,0.006234971364101218,-0.00017456163932180705
200,21,716,13.6098051071167,0.9430158379070346,0.33368557484547334,0.11528824482538622,-0.27748292933920893,0.004659907999784807,0.1338721199820034,-0.11812841679699337,0.005760155478874249,-0.05535411593615779,0.006234971364101218,-0.00017456163932180705
200,21,717,13.6098051071167,0.9430158379070346,0.33368557484547334,0.11528824482538622,-0.27748292933920893,0.004659907999784807,0.1338721199820034,-0.11812841679699337,0.005760155478874249,-0.05535411593615779,0.006234971364101218,-0.00017456163932180705
200,21,718,13.6098051071167,0.9430158379070346,0.33368557484547334,0.11528824482538622,-0.27748292933920893,0.004659907999784807,0.1338721199820034,-0.11812841679699337,0.005760155478874249,-0.05535411593615779,0.006234971364101218,-0.00017456163932180705
200,21,719,13.6098051071167,0.943015836798347,0.33368557171225466,0.115288235756726,-0.27748292933920893,0.004659907999784807,0.1338721199820034,-0.11812841679699337,0.005760155478874249,-0.05535411593615779,0.006234971364101218,-0.00017456163932180705
200,21,720,13.6098051071167,0.9430158356896596,0.3336855685790362,0.1152882266880658,-0.27748292933920893,0.004659907999784807,0.1338721199820034,-0.11812841679699337,0.005760155478874249,-0.05535411593615779,0.006234971364101218,-0.00017456163932180705
200,21,721,13.6098051071167,0.9430158356896596,0.3336855685790362,0.1152882266880658,-0.27748292933920893,0.004659907999784807,0.1338721199820034,-0.11812841679699337,0.005760155478874249,-0.05535411593615779,0.006234971364101218,-0.00017456163932180705
200,21,722,13.6098051071167,0.9430158356896596,0.3336855685790362,0.1152882266880658,-0.27748292933920893,0.004659907999784807,0.1338721199820034,-0.11812841679699337,0.005760155478874249,-0.05535411593615779,0.006234971364101218,-0.00017456163932180705
200,21,723,13.6098051071167,0.943015836798347,0.33368557171225466,0.115288235756726,-0.27748292933920893,0.004659907999784807,0.1338721199820034,-0.11812841679699337,0.005760155478874249,-0.05535411593615779,0.006234971364101218,-0.00017456163932180705
200,21,724,13.6098051071167,0.943015836798347,0.33368557171225466,0.115288235756726,-0.27748292933920893,0.004659907999784807,0.1338721199820034,-0.11812841679699337,0.005760155478874249,-0.05535411593615779,0.006234971364101218,-0.00017456163932180705
200,21,725,13.6098051071167,0.943015836798347,0.33368557171225466,0.115288235756726,-0.27748292933920893,0.004659907999784807,0.1338721199820034,-0.11812841679699337,0.005760155478874249,-0.05535411593615779,0.006234971364101218,-0.00017456163932180705
200,21,726,13.6098051071167,0.943015836798347,0.33368557171225466,0.115288235756726,-0.27748292933920893,0.004659907999784807,0.1338721199820034,-0.11812841679699337,0.005760155478874249,-0.05535411593615779,0.006234971364101218,-0.00017456163932180705
200,21,727,13.6098051071167,0.943015836798347,0.33368557171225466,0.115288235756726,-0.27748292933920893,0.004659907999784807,0.1338721199820034,-0.11812841679699337,0.005760155478874249,-0.05535411593615779,0.006234971364101218,-0.00017456163932180705
200,21,728,13.6098051071167,0.943015836798347,0.33368557171225466,0.115288235756726,-0.27748292933920893,0.004659907999784807,0.1338721199820034,-0.11812841679699337,0.005760155478874249,-0.05535411593615779,0.006234971364101218,-0.00017456163932180705
200,21,729,13.6098051071167,0.943015836798347,0.33368557171225466,0.115288235756726,-0.27748292933920893,0.004659907999784807,0.1338721199820034,-0.11812841679699337,0.005760155478874249,-0.05535411593615779,0.006234971364101218,-0.00017456163932180705
200,21,730,13.6098051071167,0.943015836798347,0.33368557171225466,0.115288235756726,-0.27748292933920893,0.004659907999784807,0.1338721199820034,-0.11812841679699337,0.005760155478874249,-0.05535411593615779,0.006234971364101218,-0.00017456163932180705
200,21,731,13.6098051071167,0.943015836798347,0.33368557171225466,0.115288235756726,-0.27748292933920893,0.004659907999784807,0.1338721199820034,-0.11812841679699337,0.005760155478874249,-0.05535411593615779,0.006234971364101218,-0.00017456163932180705
200,21,732,13.6098051071167,0.943015836798347,0.33368557171225466,0.115288235756726,-0.27748292933920893,0.004659907999784807,0.1338721199820034,-0.11812841679699337,0.005760155478874249,-0.05535411593615779,0.006234971364101218,-0.00017456163932180705
200,21,733,13.6098051071167,0.943015836798347,0.33368557171225466,0.115288235756726,-0.27748292933920893,0.004659907999784807,0.1338721199820034,-0.11812841679699337,0.005760155478874249,-0.05535411593615779,0.006234971364101218,-0.00017456163932180705
200,21,734,13.6098051071167,0.943015836798347,0.33368557171225466,0.115288235756726,-0.27748292933920893,0.004659907999784807,0.1338721199820034,-0.11812841679699337,0.005760155478874249,-0.05535411593615779,0.006234971364101218,-0.00017456163932180705
200,21,735,13.6098051071167,0.943015836798347,0.33368557171225466,0.115288235756726,-0.27748292933920893,0.004659907999784807,0.1338721199820034,-0.11812841679699337,0.005760155478874249,-0.05535411593615779,0.006234971364101218,-0.00017456163932180705
200,21,736,13.6098051071167,0.943015836798347,0.33368557171225466,0.115288235756726,-0.27748292933920893,0.004659907999784807,0.1338721199820034,-0.11812841679699337,0.005760155478874249,-0.05535411593615779,0.006234971364101218,-0.00017456163932180705
200,21,737,13.6098051071167,0.943015836798347,0.33368557171225466,0.115288235756726,-0.27748292933920893,0.004659907999784807,0.1338721199820034,-0.11812841679699337,0.005760155478874249,-0.05535411593615779,0.006234971364101218,-0.00017456163932180705
200,21,738,13.6098051071167,0.943015836798347,0.33368557171225466,0.115288235756726,-0.27748292933920893,0.004659907999784807,0.1338721199820034,-0.11812841679699337,0.005760155478874249,-0.05535411593615779,0.006234971364101218,-0.00017456163932180705
200,21,739,13.6098051071167,0.943015836798347,0.33368557171225466,0.115288235756726,-0.27748292933920893,0.004659907999784807,0.1338721199820034,-0.11812841679699337,0.005760155478874249,-0.05535411593615779,0.006234971364101218,-0.00017456163932180705
200,21,740,13.6098051071167,0.943015836798347,0.33368557171225466,0.115288235756726,-0.27748292933920893,0.004659907999784807,0.1338721199820034,-0.11812841679699337,0.005760155478874249,-0.05535411593615779,0.006234971364101218,-0.00017456163932180705
200,21,741,13.6098051071167,0.943015836798347,0.33368557171225466,0.115288235756726,-0.27748292933920893,0.004659907999784807,0.1338721199820034,-0.11812841679699337,0.005760155478874249,-0.05535411593615779,0.006234971364101218,-0.00017456163932180705
200,21,742,13.6098051071167,0.943015836798347,0.33368557171225466,0.115288235756726,-0.27748292933920893,0.004659907999784807,0.1338721199820034,-0.11812841679699337,0.005760155478874249,-0.05535411593615779,0.006234971364101218,-0.00017456163932180705
200,21,743,13.6098051071167,0.943015836798347,0.33368557171225466,0.115288235756726,-0.27748292933920893,0.004659907999784807,0.1338721199820034,-0.11812841679699337,0.005760155478874249,-0.05535411593615779,0.006234971364101218,-0.00017456163932180705
200,21,744,13.6098051071167,0.943015836798347,0.33368557171225466,0.115288235756726,-0.27748292933920893,0.004659907999784807,0.1338721199820034,-0.11812841679699337,0.005760155478874249,-0.05535411593615779,0.006234971364101218,-0.00017456163932180705
200,21,745,13.6098051071167,0.943015836798347,0.33368557171225466,0.115288235756726,-0.27748292933920893,0.004659907999784807,0.1338721199820034,-0.11812841679699337,0.005760155478874249,-0.05535411593615779,0.006234971364101218,-0.00017456163932180705
200,21,746,13.6098051071167,0.943015836798347,0.33368557171225466,0.115288235756726,-0.27748292933920893,0.004659907999784807,0.1338721199820034,-0.11812841679699337,0.005760155478874249,-0.05535411593615779,0.006234971364101218,-0.00017456163932180705
200,21,747,13.6098051071167,0.943015836798347,0.33368557171225466,0.115288235756726,-0.27748292933920893,0.004659907999784807,0.1338721199820034,-0.11812841679699337,0.005760155478874249,-0.05535411593615779,0.006234971364101218,-0.00017456163932180705
200,21,748,13.6098051071167,0.943015836798347,0.33368557171225466,0.115288235756726,-0.27748292933920893,0.004659907999784807,0.1338721199820034,-0.11812841679699337,0.005760155478874249,-0.05535411593615779,0.006234971364101218,-0.00017456163932180705
200,21,749,13.6098051071167,0.943015836798347,0.33368557171225466,0.115288235756726,-0.27748292933920893,0.004659907999784807,0.1338721199820034,-0.11812841679699337,0.005760155478874249,-0.05535411593615779,0.006234971364101218,-0.00017456163932180705
200,21,750,13.6098051071167,0.943015836798347,0.33368557171225466,0.115288235756726,-0.27748292933920893,0.004659907999784807,0.1338721199820034,-0.11812841679699337,0.005760155478874249,-0.05535411593615779,0.006234971364101218,-0.00017456163932180705
200,21,751,13.6098051071167,0.943015836798347,0.33368557171225466,0.115288235756726,-0.27748292933920893,0.004659907999784807,0.1338721199820034,-0.11812841679699337,0.005760155478874249,-0.05535411593615779,0.006234971364101218,-0.00017456163932180705
200,21,752,13.6098051071167,0.943015836798347,0.33368557171225466,0.115288235756726,-0.27748292933920893,0.004659907999784807,0.1338721199820034,-0.11812841679699337,0.005760155478874249,-0.05535411593615779,0.006234971364101218,-0.00017456163932180705
200,21,753,13.6098051071167,0.943015836798347,0.33368557171225466,0.115288235756726,-0.27748292933920893,0.004659907999784807,0.1338721199820034,-0.11812841679699337,0.005760155478874249,-0.05535411593615779,0.006234971364101218,-0.00017456163932180705
200,21,754,13.6098051071167,0.943015836798347,0.33368557171225466,0.115288235756726,-0.27748292933920893,0.004659907999784807,0.1338721199820034,-0.11812841679699337,0.005760155478874249,-0.05535411593615779,0.006234971364101218,-0.00017456163932180705
200,21,755,13.6098051071167,0.943015836798347,0.33368557171225466,0.115288235756726,-0.27748292933920893,0.004659907999784807,0.1338721199820034,-0.11812841679699337,0.005760155478874249,-0.05535411593615779,0.006234971364101218,-0.00017456163932180705
200,21,756,13.6098051071167,0.943015836798347,0.33368557171225466,0.115288235756726,-0.27748292933920893,0.004659907999784807,0.1338721199820034,-0.11812841679699337,0.005760155478874249,-0.05535411593615779,0.006234971364101218,-0.00017456163932180705
200,21,757,13.6098051071167,0.943015836798347,0.33368557171225466,0.115288235756726,-0.27748292933920893,0.004659907999784807,0.1338721199820034,-0.11812841679699337,0.005760155478874249,-0.05535411593615779,0.006234971364101218,-0.00017456163932180705
200,21,758,13.6098051071167,0.943015836798347,0.33368557171225466,0.115288235756726,-0.27748292933920893,0.004659907999784807,0.1338721199820034,-0.11812841679699337,0.005760155478874249,-0.05535411593615779,0.006234971364101218,-0.00017456163932180705
200,21,759,13.6098051071167,0.943015836798347,0.33368557171225466,0.115288235756726,-0.27748292933920893,0.004659907999784807,0.1338721199820034,-0.11812841679699337,0.005760155478874249,-0.05535411593615779,0.006234971364101218,-0.00017456163932180705
200,21,760,13.6098051071167,0.943015836798347,0.33368557171225466,0.115288235756726,-0.27748292933920893,0.004659907999784807,0.1338721199820034,-0.11812841679699337,0.005760155478874249,-0.05535411593615779,0.006234971364101218,-0.00017456163932180705
200,21,761,13.6098051071167,0.943015836798347,0.33368557171225466,0.115288235756726,-0.27748292933920893,0.004659907999784807,0.1338721199820034,-0.11812841679699337,0.005760155478874249,-0.05535411593615779,0.006234971364101218,-0.00017456163932180705
200,21,762,13.6098051071167,0.943015836798347,0.33368557171225466,0.115288235756726,-0.27748292933920893,0.004659907999784807,0.1338721199820034,-0.11812841679699337,0.005760155478874249,-0.05535411593615779,0.006234971364101218,-0.00017456163932180705
200,21,763,13.6098051071167,0.943015836798347,0.33368557171225466,0.115288235756726,-0.27748292933920893,0.004659907999784807,0.1338721199820034,-0.11812841679699337,0.005760155478874249,-0.05535411593615779,0.006234971364101218,-0.00017456163932180705
200,21,764,13.6098051071167,0.943015836798347,0.33368557171225466,0.115288235756726,-0.27748292933920893,0.004659907999784807,0.1338721199820034,-0.11812841679699337,0.005760155478874249,-0.05535411593615779,0.006234971364101218,-0.00017456163932180705
200,21,765,13.6098051071167,0.943015836798347,0.33368557171225466,0.115288235756726,-0.27748292933920893,0.004659907999784807,0.1338721199820034,-0.11812841679699337,0.005760155478874249,-0.05535411593615779,0.006234971364101218,-0.00017456163932180705
200,21,766,13.6098051071167,0.943015836798347,0.33368557171225466,0.115288235756726,-0.27748292933920893,0.004659907999784807,0.1338721199820034,-0.11812841679699337,0.005760155478874249,-0.05535411593615779,0.006234971364101218,-0.00017456163932180705
200,21,767,13.6098051071167,0.943015836798347,0.33368557171225466,0.115288235756726,-0.27748292933920893,0.004659907999784807,0.1338721199820034,-0.11812841679699337,0.005760155478874249,-0.05535411593615779,0.006234971364101218,-0.00017456163932180705
200,21,768,13.6098051071167,0.943015836798347,0.33368557171225466,0.115288235756726,-0.27748292933920893,0.004659907999784807,0.1338721199820034,-0.11812841679699337,0.005760155478874249,-0.05535411593615779,0.006234971364101218,-0.00017456163932180705
200,21,769,13.6098051071167,0.943015836798347,0.33368557171225466,0.115288235756726,-0.27748292933920893,0.004659907999784807,0.1338721199820034,-0.11812841679699337,0.005760155478874249,-0.05535411593615779,0.006234971364101218,-0.00017456163932180705
200,21,770,13.6098051071167,0.943015836798347,0.33368557171225466,0.115288235756726,-0.27748292933920893,0.004659907999784807,0.1338721199820034,-0.11812841679699337,0.005760155478874249,-0.05535411593615779,0.006234971364101218,-0.00017456163932180705
200,21,771,13.6098051071167,0.943015836798347,0.33368557171225466,0.115288235756726,-0.27748292933920893,0.004659907999784807,0.1338721199820034,-0.11812841679699337,0.005760155478874249,-0.05535411593615779,0.006234971364101218,-0.00017456163932180705
200,21,772,13.6098051071167,0.943015836798347,0.33368557171225466,0.115288235756726,-0.27748292933920893,0.004659907999784807,0.1338721199820034,-0.11812841679699337,0.005760155478874249,-0.05535411593615779,0.006234971364101218,-0.00017456163932180705
200,21,773,13.6098051071167,0.943015836798347,0.33368557171225466,0.115288235756726,-0.27748292933920893,0.004659907999784807,0.1338721199820034,-0.11812841679699337,0.005760155478874249,-0.05535411593615779,0.006234971364101218,-0.00017456163932180705
200,21,774,13.6098051071167,0.943015836798347,0.33368557171225466,0.115288235756726,-0.27748292933920893,0.004659907999784807,0.1338721199820034,-0.11812841679699337,0.005760155478874249,-0.05535411593615779,0.006234971364101218,-0.00017456163932180705
200,21,775,13.6098051071167,0.943015836798347,0.33368557171225466,0.115288235756726,-0.27748292933920893,0.004659907999784807,0.1338721199820034,-0.11812841679699337,0.005760155478874249,-0.05535411593615779,0.006234971364101218,-0.00017456163932180705
200,21,776,13.6098051071167,0.943015836798347,0.33368557171225466,0.115288235756726,-0.27748292933920893,0.004659907999784807,0.1338721199820034,-0.11812841679699337,0.005760155478874249,-0.05535411593615779,0.006234971364101218,-0.00017456163932180705
200,21,777,13.6098051071167,0.943015836798347,0.33368557171225466,0.115288235756726,-0.27748292933920893,0.004659907999784807,0.1338721199820034,-0.11812841679699337,0.005760155478874249,-0.05535411593615779,0.006234971364101218,-0.00017456163932180705
200,21,778,13.6098051071167,0.943015836798347,0.33368557171225466,0.115288235756726,-0.27748292933920893,0.004659907999784807,0.1338721199820034,-0.11812841679699337,0.005760155478874249,-0.05535411593615779,0.006234971364101218,-0.00017456163932180705
200,21,779,13.6098051071167,0.9430158336679472,0.3336855628655529,0.115288235756726,-0.27748292933920893,0.004659907999784807,0.1338720979057104,-0.11812841679699337,0.00576015606621963,-0.05535411593615779,0.006234971364101218,-0.00017456163932180705
200,21,780,13.6098051071167,0.9430158336679472,0.3336855628655529,0.115288235756726,-0.27748292933920893,0.004659907999784807,0.1338720979057104,-0.11812841679699337,0.00576015606621963,-0.05535411593615779,0.006234971364101218,-0.00017456163932180705
200,21,781,13.6098051071167,0.9430158336679472,0.3336855628655529,0.115288235756726,-0.27748292933920893,0.004659907999784807,0.1338720979057104,-0.11812841679699337,0.00576015606621963,-0.05535411593615779,0.006234971364101218,-0.00017456163932180705
200,21,782,13.6098051071167,0.9430158336679472,0.3336855628655529,0.115288235756726,-0.27748292933920893,0.004659907999784807,0.1338720979057104,-0.11812841679699337,0.00576015606621963,-0.05535411593615779,0.006234971364101218,-0.00017456163932180705
200,21,783,13.6098051071167,0.9430158336679472,0.3336855628655529,0.115288235756726,-0.27748292933920893,0.004659907999784807,0.1338720979057104,-0.11812841679699337,0.00576015606621963,-0.05535411593615779,0.006234971364101218,-0.00017456163932180705
200,21,784,13.6098051071167,0.9430158336679472,0.3336855628655529,0.115288235756726,-0.27748292933920893,0.004659907999784807,0.1338720979057104,-0.11812841679699337,0.00576015606621963,-0.05535411593615779,0.006234971364101218,-0.00017456163932180705
200,21,785,13.6098051071167,0.9430158336679472,0.3336855628655529,0.115288235756726,-0.27748292933920893,0.004659907999784807,0.1338720979057104,-0.11812841679699337,0.00576015606621963,-0.05535411593615779,0.006234971364101218,-0.00017456163932180705
200,21,786,13.6098051071167,0.9430158336679472,0.3336855628655529,0.115288235756726,-0.27748292933920893,0.004659907999784807,0.1338720979057104,-0.11812841679699337,0.00576015606621963,-0.05535411593615779,0.006234971364101218,-0.00017456163932180705
200,21,787,13.6098051071167,0.9430158336679472,0.3336855628655529,0.115288235756726,-0.27748292933920893,0.004659907999784807,0.1338720979057104,-0.11812841679699337,0.00576015606621963,-0.05535411593615779,0.006234971364101218,-0.00017456163932180705
200,21,788,13.6098051071167,0.9430158336679472,0.3336855628655529,0.115288235756726,-0.27748292933920893,0.004659907999784807,0.1338720979057104,-0.11812841679699337,0.00576015606621963,-0.05535411593615779,0.006234971364101218,-0.00017456163932180705
200,21,789,13.6098051071167,0.9430158336679472,0.3336855628655529,0.115288235756726,-0.27748292933920893,0.004659907999784807,0.1338720979057104,-0.11812841679699337,0.00576015606621963,-0.05535411593615779,0.006234971364101218,-0.00017456163932180705
200,21,790,13.6098051071167,0.9430158336679472,0.3336855628655529,0.115288235756726,-0.27748292933920893,0.004659907999784807,0.1338720979057104,-0.11812841679699337,0.00576015606621963,-0.05535411593615779,0.006234971364101218,-0.00017456163932180705
200,21,791,13.6098051071167,0.9430158336679472,0.3336855628655529,0.115288235756726,-0.27748292933920893,0.004659907999784807,0.1338720979057104,-0.11812841679699337,0.00576015606621963,-0.05535411593615779,0.006234971364101218,-0.00017456163932180705
200,21,792,13.6098051071167,0.9430158336679472,0.3336855628655529,0.115288235756726,-0.27748292933920893,0.004659907999784807,0.1338720979057104,-0.11812841679699337,0.00576015606621963,-0.05535411593615779,0.006234971364101218,-0.00017456163932180705
200,21,793,13.609804153442383,0.9430158336600976,0.3336855628655529,0.115288235756726,-0.27748292933920893,0.004659908482332843,0.1338720979057104,-0.11812841679699337,0.00576015606621963,-0.05535411593615779,0.006234971364101218,-0.00017456163932180705
200,21,794,13.609804153442383,0.9430158336600976,0.3336855628655529,0.115288235756726,-0.27748292933920893,0.004659908482332843,0.1338720979057104,-0.11812841679699337,0.00576015606621963,-0.05535411593615779,0.006234971364101218,-0.00017456163932180705
200,21,795,13.609804153442383,0.943015834768785,0.33368556599877164,0.11528824482538622,-0.27748292933920893,0.004659908482332843,0.1338720979057104,-0.11812841679699337,0.00576015606621963,-0.05535411593615779,0.006234971364101218,-0.00017456163932180705
200,21,796,13.609804153442383,0.9430158358774726,0.33368556913199066,0.11528825389404641,-0.27748292933920893,0.004659908482332843,0.1338720979057104,-0.11812841679699337,0.00576015606621963,-0.05535411593615779,0.006234971364101218,-0.00017456163932180705
200,21,797,13.609804153442383,0.9430158369861603,0.3336855722652099,0.11528826296270663,-0.27748292933920893,0.004659908482332843,0.1338720979057104,-0.11812841679699337,0.00576015606621963,-0.05535411593615779,0.006234971364101218,-0.00017456163932180705
200,21,798,13.609804153442383,0.9430158380948481,0.3336855753984293,0.11528827203136682,-0.27748292933920893,0.004659908482332843,0.1338720979057104,-0.11812841679699337,0.00576015606621963,-0.05535411593615779,0.006234971364101218,-0.00017456163932180705
200,21,799,13.609804153442383,0.9430158392035359,0.33368557853164893,0.11528828110002703,-0.27748292933920893,0.004659908482332843,0.1338720979057104,-0.11812841679699337,0.00576015606621963,-0.05535411593615779,0.006234971364101218,-0.00017456163932180705
200,21,800,13.609804153442383,0.9430158392035359,0.33368557853164893,0.11528828110002703,-0.27748292933920893,0.004659908482332843,0.1338720979057104,-0.11812841679699337,0.00576015606621963,-0.05535411593615779,0.006234971364101218,-0.00017456163932180705
200,21,801,13.609804153442383,0.9430158392035359,0.33368557853164893,0.11528828110002703,-0.27748292933920893,0.004659908482332843,0.1338720979057104,-0.11812841679699337,0.00576015606621963,-0.05535411593615779,0.006234971364101218,-0.00017456163932180705
200,21,802,13.609804153442383,0.9430158392035359,0.33368557853164893,0.11528828110002703,-0.27748292933920893,0.004659908482332843,0.1338720979057104,-0.11812841679699337,0.00576015606621963,-0.05535411593615779,0.006234971364101218,-0.00017456163932180705
200,21,803,13.609804153442383,0.9430158392035359,0.33368557853164893,0.11528828110002703,-0.27748292933920893,0.004659908482332843,0.1338720979057104,-0.11812841679699337,0.00576015606621963,-0.05535411593615779,0.006234971364101218,-0.00017456163932180705
200,21,804,13.609804153442383,0.9430158463353747,0.3336855741032293,0.11528828110002703,-0.27748292933920893,0.004659908482332843,0.13387208686756388,-0.11812840749503052,0.00576015606621963,-0.05535411593615779,0.006234971364101218,-0.00017456163932180705
200,21,805,13.609804153442383,0.9430158463353747,0.3336855741032293,0.11528828110002703,-0.27748292933920893,0.004659908482332843,0.13387208686756388,-0.11812840749503052,0.00576015606621963,-0.05535411593615779,0.006234971364101218,-0.00017456163932180705
200,21,806,13.609804153442383,0.9430158463353747,0.3336855741032293,0.11528828110002703,-0.27748292933920893,0.004659908482332843,0.13387208686756388,-0.11812840749503052,0.00576015606621963,-0.05535411593615779,0.006234971364101218,-0.00017456163932180705
200,21,807,13.609804153442383,0.9430158463353747,0.3336855741032293,0.11528828110002703,-0.27748292933920893,0.004659908482332843,0.13387208686756388,-0.11812840749503052,0.00576015606621963,-0.05535411593615779,0.006234971364101218,-0.00017456163932180705
200,21,808,13.609804153442383,0.9430158463353747,0.3336855741032293,0.11528828110002703,-0.27748292933920893,0.004659908482332843,0.13387208686756388,-0.11812840749503052,0.00576015606621963,-0.05535411593615779,0.006234971364101218,-0.00017456163932180705
200,21,809,13.609804153442383,0.9430158474440626,0.3336855772364492,0.11528829016868723,-0.27748292933920893,0.004659908482332843,0.13387208686756388,-0.11812840749503052,0.00576015606621963,-0.05535411593615779,0.006234971364101218,-0.00017456163932180705
200,21,810,13.609804153442383,0.9430158485527507,0.3336855803696693,0.11528829923734744,-0.27748292933920893,0.004659908482332843,0.13387208686756388,-0.11812840749503052,0.00576015606621963,-0.05535411593615779,0.006234971364101218,-0.00017456163932180705
200,21,811,13.609804153442383,0.9430158485527507,0.3336855803696693,0.11528829923734744,-0.27748292933920893,0.004659908482332843,0.13387208686756388,-0.11812840749503052,0.00576015606621963,-0.05535411593615779,0.006234971364101218,-0.00017456163932180705
200,21,812,13.609804153442383,0.9430158485527507,0.3336855803696693,0.11528829923734744,-0.27748292933920893,0.004659908482332843,0.13387208686756388,-0.11812840749503052,0.00576015606621963,-0.05535411593615779,0.006234971364101218,-0.00017456163932180705
200,21,813,13.609804153442383,0.9430158485527507,0.3336855803696693,0.11528829923734744,-0.27748292933920893,0.004659908482332843,0.13387208686756388,-0.11812840749503052,0.00576015606621963,-0.05535411593615779,0.006234971364101218,-0.00017456163932180705
200,21,814,13.609804153442383,0.9430158485527507,0.3336855803696693,0.11528829923734744,-0.27748292933920893,0.004659908482332843,0.13387208686756388,-0.11812840749503052,0.00576015606621963,-0.05535411593615779,0.006234971364101218,-0.00017456163932180705
200,21,815,13.609804153442383,0.94301585724472,0.3336855803502738,0.11528829923734744,-0.27748292933920893,0.004659908482332843,0.13387208686756388,-0.11812839819306767,0.005760155478874249,-0.05535411593615779,0.00623497086913903,-0.00017456162369533293
200,21,816,13.609804153442383,0.94301585724472,0.3336855803502738,0.11528829923734744,-0.27748292933920893,0.004659908482332843,0.13387208686756388,-0.11812839819306767,0.005760155478874249,-0.05535411593615779,0.00623497086913903,-0.00017456162369533293
200,21,817,13.609804153442383,0.94301585724472,0.3336855803502738,0.11528829923734744,-0.27748292933920893,0.004659908482332843,0.13387208686756388,-0.11812839819306767,0.005760155478874249,-0.05535411593615779,0.00623497086913903,-0.00017456162369533293
200,21,818,13.609804153442383,0.94301585724472,0.3336855803502738,0.11528829923734744,-0.27748292933920893,0.004659908482332843,0.13387208686756388,-0.11812839819306767,0.005760155478874249,-0.05535411593615779,0.00623497086913903,-0.00017456162369533293
200,21,819,13.609804153442383,0.94301585724472,0.3336855803502738,0.11528829923734744,-0.27748292933920893,0.004659908482332843,0.13387208686756388,-0.11812839819306767,0.005760155478874249,-0.05535411593615779,0.00623497086913903,-0.00017456162369533293
200,21,820,13.609804153442383,0.94301585724472,0.3336855803502738,0.11528829923734744,-0.27748292933920893,0.004659908482332843,0.13387208686756388,-0.11812839819306767,0.005760155478874249,-0.05535411593615779,0.00623497086913903,-0.00017456162369533293
200,21,821,13.609804153442383,0.9430158485527507,0.3336855803696693,0.11528829923734744,-0.27748292933920893,0.004659908482332843,0.13387208686756388,-0.11812840749503052,0.00576015606621963,-0.05535411593615779,0.006234971364101218,-0.00017456163932180705
200,21,822,13.609804153442383,0.9430158485527507,0.3336855803696693,0.11528829923734744,-0.27748292933920893,0.004659908482332843,0.13387208686756388,-0.11812840749503052,0.00576015606621963,-0.05535411593615779,0.006234971364101218,-0.00017456163932180705
200,21,823,13.609804153442383,0.9430158485527507,0.3336855803696693,0.11528829923734744,-0.27748292933920893,0.004659908482332843,0.13387208686756388,-0.11812840749503052,0.00576015606621963,-0.05535411593615779,0.006234971364101218,-0.00017456163932180705
200,21,824,13.609804153442383,0.9430158485527507,0.3336855803696693,0.11528829923734744,-0.27748292933920893,0.004659908482332843,0.13387208686756388,-0.11812840749503052,0.00576015606621963,-0.05535411593615779,0.006234971364101218,-0.00017456163932180705
200,21,825,13.609804153442383,0.9430158485527507,0.3336855803696693,0.11528829923734744,-0.27748292933920893,0.004659908482332843,0.13387208686756388,-0.11812840749503052,0.00576015606621963,-0.05535411593615779,0.006234971364101218,-0.00017456163932180705
200,21,826,13.609804153442383,0.9430158485527507,0.3336855803696693,0.11528829923734744,-0.27748292933920893,0.004659908482332843,0.13387208686756388,-0.11812840749503052,0.00576015606621963,-0.05535411593615779,0.006234971364101218,-0.00017456163932180705
200,21,827,13.609804153442383,0.9430158485527507,0.3336855803696693,0.11528829923734744,-0.27748292933920893,0.004659908482332843,0.13387208686756388,-0.11812840749503052,0.00576015606621963,-0.05535411593615779,0.006234971364101218,-0.00017456163932180705
200,21,828,13.609804153442383,0.9430158485527507,0.3336855803696693,0.11528829923734744,-0.27748292933920893,0.004659908482332843,0.13387208686756388,-0.11812840749503052,0.00576015606621963,-0.05535411593615779,0.006234971364101218,-0.00017456163932180705
200,21,829,13.609804153442383,0.9430158485527507,0.3336855803696693,0.11528829923734744,-0.27748292933920893,0.004659908482332843,0.13387208686756388,-0.11812840749503052,0.00576015606621963,-0.05535411593615779,0.006234971364101218,-0.00017456163932180705
200,21,830,13.609804153442383,0.9430158485527507,0.3336855803696693,0.11528829923734744,-0.27748292933920893,0.004659908482332843,0.13387208686756388,-0.11812840749503052,0.00576015606621963,-0.05535411593615779,0.006234971364101218,-0.00017456163932180705
200,21,831,13.609804153442383,0.9430158485527507,0.3336855803696693,0.11528829923734744,-0.27748292933920893,0.004659908482332843,0.13387208686756388,-0.11812840749503052,0.00576015606621963,-0.05535411593615779,0.006234971364101218,-0.00017456163932180705
200,21,832,13.609804153442383,0.9430158485527507,0.3336855803696693,0.11528829923734744,-0.27748292933920893,0.004659908482332843,0.13387208686756388,-0.11812840749503052,0.00576015606621963,-0.05535411593615779,0.006234971364101218,-0.00017456163932180705
200,21,833,13.609804153442383,0.9430158485527507,0.3336855803696693,0.11528829923734744,-0.27748292933920893,0.004659908482332843,0.13387208686756388,-0.11812840749503052,0.00576015606621963,-0.05535411593615779,0.006234971364101218,-0.00017456163932180705
200,21,834,13.609804153442383,0.9430158485527507,0.3336855803696693,0.11528829923734744,-0.27748292933920893,0.004659908482332843,0.13387208686756388,-0.11812840749503052,0.00576015606621963,-0.05535411593615779,0.006234971364101218,-0.00017456163932180705
200,21,835,13.609804153442383,0.9430158485527507,0.3336855803696693,0.11528829923734744,-0.27748292933920893,0.004659908482332843,0.13387208686756388,-0.11812840749503052,0.00576015606621963,-0.05535411593615779,0.006234971364101218,-0.00017456163932180705
200,21,836,13.609804153442383,0.9430158485606003,0.3336855803696693,0.11528829923734744,-0.27748292933920893,0.004659907999784807,0.13387208686756388,-0.11812840749503052,0.00576015606621963,-0.05535411593615779,0.006234971364101218,-0.00017456163932180705
200,21,837,13.609804153442383,0.9430158485606003,0.3336855803696693,0.11528829923734744,-0.27748292933920893,0.004659907999784807,0.13387208686756388,-0.11812840749503052,0.00576015606621963,-0.05535411593615779,0.006234971364101218,-0.00017456163932180705
200,21,838,13.609804153442383,0.9430158474519124,0.3336855772364492,0.11528829016868723,-0.27748292933920893,0.004659907999784807,0.13387208686756388,-0.11812840749503052,0.00576015606621963,-0.05535411593615779,0.006234971364101218,-0.00017456163932180705
200,21,839,13.609804153442383,0.9430158463432243,0.3336855741032293,0.11528828110002703,-0.27748292933920893,0.004659907999784807,0.13387208686756388,-0.11812840749503052,0.00576015606621963,-0.05535411593615779,0.006234971364101218,-0.00017456163932180705
200,21,840,13.609804153442383,0.9430158452345365,0.3336855709700096,0.11528827203136682,-0.27748292933920893,0.004659907999784807,0.13387208686756388,-0.11812840749503052,0.00576015606621963,-0.05535411593615779,0.006234971364101218,-0.00017456163932180705
200,21,841,13.609804153442383,0.9430158441258488,0.3336855678367901,0.11528826296270663,-0.27748292933920893,0.004659907999784807,0.13387208686756388,-0.11812840749503052,0.00576015606621963,-0.05535411593615779,0.006234971364101218,-0.00017456163932180705
200,21,842,13.6098051071167,0.9430158430171611,0.33368556470357086,0.11528825389404641,-0.27748292933920893,0.004659907999784807,0.13387208686756388,-0.11812840749503052,0.00576015606621963,-0.05535411593615779,0.006234971364101218,-0.00017456163932180705
200,21,843,13.6098051071167,0.9430158419084735,0.33368556157035184,0.11528824482538622,-0.27748292933920893,0.004659907999784807,0.13387208686756388,-0.11812840749503052,0.00576015606621963,-0.05535411593615779,0.006234971364101218,-0.00017456163932180705
200,21,844,13.6098051071167,0.943015840799786,0.333685558437133,0.115288235756726,-0.27748292933920893,0.004659907999784807,0.13387208686756388,-0.11812840749503052,0.00576015606621963,-0.05535411593615779,0.006234971364101218,-0.00017456163932180705
200,21,845,13.6098051071167,0.9430158396910986,0.3336855553039144,0.1152882266880658,-0.27748292933920893,0.004659907999784807,0.13387208686756388,-0.11812840749503052,0.00576015606621963,-0.05535411593615779,0.006234971364101218,-0.00017456163932180705
200,21,846,13.6098051071167,0.9430158396910986,0.3336855553039144,0.1152882266880658,-0.27748292933920893,0.004659907999784807,0.13387208686756388,-0.11812840749503052,0.00576015606621963,-0.05535411593615779,0.006234971364101218,-0.00017456163932180705
200,21,847,13.6098051071167,0.9430158396910986,0.3336855553039144,0.1152882266880658,-0.27748292933920893,0.004659907999784807,0.13387208686756388,-0.11812840749503052,0.00576015606621963,-0.05535411593615779,0.006234971364101218,-0.00017456163932180705
200,21,848,13.6098051071167,0.943015840799786,0.333685558437133,0.115288235756726,-0.27748292933920893,0.004659907999784807,0.13387208686756388,-0.11812840749503052,0.00576015606621963,-0.05535411593615779,0.006234971364101218,-0.00017456163932180705
200,21,849,13.6098051071167,0.9430158419084735,0.33368556157035184,0.11528824482538622,-0.27748292933920893,0.004659907999784807,0.13387208686756388,-0.11812840749503052,0.00576015606621963,-0.05535411593615779,0.006234971364101218,-0.00017456163932180705
200,21,850,13.6098051071167,0.9430158430171611,0.33368556470357086,0.11528825389404641,-0.27748292933920893,0.004659907999784807,0.13387208686756388,-0.11812840749503052,0.00576015606621963,-0.05535411593615779,0.006234971364101218,-0.00017456163932180705
200,21,851,13.609804153442383,0.9430158441258488,0.3336855678367901,0.11528826296270663,-0.27748292933920893,0.004659907999784807,0.13387208686756388,-0.11812840749503052,0.00576015606621963,-0.05535411593615779,0.006234971364101218,-0.00017456163932180705
200,21,852,13.609804153442383,0.9430158441258488,0.3336855678367901,0.11528826296270663,-0.27748292933920893,0.004659907999784807,0.13387208686756388,-0.11812840749503052,0.00576015606621963,-0.05535411593615779,0.006234971364101218,-0.00017456163932180705
200,21,853,13.609804153442383,0.9430158441258488,0.3336855678367901,0.11528826296270663,-0.27748292933920893,0.004659907999784807,0.13387208686756388,-0.11812840749503052,0.00576015606621963,-0.05535411593615779,0.006234971364101218,-0.00017456163932180705
200,21,854,13.609804153442383,0.9430158441258488,0.3336855678367901,0.11528826296270663,-0.27748292933920893,0.004659907999784807,0.13387208686756388,-0.11812840749503052,0.00576015606621963,-0.05535411593615779,0.006234971364101218,-0.00017456163932180705
200,21,855,13.609804153442383,0.9430158441258488,0.3336855678367901,0.11528826296270663,-0.27748292933920893,0.004659907999784807,0.13387208686756388,-0.11812840749503052,0.00576015606621963,-0.05535411593615779,0.006234971364101218,-0.00017456163932180705
200,21,856,13.609804153442383,0.9430158441258488,0.3336855678367901,0.11528826296270663,-0.27748292933920893,0.004659907999784807,0.13387208686756388,-0.11812840749503052,0.00576015606621963,-0.05535411593615779,0.006234971364101218,-0.00017456163932180705
200,21,857,13.6098051071167,0.9430158430171611,0.33368556470357086,0.11528825389404641,-0.27748292933920893,0.004659907999784807,0.13387208686756388,-0.11812840749503052,0.00576015606621963,-0.05535411593615779,0.006234971364101218,-0.00017456163932180705
200,21,858,13.6098051071167,0.9430158419084735,0.33368556157035184,0.11528824482538622,-0.27748292933920893,0.004659907999784807,0.13387208686756388,-0.11812840749503052,0.00576015606621963,-0.05535411593615779,0.006234971364101218,-0.00017456163932180705
200,21,859,13.6098051071167,0.9430158419084735,0.33368556157035184,0.11528824482538622,-0.27748292933920893,0.004659907999784807,0.13387208686756388,-0.11812840749503052,0.00576015606621963,-0.05535411593615779,0.006234971364101218,-0.00017456163932180705
200,21,860,13.6098051071167,0.9430158419084735,0.33368556157035184,0.11528824482538622,-0.27748292933920893,0.004659907999784807,0.13387208686756388,-0.11812840749503052,0.00576015606621963,-0.05535411593615779,0.006234971364101218,-0.00017456163932180705
200,21,861,13.6098051071167,0.9430158419084735,0.33368556157035184,0.11528824482538622,-0.27748292933920893,0.004659907999784807,0.13387208686756388,-0.11812840749503052,0.00576015606621963,-0.05535411593615779,0.006234971364101218,-0.00017456163932180705
200,21,862,13.6098051071167,0.9430158419084735,0.33368556157035184,0.11528824482538622,-0.27748292933920893,0.004659907999784807,0.13387208686756388,-0.11812840749503052,0.00576015606621963,-0.05535411593615779,0.006234971364101218,-0.00017456163932180705
200,21,863,13.6098051071167,0.9430158419084735,0.33368556157035184,0.11528824482538622,-0.27748292933920893,0.004659907999784807,0.13387208686756388,-0.11812840749503052,0.00576015606621963,-0.05535411593615779,0.006234971364101218,-0.00017456163932180705
200,21,864,13.6098051071167,0.9430158419084735,0.33368556157035184,0.11528824482538622,-0.27748292933920893,0.004659907999784807,0.13387208686756388,-0.11812840749503052,0.00576015606621963,-0.05535411593615779,0.006234971364101218,-0.00017456163932180705
200,21,865,13.6098051071167,0.9430158419084735,0.33368556157035184,0.11528824482538622,-0.27748292933920893,0.004659907999784807,0.13387208686756388,-0.11812840749503052,0.00576015606621963,-0.05535411593615779,0.006234971364101218,-0.00017456163932180705
200,21,866,13.6098051071167,0.9430158419084735,0.33368556157035184,0.11528824482538622,-0.27748292933920893,0.004659907999784807,0.13387208686756388,-0.11812840749503052,0.00576015606621963,-0.05535411593615779,0.006234971364101218,-0.00017456163932180705
200,21,867,13.6098051071167,0.9430158419084735,0.33368556157035184,0.11528824482538622,-0.27748292933920893,0.004659907999784807,0.13387208686756388,-0.11812840749503052,0.00576015606621963,-0.05535411593615779,0.006234971364101218,-0.00017456163932180705
200,21,868,13.6098051071167,0.9430158419084735,0.33368556157035184,0.11528824482538622,-0.27748292933920893,0.004659907999784807,0.13387208686756388,-0.11812840749503052,0.00576015606621963,-0.05535411593615779,0.006234971364101218,-0.00017456163932180705
200,21,869,13.6098051071167,0.9430158419084735,0.33368556157035184,0.11528824482538622,-0.27748292933920893,0.004659907999784807,0.13387208686756388,-0.11812840749503052,0.00576015606621963,-0.05535411593615779,0.006234971364101218,-0.00017456163932180705
200,21,870,13.6098051071167,0.9430158419084735,0.33368556157035184,0.11528824482538622,-0.27748292933920893,0.004659907999784807,0.13387208686756388,-0.11812840749503052,0.00576015606621963,-0.05535411593615779,0.006234971364101218,-0.00017456163932180705
200,21,871,13.6098051071167,0.9430158419084735,0.33368556157035184,0.11528824482538622,-0.27748292933920893,0.004659907999784807,0.13387208686756388,-0.11812840749503052,0.00576015606621963,-0.05535411593615779,0.006234971364101218,-0.00017456163932180705
200,21,872,13.6098051071167,0.9430158419084735,0.33368556157035184,0.11528824482538622,-0.27748292933920893,0.004659907999784807,0.13387208686756388,-0.11812840749503052,0.00576015606621963,-0.05535411593615779,0.006234971364101218,-0.00017456163932180705
200,21,873,13.6098051071167,0.9430158419084735,0.33368556157035184,0.11528824482538622,-0.27748292933920893,0.004659907999784807,0.13387208686756388,-0.11812840749503052,0.00576015606621963,-0.05535411593615779,0.006234971364101218,-0.00017456163932180705
200,21,874,13.6098051071167,0.9430158419084735,0.33368556157035184,0.11528824482538622,-0.27748292933920893,0.004659907999784807,0.13387208686756388,-0.11812840749503052,0.00576015606621963,-0.05535411593615779,0.006234971364101218,-0.00017456163932180705
200,21,875,13.6098051071167,0.9430158419084735,0.33368556157035184,0.11528824482538622,-0.27748292933920893,0.004659907999784807,0.13387208686756388,-0.11812840749503052,0.00576015606621963,-0.05535411593615779,0.006234971364101218,-0.00017456163932180705
200,21,876,13.6098051071167,0.9430158419084735,0.33368556157035184,0.11528824482538622,-0.27748292933920893,0.004659907999784807,0.13387208686756388,-0.11812840749503052,0.00576015606621963,-0.05535411593615779,0.006234971364101218,-0.00017456163932180705
200,21,877,13.6098051071167,0.9430158419084735,0.33368556157035184,0.11528824482538622,-0.27748292933920893,0.004659907999784807,0.13387208686756388,-0.11812840749503052,0.00576015606621963,-0.05535411593615779,0.006234971364101218,-0.00017456163932180705
200,21,878,13.6098051071167,0.9430158419084735,0.33368556157035184,0.11528824482538622,-0.27748292933920893,0.004659907999784807,0.13387208686756388,-0.11812840749503052,0.00576015606621963,-0.05535411593615779,0.006234971364101218,-0.00017456163932180705
200,21,879,13.6098051071167,0.9430158419084735,0.33368556157035184,0.11528824482538622,-0.27748292933920893,0.004659907999784807,0.13387208686756388,-0.11812840749503052,0.00576015606621963,-0.05535411593615779,0.006234971364101218,-0.00017456163932180705
200,21,880,13.6098051071167,0.9430158419084735,0.33368556157035184,0.11528824482538622,-0.27748292933920893,0.004659907999784807,0.13387208686756388,-0.11812840749503052,0.00576015606621963,-0.05535411593615779,0.006234971364101218,-0.00017456163932180705
200,21,881,13.6098051071167,0.9430158419084735,0.33368556157035184,0.11528824482538622,-0.27748292933920893,0.004659907999784807,0.13387208686756388,-0.11812840749503052,0.00576015606621963,-0.05535411593615779,0.006234971364101218,-0.00017456163932180705
200,21,882,13.6098051071167,0.9430158419084735,0.33368556157035184,0.11528824482538622,-0.27748292933920893,0.004659907999784807,0.13387208686756388,-0.11812840749503052,0.00576015606621963,-0.05535411593615779,0.006234971364101218,-0.00017456163932180705
200,21,883,13.6098051071167,0.9430158419084735,0.33368556157035184,0.11528824482538622,-0.27748292933920893,0.004659907999784807,0.13387208686756388,-0.11812840749503052,0.00576015606621963,-0.05535411593615779,0.006234971364101218,-0.00017456163932180705
200,21,884,13.6098051071167,0.9430158419084735,0.33368556157035184,0.11528824482538622,-0.27748292933920893,0.004659907999784807,0.13387208686756388,-0.11812840749503052,0.00576015606621963,-0.05535411593615779,0.006234971364101218,-0.00017456163932180705
200,21,885,13.6098051071167,0.9430158419084735,0.33368556157035184,0.11528824482538622,-0.27748292933920893,0.004659907999784807,0.13387208686756388,-0.11812840749503052,0.00576015606621963,-0.05535411593615779,0.006234971364101218,-0.00017456163932180705
200,21,886,13.6098051071167,0.9430158419084735,0.33368556157035184,0.11528824482538622,-0.27748292933920893,0.004659907999784807,0.13387208686756388,-0.11812840749503052,0.00576015606621963,-0.05535411593615779,0.006234971364101218,-0.00017456163932180705
200,21,887,13.6098051071167,0.9430158419084735,0.33368556157035184,0.11528824482538622,-0.27748292933920893,0.004659907999784807,0.13387208686756388,-0.11812840749503052,0.00576015606621963,-0.05535411593615779,0.006234971364101218,-0.00017456163932180705
200,21,888,13.6098051071167,0.9430158419084735,0.33368556157035184,0.11528824482538622,-0.27748292933920893,0.004659907999784807,0.13387208686756388,-0.11812840749503052,0.00576015606621963,-0.05535411593615779,0.006234971364101218,-0.00017456163932180705
200,21,889,13.6098051071167,0.9430158419084735,0.33368556157035184,0.11528824482538622,-0.27748292933920893,0.004659907999784807,0.13387208686756388,-0.11812840749503052,0.00576015606621963,-0.05535411593615779,0.006234971364101218,-0.00017456163932180705
200,21,890,13.6098051071167,0.9430158419084735,0.33368556157035184,0.11528824482538622,-0.27748292933920893,0.004659907999784807,0.13387208686756388,-0.11812840749503052,0.00576015606621963,-0.05535411593615779,0.006234971364101218,-0.00017456163932180705
200,21,891,13.6098051071167,0.9430158419084735,0.33368556157035184,0.11528824482538622,-0.27748292933920893,0.004659907999784807,0.13387208686756388,-0.11812840749503052,0.00576015606621963,-0.05535411593615779,0.006234971364101218,-0.00017456163932180705
200,21,892,13.6098051071167,0.9430158419084735,0.33368556157035184,0.11528824482538622,-0.27748292933920893,0.004659907999784807,0.13387208686756388,-0.11812840749503052,0.00576015606621963,-0.05535411593615779,0.006234971364101218,-0.00017456163932180705
200,21,893,13.6098051071167,0.9430158419084735,0.33368556157035184,0.11528824482538622,-0.27748292933920893,0.004659907999784807,0.13387208686756388,-0.11812840749503052,0.00576015606621963,-0.05535411593615779,0.006234971364101218,-0.00017456163932180705
200,21,894,13.6098051071167,0.9430158419084735,0.33368556157035184,0.11528824482538622,-0.27748292933920893,0.004659907999784807,0.13387208686756388,-0.11812840749503052,0.00576015606621963,-0.05535411593615779,0.006234971364101218,-0.00017456163932180705
200,21,895,13.6098051071167,0.9430158419084735,0.33368556157035184,0.11528824482538622,-0.27748292933920893,0.004659907999784807,0.13387208686756388,-0.11812840749503052,0.00576015606621963,-0.05535411593615779,0.006234971364101218,-0.00017456163932180705
200,21,896,13.6098051071167,0.9430158419084735,0.33368556157035184,0.11528824482538622,-0.27748292933920893,0.004659907999784807,0.13387208686756388,-0.11812840749503052,0.00576015606621963,-0.05535411593615779,0.006234971364101218,-0.00017456163932180705
200,21,897,13.6098051071167,0.9430158419084735,0.33368556157035184,0.11528824482538622,-0.27748292933920893,0.004659907999784807,0.13387208686756388,-0.11812840749503052,0.00576015606621963,-0.05535411593615779,0.006234971364101218,-0.00017456163932180705
200,21,898,13.6098051071167,0.9430158419084735,0.33368556157035184,0.11528824482538622,-0.27748292933920893,0.004659907999784807,0.13387208686756388,-0.11812840749503052,0.00576015606621963,-0.05535411593615779,0.006234971364101218,-0.00017456163932180705
200,21,899,13.6098051071167,0.9430158419084735,0.33368556157035184,0.11528824482538622,-0.27748292933920893,0.004659907999784807,0.13387208686756388,-0.11812840749503052,0.00576015606621963,-0.05535411593615779,0.006234971364101218,-0.00017456163932180705
200,21,900,13.6098051071167,0.9430158419084735,0.33368556157035184,0.11528824482538622,-0.27748292933920893,0.004659907999784807,0.13387208686756388,-0.11812840749503052,0.00576015606621963,-0.05535411593615779,0.006234971364101218,-0.00017456163932180705
200,21,901,13.6098051071167,0.9430158419084735,0.33368556157035184,0.11528824482538622,-0.27748292933920893,0.004659907999784807,0.13387208686756388,-0.11812840749503052,0.00576015606621963,-0.05535411593615779,0.006234971364101218,-0.00017456163932180705
200,21,902,13.6098051071167,0.9430158419084735,0.33368556157035184,0.11528824482538622,-0.27748292933920893,0.004659907999784807,0.13387208686756388,-0.11812840749503052,0.00576015606621963,-0.05535411593615779,0.006234971364101218,-0.00017456163932180705
200,21,903,13.6098051071167,0.9430158419084735,0.33368556157035184,0.11528824482538622,-0.27748292933920893,0.004659907999784807,0.13387208686756388,-0.11812840749503052,0.00576015606621963,-0.05535411593615779,0.006234971364101218,-0.00017456163932180705
200,21,904,13.6098051071167,0.9430158419084735,0.33368556157035184,0.11528824482538622,-0.27748292933920893,0.004659907999784807,0.13387208686756388,-0.11812840749503052,0.00576015606621963,-0.05535411593615779,0.006234971364101218,-0.00017456163932180705
200,21,905,13.6098051071167,0.9430158419084735,0.33368556157035184,0.11528824482538622,-0.27748292933920893,0.004659907999784807,0.13387208686756388,-0.11812840749503052,0.00576015606621963,-0.05535411593615779,0.006234971364101218,-0.00017456163932180705
200,21,906,13.6098051071167,0.9430158419084735,0.33368556157035184,0.11528824482538622,-0.27748292933920893,0.004659907999784807,0.13387208686756388,-0.11812840749503052,0.00576015606621963,-0.05535411593615779,0.006234971364101218,-0.00017456163932180705
200,21,907,13.6098051071167,0.9430158419084735,0.33368556157035184,0.11528824482538622,-0.27748292933920893,0.004659907999784807,0.13387208686756388,-0.11812840749503052,0.00576015606621963,-0.05535411593615779,0.006234971364101218,-0.00017456163932180705
200,21,908,13.6098051071167,0.9430158419084735,0.33368556157035184,0.11528824482538622,-0.27748292933920893,0.004659907999784807,0.13387208686756388,-0.11812840749503052,0.00576015606621963,-0.05535411593615779,0.006234971364101218,-0.00017456163932180705
200,21,909,13.6098051071167,0.9430158419084735,0.33368556157035184,0.11528824482538622,-0.27748292933920893,0.004659907999784807,0.13387208686756388,-0.11812840749503052,0.00576015606621963,-0.05535411593615779,0.006234971364101218,-0.00017456163932180705
200,21,910,13.6098051071167,0.9430158419084735,0.33368556157035184,0.11528824482538622,-0.27748292933920893,0.004659907999784807,0.13387208686756388,-0.11812840749503052,0.00576015606621963,-0.05535411593615779,0.006234971364101218,-0.00017456163932180705
200,21,911,13.6098051071167,0.9430158419084735,0.33368556157035184,0.11528824482538622,-0.27748292933920893,0.004659907999784807,0.13387208686756388,-0.11812840749503052,0.00576015606621963,-0.05535411593615779,0.006234971364101218,-0.00017456163932180705
200,21,912,13.6098051071167,0.9430158419084735,0.33368556157035184,0.11528824482538622,-0.27748292933920893,0.004659907999784807,0.13387208686756388,-0.11812840749503052,0.00576015606621963,-0.05535411593615779,0.006234971364101218,-0.00017456163932180705
200,21,913,13.6098051071167,0.9430158419084735,0.33368556157035184,0.11528824482538622,-0.27748292933920893,0.004659907999784807,0.13387208686756388,-0.11812840749503052,0.00576015606621963,-0.05535411593615779,0.006234971364101218,-0.00017456163932180705
200,21,914,13.6098051071167,0.9430158419084735,0.33368556157035184,0.11528824482538622,-0.27748292933920893,0.004659907999784807,0.13387208686756388,-0.11812840749503052,0.00576015606621963,-0.05535411593615779,0.006234971364101218,-0.00017456163932180705
200,21,915,13.6098051071167,0.9430158419084735,0.33368556157035184,0.11528824482538622,-0.27748292933920893,0.004659907999784807,0.13387208686756388,-0.11812840749503052,0.00576015606621963,-0.05535411593615779,0.006234971364101218,-0.00017456163932180705
200,21,916,13.6098051071167,0.9430158419084735,0.33368556157035184,0.11528824482538622,-0.27748292933920893,0.004659907999784807,0.13387208686756388,-0.11812840749503052,0.00576015606621963,-0.05535411593615779,0.006234971364101218,-0.00017456163932180705
200,21,917,13.6098051071167,0.9430158419084735,0.33368556157035184,0.11528824482538622,-0.27748292933920893,0.004659907999784807,0.13387208686756388,-0.11812840749503052,0.00576015606621963,-0.05535411593615779,0.006234971364101218,-0.00017456163932180705
200,21,918,13.6098051071167,0.9430158419084735,0.33368556157035184,0.11528824482538622,-0.27748292933920893,0.004659907999784807,0.13387208686756388,-0.11812840749503052,0.00576015606621963,-0.05535411593615779,0.006234971364101218,-0.00017456163932180705
200,21,919,13.6098051071167,0.9430158419084735,0.33368556157035184,0.11528824482538622,-0.27748292933920893,0.004659907999784807,0.13387208686756388,-0.11812840749503052,0.00576015606621963,-0.05535411593615779,0.006234971364101218,-0.00017456163932180705
200,21,920,13.6098051071167,0.9430158419084735,0.33368556157035184,0.11528824482538622,-0.27748292933920893,0.004659907999784807,0.13387208686756388,-0.11812840749503052,0.00576015606621963,-0.05535411593615779,0.006234971364101218,-0.00017456163932180705
200,21,921,13.6098051071167,0.9430158419084735,0.33368556157035184,0.11528824482538622,-0.27748292933920893,0.004659907999784807,0.13387208686756388,-0.11812840749503052,0.00576015606621963,-0.05535411593615779,0.006234971364101218,-0.00017456163932180705
200,21,922,13.6098051071167,0.9430158419084735,0.33368556157035184,0.11528824482538622,-0.27748292933920893,0.004659907999784807,0.13387208686756388,-0.11812840749503052,0.00576015606621963,-0.05535411593615779,0.006234971364101218,-0.00017456163932180705
200,21,923,13.6098051071167,0.9430158419084735,0.33368556157035184,0.11528824482538622,-0.27748292933920893,0.004659907999784807,0.13387208686756388,-0.11812840749503052,0.00576015606621963,-0.05535411593615779,0.006234971364101218,-0.00017456163932180705
200,21,924,13.6098051071167,0.9430158419084735,0.33368556157035184,0.11528824482538622,-0.27748292933920893,0.004659907999784807,0.13387208686756388,-0.11812840749503052,0.00576015606621963,-0.05535411593615779,0.006234971364101218,-0.00017456163932180705
200,21,925,13.6098051071167,0.9430158419084735,0.33368556157035184,0.11528824482538622,-0.27748292933920893,0.004659907999784807,0.13387208686756388,-0.11812840749503052,0.00576015606621963,-0.05535411593615779,0.006234971364101218,-0.00017456163932180705
200,21,926,13.6098051071167,0.9430158419084735,0.33368556157035184,0.11528824482538622,-0.27748292933920893,0.004659907999784807,0.13387208686756388,-0.11812840749503052,0.00576015606621963,-0.05535411593615779,0.006234971364101218,-0.00017456163932180705
200,21,927,13.6098051071167,0.9430158419084735,0.33368556157035184,0.11528824482538622,-0.27748292933920893,0.004659907999784807,0.13387208686756388,-0.11812840749503052,0.00576015606621963,-0.05535411593615779,0.006234971364101218,-0.00017456163932180705
200,21,928,13.6098051071167,0.9430158419084735,0.33368556157035184,0.11528824482538622,-0.27748292933920893,0.004659907999784807,0.13387208686756388,-0.11812840749503052,0.00576015606621963,-0.05535411593615779,0.006234971364101218,-0.00017456163932180705
200,21,929,13.6098051071167,0.9430158419084735,0.33368556157035184,0.11528824482538622,-0.27748292933920893,0.004659907999784807,0.13387208686756388,-0.11812840749503052,0.00576015606621963,-0.05535411593615779,0.006234971364101218,-0.00017456163932180705
200,21,930,13.6098051071167,0.9430158419084735,0.33368556157035184,0.11528824482538622,-0.27748292933920893,0.004659907999784807,0.13387208686756388,-0.11812840749503052,0.00576015606621963,-0.05535411593615779,0.006234971364101218,-0.00017456163932180705
200,21,931,13.6098051071167,0.9430158419084735,0.33368556157035184,0.11528824482538622,-0.27748292933920893,0.004659907999784807,0.13387208686756388,-0.11812840749503052,0.00576015606621963,-0.05535411593615779,0.006234971364101218,-0.00017456163932180705
200,21,932,13.6098051071167,0.9430158419084735,0.33368556157035184,0.11528824482538622,-0.27748292933920893,0.004659907999784807,0.13387208686756388,-0.11812840749503052,0.00576015606621963,-0.05535411593615779,0.006234971364101218,-0.00017456163932180705
200,21,933,13.6098051071167,0.9430158419084735,0.33368556157035184,0.11528824482538622,-0.27748292933920893,0.004659907999784807,0.13387208686756388,-0.11812840749503052,0.00576015606621963,-0.05535411593615779,0.006234971364101218,-0.00017456163932180705
200,21,934,13.6098051071167,0.9430158419084735,0.33368556157035184,0.11528824482538622,-0.27748292933920893,0.004659907999784807,0.13387208686756388,-0.11812840749503052,0.00576015606621963,-0.05535411593615779,0.006234971364101218,-0.00017456163932180705
200,21,935,13.6098051071167,0.9430158419084735,0.33368556157035184,0.11528824482538622,-0.27748292933920893,0.004659907999784807,0.13387208686756388,-0.11812840749503052,0.00576015606621963,-0.05535411593615779,0.006234971364101218,-0.00017456163932180705
200,21,936,13.6098051071167,0.9430158419084735,0.33368556157035184,0.11528824482538622,-0.27748292933920893,0.004659907999784807,0.13387208686756388,-0.11812840749503052,0.00576015606621963,-0.05535411593615779,0.006234971364101218,-0.00017456163932180705
200,21,937,13.6098051071167,0.9430158419084735,0.33368556157035184,0.11528824482538622,-0.27748292933920893,0.004659907999784807,0.13387208686756388,-0.11812840749503052,0.00576015606621963,-0.05535411593615779,0.006234971364101218,-0.00017456163932180705
200,21,938,13.6098051071167,0.9430158419084735,0.33368556157035184,0.11528824482538622,-0.27748292933920893,0.004659907999784807,0.13387208686756388,-0.11812840749503052,0.00576015606621963,-0.05535411593615779,0.006234971364101218,-0.00017456163932180705
200,21,939,13.6098051071167,0.9430158419084735,0.33368556157035184,0.11528824482538622,-0.27748292933920893,0.004659907999784807,0.13387208686756388,-0.11812840749503052,0.00576015606621963,-0.05535411593615779,0.006234971364101218,-0.00017456163932180705
200,21,940,13.6098051071167,0.9430158419084735,0.33368556157035184,0.11528824482538622,-0.27748292933920893,0.004659907999784807,0.13387208686756388,-0.11812840749503052,0.00576015606621963,-0.05535411593615779,0.006234971364101218,-0.00017456163932180705
200,21,941,13.6098051071167,0.9430158419084735,0.33368556157035184,0.11528824482538622,-0.27748292933920893,0.004659907999784807,0.13387208686756388,-0.11812840749503052,0.00576015606621963,-0.05535411593615779,0.006234971364101218,-0.00017456163932180705
200,21,942,13.6098051071167,0.9430158419084735,0.33368556157035184,0.11528824482538622,-0.27748292933920893,0.004659907999784807,0.13387208686756388,-0.11812840749503052,0.00576015606621963,-0.05535411593615779,0.006234971364101218,-0.00017456163932180705
200,21,943,13.6098051071167,0.9430158419084735,0.33368556157035184,0.11528824482538622,-0.27748292933920893,0.004659907999784807,0.13387208686756388,-0.11812840749503052,0.00576015606621963,-0.05535411593615779,0.006234971364101218,-0.00017456163932180705
200,21,944,13.6098051071167,0.9430158419084735,0.33368556157035184,0.11528824482538622,-0.27748292933920893,0.004659907999784807,0.13387208686756388,-0.11812840749503052,0.00576015606621963,-0.05535411593615779,0.006234971364101218,-0.00017456163932180705
200,21,945,13.6098051071167,0.9430158419084735,0.33368556157035184,0.11528824482538622,-0.27748292933920893,0.004659907999784807,0.13387208686756388,-0.11812840749503052,0.00576015606621963,-0.05535411593615779,0.006234971364101218,-0.00017456163932180705
200,21,946,13.6098051071167,0.9430158419084735,0.33368556157035184,0.11528824482538622,-0.27748292933920893,0.004659907999784807,0.13387208686756388,-0.11812840749503052,0.00576015606621963,-0.05535411593615779,0.006234971364101218,-0.00017456163932180705
200,21,947,13.6098051071167,0.9430158419084735,0.33368556157035184,0.11528824482538622,-0.27748292933920893,0.004659907999784807,0.13387208686756388,-0.11812840749503052,0.00576015606621963,-0.05535411593615779,0.006234971364101218,-0.00017456163932180705
200,21,948,13.6098051071167,0.9430158419084735,0.33368556157035184,0.11528824482538622,-0.27748292933920893,0.004659907999784807,0.13387208686756388,-0.11812840749503052,0.00576015606621963,-0.05535411593615779,0.006234971364101218,-0.00017456163932180705
200,21,949,13.6098051071167,0.9430158419084735,0.33368556157035184,0.11528824482538622,-0.27748292933920893,0.004659907999784807,0.13387208686756388,-0.11812840749503052,0.00576015606621963,-0.05535411593615779,0.006234971364101218,-0.00017456163932180705
200,21,950,13.6098051071167,0.9430158419084735,0.33368556157035184,0.11528824482538622,-0.27748292933920893,0.004659907999784807,0.13387208686756388,-0.11812840749503052,0.00576015606621963,-0.05535411593615779,0.006234971364101218,-0.00017456163932180705
200,21,951,13.6098051071167,0.9430158419084735,0.33368556157035184,0.11528824482538622,-0.27748292933920893,0.004659907999784807,0.13387208686756388,-0.11812840749503052,0.00576015606621963,-0.05535411593615779,0.006234971364101218,-0.00017456163932180705
200,21,952,13.6098051071167,0.9430158419084735,0.33368556157035184,0.11528824482538622,-0.27748292933920893,0.004659907999784807,0.13387208686756388,-0.11812840749503052,0.00576015606621963,-0.05535411593615779,0.006234971364101218,-0.00017456163932180705
200,21,953,13.6098051071167,0.9430158419084735,0.33368556157035184,0.11528824482538622,-0.27748292933920893,0.004659907999784807,0.13387208686756388,-0.11812840749503052,0.00576015606621963,-0.05535411593615779,0.006234971364101218,-0.00017456163932180705
200,21,954,13.6098051071167,0.9430158419084735,0.33368556157035184,0.11528824482538622,-0.27748292933920893,0.004659907999784807,0.13387208686756388,-0.11812840749503052,0.00576015606621963,-0.05535411593615779,0.006234971364101218,-0.00017456163932180705
200,21,955,13.6098051071167,0.9430158419084735,0.33368556157035184,0.11528824482538622,-0.27748292933920893,0.004659907999784807,0.13387208686756388,-0.11812840749503052,0.00576015606621963,-0.05535411593615779,0.006234971364101218,-0.00017456163932180705
200,21,956,13.6098051071167,0.9430158419084735,0.33368556157035184,0.11528824482538622,-0.27748292933920893,0.004659907999784807,0.13387208686756388,-0.11812840749503052,0.00576015606621963,-0.05535411593615779,0.006234971364101218,-0.00017456163932180705
200,21,957,13.6098051071167,0.9430158419084735,0.33368556157035184,0.11528824482538622,-0.27748292933920893,0.004659907999784807,0.13387208686756388,-0.11812840749503052,0.00576015606621963,-0.05535411593615779,0.006234971364101218,-0.00017456163932180705
200,21,958,13.6098051071167,0.9430158419084735,0.33368556157035184,0.11528824482538622,-0.27748292933920893,0.004659907999784807,0.13387208686756388,-0.11812840749503052,0.00576015606621963,-0.05535411593615779,0.006234971364101218,-0.00017456163932180705
200,21,959,13.6098051071167,0.9430158419084735,0.33368556157035184,0.11528824482538622,-0.27748292933920893,0.004659907999784807,0.13387208686756388,-0.11812840749503052,0.00576015606621963,-0.05535411593615779,0.006234971364101218,-0.00017456163932180705
200,21,960,13.6098051071167,0.9430158419084735,0.33368556157035184,0.11528824482538622,-0.27748292933920893,0.004659907999784807,0.13387208686756388,-0.11812840749503052,0.00576015606621963,-0.05535411593615779,0.006234971364101218,-0.00017456163932180705
200,21,961,13.6098051071167,0.9430158419084735,0.33368556157035184,0.11528824482538622,-0.27748292933920893,0.004659907999784807,0.13387208686756388,-0.11812840749503052,0.00576015606621963,-0.05535411593615779,0.006234971364101218,-0.00017456163932180705
200,21,962,13.6098051071167,0.9430158419084735,0.33368556157035184,0.11528824482538622,-0.27748292933920893,0.004659907999784807,0.13387208686756388,-0.11812840749503052,0.00576015606621963,-0.05535411593615779,0.006234971364101218,-0.00017456163932180705
200,21,963,13.6098051071167,0.9430158419084735,0.33368556157035184,0.11528824482538622,-0.27748292933920893,0.004659907999784807,0.13387208686756388,-0.11812840749503052,0.00576015606621963,-0.05535411593615779,0.006234971364101218,-0.00017456163932180705
200,21,964,13.6098051071167,0.9430158419084735,0.33368556157035184,0.11528824482538622,-0.27748292933920893,0.004659907999784807,0.13387208686756388,-0.11812840749503052,0.00576015606621963,-0.05535411593615779,0.006234971364101218,-0.00017456163932180705
200,21,965,13.6098051071167,0.9430158419084735,0.33368556157035184,0.11528824482538622,-0.27748292933920893,0.004659907999784807,0.13387208686756388,-0.11812840749503052,0.00576015606621963,-0.05535411593615779,0.006234971364101218,-0.00017456163932180705
200,21,966,13.6098051071167,0.9430158419084735,0.33368556157035184,0.11528824482538622,-0.27748292933920893,0.004659907999784807,0.13387208686756388,-0.11812840749503052,0.00576015606621963,-0.05535411593615779,0.006234971364101218,-0.00017456163932180705
200,21,967,13.6098051071167,0.9430158419084735,0.33368556157035184,0.11528824482538622,-0.27748292933920893,0.004659907999784807,0.13387208686756388,-0.11812840749503052,0.00576015606621963,-0.05535411593615779,0.006234971364101218,-0.00017456163932180705
200,21,968,13.6098051071167,0.9430158419084735,0.33368556157035184,0.11528824482538622,-0.27748292933920893,0.004659907999784807,0.13387208686756388,-0.11812840749503052,0.00576015606621963,-0.05535411593615779,0.006234971364101218,-0.00017456163932180705
200,21,969,13.6098051071167,0.9430158419084735,0.33368556157035184,0.11528824482538622,-0.27748292933920893,0.004659907999784807,0.13387208686756388,-0.11812840749503052,0.00576015606621963,-0.05535411593615779,0.006234971364101218,-0.00017456163932180705
200,21,970,13.6098051071167,0.9430158419084735,0.33368556157035184,0.11528824482538622,-0.27748292933920893,0.004659907999784807,0.13387208686756388,-0.11812840749503052,0.00576015606621963,-0.05535411593615779,0.006234971364101218,-0.00017456163932180705
200,21,971,13.6098051071167,0.9430158419084735,0.33368556157035184,0.11528824482538622,-0.27748292933920893,0.004659907999784807,0.13387208686756388,-0.11812840749503052,0.00576015606621963,-0.05535411593615779,0.006234971364101218,-0.00017456163932180705
200,21,972,13.6098051071167,0.9430158419084735,0.33368556157035184,0.11528824482538622,-0.27748292933920893,0.004659907999784807,0.13387208686756388,-0.11812840749503052,0.00576015606621963,-0.05535411593615779,0.006234971364101218,-0.00017456163932180705
200,21,973,13.6098051071167,0.9430158419084735,0.33368556157035184,0.11528824482538622,-0.27748292933920893,0.004659907999784807,0.13387208686756388,-0.11812840749503052,0.00576015606621963,-0.05535411593615779,0.006234971364101218,-0.00017456163932180705
200,21,974,13.6098051071167,0.9430158419084735,0.33368556157035184,0.11528824482538622,-0.27748292933920893,0.004659907999784807,0.13387208686756388,-0.11812840749503052,0.00576015606621963,-0.05535411593615779,0.006234971364101218,-0.00017456163932180705
200,21,975,13.6098051071167,0.9430158419084735,0.33368556157035184,0.11528824482538622,-0.27748292933920893,0.004659907999784807,0.13387208686756388,-0.11812840749503052,0.00576015606621963,-0.05535411593615779,0.006234971364101218,-0.00017456163932180705
200,21,976,13.6098051071167,0.9430158419084735,0.33368556157035184,0.11528824482538622,-0.27748292933920893,0.004659907999784807,0.13387208686756388,-0.11812840749503052,0.00576015606621963,-0.05535411593615779,0.006234971364101218,-0.00017456163932180705
200,21,977,13.6098051071167,0.9430158419084735,0.33368556157035184,0.11528824482538622,-0.27748292933920893,0.004659907999784807,0.13387208686756388,-0.11812840749503052,0.00576015606621963,-0.05535411593615779,0.006234971364101218,-0.00017456163932180705
200,21,978,13.6098051071167,0.9430158419084735,0.33368556157035184,0.11528824482538622,-0.27748292933920893,0.004659907999784807,0.13387208686756388,-0.11812840749503052,0.00576015606621963,-0.05535411593615779,0.006234971364101218,-0.00017456163932180705
200,21,979,13.6098051071167,0.9430158419084735,0.33368556157035184,0.11528824482538622,-0.27748292933920893,0.004659907999784807,0.13387208686756388,-0.11812840749503052,0.00576015606621963,-0.05535411593615779,0.006234971364101218,-0.00017456163932180705
200,21,980,13.6098051071167,0.9430158419084735,0.33368556157035184,0.11528824482538622,-0.27748292933920893,0.004659907999784807,0.13387208686756388,-0.11812840749503052,0.00576015606621963,-0.05535411593615779,0.006234971364101218,-0.00017456163932180705
200,21,981,13.6098051071167,0.9430158419084735,0.33368556157035184,0.11528824482538622,-0.27748292933920893,0.004659907999784807,0.13387208686756388,-0.11812840749503052,0.00576015606621963,-0.05535411593615779,0.006234971364101218,-0.00017456163932180705
200,21,982,13.6098051071167,0.9430158419084735,0.33368556157035184,0.11528824482538622,-0.27748292933920893,0.004659907999784807,0.13387208686756388,-0.11812840749503052,0.00576015606621963,-0.05535411593615779,0.006234971364101218,-0.00017456163932180705
200,21,983,13.6098051071167,0.9430158419084735,0.33368556157035184,0.11528824482538622,-0.27748292933920893,0.004659907999784807,0.13387208686756388,-0.11812840749503052,0.00576015606621963,-0.05535411593615779,0.006234971364101218,-0.00017456163932180705
200,21,984,13.6098051071167,0.9430158419084735,0.33368556157035184,0.11528824482538622,-0.27748292933920893,0.004659907999784807,0.13387208686756388,-0.11812840749503052,0.00576015606621963,-0.05535411593615779,0.006234971364101218,-0.00017456163932180705
200,21,985,13.6098051071167,0.9430158419084735,0.33368556157035184,0.11528824482538622,-0.27748292933920893,0.004659907999784807,0.13387208686756388,-0.11812840749503052,0.00576015606621963,-0.05535411593615779,0.006234971364101218,-0.00017456163932180705
200,21,986,13.6098051071167,0.9430158419084735,0.33368556157035184,0.11528824482538622,-0.27748292933920893,0.004659907999784807,0.13387208686756388,-0.11812840749503052,0.00576015606621963,-0.05535411593615779,0.006234971364101218,-0.00017456163932180705
200,21,987,13.6098051071167,0.9430158419084735,0.33368556157035184,0.11528824482538622,-0.27748292933920893,0.004659907999784807,0.13387208686756388,-0.11812840749503052,0.00576015606621963,-0.05535411593615779,0.006234971364101218,-0.00017456163932180705
200,21,988,13.6098051071167,0.9430158419084735,0.33368556157035184,0.11528824482538622,-0.27748292933920893,0.004659907999784807,0.13387208686756388,-0.11812840749503052,0.00576015606621963,-0.05535411593615779,0.006234971364101218,-0.00017456163932180705
200,21,989,13.6098051071167,0.9430158419084735,0.33368556157035184,0.11528824482538622,-0.27748292933920893,0.004659907999784807,0.13387208686756388,-0.11812840749503052,0.00576015606621963,-0.05535411593615779,0.006234971364101218,-0.00017456163932180705
200,21,990,13.6098051071167,0.9430158419084735,0.33368556157035184,0.11528824482538622,-0.27748292933920893,0.004659907999784807,0.13387208686756388,-0.11812840749503052,0.00576015606621963,-0.05535411593615779,0.006234971364101218,-0.00017456163932180705
200,21,991,13.6098051071167,0.9430158419084735,0.33368556157035184,0.11528824482538622,-0.27748292933920893,0.004659907999784807,0.13387208686756388,-0.11812840749503052,0.00576015606621963,-0.05535411593615779,0.006234971364101218,-0.00017456163932180705
200,21,992,13.6098051071167,0.9430158419084735,0.33368556157035184,0.11528824482538622,-0.27748292933920893,0.004659907999784807,0.13387208686756388,-0.11812840749503052,0.00576015606621963,-0.05535411593615779,0.006234971364101218,-0.00017456163932180705
200,21,993,13.6098051071167,0.9430158419084735,0.33368556157035184,0.11528824482538622,-0.27748292933920893,0.004659907999784807,0.13387208686756388,-0.11812840749503052,0.00576015606621963,-0.05535411593615779,0.006234971364101218,-0.00017456163932180705
200,21,994,13.6098051071167,0.9430158419084735,0.33368556157035184,0.11528824482538622,-0.27748292933920893,0.004659907999784807,0.13387208686756388,-0.11812840749503052,0.00576015606621963,-0.05535411593615779,0.006234971364101218,-0.00017456163932180705
200,21,995,13.6098051071167,0.9430158419084735,0.33368556157035184,0.11528824482538622,-0.27748292933920893,0.004659907999784807,0.13387208686756388,-0.11812840749503052,0.00576015606621963,-0.05535411593615779,0.006234971364101218,-0.00017456163932180705
200,21,996,13.6098051071167,0.9430158419084735,0.33368556157035184,0.11528824482538622,-0.27748292933920893,0.004659907999784807,0.13387208686756388,-0.11812840749503052,0.00576015606621963,-0.05535411593615779,0.006234971364101218,-0.00017456163932180705
200,21,997,13.6098051071167,0.9430158419084735,0.33368556157035184,0.11528824482538622,-0.27748292933920893,0.004659907999784807,0.13387208686756388,-0.11812840749503052,0.00576015606621963,-0.05535411593615779,0.006234971364101218,-0.00017456163932180705
200,21,998,13.6098051071167,0.9430158419084735,0.33368556157035184,0.11528824482538622,-0.27748292933920893,0.004659907999784807,0.13387208686756388,-0.11812840749503052,0.00576015606621963,-0.05535411593615779,0.006234971364101218,-0.00017456163932180705
200,21,999,13.6098051071167,0.9430158419084735,0.33368556157035184,0.11528824482538622,-0.27748292933920893,0.004659907999784807,0.13387208686756388,-0.11812840749503052,0.00576015606621963,-0.05535411593615779,0.006234971364101218,-0.00017456163932180705
200,21,1000,13.6098051071167,0.9430158419084735,0.33368556157035184,0.11528824482538622,-0.27748292933920893,0.004659907999784807,0.13387208686756388,-0.11812840749503052,0.00576015606621963,-0.05535411593615779,0.006234971364101218,-0.00017456163932180705
