checkpoint_epoch,seed,epoch,pde_loss,coefficient_error,spurious_l2,xi_u,xi_u_x,xi_u_xx,xi_u^2,xi_u*u_x,xi_u*u_xx,xi_u_x^2,xi_u_x*u_xx,xi_u_xx^2
50,23,0,26.5135440826416,1.0904915253269976,0.4313181984492358,-0.4013296221816644,0.15509309124568563,0.002110629873379188,-0.028626667605963135,0.0014071843825468147,-0.0013529707069252178,0.009728515388642731,-0.0003080784223861386,-1.2997569071425436e-05
50,23,1,26.469200134277344,1.0854139802047345,0.4148896412661647,-0.384511830987525,0.15189928322642,0.0019020008398775972,-0.03356627158755742,0.002827281449959776,-0.0015416674505688633,0.009029297625111336,-0.00027250905596680166,-1.4569881785827696e-05
50,23,2,26.426525115966797,1.0805815190286039,0.39862737393585085,-0.3677160679274478,0.14870638896382962,0.001694123207083921,-0.038756813552067185,0.004199945673178757,-0.001734502685433518,0.0083624501676796,-0.0002378868387662197,-1.615787657977601e-05
50,23,3,26.38551139831543,1.0759952862973468,0.382571240033019,-0.35095829650700455,0.14551502714733008,0.0014876174945732516,-0.04416904936229131,0.005515984023963862,-0.001930717779624585,0.007728522490000704,-0.00020425373309155282,-1.776052138548038e-05
50,23,4,26.34613609313965,1.0716524983604225,0.366763004451065,-0.3342553573474578,0.14232583550293434,0.0012832106988517776,-0.04976388059195739,0.006763953271282066,-0.0021293432685034995,0.007127855068141908,-0.00017163680779577818,-1.9377692970965872e-05
50,23,5,26.308364868164062,1.067545155284638,0.3512446335475778,-0.3176250433671058,0.13913944223835661,0.001081749972145013,-0.05548742342998759,0.007929544061296303,-0.002329105006014346,0.0065605710206811,-0.00014004655035288288,-2.1010330169304623e-05
50,23,6,26.27216911315918,1.0636583956365688,0.33605520509006354,-0.3010859995394892,0.13595648507960992,0.0008842158348636996,-0.061265255735475456,0.008994880331801805,-0.0025283224735029486,0.006026561288877989,-0.00010947553885819914,-2.266062034805158e-05
50,23,7,26.237491607666016,1.0599694712593997,0.3212266379770696,-0.2846576477120462,0.13277760175270714,0.0006917328232969162,-0.06699792847618437,0.009938571337144781,-0.002724844993989,0.005525472096818942,-7.989748015948842e-05,-2.433216317805327e-05
50,23,8,26.20427703857422,1.0564483573735062,0.30677886244080166,-0.2683601615456643,0.12960342998366126,0.0005055750854799912,-0.07256009909900873,0.010737269894585028,-0.002916094735248992,0.005056696211517935,-5.126619213757222e-05,-2.603010845868294e-05
50,23,9,26.172460556030273,1.053061399130455,0.29271627298913083,-0.2522142910915419,0.12643459798018655,0.0003271642827440346,-0.0778081915868089,0.011369602766854857,-0.003099315840138594,0.004619363063030681,-2.3514837314002285e-05,-2.7761209626461223e-05
50,23,10,26.141956329345703,1.0497782555070128,0.27902826107384826,-0.23624121242849877,0.12327172443169855,0.00015805433708986018,-0.08259837177747625,0.011822075490430104,-0.003272045499878,0.004212338744454617,3.4435958266310538e-06,-2.9533778353802228e-05
50,23,11,26.11268424987793,1.046579435277567,0.26569479769975923,-0.22046237730028603,0.1201154185093141,-1.0136681560794503e-07,-0.08680936421823293,0.012094256858773187,-0.003432638356388437,0.0038342362718104105,2.971552217801499e-05,-3.1357530509044895e-05
50,23,12,26.08454704284668,1.043460149900138,0.25269422584138534,-0.20489926251110302,0.11696627986585138,-0.00014560247204615273,-0.09035814632609344,0.012200013513672725,-0.0035805388987202097,0.0034834361038049272,5.542410944269016e-05,-3.3243229432315025e-05
50,23,13,26.05744743347168,1.0404285078523803,0.2400089751274019,-0.18957318197223522,0.11382489863582981,-0.0002767753963491066,-0.09320095462641724,0.012164030278566707,-0.003716161995521397,0.0031581186314559614,8.070582859086566e-05,-3.52022319229861e-05
50,23,14,26.031295776367188,1.0374999788889872,0.2276267522332499,-0.1745050235673468,0.11069184591717146,-0.00039206391525717116,-0.0953222424701536,0.012016023386817724,-0.003840484038978877,0.002856316047493104,0.0001057054843336367,-3.724595639641905e-05
50,23,15,26.005996704101562,1.0346913723963986,0.2155381950334938,-0.15971502360844594,0.10756767377120097,-0.0004901272646477439,-0.09671983933225714,0.011785390919401012,-0.0039545865108803644,0.0025759729556576617,0.00013057067700756074,-3.938531212534159e-05
50,23,16,25.981462478637695,1.0320168049420337,0.20373351464620318,-0.14522249117095345,0.10445293425924297,-0.0005699290820115479,-0.09739350287255293,0.01149800726952993,-0.004059308820947966,0.0023150132499301537,0.00015544619580971816,-4.1630209554895144e-05
50,23,17,25.957612991333008,1.0294857655610734,0.1921998745843814,-0.13104559507989222,0.10134816040602473,-0.000630805246636013,-0.09733860755465783,0.011174821471289032,-0.0041550498913977925,0.0020714049037819497,0.00018046917221949712,-4.398916142018978e-05
50,23,18,25.934383392333984,1.02710294109733,0.18092060753505698,-0.11720118848674889,0.09825386619967609,-0.0006724987371991412,-0.09654476436063623,0.010831753149796676,-0.00424169286886772,0.0018432152595366375,0.00020576503394354037,-4.646909789834173e-05
50,23,19,25.911725997924805,1.0248690410528754,0.1698767153751746,-0.10370460212077552,0.09517056562832689,-0.0006951572612976843,-0.09499820204663231,0.010480164747390046,-0.004318620809432437,0.0016286530178850132,0.0002314450226733816,-4.907519148935121e-05
50,23,20,25.889591217041016,1.0227820455181473,0.1590504617970569,-0.09056952525186002,0.09209875364350956,-0.000699298125831919,-0.09268603443725534,0.010127517837983966,-0.004384781248582075,0.001426092557604173,0.0002576046799176035,-5.181086674494248e-05
50,23,21,25.86795425415039,1.0208385150697532,0.1484310058084093,-0.0778079305091812,0.08903889664186046,-0.0006857491306508318,-0.08960164459207574,0.009778000427532779,-0.004438785016817013,0.0012340845754346128,0.00028432296580579845,-5.4677748381416556e-05
50,23,22,25.846803665161133,1.019034723678498,0.1380215468966081,-0.06543003002542433,0.08599147053831462,-0.0006555797860090369,-0.08574997414335699,0.009433092224781456,-0.004479028582765282,0.0010513567510725482,0.0003116618867522142,-5.7675658036704444e-05
50,23,23,25.826133728027344,1.0173674325720172,0.12784735544585965,-0.05344428796700521,0.08295692269291098,-0.0006100307813149742,-0.08115190122399911,0.009092053875597118,-0.004503823454556722,0.0008768051972686718,0.00033966637134363555,-6.0802507253125834e-05
50,23,24,25.80594825744629,1.0158343796411304,0.11796430491146159,-0.04185744559451854,0.07993567191079237,-0.0005504515367994222,-0.0758473645484899,0.008752491233240933,-0.004511537344958436,0.0007094822049697054,0.0003683634263769806,-6.405417100246739e-05
50,23,25,25.78627586364746,1.0144344991473084,0.10846751494317149,-0.030674646564979386,0.07692814651540034,-0.0004782466541683993,-0.06989712301330578,0.008411023678477422,-0.004500735597927162,0.0005485829909714745,0.00039776121842962633,-6.74241893348856e-05
50,23,26,25.767135620117188,1.013167991243724,0.09949932516123193,-0.019899508980612133,0.07393474151613097,-0.00039483596832390577,-0.06338337735214321,0.008064141530253595,-0.004470330196252247,0.00039343258807033633,0.0004278477334485318,-7.09034690278096e-05
50,23,27,25.748567581176758,1.012036461502152,0.09125556820863959,-0.009534258522482079,0.07095583764493228,-0.00030162505247680575,-0.05641042866900285,0.007709315577137875,-0.004419746022715181,0.00024347470644183882,0.0004585879718163676,-7.44797128273204e-05
50,23,28,25.730606079101562,1.011043247434411,0.08398614135806307,0.0004201094397295717,0.06799180135630427,-0.00019998528286739237,-0.049106411697267136,0.007346383741498968,-0.00434913130070819,9.82625009348652e-05,0.0004899212675297624,-7.813693300614466e-05
50,23,29,25.71330451965332,1.0101941820458324,0.07798169482827569,0.009963714726291288,0.06504298482729885,-9.124120920239235e-05,-0.041627562094085475,0.006979385458129193,-0.004259644891426569,-4.254710511280203e-05,0.0005217575648357575,-8.185467954233803e-05
50,23,30,25.696706771850586,1.0094988181869688,0.07353396359111898,0.01909764355100939,0.062109721198370556,2.3336255594002623e-05,-0.034165850155885844,0.006618871780730047,-0.004153877959356621,-0.0001791969407713123,0.0005539727019713157,-8.560727478386189e-05
50,23,31,25.68085479736328,1.0089719879520294,0.07086201846235571,0.02782383574921067,0.05919233409167523,0.00014253145779322845,-0.026958966814062877,0.006284615680079982,-0.004036387524204279,-0.00031183033563510557,0.0005864040424167609,-8.936304162726676e-05
50,23,32,25.665771484375,1.008634844322552,0.07002156682536473,0.03614496965630798,0.05629114237021933,0.000265181846121591,-0.020296835210113988,0.006007836109308292,-0.0039142169419778584,-0.00044048986702488317,0.0006188458579249812,-9.3083538182269e-05
50,23,33,25.65147590637207,1.0085136619609842,0.07084963113114678,0.04406440650493054,0.05340645061956129,0.00039017282278458346,-0.014511359969651423,0.0058307963114940945,-0.003796999164670473,-0.0005651161725013239,0.0006510457044475784,-9.672323996297347e-05
50,23,34,25.637941360473633,1.008634045819278,0.0729965758671957,0.05158616223191961,0.05053856818440889,0.0005164267168868868,-0.009930507690444186,0.005800441772398376,-0.003695942442620116,-0.0006855474214336883,0.0006827046207142565,-0.00010022969554931543
50,23,35,25.6251277923584,1.0090110352299917,0.07603980677911472,0.058714951334113016,0.0476878139277686,0.000642892554486344,-0.006797214519902197,0.005955525553807661,-0.0036214310400408067,-0.0008015253118055504,0.0007134810998206037,-0.00010354475242091648
50,23,36,25.612964630126953,1.0096407347409955,0.07960944910528589,0.06545630590547459,0.0448545162309456,0.0007685340119338723,-0.0051955744743388725,0.006313519524327685,-0.003580269377878263,-0.0009127087025573351,0.0007430024082532721,-0.00010660700213890277
50,23,37,25.601356506347656,1.0104998356792056,0.08345498477193625,0.07181673539745219,0.04203902251184247,0.0008923228485007053,-0.005039012184779705,0.006866465872357679,-0.00357434959178138,-0.0010186990732922402,0.0007708833516422471,-0.00010935556162176728
50,23,38,25.5902156829834,1.0115517577992286,0.08743954629292118,0.07780391457233994,0.0392416801883618,0.0010132386732172312,-0.006119429879565784,0.007586615306653119,-0.003601196586375228,-0.0011190766238592593,0.0007967515936329589,-0.0001117346392143354
50,23,39,25.579444885253906,1.0127531869487634,0.09149778140213383,0.08342683386596811,0.036462858094578235,0.0011302757065467179,-0.008169939904483411,0.008434979152574584,-0.0036553015229572406,-0.0012134436888517142,0.0008202755562904511,-0.00011369848991033582
50,23,40,25.568960189819336,1.0140572015411788,0.09559343900478179,0.08869592468994461,0.0337029274441411,0.0012424546716046263,-0.01090548962872558,0.009367156643220343,-0.0037291829107653643,-0.0013014681521057862,0.00084119122831691,-0.00011521542363453219
50,23,41,25.55869483947754,1.0154131830835187,0.09969039290211236,0.0936230030456464,0.03096225469155039,0.0013488412138904862,-0.014036959321157545,0.01033553447295972,-0.003813904735308553,-0.0013829220162550084,0.0008593216258317967,-0.00011627052283206499
50,23,42,25.548601150512695,1.016765526512454,0.10373694940020202,0.09822116928242614,0.02824120391173141,0.001448568440200317,-0.017270867786028207,0.011289585440475938,-0.0038993117335925204,-0.0014577066724383845,0.000874588309976415,-0.00011686631700136694
50,23,43,25.538652420043945,1.0180535038542033,0.10766104635410881,0.10250460761402579,0.025540122522586733,0.0015408615559895187,-0.0203097055807107,0.012176514258093284,-0.003974364269191064,-0.0015258660101489592,0.0008870108408205918,-0.000117021602261561
50,23,44,25.528827667236328,1.0192147009512202,0.11137653456552934,0.10648831045364524,0.022859346044145565,0.0016250663110347532,-0.022866128379265157,0.012944340028209352,-0.0040279683309591375,-0.001587585087249181,0.0008966993306355853,-0.00011676882105151992
50,23,45,25.519128799438477,1.0201932183407119,0.11480064694046978,0.11018770877232974,0.02019918144154101,0.0017006759684084656,-0.024696428892040108,0.01354829630877279,-0.004050478680308508,-0.0016431815800696595,0.0009038408412059311,-0.00011615083215494439
50,23,46,25.50955581665039,1.0209502999190212,0.11787710934515246,0.11361839643403854,0.017559904745435385,0.0017673538433913049,-0.025642390594368993,0.013958614841502324,-0.004035458971313304,-0.0016930864036330158,0.0009086823060019803,-0.00011521740831791784
50,23,47,25.5001277923584,1.0214717161195064,0.12059231105564613,0.11679576055403239,0.014941763431594918,0.0018249468268195772,-0.02565713910132171,0.014165483926829337,-0.003980806104872202,-0.0017378272768437167,0.0009115147431184648,-0.00011402201924577148
50,23,48,25.490863800048828,1.0217677115739692,0.1229753795777149,0.11973473715950243,0.012344969282165701,0.0018734888047823033,-0.02479939449094613,0.01417835809324607,-0.003888642524938421,-0.0017780045927667902,0.000912656475316118,-0.00011261914644320961
50,23,49,25.48179054260254,1.0218667821434928,0.1250841499860881,0.12244951046419067,0.009769704929504052,0.0019131917984970244,-0.02320363975555589,0.014020977711820497,-0.003764237350901175,-0.0018142685238922757,0.0009124388323056601,-0.00011106202612340041
50,23,50,25.47293472290039,1.0218075501096024,0.12698670384005742,0.12495334997547584,0.007216124451070196,0.0019444290212652928,-0.021044955135036583,0.01372532910323255,-0.0036146841308169406,-0.0018472975523832157,0.0009111943352741455,-0.0001094011444807032
50,23,51,25.46431541442871,1.021632090655524,0.1287462188642313,0.12725851025258025,0.00468436110304594,0.001967712339560249,-0.018511224069495912,0.013326885258193429,-0.0034478128241988044,-0.0018777777603148683,0.0009092449807010064,-0.00010768292754019815
50,23,52,25.455947875976562,1.0213815316011197,0.13041186390986903,0.12937613066477652,0.0021745317820372036,0.0019836649154501666,-0.01578518158738968,0.01286148634328276,-0.0032714724739948305,-0.0019063840198919738,0.0009068952900794338,-0.0001059490082517301
50,23,53,25.447843551635742,1.0210935370760066,0.1320153682207444,0.1313161978007151,-0.0003132604466278914,0.0019929958697520707,-0.013033805337536031,0.012363423783270015,-0.0030930779096531085,-0.0019337649836221283,0.0009044251610583696,-0.00010423578544915627
50,23,54,25.43999481201172,1.0208009073481672,0.13357179150578427,0.13308763317999348,-0.0027789220359199273,0.001996471680929083,-0.010401572868866824,0.011864092615624662,-0.002919296831071501,-0.001960530354462824,0.0009020864915928921,-0.00010257430061837126
50,23,55,25.432403564453125,1.0205306908269094,0.13508280008407886,0.13469831831360424,-0.005222361520937325,0.0019948910036848167,-0.008005557534549911,0.011390796918344761,-0.0027557936200184895,-0.001987242525918011,0.0009001002012533798,-0.0001009903092421347
50,23,56,25.425052642822266,1.0203037038781462,0.13654129821094194,0.13615520747595275,-0.007643492493374693,0.001989061197406303,-0.005932174680020355,0.010965740326438597,-0.0026070264806051903,-0.0020144105021083253,0.0008986559333564266,-9.950452726402103e-05
50,23,57,25.417926788330078,1.0201343133210734,0.1379361479058385,0.13746445300709842,-0.010042227503862716,0.00197977905150785,-0.004235565602791894,0.010605218645205807,-0.0024761018300623063,-0.002042486857806202,0.0008979122535442322,-9.813303969970489e-05
50,23,58,25.411012649536133,1.0200305965393484,0.13925605036687272,0.13863150555454812,-0.012418476723457406,0.0019678122879787825,-0.0029384164383471,0.010319261678681808,-0.002364733256284078,-0.002071865078466601,0.0008979981391300197,-9.688771573413968e-05
50,23,59,25.404294967651367,1.0199949085372058,0.14049211867921824,0.13966126443594595,-0.014772153297683117,0.0019538866597990858,-0.0020353418677570316,0.010111833325478905,-0.0022733199429035337,-0.0021028822201962817,0.0008990145677331483,-9.577667570588371e-05
50,23,60,25.39776039123535,1.0200247483961014,0.14163901079418517,0.1405582405319872,-0.017103166802702192,0.0019386753809666874,-0.0014981830163432529,0.009981517907521272,-0.0022011260012978996,-0.002135818529758192,0.0009010360066245322,-9.480466728891837e-05
50,23,61,25.39139747619629,1.0201138052912286,0.14269480614764538,0.14132661893753923,-0.019411426814676974,0.001922791820781014,-0.0012823202341391727,0.009922562669377128,-0.002146530123744814,-0.002170898964553912,0.0009041128949690035,-9.397350653340046e-05
50,23,62,25.38519859313965,1.0202529826820914,0.14366025994361623,0.14197038426388292,-0.021696847668919154,0.001906785928705161,-0.0013327407374108071,0.009925994313052088,-0.002107283732628365,-0.0022082969925797617,0.0009082733317501208,-9.328241513211992e-05
50,23,63,25.379150390625,1.0204313677025176,0.14453783432675307,0.14249344594095417,-0.023959347270102436,0.00189114128099116,-0.0015894367689808621,0.009980722526552879,-0.0020807569737584597,-0.002248134782424606,0.000913524366536197,-9.272829282802334e-05
50,23,64,25.373252868652344,1.0206370840852284,0.1453307360472007,0.14289966327779235,-0.026198848282049884,0.00187627508067998,-0.001991910458424162,0.010074534460217617,-0.002064154908161602,-0.0022904868132281567,0.0009198536874051077,-9.230602225120456e-05
50,23,65,25.36749839782715,1.0208580488155043,0.14604233363203575,0.14319297076478174,-0.028415284076670582,0.0018625397120092797,-0.002482732946437595,0.010194944133561317,-0.002054696582669382,-0.002335380824670001,0.0009272308124206255,-9.200860512266646e-05
50,23,66,25.361886978149414,1.021082663097092,0.1466758029062739,0.14337740313409977,-0.03060859278502298,0.0018502246057027117,-0.0030103812630500183,0.01032994579611764,-0.0020497673052729225,-0.0023828006669366804,0.0009356087775572273,-9.182747357720494e-05
50,23,67,25.356409072875977,1.0213004501614995,0.1472340937976014,0.14345714548061378,-0.03277872919518825,0.0018395587260223278,-0.0035314366756904313,0.010468668240839325,-0.0020470417724910233,-0.0024326883906975517,0.0009449248317279561,-9.175263933895755e-05
50,23,68,25.35107421875,1.0215025915961953,0.147720050148077,0.143436533261881,-0.03492565761354626,0.0018307144567879618,-0.004012065071561157,0.010601904057597892,-0.002044581185755015,-0.0024849469070740617,0.0009551021247092289,-9.177288181231256e-05
50,23,69,25.345867156982422,1.0216824038747967,0.14813673348037434,0.1433201525399416,-0.037049351864775586,0.0018238105547519613,-0.004428933635690985,0.010722547843075685,-0.0020409044875187767,-0.002539442457611216,0.0009660512957759489,-9.187592320103126e-05
50,23,70,25.340803146362305,1.0218356707009768,0.14848766719348827,0.1431128525115431,-0.03914980243057753,0.0018189158801777943,-0.004769360337945271,0.010825899345965133,-0.0020350296651317048,-0.0025960095542205217,0.0009776716651778402,-9.204867497219779e-05
50,23,71,25.33587074279785,1.0219607226830714,0.1487769455451876,0.14281969538724357,-0.041227011690526755,0.0018160520393332312,-0.0050305681443081375,0.010909730499075525,-0.002026473228004874,-0.0026544507891821806,0.0009898528227745612,-9.227740000355456e-05
50,23,72,25.331077575683594,1.0220583969106056,0.14900940001514812,0.1424460691634291,-0.04328098916292198,0.0018151968041874003,-0.005218358731250984,0.010974222389143062,-0.002015217791913271,-0.0027145448150529138,0.0010024772095677621,-9.254801742049289e-05
50,23,73,25.326417922973633,1.0221317083094588,0.14919045748958656,0.14199758738052054,-0.045311756263935264,0.0018162873766670712,-0.0053450733380374016,0.011021656108756347,-0.002001640581468855,-0.002776049574628657,0.0010154224013640607,-9.284632960232255e-05
50,23,74,25.32189178466797,1.0221853833582493,0.1493261205935832,0.14148018936476675,-0.04731934630761207,0.0018192233420313846,-0.005427251023075927,0.011055946533046613,-0.001986412784607317,-0.00283870800087872,0.0010285634917277101,-9.315830756158222e-05
50,23,75,25.317502975463867,1.0222252137056866,0.14942275762095472,0.14090007757712378,-0.04930380212629656,0.0018238677569572803,-0.005483086726215197,0.011082022022580287,-0.001970376425219938,-0.002902253146886531,0.0010417755742229643,-9.347043469639048e-05
50,23,76,25.313243865966797,1.0222573110812603,0.14948696202142123,0.1402637301434791,-0.051265161793183515,0.001830052745407409,-0.005529918306494826,0.011105094073538968,-0.0019544048972281007,-0.002966416355755271,0.0010549375154224696,-9.37700051415431e-05
50,23,77,25.309112548828125,1.0222873578243592,0.14952542757630144,0.13957788832442736,-0.05320347289976645,0.0018375819856825367,-0.005582149199531436,0.011129919964544937,-0.0019392709490399466,-0.0030309342905266716,0.0010679351321774915,-9.40454869785443e-05
50,23,78,25.305105209350586,1.022319852799316,0.1495448175109189,0.13884951892459801,-0.055118787796688225,0.0018462342855593778,-0.005649421646743214,0.011160061401569879,-0.001925518197135426,-0.0030955552041085927,0.0010806633759911938,-9.428669735472914e-05
50,23,79,25.301219940185547,1.022357533429645,0.1495516588312898,0.1380857641717587,-0.057011158834591694,0.0018557696444808328,-0.0057356453590507814,0.011197317246225328,-0.0019133689766028764,-0.0031600488191609035,0.0010930307017651998,-9.44851786650816e-05
50,23,80,25.297452926635742,1.0224010384219437,0.14955222929949702,0.13729385400524605,-0.0588806383641197,0.0018659360929501017,-0.005838813127613638,0.0112414003609793,-0.0019026829065575978,-0.003224210698045006,0.0011049594649583695,-9.463425692527544e-05
50,23,81,25.293798446655273,1.022448759589402,0.1495525371263132,0.13648110607596584,-0.06072727873591511,0.0018764751329578217,-0.00595130572464812,0.011289791539192276,-0.0018929469562989883,-0.003287867942757996,0.0011163893967261103,-9.472922986258317e-05
50,23,82,25.290252685546875,1.0224970325905232,0.14955817336826394,0.13565475032325472,-0.06255113705977011,0.0018871315307509107,-0.006061031824196069,0.011337954608146392,-0.0018833261601925394,-0.003350884894866827,0.001127277206761597,-9.476728259926175e-05
50,23,83,25.286813735961914,1.0225405676599797,0.1495743406301582,0.13482191644465616,-0.06435227044547694,0.0018976589127004814,-0.006153007164460641,0.011379767635583021,-0.0018727543293402102,-0.0034131654154819723,0.0011375976754824139,-9.474745522308544e-05
50,23,84,25.283477783203125,1.0225731358090622,0.14960576579717103,0.13398944594255804,-0.06613073600282778,0.0019078280036629307,-0.006211351878650539,0.01140822926802188,-0.0018600603159515817,-0.003474653645248647,0.0011473423632645237,-9.467046118233013e-05
50,23,85,25.280242919921875,1.0225883577987085,0.14965677221830806,0.13316384200329615,-0.06788660035991352,0.0019174347099002592,-0.0062212818990265,0.01141624510741657,-0.0018441080021031806,-0.00353533438434242,0.0011565188161247126,-9.45384862230774e-05
50,23,86,25.277101516723633,1.0225804975673554,0.14973129970264426,0.1323511567251367,-0.0696199301448251,0.001926306803033408,-0.006170891605960102,0.011397426093560589,-0.0018239237404857626,-0.0035952296725087173,0.0011651482820576144,-9.435491598169101e-05
50,23,87,25.274057388305664,1.0225452918014306,0.14983297446945157,0.13155692846715564,-0.07133079674480276,0.0019343074951800924,-0.0060528041118426456,0.011346915900390305,-0.001798827193571523,-0.0036543976490759867,0.0011732638245315152,-9.412403763371973e-05
50,23,88,25.27110481262207,1.0224804906236657,0.14996508522136587,0.13078606907722118,-0.0730192858245348,0.0019413393249741843,-0.005864982573844844,0.011261940199068789,-0.0017685043996425388,-0.0037129283730039835,0.0011809085352738507,-9.385083883120138e-05
50,23,89,25.26824188232422,1.0223861775682386,0.1501305799808508,0.1300428513617697,-0.07468548304870955,0.0019473449347695896,-0.005610941583036828,0.011142129812769202,-0.0017330455475353496,-0.00377093584297594,0.001188131959842202,-9.354070935156561e-05
50,23,90,25.265466690063477,1.0222647867274601,0.15033197685214444,0.12933085896490926,-0.076329483600314,0.0019523067597586963,-0.005299205520926433,0.010989550731050957,-0.0016929279845413177,-0.003828556857411736,0.0011949891047273512,-9.319923354904462e-05
50,23,91,25.26277732849121,1.0221209210874158,0.15057131819212036,0.1286530364893159,-0.07795138742148451,0.001956243297393768,-0.004942396820404183,0.010808527025040345,-0.001648970599154525,-0.0038859441745469044,0.001201537756531527,-9.283200874965743e-05
50,23,92,25.26017189025879,1.021960845755545,0.15085001674997825,0.12801163937533724,-0.07955129921350679,0.0019592063094529878,-0.004555725620114791,0.010605151613099035,-0.0016022412794829764,-0.003943260432502857,0.001207836694753905,-9.244450904744814e-05
50,23,93,25.25765037536621,1.0217918600793718,0.15116883006070633,0.1274083090823375,-0.08112933319596524,0.001961274915290995,-0.004155354626809196,0.010386655958924582,-0.0015539455496417426,-0.0040006751093220015,0.0012139447981833538,-9.204200747376493e-05
50,23,94,25.255212783813477,1.0216215668445183,0.15152779049212836,0.12684406055847308,-0.0826856035884443,0.0019625492187670987,-0.0037568239042072697,0.010160682723168012,-0.001505309585682377,-0.004058358063042354,0.0012199191583942412,-9.162948519475217e-05
50,23,95,25.252849578857422,1.0214572020218635,0.1519263057805827,0.1263194075429343,-0.0842202293696777,0.001963144867818139,-0.003373732160496798,0.009934594432302806,-0.001457471596863693,-0.004116478771706322,0.0012258147818773489,-9.121157962420316e-05
50,23,96,25.250564575195312,1.0213049564680723,0.15236317813810743,0.12583435003572116,-0.08573333427754856,0.001963185282419723,-0.0030166567540754665,0.0097147861494107,-0.0014113824872231122,-0.004175199493439707,0.0012316835971429275,-9.079259739534689e-05
50,23,97,25.248355865478516,1.0211695368594347,0.15283678120109065,0.12538852466033318,-0.0872250325316413,0.0019627974576852903,-0.002692643824310454,0.009506216249434289,-0.0013677435076418396,-0.004234673746469264,0.0012375736604031402,-9.037642355834027e-05
50,23,98,25.2462158203125,1.0210537774298076,0.15334510385562444,0.12498116707309702,-0.08869544786983902,0.0019621073006428533,-0.0024049126101836483,0.009312008228453232,-0.0013269586779658781,-0.004295043649153421,0.0012435283612545062,-8.99665410379483e-05
50,23,99,25.24414825439453,1.0209586424599888,0.15388592432551265,0.12461124979563204,-0.09014470403002482,0.0019612355887748383,-0.00215326176520457,0.00913342769266252,-0.0012891447208488935,-0.004356437260013012,0.0012495868198366792,-8.956598523229024e-05
50,23,100,25.242149353027344,1.020883295128219,0.15445683723115738,0.12427745715440214,-0.09157292475008184,0.00196029517208413,-0.0019345695132877857,0.008969948390000048,-0.0012541534128986604,-0.004418966297757605,0.0012557817024591664,-8.917731806926586e-05
50,23,101,25.240217208862305,1.0208253680099217,0.155055337973585,0.12397824793183639,-0.09298023376789316,0.001959388796923218,-0.001743548821567163,0.00881951333521925,-0.0012216219074336833,-0.004482721961333787,0.0012621401152085809,-8.880254368994109e-05
50,23,102,25.238351821899414,1.0207814710632976,0.15567889411157412,0.12371191801744989,-0.09436675482134191,0.001958608950553419,-0.0015737664803435988,0.008679038050929481,-0.0011910533816022453,-0.004547776449907604,0.001268682313182611,-8.844316033569526e-05
50,23,103,25.23654556274414,1.0207476251502656,0.1563249430205564,0.1234765878776196,-0.0957326116483112,0.001958037083941003,-0.0014184654462738575,0.008544849777967252,-0.0011618851354894186,-0.004614178402917238,0.0012754208068827704,-8.81000306303529e-05
50,23,104,25.234800338745117,1.0207198130157198,0.15699096050118172,0.12327027773692925,-0.09707793750498282,0.0019577437671979676,-0.001271432130442402,0.00841323473752164,-0.0011335688471107383,-0.004681952900072998,0.0012823612558216487,-8.777345941090458e-05
50,23,105,25.233116149902344,1.0206944529902975,0.15767443863228892,0.12309088251772099,-0.09840287516583732,0.001957788845022811,-0.0011276331998537699,0.008280921362590569,-0.0011056360573500365,-0.004751099561379275,0.0012895012770465764,-8.746314832625312e-05
50,23,106,25.23148536682129,1.0206687660344596,0.15837288862139168,0.1229361969005438,-0.09970755788705647,0.001958221592141312,-0.0009836502915847522,0.00814545197600566,-0.001077745355713053,-0.004821594067116977,0.0012968313387468765,-8.716820880900038e-05
50,23,107,25.22991371154785,1.0206409486566492,0.15908393081376196,0.12280402809617078,-0.10099212844312082,0.001959081024188077,-0.0008377150796711237,0.008005344367823923,-0.0010496989149474663,-0.004893388157843537,0.0013043341645156972,-8.688727233563534e-05
50,23,108,25.228395462036133,1.0206102932425671,0.15980525509572177,0.12269215825492671,-0.10225673912680955,0.0019603952759434384,-0.0006897216226029712,0.00786022035690567,-0.0010214534051992002,-0.004966413814344627,0.0013119871163026803,-8.661849691242748e-05
50,23,109,25.226926803588867,1.0205770820225206,0.16053466047002202,0.12259841964803302,-0.1035015422309019,0.0019621819122150087,-0.0005408761883571941,0.007710692736764284,-0.0009930975121575179,-0.005040580217669268,0.0013197617972551842,-8.635972922276235e-05
50,23,110,25.225509643554688,1.020542353181194,0.16127002126696213,0.12252065707693527,-0.10472669956647576,0.001964447461515351,-0.00039323648703018564,0.007558134164869753,-0.0009648170378965356,-0.005115782869024499,0.001327626037512174,-8.610856948607556e-05
50,23,111,25.224143981933594,1.0205075746176004,0.16200938984044758,0.12245689076621719,-0.10593236342631036,0.00196718679429888,-0.00024917200297536836,0.007404330496603942,-0.000936844120638997,-0.005191903589775368,0.001335544986390862,-8.586251414750808e-05
50,23,112,25.222822189331055,1.0204743674010637,0.16275094182621092,0.12240522865203156,-0.1071187051397823,0.001970382345757984,-0.00011098796212256256,0.0072512091551563,-0.0009094211592216579,-0.0052688169813703166,0.0013434824031527367,-8.561901425094697e-05
50,23,113,25.2215518951416,1.0204440544292757,0.16349302935546095,0.1223639666238935,-0.10828588651796953,0.0019740059811123294,1.9647825893160258e-05,0.007100372908214084,-0.0008827401643704251,-0.005346391945323629,0.0013514025435077592,-8.537568298761472e-05
50,23,114,25.22032356262207,1.020417394360177,0.16423418219846628,0.12233157599445622,-0.10943407889024862,0.0019780189956088603,0.00014194613746678465,0.006952829238337262,-0.0008569108004821916,-0.0054244985231364186,0.0013592712518010039,-8.513028272428239e-05
50,23,115,25.21913719177246,1.0203943494211598,0.16497309423345213,0.12230670349951117,-0.1105634440676975,0.001982372891725676,0.00025617218908076915,0.006808756230824415,-0.0008319350281838388,-0.005503012456243962,0.0013670570531992977,-8.488091309417873e-05
50,23,116,25.21799659729004,1.0203740099722134,0.1657086597583194,0.12228819635843619,-0.11167416289799148,0.0019870112444613343,0.00036361068874847866,0.006667419033699085,-0.0008077016145769687,-0.005581814046028862,0.001374731650139693,-8.462592019448239e-05
50,23,117,25.216894149780273,1.0203546943038684,0.16643992712278674,0.12227507721374728,-0.11276639719220849,0.0019918718775057053,0.00046633188956364356,0.006527277409224361,-0.0007840029292748534,-0.005660793473759607,0.001382270319488247,-8.436401333240334e-05
50,23,118,25.215835571289062,1.0203341017997345,0.16716609364233986,0.12226650654042616,-0.11384032779802383,0.001996888573088501,0.0005669403516115706,0.006386140808179739,-0.0007605603671976629,-0.005739854220551057,0.001389653600464827,-8.409423908160924e-05
50,23,119,25.214813232421875,1.020309590111998,0.16788646682232747,0.12226177011569607,-0.11489611652651543,0.0020019957352025355,0.0006682000205630907,0.006241455007153506,-0.000737060750878227,-0.005818909647403957,0.0013968654081389158,-8.381596182454523e-05
50,23,120,25.213829040527344,1.0202784941694154,0.16860050445319077,0.12226030407947008,-0.11593394422535859,0.002007128855926049,0.000772709879551454,0.006090618259971688,-0.0007131961965419553,-0.005897889455130313,0.0014038939270368616,-8.35288053793931e-05
50,23,121,25.212875366210938,1.0202384382156184,0.16930774212645391,0.12226161975300623,-0.11695399174222863,0.0020122284014420923,0.0008825722131311876,0.0059313094548774595,-0.0006887034573529209,-0.0059767347444104535,0.0014107313132727948,-8.323269191543186e-05
50,23,122,25.21196174621582,1.0201876402322212,0.17000774609170266,0.12226525351801079,-0.11795643040650217,0.0020172409001239545,0.0009991365202249945,0.005761804766199695,-0.000663398691863889,-0.006055398015793031,0.0014173727016516824,-8.292766683391541e-05
50,23,123,25.21108055114746,1.0201250736351812,0.1707001676341266,0.12227082946775918,-0.11894144106585453,0.0020221211187060164,0.0011229203255203844,0.005581132728629828,-0.0006371930836771377,-0.006133844309681855,0.0014238162056693278,-8.261402200004753e-05
50,23,124,25.21023178100586,1.0200506210050708,0.17138468449669464,0.12227798422575094,-0.1199092140862597,0.0020268314405206497,0.001253550405391913,0.005389240316769965,-0.0006101074154376084,-0.006212049686353447,0.0014300622224845095,-8.229210765207274e-05
50,23,125,25.209415435791016,1.0199649639929047,0.17206095596913662,0.12228631682481313,-0.12085993983369171,0.0020313441971098463,0.0013899532685957732,0.005186889395535116,-0.0005822557956297917,-0.006289999705974597,0.001436114127946842,-8.196243617557102e-05
50,23,126,25.208627700805664,1.0198695170250578,0.17272869414712397,0.12229550147911777,-0.1217937991558259,0.002035639802935916,0.001530502503047375,0.004975577682295955,-0.0005538325877318521,-0.006367688668611142,0.0014419766879616637,-8.162558481505648e-05
50,23,127,25.207868576049805,1.0197661184707982,0.17338760560077637,0.12230518734238857,-0.12271098241863625,0.0020397073771445855,0.0016733524874617408,0.00475723560167955,-0.0005250748968879659,-0.006445121514206023,0.0014476562570694261,-8.12822281034445e-05
50,23,128,25.20713996887207,1.0196568896564258,0.17403743560169446,0.12231506115902167,-0.12361168950639549,0.002043542567394146,0.0018165919941953838,0.004534075713448925,-0.0004962433557648846,-0.006522310022623176,0.0014531619699220282,-8.093311840437149e-05
50,23,129,25.206438064575195,1.019543835512209,0.17467791514504785,0.12232479714318908,-0.12449610126677896,0.002047148171618554,0.0019585827575681995,0.004308196522737675,-0.00046757742225904235,-0.006599273573638748,0.0014585036561992305,-8.057909888398168e-05
50,23,130,25.20576286315918,1.0194286768897942,0.17530882518351476,0.12233410709973527,-0.12536441758405933,0.0020505304074488213,0.002098090028047398,0.004081400893074161,-0.00043927593661331564,-0.006676035726980608,0.0014636931313746844,-8.022106459556664e-05
50,23,131,25.20511245727539,1.0193125909334837,0.17592995326536287,0.1223427028335047,-0.12621682882421065,0.002053700311179997,0.002234446217718919,0.003854939673585095,-0.00041147081633970004,-0.006752629162271283,0.0014687425087911254,-7.985995599367185e-05
50,23,132,25.204486846923828,1.019196203469347,0.17654111835298578,0.12235032120979014,-0.12705352535320694,0.002056671250718758,0.002367490150610415,0.003629499193005469,-0.00038422800385563605,-0.006829085799142078,0.0014736658875851801,-7.949675244820331e-05
50,23,133,25.20388412475586,1.019079580049578,0.17714218897883346,0.12235674921478097,-0.12787469753702219,0.002059458148379536,0.0024975267275398495,0.0034051885035686854,-0.0003575493290795461,-0.006905442117171629,0.0014784767711553074,-7.913245278674726e-05
50,23,134,25.203306198120117,1.018962278598394,0.17773303087717449,0.12236174877421829,-0.12868053574163044,0.0020620784135291672,0.0026252520179771734,0.0031816016608371012,-0.00033138126689757127,-0.0069817338359473465,0.00148318896076905,-7.876799746384922e-05
50,23,135,25.2027530670166,1.0188436315787759,0.17831357271020407,0.12236515699518809,-0.12947123033300567,0.002064549766416038,0.0027514829322132805,0.002958092355243945,-0.0003056462418394422,-0.007057992875100538,0.0014878150662176158,-7.84042750469073e-05
50,23,136,25.202219009399414,1.018722659692893,0.17888372094713545,0.12236676086387976,-0.13024697167712196,0.0020668916371370644,0.0028772462879596383,0.0027337011272311165,-0.00028023619068688556,-0.007134248114297621,0.0014923670022643516,-7.80420638431316e-05
50,23,137,25.20170021057129,1.0185985217711384,0.17944343824506748,0.12236641001760346,-0.13100795965825196,0.0020691239221114874,0.0030034064098891987,0.002507598329417431,-0.00025505978090434826,-0.007210521593284022,0.0014968544000096284,-7.76820448713309e-05
50,23,138,25.201208114624023,1.0184706569264987,0.17999265163702668,0.12236391650299688,-0.131754375124071,0.0020712657405546724,0.00313059384343004,0.0022792449536309105,-0.0002300585041179815,-0.007286826231910506,0.0015012850040496215,-7.7324743488872e-05
50,23,139,25.200733184814453,1.0183387654624156,0.180531340074187,0.12235914248759433,-0.13248641795885185,0.00207333698888586,0.0032592563910793866,0.0020483577391964894,-0.0002052016275014211,-0.007363168110106847,0.0015056646724763095,-7.697051641989283e-05
50,23,140,25.20027732849121,1.0182029257576455,0.18105946010915663,0.1223519250784818,-0.13320427852856848,0.002075356941761191,0.003389604454157626,0.0018150413612510465,-0.0001804990685589749,-0.0074395396279608285,0.0015099958875320562,-7.66196231001301e-05
50,23,141,25.199838638305664,1.0180636034334238,0.18157699452183595,0.12234213897341778,-0.13390814719919492,0.0020773439411921535,0.0035216037889443824,0.001579789181102808,-0.0001559991077275945,-0.007515929385604127,0.0015142799399828905,-7.627212190262455e-05
50,23,142,25.199417114257812,1.0179214570864208,0.18208396108564526,0.12232969646083318,-0.13459822385500386,0.002079315085664033,0.00365515528621049,0.0013432842759293474,-0.00013176773644039234,-0.007592312303326432,0.0015185155390627836,-7.592799985558935e-05
50,23,143,25.199012756347656,1.0177773364216005,0.18258036414705034,0.12231449729893476,-0.13527469886196936,0.0020812837430835072,0.0037900758737585546,0.001106406317072126,-0.00010788858360313372,-0.0076686587414701015,0.0015226999046602878,-7.558712724115616e-05
50,23,144,25.19862174987793,1.017631997826996,0.1830662642808293,0.12229651642727422,-0.1359377625860654,0.002083261882390276,0.003926313856741469,0.0008699298004961225,-8.443203572085669e-05,-0.0077449307004740595,0.0015268291644773156,-7.524934191198954e-05
50,23,145,25.19824981689453,1.0174860861869313,0.1835417595828029,0.12227576637607573,-0.13658761491156474,0.0020852569647415555,0.00406392553973793,0.0006345087269520005,-6.145460786341418e-05,-0.007821086380821119,0.001530898056160056,-7.491441037592649e-05
50,23,146,25.197893142700195,1.017339975169639,0.1840069748820106,0.12225230979646004,-0.13722443668614262,0.002087272409834402,0.004203170055516551,0.0004005160250636209,-3.898388768488157e-05,-0.00789708094302921,0.0015349015159340864,-7.458207968312372e-05
50,23,147,25.197547912597656,1.0171937540117502,0.1844620899457891,0.12222625946044453,-0.13784842779407183,0.0020893099275173447,0.004344502779705026,0.0001680247610779621,-1.7017658247259234e-05,-0.007972864227677708,0.0015388335864177341,-7.425210985552479e-05
50,23,148,25.197219848632812,1.0170471688335336,0.1849073277844023,0.12219779079116737,-0.13845977860132636,0.002091367030737978,0.004488599367247696,-6.324968570646094e-05,4.480436292442845e-06,-0.008048391395284543,0.0015426894024159659,-7.392428685864696e-05
50,23,149,25.196901321411133,1.016899658617995,0.18534293569077506,0.12216710427221501,-0.13905867947388023,0.0020934389008322673,0.004636312947755083,-0.0002939097131987891,2.557579968985267e-05,-0.008123613046420312,0.0015464636022852758,-7.359840314390087e-05
50,23,150,25.19659996032715,1.0167504961483163,0.18576918482464572,0.12213443797784636,-0.13964531125940874,0.0020955183875245474,0.004788584235737902,-0.0005247322091346024,4.634845156130229e-05,-0.008198482061629282,0.001550151320830631,-7.3274264134484e-05
50,23,151,25.196304321289062,1.016598876907103,0.18618639075398183,0.12210006757299281,-0.14021987384218462,0.0020975970970129507,0.0049464003722892984,-0.000756582009624642,6.688438428699284e-05,-0.008272954361420599,0.0015537484871745548,-7.295173362663458e-05
50,23,152,25.19602394104004,1.0164440269951676,0.18659486697785063,0.12206428125280991,-0.1407825480698832,0.002099665391969407,0.005110742571704664,-0.000990293514326318,8.726394068034385e-05,-0.008346985866303414,0.0015572510304395705,-7.263066893069744e-05
50,23,153,25.195758819580078,1.0162853519795632,0.18699494469290653,0.12202739227290146,-0.14133351479017978,0.0021017137905066227,0.005282479109855457,-0.0012265228500086057,0.00010754865991759151,-0.008420537056734208,0.0015606560712245361,-7.231096627237792e-05
50,23,154,25.195499420166016,1.0161224352685891,0.18738695598590746,0.12198970135864719,-0.14187296436904834,0.0021037326552965263,0.00546240022644266,-0.001465746307303287,0.0001277819617148776,-0.00849356917316068,0.0015639605315489209,-7.199252836327475e-05
50,23,155,25.195249557495117,1.015955157973879,0.1877712574459793,0.12195154682609924,-0.14240108717246297,0.0021057143697411278,0.005651153588754539,-0.0017081426593383994,0.00014797882036000782,-0.008566046495995417,0.0015671621277497493,-7.167527737266692e-05
50,23,156,25.195011138916016,1.0157836617239773,0.1881481745653052,0.12191322940063727,-0.14291806404809893,0.002107650384597784,0.005849275901254681,-0.0019536204873265377,0.00016812896706969153,-0.008637937105607115,0.0015702587747434367,-7.135915492751367e-05
50,23,157,25.194782257080078,1.0156083533852578,0.18851805730252666,0.12187508739831347,-0.14342407584363157,0.0021095346376762574,0.00605718138125302,-0.0022018236206705344,0.00018819876075435737,-0.008709215922285463,0.0015732497775021207,-7.104414157013477e-05
50,23,158,25.194564819335938,1.0154297631049494,0.18888127341567448,0.12183747166540412,-0.14391931292503488,0.0021113621548717377,0.006275257246203036,-0.0024522743305497494,0.0002081442670333073,-0.00877985938630259,0.0015761349374464122,-7.073025027231703e-05
50,23,159,25.194351196289062,1.0152484181477297,0.1892381315391065,0.12180064533661646,-0.14440395613998416,0.0021131293610463925,0.006503922323146252,-0.0027044871344297007,0.0002279221887295797,-0.008849846977895516,0.0015789144531557003,-7.041750697763414e-05
50,23,160,25.194154739379883,1.0150648991553204,0.1895889607473864,0.12176490913733015,-0.14487817681785609,0.0021148334582662656,0.006743565146602319,-0.002957926525815629,0.0002474857322149413,-0.008919168057187139,0.001581590409713571,-7.01060284321676e-05
50,23,161,25.19395637512207,1.0148795887613808,0.18993412331942747,0.12173058885337322,-0.14534215580632592,0.002116473203005155,0.006994727689299497,-0.003212265348007327,0.0002668074323744968,-0.008987815784256465,0.0015841648922036093,-6.979591192431866e-05
50,23,162,25.193769454956055,1.0146926968729537,0.1902739575669111,0.12169794761945288,-0.1457960834713677,0.002118047973499959,0.0072580493868624986,-0.003467348276608137,0.0002858753783999424,-0.009055785599156164,0.0015866413757651247,-6.948733905910301e-05
50,23,163,25.193592071533203,1.0145043546053638,0.19060879668125477,0.12166726110050052,-0.14624012162405933,0.0021195576143099026,0.007534224991695108,-0.0037230997754380403,0.0003046846197084029,-0.009123081301842344,0.001589024427724067,-6.918051738511e-05
50,23,164,25.193418502807617,1.0143144479104296,0.19093900081471002,0.12163880496144751,-0.14667445111207614,0.002121002280875761,0.007824078987218683,-0.003979699680634232,0.00032325227910797485,-0.009189712012209666,0.0015913189132754687,-6.88756609368224e-05
50,23,165,25.193256378173828,1.014122781561868,0.19126489373627675,0.12161279221610446,-0.14709924326479473,0.0021223843048091633,0.008128500393096837,-0.004237404114873325,0.00034160149199585733,-0.009255686090161565,0.0015935302933525305,-6.85730356358703e-05
50,23,166,25.193099975585938,1.013929169410959,0.1915868468357273,0.12158948599917861,-0.14751467892989042,0.0021237066394848418,0.008448356497401397,-0.0044964697010715406,0.0003597545114871529,-0.009321014935566363,0.0015956640288884525,-6.827287497441673e-05
50,23,167,25.19294548034668,1.0137334942810774,0.19190516963360307,0.12156906173380812,-0.1479209199184411,0.0021249723937183025,0.008784484954215408,-0.004757071523089844,0.0003777264997630768,-0.009385712988257272,0.0015977263751339918,-6.797542541641154e-05
50,23,168,25.192800521850586,1.0135356503972615,0.1922202058260443,0.12155171990357942,-0.14831813755982345,0.0021261854535289284,0.0091377365882836,-0.005019380162632777,0.00039553131192025673,-0.009449794688067501,0.0015997223958635703,-6.768092693991117e-05
50,23,169,25.19266128540039,1.0133356809363885,0.19253227394642752,0.12153762340140653,-0.14870649366511535,0.0021273511039030806,0.009508862127321903,-0.005283410126648822,0.00041316966685521586,-0.009513271434865371,0.0016016578498794722,-6.738958060761155e-05
50,23,170,25.19252586364746,1.0131337430252607,0.19284170064290393,0.12152692258997928,-0.14908615956369337,0.002128475251590221,0.009898564226131116,-0.005549061867457027,0.00043063290513256186,-0.009576156148501653,0.0016035372052179522,-6.710155505274151e-05
50,23,171,25.192398071289062,1.0129301709423182,0.19314880976308862,0.12151976783198754,-0.14945729706663546,0.0021295636478990375,0.010307419759692954,-0.005816055250879845,0.00044789746655260465,-0.009638460228844665,0.0016053654263637378,-6.681702539442335e-05
50,23,172,25.192272186279297,1.0127252904094282,0.1934539117504976,0.1215162593692245,-0.14982007750331827,0.002130621733256666,0.010736006261522222,-0.006084116645854565,0.00046494109800024173,-0.009700191275806626,0.0016071461870355275,-6.653611486463197e-05
50,23,173,25.192153930664062,1.0125194839203684,0.19375730144738246,0.12151648491325927,-0.15017465316652095,0.0021316551035310176,0.011184819607031287,-0.006352911892326539,0.0004817374290439198,-0.009761359929264638,0.0016088835581107982,-6.625894669534229e-05
50,23,174,25.19203758239746,1.012313170138664,0.19405929674568567,0.12152054470588507,-0.15052118586732147,0.0021326684219453527,0.01165430496458504,-0.0066220748149065445,0.0004982576711455987,-0.009821968469192364,0.0016105804189906917,-6.598560520316875e-05
50,23,175,25.191925048828125,1.0121066233793894,0.19436022897229716,0.12152853898889511,-0.1508598374167977,0.0021336669734860316,0.012144939770669489,-0.006891389310086188,0.000514486368030031,-0.009882022975519576,0.0016122397483660444,-6.571616821883236e-05
50,23,176,25.19182014465332,1.0119001081427204,0.19466041442408819,0.12154053041341019,-0.15119076962602757,0.0021346534006462356,0.012657150754723168,-0.0071606467779511155,0.0005304088149956071,-0.009941526488211162,0.0016138646242173874,-6.545070060126727e-05
50,23,177,25.191720962524414,1.0116937261828414,0.19496017608996985,0.1215565941607752,-0.1515141252694916,0.0021356300350375943,0.013191392304574143,-0.007429806198853902,0.0005460244238542628,-0.010000479767258343,0.0016154572309180013,-6.518926720940767e-05
50,23,178,25.19162368774414,1.0114875264727443,0.1952598663837397,0.12157681794255924,-0.1518300661582677,0.002136598897390187,0.013748038467014214,-0.007698886581899452,0.0005613374753080219,-0.01005888357265234,0.0016170198521308604,-6.493190047272063e-05
50,23,179,25.191524505615234,1.011281551813872,0.1955598209965253,0.12160126440988307,-0.15213874458513504,0.002137560920348665,0.014327385581931251,-0.00796791043786989,0.0005763529362783172,-0.010116739424375597,0.0016185542750704668,-6.46786457924601e-05
50,23,180,25.191436767578125,1.011075699756275,0.19586040352499606,0.12163003380453993,-0.15244030332457423,0.002138516103913029,0.014929740525742469,-0.00823705435134499,0.0005910878315419011,-0.010174044282463225,0.0016200625848204059,-6.442950965451946e-05
50,23,181,25.191349029541016,1.0108699214889252,0.19616194528087388,0.12166316371720226,-0.15273489466936438,0.002139464603524054,0.015555253443991056,-0.008506434377912596,0.0006055547744650431,-0.010230795866941565,0.001621545873567318,-6.418452448836583e-05
50,23,182,25.191265106201172,1.0106642327496975,0.19646478388779567,0.12170071679899085,-0.15302266139398607,0.002140404243010885,0.016203934873206358,-0.008776102542491393,0.0006197617382637272,-0.010286986577898396,0.0016230055313669267,-6.394369029399919e-05
50,23,183,25.191184997558594,1.0104587562174927,0.19676924452118652,0.12174275570102644,-0.1533037462729198,0.0021413340897288714,0.016875551692676582,-0.009045999816808255,0.0006337084615210359,-0.010342615655342497,0.0016244426504058722,-6.370700058552611e-05
50,23,184,25.19110870361328,1.0102535926532017,0.19707564331201355,0.12178933054420568,-0.15357830159894473,0.0021422524338294835,0.01756972327027909,-0.009316088182653375,0.0006473972969892267,-0.010397677019344099,0.0016258582235810998,-6.347444887705321e-05
50,23,185,25.191030502319336,1.0100489364063272,0.19738426109589716,0.12184047891920101,-0.15384646062824275,0.00214315834266807,0.018285909608884873,-0.009586227572937976,0.0006608233431010963,-0.010452160030026098,0.0016272523501823042,-6.324599625321996e-05
50,23,186,25.190956115722656,1.0098450552836715,0.1976953410754336,0.12189622588646074,-0.15410835661699562,0.002144049640073776,0.019023259883749206,-0.009856195881278432,0.0006739765353053209,-0.01050606316740605,0.0016286259238167363,-6.302162974223953e-05
50,23,187,25.19089126586914,1.009642285324947,0.19800910771787442,0.12195659650643317,-0.15436413233968388,0.002144923683553421,0.019780724393135947,-0.01012569796630911,0.0006868427570883552,-0.010559373511633191,0.001629978944484396,-6.280131042875141e-05
50,23,188,25.190824508666992,1.0094409628259866,0.1983257306552677,0.12202159077911831,-0.1546139210524893,0.0021457784523769255,0.020557033485258846,-0.010394427681393124,0.0006994078265824248,-0.010612084982777747,0.0016313120079234512,-6.258500588328854e-05
50,23,189,25.19076156616211,1.0092414913911396,0.19864534202039572,0.12209122123474031,-0.15485785601159374,0.002146613169340414,0.02135062643670846,-0.010662002843473956,0.0007116536406659923,-0.010664191500909947,0.0016326250148442066,-6.237267719049039e-05
50,23,190,25.19070053100586,1.00904412371485,0.19896801923464907,0.12216547534307504,-0.1550960609548803,0.002147426280036132,0.022159833207583367,-0.010928184338021488,0.0007235743174584139,-0.010715683186143908,0.0016339187595642189,-6.216430489267672e-05
50,23,191,25.190643310546875,1.0088492650536807,0.19929378272950596,0.1222443405738983,-0.15532866913853077,0.0021482165409378775,0.02298261761358737,-0.011192565970478276,0.0007351533223396575,-0.010766555478532303,0.0016351933413731826,-6.195986953216728e-05
50,23,192,25.190584182739258,1.0086570657963172,0.1996225495973317,0.12232770415519274,-0.15555580430042826,0.002148982863960223,0.023816900007240703,-0.011454980660816995,0.0007463922891654574,-0.010816803818127801,0.001636449157429876,-6.17593451653884e-05
50,23,193,25.19053077697754,1.0084678133411076,0.19995421171906336,0.12241554102651005,-0.1557775901784559,0.0021497246273400675,0.024660214840676296,-0.011715116259525522,0.0007572844210959588,-0.010866416805062082,0.001637686704182772,-6.15627058487664e-05
50,23,194,25.190479278564453,1.0082816832046997,0.20028852827120827,0.12250770082516037,-0.1559941409921981,0.002150440898432759,0.025510012273792307,-0.011972747658782612,0.0007678305023819138,-0.01091538835940537,0.0016389058823421758,-6.136993212462105e-05
50,23,195,25.190433502197266,1.0080987657348108,0.2006252463636454,0.12260409583957464,-0.15620558047953798,0.002151131521797522,0.02636360549160538,-0.012227733791020289,0.0007780383755308478,-0.010963715441192779,0.0016401070890668657,-6.118099804937866e-05
50,23,196,25.190387725830078,1.0079192208377743,0.20096397734254814,0.1227045506466147,-0.15641203237835863,0.0021517968083159074,0.027218020558707475,-0.01247983454122922,0.0007879100665238714,-0.011011383610591102,0.001641289827908369,-6.09958517358919e-05
50,23,197,25.190340042114258,1.007743233881309,0.201304237560008,0.12280887729291824,-0.15661360138994573,0.0021524373797510163,0.02807009651629466,-0.012728763772356629,0.0007974453792982965,-0.01105838982763545,0.00164245419815638,-6.0814473726480526e-05
50,23,198,25.190298080444336,1.0075709460524382,0.20164548336058413,0.12291688782512297,-0.15681039221558504,0.0021530540133067252,0.028916603918122234,-0.012974267362684309,0.0008066477776282799,-0.011104718892501394,0.0016435994054933426,-6.063680564810378e-05
50,23,199,25.19025993347168,1.0074026417938589,0.20198704458450809,0.12302831910852166,-0.15700251907486096,0.0021536491960354393,0.029754049904711845,-0.013215918107591502,0.0008155090922351496,-0.011150361685294274,0.0016447246556017003,-6.0462769670040644e-05
50,23,200,25.19021987915039,1.0072384595689456,0.20232821775849,0.12314293306885539,-0.15719008666905918,0.0021542246377856877,0.030579015372290564,-0.013453429870025426,0.0008240322640592277,-0.011195302246198439,0.0016458285584257293,-6.029230093335697e-05
50,23,201,25.190185546875,1.0070785739622694,0.20266816806073013,0.12326037885984784,-0.15737319969946542,0.0021547822038467737,0.03138798902245368,-0.013686451481784939,0.0008322168356209084,-0.011239528415354342,0.0016469095253303166,-6.0125302149651474e-05
50,23,202,25.19015121459961,1.0069231442478477,0.20300603518278032,0.12338034322589518,-0.1575519628673654,0.0021553248475934287,0.03217745428853181,-0.013914640778981753,0.0008400621533778981,-0.011283021192981446,0.0016479657691009606,-5.996168251641633e-05
50,23,203,25.19011878967285,1.0067722643477615,0.20334087960427924,0.12350243773004865,-0.1577264713557461,0.0021558555224003837,0.032944002603281376,-0.014137704621208648,0.0008475728574804823,-0.01132576613924654,0.0016489950060746864,-5.980131880167661e-05
50,23,204,25.190088272094727,1.0066259028666202,0.2036717400841907,0.12362622381446287,-0.15789682034759456,0.002156376715320044,0.03368451251988348,-0.014355471926521477,0.0008547616266491601,-0.011367742734386644,0.0016499954490369923,-5.964411371703106e-05
50,23,205,25.190061569213867,1.006484040285646,0.20399764822503505,0.12375128798174076,-0.15806309550759906,0.002156890757964039,0.03439595478615102,-0.014567756605788015,0.000861639505748696,-0.011408930458638772,0.0016509637221382631,-5.948991808693107e-05
50,23,206,25.190034866333008,1.0063466403292434,0.20431762236677353,0.12387716661358864,-0.15822539201874664,0.0021573999819439996,0.0350755029780868,-0.0147743855761057,0.0008682179971234603,-0.011449311072213612,0.00165189744242583,-5.9338602193508316e-05
50,23,207,25.19000816345215,1.0062135645357795,0.20463070965351202,0.12400337103126452,-0.15838379554572557,0.0021579070297531055,0.035720731059808795,-0.014975294806805385,0.0008745155960203662,-0.011488863295356958,0.0016527935319191618,-5.919002334710761e-05
50,23,208,25.189983367919922,1.006084705629278,0.20493598609209482,0.12412942508625055,-0.15853839175322418,0.0021584142330029863,0.0363293868481692,-0.015170393254279362,0.0008805472685579409,-0.011527567368297048,0.0016536492105068106,-5.904404534396719e-05
50,23,209,25.189960479736328,1.0059599467024374,0.20523258631691926,0.12425484009980474,-0.15868926630593075,0.002158923612423722,0.03689960801160603,-0.015359610884983246,0.0008863296147104461,-0.011565405051244567,0.001654461400208246,-5.890049955085821e-05
50,23,210,25.189939498901367,1.005839002139977,0.2055196860892742,0.12437906474206434,-0.15883649535023495,0.0021594362561007394,0.03742998792345152,-0.015543057751629645,0.0008918885801069439,-0.011602356584427754,0.0016552271223326308,-5.875925624991233e-05
50,23,211,25.189922332763672,1.0057216461892955,0.2057965561924242,0.12450156021339072,-0.1589801550325263,0.002159954184764118,0.03791953614994712,-0.015720801886804536,0.0008972460584142752,-0.011638406008030955,0.0016559431996097398,-5.862015329379412e-05
50,23,212,25.189903259277344,1.005607690068522,0.20606255461193373,0.1246218127745936,-0.15912032149919447,0.0021604780201769586,0.03836756254842062,-0.01589289131350978,0.000902420414170895,-0.011673538122229741,0.0016566076462456816,-5.848305447874182e-05
50,23,213,25.18988609313965,1.0054969012856825,0.20631714759897543,0.12473933374693097,-0.15925707089662908,0.0021610082286615878,0.038773766827785654,-0.016059441086854018,0.0009074332796267264,-0.011707740007173345,0.0016572173842599252,-5.834782360099366e-05
50,23,214,25.18986701965332,1.0053890661542608,0.20655989363227772,0.12485360939121254,-0.15939046985292096,0.0021615460537442077,0.039138330743173445,-0.01622056626194588,0.0009123034767998299,-0.01174100406294955,0.0016577705271482745,-5.8214317970894476e-05
50,23,215,25.189849853515625,1.0052839439050252,0.20679044767157612,0.12496415102869632,-0.1595205849961611,0.002162090873661717,0.03946172580427225,-0.016376429916895877,0.000917051069438624,-0.011773324209628585,0.0016582658834343943,-5.8082440300043e-05
50,23,216,25.189834594726562,1.0051813957144833,0.20700859279076433,0.12507053263176107,-0.15964749247273902,0.002162641600328689,0.03974471590945969,-0.016527118092915672,0.0009216897819312776,-0.011804698167236786,0.0016587017651934774,-5.795208032825115e-05
50,23,217,25.1898193359375,1.005081281950271,0.20721418742749187,0.12517232817278556,-0.159771249392447,0.0021631987000674487,0.039988391589523116,-0.016672733839363442,0.0009262310512679314,-0.011835132015703924,0.0016590778745564404,-5.7823147253011066e-05
50,23,218,25.18980598449707,1.0049834649859448,0.2074072065845692,0.12526914921482107,-0.1598919223833759,0.0021637599967071425,0.04019415683699795,-0.016813403216619085,0.000930686771918332,-0.011864628794994884,0.0016593938143645048,-5.7695569729495185e-05
50,23,219,25.189794540405273,1.0048878144932771,0.20758773395456045,0.12536064491159124,-0.16000956855531795,0.002164324557603118,0.04036376598402038,-0.016949268292729778,0.0009350678580387852,-0.011893202184951658,0.0016596498824867543,-5.756929587055615e-05
50,23,220,25.189783096313477,1.0047942976608792,0.2077559052614355,0.12544651453771644,-0.16012424501806535,0.002164890206584521,0.04049896809446193,-0.017080383093572626,0.0009393774466323009,-0.011920867385398675,0.0016598472703995236,-5.744429324672688e-05
50,23,221,25.18977165222168,1.0047027423427355,0.20791199328003904,0.12552648242826522,-0.1602360279180077,0.0021654539902766197,0.040601957400558976,-0.017206973727448078,0.000943627824294002,-0.011947647956063802,0.0016599880631863984,-5.7320548886220546e-05
50,23,222,25.189762115478516,1.0046130148439951,0.208056320769374,0.12560034809965118,-0.1603449553283398,0.0021660138879493356,0.04067501242678271,-0.017329238289238828,0.0009478288595125241,-0.011973568216666128,0.0016600744452206586,-5.719806927493056e-05
50,23,223,25.18975067138672,1.0045249802912772,0.20818930521380538,0.12566797371940858,-0.16045108435885388,0.0021665669462279376,0.040720553940750484,-0.017447396884370088,0.0009519897672342093,-0.01199865400690719,0.0016601087994549736,-5.707688684232402e-05
50,23,224,25.189739227294922,1.0044386233331897,0.20831138963734136,0.12572923398529592,-0.1605544911559395,0.002167110367178469,0.040740957929829916,-0.017561553562679237,0.0009561105474590577,-0.012022944086339284,0.0016600947996080419,-5.6957021046081155e-05
50,23,225,25.189729690551758,1.0043538769532003,0.2084230478180216,0.1257840787764166,-0.16065521379279152,0.002167641197426199,0.04073863462510902,-0.017671872402755983,0.000960195513566208,-0.01204646809462005,0.0016600357222397834,-5.683852377334932e-05
50,23,226,25.18972396850586,1.0042707071502537,0.2085248152684881,0.12583252062299471,-0.1607533093792021,0.002168156794477948,0.04071600742833748,-0.01777849747360592,0.0009642450576810363,-0.012069267831266677,0.0016599359360967587,-5.672146636895609e-05
50,23,227,25.189714431762695,1.0041891510726013,0.20861720909871112,0.12587457205525449,-0.16084881598836606,0.002168654360399759,0.040675462863412275,-0.01788149680781502,0.0009682549971328629,-0.012091381295840238,0.0016597995120564441,-5.6605907205942236e-05
50,23,228,25.18970489501953,1.0041092226827695,0.20870079236657382,0.12591032078476494,-0.16094179073007558,0.002169131252698452,0.040619305796127936,-0.017980972454262254,0.0009722219988559893,-0.012112847247893037,0.0016596301238375386,-5.6491917629135334e-05
50,23,229,25.189699172973633,1.004030958642917,0.20877615956822324,0.12593992970444007,-0.16103229071412292,0.002169584673440071,0.04054976733657358,-0.01807701045415929,0.0009761422069508826,-0.012133708246933477,0.0016594331330835473,-5.6379568983362985e-05
50,23,230,25.189693450927734,1.0039543813850385,0.2088438723039346,0.12596354917696978,-0.16112037305030025,0.002170013068216863,0.04046895479061851,-0.018169704852551455,0.0009800112426841744,-0.012154003052513861,0.0016592123128028637,-5.6268952071133015e-05
50,23,231,25.189685821533203,1.003879569422238,0.2089044869540884,0.1259813922161646,-0.16120607581180238,0.0021704139499764226,0.04037883848925051,-0.018259091666690146,0.0009838212635483396,-0.012173773464151372,0.0016589725281905207,-5.6160144723166445e-05
50,23,232,25.189682006835938,1.0038064440205123,0.20895854551769205,0.1259936467753869,-0.16128943707182408,0.0021707859197517723,0.04028140720238372,-0.01834536498954123,0.000987573968753342,-0.012193057481407088,0.001658717850123995,-5.605321828429085e-05
50,23,233,25.189674377441406,1.0037350336927071,0.20900663368872904,0.12600061358001635,-0.1613705139401576,0.0021711280448982596,0.04017846531066872,-0.018428618866150034,0.0009912651756285014,-0.012211890063877202,0.0016584521509013738,-5.594823761344041e-05
50,23,234,25.189666748046875,1.0036653229945949,0.20904929389451704,0.1260025808252085,-0.16144936352659514,0.002171439859093559,0.040071648610286566,-0.01850898335881327,0.0009948935117350013,-0.012230306931149125,0.0016581792035310504,-5.584526108365588e-05
50,23,235,25.18966293334961,1.0035973128665323,0.20908703334538573,0.12599984923634297,-0.16152602390433152,0.002171720896015344,0.039962466459066134,-0.01858656451832673,0.0009984552518817668,-0.012248335442906834,0.0016579023838626395,-5.5744347067978015e-05
50,23,236,25.189659118652344,1.003530932380181,0.20912038904564234,0.12599276965969616,-0.16160055218315886,0.0021719713111043905,0.039852364995660215,-0.018661548433822638,0.0010019527488210557,-0.012266006758790412,0.0016576244720075885,-5.5645508538193645e-05
50,23,237,25.189653396606445,1.003466188258856,0.20914982846123767,0.12598168041132016,-0.16167298643627206,0.002172191415242249,0.03974256118920833,-0.018734027149387905,0.0010053822773617934,-0.012283344438527726,0.0016573482480773448,-5.5548803867343524e-05
50,23,238,25.189647674560547,1.0034031297377841,0.20917578773528456,0.12596694486771542,-0.16174336473686587,0.002172382607395897,0.039634042839336726,-0.018804042685149163,0.0010087379556233363,-0.012300368241890541,0.0016570759957348833,-5.545423954132107e-05
50,23,239,25.18964385986328,1.00334163840632,0.20919871480542115,0.12594891387515827,-0.16181174419473252,0.002172545975650762,0.03952783462352433,-0.0188718111446148,0.001012023900922135,-0.012317094888685728,0.0016568092043256221,-5.536180258833946e-05
50,23,240,25.189640045166016,1.003281787167321,0.2092189987435582,0.12592796334037332,-0.16187816288306678,0.002172683229855373,0.03942465829403138,-0.018937340531618472,0.0010152337738979398,-0.012333542618702602,0.001656549462484674,-5.5271512466078924e-05
50,23,241,25.189634323120117,1.0032235038260382,0.20923701740563966,0.12590444410963686,-0.16194265887506348,0.0021727963907398084,0.03932526721270614,-0.01900078491995782,0.0010183688162811093,-0.012349719031853385,0.0016562973659502067,-5.5183323773285556e-05
50,23,242,25.18963050842285,1.003166776744284,0.20925311958029244,0.12587870702922518,-0.16200528928051486,0.002172886235507946,0.03923018820601595,-0.019062230350844526,0.0010214269367363029,-0.012365633248032729,0.0016560540069088597,-5.5097242995852773e-05
50,23,243,25.189626693725586,1.0031115746145656,0.20926762529088394,0.1258510904151905,-0.16206609217261564,0.0021729552512121894,0.039139919124972423,-0.01912177687219914,0.001024408658097356,-0.012381290587179189,0.001655819683229717,-5.501322473252665e-05
50,23,244,25.18962287902832,1.0030577984086109,0.20928083919089516,0.125821945113809,-0.16212510562456067,0.002173005614023394,0.039054839284632034,-0.019179590563569777,0.0010273177709095723,-0.01239669484924887,0.001655594295623084,-5.4931230067946695e-05
50,23,245,25.18962287902832,1.0030053722333203,0.20929303599337137,0.1257916219713571,-0.16218236770954478,0.0021730399664347407,0.038975169952111054,-0.019235807490128393,0.001030157804301338,-0.01241184831421544,0.0016553779433786553,-5.485121360085897e-05
50,23,246,25.189619064331055,1.0029542784875822,0.20930448821259043,0.12576047183411107,-0.16223793553736013,0.002173059862853982,0.03890104283402632,-0.019290503688294606,0.0010329277126049834,-0.012426750222087675,0.001655170130047958,-5.477312993000957e-05
50,23,247,25.18961524963379,1.0029044084060732,0.20931541584752883,0.12572877036700225,-0.16229184718120152,0.0021730676348927485,0.0388326291489797,-0.019343837233782888,0.0010356331162842344,-0.012441399052883132,0.001654970458472214,-5.4696927168251144e-05
50,23,248,25.189611434936523,1.0028556623029306,0.20932600727869133,0.12569679323496205,-0.16234414071426378,0.002173065458721894,0.0387699288969712,-0.019395950194640427,0.001038277936592854,-0.012455793286619369,0.0016547784322029505,-5.4622566400223205e-05
50,23,249,25.189611434936523,1.0028080032628202,0.20933643277907957,0.12566482863314601,-0.16239485420974173,0.002173055044189947,0.03871280246898699,-0.019446916606328433,0.0010408635459696588,-0.012469929123340277,0.001654593455502,-5.454998276699157e-05
50,23,250,25.189607620239258,1.0027614296590617,0.20934685356683125,0.12563313969626136,-0.16244402574083014,0.002173038722908538,0.038661139231468925,-0.019496772486098303,0.0010433881144962264,-0.012483805803054634,0.0016544149326311957,-5.4479117895515485e-05
50,23,251,25.189603805541992,1.0027159231536693,0.20935739754301255,0.1256019895590153,-0.1624916933807238,0.00217301804928542,0.03861464679572763,-0.01954556385599349,0.00104585236106908,-0.012497418765815114,0.001654241969983286,-5.4409939356327864e-05
50,23,252,25.18960189819336,1.0026714570047912,0.2093681710886523,0.12557159123521847,-0.16253789520261755,0.002172995044050672,0.03857307491919114,-0.01959334073997427,0.0010482563510424486,-0.012510767251630492,0.0016540744682685769,-5.434238877638796e-05
50,23,253,25.18960189819336,1.0026280169374873,0.20937927457672942,0.12554214520845733,-0.16258268831630357,0.002172970795289722,0.03853609960358205,-0.019640139155292044,0.0010506003458332503,-0.01252384746054466,0.0016539116331695115,-5.427642724033526e-05
50,23,254,25.189599990844727,1.002585573397951,0.20939077266672634,0.12551382690187,-0.16262609175837928,0.0021729465465287713,0.03850344163087267,-0.019686003123031856,0.0010528858485887602,-0.012536657872575178,0.0016537527696582285,-5.4212009346915855e-05
50,23,255,25.189599990844727,1.0025439804650529,0.20940276301261684,0.12548682426881883,-0.16266814360203946,0.002172923852175574,0.0384748770998144,-0.019731102724658646,0.0010551210285876507,-0.012549198487722044,0.0016535979770244218,-5.414911239550277e-05
50,23,256,25.18959617614746,1.002503201232547,0.20941531241052366,0.12546127514176947,-0.16270890095707635,0.0021729033339932314,0.0384500951827915,-0.0197754899850911,0.0010573079118110322,-0.01256147006597648,0.0016534466595299246,-5.40876909848421e-05
50,23,257,25.189594268798828,1.0024633074333522,0.20942841764608433,0.1254372922927393,-0.16274838286008733,0.0021728856137448443,0.03842864544317443,-0.019819090868868006,0.0010594412045663254,-0.012573471087356042,0.001653298519305653,-5.402770944252004e-05
50,23,258,25.189594268798828,1.0024243220776525,0.20944207640233822,0.12541496343329744,-0.1627866273842672,0.002172871157752739,0.038410080078465955,-0.019861881364488437,0.001061518946226649,-0.012585203831834396,0.0016531537549309963,-5.396915479674976e-05
50,23,259,25.189592361450195,1.0023862828895203,0.2094562632023453,0.1253943386843405,-0.16282365356621337,0.002172861054102343,0.03839402767600661,-0.019903817450867348,0.0010635376076636163,-0.01259666753942032,0.0016530114727987032,-5.39119654315438e-05
50,23,260,25.189590454101562,1.0023491632533659,0.20947100042058767,0.12537549322721336,-0.16285951851571803,0.0021728559245567576,0.038380132627930955,-0.01994493114333931,0.0010654991495041093,-0.012607862210113813,0.0016528717721984686,-5.385613810395544e-05
50,23,261,25.18958854675293,1.0023129848174692,0.20948625110246896,0.1253584646525885,-0.1628942412693786,0.0021728557691159823,0.038367997180256165,-0.019985192427528168,0.0010674020032466224,-0.012618792403862204,0.0016527344545509033,-5.380163714157089e-05
50,23,262,25.18958854675293,1.0022776141760708,0.2095019946847986,0.12534324043024178,-0.16292785990038985,0.002172860898661568,0.03835739479760128,-0.020024733366689043,0.0010692538806902224,-0.012629461920621605,0.0016526000163044798,-5.374845281555003e-05
50,23,263,25.189586639404297,1.0022430027375049,0.20951820453123549,0.12532980802994903,-0.16296041248194665,0.0021728716240750653,0.03834806470086498,-0.020063597981906982,0.0010710577881294602,-0.01263987532033934,0.0016524679610107258,-5.369654945347907e-05
50,23,264,25.189584732055664,1.0022092112483256,0.20953480610095843,0.1253181298610378,-0.16299191805064633,0.0021728874790341484,0.03833964864804949,-0.020101708235803952,0.0010728097389563441,-0.012650030323041747,0.0016523382886696409,-5.364591084062445e-05
50,23,265,25.189584732055664,1.002176124998345,0.20955175595225725,0.12530814327238732,-0.16302241467968373,0.0021729083080980417,0.03833195434749423,-0.02013917218013415,0.0010745163339480408,-0.012659936048623484,0.0016522110985709199,-5.359651751930594e-05
50,23,266,25.189584732055664,1.0021438648407428,0.20956900509080773,0.1252998232035493,-0.16305194044225366,0.0021729338003851945,0.03832463936199545,-0.02017585575068404,0.001076170972327384,-0.012669590977102109,0.0016520861921351733,-5.354833381710973e-05
50,23,267,25.189584732055664,1.0021123111505552,0.20958649600660395,0.12529306941273044,-0.1630805143749535,0.002172964266777158,0.03831763783824472,-0.020211869000166225,0.001077780124163081,-0.012679001188407393,0.0016519635693624016,-5.3501350005195685e-05
50,23,268,25.189584732055664,1.0020815437771828,0.20960414274459255,0.12528780671858591,-0.16310815551438065,0.0021729995518331565,0.03831064685102334,-0.02024711188066015,0.001079338299699865,-0.012688170482495445,0.0016518435281216884,-5.345554338293687e-05
50,23,269,25.189584732055664,1.0020515651366093,0.2096219006921812,0.1252839348793224,-0.16313490193372995,0.0021730390337900887,0.03830359001049354,-0.020281572386415356,0.0010808460871258,-0.01269710189933115,0.0016517253733851715,-5.341087503497277e-05
50,23,270,25.1895809173584,1.0020223687597114,0.2096397015312728,0.1252813411229226,-0.16316079170619616,0.0021730825572071795,0.03829630136631812,-0.020315242513598192,0.0010823034210866566,-0.012705799238870616,0.0016516092044425456,-5.3367335232463255e-05
50,23,271,25.1895809173584,1.001993925375699,0.20965746147290673,0.12527991267736907,-0.1631858248317793,0.0021731296557621024,0.03828869135799763,-0.02034813426795913,0.001083712588980463,-0.012714267821052394,0.0016514951205835054,-5.3324888302994536e-05
50,23,272,25.1895809173584,1.0019661991002875,0.20967513062771054,0.12527953677064446,-0.16321003938367418,0.0021731801740140825,0.03828069413222367,-0.02038027366195751,0.0010850752246629536,-0.012722510685841371,0.0016513830225183563,-5.3283518031833065e-05
50,23,273,25.1895809173584,1.0019391429529496,0.20969268089981088,0.12528011316095555,-0.16323347343507558,0.0021732341119631198,0.03827232022552556,-0.020411702715719966,0.0010863949879709738,-0.012730535433149762,0.0016512731088264873,-5.3243204961298596e-05
50,23,274,25.189579010009766,1.001912797985348,0.2097100280469463,0.12528151654606076,-0.1632561460225809,0.002173290692405338,0.03826343793128649,-0.020442361400494165,0.0010876693300895775,-0.012738342822968788,0.0016511649823491201,-5.3203913418977335e-05
50,23,275,25.189577102661133,1.0018870817410845,0.20972710535133945,0.12528359656327026,-0.16327807618278758,0.0021733496044591856,0.03825409202975617,-0.020472319749824493,0.0010889034793571148,-0.012745936655254557,0.0016510583452171712,-5.3165627190135734e-05
50,23,276,25.189577102661133,1.0018619693473447,0.20974386889570773,0.12528625297079085,-0.16329928295229298,0.002173410848124663,0.038244287789199284,-0.02050159377137824,0.0010900988735666323,-0.0127533214899544,0.0016509534952997243,-5.312832357414684e-05
50,23,277,25.1895809173584,1.0018373566289862,0.20976026974427525,0.12528934793615681,-0.16331978536769454,0.002173474267960995,0.03823412530664461,-0.020530279511159138,0.001091262701683361,-0.012760503406998087,0.0016508501347276957,-5.309197987038368e-05
50,23,278,25.189577102661133,1.001813269202209,0.20977627144064487,0.12529279374779906,-0.16333960246558965,0.002173538465001204,0.03822360985035684,-0.020558342952874196,0.0010923926109550437,-0.012767486206341726,0.00165074836279078,-5.3056560406432476e-05
50,23,279,25.189579010009766,1.0017897122339001,0.20979185205741083,0.1252964901639244,-0.16335877231917306,0.0021736028174821876,0.03821278620058568,-0.02058577409173136,0.0010934899084662675,-0.012774272927950206,0.0016506480801992825,-5.30220586963998e-05
50,23,280,25.189577102661133,1.001766715790557,0.20980696850531805,0.12530034947296373,-0.16337731396504226,0.002173667325403947,0.038201622747743094,-0.020612532908562412,0.0010945527642986102,-0.012780868131770854,0.0016505491876635087,-5.298844555376527e-05
50,23,281,25.189577102661133,1.001744253985177,0.209821572017371,0.125304283963348,-0.1633952274031972,0.002173731211562605,0.038190137930755444,-0.020638635411034636,0.0010955823548282006,-0.012787276377750997,0.0016504510894452913,-5.295568854906182e-05
50,23,282,25.189577102661133,1.0017223194299223,0.20983567418625482,0.1253082309839564,-0.16341255070683267,0.0021737943205173867,0.03817843711491619,-0.020664091603940088,0.0010965804446192318,-0.012793500705855526,0.0016503544805724923,-5.292378443934272e-05
50,23,283,25.1895751953125,1.0017008816237172,0.20984926024014372,0.12531211535344405,-0.1634293029125461,0.0021738557196236395,0.03816660195832777,-0.020688929500696524,0.0010975488635901261,-0.012799548715996655,0.0016502590631760278,-5.289270079514089e-05
50,23,284,25.189573287963867,1.0016799881572365,0.20986227737129445,0.12531584936024184,-0.16344548402033748,0.002173915253440588,0.03815462982685785,-0.020713089072551615,0.0010984852589886263,-0.012805421928156827,0.0016501647379662033,-5.28624214017228e-05
50,23,285,25.1895751953125,1.0016596617365854,0.20987473139931848,0.12531939541367734,-0.16346113210340163,0.0021739726110866827,0.038142510183977074,-0.020736548308962835,0.0010993881930216858,-0.012811129462230697,0.0016500720013914918,-5.283293653024831e-05
50,23,286,25.189573287963867,1.0016398866970768,0.20988662237019223,0.12532272845330222,-0.1634762471617385,0.0021740271707988215,0.03813032468778788,-0.02075932321759747,0.0011002592341908099,-0.012816674358183157,0.0016499805555828095,-5.280422023714375e-05
50,23,287,25.1895751953125,1.0016205645293672,0.20989798445014893,0.12532579835821986,-0.16349086726854295,0.002174078932577004,0.038118260361686175,-0.020781521850209726,0.0011011055714612297,-0.01282206421592642,0.00164989069840924,-5.277626927946243e-05
50,23,288,25.189573287963867,1.0016016811810955,0.20990878805416724,0.1253285675377578,-0.16350499242381497,0.002174127740980456,0.03810627769368691,-0.020803152210633242,0.0011019277276667805,-0.012827300555442928,0.0016498022312913941,-5.2749064199524073e-05
50,23,289,25.189573287963867,1.0015831915394422,0.2099190234705918,0.12533097334079532,-0.16351864166415192,0.0021741742177722777,0.038094445171230826,-0.02082425831995306,0.0011027291012273897,-0.012832390976644898,0.001649715849257134,-5.2722585539648446e-05
50,23,290,25.189573287963867,1.0015651420991911,0.20992871665757093,0.12533302829755655,-0.16353183402615126,0.002174218207511694,0.03808278123324428,-0.020844798158042546,0.0011035077315161759,-0.012837341559462102,0.0016496315523064592,-5.2696836542782255e-05
50,23,291,25.189573287963867,1.00154753677871,0.2099378584128084,0.12533470734759314,-0.16354456950981294,0.002174259399317155,0.038071317489315325,-0.020864765722026474,0.0011042630956993045,-0.012842153823876984,0.0016495488439908974,-5.267179450829853e-05
50,23,292,25.189573287963867,1.0015302511136723,0.209946508271441,0.12533601049090512,-0.1635568861883318,0.0021742970159847833,0.03806021725564882,-0.02088430107899361,0.00110500408195197,-0.01284683232983687,0.0016494683200486157,-5.2647439978517025e-05
50,23,293,25.189573287963867,1.001513400907847,0.2099546495190719,0.12533695025771663,-0.16356878406170783,0.0021743309020738036,0.0380493461914956,-0.02090328217048089,0.0011057233706004829,-0.012851381637289095,0.0016493896826105306,-5.262376322459762e-05
50,23,294,25.189573287963867,1.0014969500582809,0.20996231535500606,0.12533752664802772,-0.1635802821665384,0.002174361368465767,0.03803880439388446,-0.020921753017573347,0.0011064234451055592,-0.012855806306180982,0.0016493132295457257,-5.260074478886006e-05
50,23,295,25.189573287963867,1.001480965951835,0.2099695007133636,0.1253377396618383,-0.16359138050282354,0.002174388259719898,0.038028562887359695,-0.020939643586726595,0.0011071003842134364,-0.012860110896459866,0.001649238662985117,-5.257837494246421e-05
50,23,296,25.1895751953125,1.0014655046303835,0.20997623043885846,0.12533761435959678,-0.16360209810716067,0.002174412042158523,0.03801859533059794,-0.02095690185302195,0.0011077509202126457,-0.0128642938881433,0.001649165982928705,-5.255663422772983e-05
50,23,297,25.189573287963867,1.001450538576146,0.2099825319758798,0.1253371758017514,-0.16361245401614716,0.0021744327157816406,0.03800888591880517,-0.020973561832752403,0.0011083774058554445,-0.012868364401125945,0.0016490955865352676,-5.253551291581679e-05
50,23,298,25.189573287963867,1.0014359849810226,0.20998842102431411,0.1253364239883022,-0.163622448229783,0.0021744510577931288,0.037999521578348495,-0.020989711568088036,0.001108985069480183,-0.012872322435407799,0.0016490271759357212,-5.2515001277884965e-05
50,23,299,25.189573287963867,1.00142185049416,0.20999392005726714,0.12533538397969743,-0.1636320997846656,0.002174467379074538,0.03799046016311053,-0.021005349058070437,0.0011095736496699437,-0.012876174070918636,0.001648960949709455,-5.249508309920081e-05
50,23,300,25.189571380615234,1.0014080782087231,0.20999908426499228,0.12533410589683375,-0.16364142771739243,0.0021744818350666432,0.03798175962400269,-0.021020544336243997,0.0011101469369700304,-0.012879919307658454,0.00164889670927708,-5.247573892208408e-05
50,23,301,25.189573287963867,1.0013946425593583,0.2100039316929477,0.12533261480015948,-0.1636504320279634,0.002174494270328669,0.03797343576581898,-0.021035327416984877,0.0011107074148411595,-0.012883562705574586,0.0016488348517973742,-5.2456962260641354e-05
50,23,302,25.189571380615234,1.0013815335925544,0.2100084615745969,0.12533091068967456,-0.16365913175297594,0.002174504840301391,0.0379654016621923,-0.021049708305085138,0.0011112546911579545,-0.012887107304631914,0.001648774582952781,-5.243873690013908e-05
50,23,303,25.1895694732666,1.0013688186544378,0.21001269661309094,0.12532904368627568,-0.16366752689243005,0.0021745137004255846,0.03795761780113759,-0.021063622969875618,0.0011117852367920295,-0.01289055310483044,0.001648716299902079,-5.2421040139950315e-05
50,23,304,25.189571380615234,1.001356434864804,0.2100166728531233,0.12532703885041108,-0.16367563648292313,0.0021745214724643506,0.037950118426375246,-0.021077143445859123,0.0011123032344140641,-0.012893901626152608,0.0016486597047761845,-5.2403865494181626e-05
50,23,305,25.189573287963867,1.0013444335803092,0.21002042063809875,0.12532493377275325,-0.1636834795610526,0.0021745276900953635,0.037942864025920196,-0.021090223710992197,0.0011128054163125896,-0.012897157428545747,0.0016486048968647918,-5.238719999104619e-05
50,23,306,25.189573287963867,1.0013327760443205,0.2100239324810295,0.12532274098352636,-0.16369103709022106,0.0021745331305224997,0.03793585459977246,-0.021102901783484646,0.0011132941352398637,-0.012900318992027413,0.0016485516775885118,-5.237101768697033e-05
50,23,307,25.189571380615234,1.0013214766930156,0.21002724924386593,0.1253204855431787,-0.16369834714362327,0.002174537638304984,0.03792906907487334,-0.02111517166046124,0.001113768476236675,-0.012903387836580049,0.001648499550498872,-5.2355308853113924e-05
50,23,308,25.1895694732666,1.0013105910645097,0.21003034666739626,0.12531817998193442,-0.1637053906846619,0.0021745416797651425,0.037922412622458705,-0.021126971312211237,0.0011142247794661787,-0.012906368522150984,0.001648449012044345,-5.234006376063685e-05
50,23,309,25.189573287963867,1.0013001027476152,0.2100332584443234,0.12531583683001768,-0.16371218674993426,0.002174545254902975,0.037915948461704645,-0.021138324750235568,0.001114663437053751,-0.012909261048740218,0.0016483994664867638,-5.232525970891214e-05
50,23,310,25.189573287963867,1.0012899603827445,0.21003601948354156,0.1253134811478768,-0.16371875437603783,0.002174548052836931,0.03790970293393453,-0.021149292003286566,0.0011150886316700715,-0.012912071496277527,0.001648351509564295,-5.231089994088651e-05
50,23,311,25.189571380615234,1.001280229321843,0.2100386242644837,0.1253111254657359,-0.16372509356297257,0.0021745497626854595,0.03790360491757526,-0.021159805038778255,0.0011154952656852492,-0.012914798344780463,0.0016483047441181611,-5.229696175593299e-05
50,23,312,25.189573287963867,1.0012708022198045,0.21004110196728024,0.12530880737426747,-0.16373120431073848,0.002174550850770887,0.037897691290479554,-0.02116997991229847,0.0011158902666475981,-0.012917443114231472,0.0016482592694380563,-5.2283448396998304e-05
50,23,313,25.189573287963867,1.0012616881915037,0.21004347743168944,0.12530653940369565,-0.163737105655933,0.0021745516279747636,0.037891975223309095,-0.021179812621930402,0.001116273111723283,-0.012920008844595439,0.0016482150855239807,-5.227033716345548e-05
50,23,314,25.1895694732666,1.0012528135225265,0.21004576296386115,0.1253043340842446,-0.1637427975985561,0.00217455240517864,0.037886483057387246,-0.021189381205052073,0.0011166482449999017,-0.012922497055854807,0.0016481718945068505,-5.225762805530452e-05
50,23,315,25.189573287963867,1.0012441779205417,0.2100479850858253,0.12530221647636264,-0.16374829917520514,0.00217455240517864,0.03788119635378766,-0.021198691664538714,0.0011170152743520776,-0.01292490926799202,0.0016481299942557497,-5.224530810075859e-05
50,23,316,25.189571380615234,1.0012357333115582,0.21005014776746442,0.12530018658004974,-0.1637536103858802,0.002174551783415539,0.037876136185569016,-0.021207794024350607,0.001117377336782821,-0.012927248520971964,0.001648089384770678,-5.223336108508415e-05
50,23,317,25.189573287963867,1.0012275408673454,0.21005221631028767,0.12529823186508177,-0.16375873123058124,0.0021745511616524374,0.037871152407188136,-0.021216618250943363,0.0011177302496214515,-0.012929513294812196,0.0016480495696031626,-5.222178052238778e-05
50,23,318,25.1895694732666,1.0012195713186076,0.21005420972757385,0.12529637739190702,-0.16376366170930826,0.0021745506953301116,0.03786626609170372,-0.021225198360609973,0.001118074927827181,-0.012931708149460043,0.0016480107473325926,-5.2210550197935934e-05
50,23,319,25.189573287963867,1.0012118486694315,0.21005613989314625,0.1252946231605255,-0.16376842085865867,0.0021745505398893363,0.03786146143432172,-0.02123351234280791,0.0011184105871492563,-0.012933831564933067,0.0016479731165383576,-5.219966686878191e-05
50,23,320,25.189571380615234,1.0012044440785062,0.21005800102580546,0.12529298170116138,-0.16377300867863245,0.002174550850770887,0.03785666204520441,-0.021241486162075968,0.0011187321299577864,-0.01293589266112592,0.0016479363793513732,-5.218912080608558e-05
50,23,321,25.1895694732666,1.001197347969204,0.21005983135755874,0.12529147807426294,-0.16377744420582704,0.0021745511616524374,0.03785191797286616,-0.021249137827039844,0.0011190399483781478,-0.01293788231814395,0.0016479002379025563,-5.217889255216669e-05
50,23,322,25.189573287963867,1.0011904874305733,0.21006160973476548,0.12529008721938187,-0.163781708403645,0.002174551938856314,0.037847273997556705,-0.02125653737124393,0.0011193383557894787,-0.012939809655881812,0.0016478647914816014,-5.216897237818512e-05
50,23,323,25.1895694732666,1.0011838184030748,0.2100633685930903,0.1252888091365182,-0.16378583934528115,0.0021745534932640673,0.03784274592407006,-0.02126373681960691,0.0011196299663609546,-0.012941673154357063,0.0016478303379575917,-5.215936352708757e-05
50,23,324,25.1895694732666,1.0011773809466165,0.2100650937868351,0.12528765635589606,-0.1637898179941381,0.0021745561357572477,0.03783829424042118,-0.021270692151043737,0.0011199122966318593,-0.012943478893499475,0.0016477966787511386,-5.215005302708721e-05
50,23,325,25.189571380615234,1.0011711442314506,0.21006677821310812,0.1252866163472913,-0.16379364435021582,0.00217455971089508,0.03783392158074239,-0.021277433379930585,0.0011201860001444862,-0.012945225353326607,0.0016477641117313255,-5.2141037635237335e-05
50,23,326,25.1895694732666,1.0011651517268305,0.21006841460106931,0.1252856765804798,-0.16379733745011174,0.002174563907796014,0.037829546286931276,-0.021283914484223995,0.0011204489855634954,-0.0129469140538209,0.0016477322397393745,-5.21323043797511e-05
50,23,327,25.1895694732666,1.001159399651827,0.210070003606915,0.12528483705546148,-0.16380089729382585,0.0021745690373415998,0.037825170993120154,-0.02129013946584079,0.0011207013835973457,-0.012948548034947242,0.0016477013606443686,-5.212385326062852e-05
50,23,328,25.189571380615234,1.0011537930594592,0.21007156810904368,0.12528409777223642,-0.16380432388135813,0.0021745743223279606,0.03782092213766119,-0.021296210373659936,0.0011209488147097635,-0.012950128816688075,0.001647671375156614,-5.211566806313604e-05
50,23,329,25.189573287963867,1.0011484017840138,0.21007309601346008,0.12528343367035627,-0.16380763624930603,0.0021745799181958725,0.03781673386724597,-0.02130205317222022,0.0011211864426877748,-0.012951654879060956,0.0016476419854070266,-5.210774554432696e-05
50,23,330,25.1895694732666,1.001143235294546,0.21007458578674307,0.12528284474982104,-0.1638108343976695,0.0021745852031822333,0.03781259564534514,-0.021307657856729584,0.001121413091155251,-0.012953132301995657,0.0016476137871337738,-5.210008894714798e-05
50,23,331,25.1895694732666,1.0011382476679487,0.21007603301156308,0.12528230595018244,-0.16381391832644857,0.002174590488168594,0.037808565422870116,-0.021313070449231492,0.0011216321585321195,-0.012954562605474621,0.0016475861845986885,-5.2092672328025435e-05
50,23,332,25.189571380615234,1.001133372064474,0.2100774361045449,0.12528180474121628,-0.1638168880356432,0.0021745957731549555,0.03780467480940893,-0.02131835898231191,0.0011218471739467667,-0.012955948829462736,0.0016475599721193267,-5.2085508658746166e-05
50,23,333,25.189571380615234,1.0011285915276948,0.21007880743984453,0.1252813661833709,-0.16381974352525344,0.00217460059181899,0.03780091063429991,-0.021323543465554956,0.0011220589216499452,-0.012957287933995115,0.0016475345539575213,-5.207858172457662e-05
50,23,334,25.1895694732666,1.0011239478372926,0.21008013176080476,0.125280965216198,-0.16382248479527928,0.002174605410483025,0.037797270263410704,-0.021328577876917176,0.0011222650488893972,-0.012958582959036643,0.001647509830823578,-5.2071885039623386e-05
50,23,335,25.189571380615234,1.0011194604258777,0.21008142710206212,0.1252806143699217,-0.16382513088231812,0.0021746102291470603,0.037793729989550294,-0.021333446208731274,0.0011224638564551592,-0.012959833904587322,0.00164748610058658,-5.206541211799304e-05
50,23,336,25.189571380615234,1.0011151200343538,0.21008268664169094,0.12528030111431784,-0.16382768178636994,0.0021746152032518706,0.037790292446851004,-0.0213381564648309,0.001122655867181066,-0.012961043810612036,0.0016474627675083602,-5.205914998789875e-05
50,23,337,25.1895694732666,1.0011109679855223,0.2100839022155006,0.12528002544938646,-0.16383013750743475,0.002174620177356681,0.03778691285506313,-0.021342664624131008,0.001122838859023319,-0.012962211157128343,0.001647440427327086,-5.2053098649340525e-05
50,23,338,25.189571380615234,1.0011069776306822,0.21008507732203557,0.12527978737512754,-0.16383249804551253,0.002174624996020716,0.03778360965311301,-0.021346998700049354,0.0011230137469411294,-0.01296333898410113,0.0016474185835942848,-5.20472354016914e-05
50,23,339,25.1895694732666,1.0011032087980645,0.21008620812924014,0.12527957436131693,-0.16383478243720073,0.0021746299701255263,0.03778031962182458,-0.021351096662875196,0.0011231771325145694,-0.012964430331495282,0.0016473973355996506,-5.20415699737915e-05
50,23,340,25.1895694732666,1.001099603211186,0.21008728729209963,0.12527938640795463,-0.1638369716459019,0.002174635565993438,0.03777708490731521,-0.021355016540402456,0.0011233322834551082,-0.012965483679328356,0.0016473768819225728,-5.203610236564081e-05
50,23,341,25.1895694732666,1.001096114551735,0.21008833639229443,0.12527922351504062,-0.1638390847082135,0.00217464116186135,0.03777394238743762,-0.02135881035754982,0.0011234823367657556,-0.012966500547582796,0.0016473572225630514,-5.2030813119559106e-05
50,23,342,25.189573287963867,1.0010927353226253,0.21008935703005654,0.12527908568257493,-0.16384112162413547,0.0021746472240515877,0.03777089996458883,-0.021362486118150927,0.0011236272924465118,-0.012967483976223486,0.0016473381589416976,-5.20257152073332e-05
50,23,343,25.1895694732666,1.0010894475274856,0.21009034731387846,0.12527897291055756,-0.16384308239366785,0.0021746534416826006,0.037767947102239484,-0.021366061830831486,0.0011237684575819639,-0.01296843396525043,0.0016473199889275945,-5.2020792414229564e-05
50,23,344,25.189571380615234,1.0010861627256242,0.21009133320520992,0.12527889772921263,-0.16384496701681062,0.0021746596593136135,0.03776518653155071,-0.02136963354159522,0.001123911844761215,-0.012969350514663623,0.0016473023153619642,-5.2016038254354774e-05
50,23,345,25.189571380615234,1.0010829623204396,0.21009230177543065,0.125278847608316,-0.16384679453016116,0.0021746655660630754,0.03776250498483203,-0.021373115209230457,0.0011240519642289973,-0.012970235144445513,0.001647285336824196,-5.201145272770883e-05
50,23,346,25.189571380615234,1.0010798408101542,0.21009324546410701,0.1252788225478677,-0.1638485458971221,0.0021746713173717625,0.037759941974068505,-0.02137651083565402,0.0011241889466937695,-0.012971090894560982,0.001647269152603984,-5.200702934839832e-05
50,23,347,25.189571380615234,1.001076826484825,0.210094168597878,0.12527881001764357,-0.16385024015429087,0.0021746770686804496,0.037757481694466105,-0.02137979240744815,0.001124320962237109,-0.012971914725045147,0.0016472532662528557,-5.20027583875831e-05
50,23,348,25.189571380615234,1.0010739346204354,0.21009505073522383,0.12527881001764357,-0.16385185826507,0.0021746825091075858,0.037755092536436795,-0.02138293991502874,0.0011244470958998048,-0.01297270815588045,0.0016472378763502,-5.199863011642307e-05
50,23,349,25.189571380615234,1.0010712014055756,0.21009590585106563,0.1252788225478677,-0.16385341926605693,0.002174687483212396,0.037752769231715895,-0.021385919342102804,0.0011245648642211406,-0.012973472707049334,0.0016472227843166282,-5.19946412919715e-05
50,23,350,25.189571380615234,1.0010686368950679,0.21009671662712,0.1252788225478677,-0.16385492315725167,0.002174692146435656,0.03775049860964173,-0.021388716681961458,0.0011246734829503636,-0.012974208378551799,0.0016472078908624454,-5.1990785428334996e-05
50,23,351,25.189571380615234,1.001066133710808,0.21009748404522194,0.12527881001764357,-0.16385636993865418,0.002174696498777365,0.037748285938478975,-0.02139144198731732,0.0011247796182188702,-0.012974915170387843,0.0016471934938567354,-5.198706252551353e-05
50,23,352,25.1895694732666,1.0010637773443505,0.21009819605744526,0.1252787724269711,-0.1638577596102645,0.0021747006956782987,0.03774610487690425,-0.02139400521504188,0.0011248780416883105,-0.012975596122522356,0.0016471794940098035,-5.1983472583507124e-05
50,23,353,25.1895694732666,1.0010615450651263,0.21009886553527896,0.12527872230607448,-0.1638590921720826,0.0021747048925792327,0.03774398440037328,-0.02139643237759449,0.001124970060443272,-0.012976254274920222,0.001647166089901039,-5.198001560231577e-05
50,23,354,25.189571380615234,1.0010593992969317,0.21009950913577943,0.12527865965495372,-0.16386038666070593,0.0021747087785986157,0.03774193504541539,-0.021398765495101783,0.0011250584193613885,-0.012976888107598998,0.0016471531822407472,-5.197668185309934e-05
50,23,355,25.189571380615234,1.0010572830730275,0.21010011637924306,0.1252785844736088,-0.16386162403953702,0.002174712198295673,0.03773998051922162,-0.021401060594399262,0.0011251459940287525,-0.012977499140541127,0.0016471410688980118,-5.197348430764467e-05
50,23,356,25.1895694732666,1.001055148354222,0.21010071934887525,0.12527849676203973,-0.16386282334517333,0.002174715307111179,0.03773821565055609,-0.021403373702322443,0.0011252365749906677,-0.012978090413711497,0.0016471295512934438,-5.1970416480058345e-05
50,23,357,25.189571380615234,1.001053024508068,0.2101012902114386,0.12527840905047063,-0.16386396554101743,0.002174718105045135,0.03773652717172832,-0.021405668801619926,0.0011253274173695003,-0.012978660407127663,0.0016471187287167377,-5.196746539855353e-05
50,23,358,25.189571380615234,1.0010509243710786,0.21010184352893516,0.1252783088086774,-0.16386506966366673,0.00217472059209754,0.037734954594723355,-0.02140793588749965,0.0011254183904567919,-0.012979210640772067,0.0016471085018781987,-5.1964627820183515e-05
50,23,359,25.189571380615234,1.0010489076290885,0.21010235609879555,0.12527817097621172,-0.16386613571312122,0.002174722457386844,0.03773345313929149,-0.021410108928334056,0.0011255054422903206,-0.012979738074679826,0.00164709827503966,-5.196189401610817e-05
50,23,360,25.1895694732666,1.001047002467742,0.21010282241715578,0.12527800808329773,-0.1638671636893809,0.0021747237009130467,0.03773194904972728,-0.02141215790974698,0.0011255860894093708,-0.012980247268798267,0.0016470885446495938,-5.19592607433808e-05
50,23,361,25.1895694732666,1.001045161876985,0.21010326085671754,0.12527783266015957,-0.1638681535924458,0.002174724788998474,0.03773050291107447,-0.0214141348566571,0.0011256643837761634,-0.012980738223127392,0.0016470793107080004,-5.195672151610798e-05
50,23,362,25.1895694732666,1.0010434473830525,0.21010365701053063,0.12527764470679725,-0.16386910542231586,0.002174725721643126,0.03772903569936298,-0.021415973737436863,0.0011257357505946419,-0.012981207897702312,0.0016470702753457963,-5.19542763342897e-05
50,23,363,25.189571380615234,1.0010418772777272,0.2101040141799183,0.1252774442232108,-0.16387001917899116,0.002174726809728553,0.037727563219386806,-0.02141765654346056,0.0011257990134886779,-0.012981663892435245,0.001647061438562981,-5.1951925197925973e-05
50,23,364,25.189571380615234,1.0010404290269528,0.21010433682491372,0.12527723120940018,-0.16387089486247164,0.0021747278978139803,0.037726111812469335,-0.02141920728622913,0.001125855871668235,-0.01298210164737886,0.0016470531975183334,-5.194965837817667e-05
50,23,365,25.189571380615234,1.0010390472073223,0.21010464047120028,0.1252770181955896,-0.1638717324727573,0.0021747289858994076,0.037724726258860274,-0.021420685994494898,0.0011259101156786172,-0.012982521162533157,0.001647044857183991,-5.1947469389148375e-05
50,23,366,25.189573287963867,1.0010376731063775,0.21010492494717603,0.1252767926515548,-0.16387253200984817,0.0021747297631032844,0.037723446070544675,-0.021422152697010203,0.001125964490397458,-0.012982925477863025,0.0016470370132981214,-5.19453679596812e-05
50,23,367,25.1895694732666,1.0010362759301896,0.21010522062186338,0.12527656710752005,-0.16387331251034162,0.0021747303848663854,0.03772231602777227,-0.02142364541198485,0.001126021479285474,-0.01298331459336846,0.00164702956657103,-5.194333787504163e-05
50,23,368,25.1895694732666,1.0010348003762832,0.21010552495708826,0.12527635409370944,-0.1638740549376403,0.0021747308511887117,0.037721362471866415,-0.021425220166254352,0.00112608474217951,-0.012983690029031908,0.0016470223184233278,-5.1941395349963185e-05
50,23,369,25.1895694732666,1.0010332676319944,0.21010582706391157,0.12527614107989882,-0.16387475929174417,0.0021747311620702622,0.037720566963900755,-0.021426852948317775,0.0011261523184526849,-0.012984050264870924,0.0016470152688550146,-5.1939517683818914e-05
50,23,370,25.1895694732666,1.0010317246958045,0.21010612720782249,0.12527591553586406,-0.1638754446092506,0.0021747314729518128,0.03771988999189024,-0.02142849573517325,0.0011262214632273648,-0.01298439530088551,0.0016470083185763959,-5.193770811955552e-05
50,23,371,25.1895694732666,1.0010302808229392,0.2101064053955087,0.12527568999182928,-0.16387609185356228,0.0021747317838333633,0.03771926043426179,-0.02143003247123294,0.0011262855103721533,-0.012984728177040552,0.0016470015668771662,-5.1935963414226295e-05
50,23,372,25.1895694732666,1.0010289673458717,0.21010668043523298,0.1252754769780187,-0.16387672006127652,0.0021747320947149143,0.03771865985208905,-0.021431435143079092,0.0011263423685517104,-0.01298504585337116,0.0016469949144676313,-5.193428356783125e-05
50,23,373,25.1895694732666,1.001027774755845,0.21010694428843218,0.12527526396420807,-0.16387732923239337,0.0021747322501556895,0.037718082977107326,-0.021432711754545346,0.001126392168474495,-0.012985354409807111,0.0016469886592168745,-5.193265885153025e-05
50,23,374,25.1895694732666,1.0010267103855037,0.21010718532020167,0.12527505095039745,-0.16387791936691282,0.00217473256103724,0.03771746659014056,-0.021433852300839648,0.001126434910140507,-0.012985649286401075,0.0016469823046764232,-5.193108926532329e-05
50,23,375,25.189571380615234,1.0010258042836755,0.21010737893229234,0.12527483793658684,-0.16387847142823747,0.0021747328719187906,0.03771675537440967,-0.021434820764710597,0.0011264687636313238,-0.012985933523117936,0.0016469760494256665,-5.19295812951038e-05
50,23,376,25.1895694732666,1.0010249960572335,0.21010755427582556,0.12527462492277622,-0.16387900445296472,0.002174733493681892,0.03771602835388476,-0.021435685178744175,0.0011264971273668729,-0.012986208639940138,0.0016469704892027716,-5.1928128454978345e-05
50,23,377,25.189573287963867,1.001024214238588,0.2101077249900823,0.12527442443918976,-0.16387951844109455,0.002174734426326544,0.03771531977228621,-0.021436521579359994,0.0011265247068516697,-0.012986474636867683,0.0016469651275592657,-5.1926740473787074e-05
50,23,378,25.1895694732666,1.0010234374947646,0.21010789193713025,0.12527423648582747,-0.163880013392627,0.0021747355144119715,0.03771463489787869,-0.021437351977100585,0.0011265530705872188,-0.012986729993918124,0.0016469602623642326,-5.192541086563655e-05
50,23,379,25.189571380615234,1.001022597262936,0.2101080639302131,0.12527406106268932,-0.16388048930756205,0.002174736447056623,0.03771402114504426,-0.021438248406468737,0.0011265861398272832,-0.012986979271038795,0.0016469558936176723,-5.19241461164202e-05
50,23,380,25.189571380615234,1.0010216343818121,0.21010825734987806,0.12527391069999946,-0.16388094618589968,0.0021747375351420504,0.037713528562297316,-0.021439274898133607,0.0011266280972425425,-0.012987220948247249,0.0016469518227401959,-5.192293974024461e-05
50,23,381,25.1895694732666,1.0010206421051258,0.21010845050838964,0.12527377286753377,-0.1638813840276399,0.0021747386232274777,0.03771307812566775,-0.021440331404174645,0.0011266727995354357,-0.012987455025543488,0.001646948248311192,-5.1921788494163055e-05
50,23,382,25.189571380615234,1.0010196722471356,0.2101086386575696,0.12527364756529225,-0.16388180283278275,0.0021747398667536803,0.03771264349383221,-0.02144136389871475,0.0011267167175775764,-0.012987681502927511,0.0016469450710409662,-5.1920689135228846e-05
50,23,383,25.1895694732666,1.001018743366506,0.2101088263299928,0.12527353479327485,-0.1638822026013282,0.002174741110279883,0.03771225100811405,-0.021442354373128223,0.0011267589364097534,-0.012987897340434432,0.0016469419930604352,-5.1919635177548554e-05
50,23,384,25.1895694732666,1.0010179289994838,0.21010900044982206,0.12527343455148163,-0.1638825833332762,0.002174742664687636,0.03771182691280786,-0.021443224790037033,0.0011267946198189928,-0.012988105578029138,0.0016469391136592932,-5.1918626621122185e-05
50,23,385,25.1895694732666,1.0010172528913346,0.21010915297014862,0.1252733343096884,-0.16388294502862685,0.0021747442190953896,0.03771136857378129,-0.021443949136981836,0.001126822460720707,-0.012988304695729185,0.0016469361349684567,-5.191765698005631e-05
50,23,386,25.1895694732666,1.001016745807959,0.21010929995990618,0.12527324659811934,-0.1638833067239775,0.002174745307180817,0.03771084174731396,-0.021444499400544874,0.0011268402370710972,-0.01298849317355213,0.0016469332555673147,-5.191671003961741e-05
50,23,387,25.1895694732666,1.0010163144255788,0.2101094348282519,0.1252731714167744,-0.16388364938273073,0.0021747462398254685,0.037710291213655614,-0.021444969625771474,0.0011268543535846425,-0.01298867405146286,0.0016469301775867834,-5.1915808500432416e-05
50,23,388,25.1895694732666,1.0010158865250285,0.2101095676199578,0.12527310876565365,-0.16388397300488655,0.00217474686158857,0.037709772289585296,-0.02144543584908125,0.0011268686008066465,-0.012988848849443818,0.0016469271988959469,-5.191492966187439e-05
50,23,389,25.1895694732666,1.0010154093621118,0.21010970799810275,0.12527305864475702,-0.16388427759044497,0.002174747327910896,0.037709340291882096,-0.021445954097309712,0.0011268865078654954,-0.012989013007547673,0.0016469241209154158,-5.191408649573016e-05
50,23,390,25.1895694732666,1.0010148614400272,0.2101098746955069,0.12527302105408455,-0.1638845821760034,0.0021747476387924463,0.03770901629360469,-0.021446550382916207,0.0011269099046796122,-0.012989168045756871,0.0016469208443554955,-5.191327575905301e-05
50,23,391,25.189571380615234,1.0010142202329202,0.21011004426566404,0.1252729834634121,-0.1638848677249644,0.002174747794233222,0.037708792392356076,-0.021447242714526433,0.0011269394447912901,-0.012989318524018738,0.0016469181635337426,-5.191250393773637e-05
50,23,392,25.189571380615234,1.0010135470025412,0.21011021034861785,0.12527294587273963,-0.16388513423732803,0.0021747476387924463,0.03770863434441588,-0.021447967061471236,0.0011269714683636843,-0.012989461402368391,0.0016469152841326006,-5.19117613029401e-05
50,23,393,25.189573287963867,1.0010128959127194,0.21011037936396434,0.12527290828206716,-0.16388540074969166,0.0021747470170293453,0.03770849473540204,-0.021448669397873515,0.0011270032305191612,-0.01298959820078827,0.0016469124047314586,-5.19110446117175e-05
50,23,394,25.189571380615234,1.001012305285872,0.21011052888123122,0.1252728706913947,-0.1638856482254579,0.002174746084384693,0.03770833141919717,-0.021449305702648233,0.0011270309407124166,-0.012989728919278378,0.0016469098231994004,-5.19103635929087e-05
50,23,395,25.189573287963867,1.001011818986807,0.21011066286203234,0.1252728205704981,-0.1638858957012241,0.0021747448408584906,0.037708125956874915,-0.021449831954710338,0.0011270527690250283,-0.01298985203785627,0.0016469071423776474,-5.190970203178015e-05
50,23,396,25.189571380615234,1.0010114527270693,0.21011077231430259,0.12527277044960147,-0.1638861241403929,0.002174743597332288,0.037707867811905924,-0.02145023014543414,0.0011270674083724084,-0.012989972116469274,0.001646904560845589,-5.190906965717197e-05
50,23,397,25.1895694732666,1.0010111977290224,0.21011087133411235,0.12527272032870487,-0.16388635257956174,0.0021747423538060855,0.037707554350157865,-0.0214505122805701,0.0011270753815883923,-0.012990084595170065,0.0016469019793135308,-5.1908463226137466e-05
50,23,398,25.1895694732666,1.0010109821953532,0.2101109533243965,0.12527267020780825,-0.16388656198213317,0.0021747407993983323,0.037707230351880464,-0.021450750394621014,0.0011270812634690361,-0.012990192513923526,0.0016468996956505559,-5.1907882738676626e-05
50,23,399,25.1895694732666,1.0010107793415848,0.21011103049079854,0.12527260755668748,-0.1638867713847046,0.0021747392449905792,0.03770692215839708,-0.021450974501963052,0.0011270870146412213,-0.0129902973927121,0.0016468972134081922,-5.190732495184275e-05
50,23,400,25.189571380615234,1.0010105072275493,0.21011109453523968,0.12527253237534255,-0.1638869617506786,0.0021747376905828257,0.03770666664756043,-0.021451266641891065,0.001127096687067169,-0.012990397711553345,0.0016468951283246066,-5.190680608036938e-05
50,23,401,25.189573287963867,1.0010101730080614,0.21011117023878578,0.12527245719399766,-0.1638871521166526,0.002174736291615848,0.03770647699003219,-0.021451624813446646,0.001127110803580714,-0.012990494990429704,0.0016468936389791883,-5.190631315246967e-05
50,23,402,25.1895694732666,1.0010097821567696,0.21011123707052418,0.12527238201265273,-0.16388732344602921,0.00217473489264887,0.03770632157622433,-0.021452039011837735,0.0011271283185141868,-0.012990589229341177,0.0016468922489234646,-5.190585265403705e-05
50,23,403,25.1895694732666,1.0010093440356735,0.21011131167567698,0.1252723068313078,-0.16388749477540585,0.002174733493681892,0.03770621094266619,-0.0214525032341891,0.0011271494932845046,-0.01299067890830532,0.0016468907595780463,-5.190541161328468e-05
50,23,404,25.1895694732666,1.001008899221683,0.210111373045747,0.12527223164996287,-0.16388764706818507,0.0021747322501556895,0.0377061108456374,-0.021452971458457287,0.0011271711908886575,-0.012990764027322134,0.001646889468812017,-5.1904990030212565e-05
50,23,405,25.1895694732666,1.0010084910058288,0.210111422395525,0.1252721439383938,-0.16388779936096426,0.002174731006629487,0.03770598704141758,-0.021453399663557252,0.001127190535740553,-0.012990844586391619,0.0016468880787562934,-5.19045879048207e-05
50,23,406,25.189571380615234,1.0010081720947412,0.21011145924192098,0.12527205622682472,-0.16388795165374348,0.002174730073984835,0.03770579474975701,-0.0214537338236119,0.0011272050443794743,-0.012990922105496218,0.0016468867879902642,-5.190420523710909e-05
50,23,407,25.189571380615234,1.0010079135491277,0.21011146684699303,0.1252719559850315,-0.1638880849099253,0.002174729296780958,0.03770556558024372,-0.02145399995108057,0.0011272153703477158,-0.012990995064653487,0.0016468854972242352,-5.190383878413102e-05
50,23,408,25.1895694732666,1.0010076951973506,0.21011147028299476,0.12527185574323826,-0.1638882181661071,0.0021747289858994076,0.03770531533767174,-0.021454224058422608,0.0011272234742721583,-0.012991061943880984,0.001646884206458206,-5.190348854588649e-05
50,23,409,25.1895694732666,1.0010075166193604,0.2101114675619351,0.12527175550144504,-0.1638883514222889,0.002174729296780958,0.03770503085137939,-0.021454406145638014,0.0011272288333189673,-0.01299112882310848,0.0016468832135612603,-5.190314803648209e-05
50,23,410,25.1895694732666,1.0010073633769945,0.21011144582510227,0.1252716552596518,-0.16388846564187332,0.0021747303848663854,0.03770472529202834,-0.021454558218477252,0.0011272328852811886,-0.012991189622406205,0.0016468818235055365,-5.1902826984757935e-05
50,23,411,25.1895694732666,1.001007208061438,0.21011143288879047,0.12527156754808272,-0.16388857986145774,0.002174731939274139,0.037704427635074304,-0.021454714293233316,0.0011272374600772449,-0.012991248901721486,0.0016468807313188966,-5.190252214776733e-05
50,23,412,25.1895694732666,1.001007014974291,0.21011142639527008,0.12527147983651366,-0.16388869408104215,0.0021747336491226674,0.03770416685597298,-0.0214549103871576,0.0011272445183340175,-0.012991305141071881,0.001646879539842562,-5.190222703961685e-05
50,23,413,25.1895694732666,1.0010067863930063,0.21011142786252443,0.1252713921249446,-0.16388880830062655,0.0021747353589711958,0.037703950857121374,-0.021455144499291694,0.001127254321468424,-0.012991359860439833,0.0016468788448147,-5.190195787504004e-05
50,23,414,25.189571380615234,1.0010065150914385,0.21011142148875914,0.1252713044133755,-0.16388890348361357,0.0021747369133789493,0.03770377437025482,-0.021455420631552417,0.0011272664773550878,-0.012991413059825341,0.0016468779512074491,-5.190169519635664e-05
50,23,415,25.189571380615234,1.0010062321854623,0.2101114250493725,0.12527122923203057,-0.16388899866660056,0.002174738312345927,0.037703613688182286,-0.02145571077052202,0.0011272796789094219,-0.012991460179281078,0.0016468767597311144,-5.1901439003566663e-05
50,23,416,25.189571380615234,1.0010059898442096,0.21011142614196623,0.12527115405068565,-0.16388909384958758,0.0021747394004313545,0.03770343983544807,-0.021455958889364992,0.001127290135586122,-0.01299150577875437,0.0016468760647032525,-5.190119902551023e-05
50,23,417,25.189571380615234,1.0010058311577337,0.21011142503703342,0.12527109139956488,-0.1638891890325746,0.002174740177635231,0.03770321330006712,-0.021456120966996287,0.0011272960174667657,-0.012991548338262777,0.0016468750718063071,-5.1900972019240624e-05
50,23,418,25.189571380615234,1.0010057496243425,0.210111400078423,0.12527102874844412,-0.16388926517896418,0.002174740643957557,0.037702936716171774,-0.02145619900437432,0.0011272970631344358,-0.012991590897771185,0.0016468742774887507,-5.190074825591773e-05
50,23,419,25.189571380615234,1.001005727410029,0.2101113781297999,0.12527097862754752,-0.1638893413253538,0.0021747407993983323,0.0377026364250854,-0.021456217013000017,0.001127294841090637,-0.012991630417314706,0.001646873284591805,-5.190053422143497e-05
50,23,420,25.189571380615234,1.001005721118941,0.21011136676960612,0.12527094103687506,-0.1638894174717434,0.002174740488516782,0.03770235457292539,-0.02145622101491684,0.0011272918347960859,-0.012991666896893342,0.0016468723909845542,-5.190033640168574e-05
50,23,421,25.189573287963867,1.001005681014219,0.21011136204420605,0.1252709034462026,-0.16388949361813301,0.0021747400221944556,0.037702109598618076,-0.021456261034085062,0.0011272915733791682,-0.012991703376471975,0.0016468717952463868,-5.190015155372335e-05
50,23,422,25.1895694732666,1.0010055763872334,0.21011137606215977,0.12527087838575426,-0.16388956976452262,0.0021747392449905792,0.03770192784348685,-0.02145637108679767,0.001127295494632931,-0.012991738336068167,0.0016468711995082197,-5.189997319165438e-05
50,23,423,25.1895694732666,1.0010054134728066,0.21011138262645732,0.12527085332530596,-0.16388962687431483,0.002174738312345927,0.03770178823447301,-0.0214565391673042,0.0011273032064319972,-0.012991770255699472,0.0016468706037700523,-5.189981104431895e-05
50,23,424,25.1895694732666,1.0010052234059286,0.21011139960355316,0.12527084079508183,-0.16388968398410703,0.0021747372242605,0.03770166443025319,-0.021456737262186894,0.0011273128788579449,-0.01299180369531322,0.001646870206611274,-5.189964889698352e-05
50,23,425,25.1895694732666,1.0010050236194072,0.21011141686956508,0.12527082826485766,-0.16388974109389923,0.0021747361361750726,0.037701543260165706,-0.021456945361861643,0.0011273234662431038,-0.012991834094962082,0.0016468697101628012,-5.1899502964381636e-05
50,23,426,25.1895694732666,1.0010048410992802,0.21011143252466352,0.1252708157346335,-0.16388979820369143,0.0021747350480896452,0.03770141418768121,-0.021457135452910694,0.001127333400085969,-0.012991861454646059,0.0016468690151349393,-5.189935703177975e-05
50,23,427,25.1895694732666,1.0010046893529247,0.21011144571371687,0.12527080320440936,-0.16388985531348366,0.002174734270885769,0.037701271944535035,-0.021457293528625167,0.0011273412425934941,-0.012991887294347592,0.0016468686179761612,-5.189921758507128e-05
50,23,428,25.1895694732666,1.001004574326857,0.21011145680996915,0.1252707906741852,-0.16388991242327586,0.0021747338045634427,0.03770111916485951,-0.02145741358612983,0.0011273469937656791,-0.012991910094084238,0.0016468678236586049,-5.189907813836281e-05
50,23,429,25.189571380615234,1.0010045039721045,0.2101114571117114,0.1252707656137369,-0.16388996953306806,0.0021747338045634427,0.03770094794625763,-0.021457485620632627,0.0011273498693517717,-0.012991932893820885,0.0016468670293410485,-5.189894517754776e-05
50,23,430,25.189571380615234,1.0010044573617423,0.21011145873422138,0.1252707405532886,-0.16389002664286026,0.002174734115444993,0.03770078463005276,-0.021457533643634494,0.001127351829978653,-0.012991954173575088,0.0016468664336028811,-5.189881545967941e-05
50,23,431,25.189571380615234,1.0010043988377837,0.2101114502328818,0.12527071549284027,-0.16389006471605505,0.00217473489264887,0.037700647655171254,-0.021457591671428414,0.001127353921313993,-0.012991975453329292,0.0016468655399956302,-5.189868898475778e-05
50,23,432,25.189571380615234,1.001004325914686,0.21011144769670964,0.12527069043239197,-0.16389010278924987,0.002174735825293522,0.03770054492401013,-0.021457665706889624,0.0011273571890254618,-0.01299199369311861,0.0016468649442574629,-5.189857872456969e-05
50,23,433,25.189571380615234,1.0010042439038682,0.21011144847323873,0.12527066537194367,-0.16389014086244466,0.0021747369133789493,0.03770046063177536,-0.021457749747142887,0.0011273613716961419,-0.012992011932907926,0.001646864249229601,-5.1898461978488176e-05
50,23,434,25.1895694732666,1.0010041625870927,0.21011145255629277,0.12527064031149535,-0.16389017893563948,0.0021747380014643766,0.03770039477846694,-0.02145783378739615,0.001127365031532987,-0.012992030172697244,0.0016468636534914336,-5.1898354961246794e-05
50,23,435,25.1895694732666,1.001004063477219,0.2101114650599039,0.12527061525104705,-0.16389021700883427,0.0021747390895498035,0.037700376339540584,-0.021457937837233525,0.0011273701291628782,-0.012992046892504118,0.0016468629584635718,-5.189825118695212e-05
50,23,436,25.189571380615234,1.001003961249847,0.21011148134919166,0.12527059019059875,-0.1638902550820291,0.002174740177635231,0.03770037897367292,-0.021458045888987722,0.0011273754882096872,-0.012992063612310992,0.0016468626605944882,-5.1898160384444275e-05
50,23,437,25.1895694732666,1.0010038616728467,0.21011150094629213,0.12527056513015045,-0.16389029315522388,0.002174741265720658,0.037700400046731614,-0.02145815193978351,0.0011273807165480371,-0.012992080332117866,0.0016468623627254044,-5.1898069581936435e-05
50,23,438,25.189573287963867,1.0010037858471341,0.2101115218574554,0.12527054006970212,-0.16389033122841867,0.00217474219836531,0.037700429022187315,-0.021458233979078364,0.0011273842456764236,-0.012992095531942298,0.0016468619655666263,-5.1897988508268724e-05
50,23,439,25.189573287963867,1.001003743451316,0.21011154361144002,0.12527051500925382,-0.1638903693016135,0.0021747431310099622,0.037700463265907695,-0.021458282002080227,0.0011273863370117635,-0.012992109211784285,0.0016468614691181535,-5.189790743460101e-05
50,23,440,25.189571380615234,1.001003716827309,0.2101115659266938,0.12527048994880552,-0.16389040737480828,0.0021747437527730633,0.037700500143760404,-0.021458314017414805,0.0011273869905540574,-0.012992124411608717,0.0016468612705387645,-5.189783933272013e-05
50,23,441,25.189571380615234,1.0010036977543797,0.2101115869142233,0.12527047741858136,-0.1638904264114057,0.0021747440636546143,0.03770057126533349,-0.02145833802891574,0.0011273875133878924,-0.012992138091450705,0.0016468611712490697,-5.189777447378595e-05
50,23,442,25.189573287963867,1.0010036681383685,0.21011161357346034,0.12527046488835722,-0.1638904454480031,0.0021747442190953896,0.03770067399649462,-0.02145837404616714,0.001127388166930186,-0.012992151771292692,0.0016468609726696807,-5.1897712857798494e-05
50,23,443,25.189573287963867,1.0010036391035957,0.2101116429754258,0.12527045235813306,-0.16389046448460048,0.0021747440636546143,0.03770079253244977,-0.021458410063418535,0.0011273888204724799,-0.012992163931152238,0.0016468608733799862,-5.189764799886432e-05
50,23,444,25.189571380615234,1.0010035968857112,0.21011168410949857,0.12527045235813306,-0.1638904835211979,0.0021747437527730633,0.03770093477559595,-0.021458462088337224,0.0011273911732247374,-0.012992176091011783,0.0016468605755109026,-5.189759286877027e-05
50,23,445,25.189571380615234,1.001003533750778,0.2101117280868951,0.12527045235813306,-0.1638905025577953,0.0021747432864507375,0.03770109282353615,-0.021458536123798434,0.0011273943102277474,-0.012992188250871327,0.0016468606748005971,-5.1897547467516357e-05
50,23,446,25.1895694732666,1.0010034690623066,0.21011177395556435,0.12527045235813306,-0.1638905215943927,0.0021747425092468607,0.03770126140800569,-0.021458612160218053,0.0011273978393561337,-0.012992200410730872,0.0016468605755109026,-5.1897495580369014e-05
50,23,447,25.1895694732666,1.0010033846981643,0.2101118192627058,0.12527045235813306,-0.1638905406309901,0.0021747415766022087,0.03770142735834289,-0.021458708206221783,0.0011274021527352726,-0.012992211050607973,0.0016468605755109026,-5.18974501791151e-05
50,23,448,25.189573287963867,1.0010033052214662,0.2101118692032484,0.12527046488835722,-0.1638905596675875,0.002174740488516782,0.037701577503886086,-0.02145880025030869,0.0011274062046974938,-0.012992221690485075,0.0016468605755109026,-5.1897408020807883e-05
50,23,449,25.189573287963867,1.0010032561242537,0.2101119147861517,0.12527047741858136,-0.1638905787041849,0.0021747395558721298,0.03770170394223824,-0.021458860279061024,0.0011274084267412926,-0.012992230810379734,0.0016468605755109026,-5.189736910544738e-05
50,23,450,25.189573287963867,1.0010032445749668,0.21011195288714576,0.12527048994880552,-0.1638905977407823,0.002174738778668253,0.03770178823447301,-0.021458880288645135,0.001127408296032834,-0.012992241450256835,0.0016468604762212079,-5.189732694714017e-05
50,23,451,25.189573287963867,1.0010032702369758,0.21011198190248592,0.12527050247902966,-0.1638906167773797,0.002174738156905152,0.03770182247819339,-0.021458860279061024,0.0011274059432805764,-0.012992250570151494,0.0016468604762212079,-5.189728478883296e-05
50,23,452,25.189573287963867,1.0010033274600578,0.21011200287052745,0.12527051500925382,-0.16389063581397711,0.0021747376905828257,0.03770181194166404,-0.021458806253183926,0.0011274016299014375,-0.012992259690046153,0.0016468602776418188,-5.1897242630525746e-05
50,23,453,25.189573287963867,1.001003398718832,0.2101120161814816,0.12527052753947798,-0.16389065485057452,0.0021747375351420504,0.03770175925901731,-0.02145873621963954,0.0011273969243969224,-0.012992267289958368,0.0016468602776418188,-5.189720695811195e-05
50,23,454,25.189573287963867,1.0010034537316825,0.2101120266592268,0.12527054006970212,-0.1638906738871719,0.0021747375351420504,0.037701690771576556,-0.02145868219376244,0.0011273928724347012,-0.012992274889870583,0.0016468601783521243,-5.189716804275145e-05
50,23,455,25.1895694732666,1.0010034847576803,0.21011203468743694,0.12527055259992628,-0.16389069292376932,0.0021747375351420504,0.03770160911347412,-0.021458652179386275,0.0011273902582655262,-0.012992280969800356,0.0016468600790624298,-5.1897135613284364e-05
50,23,456,25.1895694732666,1.0010034989951047,0.2101120466029287,0.12527057766037458,-0.16389071196036673,0.0021747375351420504,0.037701506382312996,-0.021458640173635808,0.001127389343306315,-0.012992290089695015,0.0016468600790624298,-5.189710642676399e-05
50,23,457,25.1895694732666,1.00100346997245,0.21011204813211468,0.12527059019059875,-0.1638907309969641,0.0021747376905828257,0.03770138784635785,-0.021458670188011973,0.0011273907810993612,-0.01299229768960723,0.0016468602776418188,-5.189708696908374e-05
50,23,458,25.1895694732666,1.0010034137853772,0.21011205071126368,0.1252706027208229,-0.16389075003356152,0.002174737846023601,0.03770127457866737,-0.021458728215805894,0.0011273940488108298,-0.01299230680950189,0.0016468605755109026,-5.18970739972969e-05
50,23,459,25.1895694732666,1.0010033494155333,0.21011205159546392,0.12527061525104705,-0.16389076907015893,0.002174738156905152,0.037701153408579886,-0.02145879424743346,0.00112739823148151,-0.012992311369449219,0.0016468608733799862,-5.1897054539616646e-05
50,23,460,25.1895694732666,1.001003277628806,0.2101120451013868,0.12527061525104705,-0.16389078810675634,0.0021747384677867024,0.0377010322384924,-0.021458866281936256,0.0011274026755691076,-0.01299231744937899,0.0016468607740902916,-5.1897035081936394e-05
50,23,461,25.1895694732666,1.0010031968534672,0.21011204239215509,0.12527061525104705,-0.16389080714335372,0.0021747389341090283,0.03770093214146361,-0.02145894832123111,0.0011274076424905401,-0.012992323529308764,0.0016468607740902916,-5.189701238130944e-05
50,23,462,25.1895694732666,1.0010031126308456,0.21011203259170588,0.1252706027208229,-0.16389082617995113,0.0021747395558721298,0.037700834678567156,-0.021459032361484373,0.0011274127401204315,-0.012992328089256093,0.0016468607740902916,-5.189698968068248e-05
50,23,463,25.1895694732666,1.0010030375753072,0.21011202921516633,0.12527059019059875,-0.16389084521654854,0.002174740488516782,0.03770077409352342,-0.021459108397903996,0.0011274174456249466,-0.012992329609238537,0.0016468603769315133,-5.1896970223002226e-05
50,23,464,25.1895694732666,1.0010029616927403,0.21011201259280432,0.12527056513015045,-0.16389084521654854,0.0021747415766022087,0.03770076355699407,-0.021459182433365205,0.001127421889712544,-0.012992332649203422,0.0016468600790624298,-5.189693130764172e-05
50,23,465,25.1895694732666,1.0010029061422927,0.2101119996461795,0.12527054006970212,-0.16389084521654854,0.002174742664687636,0.03770077409352342,-0.021459236459242303,0.0011274246345901778,-0.012992334169185864,0.0016468594833242624,-5.189689239228122e-05
50,23,466,25.1895694732666,1.0010028802881608,0.21011198839297512,0.12527051500925382,-0.16389084521654854,0.0021747437527730633,0.037700795166582105,-0.021459260470743233,0.0011274258109663067,-0.012992332649203422,0.0016468587882964006,-5.1896853476920714e-05
50,23,467,25.1895694732666,1.0010028747070174,0.2101119805338028,0.12527048994880552,-0.16389084521654854,0.0021747448408584906,0.037700834678567156,-0.021459264472660056,0.0011274255495493891,-0.012992332649203422,0.0016468579939788442,-5.189680483272009e-05
50,23,468,25.1895694732666,1.0010028852918842,0.21011197512711746,0.12527046488835722,-0.16389084521654854,0.0021747457735031427,0.03770088736121389,-0.02145925246690959,0.0011274241117563428,-0.012992334169185864,0.0016468573982406768,-5.1896762674412874e-05
50,23,469,25.1895694732666,1.001002892962404,0.2101119744475652,0.1252704398279089,-0.16389084521654854,0.0021747463952662438,0.037700966385183984,-0.021459244463075948,0.0011274229353802141,-0.012992335689168308,0.001646856703212815,-5.189671403021225e-05
50,23,470,25.189571380615234,1.0010028888926097,0.21011198304166886,0.12527042729768476,-0.16389084521654854,0.0021747467061477947,0.03770105594568343,-0.02145925046595118,0.0011274228046717553,-0.012992335689168308,0.0016468561074746476,-5.1896671871905034e-05
50,23,471,25.189571380615234,1.0010028633360382,0.21011199173844983,0.1252704147674606,-0.16389084521654854,0.0021747465507070195,0.03770114550618288,-0.021459278479368935,0.0011274238503394254,-0.012992337209150752,0.001646855809605564,-5.189664268538466e-05
50,23,472,25.189571380615234,1.0010028203096348,0.21011201036945262,0.1252704147674606,-0.16389084521654854,0.002174746084384693,0.037701248237344005,-0.0214593265023708,0.0011274260723832241,-0.012992340249115638,0.0016468555117364803,-5.189661674181099e-05
50,23,473,25.189571380615234,1.0010027712402396,0.21011202815440358,0.1252704147674606,-0.16389084521654854,0.002174745462621592,0.03770134570024046,-0.021459380528247897,0.0011274286865523993,-0.012992344809062967,0.001646855611026175,-5.1896600527077446e-05
50,23,474,25.189571380615234,1.0010027265023107,0.21011204792400884,0.1252704147674606,-0.16389084521654854,0.0021747446854177154,0.03770145369966626,-0.021459430552208173,0.0011274313007215743,-0.01299235088899274,0.0016468557103158695,-5.1896584312343904e-05
50,23,475,25.1895694732666,1.0010026989822611,0.21011207515734806,0.12527042729768476,-0.16389084521654854,0.0021747437527730633,0.037701561699092064,-0.021459464568501164,0.001127432477097703,-0.012992356968922512,0.0016468559088952586,-5.1896574583503775e-05
50,23,476,25.1895694732666,1.0010027080494202,0.21011209963755986,0.1252704398279089,-0.16389084521654854,0.0021747428201284117,0.03770165389372385,-0.02145946056658434,0.0011274315621384917,-0.012992364568834727,0.0016468561074746476,-5.189656809761036e-05
50,23,477,25.189571380615234,1.001002736855188,0.21011212496594192,0.12527045235813306,-0.16389084521654854,0.0021747418874837597,0.0377017513566203,-0.021459436555083408,0.0011274294708031518,-0.0129923706487645,0.001646856703212815,-5.189656809761036e-05
50,23,478,25.189571380615234,1.0010027722116424,0.21011214424017582,0.12527045235813306,-0.16389084521654854,0.002174741110279883,0.037701856721913764,-0.02145940453974883,0.0011274273794678116,-0.012992376728694272,0.0016468571003715933,-5.189656485466365e-05
50,23,479,25.189571380615234,1.0010027998628348,0.21011216408118993,0.12527045235813306,-0.16389084521654854,0.002174740333076006,0.03770196472133956,-0.021459380528247897,0.0011274251574240129,-0.012992384328606488,0.0016468575968200659,-5.189656809761036e-05
50,23,480,25.1895694732666,1.0010027932178394,0.21011218828431977,0.12527045235813306,-0.16389084521654854,0.002174739711312905,0.0377020964279564,-0.021459392533998364,0.0011274254188409305,-0.012992393448501147,0.0016468581925582332,-5.1896574583503775e-05
50,23,481,25.1895694732666,1.0010027594648345,0.21011221381932732,0.12527045235813306,-0.16389084521654854,0.0021747392449905792,0.03770223603697024,-0.021459432553166586,0.0011274269873424354,-0.012992401048413363,0.001646858887586095,-5.1896581069397194e-05
50,23,482,25.1895694732666,1.0010027219864543,0.2101122309382492,0.1252704398279089,-0.16389084521654854,0.0021747389341090283,0.0377023703777194,-0.021459474573293218,0.0011274289479693167,-0.012992408648325578,0.0016468592847448734,-5.1896584312343904e-05
50,23,483,25.1895694732666,1.0010026874026572,0.21011224323588543,0.12527042729768476,-0.16389084521654854,0.0021747389341090283,0.03770247837714521,-0.021459512591503027,0.0011274307778877393,-0.01299241472825535,0.0016468596819036515,-5.1896587555290614e-05
50,23,484,25.1895694732666,1.0010026592316248,0.2101122488222989,0.1252704147674606,-0.16389084521654854,0.0021747390895498035,0.0377025494987183,-0.021459542605879192,0.001127432477097703,-0.012992419288202679,0.0016468601783521243,-5.1896590798237324e-05
50,23,485,25.1895694732666,1.001002637690247,0.21011224873078324,0.12527040223723643,-0.16389084521654854,0.0021747394004313545,0.03770258901070334,-0.021459564616421716,0.0011274336534738319,-0.012992423848150008,0.0016468602776418188,-5.1896587555290614e-05
50,23,486,25.1895694732666,1.001002624782902,0.21011223388581457,0.12527037717678813,-0.16389084521654854,0.0021747400221944556,0.03770258901070334,-0.02145957462121377,0.0011274337841822905,-0.012992425368132452,0.0016468604762212079,-5.1896584312343904e-05
50,23,487,25.1895694732666,1.0010026285067468,0.21011221440378142,0.12527035211633983,-0.16389084521654854,0.002174740643957557,0.03770256266937998,-0.021459566617380126,0.0011274333920569142,-0.012992428408097337,0.0016468604762212079,-5.1896574583503775e-05
50,23,488,25.1895694732666,1.0010026464458543,0.21011218810698823,0.12527032705589153,-0.16389084521654854,0.0021747414211614334,0.037702499450203895,-0.021459542605879192,0.0011274318235554093,-0.012992428408097337,0.0016468600790624298,-5.189655836877023e-05
50,23,489,25.189571380615234,1.001002667384446,0.21011215746229459,0.1252703019954432,-0.16389084521654854,0.00217474219836531,0.03770241252383679,-0.02145951459246144,0.0011274301243454454,-0.012992426888114895,0.001646859781193346,-5.189654215403669e-05
50,23,490,25.189571380615234,1.0010026683894386,0.210112125027272,0.1252702769349949,-0.16389084521654854,0.0021747428201284117,0.037702315060940336,-0.021459506588627796,0.0011274296015116106,-0.012992426888114895,0.0016468594833242624,-5.189652593930315e-05
50,23,491,25.189571380615234,1.0010026479218963,0.21011209278914872,0.1252702518745466,-0.16389084521654854,0.0021747432864507375,0.03770222023217622,-0.02145952059533667,0.0011274305164708219,-0.012992422328167566,0.0016468589868757896,-5.1896509724569606e-05
50,23,492,25.1895694732666,1.0010026176072755,0.2101120695385604,0.12527023934432244,-0.16389084521654854,0.002174743597332288,0.037702133305809106,-0.021459546607796014,0.0011274323463892444,-0.012992419288202679,0.001646858490427317,-5.1896490266889354e-05
50,23,493,25.1895694732666,1.0010025794719526,0.21011204629159155,0.12527022681409827,-0.16389084521654854,0.0021747437527730633,0.037702046379442,-0.021459580624089005,0.001127434699141502,-0.012992416248237793,0.0016468580932685387,-5.189647729510252e-05
50,23,494,25.1895694732666,1.0010025506028555,0.21011202058237144,0.12527021428387414,-0.16389084521654854,0.0021747437527730633,0.03770194628241321,-0.021459604635589935,0.0011274362676430068,-0.012992411688290463,0.0016468575968200659,-5.189646108036898e-05
50,23,495,25.1895694732666,1.0010025502310638,0.21011200016006218,0.12527021428387414,-0.16389084521654854,0.002174743597332288,0.037701833014722734,-0.021459600633673113,0.0011274362676430068,-0.012992410168308021,0.0016468571003715933,-5.189644810858214e-05
50,23,496,25.1895694732666,1.0010025687075665,0.21011197633115544,0.12527021428387414,-0.16389084521654854,0.0021747432864507375,0.037701701308105906,-0.021459576622172183,0.0011274352219753367,-0.012992407128343134,0.0016468568025025095,-5.18964318938486e-05
50,23,497,25.189571380615234,1.0010025946304637,0.21011195070218153,0.12527021428387414,-0.16389084521654854,0.002174742975569187,0.03770155906495973,-0.021459544606837605,0.001127433522765373,-0.012992405608360692,0.001646856504633426,-5.189641243616835e-05
50,23,498,25.189571380615234,1.001002617061507,0.21011192706219894,0.12527021428387414,-0.16389084521654854,0.0021747425092468607,0.03770142735834289,-0.02145951659341985,0.001127432477097703,-0.012992405608360692,0.0016468563060540369,-5.1896402707328224e-05
50,23,499,25.189571380615234,1.0010026265768575,0.21011190710938452,0.12527021428387414,-0.16389084521654854,0.0021747418874837597,0.03770131672478476,-0.021459502586710973,0.0011274316928469505,-0.012992404088378248,0.0016468559088952586,-5.1896389735541385e-05
50,23,500,25.189571380615234,1.0010026402035417,0.2101118881056719,0.12527021428387414,-0.16389084521654854,0.002174741265720658,0.037701211359491296,-0.02145948457808527,0.0011274311700131155,-0.012992402568395804,0.001646855809605564,-5.189638649259468e-05
50,23,501,25.189571380615234,1.0010026559335425,0.21011187912245516,0.12527022681409827,-0.16389084521654854,0.002174740643957557,0.03770111916485951,-0.021459466569459573,0.001127430385762363,-0.012992404088378248,0.0016468557103158695,-5.189638649259468e-05
50,23,502,25.189571380615234,1.0010026646141885,0.21011187383085683,0.12527023934432244,-0.16389084521654854,0.0021747400221944556,0.037701048043286424,-0.02145945656466752,0.0011274301243454454,-0.012992404088378248,0.001646855809605564,-5.189638324964797e-05
50,23,503,25.189571380615234,1.001002666573068,0.21011186447261573,0.12527023934432244,-0.16389084521654854,0.0021747394004313545,0.03770099536063969,-0.021459452562750697,0.0011274301243454454,-0.012992405608360692,0.0016468559088952586,-5.1896389735541385e-05
50,23,504,25.189571380615234,1.0010026765544533,0.21011185605898525,0.12527023934432244,-0.16389084521654854,0.002174738778668253,0.03770094794625763,-0.02145944055700023,0.0011274299936369868,-0.012992407128343134,0.001646856008184953,-5.1896396221434805e-05
50,23,505,25.1895694732666,1.0010026712822022,0.21011184953954357,0.12527023934432244,-0.16389084521654854,0.002174738312345927,0.03770091106840492,-0.021459444558917053,0.001127430385762363,-0.012992408648325578,0.0016468562067643421,-5.1896396221434805e-05
50,23,506,25.1895694732666,1.0010026663847524,0.2101118448188967,0.12527023934432244,-0.16389084521654854,0.0021747380014643766,0.03770088472708155,-0.021459448560833875,0.0011274310393046567,-0.012992408648325578,0.001646856504633426,-5.1896402707328224e-05
50,23,507,25.189571380615234,1.0010026624867188,0.21011183555386095,0.12527022681409827,-0.16389084521654854,0.002174737846023601,0.03770087419055221,-0.021459450561792284,0.0011274313007215743,-0.012992410168308021,0.0016468566039231204,-5.189640919322164e-05
50,23,508,25.189571380615234,1.0010026569279469,0.2101118277089539,0.12527021428387414,-0.16389084521654854,0.002174737846023601,0.03770087155641987,-0.021459454563709107,0.0011274318235554093,-0.012992411688290463,0.0016468568025025095,-5.1896418922061766e-05
50,23,509,25.1895694732666,1.0010026437207036,0.21011182071457732,0.12527020175364997,-0.16389084521654854,0.0021747380014643766,0.03770087419055221,-0.021459466569459573,0.0011274323463892444,-0.012992411688290463,0.001646856901792204,-5.189642865090189e-05
50,23,510,25.1895694732666,1.0010026345420562,0.21011181428831813,0.12527018922342584,-0.16389084521654854,0.002174738312345927,0.03770087945881688,-0.021459474573293218,0.001127432999931538,-0.012992413208272907,0.0016468571003715933,-5.189643513679531e-05
50,23,511,25.1895694732666,1.0010026383378348,0.21011180445469688,0.12527017669320167,-0.16389084521654854,0.002174738778668253,0.037700866288155194,-0.021459468570417986,0.0011274326078061618,-0.012992413208272907,0.0016468573982406768,-5.189644486563543e-05
50,23,512,25.1895694732666,1.0010026499252342,0.2101117851599631,0.12527015163275337,-0.16389084521654854,0.0021747394004313545,0.037700842580964164,-0.021459452562750697,0.0011274316928469505,-0.012992411688290463,0.0016468572989509823,-5.189644486563543e-05
50,23,513,25.189571380615234,1.0010026669237915,0.21011176368794307,0.12527012657230505,-0.16389084521654854,0.0021747400221944556,0.037700805703111455,-0.021459430552208173,0.0011274302550539042,-0.012992413208272907,0.0016468572989509823,-5.189644162268873e-05
50,23,514,25.189571380615234,1.0010026823233638,0.21011174391706383,0.12527010151185675,-0.16389084521654854,0.002174740643957557,0.03770077936178809,-0.021459410542624065,0.0011274286865523993,-0.012992411688290463,0.0016468571996612878,-5.189644162268873e-05
50,23,515,25.189571380615234,1.001002691470431,0.21011173162092683,0.12527008898163258,-0.16389084521654854,0.002174741110279883,0.037700753020464724,-0.0214593985368736,0.0011274280330101055,-0.012992410168308021,0.0016468570010818987,-5.189643837974202e-05
50,23,516,25.189571380615234,1.001002685369379,0.21011172121888888,0.12527007645140845,-0.16389084521654854,0.0021747414211614334,0.0377007372156707,-0.02145940253879042,0.0011274280330101055,-0.012992408648325578,0.0016468568025025095,-5.189643513679531e-05
50,23,517,25.189571380615234,1.0010026775139298,0.21011171176440518,0.12527006392118428,-0.16389084521654854,0.0021747415766022087,0.03770072667914136,-0.021459408541665653,0.0011274281637185643,-0.012992407128343134,0.0016468568025025095,-5.189643513679531e-05
50,23,518,25.189571380615234,1.0010026770944331,0.2101117097790502,0.12527006392118428,-0.16389084521654854,0.0021747417320429844,0.03770071614261201,-0.021459408541665653,0.0011274281637185643,-0.012992405608360692,0.001646856703212815,-5.189643837974202e-05
50,23,519,25.189571380615234,1.0010026827636154,0.21011170883102842,0.12527006392118428,-0.16389084521654854,0.0021747417320429844,0.037700710874347336,-0.02145940253879042,0.0011274275101762704,-0.012992405608360692,0.0016468568025025095,-5.189644162268873e-05
50,23,520,25.189571380615234,1.0010026919398214,0.21011171525884656,0.12527007645140845,-0.16389084521654854,0.0021747415766022087,0.037700705606082664,-0.021459394534956776,0.0011274268566339766,-0.012992404088378248,0.0016468568025025095,-5.189644486563543e-05
50,23,521,25.189571380615234,1.0010026976033535,0.2101117235764746,0.12527008898163258,-0.16389084521654854,0.002174741265720658,0.037700710874347336,-0.021459390533039954,0.001127426203091683,-0.012992402568395804,0.001646856703212815,-5.189644810858214e-05
50,23,522,25.189571380615234,1.0010026979976514,0.21011173473434758,0.12527010151185675,-0.16389084521654854,0.0021747407993983323,0.03770073194740603,-0.021459392533998364,0.0011274260723832241,-0.012992401048413363,0.0016468568025025095,-5.189645135152885e-05
50,23,523,25.189571380615234,1.0010026944798183,0.21011174589214596,0.1252701140420809,-0.16389084521654854,0.002174740333076006,0.037700753020464724,-0.0214593985368736,0.0011274260723832241,-0.012992399528430919,0.0016468568025025095,-5.189645459447556e-05
50,23,524,25.189571380615234,1.001002701356523,0.2101117599763162,0.12527012657230505,-0.16389084521654854,0.0021747398667536803,0.03770078989831743,-0.021459394534956776,0.0011274254188409305,-0.012992399528430919,0.0016468568025025095,-5.189646108036898e-05
50,23,525,25.189571380615234,1.0010027105662658,0.2101117758564733,0.1252701391025292,-0.16389084521654854,0.0021747394004313545,0.03770083731269949,-0.02145938853208154,0.0011274245038817193,-0.012992398008448475,0.001646856901792204,-5.18964708092091e-05
50,23,526,25.189571380615234,1.0010027165166495,0.2101117948596416,0.12527015163275337,-0.16389084521654854,0.0021747390895498035,0.037700900531875574,-0.021459386531123132,0.0011274241117563428,-0.012992401048413363,0.0016468572989509823,-5.189647729510252e-05
50,23,527,25.189571380615234,1.0010027268124477,0.21011181594029466,0.1252701641629775,-0.16389084521654854,0.0021747389341090283,0.037700976921713335,-0.021459380528247897,0.001127423588922508,-0.012992399528430919,0.0016468572989509823,-5.189647729510252e-05
50,23,528,25.189571380615234,1.001002737346113,0.21011183815417825,0.12527017669320167,-0.16389084521654854,0.002174738778668253,0.03770105857981577,-0.021459374525372665,0.0011274231967971316,-0.012992401048413363,0.0016468571996612878,-5.189648053804923e-05
50,23,529,25.189571380615234,1.0010027424859844,0.2101118626412569,0.12527018922342584,-0.16389084521654854,0.002174738778668253,0.037701153408579886,-0.021459374525372665,0.0011274228046717553,-0.012992401048413363,0.0016468575968200659,-5.1896493509836064e-05
50,23,530,25.189571380615234,1.0010027514486906,0.21011187738405263,0.12527018922342584,-0.16389084521654854,0.002174738778668253,0.037701235066682326,-0.02145936852249743,0.0011274220204210029,-0.012992402568395804,0.0016468576961097606,-5.1896509724569606e-05
50,23,531,25.189571380615234,1.0010027721252686,0.21011189203296285,0.12527018922342584,-0.16389084521654854,0.0021747389341090283,0.03770131672478476,-0.021459350513871732,0.0011274211054617916,-0.012992402568395804,0.0016468578946891496,-5.1896509724569606e-05
50,23,532,25.189571380615234,1.0010027846768788,0.2101119052623068,0.12527018922342584,-0.16389084521654854,0.0021747392449905792,0.037701390480490184,-0.021459340509079678,0.0011274203212110392,-0.012992402568395804,0.0016468577953994551,-5.1896516210463026e-05
50,23,533,25.189571380615234,1.0010027915629012,0.21011191944360583,0.12527018922342584,-0.16389084521654854,0.0021747394004313545,0.03770146950446028,-0.021459336507162856,0.0011274201905025804,-0.012992402568395804,0.0016468580932685387,-5.1896516210463026e-05
50,23,534,25.189571380615234,1.001002777627447,0.21011193693673402,0.12527018922342584,-0.16389084521654854,0.0021747395558721298,0.037701566967356735,-0.021459354515788554,0.0011274212361702504,-0.012992402568395804,0.0016468579939788442,-5.189652269635644e-05
50,23,535,25.189571380615234,1.0010027445297773,0.21011195632770624,0.12527018922342584,-0.16389084521654854,0.002174739711312905,0.03770167496678254,-0.021459392533998364,0.0011274233275055904,-0.012992402568395804,0.0016468580932685387,-5.189652593930315e-05
50,23,536,25.189571380615234,1.0010026919520416,0.2101119761022356,0.12527018922342584,-0.16389084521654854,0.0021747398667536803,0.037701785600340675,-0.021459450561792284,0.0011274264645086004,-0.012992401048413363,0.0016468580932685387,-5.189652918224986e-05
50,23,537,25.1895694732666,1.001002639195933,0.21011199502696856,0.12527018922342584,-0.16389084521654854,0.0021747400221944556,0.03770189096563414,-0.021459508589586205,0.0011274297322200692,-0.012992401048413363,0.0016468581925582332,-5.189653566814328e-05
50,23,538,25.1895694732666,1.0010026132073984,0.21011201101111648,0.12527018922342584,-0.16389084521654854,0.002174740177635231,0.037701980526133584,-0.02145953860396237,0.0011274313007215743,-0.012992399528430919,0.0016468580932685387,-5.18965453969834e-05
50,23,539,25.1895694732666,1.0010026247278005,0.210112019327635,0.12527018922342584,-0.16389084521654854,0.002174740488516782,0.037702027940515644,-0.021459528599170316,0.0011274305164708219,-0.012992396488466033,0.0016468581925582332,-5.189655188287682e-05
50,23,540,25.1895694732666,1.0010026525730897,0.21011203085355346,0.12527020175364997,-0.16389084521654854,0.002174740643957557,0.03770205164770667,-0.021459502586710973,0.001127428817260858,-0.012992393448501147,0.0016468579939788442,-5.189655512582352e-05
50,23,541,25.1895694732666,1.0010026699643935,0.21011203916988525,0.12527021428387414,-0.16389084521654854,0.0021747407993983323,0.037702056915971345,-0.021459486579043684,0.001127427771593188,-0.012992391928518704,0.0016468579939788442,-5.189656161171694e-05
50,23,542,25.189571380615234,1.0010026848049365,0.21011204465296787,0.12527022681409827,-0.16389084521654854,0.0021747409548391076,0.037702046379442,-0.02145947257233481,0.0011274273794678116,-0.01299239040853626,0.0016468578946891496,-5.189656809761036e-05
50,23,543,25.189571380615234,1.0010026892504815,0.2101120472074884,0.12527023934432244,-0.16389084521654854,0.002174741110279883,0.037702020038118636,-0.021459468570417986,0.001127427248759353,-0.012992387368571374,0.0016468577953994551,-5.189657134055707e-05
50,23,544,25.1895694732666,1.0010026894871906,0.2101120483483898,0.1252702518745466,-0.16389084521654854,0.002174741265720658,0.037701985794398256,-0.021459468570417986,0.0011274276408847293,-0.012992384328606488,0.0016468578946891496,-5.1896581069397194e-05
50,23,545,25.1895694732666,1.0010027002913109,0.21011204390714033,0.12527026440477074,-0.16389084521654854,0.002174741265720658,0.037701919941089845,-0.02145945656466752,0.001127427248759353,-0.012992382808624045,0.0016468579939788442,-5.189659404118403e-05
50,23,546,25.1895694732666,1.0010027185021733,0.21011203747691864,0.1252702769349949,-0.16389084521654854,0.002174741265720658,0.037701843551252084,-0.021459436555083408,0.0011274263338001418,-0.012992379768659159,0.0016468578946891496,-5.1896603770024156e-05
50,23,547,25.1895694732666,1.0010027515669397,0.2101120272613192,0.12527028946521906,-0.16389084521654854,0.002174741265720658,0.03770174608835563,-0.021459400537832008,0.0011274245038817193,-0.012992376728694272,0.0016468578946891496,-5.189661349886428e-05
50,23,548,25.1895694732666,1.0010027862898279,0.21011201562631016,0.1252703019954432,-0.16389084521654854,0.002174741265720658,0.03770164072306216,-0.0214593625196222,0.001127422543254838,-0.012992373688729386,0.0016468577953994551,-5.189661674181099e-05
50,23,549,25.1895694732666,1.0010028129996913,0.21011201241078656,0.12527032705589153,-0.16389084521654854,0.002174741265720658,0.03770154062603337,-0.021459334506204443,0.0011274212361702504,-0.0129923706487645,0.0016468576961097606,-5.189662322770441e-05
50,23,550,25.1895694732666,1.001002828469995,0.21011201156202197,0.12527035211633983,-0.16389084521654854,0.002174741265720658,0.03770145369966626,-0.021459318498537154,0.0011274207133364154,-0.012992367608799614,0.0016468574975303713,-5.189663295654453e-05
50,23,551,25.1895694732666,1.0010028419845762,0.21011201071485122,0.12527037717678813,-0.16389084521654854,0.002174741265720658,0.037701366773299154,-0.021459304491828278,0.0011274201905025804,-0.012992364568834727,0.0016468574975303713,-5.189663619949124e-05
50,23,552,25.1895694732666,1.0010028574522916,0.210112009866942,0.12527040223723643,-0.16389084521654854,0.0021747414211614334,0.03770127984693204,-0.02145928848416099,0.0011274196676687453,-0.012992361528869841,0.0016468573982406768,-5.189664268538466e-05
50,23,553,25.1895694732666,1.0010028839616103,0.210112005709182,0.12527042729768476,-0.16389084521654854,0.0021747415766022087,0.03770117448163858,-0.021459260470743233,0.001127418752709534,-0.012992358488904955,0.0016468573982406768,-5.189665565717149e-05
50,23,554,25.1895694732666,1.0010029031538907,0.21011199464882377,0.1252704398279089,-0.16389084521654854,0.0021747417320429844,0.037701071750477454,-0.021459238460200713,0.001127418229875699,-0.012992356968922512,0.0016468572989509823,-5.1896668628958325e-05
50,23,555,25.1895694732666,1.0010029336652393,0.2101119816004969,0.12527045235813306,-0.16389084521654854,0.0021747418874837597,0.03770095848278698,-0.021459204443907726,0.0011274169227911115,-0.012992353928957626,0.0016468572989509823,-5.1896671871905034e-05
50,23,556,25.189571380615234,1.0010029758327301,0.21011196817006567,0.12527046488835722,-0.16389084521654854,0.002174742042924535,0.037700842580964164,-0.02145915842186427,0.0011274149621642302,-0.012992352408975182,0.0016468572989509823,-5.1896678357798454e-05
50,23,557,25.1895694732666,1.00100303488922,0.21011195133079513,0.12527047741858136,-0.16389084521654854,0.00217474219836531,0.037700708240215,-0.021459094391195116,0.001127411955869679,-0.012992349369010297,0.0016468571996612878,-5.189668484369187e-05
50,23,558,25.189571380615234,1.0010031054036042,0.21011193316493604,0.12527048994880552,-0.16389084521654854,0.0021747423538060855,0.03770056599706882,-0.021459018354775497,0.001127408296032834,-0.012992347849027853,0.0016468571996612878,-5.1896691329585286e-05
50,23,559,25.1895694732666,1.0010031550909095,0.2101119089520875,0.12527048994880552,-0.16389084521654854,0.0021747423538060855,0.03770043165631965,-0.021458962327939986,0.0011274056818636588,-0.01299234632904541,0.0016468571996612878,-5.1896701058425416e-05
50,23,560,25.189571380615234,1.0010031858937258,0.2101118879602137,0.12527048994880552,-0.16389084521654854,0.0021747423538060855,0.037700315754496845,-0.02145892631068859,0.001127404113362154,-0.012992343289080523,0.0016468572989509823,-5.189671403021225e-05
50,23,561,25.189571380615234,1.0010032002045393,0.2101118722685258,0.12527048994880552,-0.16389084521654854,0.0021747423538060855,0.037700228828129734,-0.021458908302062887,0.0011274037212367777,-0.012992341769098081,0.0016468574975303713,-5.189673024494579e-05
50,23,562,25.189571380615234,1.0010031772127261,0.21011185592162285,0.12527047741858136,-0.16389084521654854,0.0021747423538060855,0.03770017877961534,-0.021458928311647,0.0011274054204467414,-0.012992343289080523,0.0016468575968200659,-5.189674645967933e-05
50,23,563,25.1895694732666,1.0010031320029997,0.21011184553948314,0.12527046488835722,-0.16389084521654854,0.00217474219836531,0.037700162974821316,-0.021458972332732043,0.0011274086881582102,-0.012992341769098081,0.0016468576961097606,-5.189675618851946e-05
50,23,564,25.1895694732666,1.0010030802396204,0.21011184121055704,0.12527045235813306,-0.16389084521654854,0.002174742042924535,0.037700181413747674,-0.02145902435765073,0.0011274123479950552,-0.012992338729133194,0.0016468578946891496,-5.1896769160306294e-05
50,23,565,25.1895694732666,1.0010030267376897,0.21011183791786572,0.1252704398279089,-0.16389084521654854,0.0021747418874837597,0.037700205120938704,-0.021459078383527827,0.0011274158771234415,-0.012992337209150752,0.0016468577953994551,-5.1896778889146416e-05
50,23,566,25.1895694732666,1.0010029962876688,0.2101118326336902,0.12527042729768476,-0.16389084521654854,0.0021747418874837597,0.03770021829160039,-0.021459108397903996,0.0011274179684587816,-0.012992334169185864,0.0016468577953994551,-5.1896788617986546e-05
50,23,567,25.1895694732666,1.0010029925431942,0.21011182412660293,0.1252704147674606,-0.16389084521654854,0.002174742042924535,0.03770021302333572,-0.021459110398862405,0.0011274184912926167,-0.012992332649203422,0.0016468577953994551,-5.1896791860933256e-05
50,23,568,25.1895694732666,1.0010030249687787,0.21011181087901037,0.12527040223723643,-0.16389084521654854,0.00217474219836531,0.037700181413747674,-0.021459074381611005,0.0011274165306657353,-0.012992331129220979,0.0016468576961097606,-5.189679834682667e-05
50,23,569,25.1895694732666,1.0010030767356364,0.21011179658662063,0.1252703897070123,-0.16389084521654854,0.0021747423538060855,0.037700144535894965,-0.021459018354775497,0.0011274133936627253,-0.012992328089256093,0.0016468576961097606,-5.189680483272009e-05
50,23,570,25.1895694732666,1.001003130676697,0.21011178333350353,0.12527037717678813,-0.16389084521654854,0.0021747425092468607,0.03770011292630692,-0.021458960326981576,0.001127410256659715,-0.01299232656927365,0.0016468576961097606,-5.18968080756668e-05
50,23,571,25.1895694732666,1.0010031653362377,0.21011177140985424,0.12527036464656396,-0.16389084521654854,0.002174742664687636,0.03770008921911589,-0.021458922308771767,0.001127408296032834,-0.012992323529308764,0.0016468575968200659,-5.189681456156021e-05
50,23,572,25.1895694732666,1.0010031733388614,0.2101117722597427,0.12527036464656396,-0.16389084521654854,0.002174742664687636,0.03770009448738057,-0.021458914304938122,0.0011274080346159164,-0.01299232200932632,0.0016468575968200659,-5.189682104745363e-05
50,23,573,25.1895694732666,1.00100315101879,0.21011177775100054,0.12527036464656396,-0.16389084521654854,0.002174742664687636,0.03770012609696861,-0.021458938316439056,0.0011274097338258803,-0.012992318969361434,0.0016468573982406768,-5.189683077629376e-05
50,23,574,25.1895694732666,1.0010031115942164,0.21011178561122656,0.12527036464656396,-0.16389084521654854,0.0021747425092468607,0.03770017087721833,-0.021458980336565688,0.0011274122172865964,-0.012992315929396548,0.0016468573982406768,-5.189683726218717e-05
50,23,575,25.1895694732666,1.0010030669966632,0.2101117967834534,0.12527036464656396,-0.16389084521654854,0.0021747423538060855,0.037700234096394405,-0.02145902835956755,0.0011274153542896064,-0.012992312889431661,0.0016468573982406768,-5.189684374808059e-05
50,23,576,25.1895694732666,1.0010030355938262,0.21011180558462272,0.12527036464656396,-0.16389084521654854,0.00217474219836531,0.0377002841449088,-0.02145906237586054,0.0011274173149164878,-0.012992309849466775,0.0016468571996612878,-5.1896850233974005e-05
50,23,577,25.1895694732666,1.0010030344043486,0.21011181854247474,0.12527037717678813,-0.16389084521654854,0.002174742042924535,0.037700315754496845,-0.021459066377777364,0.0011274179684587816,-0.01299230680950189,0.0016468571996612878,-5.1896856719867424e-05
50,23,578,25.1895694732666,1.0010030594038954,0.21011182581662832,0.1252703897070123,-0.16389084521654854,0.002174742042924535,0.037700315754496845,-0.02145904236627643,0.0011274165306657353,-0.012992303769537004,0.0016468571003715933,-5.1896863205760844e-05
50,23,579,25.1895694732666,1.001003112948435,0.2101118292991285,0.12527040223723643,-0.16389084521654854,0.002174742042924535,0.03770029468143815,-0.021458988340399332,0.0011274131322458077,-0.012992300729572116,0.0016468570010818987,-5.1896866448707553e-05
50,23,580,25.1895694732666,1.001003166611748,0.21011183334748212,0.1252704147674606,-0.16389084521654854,0.002174742042924535,0.03770027624251179,-0.021458934314522234,0.0011274097338258803,-0.012992299209589674,0.0016468568025025095,-5.1896866448707553e-05
50,23,581,25.1895694732666,1.001003201014218,0.21011183882381318,0.12527042729768476,-0.16389084521654854,0.002174742042924535,0.03770026570598245,-0.021458900298229246,0.001127407773198999,-0.01299229768960723,0.001646856901792204,-5.1896876177547676e-05
50,23,582,25.1895694732666,1.0010032147374464,0.21011184827641874,0.1252704398279089,-0.16389084521654854,0.0021747418874837597,0.03770027624251179,-0.02145888829247878,0.0011274068582397877,-0.012992299209589674,0.0016468571996612878,-5.189688914933451e-05
50,23,583,25.1895694732666,1.0010032018517006,0.2101118614252098,0.12527045235813306,-0.16389084521654854,0.0021747417320429844,0.03770030785209983,-0.021458904300146065,0.001127407773198999,-0.012992299209589674,0.0016468573982406768,-5.189690536406805e-05
50,23,584,25.1895694732666,1.001003175968467,0.21011187788467997,0.12527046488835722,-0.16389084521654854,0.0021747415766022087,0.037700357900614226,-0.021458934314522234,0.0011274089495751276,-0.012992299209589674,0.0016468576961097606,-5.189691833585489e-05
50,23,585,25.1895694732666,1.0010031444162,0.2101118952928762,0.12527047741858136,-0.16389084521654854,0.0021747414211614334,0.0377004132173933,-0.02145897033177363,0.001127410910202009,-0.012992299209589674,0.0016468578946891496,-5.189692806469501e-05
50,23,586,25.1895694732666,1.001003122362987,0.21011191137441665,0.12527048994880552,-0.16389084521654854,0.0021747414211614334,0.03770046063177536,-0.021458996344232976,0.0011274122172865964,-0.012992300729572116,0.0016468581925582332,-5.189694103648185e-05
50,23,587,25.1895694732666,1.0010031170197826,0.21011192319437907,0.12527050247902966,-0.16389084521654854,0.0021747414211614334,0.03770048433896639,-0.02145900434806662,0.0011274122172865964,-0.01299230224955456,0.0016468583911376225,-5.1896944279428554e-05
50,23,588,25.1895694732666,1.0010031383627023,0.21011193169890183,0.12527051500925382,-0.16389084521654854,0.0021747415766022087,0.03770048960723106,-0.02145898433848251,0.0011274107794935501,-0.012992303769537004,0.001646858689006706,-5.1896950765321974e-05
50,23,589,25.1895694732666,1.0010031692765125,0.21011192988688598,0.12527051500925382,-0.16389084521654854,0.0021747417320429844,0.03770047907070171,-0.021458952323147932,0.0011274079039074575,-0.012992305289519446,0.001646858689006706,-5.1896950765321974e-05
50,23,590,25.1895694732666,1.001003221230087,0.2101119258029907,0.12527051500925382,-0.16389084521654854,0.0021747418874837597,0.03770045536351068,-0.021458898297270834,0.0011274042440706125,-0.012992308329484333,0.001646858887586095,-5.1896950765321974e-05
50,23,591,25.1895694732666,1.0010032560561604,0.2101119239916788,0.12527051500925382,-0.16389084521654854,0.002174742042924535,0.03770044482698134,-0.021458862280019433,0.0011274014991929787,-0.012992309849466775,0.001646858887586095,-5.1896954008268684e-05
50,23,592,25.1895694732666,1.001003269747108,0.21011192398474066,0.12527051500925382,-0.16389084521654854,0.002174742042924535,0.03770044482698134,-0.021458848273310557,0.0011274000613999324,-0.012992309849466775,0.0016468589868757896,-5.1896947522375264e-05
50,23,593,25.1895694732666,1.0010032568486336,0.21011192776713333,0.12527051500925382,-0.16389084521654854,0.002174742042924535,0.03770046590004003,-0.021458862280019433,0.0011274005842337675,-0.012992309849466775,0.0016468587882964006,-5.189693779353514e-05
50,23,594,25.1895694732666,1.0010032112778415,0.21011193430270145,0.12527051500925382,-0.16389084521654854,0.0021747418874837597,0.03770050277789274,-0.0214589103030213,0.0011274030676944838,-0.012992308329484333,0.001646858689006706,-5.189693130764172e-05
50,23,595,25.1895694732666,1.0010031544871965,0.21011194329891436,0.12527051500925382,-0.16389084521654854,0.0021747417320429844,0.037700552826407135,-0.02145897033177363,0.0011274063354059526,-0.012992308329484333,0.001646858490427317,-5.189691833585489e-05
50,23,596,25.1895694732666,1.0010030927217033,0.21011195655105136,0.12527051500925382,-0.16389084521654854,0.0021747415766022087,0.03770062658211257,-0.021459036363401195,0.0011274099952427977,-0.012992308329484333,0.0016468582918479277,-5.189691184996147e-05
50,23,597,25.1895694732666,1.0010030422920901,0.21011196790849593,0.12527051500925382,-0.16389084521654854,0.0021747415766022087,0.03770068980128864,-0.021459090389278294,0.0011274127401204315,-0.012992308329484333,0.0016468581925582332,-5.189689887817464e-05
50,23,598,25.1895694732666,1.0010030398280019,0.21011197480709928,0.12527051500925382,-0.16389084521654854,0.0021747415766022087,0.037700729313273694,-0.021459094391195116,0.0011274127401204315,-0.012992305289519446,0.0016468577953994551,-5.189688914933451e-05
50,23,599,25.1895694732666,1.0010030811765975,0.21011197611320398,0.12527051500925382,-0.16389084521654854,0.0021747417320429844,0.0377007372156707,-0.021459052371068484,0.0011274099952427977,-0.012992303769537004,0.0016468573982406768,-5.1896866448707553e-05
50,23,600,25.1895694732666,1.001003153344065,0.2101119751418054,0.12527051500925382,-0.16389084521654854,0.0021747418874837597,0.03770073194740603,-0.021458978335607275,0.0011274054204467414,-0.012992303769537004,0.0016468571996612878,-5.1896859962814134e-05
50,23,601,25.189571380615234,1.0010032134984974,0.21011197285221953,0.12527051500925382,-0.16389084521654854,0.002174742042924535,0.037700718776744344,-0.021458916305896532,0.0011274016299014375,-0.012992305289519446,0.0016468571996612878,-5.1896850233974005e-05
50,23,602,25.189571380615234,1.0010032216653288,0.21011198381654067,0.12527052753947798,-0.16389084521654854,0.00217474219836531,0.0377007372156707,-0.0214589103030213,0.0011274011070676025,-0.012992308329484333,0.0016468571996612878,-5.18968469910273e-05
50,23,603,25.1895694732666,1.0010031914112167,0.21011199810357245,0.12527054006970212,-0.16389084521654854,0.00217474219836531,0.03770077409352342,-0.021458944319314287,0.001127402936986025,-0.012992311369449219,0.0016468573982406768,-5.189684050513388e-05
50,23,604,25.189571380615234,1.001003128502344,0.21011201524060183,0.12527055259992628,-0.16389084521654854,0.00217474219836531,0.03770082677617015,-0.021459012351900265,0.001127407250365164,-0.012992314409414105,0.0016468576961097606,-5.189684050513388e-05
50,23,605,25.1895694732666,1.001003054075408,0.2101120334175551,0.12527056513015045,-0.16389084521654854,0.00217474219836531,0.03770088472708155,-0.021459092390236707,0.0011274118251612202,-0.012992318969361434,0.0016468578946891496,-5.18968469910273e-05
50,23,606,25.1895694732666,1.001003026075301,0.21011204912404058,0.12527057766037458,-0.16389084521654854,0.00217474219836531,0.037700929507331275,-0.021459124405571284,0.0011274137857881015,-0.01299232200932632,0.0016468581925582332,-5.1896850233974005e-05
50,23,607,25.1895694732666,1.001003051270723,0.2101120573445578,0.12527057766037458,-0.16389084521654854,0.0021747423538060855,0.037700974287581,-0.02145910039407035,0.0011274127401204315,-0.012992325049291207,0.0016468585897170115,-5.1896856719867424e-05
50,23,608,25.1895694732666,1.0010031096956373,0.21011206545317607,0.12527057766037458,-0.16389084521654854,0.0021747425092468607,0.03770101906783072,-0.02145904236627643,0.0011274090802835864,-0.01299232656927365,0.001646858490427317,-5.1896856719867424e-05
50,23,609,25.1895694732666,1.0010031912745776,0.21011207204362836,0.12527057766037458,-0.16389084521654854,0.002174742664687636,0.03770105594568343,-0.021458960326981576,0.001127404113362154,-0.01299232656927365,0.001646858490427317,-5.1896856719867424e-05
50,23,610,25.1895694732666,1.001003286267759,0.2101120773088748,0.12527057766037458,-0.16389084521654854,0.0021747428201284117,0.03770108492113913,-0.021458864280977846,0.0011273986236068863,-0.012992328089256093,0.001646858689006706,-5.1896859962814134e-05
50,23,611,25.189571380615234,1.0010033277671588,0.21011208863917832,0.12527057766037458,-0.16389084521654854,0.0021747428201284117,0.037701148140315215,-0.021458824261809624,0.00112739614014617,-0.012992328089256093,0.001646858689006706,-5.1896859962814134e-05
50,23,612,25.189571380615234,1.0010033142570203,0.21011210811900005,0.12527057766037458,-0.16389084521654854,0.0021747425092468607,0.03770125613974101,-0.021458842270435326,0.0011273973165222986,-0.012992329609238537,0.0016468587882964006,-5.1896863205760844e-05
50,23,613,25.1895694732666,1.0010032468542776,0.21011213177701202,0.12527057766037458,-0.16389084521654854,0.00217474219836531,0.03770138784635785,-0.021458916305896532,0.001127401891318355,-0.012992329609238537,0.001646858887586095,-5.1896869691654256e-05
50,23,614,25.1895694732666,1.0010031448912795,0.21011216783163972,0.12527059019059875,-0.16389084521654854,0.0021747417320429844,0.03770154589429804,-0.02145902835956755,0.001127408296032834,-0.012992332649203422,0.0016468591854551789,-5.1896872934600966e-05
50,23,615,25.1895694732666,1.0010030585334821,0.21011220369334174,0.1252706027208229,-0.16389084521654854,0.0021747414211614334,0.03770170394223824,-0.021459124405571284,0.001127414047205019,-0.012992332649203422,0.0016468592847448734,-5.1896879420494386e-05
50,23,616,25.1895694732666,1.0010030128411773,0.21011222828782627,0.1252706027208229,-0.16389084521654854,0.002174741265720658,0.03770184091711974,-0.02145917643048997,0.0011274169227911115,-0.012992332649203422,0.001646859384034568,-5.1896885906387805e-05
50,23,617,25.1895694732666,1.001003013790285,0.2101122514473462,0.1252706027208229,-0.16389084521654854,0.002174741265720658,0.03770196998960424,-0.021459180432406792,0.0011274170534995704,-0.012992332649203422,0.0016468591854551789,-5.1896879420494386e-05
50,23,618,25.1895694732666,1.001003051780323,0.2101122740285229,0.1252706027208229,-0.16389084521654854,0.0021747414211614334,0.0377020964279564,-0.021459146416113805,0.0011274147007473128,-0.012992331129220979,0.0016468591854551789,-5.1896876177547676e-05
50,23,619,25.1895694732666,1.0010031225412725,0.21011229432625753,0.1252706027208229,-0.16389084521654854,0.0021747417320429844,0.037702209695646874,-0.021459078383527827,0.0011274099952427977,-0.012992331129220979,0.0016468589868757896,-5.1896869691654256e-05
50,23,620,25.1895694732666,1.0010032051373678,0.2101123150946917,0.1252706027208229,-0.16389084521654854,0.002174742042924535,0.03770232559746968,-0.021458998345191386,0.0011274047669044475,-0.012992331129220979,0.001646858887586095,-5.1896869691654256e-05
50,23,621,25.1895694732666,1.001003273974459,0.21011234485155952,0.12527061525104705,-0.16389084521654854,0.00217474219836531,0.0377024494016895,-0.021458934314522234,0.00112740032281685,-0.012992332649203422,0.0016468589868757896,-5.1896869691654256e-05
50,23,622,25.1895694732666,1.001003302434617,0.21011237793143933,0.1252706277812712,-0.16389084521654854,0.00217474219836531,0.03770259164483568,-0.02145891230397971,0.0011273981007730513,-0.012992334169185864,0.001646859384034568,-5.1896879420494386e-05
50,23,623,25.1895694732666,1.0010032720702284,0.2101124196366231,0.12527064031149535,-0.16389084521654854,0.002174742042924535,0.037702781302363916,-0.021458952323147932,0.0011274001921083912,-0.012992337209150752,0.001646859781193346,-5.189689239228122e-05
50,23,624,25.1895694732666,1.001003196055876,0.2101124675001342,0.1252706528417195,-0.16389084521654854,0.0021747417320429844,0.03770300520361253,-0.021459040365318018,0.001127404636195989,-0.012992340249115638,0.0016468602776418188,-5.189691184996147e-05
50,23,625,25.1895694732666,1.0010031189904276,0.2101125103560684,0.12527066537194367,-0.16389084521654854,0.0021747414211614334,0.03770320012940544,-0.021459128407488107,0.0011274094724089626,-0.01299234632904541,0.0016468609726696807,-5.189692806469501e-05
50,23,626,25.1895694732666,1.0010030751244041,0.21011254365113985,0.1252706779021678,-0.16389084521654854,0.002174741265720658,0.037703342372551615,-0.021459180432406792,0.0011274120865781376,-0.01299235088899274,0.0016468614691181535,-5.1896944279428554e-05
50,23,627,25.1895694732666,1.0010030738433977,0.21011256549179805,0.12527069043239197,-0.16389084521654854,0.002174741110279883,0.03770342139652171,-0.021459186435282027,0.0011274118251612202,-0.012992353928957626,0.0016468618662769316,-5.1896947522375264e-05
50,23,628,25.1895694732666,1.001003113496567,0.21011256802641495,0.12527069043239197,-0.16389084521654854,0.002174741110279883,0.0377034345671834,-0.021459146416113805,0.0011274085574497514,-0.012992356968922512,0.0016468619655666263,-5.1896947522375264e-05
50,23,629,25.1895694732666,1.0010031807004645,0.21011256204579637,0.12527069043239197,-0.16389084521654854,0.002174741265720658,0.03770340032346302,-0.021459076382569418,0.001127403982653695,-0.012992360008887397,0.0016468620648563209,-5.1896947522375264e-05
50,23,630,25.1895694732666,1.0010032396641295,0.2101125540832855,0.12527069043239197,-0.16389084521654854,0.0021747414211614334,0.0377033555432133,-0.021459014352858675,0.0011273999306914738,-0.012992361528869841,0.0016468621641460154,-5.189694103648185e-05
50,23,631,25.189571380615234,1.0010032691924018,0.2101125456572245,0.12527069043239197,-0.16389084521654854,0.0021747414211614334,0.03770330812883124,-0.021458982337524097,0.0011273975779392163,-0.012992363048852285,0.00164686226343571,-5.189693779353514e-05
50,23,632,25.1895694732666,1.0010032542302154,0.21011253960780824,0.12527069043239197,-0.16389084521654854,0.0021747414211614334,0.03770327388511086,-0.021458996344232976,0.0011273978393561337,-0.012992364568834727,0.00164686226343571,-5.189693455058843e-05
50,23,633,25.1895694732666,1.0010032192134544,0.21011253120490936,0.12527069043239197,-0.16389084521654854,0.0021747414211614334,0.0377032264707288,-0.021459030360525964,0.001127399799983015,-0.01299236608881717,0.0016468623627254044,-5.189693130764172e-05
50,23,634,25.1895694732666,1.0010031763558978,0.2101125227099033,0.12527069043239197,-0.16389084521654854,0.002174741265720658,0.03770317905634674,-0.021459072380652595,0.0011274025448606488,-0.01299236608881717,0.0016468621641460154,-5.189691833585489e-05
50,23,635,25.1895694732666,1.0010031444201732,0.21011251033445372,0.12527069043239197,-0.16389084521654854,0.002174741110279883,0.037703110568906,-0.02145910239502876,0.001127404636195989,-0.012992364568834727,0.001646861766987237,-5.189690860701476e-05
50,23,636,25.1895694732666,1.0010031343458934,0.21011249029601384,0.12527069043239197,-0.16389084521654854,0.002174741110279883,0.037702999935347856,-0.021459108397903996,0.0011274054204467414,-0.012992361528869841,0.0016468614691181535,-5.189689239228122e-05
50,23,637,25.1895694732666,1.0010031505628267,0.21011246504756095,0.12527069043239197,-0.16389084521654854,0.002174741110279883,0.03770286032633401,-0.02145908638736147,0.0011274045054875301,-0.012992358488904955,0.0016468609726696807,-5.1896879420494386e-05
50,23,638,25.1895694732666,1.0010031759814624,0.21011243705583638,0.12527069043239197,-0.16389084521654854,0.002174741265720658,0.037702704912526155,-0.021459054372026897,0.0011274031984029426,-0.012992356968922512,0.0016468605755109026,-5.1896859962814134e-05
50,23,639,25.1895694732666,1.001003184442177,0.21011240282566038,0.1252706779021678,-0.16389084521654854,0.0021747414211614334,0.037702557401115305,-0.021459038364359608,0.00112740241415219,-0.012992352408975182,0.0016468600790624298,-5.189684374808059e-05
50,23,640,25.1895694732666,1.0010031816039102,0.2101123706791362,0.12527066537194367,-0.16389084521654854,0.0021747415766022087,0.0377024204262338,-0.021459034362442786,0.0011274025448606488,-0.01299235088899274,0.001646859582613957,-5.189682429040034e-05
50,23,641,25.189571380615234,1.0010031562985808,0.21011235262928202,0.12527066537194367,-0.16389084521654854,0.0021747415766022087,0.03770232032920501,-0.021459056372985306,0.0011274038519452363,-0.012992349369010297,0.001646859384034568,-5.189681131861351e-05
50,23,642,25.189571380615234,1.0010031069751404,0.21011234129988746,0.12527066537194367,-0.16389084521654854,0.0021747415766022087,0.03770225711002893,-0.021459104395987173,0.0011274068582397877,-0.012992349369010297,0.0016468591854551789,-5.189680483272009e-05
50,23,643,25.1895694732666,1.0010030507012686,0.21011233413338382,0.12527066537194367,-0.16389084521654854,0.0021747415766022087,0.03770221759804388,-0.02145916042282268,0.001127410256659715,-0.012992347849027853,0.0016468590861654843,-5.189679834682667e-05
50,23,644,25.1895694732666,1.0010030063013986,0.21011232762269588,0.12527066537194367,-0.16389084521654854,0.0021747415766022087,0.037702180720191165,-0.021459204443907726,0.0011274126094119727,-0.012992349369010297,0.0016468590861654843,-5.1896791860933256e-05
50,23,645,25.1895694732666,1.001002996292141,0.21011231722612117,0.12527066537194367,-0.16389084521654854,0.0021747417320429844,0.03770212276927976,-0.02145921244774137,0.0011274131322458077,-0.012992349369010297,0.0016468589868757896,-5.1896785375039836e-05
50,23,646,25.1895694732666,1.0010030113327617,0.2101123050245618,0.12527066537194367,-0.16389084521654854,0.0021747418874837597,0.03770205428183901,-0.02145919443911567,0.001127411955869679,-0.01299235088899274,0.0016468589868757896,-5.1896782132093126e-05
50,23,647,25.189571380615234,1.0010030586121563,0.2101122879912,0.12527066537194367,-0.16389084521654854,0.002174742042924535,0.03770195945307489,-0.021459142414196983,0.0011274086881582102,-0.01299235088899274,0.0016468589868757896,-5.1896782132093126e-05
50,23,648,25.189571380615234,1.0010031139339597,0.21011227199726623,0.12527066537194367,-0.16389084521654854,0.00217474219836531,0.03770186989257545,-0.02145908238544465,0.0011274052897382826,-0.012992352408975182,0.0016468590861654843,-5.1896785375039836e-05
50,23,649,25.189571380615234,1.0010031695534238,0.21011225742142403,0.12527066537194367,-0.16389084521654854,0.0021747423538060855,0.03770178823447301,-0.02145902235669232,0.0011274017606098963,-0.012992353928957626,0.0016468592847448734,-5.1896788617986546e-05
50,23,650,25.189571380615234,1.0010032025777533,0.2101122470131874,0.12527066537194367,-0.16389084521654854,0.0021747423538060855,0.03770173028356161,-0.02145898633944092,0.001127399799983015,-0.012992353928957626,0.001646859384034568,-5.1896791860933256e-05
50,23,651,25.189571380615234,1.001003210968209,0.21011224039183987,0.12527066537194367,-0.16389084521654854,0.0021747423538060855,0.03770169340570889,-0.021458976334648865,0.0011273988850238038,-0.012992353928957626,0.0016468594833242624,-5.1896791860933256e-05
50,23,652,25.189571380615234,1.0010032004946339,0.2101122370889241,0.12527066537194367,-0.16389084521654854,0.0021747423538060855,0.03770167496678254,-0.02145898633944092,0.001127399799983015,-0.012992353928957626,0.001646859582613957,-5.189680158977338e-05
50,23,653,25.1895694732666,1.0010031732139015,0.21011223757155775,0.12527066537194367,-0.16389084521654854,0.00217474219836531,0.037701677600914876,-0.021459014352858675,0.0011274013684845201,-0.012992353928957626,0.001646859781193346,-5.189681456156021e-05
50,23,654,25.1895694732666,1.0010031366495131,0.21011224042020998,0.12527066537194367,-0.16389084521654854,0.002174742042924535,0.03770169340570889,-0.021459052371068484,0.0011274035905283189,-0.012992353928957626,0.0016468598804830407,-5.189682753334705e-05
50,23,655,25.1895694732666,1.0010031098449481,0.2101122431713681,0.12527066537194367,-0.16389084521654854,0.0021747418874837597,0.037701709210502914,-0.02145908038448624,0.0011274051590298238,-0.012992352408975182,0.0016468599797727352,-5.189684050513388e-05
50,23,656,25.1895694732666,1.0010031001476485,0.21011224355354696,0.12527066537194367,-0.16389084521654854,0.0021747417320429844,0.03770171184463525,-0.021459090389278294,0.0011274058125721176,-0.01299235088899274,0.0016468599797727352,-5.1896850233974005e-05
50,23,657,25.1895694732666,1.0010031035152311,0.21011223164039905,0.1252706528417195,-0.16389084521654854,0.0021747417320429844,0.03770168813744422,-0.021459084386403062,0.0011274055511552002,-0.012992347849027853,0.0016468600790624298,-5.1896853476920714e-05
50,23,658,25.1895694732666,1.0010031330968792,0.2101122141364958,0.12527064031149535,-0.16389084521654854,0.0021747415766022087,0.03770163282066515,-0.021459050370110075,0.0011274033291114012,-0.01299234632904541,0.0016468598804830407,-5.1896853476920714e-05
50,23,659,25.189571380615234,1.001003179584754,0.21011219331902223,0.1252706277812712,-0.16389084521654854,0.0021747415766022087,0.03770155906495973,-0.021458998345191386,0.00112740032281685,-0.012992344809062967,0.001646859582613957,-5.18968469910273e-05
50,23,660,25.189571380615234,1.0010032148167425,0.21011217477732994,0.12527061525104705,-0.16389084521654854,0.0021747414211614334,0.03770149847991598,-0.021458958326023167,0.00112739823148151,-0.012992341769098081,0.0016468594833242624,-5.189684374808059e-05
50,23,661,25.1895694732666,1.001003229346729,0.21011216011665215,0.1252706027208229,-0.16389084521654854,0.002174741265720658,0.03770145896793094,-0.021458940317397465,0.0011273969243969224,-0.012992340249115638,0.001646859582613957,-5.1896853476920714e-05
50,23,662,25.189571380615234,1.0010032287283888,0.21011214782549145,0.12527059019059875,-0.16389084521654854,0.0021747409548391076,0.03770143262660757,-0.021458938316439056,0.0011273969243969224,-0.012992338729133194,0.001646859582613957,-5.1896863205760844e-05
50,23,663,25.1895694732666,1.00100319946587,0.21011213885343646,0.12527057766037458,-0.16389084521654854,0.002174740643957557,0.03770142472421056,-0.021458966329856808,0.0011273988850238038,-0.012992337209150752,0.001646859582613957,-5.1896866448707553e-05
50,23,664,25.1895694732666,1.0010031682359735,0.21011213914637838,0.12527057766037458,-0.16389084521654854,0.002174740333076006,0.03770142735834289,-0.021458998345191386,0.0011274007149422263,-0.012992334169185864,0.001646859384034568,-5.1896872934600966e-05
50,23,665,25.1895694732666,1.0010031279095153,0.2101121333909462,0.12527056513015045,-0.16389084521654854,0.002174740177635231,0.03770143789487224,-0.021459038364359608,0.0011274031984029426,-0.012992331129220979,0.0016468592847448734,-5.1896869691654256e-05
50,23,666,25.1895694732666,1.0010030977594377,0.21011212952255373,0.12527055259992628,-0.16389084521654854,0.0021747400221944556,0.03770145896793094,-0.021459068378735773,0.0011274051590298238,-0.012992328089256093,0.0016468590861654843,-5.1896869691654256e-05
50,23,667,25.1895694732666,1.0010030807028618,0.21011212281409947,0.12527054006970212,-0.16389084521654854,0.0021747400221944556,0.03770146423619561,-0.021459084386403062,0.0011274062046974938,-0.012992325049291207,0.0016468589868757896,-5.1896869691654256e-05
50,23,668,25.1895694732666,1.001003087908561,0.21011211988051826,0.12527054006970212,-0.16389084521654854,0.002174740177635231,0.03770144843140159,-0.021459076382569418,0.0011274058125721176,-0.012992323529308764,0.0016468587882964006,-5.1896869691654256e-05
50,23,669,25.189571380615234,1.001003116034139,0.21011211410391623,0.12527054006970212,-0.16389084521654854,0.002174740333076006,0.03770141682181355,-0.021459046368193253,0.0011274042440706125,-0.01299232200932632,0.001646858490427317,-5.1896863205760844e-05
50,23,670,25.189571380615234,1.0010031363334884,0.21011210833097935,0.12527054006970212,-0.16389084521654854,0.002174740643957557,0.03770138521222551,-0.02145902435765073,0.0011274030676944838,-0.012992320489343878,0.0016468583911376225,-5.1896856719867424e-05
50,23,671,25.189571380615234,1.0010031491089926,0.21011210397593355,0.12527054006970212,-0.16389084521654854,0.0021747407993983323,0.03770136150503448,-0.021459010350941853,0.0011274020220268138,-0.012992318969361434,0.0016468581925582332,-5.1896853476920714e-05
50,23,672,25.189571380615234,1.0010031413624911,0.21011210435943192,0.12527054006970212,-0.16389084521654854,0.0021747409548391076,0.03770136413916682,-0.021459018354775497,0.0011274030676944838,-0.01299231744937899,0.0016468580932685387,-5.1896853476920714e-05
50,23,673,25.1895694732666,1.00100311633876,0.21011211562110807,0.12527055259992628,-0.16389084521654854,0.002174741110279883,0.03770138521222551,-0.021459046368193253,0.0011274048976129063,-0.01299231744937899,0.0016468580932685387,-5.1896856719867424e-05
50,23,674,25.1895694732666,1.0010030874229534,0.2101121269782544,0.12527056513015045,-0.16389084521654854,0.002174741265720658,0.037701406285284206,-0.021459078383527827,0.0011274068582397877,-0.012992318969361434,0.0016468581925582332,-5.1896859962814134e-05
50,23,675,25.1895694732666,1.0010030737382833,0.21011213634721054,0.12527057766037458,-0.16389084521654854,0.0021747414211614334,0.03770141682181355,-0.021459094391195116,0.001127408296032834,-0.012992318969361434,0.0016468581925582332,-5.1896859962814134e-05
50,23,676,25.1895694732666,1.001003084587402,0.21011214145245533,0.12527059019059875,-0.16389084521654854,0.0021747415766022087,0.03770140365115186,-0.021459084386403062,0.0011274079039074575,-0.012992318969361434,0.0016468581925582332,-5.1896859962814134e-05
50,23,677,25.1895694732666,1.001003118213264,0.21011214324210728,0.1252706027208229,-0.16389084521654854,0.0021747417320429844,0.037701372041563826,-0.021459050370110075,0.0011274062046974938,-0.012992318969361434,0.0016468581925582332,-5.1896859962814134e-05
50,23,678,25.1895694732666,1.0010031573101623,0.21011214313974683,0.12527061525104705,-0.16389084521654854,0.0021747418874837597,0.03770132989544644,-0.021459010350941853,0.0011274042440706125,-0.012992318969361434,0.0016468581925582332,-5.1896859962814134e-05
50,23,679,25.1895694732666,1.00100317920027,0.2101121449322168,0.1252706277812712,-0.16389084521654854,0.002174742042924535,0.0377012982858584,-0.021458988340399332,0.0011274030676944838,-0.012992318969361434,0.0016468581925582332,-5.1896859962814134e-05
50,23,680,25.1895694732666,1.0010031912119108,0.21011214625694874,0.12527064031149535,-0.16389084521654854,0.00217474219836531,0.03770126404213803,-0.021458976334648865,0.0011274028062775662,-0.012992318969361434,0.0016468581925582332,-5.1896859962814134e-05
50,23,681,25.1895694732666,1.0010031933670247,0.21011214720528074,0.1252706528417195,-0.16389084521654854,0.00217474219836531,0.03770122716428531,-0.021458974333690452,0.0011274026755691076,-0.012992320489343878,0.0016468583911376225,-5.1896859962814134e-05
50,23,682,25.1895694732666,1.001003185643509,0.21011214768509917,0.12527066537194367,-0.16389084521654854,0.00217474219836531,0.037701187652300266,-0.021458982337524097,0.00112740345981986,-0.01299232200932632,0.001646858490427317,-5.1896859962814134e-05
50,23,683,25.1895694732666,1.001003187104269,0.21011214532543399,0.1252706779021678,-0.16389084521654854,0.00217474219836531,0.03770113233552119,-0.021458980336565688,0.0011274037212367777,-0.012992323529308764,0.001646858490427317,-5.1896859962814134e-05
50,23,684,25.1895694732666,1.0010032054448534,0.21011213019429767,0.1252706779021678,-0.16389084521654854,0.00217474219836531,0.037701048043286424,-0.021458958326023167,0.0011274025448606488,-0.012992323529308764,0.001646858490427317,-5.1896859962814134e-05
50,23,685,25.1895694732666,1.001003232950141,0.21011211213042705,0.1252706779021678,-0.16389084521654854,0.00217474219836531,0.03770094794625763,-0.02145892631068859,0.0011274009763591437,-0.01299232200932632,0.0016468583911376225,-5.1896853476920714e-05
50,23,686,25.1895694732666,1.001003250893429,0.21011209510651116,0.1252706779021678,-0.16389084521654854,0.00217474219836531,0.037700853117493514,-0.021458904300146065,0.0011273996692745562,-0.01299232200932632,0.0016468581925582332,-5.18968469910273e-05
50,23,687,25.1895694732666,1.001003252008247,0.21011208177979895,0.1252706779021678,-0.16389084521654854,0.00217474219836531,0.03770077936178809,-0.021458900298229246,0.0011273999306914738,-0.012992320489343878,0.0016468581925582332,-5.1896853476920714e-05
50,23,688,25.1895694732666,1.001003225500995,0.21011206732272875,0.12527066537194367,-0.16389084521654854,0.00217474219836531,0.03770073984980304,-0.021458924309730176,0.0011274013684845201,-0.01299232200932632,0.0016468583911376225,-5.1896859962814134e-05
50,23,689,25.1895694732666,1.001003180726964,0.2101120590163017,0.1252706528417195,-0.16389084521654854,0.002174742042924535,0.037700734581538366,-0.02145896833081522,0.001127404113362154,-0.012992323529308764,0.001646858490427317,-5.1896863205760844e-05
50,23,690,25.1895694732666,1.0010031502986758,0.2101120538224762,0.12527064031149535,-0.16389084521654854,0.0021747418874837597,0.037700747752200045,-0.021458998345191386,0.0011274058125721176,-0.01299232200932632,0.0016468582918479277,-5.1896856719867424e-05
50,23,691,25.1895694732666,1.0010031220132203,0.21011204021272878,0.12527061525104705,-0.16389084521654854,0.0021747418874837597,0.03770075565459706,-0.02145902435765073,0.0011274075117820813,-0.012992320489343878,0.0016468580932685387,-5.189684374808059e-05
50,23,692,25.1895694732666,1.0010031239313089,0.21011202139397478,0.12527059019059875,-0.16389084521654854,0.0021747418874837597,0.037700734581538366,-0.021459018354775497,0.0011274075117820813,-0.012992318969361434,0.0016468577953994551,-5.189683401924046e-05
50,23,693,25.189571380615234,1.0010031374824426,0.21011200209626568,0.12527056513015045,-0.16389084521654854,0.002174742042924535,0.037700710874347336,-0.0214590003461498,0.0011274063354059526,-0.01299231744937899,0.0016468574975303713,-5.189682429040034e-05
50,23,694,25.189571380615234,1.0010031606348977,0.21011198194593111,0.12527054006970212,-0.16389084521654854,0.00217474219836531,0.037700681898891635,-0.021458972332732043,0.0011274047669044475,-0.01299231744937899,0.0016468572989509823,-5.189681456156021e-05
50,23,695,25.189571380615234,1.0010031949196068,0.21011196822336253,0.12527052753947798,-0.16389084521654854,0.00217474219836531,0.037700647655171254,-0.021458934314522234,0.0011274026755691076,-0.012992315929396548,0.0016468570010818987,-5.189680158977338e-05
50,23,696,25.189571380615234,1.0010032216980798,0.21011195601576282,0.12527051500925382,-0.16389084521654854,0.00217474219836531,0.03770062131384789,-0.021458904300146065,0.0011274007149422263,-0.012992315929396548,0.0016468570010818987,-5.189680158977338e-05
50,23,697,25.189571380615234,1.00100323303093,0.21011194476132586,0.12527050247902966,-0.16389084521654854,0.002174742042924535,0.037700600240789195,-0.02145889029343719,0.0011273999306914738,-0.012992315929396548,0.0016468571996612878,-5.189680483272009e-05
50,23,698,25.189571380615234,1.0010032423401605,0.21011194249076523,0.12527050247902966,-0.16389084521654854,0.0021747417320429844,0.037700587070127516,-0.021458880288645135,0.0011273995385660976,-0.01299231744937899,0.0016468572989509823,-5.189681131861351e-05
50,23,699,25.189571380615234,1.001003226896994,0.21011194344244485,0.12527050247902966,-0.16389084521654854,0.0021747414211614334,0.03770059233839219,-0.021458896296312424,0.0011274005842337675,-0.01299231744937899,0.0016468573982406768,-5.189681456156021e-05
50,23,700,25.1895694732666,1.0010031906726162,0.21011194789778623,0.12527050247902966,-0.16389084521654854,0.002174741110279883,0.03770061604558322,-0.021458934314522234,0.0011274026755691076,-0.012992320489343878,0.0016468576961097606,-5.189682429040034e-05
50,23,701,25.1895694732666,1.0010031529684655,0.21011195462221446,0.12527050247902966,-0.16389084521654854,0.0021747407993983323,0.03770065292343593,-0.021458974333690452,0.0011274050283213652,-0.01299232200932632,0.0016468577953994551,-5.189682753334705e-05
50,23,702,25.1895694732666,1.0010031249420548,0.21011196087127434,0.12527050247902966,-0.16389084521654854,0.002174740643957557,0.037700687167156306,-0.02145900434806662,0.0011274067275313289,-0.012992323529308764,0.0016468579939788442,-5.189683077629376e-05
50,23,703,25.1895694732666,1.001003111746449,0.21011196323808887,0.12527050247902966,-0.16389084521654854,0.002174740643957557,0.03770070033781799,-0.021459018354775497,0.001127407250365164,-0.012992323529308764,0.0016468580932685387,-5.189683077629376e-05
50,23,704,25.1895694732666,1.0010031229034537,0.21011196049121242,0.12527050247902966,-0.16389084521654854,0.0021747407993983323,0.03770068453302397,-0.02145900634902503,0.0011274064661144115,-0.012992325049291207,0.0016468579939788442,-5.189682429040034e-05
50,23,705,25.1895694732666,1.0010031472270227,0.21011194592022533,0.12527048994880552,-0.16389084521654854,0.0021747409548391076,0.03770064502103892,-0.021458978335607275,0.0011274047669044475,-0.012992325049291207,0.0016468577953994551,-5.189681780450692e-05
50,23,706,25.1895694732666,1.0010031773394814,0.21011193097151995,0.12527047741858136,-0.16389084521654854,0.002174741110279883,0.03770060287492154,-0.021458944319314287,0.0011274028062775662,-0.01299232656927365,0.0016468578946891496,-5.18968080756668e-05
50,23,707,25.189571380615234,1.001003200220164,0.21011191885853883,0.12527046488835722,-0.16389084521654854,0.0021747414211614334,0.037700576533598165,-0.021458918306854945,0.0011274011070676025,-0.012992328089256093,0.0016468577953994551,-5.189680483272009e-05
50,23,708,25.189571380615234,1.0010032041397956,0.21011190958859513,0.12527045235813306,-0.16389084521654854,0.0021747415766022087,0.03770056599706882,-0.02145891230397971,0.0011274004535253089,-0.012992329609238537,0.0016468578946891496,-5.189679834682667e-05
50,23,709,25.189571380615234,1.0010031924237666,0.2101119096853883,0.12527045235813306,-0.16389084521654854,0.0021747415766022087,0.03770056599706882,-0.021458924309730176,0.0011274009763591437,-0.012992331129220979,0.0016468578946891496,-5.189679510387996e-05
50,23,710,25.189571380615234,1.001003158308233,0.21011191489500208,0.12527045235813306,-0.16389084521654854,0.0021747415766022087,0.03770059497252452,-0.021458960326981576,0.001127402936986025,-0.012992331129220979,0.0016468578946891496,-5.189679510387996e-05
50,23,711,25.189571380615234,1.0010031148130785,0.210111922000264,0.12527045235813306,-0.16389084521654854,0.0021747414211614334,0.037700634484509575,-0.02145900634902503,0.0011274055511552002,-0.012992331129220979,0.0016468580932685387,-5.1896791860933256e-05
50,23,712,25.189571380615234,1.0010030695574534,0.2101119300505177,0.12527045235813306,-0.16389084521654854,0.0021747414211614334,0.0377006792647593,-0.021459054372026897,0.0011274086881582102,-0.012992331129220979,0.0016468578946891496,-5.1896788617986546e-05
50,23,713,25.189571380615234,1.0010030429679053,0.21011193383924676,0.12527045235813306,-0.16389084521654854,0.0021747414211614334,0.03770070033781799,-0.02145908238544465,0.001127410387368174,-0.012992331129220979,0.0016468576961097606,-5.1896782132093126e-05
50,23,714,25.1895694732666,1.0010030485179537,0.21011193232365566,0.12527045235813306,-0.16389084521654854,0.0021747414211614334,0.03770069243542098,-0.021459076382569418,0.0011274099952427977,-0.012992329609238537,0.0016468574975303713,-5.1896769160306294e-05
50,23,715,25.189571380615234,1.0010030711723672,0.21011192843844634,0.12527045235813306,-0.16389084521654854,0.0021747415766022087,0.037700671362362284,-0.021459052371068484,0.0011274085574497514,-0.012992328089256093,0.0016468571996612878,-5.1896759431466165e-05
50,23,716,25.189571380615234,1.0010030916729102,0.2101119236108308,0.12527045235813306,-0.16389084521654854,0.0021747417320429844,0.03770064502103892,-0.021459030360525964,0.0011274075117820813,-0.01299232656927365,0.0016468570010818987,-5.189675294557275e-05
50,23,717,25.189571380615234,1.0010031002420638,0.21011191784081093,0.12527045235813306,-0.16389084521654854,0.0021747417320429844,0.03770061341145088,-0.021459020355733906,0.0011274068582397877,-0.012992325049291207,0.001646856901792204,-5.189674970262604e-05
50,23,718,25.189571380615234,1.0010031064581457,0.21011191017936046,0.12527045235813306,-0.16389084521654854,0.0021747417320429844,0.03770057126533349,-0.021459012351900265,0.0011274063354059526,-0.012992323529308764,0.0016468566039231204,-5.189674321673262e-05
50,23,719,25.189571380615234,1.0010030990122396,0.21011191198175408,0.12527046488835722,-0.16389084521654854,0.0021747417320429844,0.037700539655745456,-0.021459020355733906,0.0011274069889482463,-0.012992323529308764,0.0016468566039231204,-5.189673673083921e-05
50,23,720,25.189571380615234,1.001003085899315,0.21011191472928903,0.12527047741858136,-0.16389084521654854,0.0021747415766022087,0.03770051331442209,-0.021459034362442786,0.0011274079039074575,-0.012992323529308764,0.0016468564053437314,-5.189673673083921e-05
50,23,721,25.189571380615234,1.0010030727074173,0.2101119171005836,0.12527048994880552,-0.16389084521654854,0.0021747414211614334,0.03770048433896639,-0.021459048369151662,0.0011274086881582102,-0.012992325049291207,0.0016468566039231204,-5.18967334878925e-05
50,23,722,25.189571380615234,1.0010030610544118,0.2101119174844416,0.12527050247902966,-0.16389084521654854,0.002174741265720658,0.03770044482698134,-0.02145906037490213,0.0011274090802835864,-0.012992325049291207,0.001646856703212815,-5.189673997378591e-05
50,23,723,25.1895694732666,1.0010030554053302,0.21011191852822456,0.12527051500925382,-0.16389084521654854,0.002174741265720658,0.03770040794912863,-0.021459066377777364,0.0011274093417005038,-0.012992328089256093,0.0016468568025025095,-5.189673997378591e-05
50,23,724,25.189571380615234,1.0010030591105348,0.21011190822353473,0.12527051500925382,-0.16389084521654854,0.002174741265720658,0.03770034999821722,-0.02145906037490213,0.0011274089495751276,-0.012992329609238537,0.0016468570010818987,-5.189674321673262e-05
50,23,725,25.189571380615234,1.0010030725754029,0.21011189782058526,0.12527051500925382,-0.16389084521654854,0.002174741265720658,0.037700292047305815,-0.02145904436723484,0.0011274079039074575,-0.012992329609238537,0.0016468571003715933,-5.189673997378591e-05
50,23,726,25.189571380615234,1.001003089892328,0.21011188713150744,0.12527051500925382,-0.16389084521654854,0.002174741265720658,0.03770023146226207,-0.02145902435765073,0.0011274067275313289,-0.012992332649203422,0.0016468571003715933,-5.18967334878925e-05
50,23,727,25.189571380615234,1.001003109026356,0.21011187578042775,0.12527051500925382,-0.16389084521654854,0.002174741265720658,0.037700168243085995,-0.021459002347108208,0.0011274052897382826,-0.012992332649203422,0.0016468571003715933,-5.189673024494579e-05
50,23,728,25.189571380615234,1.0010031352294553,0.21011186083165856,0.12527050247902966,-0.16389084521654854,0.002174741265720658,0.03770012609696861,-0.021458972332732043,0.0011274035905283189,-0.012992334169185864,0.0016468570010818987,-5.189672375905237e-05
50,23,729,25.189571380615234,1.0010031391294616,0.2101118514682148,0.12527048994880552,-0.16389084521654854,0.0021747414211614334,0.037700115560439264,-0.021458966329856808,0.00112740345981986,-0.012992334169185864,0.0016468568025025095,-5.189671727315896e-05
50,23,730,25.189571380615234,1.0010031225062663,0.21011184683763084,0.12527047741858136,-0.16389084521654854,0.0021747415766022087,0.03770013136523328,-0.021458982337524097,0.0011274042440706125,-0.012992334169185864,0.0016468568025025095,-5.189671403021225e-05
50,23,731,25.189571380615234,1.0010030969965191,0.2101118464649368,0.12527046488835722,-0.16389084521654854,0.0021747417320429844,0.03770017087721833,-0.021459008349983443,0.0011274059432805764,-0.012992334169185864,0.001646856703212815,-5.189670754431883e-05
50,23,732,25.189571380615234,1.001003058707721,0.21011185044358877,0.12527045235813306,-0.16389084521654854,0.0021747418874837597,0.037700234096394405,-0.021459048369151662,0.0011274081653243752,-0.012992335689168308,0.001646856703212815,-5.189670430137212e-05
50,23,733,25.189571380615234,1.0010030291871128,0.21011184960045617,0.1252704398279089,-0.16389084521654854,0.002174742042924535,0.03770027097424712,-0.021459078383527827,0.0011274101259512565,-0.012992335689168308,0.001646856703212815,-5.1896701058425416e-05
50,23,734,25.189571380615234,1.0010030184149858,0.21011184487519613,0.12527042729768476,-0.16389084521654854,0.002174742042924535,0.037700286779041144,-0.021459088388319884,0.0011274107794935501,-0.012992334169185864,0.001646856703212815,-5.1896694572531996e-05
50,23,735,25.189571380615234,1.001003033873929,0.21011183465336225,0.1252704147674606,-0.16389084521654854,0.002174742042924535,0.03770027097424712,-0.021459070379694186,0.0011274094724089626,-0.012992335689168308,0.0016468564053437314,-5.1896681600745164e-05
50,23,736,25.189571380615234,1.0010030582998184,0.21011182055664734,0.12527040223723643,-0.16389084521654854,0.002174742042924535,0.037700234096394405,-0.02145904236627643,0.001127407773198999,-0.012992335689168308,0.0016468564053437314,-5.1896678357798454e-05
50,23,737,25.1895694732666,1.0010030917406532,0.21011181213266614,0.12527040223723643,-0.16389084521654854,0.002174742042924535,0.037700186682012346,-0.02145900634902503,0.0011274056818636588,-0.012992337209150752,0.001646856504633426,-5.189668484369187e-05
50,23,738,25.1895694732666,1.0010031169636544,0.21011180182031658,0.12527040223723643,-0.16389084521654854,0.0021747418874837597,0.03770012873110094,-0.021458978335607275,0.0011274038519452363,-0.012992338729133194,0.001646856703212815,-5.189668484369187e-05
50,23,739,25.1895694732666,1.0010031287733108,0.21011179283744574,0.12527040223723643,-0.16389084521654854,0.0021747417320429844,0.03770007868258655,-0.0214589643288984,0.0011274031984029426,-0.012992338729133194,0.0016468568025025095,-5.1896691329585286e-05
50,23,740,25.189571380615234,1.0010031195834244,0.21011178631807806,0.12527040223723643,-0.16389084521654854,0.0021747415766022087,0.03770004180473383,-0.021458972332732043,0.0011274037212367777,-0.012992340249115638,0.001646856901792204,-5.1896694572531996e-05
50,23,741,25.189571380615234,1.001003091727169,0.21011178405884856,0.12527040223723643,-0.16389084521654854,0.0021747414211614334,0.03770002863407215,-0.0214590003461498,0.0011274052897382826,-0.012992341769098081,0.0016468571003715933,-5.1896697815478706e-05
50,23,742,25.1895694732666,1.0010030543892616,0.21011178322236762,0.12527040223723643,-0.16389084521654854,0.002174741265720658,0.03770002336580748,-0.021459038364359608,0.0011274079039074575,-0.012992343289080523,0.0016468571996612878,-5.189670430137212e-05
50,23,743,25.1895694732666,1.0010030079462462,0.2101117856025451,0.12527040223723643,-0.16389084521654854,0.002174741110279883,0.03770003653646916,-0.02145908638736147,0.0011274107794935501,-0.012992343289080523,0.0016468573982406768,-5.189670430137212e-05
50,23,744,25.1895694732666,1.0010029603515163,0.21011178249578652,0.1252703897070123,-0.16389084521654854,0.0021747409548391076,0.03770006024366019,-0.02145913441036334,0.0011274137857881015,-0.012992344809062967,0.0016468573982406768,-5.1896701058425416e-05
50,23,745,25.1895694732666,1.0010029340280682,0.21011177824650393,0.12527037717678813,-0.16389084521654854,0.002174741110279883,0.03770007868258655,-0.02145916042282268,0.0011274153542896064,-0.012992343289080523,0.0016468571996612878,-5.1896694572531996e-05
50,23,746,25.1895694732666,1.0010029438916415,0.2101117693507171,0.12527036464656396,-0.16389084521654854,0.0021747414211614334,0.03770007078018954,-0.021459148417072214,0.0011274144393303952,-0.012992343289080523,0.001646856901792204,-5.1896681600745164e-05
50,23,747,25.1895694732666,1.0010029937156895,0.2101117551478135,0.12527035211633983,-0.16389084521654854,0.0021747418874837597,0.037700033902336824,-0.021459094391195116,0.0011274110409104678,-0.012992341769098081,0.001646856504633426,-5.189666538601162e-05
50,23,748,25.1895694732666,1.0010030657333557,0.21011174415696604,0.12527035211633983,-0.16389084521654854,0.00217474219836531,0.037699973317293085,-0.021459018354775497,0.00112740659682287,-0.012992340249115638,0.0016468562067643421,-5.189664917127807e-05
50,23,749,25.189571380615234,1.0010031108836006,0.21011173563102484,0.12527035211633983,-0.16389084521654854,0.0021747425092468607,0.037699925902911026,-0.02145897033177363,0.0011274035905283189,-0.012992340249115638,0.0016468559088952586,-5.189663619949124e-05
50,23,750,25.189571380615234,1.0010031139791054,0.21011173175375808,0.12527035211633983,-0.16389084521654854,0.002174742664687636,0.03769990482985233,-0.021458966329856808,0.0011274033291114012,-0.012992338729133194,0.001646855809605564,-5.189662971359782e-05
50,23,751,25.189571380615234,1.0010030713852107,0.2101117338470113,0.12527035211633983,-0.16389084521654854,0.002174742664687636,0.037699915366381676,-0.021459010350941853,0.001127406073989035,-0.012992341769098081,0.001646855809605564,-5.189662971359782e-05
50,23,752,25.189571380615234,1.0010029988714717,0.21011174247449685,0.12527035211633983,-0.16389084521654854,0.0021747423538060855,0.037699962780763735,-0.02145908638736147,0.0011274107794935501,-0.012992343289080523,0.0016468559088952586,-5.189662971359782e-05
50,23,753,25.1895694732666,1.001002926068847,0.2101117590446293,0.12527036464656396,-0.16389084521654854,0.002174742042924535,0.03770001282927813,-0.021459164424739503,0.0011274152235811478,-0.012992344809062967,0.0016468561074746476,-5.189662971359782e-05
50,23,754,25.1895694732666,1.0010028844593748,0.21011177513356452,0.12527037717678813,-0.16389084521654854,0.0021747418874837597,0.03770006024366019,-0.021459210446782957,0.0011274183605841578,-0.01299234632904541,0.0016468561074746476,-5.189662971359782e-05
50,23,755,25.1895694732666,1.001002875065642,0.21011178629411328,0.1252703897070123,-0.16389084521654854,0.0021747418874837597,0.037700081316718884,-0.021459222452533424,0.0011274188834179929,-0.012992344809062967,0.0016468561074746476,-5.189662322770441e-05
50,23,756,25.1895694732666,1.0010028943529343,0.21011179432427182,0.12527040223723643,-0.16389084521654854,0.002174742042924535,0.03770008395085122,-0.021459204443907726,0.001127417707041864,-0.01299234632904541,0.001646856008184953,-5.189661349886428e-05
50,23,757,25.189571380615234,1.0010029441217168,0.21011179846959052,0.1252704147674606,-0.16389084521654854,0.00217474219836531,0.03770006551192486,-0.02145915441994745,0.001127414570038854,-0.01299234632904541,0.001646856008184953,-5.1896607012970866e-05
50,23,758,25.1895694732666,1.0010029769015096,0.21011180554738146,0.12527042729768476,-0.16389084521654854,0.0021747423538060855,0.037700062877792526,-0.02145912240461287,0.0011274122172865964,-0.012992347849027853,0.001646855809605564,-5.189659404118403e-05
50,23,759,25.189571380615234,1.0010029893375065,0.21011181821274602,0.1252704398279089,-0.16389084521654854,0.0021747425092468607,0.037700091853248234,-0.021459112399820818,0.0011274115637443028,-0.012992347849027853,0.0016468557103158695,-5.1896584312343904e-05
50,23,760,25.189571380615234,1.0010029880846043,0.21011183088162055,0.12527045235813306,-0.16389084521654854,0.0021747425092468607,0.037700120828703935,-0.02145911640173764,0.0011274115637443028,-0.012992347849027853,0.001646855611026175,-5.189657134055707e-05
50,23,761,25.1895694732666,1.001002962200692,0.21011184733785482,0.12527046488835722,-0.16389084521654854,0.0021747423538060855,0.03770017087721833,-0.021459146416113805,0.0011274128708288903,-0.012992347849027853,0.0016468554124467857,-5.189656809761036e-05
50,23,762,25.1895694732666,1.0010029191336847,0.21011186578862562,0.12527047741858136,-0.16389084521654854,0.002174742042924535,0.03770023146226207,-0.02145919443911567,0.0011274157464149829,-0.012992349369010297,0.0016468554124467857,-5.189657134055707e-05
50,23,763,25.1895694732666,1.001002866663644,0.21011188603668807,0.12527048994880552,-0.16389084521654854,0.0021747417320429844,0.03770030258383516,-0.02145925246690959,0.001127418752709534,-0.012992349369010297,0.0016468554124467857,-5.189656161171694e-05
50,23,764,25.1895694732666,1.0010028336906844,0.210111905995432,0.12527050247902966,-0.16389084521654854,0.0021747415766022087,0.03770037107127591,-0.021459290485119402,0.0011274204519194978,-0.012992352408975182,0.0016468557103158695,-5.189656161171694e-05
50,23,765,25.1895694732666,1.0010028374941993,0.210111914783792,0.12527050247902966,-0.16389084521654854,0.0021747414211614334,0.03770041848565797,-0.02145928848416099,0.0011274197983772041,-0.012992356968922512,0.001646856008184953,-5.189656161171694e-05
50,23,766,25.1895694732666,1.0010028698431308,0.210111919782523,0.12527050247902966,-0.16389084521654854,0.002174741265720658,0.03770044482698134,-0.02145925646882641,0.001127417707041864,-0.012992361528869841,0.0016468562067643421,-5.189656161171694e-05
50,23,767,25.1895694732666,1.001002883601795,0.210111929417134,0.12527050247902966,-0.16389084521654854,0.002174741265720658,0.03770049750962807,-0.021459244463075948,0.0011274163999572765,-0.012992364568834727,0.0016468563060540369,-5.189655836877023e-05
50,23,768,25.189571380615234,1.0010028963280475,0.21011193413318774,0.12527048994880552,-0.16389084521654854,0.002174741265720658,0.037700563362936486,-0.02145923245732548,0.0011274149621642302,-0.0129923706487645,0.0016468566039231204,-5.189655188287682e-05
50,23,769,25.1895694732666,1.0010028957204093,0.21011194055724813,0.12527047741858136,-0.16389084521654854,0.002174741265720658,0.03770063975277425,-0.02145923445828389,0.0011274149621642302,-0.012992373688729386,0.0016468566039231204,-5.189654863993011e-05
50,23,770,25.189571380615234,1.0010028871922683,0.2101119465094671,0.12527046488835722,-0.16389084521654854,0.002174741110279883,0.03770071350847967,-0.021459244463075948,0.0011274149621642302,-0.012992376728694272,0.001646856703212815,-5.189653891108998e-05
50,23,771,25.189571380615234,1.001002880421788,0.21011195151649556,0.12527045235813306,-0.16389084521654854,0.0021747409548391076,0.037700781995920425,-0.02145925246690959,0.0011274148314557714,-0.012992379768659159,0.001646856901792204,-5.189653242519657e-05
50,23,772,25.189571380615234,1.0010028431527163,0.21011196031369633,0.1252704398279089,-0.16389084521654854,0.002174740643957557,0.03770087155641987,-0.02145929248607781,0.0011274166613741941,-0.012992382808624045,0.001646856901792204,-5.189652269635644e-05
50,23,773,25.189571380615234,1.0010027833827722,0.21011197375396473,0.12527042729768476,-0.16389084521654854,0.002174740488516782,0.03770098745824268,-0.021459356516746967,0.0011274204519194978,-0.012992384328606488,0.001646856901792204,-5.1896516210463026e-05
50,23,774,25.189571380615234,1.0010027253899294,0.21011198634165762,0.1252704147674606,-0.16389084521654854,0.002174740333076006,0.03770109809180082,-0.021459418546457706,0.0011274238503394254,-0.012992387368571374,0.0016468570010818987,-5.1896509724569606e-05
50,23,775,25.189571380615234,1.0010026947678885,0.21011198955688293,0.1252703897070123,-0.16389084521654854,0.002174740333076006,0.03770119818882961,-0.021459450561792284,0.0011274252881324717,-0.01299239040853626,0.0016468570010818987,-5.189649999572948e-05
50,23,776,25.189571380615234,1.0010027156434975,0.21011198651613983,0.12527036464656396,-0.16389084521654854,0.002174740488516782,0.03770126404213803,-0.021459428551249764,0.0011274234582140492,-0.012992391928518704,0.0016468570010818987,-5.1896487023942645e-05
50,23,777,25.189571380615234,1.0010027632476077,0.21011198034866432,0.12527033958611566,-0.16389084521654854,0.002174740643957557,0.03770131145652009,-0.021459378527289488,0.0011274201905025804,-0.012992396488466033,0.0016468571996612878,-5.1896483780995935e-05
50,23,778,25.189571380615234,1.0010027897130531,0.21011197598188522,0.12527031452566736,-0.16389084521654854,0.0021747407993983323,0.03770136940743149,-0.021459350513871732,0.0011274179684587816,-0.012992399528430919,0.0016468571996612878,-5.189647729510252e-05
50,23,779,25.189571380615234,1.0010027820660738,0.21011197682633584,0.12527028946521906,-0.16389084521654854,0.0021747407993983323,0.0377014563337986,-0.021459358517705376,0.0011274178377503228,-0.012992402568395804,0.0016468572989509823,-5.18964708092091e-05
50,23,780,25.189571380615234,1.0010027397999037,0.2101119897866389,0.1252702769349949,-0.16389084521654854,0.002174740643957557,0.03770156960148907,-0.02145940453974883,0.0011274200597941215,-0.012992404088378248,0.0016468573982406768,-5.189646108036898e-05
50,23,781,25.189571380615234,1.0010026766364841,0.21011200568458566,0.12527026440477074,-0.16389084521654854,0.002174740333076006,0.03770169867397357,-0.02145947257233481,0.0011274238503394254,-0.012992407128343134,0.0016468573982406768,-5.189646756626239e-05
50,23,782,25.1895694732666,1.0010026119771807,0.2101120237616708,0.1252702518745466,-0.16389084521654854,0.0021747398667536803,0.03770184091711974,-0.021459542605879192,0.0011274279023016467,-0.012992407128343134,0.0016468576961097606,-5.189646756626239e-05
50,23,783,25.1895694732666,1.0010025709864632,0.2101120427720229,0.12527023934432244,-0.16389084521654854,0.0021747394004313545,0.03770198842853059,-0.02145958862792265,0.0011274301243454454,-0.012992407128343134,0.0016468576961097606,-5.18964708092091e-05
50,23,784,25.1895694732666,1.0010025601456762,0.21011206565006335,0.12527022681409827,-0.16389084521654854,0.0021747390895498035,0.037702157013000136,-0.021459604635589935,0.001127430908596198,-0.012992408648325578,0.0016468576961097606,-5.189646756626239e-05
50,23,785,25.1895694732666,1.0010025712932085,0.2101120907884644,0.12527021428387414,-0.16389084521654854,0.0021747389341090283,0.037702338768131366,-0.021459598632714703,0.0011274299936369868,-0.012992408648325578,0.0016468576961097606,-5.18964708092091e-05
50,23,786,25.1895694732666,1.001002620635308,0.21011212083141617,0.12527021428387414,-0.16389084521654854,0.002174738778668253,0.03770250735260091,-0.02145955461162966,0.0011274265952170592,-0.012992405608360692,0.0016468574975303713,-5.189646756626239e-05
50,23,787,25.1895694732666,1.0010026890580328,0.21011214860100483,0.12527021428387414,-0.16389084521654854,0.002174738778668253,0.03770266276640877,-0.021459490580960507,0.0011274222818379203,-0.012992404088378248,0.0016468573982406768,-5.189646756626239e-05
50,23,788,25.189571380615234,1.001002724975959,0.2101121892407557,0.12527022681409827,-0.16389084521654854,0.0021747386232274777,0.037702847155672334,-0.02145946256754275,0.0011274199290856627,-0.012992405608360692,0.0016468574975303713,-5.189646432331568e-05
50,23,789,25.189571380615234,1.0010027206135583,0.2101122336769468,0.12527023934432244,-0.16389084521654854,0.0021747384677867024,0.03770305261799459,-0.021459476574251627,0.0011274200597941215,-0.012992407128343134,0.0016468577953994551,-5.189647405215581e-05
50,23,790,25.189571380615234,1.0010026853818152,0.210112289469082,0.12527026440477074,-0.16389084521654854,0.002174738312345927,0.03770327915337554,-0.021459524597253494,0.0011274221511294617,-0.012992410168308021,0.0016468579939788442,-5.1896487023942645e-05
50,23,791,25.1895694732666,1.001002648889385,0.21011234857403038,0.12527028946521906,-0.16389084521654854,0.002174738156905152,0.037703524127682846,-0.02145957462121377,0.0011274243731732604,-0.012992413208272907,0.0016468585897170115,-5.1896506481622897e-05
50,23,792,25.189571380615234,1.001002657363995,0.21011240757280858,0.12527032705589153,-0.16389084521654854,0.0021747380014643766,0.03770372695587276,-0.021459578623130592,0.0011274241117563428,-0.012992416248237793,0.0016468590861654843,-5.189652593930315e-05
50,23,793,25.1895694732666,1.0010027084407231,0.21011245521181973,0.12527036464656396,-0.16389084521654854,0.0021747380014643766,0.037703866564886605,-0.02145953660300396,0.0011274211054617916,-0.012992419288202679,0.0016468594833242624,-5.189654215403669e-05
50,23,794,25.1895694732666,1.001002822543634,0.2101124862859475,0.12527040223723643,-0.16389084521654854,0.002174738156905152,0.037703913979268665,-0.02145942655029135,0.001127414047205019,-0.012992422328167566,0.0016468599797727352,-5.189655512582352e-05
50,23,795,25.189571380615234,1.0010029271252225,0.21011251859381527,0.12527045235813306,-0.16389084521654854,0.002174738312345927,0.037703927149930344,-0.0214593265023708,0.0011274075117820813,-0.012992423848150008,0.0016468603769315133,-5.1896574583503775e-05
50,23,796,25.189571380615234,1.001002995931286,0.2101125575349384,0.12527051500925382,-0.16389084521654854,0.0021747386232274777,0.03770393505232735,-0.021459264472660056,0.0011274035905283189,-0.012992426888114895,0.0016468607740902916,-5.1896590798237324e-05
50,23,797,25.189571380615234,1.0010030163155168,0.21011259876094102,0.12527057766037458,-0.16389084521654854,0.0021747389341090283,0.037703956125386046,-0.02145925246690959,0.0011274025448606488,-0.012992428408097337,0.0016468611712490697,-5.1896603770024156e-05
50,23,798,25.189571380615234,1.0010029865404648,0.21011264331329146,0.12527064031149535,-0.16389084521654854,0.0021747392449905792,0.0377039956373711,-0.02145929248607781,0.0011274047669044475,-0.012992429928079781,0.001646861568407848,-5.189661674181099e-05
50,23,799,25.1895694732666,1.0010029100976379,0.2101126892013429,0.12527070296261614,-0.16389084521654854,0.002174739711312905,0.03770404305175316,-0.021459380528247897,0.0011274097338258803,-0.012992429928079781,0.001646861568407848,-5.189662322770441e-05
50,23,800,25.1895694732666,1.0010028219198166,0.21011273509580286,0.1252707656137369,-0.16389084521654854,0.002174740177635231,0.037704090466135216,-0.02145948057616845,0.0011274157464149829,-0.012992429928079781,0.0016468616676975426,-5.189662971359782e-05
50,23,801,25.1895694732666,1.0010027588031072,0.21011276991990135,0.12527082826485766,-0.16389084521654854,0.002174740643957557,0.03770407729547353,-0.02145955261067125,0.0011274199290856627,-0.012992426888114895,0.0016468616676975426,-5.189662971359782e-05
50,23,802,25.1895694732666,1.00100274093274,0.21011278733070113,0.12527087838575426,-0.16389084521654854,0.002174741110279883,0.037704008808032784,-0.02145957462121377,0.001127421366878709,-0.012992423848150008,0.0016468614691181535,-5.189662971359782e-05
50,23,803,25.1895694732666,1.0010027687817091,0.21011278959480018,0.12527091597642673,-0.16389084521654854,0.0021747417320429844,0.03770389817447464,-0.021459546607796014,0.0011274196676687453,-0.012992419288202679,0.0016468609726696807,-5.18966199847577e-05
50,23,804,25.1895694732666,1.00100283473098,0.21011277766339126,0.12527094103687506,-0.16389084521654854,0.00217474219836531,0.03770375066306379,-0.021459476574251627,0.001127415615706524,-0.012992413208272907,0.0016468603769315133,-5.1896610255917576e-05
50,23,805,25.1895694732666,1.0010029011962334,0.2101127681901824,0.12527096609732336,-0.16389084521654854,0.002174742664687636,0.03770361632231462,-0.021459406540707243,0.0011274116944527614,-0.012992408648325578,0.001646859781193346,-5.1896597284130737e-05
50,23,806,25.189571380615234,1.0010029420419029,0.2101127577814176,0.12527097862754752,-0.16389084521654854,0.0021747428201284117,0.03770351885941817,-0.0214593625196222,0.0011274094724089626,-0.012992402568395804,0.0016468594833242624,-5.189659404118403e-05
50,23,807,25.189571380615234,1.0010029324242984,0.21011275854326703,0.12527099115777166,-0.16389084521654854,0.002174742664687636,0.03770348198156546,-0.021459372524414252,0.0011274101259512565,-0.012992401048413363,0.001646859384034568,-5.1896590798237324e-05
50,23,808,25.189571380615234,1.0010028873935943,0.210112767638621,0.12527100368799582,-0.16389084521654854,0.0021747423538060855,0.0377034925180948,-0.02145942054741612,0.0011274133936627253,-0.012992396488466033,0.0016468591854551789,-5.1896590798237324e-05
50,23,809,25.189571380615234,1.001002817077006,0.21011277740139137,0.12527100368799582,-0.16389084521654854,0.0021747418874837597,0.037703547834873875,-0.02145949458287733,0.0011274180991672402,-0.012992393448501147,0.0016468590861654843,-5.1896597284130737e-05
50,23,810,25.189571380615234,1.001002753610951,0.2101127825253521,0.12527099115777166,-0.16389084521654854,0.0021747414211614334,0.03770361895644696,-0.021459560614504894,0.0011274221511294617,-0.01299239040853626,0.001646858887586095,-5.1896603770024156e-05
50,23,811,25.189571380615234,1.001002709811267,0.21011277884764268,0.12527096609732336,-0.16389084521654854,0.002174741110279883,0.03770368217562304,-0.021459604635589935,0.0011274248960070955,-0.012992388888553818,0.001646858689006706,-5.1896603770024156e-05
50,23,812,25.189571380615234,1.0010027113840114,0.21011276768941217,0.12527094103687506,-0.16389084521654854,0.0021747409548391076,0.03770370324868173,-0.021459600633673113,0.0011274248960070955,-0.012992388888553818,0.001646858887586095,-5.1896610255917576e-05
50,23,813,25.189571380615234,1.0010027433662503,0.21011274299768687,0.1252709034462026,-0.16389084521654854,0.0021747409548391076,0.03770369007802005,-0.021459562615463303,0.0011274228046717553,-0.01299239040853626,0.0016468589868757896,-5.18966199847577e-05
50,23,814,25.189571380615234,1.0010028020171327,0.21011271489408684,0.12527086585553013,-0.16389084521654854,0.0021747409548391076,0.03770365846843201,-0.021459496583835738,0.0011274190141264515,-0.01299239040853626,0.0016468590861654843,-5.189662647065112e-05
50,23,815,25.189571380615234,1.0010028758366498,0.21011268451772486,0.12527082826485766,-0.16389084521654854,0.002174741110279883,0.037703613688182286,-0.021459414544540888,0.0011274143086219366,-0.012992391928518704,0.001646859384034568,-5.189663619949124e-05
50,23,816,25.1895694732666,1.0010029407496954,0.21011265830431888,0.1252707906741852,-0.16389084521654854,0.002174741265720658,0.03770359261512359,-0.021459342510038087,0.0011274101259512565,-0.012992391928518704,0.0016468596819036515,-5.189664592833137e-05
50,23,817,25.1895694732666,1.0010029717654658,0.21011263834028074,0.12527075308351274,-0.16389084521654854,0.0021747414211614334,0.03770360578578528,-0.021459306492786687,0.0011274079039074575,-0.012992393448501147,0.0016468599797727352,-5.18966589001182e-05
50,23,818,25.189571380615234,1.0010029719720699,0.2101126300188528,0.12527072802306444,-0.16389084521654854,0.0021747415766022087,0.03770364266363799,-0.021459304491828278,0.0011274080346159164,-0.012992393448501147,0.0016468601783521243,-5.1896671871905034e-05
50,23,819,25.189571380615234,1.0010029301719492,0.21011263589369278,0.12527071549284027,-0.16389084521654854,0.0021747415766022087,0.03770371641934341,-0.021459348512913323,0.0011274106487850915,-0.01299239496848359,0.0016468604762212079,-5.1896688086638576e-05
50,23,820,25.189571380615234,1.0010028735971592,0.21011264593137316,0.12527070296261614,-0.16389084521654854,0.0021747415766022087,0.03770381388223987,-0.021459408541665653,0.001127414047205019,-0.01299239496848359,0.0016468605755109026,-5.1896697815478706e-05
50,23,821,25.189571380615234,1.0010028253598364,0.2101126584273681,0.12527069043239197,-0.16389084521654854,0.0021747417320429844,0.03770392451579801,-0.02145946056658434,0.0011274173149164878,-0.012992396488466033,0.0016468608733799862,-5.189670754431883e-05
50,23,822,25.189571380615234,1.0010028013474357,0.2101126745070976,0.12527069043239197,-0.16389084521654854,0.0021747418874837597,0.037704014076297455,-0.021459488580002094,0.0011274188834179929,-0.012992396488466033,0.0016468608733799862,-5.189671078726554e-05
50,23,823,25.189571380615234,1.0010028015521184,0.21011268481431722,0.12527069043239197,-0.16389084521654854,0.002174742042924535,0.03770407202720886,-0.021459490580960507,0.001127419275543369,-0.01299239496848359,0.0016468608733799862,-5.189671078726554e-05
50,23,824,25.189571380615234,1.001002824036471,0.21011268943785022,0.12527069043239197,-0.16389084521654854,0.00217474219836531,0.037704098368532224,-0.021459468570417986,0.0011274179684587816,-0.012992393448501147,0.0016468605755109026,-5.189670754431883e-05
50,23,825,25.189571380615234,1.0010028585258137,0.21011268602234892,0.12527069043239197,-0.16389084521654854,0.0021747423538060855,0.037704079929605866,-0.021459432553166586,0.0011274157464149829,-0.012992391928518704,0.0016468604762212079,-5.1896701058425416e-05
50,23,826,25.189571380615234,1.0010028958443278,0.2101126867664716,0.12527070296261614,-0.16389084521654854,0.0021747425092468607,0.03770404305175316,-0.021459394534956776,0.0011274132629542665,-0.01299239040853626,0.0016468602776418188,-5.1896694572531996e-05
50,23,827,25.189571380615234,1.0010029212320264,0.21011268657091878,0.12527071549284027,-0.16389084521654854,0.0021747425092468607,0.03770400090563577,-0.02145936852249743,0.0011274116944527614,-0.012992388888553818,0.0016468601783521243,-5.1896694572531996e-05
50,23,828,25.189571380615234,1.0010029268908134,0.21011269489228332,0.1252707405532886,-0.16389084521654854,0.0021747425092468607,0.03770396402778306,-0.021459364520580608,0.0011274115637443028,-0.012992388888553818,0.0016468599797727352,-5.1896694572531996e-05
50,23,829,25.189571380615234,1.001002929097345,0.21011270539128557,0.1252707656137369,-0.16389084521654854,0.0021747423538060855,0.03770394032059203,-0.021459364520580608,0.0011274116944527614,-0.01299238584858893,0.0016468598804830407,-5.1896691329585286e-05
50,23,830,25.189571380615234,1.001002910115176,0.21011272677148526,0.12527080320440936,-0.16389084521654854,0.00217474219836531,0.03770393505232735,-0.02145938853208154,0.0011274131322458077,-0.012992384328606488,0.0016468598804830407,-5.1896697815478706e-05
50,23,831,25.189571380615234,1.0010028839048215,0.21011275099130686,0.12527084079508183,-0.16389084521654854,0.002174742042924535,0.0377039455888567,-0.02145942054741612,0.0011274152235811478,-0.012992382808624045,0.0016468598804830407,-5.189670430137212e-05
50,23,832,25.189571380615234,1.0010028630861336,0.21011277294099348,0.12527087838575426,-0.16389084521654854,0.0021747418874837597,0.037703942954724366,-0.021459446559875462,0.001127417184208029,-0.012992382808624045,0.0016468598804830407,-5.189670754431883e-05
50,23,833,25.189571380615234,1.001002858776492,0.21011278968491695,0.12527091597642673,-0.16389084521654854,0.0021747418874837597,0.03770391134513632,-0.021459454563709107,0.0011274178377503228,-0.012992382808624045,0.0016468599797727352,-5.189671403021225e-05
50,23,834,25.189571380615234,1.0010028849585977,0.21011279327401985,0.12527094103687506,-0.16389084521654854,0.0021747418874837597,0.03770384812596025,-0.021459428551249764,0.0011274163999572765,-0.012992382808624045,0.0016468599797727352,-5.189671403021225e-05
50,23,835,25.189571380615234,1.0010029421065194,0.21011278598001162,0.1252709535670992,-0.16389084521654854,0.002174742042924535,0.037703766467857815,-0.02145936852249743,0.0011274130015373489,-0.012992381288641601,0.0016468600790624298,-5.189671403021225e-05
50,23,836,25.189571380615234,1.0010029920447596,0.21011278161378116,0.12527096609732336,-0.16389084521654854,0.00217474219836531,0.0377037006145494,-0.021459316497578745,0.0011274096031174215,-0.012992381288641601,0.0016468598804830407,-5.189671403021225e-05
50,23,837,25.189571380615234,1.001003025670892,0.2101127834047411,0.12527097862754752,-0.16389084521654854,0.0021747423538060855,0.03770366900496136,-0.021459282481285757,0.001127407773198999,-0.012992381288641601,0.0016468601783521243,-5.189672700199908e-05
50,23,838,25.189571380615234,1.0010030295922452,0.21011279276765016,0.12527099115777166,-0.16389084521654854,0.0021747423538060855,0.0377036795414907,-0.021459280480327345,0.001127407773198999,-0.012992381288641601,0.0016468603769315133,-5.189673673083921e-05
50,23,839,25.189571380615234,1.001003021201897,0.21011279938948588,0.12527099115777166,-0.16389084521654854,0.0021747423538060855,0.03770371641934341,-0.021459290485119402,0.0011274084267412926,-0.012992381288641601,0.0016468604762212079,-5.189674970262604e-05
50,23,840,25.189571380615234,1.0010030111537653,0.21011280743233426,0.12527099115777166,-0.16389084521654854,0.0021747423538060855,0.037703761199593136,-0.02145930249086987,0.0011274093417005038,-0.012992381288641601,0.0016468607740902916,-5.1896759431466165e-05
50,23,841,25.189571380615234,1.0010030017993725,0.21011281878023907,0.12527099115777166,-0.16389084521654854,0.0021747423538060855,0.03770382441876922,-0.021459314496620332,0.0011274099952427977,-0.012992381288641601,0.0016468607740902916,-5.1896772403253004e-05
50,23,842,25.189571380615234,1.0010029894146355,0.21011282502329515,0.12527097862754752,-0.16389084521654854,0.0021747425092468607,0.03770390080860698,-0.02145932850332921,0.0011274106487850915,-0.012992381288641601,0.0016468610719593752,-5.1896778889146416e-05
50,23,843,25.189571380615234,1.0010029962914668,0.21011282984185842,0.12527096609732336,-0.16389084521654854,0.002174742664687636,0.03770396929604773,-0.021459322500453976,0.001127410387368174,-0.012992381288641601,0.0016468611712490697,-5.1896788617986546e-05
50,23,844,25.1895694732666,1.0010030220128396,0.21011283124916086,0.1252709535670992,-0.16389084521654854,0.0021747428201284117,0.03770401934456213,-0.021459296487994634,0.0011274086881582102,-0.012992379768659159,0.0016468611712490697,-5.189679834682667e-05
50,23,845,25.1895694732666,1.0010030344397,0.2101128345520534,0.12527094103687506,-0.16389084521654854,0.002174742975569187,0.037704079929605866,-0.021459284482244167,0.0011274080346159164,-0.012992378248676715,0.0016468610719593752,-5.189680158977338e-05
50,23,846,25.1895694732666,1.0010030331952646,0.21011283795549368,0.1252709285066509,-0.16389084521654854,0.0021747431310099622,0.03770414051464961,-0.02145928648320258,0.0011274081653243752,-0.012992378248676715,0.0016468612705387645,-5.189679834682667e-05
50,23,847,25.1895694732666,1.001003027721271,0.21011283984659343,0.12527091597642673,-0.16389084521654854,0.0021747432864507375,0.03770419319729634,-0.02145929248607781,0.0011274088188666688,-0.012992376728694272,0.0016468610719593752,-5.189680158977338e-05
50,23,848,25.1895694732666,1.001003033469891,0.2101128392770338,0.12527091597642673,-0.16389084521654854,0.0021747432864507375,0.03770419056316401,-0.02145928648320258,0.0011274084267412926,-0.01299237520871183,0.0016468609726696807,-5.189679834682667e-05
50,23,849,25.1895694732666,1.0010030570911799,0.21011283066609576,0.12527091597642673,-0.16389084521654854,0.0021747432864507375,0.03770414314878195,-0.021459260470743233,0.001127407119656705,-0.012992373688729386,0.0016468607740902916,-5.189679834682667e-05
50,23,850,25.1895694732666,1.0010030951021132,0.21011282536372172,0.1252709285066509,-0.16389084521654854,0.0021747431310099622,0.03770407202720886,-0.021459220451575015,0.0011274050283213652,-0.012992373688729386,0.0016468608733799862,-5.189680158977338e-05
50,23,851,25.1895694732666,1.0010031427737869,0.2101128194918144,0.12527094103687506,-0.16389084521654854,0.002174742975569187,0.03770399827150343,-0.02145917042761474,0.0011274025448606488,-0.012992372168746944,0.0016468608733799862,-5.189679834682667e-05
50,23,852,25.1895694732666,1.0010031650204887,0.21011281362469234,0.1252709535670992,-0.16389084521654854,0.002174742664687636,0.03770392451579801,-0.021459146416113805,0.0011274012377760613,-0.0129923706487645,0.0016468606748005971,-5.18968080756668e-05
50,23,853,25.1895694732666,1.001003171737335,0.21011280833579896,0.12527096609732336,-0.16389084521654854,0.0021747425092468607,0.03770385339422492,-0.02145913841228016,0.0011274014991929787,-0.0129923706487645,0.0016468608733799862,-5.189682104745363e-05
50,23,854,25.189571380615234,1.0010031483323727,0.21011280863207596,0.12527097862754752,-0.16389084521654854,0.00217474219836531,0.03770381388223987,-0.021459162423781094,0.0011274031984029426,-0.012992369128782056,0.0016468609726696807,-5.189683077629376e-05
50,23,855,25.1895694732666,1.0010031252253744,0.21011281034789034,0.12527099115777166,-0.16389084521654854,0.0021747418874837597,0.03770378227265183,-0.021459186435282027,0.0011274050283213652,-0.012992367608799614,0.0016468611712490697,-5.189684374808059e-05
50,23,856,25.1895694732666,1.0010031214870763,0.2101128018438898,0.12527099115777166,-0.16389084521654854,0.0021747417320429844,0.03770373485826977,-0.021459188436240437,0.0011274056818636588,-0.012992367608799614,0.0016468612705387645,-5.1896856719867424e-05
50,23,857,25.1895694732666,1.0010031236763854,0.21011279362304658,0.12527099115777166,-0.16389084521654854,0.0021747415766022087,0.03770369007802005,-0.021459184434323614,0.0011274063354059526,-0.012992364568834727,0.0016468611712490697,-5.1896863205760844e-05
50,23,858,25.1895694732666,1.001003130363629,0.21011277887422242,0.12527097862754752,-0.16389084521654854,0.0021747414211614334,0.037703650566035,-0.02145917442953156,0.0011274063354059526,-0.012992361528869841,0.0016468611712490697,-5.1896866448707553e-05
50,23,859,25.1895694732666,1.0010031414760336,0.2101127665828006,0.12527096609732336,-0.16389084521654854,0.0021747414211614334,0.037703624224711636,-0.02145916042282268,0.0011274063354059526,-0.012992360008887397,0.0016468611712490697,-5.1896876177547676e-05
50,23,860,25.1895694732666,1.0010031534516723,0.21011274908503325,0.12527094103687506,-0.16389084521654854,0.0021747414211614334,0.03770361105404995,-0.021459144415155392,0.0011274058125721176,-0.012992356968922512,0.0016468608733799862,-5.1896876177547676e-05
50,23,861,25.1895694732666,1.0010031691581334,0.21011273073675088,0.12527091597642673,-0.16389084521654854,0.0021747415766022087,0.03770359261512359,-0.021459124405571284,0.0011274051590298238,-0.012992355448940068,0.0016468607740902916,-5.1896879420494386e-05
50,23,862,25.1895694732666,1.0010031794928012,0.21011271475327692,0.12527089091597843,-0.16389084521654854,0.0021747417320429844,0.03770358734685892,-0.021459110398862405,0.0011274047669044475,-0.012992353928957626,0.0016468606748005971,-5.1896879420494386e-05
50,23,863,25.1895694732666,1.0010031630201688,0.21011270152109657,0.12527086585553013,-0.16389084521654854,0.0021747418874837597,0.03770359788338827,-0.021459124405571284,0.0011274059432805764,-0.01299235088899274,0.0016468606748005971,-5.1896882663441096e-05
50,23,864,25.1895694732666,1.0010031239888206,0.210112692643196,0.12527084079508183,-0.16389084521654854,0.002174742042924535,0.037703632127108644,-0.021459162423781094,0.0011274085574497514,-0.012992349369010297,0.0016468604762212079,-5.1896882663441096e-05
50,23,865,25.1895694732666,1.001003083180286,0.21011268461745725,0.1252708157346335,-0.16389084521654854,0.00217474219836531,0.037703671639093696,-0.021459202442949313,0.0011274111716189264,-0.01299234632904541,0.0016468603769315133,-5.1896882663441096e-05
50,23,866,25.189573287963867,1.0010030687718237,0.21011268121923996,0.12527080320440936,-0.16389084521654854,0.0021747423538060855,0.037703695346284725,-0.021459216449658192,0.001127412478703514,-0.012992343289080523,0.0016468602776418188,-5.189689239228122e-05
50,23,867,25.189573287963867,1.0010030848044433,0.21011267374371592,0.1252707906741852,-0.16389084521654854,0.0021747425092468607,0.037703695346284725,-0.02145919844103249,0.0011274115637443028,-0.012992343289080523,0.0016468602776418188,-5.189689887817464e-05
50,23,868,25.189573287963867,1.001003123593885,0.21011266285771366,0.12527077814396104,-0.16389084521654854,0.002174742664687636,0.03770367690735837,-0.02145915642090586,0.0011274092109920452,-0.012992341769098081,0.0016468602776418188,-5.189690212112135e-05
50,23,869,25.189573287963867,1.001003167460091,0.21011264818815664,0.1252707656137369,-0.16389084521654854,0.002174742664687636,0.037703637395373316,-0.021459108397903996,0.0011274064661144115,-0.012992340249115638,0.0016468602776418188,-5.189690860701476e-05
50,23,870,25.189573287963867,1.001003203233644,0.21011264155869777,0.1252707656137369,-0.16389084521654854,0.002174742664687636,0.03770360051752061,-0.021459070379694186,0.0011274042440706125,-0.012992340249115638,0.0016468602776418188,-5.189691833585489e-05
50,23,871,25.189573287963867,1.0010032007852034,0.21011263919973386,0.1252707656137369,-0.16389084521654854,0.0021747425092468607,0.03770358734685892,-0.021459072380652595,0.001127404636195989,-0.012992340249115638,0.0016468605755109026,-5.189692806469501e-05
50,23,872,25.189573287963867,1.0010031747887935,0.21011263646893633,0.1252707656137369,-0.16389084521654854,0.00217474219836531,0.037703571542064905,-0.021459098393111938,0.00112740659682287,-0.012992341769098081,0.0016468606748005971,-5.189693130764172e-05
50,23,873,25.189573287963867,1.001003147015342,0.21011263459099402,0.1252707656137369,-0.16389084521654854,0.0021747418874837597,0.037703561005535555,-0.021459126406529694,0.0011274086881582102,-0.012992341769098081,0.0016468608733799862,-5.189694103648185e-05
50,23,874,25.189573287963867,1.0010031647917714,0.2101126260779172,0.1252707656137369,-0.16389084521654854,0.0021747417320429844,0.037703513591153495,-0.021459106396945583,0.0011274076424905401,-0.012992341769098081,0.0016468609726696807,-5.1896947522375264e-05
50,23,875,25.189573287963867,1.0010032219357312,0.21011260941973117,0.1252707656137369,-0.16389084521654854,0.0021747415766022087,0.03770342139652171,-0.02145904436723484,0.001127403982653695,-0.012992340249115638,0.0016468608733799862,-5.1896947522375264e-05
50,23,876,25.189573287963867,1.0010032597383167,0.21011259380583774,0.1252707656137369,-0.16389084521654854,0.0021747414211614334,0.03770333447015461,-0.021459002347108208,0.0011274012377760613,-0.012992340249115638,0.0016468607740902916,-5.1896947522375264e-05
50,23,877,25.189571380615234,1.0010032728886813,0.21011258189140683,0.1252707656137369,-0.16389084521654854,0.002174741265720658,0.03770326861684619,-0.02145898633944092,0.0011274005842337675,-0.012992338729133194,0.0016468607740902916,-5.1896950765321974e-05
50,23,878,25.189573287963867,1.0010032482299531,0.21011257622777732,0.1252707656137369,-0.16389084521654854,0.002174741110279883,0.03770323700725815,-0.021459010350941853,0.0011274020220268138,-0.012992338729133194,0.0016468608733799862,-5.1896950765321974e-05
50,23,879,25.189573287963867,1.0010032164223346,0.21011257378154982,0.1252707656137369,-0.16389084521654854,0.0021747409548391076,0.03770322383659647,-0.02145904236627643,0.0011274042440706125,-0.012992337209150752,0.0016468607740902916,-5.1896947522375264e-05
50,23,880,25.1895694732666,1.0010031827572532,0.21011257180503956,0.1252707656137369,-0.16389084521654854,0.0021747407993983323,0.03770321330006712,-0.021459076382569418,0.0011274062046974938,-0.012992335689168308,0.0016468604762212079,-5.189694103648185e-05
50,23,881,25.1895694732666,1.0010031471532377,0.21011256992329475,0.1252707656137369,-0.16389084521654854,0.0021747407993983323,0.03770320276353777,-0.021459112399820818,0.0011274081653243752,-0.012992335689168308,0.0016468602776418188,-5.189692806469501e-05
50,23,882,25.1895694732666,1.0010031324664672,0.2101125651991821,0.1252707656137369,-0.16389084521654854,0.0021747409548391076,0.03770317642221441,-0.021459126406529694,0.0011274089495751276,-0.012992335689168308,0.0016468600790624298,-5.189691509290818e-05
50,23,883,25.1895694732666,1.0010031331294955,0.2101125590522133,0.1252707656137369,-0.16389084521654854,0.002174741110279883,0.037703142178494034,-0.021459124405571284,0.0011274086881582102,-0.012992335689168308,0.0016468599797727352,-5.189690212112135e-05
50,23,884,25.189573287963867,1.0010031375025252,0.2101125519555371,0.1252707656137369,-0.16389084521654854,0.0021747414211614334,0.03770310266650898,-0.02145911840269605,0.0011274079039074575,-0.012992335689168308,0.0016468596819036515,-5.1896885906387805e-05
50,23,885,25.189573287963867,1.0010031383810944,0.21011254684861896,0.1252707656137369,-0.16389084521654854,0.0021747417320429844,0.03770307369105328,-0.02145911640173764,0.001127407773198999,-0.012992337209150752,0.001646859582613957,-5.1896872934600966e-05
50,23,886,25.189573287963867,1.0010031240086719,0.21011254363528625,0.1252707656137369,-0.16389084521654854,0.002174742042924535,0.03770305525212692,-0.021459130408446516,0.0011274080346159164,-0.012992338729133194,0.001646859582613957,-5.1896866448707553e-05
50,23,887,25.1895694732666,1.0010031133502115,0.21011253947793168,0.1252707656137369,-0.16389084521654854,0.0021747423538060855,0.03770303154493589,-0.02145914041323857,0.0011274086881582102,-0.012992340249115638,0.0016468594833242624,-5.1896856719867424e-05
50,23,888,25.1895694732666,1.001003089297421,0.2101125367406279,0.1252707656137369,-0.16389084521654854,0.002174742664687636,0.03770301574014188,-0.021459164424739503,0.0011274098645343389,-0.012992341769098081,0.0016468592847448734,-5.189684374808059e-05
50,23,889,25.1895694732666,1.0010030595785888,0.21011253495311252,0.1252707656137369,-0.16389084521654854,0.0021747428201284117,0.03770300520361253,-0.02145919443911567,0.001127411433035844,-0.012992343289080523,0.001646859384034568,-5.189683401924046e-05
50,23,890,25.189573287963867,1.0010030244077157,0.21011253514810038,0.1252707656137369,-0.16389084521654854,0.002174742975569187,0.03770300520361253,-0.02145923045636707,0.0011274127401204315,-0.01299234632904541,0.001646859384034568,-5.189682429040034e-05
50,23,891,25.1895694732666,1.0010030122920754,0.2101125333542734,0.1252707656137369,-0.16389084521654854,0.0021747431310099622,0.037702994667083184,-0.021459242462117535,0.0011274131322458077,-0.012992347849027853,0.0016468594833242624,-5.189681456156021e-05
50,23,892,25.1895694732666,1.0010030043256684,0.21011253269010902,0.1252707656137369,-0.16389084521654854,0.0021747432864507375,0.03770298939881851,-0.02145925046595118,0.0011274131322458077,-0.012992352408975182,0.001646859384034568,-5.189679834682667e-05
50,23,893,25.189571380615234,1.0010029946641448,0.21011253325591284,0.1252707656137369,-0.16389084521654854,0.0021747432864507375,0.03770299203295085,-0.021459260470743233,0.0011274132629542665,-0.012992353928957626,0.0016468591854551789,-5.1896785375039836e-05
50,23,894,25.189571380615234,1.0010029816864021,0.2101125366606412,0.1252707656137369,-0.16389084521654854,0.0021747432864507375,0.0377030104718772,-0.021459274477452113,0.0011274137857881015,-0.012992355448940068,0.0016468590861654843,-5.1896769160306294e-05
50,23,895,25.1895694732666,1.0010029612057991,0.21011254158322526,0.1252707656137369,-0.16389084521654854,0.0021747431310099622,0.03770303681320057,-0.021459296487994634,0.0011274149621642302,-0.012992358488904955,0.0016468592847448734,-5.1896759431466165e-05
50,23,896,25.1895694732666,1.001002945016412,0.21011254829870912,0.1252707656137369,-0.16389084521654854,0.0021747428201284117,0.03770307369105328,-0.021459314496620332,0.0011274160078319003,-0.012992360008887397,0.0016468590861654843,-5.189675294557275e-05
50,23,897,25.1895694732666,1.0010029330366563,0.2101125564315988,0.1252707656137369,-0.16389084521654854,0.0021747425092468607,0.037703118471303004,-0.02145932850332921,0.0011274167920826527,-0.012992361528869841,0.0016468589868757896,-5.189673997378591e-05
50,23,898,25.1895694732666,1.00100293083647,0.21011256456106864,0.1252707656137369,-0.16389084521654854,0.00217474219836531,0.03770316325155273,-0.021459332505246034,0.0011274167920826527,-0.012992363048852285,0.0016468589868757896,-5.189673024494579e-05
50,23,899,25.189571380615234,1.001002932567998,0.21011257278391413,0.1252707656137369,-0.16389084521654854,0.0021747418874837597,0.03770320803180245,-0.021459332505246034,0.0011274165306657353,-0.01299236608881717,0.0016468590861654843,-5.189673024494579e-05
50,23,900,25.189571380615234,1.0010029346939342,0.21011258289895623,0.1252707656137369,-0.16389084521654854,0.0021747417320429844,0.03770326334858152,-0.021459332505246034,0.0011274163999572765,-0.012992369128782056,0.0016468592847448734,-5.189673024494579e-05
50,23,901,25.189571380615234,1.0010029347419405,0.21011259244656802,0.1252707656137369,-0.16389084521654854,0.0021747417320429844,0.03770331603122825,-0.021459334506204443,0.0011274162692488177,-0.0129923706487645,0.001646859384034568,-5.189673024494579e-05
50,23,902,25.189571380615234,1.0010029370546576,0.21011259414574124,0.12527075308351274,-0.16389084521654854,0.0021747417320429844,0.037703366079742645,-0.021459332505246034,0.0011274160078319003,-0.012992373688729386,0.0016468596819036515,-5.189673024494579e-05
50,23,903,25.189571380615234,1.0010029428820226,0.21011259395132958,0.1252707405532886,-0.16389084521654854,0.0021747417320429844,0.0377034055917277,-0.0214593265023708,0.0011274153542896064,-0.012992376728694272,0.0016468598804830407,-5.189673024494579e-05
50,23,904,25.189571380615234,1.0010029486700631,0.2101125935695734,0.12527072802306444,-0.16389084521654854,0.0021747417320429844,0.03770344510371274,-0.021459320499495567,0.0011274149621642302,-0.012992376728694272,0.0016468599797727352,-5.189673024494579e-05
50,23,905,25.189571380615234,1.0010029524421253,0.21011259290234469,0.12527071549284027,-0.16389084521654854,0.0021747417320429844,0.03770348198156546,-0.021459316497578745,0.001127414570038854,-0.012992379768659159,0.0016468599797727352,-5.189673024494579e-05
50,23,906,25.189571380615234,1.0010029746517997,0.21011259620408998,0.12527071549284027,-0.16389084521654854,0.0021747417320429844,0.037703500420491816,-0.021459294487036224,0.0011274132629542665,-0.012992379768659159,0.0016468599797727352,-5.189673024494579e-05
50,23,907,25.189571380615234,1.0010029868240573,0.21011259828083695,0.12527071549284027,-0.16389084521654854,0.0021747417320429844,0.03770351095702116,-0.021459282481285757,0.0011274126094119727,-0.012992382808624045,0.0016468601783521243,-5.189673024494579e-05
50,23,908,25.189571380615234,1.0010029850668907,0.21011259922837808,0.12527071549284027,-0.16389084521654854,0.0021747417320429844,0.03770351622528583,-0.021459284482244167,0.0011274128708288903,-0.012992382808624045,0.0016468602776418188,-5.189673024494579e-05
50,23,909,25.189571380615234,1.0010029792190362,0.2101125993251737,0.12527071549284027,-0.16389084521654854,0.0021747417320429844,0.03770351622528583,-0.021459290485119402,0.0011274133936627253,-0.012992384328606488,0.0016468602776418188,-5.189673673083921e-05
50,23,910,25.189571380615234,1.0010029695586262,0.21011259989628203,0.12527071549284027,-0.16389084521654854,0.0021747417320429844,0.03770351885941817,-0.021459300489911456,0.0011274137857881015,-0.01299238584858893,0.0016468605755109026,-5.189673997378591e-05
50,23,911,25.189571380615234,1.0010029621124181,0.21011260169722404,0.12527071549284027,-0.16389084521654854,0.0021747417320429844,0.03770352939594752,-0.0214593084937451,0.001127414570038854,-0.012992384328606488,0.0016468605755109026,-5.189674645967933e-05
50,23,912,25.189571380615234,1.0010029780576437,0.21011260311105695,0.12527071549284027,-0.16389084521654854,0.0021747417320429844,0.037703537298344525,-0.02145929248607781,0.0011274137857881015,-0.012992384328606488,0.0016468605755109026,-5.189674645967933e-05
50,23,913,25.189571380615234,1.0010030109908692,0.21011260158772882,0.12527071549284027,-0.16389084521654854,0.0021747417320429844,0.03770352939594752,-0.021459258469784824,0.0011274118251612202,-0.012992382808624045,0.0016468604762212079,-5.189674645967933e-05
50,23,914,25.189571380615234,1.0010030473398164,0.21011259769951923,0.12527071549284027,-0.16389084521654854,0.0021747417320429844,0.037703508322888823,-0.021459220451575015,0.0011274097338258803,-0.012992381288641601,0.0016468602776418188,-5.189673997378591e-05
50,23,915,25.189571380615234,1.0010030714376559,0.21011259135891253,0.12527071549284027,-0.16389084521654854,0.0021747417320429844,0.03770347407916845,-0.02145919443911567,0.0011274084267412926,-0.012992378248676715,0.0016468601783521243,-5.189673997378591e-05
50,23,916,25.189571380615234,1.001003073566645,0.21011258285068693,0.12527071549284027,-0.16389084521654854,0.0021747415766022087,0.03770342666478639,-0.021459190437198846,0.0011274084267412926,-0.012992378248676715,0.0016468601783521243,-5.189674970262604e-05
50,23,917,25.189571380615234,1.0010030348285646,0.2101125846624822,0.12527072802306444,-0.16389084521654854,0.0021747414211614334,0.03770339505519835,-0.02145923045636707,0.001127410910202009,-0.012992378248676715,0.0016468601783521243,-5.189675294557275e-05
50,23,918,25.189571380615234,1.001002986012992,0.21011258505835323,0.1252707405532886,-0.16389084521654854,0.002174741265720658,0.0377033555432133,-0.021459280480327345,0.0011274137857881015,-0.012992378248676715,0.0016468601783521243,-5.1896759431466165e-05
50,23,919,25.1895694732666,1.0010029528137434,0.21011257599540933,0.1252707405532886,-0.16389084521654854,0.002174741265720658,0.037703305494698906,-0.021459312495661922,0.0011274160078319003,-0.012992376728694272,0.0016468601783521243,-5.1896762674412874e-05
50,23,920,25.1895694732666,1.0010029395480966,0.21011256872280576,0.1252707405532886,-0.16389084521654854,0.0021747414211614334,0.037703265982713854,-0.02145932450141239,0.001127417184208029,-0.012992373688729386,0.0016468600790624298,-5.1896759431466165e-05
50,23,921,25.1895694732666,1.0010029422242854,0.21011256286107122,0.1252707405532886,-0.16389084521654854,0.0021747417320429844,0.03770323437312582,-0.021459320499495567,0.0011274173149164878,-0.0129923706487645,0.001646859781193346,-5.189675294557275e-05
50,23,922,25.1895694732666,1.0010029582911202,0.21011255557492192,0.1252707405532886,-0.16389084521654854,0.00217474219836531,0.037703194861140765,-0.02145930249086987,0.0011274163999572765,-0.012992367608799614,0.001646859384034568,-5.189673997378591e-05
50,23,923,25.189571380615234,1.0010029859773895,0.2101125477186105,0.1252707405532886,-0.16389084521654854,0.0021747425092468607,0.03770315271502338,-0.0214592724764937,0.0011274148314557714,-0.012992363048852285,0.0016468589868757896,-5.18967334878925e-05
50,23,924,25.189571380615234,1.0010029983564135,0.21011254147469818,0.1252707405532886,-0.16389084521654854,0.002174742664687636,0.037703118471303004,-0.021459258469784824,0.0011274143086219366,-0.012992361528869841,0.001646858689006706,-5.189672375905237e-05
50,23,925,25.189571380615234,1.0010029826663023,0.21011254128944976,0.1252707405532886,-0.16389084521654854,0.0021747428201284117,0.037703118471303004,-0.021459274477452113,0.0011274149621642302,-0.012992358488904955,0.0016468585897170115,-5.189672375905237e-05
50,23,926,25.189571380615234,1.001002946813392,0.21011254754084385,0.1252707405532886,-0.16389084521654854,0.0021747428201284117,0.03770315271502338,-0.021459312495661922,0.0011274173149164878,-0.012992360008887397,0.0016468585897170115,-5.189672375905237e-05
50,23,927,25.189571380615234,1.001002903513682,0.2101125555903623,0.1252707405532886,-0.16389084521654854,0.0021747428201284117,0.0377031974952731,-0.021459358517705376,0.0011274199290856627,-0.012992360008887397,0.0016468585897170115,-5.189672375905237e-05
50,23,928,25.189571380615234,1.0010028701922515,0.21011256458313954,0.1252707405532886,-0.16389084521654854,0.0021747428201284117,0.037703247543787496,-0.021459394534956776,0.0011274221511294617,-0.012992360008887397,0.0016468585897170115,-5.189672375905237e-05
50,23,929,25.1895694732666,1.001002852736429,0.21011257461044,0.1252707405532886,-0.16389084521654854,0.0021747428201284117,0.037703302860566563,-0.021459414544540888,0.0011274233275055904,-0.012992361528869841,0.001646858689006706,-5.189672700199908e-05
50,23,930,25.1895694732666,1.0010028495467806,0.21011258737126493,0.1252707405532886,-0.16389084521654854,0.0021747428201284117,0.03770337398213965,-0.02145942054741612,0.0011274231967971316,-0.012992361528869841,0.0016468585897170115,-5.189672700199908e-05
50,23,931,25.189571380615234,1.0010028758954486,0.2101126010727928,0.1252707405532886,-0.16389084521654854,0.0021747428201284117,0.03770345037197742,-0.021459396535915186,0.0011274217590040855,-0.012992361528869841,0.0016468587882964006,-5.189672700199908e-05
50,23,932,25.189571380615234,1.0010029254167727,0.21011261334493164,0.1252707405532886,-0.16389084521654854,0.0021747428201284117,0.03770351885941817,-0.021459348512913323,0.0011274184912926167,-0.012992361528869841,0.0016468587882964006,-5.189672700199908e-05
50,23,933,25.189571380615234,1.0010029767980053,0.2101126251458147,0.1252707405532886,-0.16389084521654854,0.002174742664687636,0.037703584712726584,-0.021459298488953046,0.0011274154849980652,-0.012992361528869841,0.0016468587882964006,-5.189673024494579e-05
50,23,934,25.189571380615234,1.00100299709189,0.2101126472640194,0.12527075308351274,-0.16389084521654854,0.0021747425092468607,0.03770366637082902,-0.021459282481285757,0.0011274143086219366,-0.012992361528869841,0.001646858887586095,-5.189673024494579e-05
50,23,935,25.189573287963867,1.0010030018599356,0.21011266995321304,0.1252707656137369,-0.16389084521654854,0.00217474219836531,0.03770375066306379,-0.021459282481285757,0.0011274137857881015,-0.012992363048852285,0.0016468590861654843,-5.189673997378591e-05
50,23,936,25.189571380615234,1.0010030197246609,0.2101126898043095,0.12527077814396104,-0.16389084521654854,0.0021747418874837597,0.037703819150504546,-0.021459268474576878,0.0011274127401204315,-0.012992364568834727,0.001646859384034568,-5.189675294557275e-05
50,23,937,25.1895694732666,1.001003035437798,0.21011270871068338,0.1252707906741852,-0.16389084521654854,0.0021747414211614334,0.03770388236968062,-0.02145925646882641,0.001127411955869679,-0.01299236608881717,0.001646859582613957,-5.1896769160306294e-05
50,23,938,25.1895694732666,1.0010030805675878,0.21011272799133274,0.1252708157346335,-0.16389084521654854,0.002174741110279883,0.03770390607687165,-0.02145921444869978,0.0011274096031174215,-0.012992367608799614,0.0016468600790624298,-5.1896778889146416e-05
50,23,939,25.1895694732666,1.0010031307707155,0.21011274348529105,0.12527084079508183,-0.16389084521654854,0.0021747407993983323,0.037703908711003986,-0.021459166425697916,0.0011274068582397877,-0.012992369128782056,0.0016468601783521243,-5.1896791860933256e-05
50,23,940,25.1895694732666,1.0010031536877146,0.2101127594625314,0.12527086585553013,-0.16389084521654854,0.002174740643957557,0.037703913979268665,-0.021459146416113805,0.0011274059432805764,-0.0129923706487645,0.0016468603769315133,-5.189679834682667e-05
50,23,941,25.1895694732666,1.001003149797272,0.2101127781903892,0.12527089091597843,-0.16389084521654854,0.002174740488516782,0.03770393505232735,-0.02145915441994745,0.0011274064661144115,-0.0129923706487645,0.0016468606748005971,-5.189681131861351e-05
50,23,942,25.1895694732666,1.0010031249219757,0.21011279947806913,0.12527091597642673,-0.16389084521654854,0.002174740643957557,0.03770396929604773,-0.021459184434323614,0.0011274085574497514,-0.012992373688729386,0.0016468609726696807,-5.189682104745363e-05
50,23,943,25.1895694732666,1.0010030948016932,0.21011281442896948,0.1252709285066509,-0.16389084521654854,0.0021747409548391076,0.03770401144216512,-0.0214592184506166,0.0011274105180766327,-0.012992372168746944,0.0016468610719593752,-5.189682753334705e-05
50,23,944,25.1895694732666,1.0010030816866429,0.21011282653799437,0.12527094103687506,-0.16389084521654854,0.0021747414211614334,0.037704037783488485,-0.02145923445828389,0.0011274116944527614,-0.0129923706487645,0.0016468609726696807,-5.189682753334705e-05
50,23,945,25.1895694732666,1.0010030842093538,0.21011282927716352,0.12527094103687506,-0.16389084521654854,0.0021747418874837597,0.0377040535882825,-0.02145923245732548,0.001127411433035844,-0.012992369128782056,0.0016468607740902916,-5.189682429040034e-05
50,23,946,25.1895694732666,1.0010031057161917,0.21011282927007235,0.12527094103687506,-0.16389084521654854,0.0021747423538060855,0.0377040535882825,-0.021459210446782957,0.001127410256659715,-0.012992369128782056,0.0016468606748005971,-5.189682104745363e-05
50,23,947,25.1895694732666,1.0010031229935326,0.21011282775093387,0.12527094103687506,-0.16389084521654854,0.0021747428201284117,0.03770404568588549,-0.02145919243815726,0.0011274090802835864,-0.012992367608799614,0.0016468605755109026,-5.189681780450692e-05
50,23,948,25.189571380615234,1.0010031153425734,0.21011282860278632,0.12527094103687506,-0.16389084521654854,0.0021747431310099622,0.037704050954150164,-0.021459200441990903,0.0011274096031174215,-0.01299236608881717,0.0016468602776418188,-5.18968080756668e-05
50,23,949,25.189571380615234,1.0010030810061994,0.21011283277341866,0.12527094103687506,-0.16389084521654854,0.0021747432864507375,0.037704074661341194,-0.021459236459242303,0.0011274116944527614,-0.012992364568834727,0.0016468601783521243,-5.189680483272009e-05
50,23,950,25.189571380615234,1.001003053702621,0.2101128331603793,0.12527094103687506,-0.16389084521654854,0.0021747432864507375,0.03770407729547353,-0.021459264472660056,0.001127413524371184,-0.012992363048852285,0.0016468599797727352,-5.189680483272009e-05
50,23,951,25.1895694732666,1.0010030260244056,0.21011283174933384,0.12527094103687506,-0.16389084521654854,0.0021747431310099622,0.03770406939307652,-0.02145929248607781,0.0011274148314557714,-0.012992363048852285,0.0016468599797727352,-5.18968080756668e-05
50,23,952,25.1895694732666,1.0010030284340588,0.2101128245650509,0.12527094103687506,-0.16389084521654854,0.0021747428201284117,0.03770402988109147,-0.02145928848416099,0.0011274148314557714,-0.012992361528869841,0.0016468599797727352,-5.18968080756668e-05
50,23,953,25.1895694732666,1.0010030494103261,0.2101128126454278,0.12527094103687506,-0.16389084521654854,0.0021747425092468607,0.03770396402778306,-0.021459264472660056,0.0011274133936627253,-0.012992360008887397,0.0016468598804830407,-5.18968080756668e-05
50,23,954,25.1895694732666,1.0010030573902244,0.2101128040417848,0.12527094103687506,-0.16389084521654854,0.00217474219836531,0.037703916613401,-0.021459254467868002,0.0011274130015373489,-0.012992358488904955,0.0016468599797727352,-5.189681131861351e-05
50,23,955,25.1895694732666,1.0010030560860246,0.21011279780204384,0.12527094103687506,-0.16389084521654854,0.0021747418874837597,0.03770388236968062,-0.021459254467868002,0.0011274131322458077,-0.012992356968922512,0.001646859781193346,-5.189681456156021e-05
50,23,956,25.1895694732666,1.0010030229178106,0.21011279819266435,0.12527094103687506,-0.16389084521654854,0.0021747417320429844,0.037703885003812956,-0.02145928848416099,0.0011274153542896064,-0.012992355448940068,0.001646859781193346,-5.189682104745363e-05
50,23,957,25.1895694732666,1.001002971754696,0.21011280605552385,0.12527094103687506,-0.16389084521654854,0.0021747417320429844,0.03770392978406268,-0.021459342510038087,0.0011274186220010753,-0.012992352408975182,0.0016468594833242624,-5.189681780450692e-05
50,23,958,25.1895694732666,1.0010029306770127,0.21011280606642266,0.1252709285066509,-0.16389084521654854,0.0021747418874837597,0.03770397193018007,-0.02145938453016472,0.0011274211054617916,-0.01299235088899274,0.001646859384034568,-5.18968080756668e-05
50,23,959,25.1895694732666,1.0010029104565221,0.2101128029488703,0.12527091597642673,-0.16389084521654854,0.00217474219836531,0.0377039956373711,-0.02145940453974883,0.0011274220204210029,-0.012992352408975182,0.001646859384034568,-5.189680483272009e-05
50,23,960,25.1895694732666,1.0010029126925732,0.2101127950034612,0.1252709034462026,-0.16389084521654854,0.002174742664687636,0.03770399300323876,-0.021459400537832008,0.0011274216282956267,-0.012992352408975182,0.001646859384034568,-5.189680158977338e-05
50,23,961,25.1895694732666,1.0010029358882273,0.21011278440430506,0.12527089091597843,-0.16389084521654854,0.0021747431310099622,0.037703974564312404,-0.021459374525372665,0.0011274201905025804,-0.012992355448940068,0.001646859384034568,-5.189679834682667e-05
50,23,962,25.1895694732666,1.0010029667915235,0.21011277323652686,0.12527087838575426,-0.16389084521654854,0.0021747434418915128,0.03770395349125371,-0.021459340509079678,0.0011274180991672402,-0.012992356968922512,0.001646859582613957,-5.189679510387996e-05
50,23,963,25.1895694732666,1.001002983220276,0.21011276764823447,0.12527086585553013,-0.16389084521654854,0.002174743597332288,0.03770396402778306,-0.021459322500453976,0.0011274165306657353,-0.012992356968922512,0.001646859582613957,-5.189679510387996e-05
50,23,964,25.1895694732666,1.001002988253757,0.21011276367166434,0.12527085332530596,-0.16389084521654854,0.002174743597332288,0.03770398246670941,-0.021459316497578745,0.0011274158771234415,-0.012992360008887397,0.0016468596819036515,-5.189679510387996e-05
50,23,965,25.189571380615234,1.0010030049095997,0.21011275912569458,0.12527084079508183,-0.16389084521654854,0.0021747432864507375,0.03770399827150343,-0.021459298488953046,0.001127414570038854,-0.012992361528869841,0.0016468598804830407,-5.189679834682667e-05
50,23,966,25.1895694732666,1.0010030378881405,0.21011275779188526,0.12527084079508183,-0.16389084521654854,0.002174742975569187,0.037703990369106426,-0.021459264472660056,0.0011274126094119727,-0.012992363048852285,0.0016468599797727352,-5.189680483272009e-05
50,23,967,25.189571380615234,1.001003078097652,0.21011275361853166,0.12527084079508183,-0.16389084521654854,0.0021747425092468607,0.037703966661915396,-0.021459222452533424,0.0011274098645343389,-0.012992364568834727,0.0016468601783521243,-5.189680483272009e-05
50,23,968,25.1895694732666,1.001003100607982,0.21011274898099178,0.12527084079508183,-0.16389084521654854,0.0021747418874837597,0.03770394032059203,-0.02145919844103249,0.0011274085574497514,-0.01299236608881717,0.0016468604762212079,-5.189681780450692e-05
50,23,969,25.1895694732666,1.0010030998652766,0.21011274538990282,0.12527084079508183,-0.16389084521654854,0.002174741265720658,0.037703919247533337,-0.02145919844103249,0.0011274084267412926,-0.012992369128782056,0.0016468608733799862,-5.189682753334705e-05
50,23,970,25.1895694732666,1.0010030755297565,0.21011274123970225,0.12527084079508183,-0.16389084521654854,0.0021747407993983323,0.03770389554034231,-0.021459222452533424,0.0011274099952427977,-0.0129923706487645,0.0016468610719593752,-5.189683077629376e-05
50,23,971,25.1895694732666,1.0010030477780298,0.21011273945206946,0.12527084079508183,-0.16389084521654854,0.002174740333076006,0.037703885003812956,-0.02145925046595118,0.0011274116944527614,-0.012992372168746944,0.0016468610719593752,-5.189682753334705e-05
50,23,972,25.1895694732666,1.0010030255706426,0.21011273614803402,0.12527084079508183,-0.16389084521654854,0.002174740177635231,0.037703866564886605,-0.0214592724764937,0.0011274128708288903,-0.012992372168746944,0.0016468608733799862,-5.189682429040034e-05
50,23,973,25.1895694732666,1.0010030039337543,0.21011273558829716,0.12527084079508183,-0.16389084521654854,0.002174740333076006,0.03770386393075427,-0.021459294487036224,0.0011274143086219366,-0.0129923706487645,0.0016468607740902916,-5.189682104745363e-05
50,23,974,25.1895694732666,1.0010029908823639,0.2101127293496275,0.12527082826485766,-0.16389084521654854,0.002174740643957557,0.03770387183315128,-0.021459306492786687,0.001127415092872689,-0.012992367608799614,0.0016468604762212079,-5.189681131861351e-05
50,23,975,25.1895694732666,1.0010029854730083,0.21011272225614774,0.1252708157346335,-0.16389084521654854,0.002174741110279883,0.03770387446728361,-0.02145931049470351,0.001127415092872689,-0.01299236608881717,0.0016468602776418188,-5.189679834682667e-05
50,23,976,25.189571380615234,1.0010029827141842,0.21011271847122953,0.12527080320440936,-0.16389084521654854,0.0021747415766022087,0.03770389554034231,-0.021459312495661922,0.0011274154849980652,-0.012992364568834727,0.001646859781193346,-5.1896785375039836e-05
50,23,977,25.189571380615234,1.0010029818941795,0.21011271459099898,0.1252707906741852,-0.16389084521654854,0.0021747418874837597,0.037703916613401,-0.021459312495661922,0.0011274154849980652,-0.012992361528869841,0.001646859384034568,-5.1896769160306294e-05
50,23,978,25.189571380615234,1.0010029890173997,0.21011271127767872,0.12527077814396104,-0.16389084521654854,0.00217474219836531,0.03770394032059203,-0.021459304491828278,0.001127415092872689,-0.012992360008887397,0.0016468592847448734,-5.1896765917359584e-05
50,23,979,25.189571380615234,1.0010029785684122,0.2101127174239909,0.12527077814396104,-0.16389084521654854,0.0021747423538060855,0.037703974564312404,-0.021459316497578745,0.0011274153542896064,-0.012992360008887397,0.0016468592847448734,-5.1896762674412874e-05
50,23,980,25.189571380615234,1.0010029798946374,0.2101127237554791,0.12527077814396104,-0.16389084521654854,0.0021747425092468607,0.037704008808032784,-0.021459316497578745,0.001127415092872689,-0.012992363048852285,0.0016468592847448734,-5.189675618851946e-05
50,23,981,25.189571380615234,1.001002994011978,0.21011273509884174,0.1252707906741852,-0.16389084521654854,0.0021747425092468607,0.03770402988109147,-0.021459304491828278,0.0011274144393303952,-0.012992364568834727,0.001646859384034568,-5.189675618851946e-05
50,23,982,25.189571380615234,1.0010030188949663,0.21011274180449913,0.12527080320440936,-0.16389084521654854,0.0021747423538060855,0.0377040246128268,-0.021459280480327345,0.0011274127401204315,-0.012992367608799614,0.001646859582613957,-5.189675618851946e-05
50,23,983,25.1895694732666,1.001003063519331,0.21011274935833912,0.12527082826485766,-0.16389084521654854,0.002174742042924535,0.03770398246670941,-0.021459236459242303,0.0011274099952427977,-0.0129923706487645,0.0016468598804830407,-5.1896762674412874e-05
50,23,984,25.189571380615234,1.0010030918810884,0.2101127539862992,0.12527085332530596,-0.16389084521654854,0.0021747417320429844,0.03770392451579801,-0.021459208445824548,0.0011274080346159164,-0.012992372168746944,0.0016468601783521243,-5.1896765917359584e-05
50,23,985,25.1895694732666,1.0010030868138189,0.2101127577755234,0.12527087838575426,-0.16389084521654854,0.0021747414211614334,0.03770386129662193,-0.02145921444869978,0.0011274084267412926,-0.01299237520871183,0.0016468604762212079,-5.1896772403253004e-05
50,23,986,25.189571380615234,1.0010030606054414,0.21011276336697,0.1252709034462026,-0.16389084521654854,0.002174741265720658,0.037703808613975195,-0.021459242462117535,0.0011274101259512565,-0.012992376728694272,0.0016468605755109026,-5.1896772403253004e-05
50,23,987,25.189571380615234,1.0010030062367383,0.21011276527691328,0.12527091597642673,-0.16389084521654854,0.002174741265720658,0.03770377700438716,-0.021459298488953046,0.0011274133936627253,-0.012992378248676715,0.0016468605755109026,-5.1896772403253004e-05
50,23,988,25.1895694732666,1.0010029313424287,0.21011277192140404,0.1252709285066509,-0.16389084521654854,0.0021747414211614334,0.037703771736122486,-0.021459376526331075,0.0011274180991672402,-0.012992379768659159,0.0016468605755109026,-5.1896769160306294e-05
50,23,989,25.189571380615234,1.0010028802048654,0.2101127706134734,0.1252709285066509,-0.16389084521654854,0.0021747417320429844,0.03770376383372547,-0.021459428551249764,0.0011274211054617916,-0.012992381288641601,0.0016468605755109026,-5.1896762674412874e-05
50,23,990,25.189571380615234,1.0010028825000232,0.2101127629496549,0.12527091597642673,-0.16389084521654854,0.00217474219836531,0.03770376383372547,-0.02145942454933294,0.0011274207133364154,-0.012992378248676715,0.0016468601783521243,-5.189674645967933e-05
50,23,991,25.189571380615234,1.001002925869571,0.2101127552724327,0.1252709034462026,-0.16389084521654854,0.002174742664687636,0.03770376383372547,-0.021459378527289488,0.0011274179684587816,-0.01299237520871183,0.0016468596819036515,-5.189672375905237e-05
50,23,992,25.189571380615234,1.0010029618023735,0.2101127401223334,0.12527087838575426,-0.16389084521654854,0.0021747431310099622,0.03770376383372547,-0.021459338508121265,0.001127415092872689,-0.012992372168746944,0.0016468589868757896,-5.1896697815478706e-05
50,23,993,25.189573287963867,1.0010030040042874,0.21011272686916774,0.12527086585553013,-0.16389084521654854,0.0021747434418915128,0.037703732224137435,-0.02145929248607781,0.001127412478703514,-0.0129923706487645,0.001646858689006706,-5.1896681600745164e-05
50,23,994,25.189573287963867,1.0010030163765604,0.21011271126101402,0.12527085332530596,-0.16389084521654854,0.0021747434418915128,0.03770368744388771,-0.021459276478410522,0.001127411433035844,-0.012992369128782056,0.0016468583911376225,-5.1896671871905034e-05
50,23,995,25.189571380615234,1.0010029935683395,0.21011269576244299,0.12527084079508183,-0.16389084521654854,0.0021747431310099622,0.03770364266363799,-0.021459296487994634,0.0011274130015373489,-0.012992369128782056,0.0016468582918479277,-5.1896668628958325e-05
50,23,996,25.189571380615234,1.0010029472186353,0.2101126892550238,0.12527084079508183,-0.16389084521654854,0.0021747428201284117,0.03770360578578528,-0.021459342510038087,0.0011274160078319003,-0.0129923706487645,0.0016468582918479277,-5.189666538601162e-05
50,23,997,25.189571380615234,1.00100287191004,0.21011268455416415,0.12527084079508183,-0.16389084521654854,0.0021747423538060855,0.03770357944446191,-0.021459418546457706,0.001127420844044874,-0.0129923706487645,0.0016468582918479277,-5.189666214306491e-05
50,23,998,25.189571380615234,1.0010027990932222,0.21011268240554318,0.12527084079508183,-0.16389084521654854,0.0021747418874837597,0.037703566273800226,-0.021459492581918916,0.0011274255495493891,-0.012992373688729386,0.001646858490427317,-5.189666214306491e-05
50,23,999,25.1895694732666,1.001002749767055,0.21011268034249536,0.12527084079508183,-0.16389084521654854,0.0021747414211614334,0.03770355310313855,-0.021459542605879192,0.0011274286865523993,-0.012992378248676715,0.001646858689006706,-5.189666214306491e-05
50,23,1000,25.1895694732666,1.00100274733145,0.21011266871259804,0.12527082826485766,-0.16389084521654854,0.002174741110279883,0.03770352939594752,-0.021459542605879192,0.0011274285558439405,-0.012992379768659159,0.001646858887586095,-5.189666214306491e-05
