checkpoint_epoch,seed,epoch,pde_loss,coefficient_error,spurious_l2,xi_u,xi_u_x,xi_u_xx,xi_u^2,xi_u*u_x,xi_u*u_xx,xi_u_x^2,xi_u_x*u_xx,xi_u_xx^2
200,19,0,14.289942741394043,1.030043757349407,0.7360534770787556,-0.38871803533062954,-0.2862223691165784,0.013099528875612736,0.5548502719578537,-0.2794669997612744,-0.01134496956629966,0.02760761935923252,0.0001316842414887015,-0.0001869013815287279
200,19,1,14.235636711120605,1.0095942156101412,0.687467629749694,-0.3643745228977866,-0.281093742606117,0.012775696678920659,0.509937643302737,-0.2606647934249857,-0.011476366950990698,0.025711762888188338,0.00013295527345168065,-0.00019339310330679355
200,19,2,14.185242652893066,0.9942906653192887,0.6442966718294704,-0.34006888118995915,-0.28372341243741145,0.012452221567775562,0.4671896834833565,-0.24274260858590518,-0.011603098463970599,0.02390590636383989,0.0001343221270006926,-0.00019990712406345564
200,19,3,14.138640403747559,0.9808028748806363,0.602025619501324,-0.31582835246240243,-0.28275975448426205,0.012129370873789645,0.42673659847594103,-0.22574068553531382,-0.011725846600572737,0.022193208848006952,0.00013586433637227975,-0.00020645927341701706
200,19,4,14.095593452453613,0.9694405512992469,0.5613821691386099,-0.29168130348423726,-0.28007891210463703,0.01180741289367118,0.3886695633706614,-0.20968492093778074,-0.01184530795241965,0.020575588902427475,0.00013765945595423356,-0.0002130698345309103
200,19,5,14.055941581726074,0.9602807107446443,0.5228603400924144,-0.26765737063701317,-0.2767492421632941,0.011486628470377387,0.35305255526468815,-0.19459101650659352,-0.011962227273455153,0.01905399306981793,0.00013978043079897225,-0.00021976473172573207
200,19,6,14.019502639770508,0.9532657782113974,0.4868253417221539,-0.2437873510907857,-0.27342174262274654,0.011167308097826215,0.319922640254001,-0.18046433017235272,-0.012077376335510627,0.01762841743074678,0.0001422969577695569,-0.00022657535858802775
200,19,7,13.986063957214355,0.9483476727632925,0.4537502050182208,-0.22010316652947598,-0.2708160389072772,0.010849755781280631,0.28928911245796124,-0.16729937377697793,-0.012191482272168444,0.01629782921500371,0.0001452756092802385,-0.00023353696844345508
200,19,8,13.955392837524414,0.9453909708330899,0.4240095685872341,-0.1966377906015888,-0.2693477780537142,0.010534288072252559,0.26113437707103226,-0.1550796642423023,-0.012305115983139485,0.015060185418899436,0.00014878138005329467,-0.00024068651790335293
200,19,9,13.92729377746582,0.9440963937264361,0.3976257884491545,-0.17342519450825153,-0.2688150822190618,0.010221235998695006,0.23541571646622128,-0.14377800262895796,-0.012418547647299268,0.0139124524024234,0.0001528759083486674,-0.000248059025896267
200,19,10,13.901594161987305,0.9441079723287973,0.37439009610999713,-0.15050031979723347,-0.2687435506998901,0.00991094313480993,0.2120665706200745,-0.1333569764423698,-0.012531610458559429,0.012850677418869335,0.0001576192547343252,-0.0002556837920612079
200,19,11,13.878129959106445,0.9450874914446611,0.35398260120226543,-0.1278989786076835,-0.26863325765665436,0.009603764635952172,0.19099960571740668,-0.12377023400166572,-0.012643590204935986,0.011870142452523142,0.00016307031971060914,-0.0002635802713584789
200,19,12,13.856745719909668,0.946759767878349,0.3360830808137457,-0.10565778112084867,-0.26811025220301793,0.009300063378245148,0.17211093072326794,-0.11496455877739167,-0.012753198250661792,0.010965587626260568,0.00016928871528600515,-0.00027175504253369243
200,19,13,13.83730697631836,0.9489511799643614,0.32051297038909315,-0.08381406301079229,-0.26706216260202564,0.009000211888773002,0.1552851197396057,-0.10688254835681199,-0.012858593855311027,0.01013147968260757,0.00017633617252586537,-0.00028020012045856357
200,19,14,13.819709777832031,0.9515792459304245,0.3072666064675873,-0.062405758483151226,-0.2656131602343935,0.008704588485196322,0.14040039993412434,-0.09946532131509811,-0.012957478149060252,0.009362259887785107,0.00018427720665784806,-0.0002888920341689354
200,19,15,13.803868293762207,0.9546185888480059,0.2964573913406951,-0.041471255176572616,-0.2640232040911627,0.008413579205944275,0.1273328129215192,-0.09265474038444937,-0.013047205728310904,0.008652557640727974,0.00019317938002057965,-0.0002977922487795809
200,19,16,13.789701461791992,0.9580738109625964,0.28825458431315015,-0.021049271735801053,-0.2626113430892543,0.00812757684511854,0.11595930544449953,-0.0863951798270341,-0.0131248962513118,0.007997323733757092,0.00020311286897174068,-0.0003068473217489445
200,19,17,13.777131080627441,0.9619456974732244,0.28276997549026217,-0.001178578950377307,-0.2616466457892452,0.007846980469945272,0.1061593409431787,-0.08063447423520005,-0.013187537810946283,0.007391901392276148,0.00021414806641496876,-0.00031598902789093514
200,19,18,13.766081809997559,0.9661954573898875,0.2799183077734457,0.01810225870217751,-0.2612216751997044,0.0075721944556790205,0.09781555080571847,-0.07532440688452409,-0.013232075036539462,0.006832051261147647,0.00022635418971870562,-0.0003251347969162019
200,19,19,13.756475448608398,0.9707386916334704,0.2793832864052287,0.03675521859678952,-0.26123029566483535,0.00730362752050667,0.09081334803320097,-0.0704208539142362,-0.013255494846283914,0.006313932787393102,0.00023979578504574621,-0.0003341877759380309
200,19,20,13.748236656188965,0.9754646463260385,0.2806950574850001,0.05474324392069667,-0.2614405494207598,0.007041688865163139,0.08504011041678716,-0.06588349596637125,-0.013254902802139298,0.005834069925167077,0.0002545304536206888,-0.00034303714200182786
200,19,21,13.741265296936035,0.9802588720811,0.2833376923694752,0.07203072657960463,-0.2615836124591032,0.006786784312547089,0.08038423125711684,-0.06167563214651202,-0.013227620609165686,0.005389307532081331,0.00027060467548647575,-0.00035155963347958393
200,19,22,13.735448837280273,0.9850278530823878,0.2868621512079224,0.08858403317997866,-0.26144999524957346,0.006539312447336638,0.07673460057142277,-0.057763942823736585,-0.013171308283362928,0.004976771684960483,0.0002880524019556724,-0.0003596218315350997
200,19,23,13.730658531188965,0.9897186988203995,0.2909699623838779,0.10437211716360748,-0.2609680439968976,0.006299659307960953,0.0739806326888969,-0.05411846172472977,-0.013084105114562233,0.004593846653181732,0.0003068917764859731,-0.00036708522310160654
200,19,24,13.72675609588623,0.9943202900869411,0.29552007185687207,0.11936708333170097,-0.26021424240234386,0.006068192596023816,0.0720129561348473,-0.05071256663182027,-0.01296478942436995,0.004238157261232934,0.0003271229846881982,-0.0003738122952066806
200,19,25,13.723593711853027,0.9988492210273663,0.3004781979693919,0.13354480904811425,-0.2593669912974876,0.005845257815919335,0.07072473820827922,-0.04752309100653489,-0.012812959468545089,0.0039075524760930356,0.0003487286719506401,-0.00037967553582134725
200,19,26,13.721022605895996,1.0033300283010675,0.3058470908488326,0.14688551556494053,-0.2586358107816463,0.0056311744144476455,0.07001330758943217,-0.04453035654646844,-0.012629160303601741,0.003600099528084765,0.00037167446933638763,-0.00038456615343265024
200,19,27,13.718894958496094,1.0077736087375782,0.3115940665675571,0.15937423052418162,-0.2581778256447955,0.005426231437882587,0.06978184317619575,-0.0417180010989711,-0.012414955442945626,0.0033140537802446852,0.0003959104475347525,-0.00038840314039865267
200,19,28,13.717077255249023,1.0121614838249242,0.3176024792354871,0.1710012323220979,-0.25803176684197393,0.005230682706491338,0.06994084215759559,-0.039072634488523016,-0.01217289748960502,0.003047832027195838,0.00042137436505062647,-0.00039113914850271315
200,19,29,13.715463638305664,1.0164454344730136,0.32367555288704936,0.18176226775705334,-0.25811032923696164,0.005044742954150123,0.07040910792790589,-0.03658326877150986,-0.011906394221483752,0.002799970361258708,0.0004479932149613179,-0.00039276358299536544
200,19,30,13.713973045349121,1.0205600669092088,0.3295798979303064,0.19165871526539904,-0.25824523034555347,0.004868583485411885,0.071114368222854,-0.03424072291060055,-0.011619485400116213,0.002569088162673968,0.0004756865040410455,-0.00039330141498228376
200,19,31,13.712547302246094,1.0244415053422946,0.3351030160717761,0.20069755771549277,-0.25825852787155335,0.004702328797670033,0.07199333031035295,-0.03203701117068997,-0.011316605483133207,0.002353855029398872,0.0005043680469988693,-0.00039280986861176535
200,19,32,13.71115493774414,1.0280465923570612,0.3401070915126158,0.2088912010344947,-0.25803760552580374,0.004546052720774143,0.07299157060903635,-0.029964878020756622,-0.01100231814414948,0.0021529753443455773,0.0005339495549545509,-0.0003913726705322473
200,19,33,13.709782600402832,1.0313637422847002,0.3445544686902381,0.21625718401124108,-0.2575787644562449,0.004399777934481928,0.07406331392532826,-0.02801747954163499,-0.010681108352498648,0.001965180926447007,0.0005643436361468178,-0.0003890939243144441
200,19,34,13.708436965942383,1.0344106473359311,0.3484944751868387,0.22281774300055412,-0.25698052863137705,0.004263476451007276,0.07517103056109548,-0.026188236920100753,-0.010357204994927966,0.0017892354400173332,0.0005954687764903763,-0.0003860916723440022
200,19,35,13.707130432128906,1.0372215751610827,0.35202235352209366,0.22859926780363,-0.25639581960019875,0.004137070580116316,0.07628517691720463,-0.024470796915528652,-0.010034473978738887,0.001623944683259763,0.0006272545057437472,-0.00038249255156734465
200,19,36,13.705881118774414,1.0398305213917998,0.3552290933834676,0.23363175754842627,-0.25596589682856147,0.0040204365482376945,0.07738364910526992,-0.022859038836364632,-0.009716342464232827,0.0014681657744342064,0.0006596469348987401,-0.0003784271055494291
200,19,37,13.704707145690918,1.0422559408072047,0.3581580100292238,0.23794820402076824,-0.2557584401384508,0.0039134076350248155,0.07845125863569392,-0.02134709546954225,-0.009405770084787489,0.0013208136434157626,0.0006926133345806909,-0.0003740254090609892
200,19,38,13.703620910644531,1.0444945976240603,0.36078886279927586,0.24158397499545478,-0.25574191758028314,0.003815778757562184,0.07947889351853282,-0.019929374009899074,-0.009105241898712261,0.0011808627464460163,0.0007261468371892446,-0.0003694140365425513
200,19,39,13.702634811401367,1.0465268214242904,0.3630545857054518,0.24457621570468496,-0.2558072130182963,0.0037273091243796054,0.08046261865455591,-0.018600511875853175,-0.008816786596955067,0.0010473443715238561,0.0007602687260984739,-0.0003647132180861414
200,19,40,13.701748847961426,1.0483293894625554,0.3648788609479301,0.24696325030648444,-0.2558217638743329,0.0036477268196585346,0.08140263273040034,-0.017355339501551718,-0.008542001758953756,0.0009193399018825187,0.0007950301061542632,-0.00036003433919942274
200,19,41,13.700961112976074,1.0498902451205305,0.3662177062811265,0.24878405590241368,-0.2556916009646606,0.0035767319397943115,0.08230227478538532,-0.01618884196627421,-0.00828208909335901,0.0007959724871975688,0.0008305100475661038,-0.0003554784719171268
200,19,42,13.700258255004883,1.0512182444544114,0.3670862458263204,0.2500777909672372,-0.2554030293659507,0.0035140004537804526,0.0831670804499855,-0.015096097368928646,-0.008037877931849591,0.0006763993272060598,0.0008668141010205313,-0.00035113465588889795
200,19,43,13.699627876281738,1.0523428273653188,0.3675573340615365,0.2508832875039521,-0.2550236066240877,0.003459188787414999,0.08400407550445434,-0.014072297757467914,-0.007809868692690597,0.000559805425112519,0.0009040694099295212,-0.00034707939833212106
200,19,44,13.69904899597168,1.0533047585178539,0.3677353792974167,0.2512387064347005,-0.2546661782959187,0.00341193840750686,0.08482111359003353,-0.013112751454380496,-0.007598253437821795,0.0004453985964378482,0.0009424199464194324,-0.00034337583020231795
200,19,45,13.698505401611328,1.0541422274870769,0.3677173437718806,0.25118115671704055,-0.2544330589090795,0.0033718808886301983,0.08562648987382515,-0.012212929566504719,-0.0074029505262351485,0.00033240637634287563,0.000982021499838856,-0.0003400739249637854
200,19,46,13.697973251342773,1.0548790209491454,0.36755937046707077,0.25074644142146096,-0.25436754948788937,0.0033386420147827394,0.086428427774979,-0.01136849272817194,-0.00722362986982622,0.00022007341688085052,0.0010230349947690813,-0.00033721074861318116
200,19,47,13.697434425354004,1.0555202509346064,0.36726462703497487,0.24996884008353615,-0.2544364062173485,0.0033118453984960438,0.0872347478202972,-0.010575319007095092,-0.007059744062699392,0.00010765915983496684,0.0010656206752183883,-0.00033481070970311057
200,19,48,13.696874618530273,1.0560574615924774,0.3667977467867367,0.24888089105608102,-0.25455168201170597,0.003291115376123727,0.08805243715652047,-0.009829515531822238,-0.006910558335782329,-5.5639167870793604e-06,0.0011099324125568913,-0.0003328863719187813
200,19,49,13.696281433105469,1.056479628442652,0.36611613218667716,0.24751331895986967,-0.254617069156795,0.003276078696759587,0.08888736255851873,-0.009127408027028378,-0.006775185210203488,-0.00012031123028790498,0.0011561118897108306,-0.00033143939166645225
200,19,50,13.695643424987793,1.0567846613964296,0.3652030067891033,0.24589501654631465,-0.2545761525164483,0.003266366934977787,0.08974400551377494,-0.008465547789987576,-0.006652611515179673,-0.00023728561579109962,0.0012042843321137043,-0.00033046114313239856
200,19,51,13.69495964050293,1.0569855086878546,0.3640853533271126,0.24405295401086527,-0.2544381027982519,0.003261617214654908,0.09062531320740722,-0.007840714597436349,-0.006541732454048165,-0.00035717543829239147,0.0012545525681600153,-0.00032993399965379136
200,19,52,13.694223403930664,1.0571078299433887,0.36282792959741,0.2420122334049685,-0.2542683224318075,0.003261474621710134,0.09153286961343969,-0.007249941123226153,-0.00644137509808198,-0.00048065103541190715,0.0013069959155403493,-0.0003298324275718874
200,19,53,13.693439483642578,1.0571809153914946,0.36150765458992834,0.23979614304803037,-0.25415112078885693,0.003265593169201323,0.0924669782809014,-0.006690550146174765,-0.006350324229686665,-0.000608360506588878,0.0013616657265816837,-0.00033012404883227064
200,19,54,13.692610740661621,1.0572267479591653,0.36018197670694735,0.23742619380205682,-0.25414427332719264,0.003273637968791171,0.09342696036378198,-0.00616018943242697,-0.006267335263998686,-0.000740924867378195,0.001418584893285202,-0.00033077076609098994
200,19,55,13.691742897033691,1.0572531469194224,0.3588683923146306,0.23492222789557604,-0.25425021028432493,0.00328528571329525,0.09441135330766891,-0.005656843944280796,-0.006191161266772986,-0.0008789339922263562,0.001477745743736994,-0.00033172998157954227
200,19,56,13.690842628479004,1.057254275517794,0.35754522211524464,0.23230254588488142,-0.25441800366412565,0.0033002256417780794,0.09541805434565205,-0.005178842816659652,-0.006120557065800651,-0.0010229431543483114,0.001539109670886416,-0.00033295528466973463
200,19,57,13.689916610717773,1.057217941083014,0.3561724641441381,0.22958403361527435,-0.2545736764254,0.0033181590570050905,0.0964444253607156,-0.004724828544360391,-0.006054305094105698,-0.0011734697187071018,0.0016026067613244498,-0.00033439760823277025
200,19,58,13.688972473144531,1.0571353543415498,0.3547204002919469,0.22678232545694801,-0.25466055359526585,0.0033387983603465525,0.09748733151925075,-0.0042937183207702265,-0.005991224200125806,-0.0013309902024402067,0.0016681357952837025,-0.00033600604121590414
200,19,59,13.688015937805176,1.057008211727377,0.35319088831870027,0.22391194940355058,-0.2546682875586635,0.003361867051777574,0.09854326269066742,-0.0038846810736459466,-0.005930187268073754,-0.0014959370290803006,0.0017355652365627823,-0.00033772851620730496
200,19,60,13.687055587768555,1.056849224401775,0.3516194978281827,0.2209864540334281,-0.2546346463463351,0.0033870994886040836,0.09960843279071277,-0.003497103164125916,-0.005870135901571966,-0.0016686963851161312,0.001804735831077784,-0.0003395131533128309
200,19,61,13.686089515686035,1.0566762224627633,0.3500585057440547,0.21801858988282855,-0.25462084443141797,0.003414240402914794,0.1006790226206944,-0.0031306032117333618,-0.00581007807427098,-0.001849604116837627,0.0018754625867110398,-0.0003413091039856336
200,19,62,13.6851224899292,1.0565035797516475,0.34855124350268746,0.21502041826982443,-0.2546757005472956,0.0034430451428552195,0.10175144478299666,-0.0027850222110408496,-0.005749103988174755,-0.002038946465229312,0.0019475407128573723,-0.0003430677386381922
200,19,63,13.68415355682373,1.0563357434284686,0.34711225681859,0.21200347453019625,-0.2548085993847311,0.0034732796726276763,0.10282257548215727,-0.0024604511468724866,-0.005686387248331432,-0.002236959453559126,0.0020207513124892535,-0.0003447437092425551
200,19,64,13.683184623718262,1.0561665282906882,0.34572446803315054,0.20897884056671437,-0.25498641940482597,0.003504720089943248,0.10388984283003948,-0.002157210064887516,-0.005621188974251004,-0.0024438319494343164,0.00209486682674087,-0.0003462960431835298
200,19,65,13.682212829589844,1.0559842816331293,0.34435433708003116,0.20595728994770213,-0.2551548241651324,0.0035371516609257092,0.10495133722729708,-0.0018758252527027038,-0.005552867784776805,-0.0026597105640908583,0.0021696575931571104,-0.0003476890808471308
200,19,66,13.681235313415527,1.055779730071151,0.34297565005870284,0.20294932418167674,-0.25527068077097037,0.003570369061385546,0.10600577824893492,-0.001617002787435489,-0.005480879210740124,-0.0028847052865762918,0.002244900012569664,-0.0003488930694265974
200,19,67,13.680248260498047,1.055551697647223,0.34158719691120887,0.19996526340395135,-0.2553253076191584,0.0036041749291758456,0.1070525477587485,-0.0013815792643695234,-0.005404785679831698,-0.0031188989148818623,0.002320382488643271,-0.00034988485048725556
200,19,68,13.679251670837402,1.055307760300833,0.34021529305006354,0.19701521010199413,-0.2553470727651628,0.0036383801054663163,0.10809166783303081,-0.0011705247038180614,-0.005324248293766366,-0.003362353425018766,0.0023959119861247133,-0.000350648328760742
200,19,69,13.678241729736328,1.055059558479983,0.3388996805893431,0.1941091035273896,-0.25538182974691415,0.0036728045998393587,0.10912388906574452,-0.0009849344845780526,-0.0052390291776645915,-0.003615123689028539,0.0024713219502378162,-0.0003511743783861594
200,19,70,13.677217483520508,1.0548159334648548,0.33767232097130173,0.19125666528387736,-0.25546458009836626,0.0037072771077420285,0.11015071264481496,-0.0008260390092509137,-0.0051489720976548815,-0.0038772633541303597,0.0025464767613431393,-0.0003514611866925078
200,19,71,13.676178932189941,1.0545780643540783,0.33654205294633927,0.18846738119003167,-0.2555994659224454,0.0037416366994041665,0.11117446761915568,-0.0006952386592747937,-0.005053996587419961,-0.004148839785553791,0.0026212751996732902,-0.00035151347287497715
200,19,72,13.675122261047363,1.0543394249005895,0.33549390971816484,0.1857503561806982,-0.2557596476149496,0.0037757328198383977,0.1121981011738848,-0.0005940601556379308,-0.004954089725361434,-0.004429941905401855,0.0026956539100682375,-0.00035134211295956817
200,19,73,13.674052238464355,1.0540902664106528,0.33450292102647633,0.18311424175771238,-0.25590595096997354,0.003809425771388166,0.11322512343959241,-0.0005241619365759244,-0.004849291744637941,-0.004720688766407524,0.0027695871544942186,-0.0003509631397087476
200,19,74,13.672967910766602,1.0538235887389737,0.3335526822074735,0.1805671997152586,-0.2560113376846507,0.0038425874375497913,0.11425930946238487,-0.000487267517728518,-0.004739688985020569,-0.005021236655903385,0.0028430838422706137,-0.00035039680503299957
200,19,75,13.671871185302734,1.0535391417299675,0.3326481052643963,0.17811670262934556,-0.2560773820637834,0.0038751010416984504,0.11530450051724754,-0.0004851432546346658,-0.004625409781475191,-0.005331783015253173,0.0029161865401455675,-0.00034966636112584315
200,19,76,13.670762062072754,1.0532427541508043,0.3318135153842662,0.17576951572048619,-0.25613133639341507,0.003906862836006305,0.11636454891731236,-0.0005195844261240529,-0.004506606843801012,-0.005652568399567546,0.0029889652852686456,-0.0003487970916224353
200,19,77,13.669642448425293,1.0529417698151162,0.33107827163096176,0.17353147920585235,-0.25620745326637984,0.003937781860168481,0.117443064136488,-0.000592398556188395,-0.004383450795831378,-0.005983875497846194,0.003061513625493331,-0.0003478149364698468
200,19,78,13.668513298034668,1.0526399899406853,0.330460690080412,0.17140747202463424,-0.2563261833605948,0.003967781871595218,0.11854349007648553,-0.0007054244539366428,-0.004256113729763086,-0.006326023743759481,0.003133942184868583,-0.0003467458981210452
200,19,79,13.667375564575195,1.0523347384008839,0.32995848546893564,0.16940130301411793,-0.25648219238114733,0.003996801345411869,0.11966895053276717,-0.0008605216762151936,-0.004124764213720644,-0.006679370295506325,0.0032063722291303986,-0.0003456147914169631
200,19,80,13.666231155395508,1.0520183365865485,0.32955323130903785,0.16751563836040365,-0.25665044429632733,0.004024793233184876,0.12082211673678833,-0.0010595408049297278,-0.003989562005647838,-0.00704429533794593,0.003278929231193369,-0.00034444443100984377
200,19,81,13.66507625579834,1.0516825390412274,0.3292243696214184,0.16575198346108536,-0.2568043593386477,0.004051725686743835,0.1220050528219463,-0.0013042856214853463,-0.003850655116580822,-0.007421195713521537,0.0033517349517556794,-0.0003432551313160678
200,19,82,13.66391372680664,1.0513227332920494,0.32896251668037785,0.16411064665061006,-0.2569328715209545,0.004077580610537379,0.12321903921323624,-0.0015964599838581177,-0.0037081815726842634,-0.00781046630496062,0.0034249002623473824,-0.0003420638626865504
200,19,83,13.66274356842041,1.0509396138132645,0.32877470843865386,0.16259073920027767,-0.2570469551233258,0.004102354626729252,0.12446458366539757,-0.0019376132502349304,-0.00356227587605054,-0.008212494156127577,0.0034985194532652425,-0.0003408841576478959
200,19,84,13.661565780639648,1.050537132007546,0.32867789383638013,0.16119015718092064,-0.25717121821111777,0.004126057386280182,0.12574136607218153,-0.00232914958097634,-0.0034130619565551617,-0.008627639854723918,0.0035726645415075768,-0.0003397256421081739
200,19,85,13.660381317138672,1.0501183926725206,0.3286856652057412,0.1599057084241469,-0.25732684511885423,0.004148711568947884,0.12704826054264412,-0.002772288405274466,-0.003260661101019421,-0.009056226753851548,0.0036473825484822195,-0.00033859428538050564
200,19,86,13.659189224243164,1.049682439833184,0.3287980071512147,0.15873309438501934,-0.2575184823383788,0.004170351435642946,0.12838352304963677,-0.0032680815716469923,-0.003105187254447342,-0.00949852578421554,0.0037226920352712114,-0.00033749240018306366
200,19,87,13.657992362976074,1.049223824743747,0.32899984423225126,0.15766710965258035,-0.2577323432392871,0.004191022345880797,0.1297447362390739,-0.0038173796283218426,-0.002946756711224473,-0.00995474467568742,0.0037985801328576712,-0.00033641876765086513
200,19,88,13.65678882598877,1.048735355390871,0.32926978027196274,0.15670166008717232,-0.25794733519413104,0.004210779310137591,0.13112887565881176,-0.004420792725924585,-0.0027854904644994166,-0.010425021588228913,0.0038750040270123594,-0.000335369231141789
200,19,89,13.6555814743042,1.0482116717731378,0.329591387143493,0.15582994419364157,-0.25814930474420267,0.004229684094561997,0.1325323759875278,-0.005078634515015005,-0.0026215253657460775,-0.010909406494592126,0.003951888236001646,-0.00033433669623657617
200,19,90,13.654370307922363,1.047651445220026,0.3299601056514722,0.15504456194526098,-0.25833974977174107,0.004247805220975191,0.13395117518730632,-0.005790893368139542,-0.0024550173551632602,-0.011407866079608985,0.00402912782784173,-0.00033331184955663975
200,19,91,13.653158187866211,1.0470569641923333,0.33038182643870684,0.15433769615693396,-0.2585338936513392,0.004265216036678715,0.1353807917706644,-0.006557222787182104,-0.0022861485098192493,-0.011920271002038732,0.004106591142590671,-0.00033228359630534105
200,19,92,13.651946067810059,1.0464312513425391,0.33086367342642997,0.15370122130911695,-0.258748763330082,0.004281991819166258,0.13681658971606797,-0.007376940821991388,-0.002115124547433938,-0.012446399813999457,0.0041841217721971455,-0.00033123971657990326
200,19,93,13.650735855102539,1.0457750991120198,0.331404748342718,0.1531269211956644,-0.25899120626963373,0.004298209776123653,0.13825386677310383,-0.008249071347841022,-0.0019421746795424803,-0.012985945819973298,0.004261547222338726,-0.00033016733416563583
200,19,94,13.649528503417969,1.0450860364639463,0.33199304992128,0.15260652519846946,-0.2592538247658749,0.004313947115236733,0.13968800899653094,-0.009172373134063461,-0.0017675504368045315,-0.013538519036522204,0.004338679654865163,-0.00032905369785964127
200,19,95,13.648324012756348,1.0443597666345745,0.3326100925267267,0.15213198034727018,-0.2595206312185804,0.00432927863145115,0.14111459008959884,-0.010145325309733038,-0.0015915211170775378,-0.0141036550110089,0.004415326529485428,-0.00032788643149440146
200,19,96,13.647127151489258,1.0435929733158158,0.3332399315677177,0.15169547852563028,-0.2597785115159021,0.004344276706972373,0.14252948178551292,-0.011166171547989497,-0.0014143823019247713,-0.014680827559749383,0.004491289861324424,-0.0003266541277437948
200,19,97,13.645934104919434,1.0427854124550862,0.33387570178715353,0.15128963784414295,-0.2600255703782721,0.00435900841597747,0.1439287655422622,-0.01223292646113744,-0.0012364401451263715,-0.015269462486023308,0.004566377605053309,-0.00032534675441142413
200,19,98,13.644750595092773,1.0419400074729421,0.33451986256061056,0.15090752984641173,-0.26027131477255483,0.004373535042067071,0.14530904161072167,-0.013343395948690075,-0.001058020696787279,-0.01586894051964764,0.004640408109549181,-0.000323956060718944
200,19,99,13.643575668334961,1.0410607548510236,0.33517788442742924,0.15054283367627377,-0.26052858368937076,0.004387911595717333,0.14666727450060113,-0.014495284751314627,-0.0008794500804306067,-0.0164786325918605,0.004713210612857271,-0.00032247560855900903
200,19,100,13.642409324645996,1.0401502169918626,0.33585059366498715,0.1501898270091399,-0.2608035826408532,0.004402186331731902,0.14800102478152197,-0.015686248774373374,-0.0007010532448887044,-0.017097891016600204,0.004784636131359069,-0.0003209012725424466
200,19,101,13.641254425048828,1.0392084257492709,0.3365310652960822,0.14984347673859638,-0.2610918179802849,0.00441639978414584,0.14930839389228448,-0.01691396834088107,-0.0005231422173955276,-0.017726087704962753,0.0048545559748857615,-0.0003192310212276185
200,19,102,13.640111923217773,1.0382337240702837,0.3372074649824942,0.14949943897640508,-0.26138170404708216,0.004430584283677591,0.15058803517901445,-0.018176194701319183,-0.00034601287318703866,-0.01836261122562819,0.004922868676188863,-0.0003174651046381111
200,19,103,13.638981819152832,1.0372249118632233,0.3378697594039976,0.14915404091518308,-0.2616632753390013,0.004444764440277014,0.1518390324755516,-0.019470766312070883,-0.00016994418296493714,-0.019006877583297326,0.00498949603124271,-0.00031560577298620044
200,19,104,13.63786792755127,1.0361829502225723,0.3385149781953896,0.1488042717597423,-0.2619349422667275,0.004458957143125384,0.1530609994467681,-0.020795633253073518,4.809302428401241e-06,-0.019658341976986352,0.005054386563979779,-0.0003136571516610591
200,19,105,13.636765480041504,1.035110909171579,0.33914701818450527,0.14844778272708978,-0.26220343001582375,0.0044731715606353955,0.1542538146730523,-0.022148880482725734,0.00017801559332563825,-0.020316494880595302,0.005117512061555367,-0.0003116249599522221
200,19,106,13.635682106018066,1.0340126970121044,0.33977266661955724,0.14808278729116509,-0.26247870408853374,0.004487410588095267,0.1554176547647484,-0.023528724349651406,0.0003494704286119561,-0.0209808718414869,0.005178867079385409,-0.00030951613601420703
200,19,107,13.634614944458008,1.0328907992927763,0.3403949474148046,0.14770806118284058,-0.2627653498386506,0.004501669882572668,0.15655301643844932,-0.024933599798601342,0.0005189991564921531,-0.021651039762476176,0.005238464981448976,-0.00030733864934882497
200,19,108,13.633566856384277,1.0317457040860432,0.34101128925132035,0.14732282449733866,-0.2630603409326707,0.004515939793106873,0.1576605509447991,-0.02636210920965761,0.0006864552893571589,-0.022326598861546237,0.005296334475552954,-0.00030510109451685236
200,19,109,13.632539749145508,1.030576542936225,0.3416155594823975,0.14692670541959094,-0.26335566828596907,0.0045302063258048225,0.15874107510663954,-0.027813029374705686,0.0008517220188942149,-0.02300717679270095,0.005352519118369867,-0.00030281244111444495
200,19,110,13.631531715393066,1.0293826397834749,0.3422026026177152,0.14651966767495658,-0.2636444232988307,0.0045444511438411305,0.1597953064034937,-0.02928525103467593,0.001014704709078717,-0.023692405129375732,0.0054070659313075475,-0.00030048153372596556
200,19,111,13.630547523498535,1.0281649344699624,0.3427723306184023,0.1461019379799407,-0.2639260557288004,0.004558652050006121,0.16082403958191033,-0.030777720742275798,0.0011753231872660816,-0.024381911525574448,0.005460026390433523,-0.0002981168419003975
200,19,112,13.629586219787598,1.0269259317901034,0.34332947822516274,0.14567395163023314,-0.2642063125526322,0.004572783951801897,0.1618278155110684,-0.03228943388551769,0.0013335145340823086,-0.025075309917290588,0.005511450486928754,-0.00029572642889839657
200,19,113,13.62864875793457,1.0256684951309316,0.34387969520182327,0.145236289020087,-0.264492102370041,0.004586821274182528,0.1628071088312678,-0.033819348644562625,0.0014892234656433587,-0.025772182885065335,0.005561383757314512,-0.000293317514151015
200,19,114,13.627737045288086,1.0243944928315958,0.3444256705016517,0.14478960309303707,-0.26478657379063125,0.004600736029361898,0.1637622065343178,-0.03536644412898801,0.0016424043158458153,-0.02647207381512449,0.005609864808641441,-0.00029089641075380484
200,19,115,13.626850128173828,1.0231042084400765,0.3449651260472283,0.14433460120457925,-0.26508651706674796,0.004614500229553891,0.16469319692539053,-0.03692961340521493,0.0017930172920400773,-0.027174465342505012,0.00565692036886768,-0.00028846852546681844
200,19,116,13.625988006591797,1.0217970970837509,0.34549311749795425,0.1438719997788698,-0.2653853598579543,0.004628085886972395,0.16559999169931383,-0.03850766117101741,0.0019410239231036526,-0.027878787189918094,0.005702567266707611,-0.0002860382024498663
200,19,117,13.625153541564941,1.0204731820318966,0.3460061713399187,0.14340253337738526,-0.2656785779485078,0.004641465013831294,0.16648228178798546,-0.040099296779050254,0.002086383975877904,-0.02858439853030724,0.005746809956820924,-0.0002836090045390522
200,19,118,13.624344825744629,1.0191339879059929,0.3465046940354819,0.14292692749294203,-0.26596684385696484,0.004654610104892509,0.16733955943666598,-0.04170302028780422,0.0022290495817142335,-0.02929058798684827,0.005789640024850428,-0.0002811833694643418
200,19,119,13.623566627502441,1.017782143344941,0.3469919143705073,0.1424458532063953,-0.26625465123004255,0.004667494137465999,0.16817117339471133,-0.04331718059887376,0.002368968466873683,-0.029996565794086237,0.005831037672308612,-0.0002787630786437869
200,19,120,13.622812271118164,1.016420417807711,0.34747100934468583,0.1419599634612798,-0.2665466159905593,0.004680091536505832,0.16897622957225417,-0.044939968480484926,0.00250608174998175,-0.03070148731452466,0.005870972211539838,-0.00027634913217173255
200,19,121,13.622086524963379,1.0150506577960348,0.34794207907986896,0.14146989306380986,-0.26684338008804614,0.0046923781746101845,0.16975383387942725,-0.04656944447338388,0.002640327172427989,-0.03140443736089937,0.005909406025417837,-0.0002739420613482994
200,19,122,13.621389389038086,1.013673533499962,0.3484015407404734,0.1409762677515396,-0.26714087784213986,0.004704329924377234,0.17050298184489815,-0.04820357144770689,0.0027716396857113924,-0.03210445371276775,0.005946294567345712,-0.000271542053691177
200,19,123,13.620719909667969,1.0122895728680845,0.34884520387595874,0.1404797404680038,-0.2674342793468451,0.004715924588597302,0.17122262484474846,-0.049840223904943165,0.0028999543881672966,-0.03280055063309794,0.0059815932907265655,-0.00026914907794741723
200,19,124,13.620078086853027,1.010899901434495,0.34927045684489727,0.13998096415673722,-0.26772080282086075,0.0047271404526087486,0.1719117584076458,-0.051477201930879124,0.003025203147731441,-0.033491707109974234,0.0060152551741525645,-0.00026676300910522693
200,19,125,13.619464874267578,1.0095067515070144,0.3496778036040446,0.13948062803591538,-0.26800176273227416,0.004737957249394043,0.17256932287152524,-0.05311226375246837,0.0031473195943757084,-0.03417689429261786,0.00604723814583775,-0.0002643838159116578
200,19,126,13.618879318237305,1.008113028304999,0.3500696496417562,0.1389794666670149,-0.26828088850217036,0.004748355677031727,0.1731943468794939,-0.05474315364372024,0.0032662402947988903,-0.034855093128828896,0.006077501618882727,-0.0002620116702579255
200,19,127,13.618319511413574,1.0067212725284824,0.35044756140252725,0.13847829622945423,-0.26856071735964815,0.004758316916148376,0.17378595841797753,-0.056367699596309696,0.0033819068081355212,-0.035525319841291245,0.006106017875404982,-0.00025964707219120224
200,19,128,13.617786407470703,1.0053329830957611,0.35081036084209977,0.13797800545193342,-0.2688400876817466,0.004767824077562718,0.17434341793115993,-0.05798382262154019,0.0034942744961366018,-0.03618662984700421,0.006132767116917006,-0.0002572908342881434
200,19,129,13.617280006408691,1.0039487833218137,0.351154819688377,0.13747951933779337,-0.26911511720225434,0.00477686075464151,0.17486603001581105,-0.059589606515065015,0.00360330488767964,-0.03683812951557708,0.006157743403872546,-0.0002549443160519991
200,19,130,13.616800308227539,1.002569433734099,0.3514784338420927,0.13698386264563725,-0.26938265731156674,0.0047854110232995505,0.17535334210792394,-0.061183246696091625,0.003708974195276683,-0.03747900360524991,0.006180952180855667,-0.00025260923639492457
200,19,131,13.61634349822998,1.0011963253598515,0.3517809902403219,0.1364921054773692,-0.26964249402650675,0.004793461372191818,0.17580494579607775,-0.06276311532112162,0.0038112700846747176,-0.03810850742403044,0.006202412751391691,-0.0002502877048909286
200,19,132,13.615912437438965,0.9998313722914427,0.352064234303874,0.13600533607221382,-0.2698968588859204,0.004800998772521327,0.17622057616475625,-0.06432776128395068,0.0039101878571106904,-0.03872597858798873,0.006222158277947197,-0.0002479822999082441
200,19,133,13.61550521850586,0.9984763173081964,0.3523298927192336,0.13552471521867732,-0.27014783058352726,0.004808012125683242,0.17660008971805483,-0.06587591486665004,0.004005740727855688,-0.03933085269898327,0.00624023330711908,-0.0002456959435975352
200,19,134,13.615119934082031,0.997132501413292,0.35257900948531984,0.13505138556794552,-0.2703964790352122,0.00481449178071683,0.176943519570413,-0.06740648308858505,0.004097951016034209,-0.039922643747503324,0.006256696244445495,-0.00024343173000068136
200,19,135,13.614757537841797,0.9958003905320235,0.3528107273114237,0.13458649883986443,-0.2706413674967869,0.004820430016853511,0.1772509098744168,-0.06891859156524799,0.004186852200333003,-0.04050095979039507,0.006271613414859598,-0.0002411930500625707
200,19,136,13.61441707611084,0.9944800494428127,0.3530234078764958,0.13413117954829948,-0.27087989760110187,0.004825820560968809,0.17752252554558245,-0.07041149613961101,0.004272488625328378,-0.04106548335370393,0.006285060547576114,-0.00023898334160751388
200,19,137,13.614096641540527,0.9931717203625966,0.3532163626478075,0.13368644338319355,-0.27111075488006975,0.004830660517774506,0.17775862046127971,-0.07188462008997751,0.004354912271086601,-0.041615983190969125,0.006297121786166958,-0.00023680610496571805
200,19,138,13.613794326782227,0.991876261590904,0.35339076875098246,0.13325326975984883,-0.2713349786805504,0.004834948439626493,0.1779595699184899,-0.07333743785544661,0.004434180403782377,-0.04215229468606608,0.006307882759090611,-0.00023466468420264895
200,19,139,13.613513946533203,0.9905947240542827,0.3535486116891465,0.13283255647562556,-0.27155464769626325,0.004838685774168878,0.1781258044049269,-0.07476953084769011,0.004510353519990004,-0.0426743080949117,0.006317431569616487,-0.0002325623296249275
200,19,140,13.613249778747559,0.9893280011927567,0.35369138355813556,0.13242505622932074,-0.2717712292404221,0.004841876381785954,0.1782577875227441,-0.07618046652543559,0.004583494759338002,-0.04318195678716985,0.006325858300862758,-0.00023050196338321772
200,19,141,13.61300277709961,0.9880764511681495,0.3538194938082033,0.13203141289580894,-0.2719847844510775,0.004844526535602194,0.17835602702668096,-0.07756997513176045,0.004653667848800271,-0.04367523292397745,0.006333250066174465,-0.00022848627323107152
200,19,142,13.612773895263672,0.986839963699062,0.35393162917234494,0.1316520889767606,-0.27219317349645944,0.004846645886578327,0.1784210858622095,-0.07893762877637367,0.004720937983714163,-0.0441541365053345,0.006339691009123523,-0.00022651766564550633
200,19,143,13.612556457519531,0.9856184929488192,0.35402692738160724,0.13128738373796245,-0.2723948984943288,0.004848245533319193,0.1784535380129482,-0.08028310189057558,0.004785368597380887,-0.044618714564419466,0.006345261313584347,-0.0002245980783093154
200,19,144,13.612358093261719,0.9844126909102873,0.3541061184531136,0.130937451346638,-0.27259054025616597,0.004849340434813922,0.17845403472954113,-0.08160593402720519,0.0048470184243386005,-0.04506901021497925,0.006350034233960722,-0.0002227290738699126
200,19,145,13.612171173095703,0.9832234365661227,0.3541705192874478,0.13060231900876787,-0.27278150495713427,0.004849946515147715,0.17842319414819285,-0.08290565078615725,0.004905943849743933,-0.045505097926213094,0.006354079064958933,-0.0002209118711922808
200,19,146,13.611998558044434,0.9820516422101064,0.3542213609200201,0.13028183255712858,-0.27296913763434627,0.004850082593693997,0.17836166751954746,-0.08418171265358657,0.004962199203044678,-0.045927044328457144,0.006357456191965882,-0.00021914717346775627
200,19,147,13.611837387084961,0.9808978995282335,0.35425883382780377,0.12997570179459353,-0.273153438287802,0.004849769420018335,0.17827017232312806,-0.08543352430387087,0.005015834995943652,-0.04633491997147908,0.006360221050746596,-0.00021743548074351141
200,19,148,13.611688613891602,0.9797624786484758,0.3542821882435162,0.12968352770011377,-0.2733332147255152,0.004849029673878441,0.1781494370766043,-0.08666047180746217,0.005066900565452905,-0.046728822841067365,0.006362422642557663,-0.00021577682427249457
200,19,149,13.611549377441406,0.9786457330313462,0.3542908101077129,0.1294048024287178,-0.2735074581696515,0.004847887000128103,0.17800024548837837,-0.0878619040269611,0.00511544231185758,-0.04710883916471584,0.006364104029109415,-0.00021417103216349017
200,19,150,13.611417770385742,0.9775482705631992,0.35428462017748935,0.12913890024285146,-0.2736758934989832,0.004846366973813253,0.1778233812668525,-0.08903710471122837,0.005161506635442822,-0.0474750826059391,0.006365304807376872,-0.0002126176199957999
200,19,151,13.611299514770508,0.976470938218729,0.3542642912498667,0.12888512285567902,-0.27383919323206674,0.0048444951699798235,0.1776197053874544,-0.09018539481697607,0.005205136412421485,-0.04782765898938869,0.0063660576448644245,-0.00021111588457808756
200,19,152,13.611187934875488,0.9754145415385826,0.35423037630370935,0.12864272663706366,-0.27399787704233186,0.004842298611317856,0.17739007882561186,-0.09130609530091627,0.005246380392460237,-0.04816671333403152,0.006366392239303337,-0.00020966501333369785
200,19,153,13.611085891723633,0.9743798840166676,0.3541836320801141,0.12841091354490736,-0.27415267858638553,0.004839804320517393,0.1771354619000712,-0.09239861083742669,0.0052852861505349865,-0.048492386739402954,0.006366339773311436,-0.0002082640061682859
200,19,154,13.610989570617676,0.9733675530839704,0.35412407273755253,0.12818890367443248,-0.2743033533120255,0.004837039320268475,0.17685680389143232,-0.09346229028910798,0.005321903023657783,-0.0488048634187853,0.006365924005073734,-0.0002069118317345585
200,19,155,13.610899925231934,0.9723776617844199,0.3540509774405953,0.12797587177756042,-0.2744486478892149,0.004834030150713109,0.17655516446176012,-0.09449670576566913,0.005356289159021403,-0.049104347182618545,0.006365172652472746,-0.00020560738055285183
200,19,156,13.610820770263672,0.9714105041012306,0.35396416816724796,0.12777101074353292,-0.27458801207549866,0.004830803351993299,0.17623157015868,-0.0955014479807448,0.005388499767091713,-0.04939108103565805,0.00636410947369348,-0.00020434954314350198
200,19,157,13.610742568969727,0.9704665276632157,0.3538641936121433,0.12757354973623258,-0.27472175156112955,0.0048273844991549774,0.1758871358349894,-0.0964762285734867,0.005418599455860685,-0.049665323660385334,0.006362761691656265,-0.00020313719440037095
200,19,158,13.610672950744629,0.9695463477636309,0.3537523174676829,0.12738273605686237,-0.27485105853809383,0.004823798202148004,0.17552299841977895,-0.09742086150463788,0.005446656357392579,-0.049927369014165765,0.006361154054470486,-0.00020196927172321728
200,19,159,13.61060905456543,0.9686502462661536,0.353629143915609,0.127197889555907,-0.27497623869664434,0.004820068588374203,0.17514028380399255,-0.09833526305653272,0.005472740953133184,-0.050177538490385476,0.006359312795132094,-0.00020084469688532537
200,19,160,13.61054801940918,0.9677783314794695,0.35349510495975783,0.12701834822117142,-0.27509732260580644,0.0048162188201393225,0.17474017306930675,-0.09921947043702259,0.005496929010636722,-0.050416192676745984,0.006357266621447977,-0.0001997624541658762
200,19,161,13.610492706298828,0.9669302520195506,0.35334986750227604,0.12684351352108217,-0.27521333205677084,0.004812270612105004,0.17432383625925163,-0.1000737161951787,0.00551930275825661,-0.050643707838674945,0.00635504325130065,-0.000198721559096999
200,19,162,13.610440254211426,0.9661057939800534,0.3531934948746937,0.12667282319870654,-0.275323777945133,0.004808244713836816,0.17389244341735718,-0.1008982421820351,0.005539945599037032,-0.05086049159705234,0.00635266941264825,-0.00019772108971671953
200,19,163,13.610393524169922,0.9653048950733593,0.3530269106482204,0.12650579661505365,-0.27542921051334807,0.004804159944708179,0.17344720873973948,-0.10169346698591995,0.005558944460094458,-0.05106695157275813,0.006350174803222041,-0.00019676007718364119
200,19,164,13.610349655151367,0.9645275718842772,0.3528513199296228,0.1263419803371133,-0.2755305774012,0.004800035124092516,0.17298925811734256,-0.10245983710104997,0.005576388030581505,-0.05126352674212461,0.006347585656017974,-0.00019583763078873809
200,19,165,13.610307693481445,0.9637736778500868,0.3526676899446909,0.12618094813785583,-0.2756284899891945,0.004795886658623067,0.1725197505555499,-0.10319788273930751,0.005592363237614644,-0.05145064040375789,0.006344927214107623,-0.0001949527973170877
200,19,166,13.610269546508789,0.9630427969113593,0.35247646041778924,0.12602233727087306,-0.2757228871392809,0.004791730472385034,0.17203978986901253,-0.10390821783024051,0.005606962294418779,-0.05162873545342179,0.006342226700411314,-0.00019410470168613827
200,19,167,13.610234260559082,0.9623342732408063,0.35227753111580634,0.125865839401718,-0.2758130046258272,0.004787581041819512,0.17155046883423486,-0.10459150281321122,0.005620270366074239,-0.05179824694801705,0.0063395058932653086,-0.00019329234380154487
200,19,168,13.610201835632324,0.9616476059059818,0.3520713404962866,0.12571113712728352,-0.27589881187980797,0.004783452360819558,0.17105282503698882,-0.10524844463739609,0.005632379078460547,-0.05195959818614979,0.00633678558108149,-0.00019251478607485917
200,19,169,13.610173225402832,0.9609823748015133,0.35185842677913753,0.12555797652508385,-0.27598040060829915,0.004779356010538046,0.17054786294860683,-0.10587970374215733,0.005643371834621885,-0.05211321246642615,0.006334083582498619,-0.00019177095027936555
200,19,170,13.610145568847656,0.9603383182396188,0.35163987661003654,0.12540611274129346,-0.27605859617498346,0.004775304054675889,0.1700365428878352,-0.1064859870766714,0.005653329100875526,-0.05225946605427378,0.006331417221193264,-0.00019105983632071915
200,19,171,13.610118865966797,0.9597151080496314,0.35141661646816197,0.12525532812806747,-0.27613400996036663,0.004771306144193815,0.1695198141352738,-0.10706801089207758,0.005662332518229509,-0.05239876265114112,0.0063287978812957444,-0.00019038033471925609
200,19,172,13.610095977783203,0.959112340590001,0.35118924686073144,0.12510544131220175,-0.2762069170856763,0.004767371447504518,0.16899849351376434,-0.10762644492970097,0.005670452568129621,-0.05253144324757199,0.006326234967087628,-0.00018973121098351934
200,19,173,13.610072135925293,0.9585293347745549,0.35095765647732247,0.12495627092049223,-0.27627667560138136,0.004763508650472653,0.16847341992244158,-0.10816197753479231,0.005677764430784701,-0.05265785667297329,0.006323737387888293,-0.00018911137126031923
200,19,174,13.610053062438965,0.9579654024389781,0.3507217606133714,0.12480764464839499,-0.2763427046960014,0.004759724991318767,0.16794539914600068,-0.10867531565652808,0.005684335650913632,-0.05277832432073116,0.006321308608433053,-0.0001885195810581987
200,19,175,13.610033988952637,0.9574202136440646,0.35048209723345325,0.12465943553466717,-0.27640527949076404,0.004756026743167336,0.1674151155495253,-0.10916702671464197,0.00569022672509071,-0.05289312838991634,0.006318950113608473,-0.0001879545590062784
200,19,176,13.610016822814941,0.9568934559190105,0.35023951127709485,0.1245115256867261,-0.2764650419352003,0.0047524192140467585,0.16688328661253854,-0.10963778045045909,0.005695497562544859,-0.05300255107959958,0.006316662893338927,-0.00018741507061310135
200,19,177,13.610000610351562,0.9563848494791157,0.3499946764635258,0.12436381534930956,-0.27652248113371464,0.004748907711985437,0.16635051943309845,-0.11008814428371314,0.005700203961087325,-0.0531068510722624,0.006314444472813477,-0.00018689985013426228
200,19,178,13.6099853515625,0.95589403413187,0.3497482356804537,0.12421625011045628,-0.27657802505266127,0.004745495614819626,0.1658174321474096,-0.11051876004984067,0.005704396432420924,-0.05320626745322864,0.006312292872183372,-0.00018640769433125244
200,19,179,13.60997200012207,0.9554203855514842,0.34949984944903834,0.12406874835222444,-0.2766309094664079,0.004742186300385582,0.16528458770094392,-0.11093016726268684,0.0057081225515215606,-0.05330102754952751,0.006310203636788922,-0.0001859373374596666
200,19,180,13.609960556030273,0.9549633348163362,0.34924963665492637,0.12392128286863342,-0.2766809509608028,0.004738982181423485,0.16475251592473397,-0.11132302636161388,0.005711431068055907,-0.053391350849325135,0.0063081718170082506,-0.00018548760753394432
200,19,181,13.60994815826416,0.9545225119587161,0.34899783384893573,0.1237738355223628,-0.276728149535846,0.004735885188125483,0.1642216914590796,-0.11169783035065274,0.005714361921509908,-0.05347744116306152,0.00630619444306823,-0.00018505741070089587
200,19,182,13.609936714172363,0.9540975785952238,0.34874511903960753,0.1236263972447524,-0.2767730554339927,0.004732895803039611,0.16369259998242727,-0.1120552117632771,0.00571695563871489,-0.05355949054288203,0.006304264585498232,-0.00018464562185438325
200,19,183,13.609928131103516,0.9536882799010347,0.34849225726755084,0.12347904965374404,-0.2768163411737992,0.00473001402616587,0.16316563886805133,-0.11239574732118353,0.005719248635084513,-0.053637687121500494,0.006302379769487319,-0.00018425124090006156
200,19,184,13.609919548034668,0.9532940095146143,0.3482390757639543,0.12333185622995917,-0.2768574870818356,0.004727240340052296,0.16264123860366564,-0.11272002304803147,0.005721279088068578,-0.05371222295106229,0.0063005350454136124,-0.0001838733146230083
200,19,185,13.60991096496582,0.9529142720345812,0.34798570525117856,0.12318488045401921,-0.27689640145102606,0.00472457329705478,0.16211976344810503,-0.11302862496748034,0.005723076364936161,-0.053783270486555096,0.006298728928390549,-0.0001835109523141975
200,19,186,13.609903335571289,0.9525485384203599,0.347732326793107,0.12303822208118642,-0.2769330537123452,0.004722011932077249,0.16160155558391132,-0.11332219491496666,0.005724675706410158,-0.053851006102398125,0.0062969579536828165,-0.00018316334139697403
200,19,187,13.609896659851074,0.9521963504109174,0.3474791970396163,0.12289200807270367,-0.27696750500384376,0.004719554314927556,0.1610869461554798,-0.11360132821611273,0.005726104717723501,-0.05391560225357907,0.006295221131366037,-0.000182829716174105
200,19,188,13.609889030456543,0.9518573777433654,0.34722692396559257,0.12274635632115362,-0.27700027499895147,0.004717198032865521,0.16057624423091274,-0.1138666201965408,0.005727390416763743,-0.0539772313950856,0.0062935169765536494,-0.0001825094203336766
200,19,189,13.609882354736328,0.9515312026862568,0.34697597171601746,0.12260137565045873,-0.27703173052597185,0.004714940190602923,0.16006972576387285,-0.11411870338972456,0.005728559821418435,-0.05403604246531617,0.006291846479170027,-0.00018220179756377498
200,19,190,13.60987663269043,0.9512173889742357,0.3467265644845185,0.12245722022784247,-0.2770619327229555,0.00471277837539958,0.1595676335935834,-0.1143581359134349,0.005729633488775933,-0.05409220791925846,0.006290209144252983,-0.00018190628531133114
200,19,191,13.609871864318848,0.9509152415398368,0.34647845445782977,0.12231400794588752,-0.27709036191647246,0.004710709691967276,0.15907023263556058,-0.11458556890507116,0.00573063549999688,-0.05414587277587938,0.0062886069516512695,-0.00018162235227622432
200,19,192,13.609868049621582,0.950624239674238,0.34623151573891586,0.12217192017779797,-0.27711668184724464,0.004708731245017788,0.15857768846200207,-0.11480151397259002,0.005731583475442723,-0.05419718597357739,0.006287039901364886,-0.00018134951403775626
200,19,193,13.60986328125,0.9503439691520457,0.3459861290701075,0.12203111109079731,-0.27714116763649954,0.004706839656714864,0.15809023287398455,-0.11500656644161374,0.005732495622820291,-0.05424628077302478,0.006285509478280394,-0.0001810873174281769
200,19,194,13.609859466552734,0.9500742695787165,0.3457432070178049,0.12189169857746819,-0.27716479749304646,0.004705031549222247,0.15760805351999868,-0.11520125652402466,0.005733385451073359,-0.05429329827375693,0.006284016672322171,-0.0001808353405326845
200,19,195,13.609855651855469,0.9498147606538674,0.3455029165572015,0.12175380959905349,-0.2771876325549359,0.004703303544703682,0.15713131597224214,-0.11538605861992805,0.005734265294454941,-0.054338348219856905,0.006282562968376778,-0.00018059316143647727
200,19,196,13.609851837158203,0.9495649882399694,0.3452653651227991,0.12161754391081546,-0.27720970339119316,0.004701651782774879,0.15666013061218,-0.11556150294120623,0.005735145725181904,-0.05438154035540778,0.006281148861406406,-0.0001803604363571242
200,19,197,13.609848976135254,0.9493244112263416,0.3450301353637948,0.12148301940533675,-0.27723036805228723,0.004700073850695654,0.1561946298975704,-0.1157280080761874,0.005736035553434973,-0.054422980505061086,0.006279774351411052,-0.00018013674337982348
200,19,198,13.609846115112305,0.9490925541631304,0.3447970378649568,0.12135030863189902,-0.2772492902789399,0.004698565888081715,0.15573494628617146,-0.11588601121712537,0.00573694006532258,-0.05446277449346835,0.006278439438390718,-0.00017992175434861823
200,19,199,13.609844207763672,0.9488691518071453,0.3445664382388744,0.12121947507112368,-0.27726686746847995,0.004697125482192881,0.1552811570450087,-0.1160359402543112,0.005737862197571634,-0.054500988950965716,0.006277144122345403,-0.00017971510985460325
200,19,200,13.609842300415039,0.9486540968843161,0.3443388277772987,0.12109056406631179,-0.27728364986336257,0.00469574877264486,0.15483335047925426,-0.11617810215251885,0.005738805474254424,-0.05453771010504704,0.00627588790831292,-0.00017951645048887332
200,19,201,13.60983943939209,0.9484471995470186,0.3441145668820246,0.12096366630406535,-0.2773000348609164,0.004694433829245505,0.15439157074149412,-0.11631284108437372,0.0057397698953709515,-0.05457299282775384,0.006274668321482328,-0.00017932544809547154
200,19,202,13.60983657836914,0.9482481184189835,0.3438935989273967,0.12083879992170482,-0.27731590018504043,0.004693177274158563,0.1539559171750469,-0.11644050122250117,0.00574075369888507,-0.05460690374942227,0.006273484371929255,-0.00017914177451844098
200,19,203,13.60983657836914,0.9480564331258395,0.3436754821434232,0.12071599212521078,-0.2773306955932794,0.004691976212095813,0.15352640081805913,-0.11656136162578665,0.005741754535415254,-0.0546394899032308,0.0062723340798049474,-0.00017896508597535057
200,19,204,13.609831809997559,0.9478719642405978,0.3434603913211039,0.12059525198324343,-0.27734463506881024,0.004690828230317074,0.15310304374682376,-0.11667568274918991,0.005742769468234595,-0.05467081008065249,0.006271216455185031,-0.0001787950855631917
200,19,205,13.609829902648926,0.947694381248795,0.3432480606703144,0.1204765704271426,-0.27735738235235496,0.0046897313986302,0.15268590115207342,-0.11678371574570785,0.005743796147961567,-0.05470089171770812,0.006270129023258566,-0.00017863147637895568
200,19,206,13.609827995300293,0.9475235139077056,0.343038810445275,0.12035994745690827,-0.2773693348412422,0.004688682821746971,0.1522749951101011,-0.11688576758011446,0.005744829875833119,-0.05472979360587074,0.00626907029913899,-0.0001784739927725822
200,19,207,13.609827995300293,0.9473592949899664,0.3428328390890733,0.12024538307254043,-0.27738076765669956,0.00468768105202328,0.15187030354461376,-0.1169819870838153,0.005745865953086196,-0.054757547100592684,0.006268038302977553,-0.00017832236909401085
200,19,208,13.60982608795166,0.9472014739436213,0.34263022213937966,0.12013285006805847,-0.27739177250580294,0.004686723194170906,0.15147188164634398,-0.11707267191962152,0.005746900268303129,-0.054784183557326234,0.006267032539812066,-0.00017817637094612958
200,19,209,13.60982608795166,0.9470497615726969,0.3424307127810287,0.12002233030614201,-0.27740207426732466,0.004685807317997705,0.1510797183771452,-0.11715803603267862,0.005747928122720865,-0.054809738250955246,0.00626605053483159,-0.00017803574830535214
200,19,210,13.609824180603027,0.9469039304502501,0.34223418685495655,0.11991381471813081,-0.27741155066516365,0.004684931975859566,0.15069379166072447,-0.11723827476420641,0.005748944817576351,-0.0548342503757951,0.006265091793073938,-0.00017790029802751474
200,19,211,13.609823226928711,0.9467637221834869,0.3420405783902634,0.11980729423536467,-0.2774201405612693,0.004684094755016307,0.15031410149708174,-0.11731363926720179,0.005749947416142679,-0.05485775128729809,0.006264155324614734,-0.00017776984822140182
200,19,212,13.609822273254395,0.9466290534147359,0.3418500900321385,0.1197027507205232,-0.27742811907686926,0.004683293725275783,0.14994064788621703,-0.11738429697699602,0.005750930632311416,-0.054880264502053466,0.006263241129453979,-0.00017764418011637545
200,19,213,13.609820365905762,0.9464997988165453,0.34166297681079344,0.11960015696762576,-0.27743585304026686,0.0046825274389938835,0.14957337563739778,-0.11745048044266032,0.005751892116701035,-0.054901840972671215,0.006262348217667296,-0.00017752316870064255
200,19,214,13.609819412231445,0.9463756816983941,0.34147905073896606,0.11949949483935195,-0.27744312846828517,0.004681793483430428,0.1492122957887705,-0.11751241291130303,0.005752828345239247,-0.05492250421574056,0.006261477579179061,-0.00017740667333593582
200,19,215,13.609819412231445,0.9462564835784995,0.3412982369969982,0.11940073712972116,-0.27744988422287364,0.004681090893489341,0.1488573973021887,-0.11757029902610681,0.0057537357938537625,-0.05494228950614535,0.006260629213989275,-0.00017729453775751388
200,19,216,13.609818458557129,0.946141979135351,0.3411203935981102,0.11930387477007319,-0.27745599802793103,0.004680417256430443,0.1485086139487733,-0.11762432482632863,0.005754613875199199,-0.05496123211876944,0.006259802132173562,-0.00017718666820653193
200,19,217,13.609817504882812,0.9460319132045074,0.34094541604929773,0.1192088533484468,-0.27746137817638156,0.004679771607157659,0.1481659457285243,-0.1176747228610397,0.005755461414584795,-0.05497936340906511,0.006258998313580673,-0.0001770829240447227
200,19,218,13.609816551208496,0.9459263132732882,0.34077379170179206,0.119115672864842,-0.2774666666177562,0.004679152015478844,0.14782933745070917,-0.1177216512636084,0.005756273713247497,-0.05499671081305315,0.0062582172632484195,-0.00017698321151324133
200,19,219,13.609816551208496,0.94582488901904,0.3406053190139487,0.11902430611327816,-0.277471649368878,0.004678557516297924,0.14749876703903486,-0.11776534258310598,0.00575705253322345,-0.05501331352504893,0.006257459971101178,-0.00017688742122676885
200,19,220,13.60981559753418,0.9457275017812939,0.34044000057151563,0.11893471681911447,-0.2774763875677975,0.004677986179422756,0.14717417930276885,-0.11780594565093797,0.005757795525131127,-0.05502919506164168,0.006256727427063322,-0.00017679545942646046
200,19,221,13.609814643859863,0.945633798434762,0.3402773877595071,0.11884688684503053,-0.27748036154108485,0.004677437039757264,0.1468555521656181,-0.11784366511028704,0.0057585038636612925,-0.055044386778283716,0.006256017651286103,-0.00017670721672699715
200,19,222,13.609814643859863,0.945543724823072,0.3401176936312474,0.1187607799163855,-0.2774839075480181,0.00467690864965734,0.14654279732241057,-0.11787864049059595,0.005759174612087038,-0.05505891219156425,0.006255332128656084,-0.00017662255249011172
200,19,223,13.60981273651123,0.9454571936412003,0.3399611601281424,0.11867635975853857,-0.2774873618478756,0.00467640004402691,0.1462358926968532,-0.1179110578311216,0.005759807183062982,-0.05507279089864099,0.0062546693742867,-0.00017654138858343342
200,19,224,13.60981273651123,0.9453740485210778,0.33980764429727905,0.11859360823416935,-0.277490602164556,0.004675909775221867,0.14593477206006694,-0.1179410287554182,0.005760402751279887,-0.055086050335534695,0.0062540308730645155,-0.00017646361562164328
200,19,225,13.60981273651123,0.9452940848617302,0.3396570137271109,0.1185124981372972,-0.2774935062219583,0.004675436878146136,0.14563940229761227,-0.11796872069881703,0.00576096014204699,-0.055098714018834594,0.0062534151401029674,-0.00017638909296647409
200,19,226,13.60981273651123,0.945217206677655,0.3395093174661765,0.1184329931932813,-0.27749619629618355,0.004674980870251681,0.14534971718061013,-0.11799425458683509,0.005761479355364292,-0.05511079762626684,0.006252821680439867,-0.00017631778936497754
200,19,227,13.609811782836914,0.9451432609881711,0.33936451841479276,0.11835506619614104,-0.2774986723872318,0.004674540303894393,0.14506567255647446,-0.11801777925087796,0.005761960978577174,-0.05512232075498912,0.006252249999113028,-0.0001762495016729898
200,19,228,13.609810829162598,0.9450720442470625,0.3392223418764091,0.11827868993989582,-0.27750065937387547,0.004674114213978198,0.14478719115817973,-0.11803940631449981,0.005762404424340254,-0.055133310841022215,0.006251699601160261,-0.0001761841673846144
200,19,229,13.609810829162598,0.9450035085081897,0.3390828981108432,0.11820383721856502,-0.27750234067026625,0.004673702600503098,0.14451422883313988,-0.11805922879732914,0.005762810279998914,-0.05514376788436611,0.006251168506732816,-0.000176121645861584
200,19,230,13.609810829162598,0.9449375717104067,0.33894629920789476,0.11813045362018738,-0.27750393025958114,0.004673304498373018,0.1442466972761828,-0.11807737692684579,0.005763179132898536,-0.05515371932104158,0.006250656220868505,-0.0001760618120921055
200,19,231,13.609810829162598,0.9448742231090369,0.33881268683861154,0.11805852100744255,-0.27750564212499723,0.0046729189424918865,0.14398455233472252,-0.11809391581678973,0.005763511570384501,-0.055163176909343234,0.006250162248605141,-0.00017600457231733413
200,19,232,13.609810829162598,0.9448132701390767,0.3386818652032724,0.11798803938033046,-0.27750729285236275,0.004672545450311666,0.14372770570358692,-0.11810897569464082,0.005763807592456809,-0.05517215240756569,0.006249685600018348,-0.00017594983277842497
200,19,233,13.609808921813965,0.9447545633111826,0.33855361310040283,0.11791898153287056,-0.2775086378894754,0.00467218353928432,0.1434761463446295,-0.11812263097610184,0.005764068961151604,-0.05518066541286665,0.006249223800297186,-0.0001758974372106367
200,19,234,13.609808921813965,0.9446979462972547,0.3384277384391921,0.1178513202590822,-0.2775095243912087,0.004671832726861814,0.1432297528382386,-0.11813497468080128,0.005764296851159651,-0.055188739441835326,0.0062487783343282205,-0.0001758473231080727
200,19,235,13.609808921813965,0.9446433453410233,0.3383042794484343,0.11778502835298475,-0.2775100440646386,0.004671492047948073,0.14298848103182826,-0.11814609982836763,0.005764493024517093,-0.055196378413903256,0.006248347717224887,-0.00017579939671188822
200,19,236,13.609808921813965,0.9445908315684307,0.33818372762824594,0.11772006953993744,-0.27751083885929606,0.004671161019995061,0.14275228677281243,-0.11815611804235504,0.005764659243260075,-0.05520361368452276,0.006247931454024997,-0.00017575356426323833
200,19,237,13.609808921813965,0.9445402719371848,0.3380657620283104,0.11765644381994023,-0.2775115725159029,0.004670839643002779,0.142521081756019,-0.11816504792668922,0.005764795507388598,-0.05521044917312537,0.0062475290497663654,-0.00017570971637680412
200,19,238,13.609808921813965,0.9444915102943412,0.3379503121912863,0.11759414212433293,-0.2775121838964087,0.004670526951875152,0.14229483286700845,-0.1181730290108129,0.005764904753629569,-0.05521691623516339,0.0062471395145246135,-0.00017566779054668902
200,19,239,13.609808921813965,0.9444444173180973,0.33783711555584717,0.11753315538445533,-0.27751242844861096,0.0046702224640641455,0.14207341868616916,-0.11818009850257746,0.005764989918709895,-0.05522301879006835,0.006246761858375368,-0.00017562767738757404
200,19,240,13.609807968139648,0.944398938780223,0.3377262649831771,0.11747345639432683,-0.27751245901763627,0.004669926179569759,0.14185679506091511,-0.1181863494216114,0.005765052177320341,-0.055228776434997955,0.006246397566205192,-0.0001755893456465109
200,19,241,13.609807014465332,0.9443550838206921,0.3376179577883408,0.1174150360852872,-0.2775125507247121,0.004669637615843956,0.14164490680051375,-0.11819184688165463,0.005765091529460906,-0.0552342205254045,0.006246044658165333,-0.0001755526546852324
200,19,242,13.609807014465332,0.9443127583728285,0.33751205415227226,0.11735788538867625,-0.2775125812937374,0.004669356772886736,0.14143768767608603,-0.1181966373925214,0.005765110911858498,-0.055239343222424915,0.006245703629217981,-0.0001755175732507902
200,19,243,13.609807014465332,0.9442718602082024,0.33740851277606515,0.11730199523583378,-0.2775125507247121,0.004669083168150063,0.14123504938245984,-0.1182008139738402,0.005765113261240024,-0.055244179800943045,0.0062453739844009456,-0.00017548403883728774
200,19,244,13.609807014465332,0.9442324590187564,0.3373075061116459,0.11724733842077915,-0.27751270356983854,0.004668816801633937,0.1410369588051957,-0.11820436732364818,0.005765097990260103,-0.05524873809982196,0.006245055723714229,-0.00017545195768588025
200,19,245,13.609807968139648,0.9441943031395973,0.3372086961068607,0.11719392401217262,-0.2775126730008133,0.004668557190790321,0.1408433276391215,-0.11820743697138805,0.005765069797681788,-0.055253041635650896,0.006244747857233455,-0.00017542131417009355
200,19,246,13.609807014465332,0.9441573566809525,0.3371119594130919,0.1171417066667131,-0.2775123673105604,0.00466830385307118,0.14065408965535817,-0.11821001361509698,0.005765026334123552,-0.05525710216672446,0.0062444503849586235,-0.00017539198327813453
200,19,247,13.609807014465332,0.9441215926864776,0.337017416618362,0.11709068638440062,-0.2775119699132317,0.004668056788476512,0.14046917862502667,-0.11821217167047775,0.005764974060384593,-0.05526093929020035,0.00624416429681411,-0.00017536394938352903
200,19,248,13.609807014465332,0.9440870916680341,0.3369253191453809,0.117040854096575,-0.27751181706810524,0.004667815997006318,0.14028855039554095,-0.11821392043949319,0.005764909452392621,-0.055264564764373185,0.006243887117988975,-0.00017533711872743228
200,19,249,13.609807014465332,0.9440537357624778,0.33683538696182364,0.11699217352859537,-0.2775116336539535,0.004667580996112562,0.14011211666172893,-0.11821527852606901,0.005764836621565308,-0.05526798642810602,0.006243620333369783,-0.0001753114444304218
200,19,250,13.609807014465332,0.9440213521872229,0.33674733195650086,0.11694464468046177,-0.27751111398052364,0.004667351785795243,0.13993980015656507,-0.118216320345908,0.005764756742593415,-0.05527121212026195,0.006243362458069971,-0.00017528686398660104
200,19,251,13.609806060791016,0.9439900573072919,0.3366615059730433,0.11689824941485377,-0.27751071658319487,0.004667128366054363,0.1397715567274633,-0.118217055200973,0.005764669228131562,-0.055274265357430206,0.006243112997127351,-0.0001752633305165476
200,19,252,13.6098051071167,0.9439597921661855,0.3365777694364094,0.11685297866311117,-0.27751031918586616,0.004666910736889919,0.13960730910739808,-0.11821749239322686,0.005764575252870512,-0.05527715397847385,0.0062428724455041084,-0.00017524075026141667
200,19,253,13.609806060791016,0.943930542146618,0.33649625323316945,0.11680880521925337,-0.2775101357717144,0.004666698415753876,0.1394469800293438,-0.11821769703640952,0.005764475991501028,-0.055279881902824436,0.0062426388233514955,-0.00017521913884768232
200,19,254,13.609806060791016,0.9439022022478856,0.33641661536622086,0.11676572908328034,-0.277509768943411,0.004666491885194271,0.139290536378861,-0.11821765052659527,0.0057643743807500175,-0.05528247264707118,0.006242414110518262,-0.00017519838689002566
200,19,255,13.6098051071167,0.9438747131913663,0.3363388856591447,0.11672371398055127,-0.2775093104080317,0.004666290662663068,0.13913791192707053,-0.11821742727948692,0.005764269833272099,-0.055284918372351013,0.0062421958321934685,-0.00017517847876197249
200,19,256,13.609806060791016,0.9438480720403808,0.336262959413095,0.11668274177374578,-0.27750869902752595,0.004666094748160265,0.13898899629250736,-0.11821699008723306,0.005764162936412655,-0.055287230836958544,0.006241984483339303,-0.00017515935195762627
200,19,257,13.6098051071167,0.9438223244334372,0.33618903896769475,0.11664279432554343,-0.27750820992312136,0.004665904141685863,0.13884374532258542,-0.11821636685572225,0.005764053102826302,-0.05528943355748301,0.006241780063955767,-0.00017514099085051287
200,19,258,13.609806060791016,0.9437974069974783,0.33611706950795495,0.11660385349862382,-0.2775078125257926,0.004665718843239862,0.13870211486471867,-0.1182156040947687,0.005763942094549186,-0.055291518695061326,0.006241582079080671,-0.00017512328605531332
200,19,259,13.6098051071167,0.9437732827595882,0.3360468750400431,0.11656591022432673,-0.2775073539904133,0.004665538852822262,0.13856399453744206,-0.11821467389848389,0.00576383049892669,-0.05529350192741965,0.006241389043827452,-0.00017510626882497588
200,19,260,13.6098051071167,0.9437498717218872,0.33597828059796453,0.11652894636533177,-0.2775066509028317,0.004665363687885027,0.138429351226316,-0.1182135948707935,0.005763718315958811,-0.05529538325455798,0.006241201948120487,-0.00017508984540065572
200,19,261,13.6098051071167,0.9437272346318949,0.3359115553735148,0.11649294378431853,-0.27750607009135125,0.004665193830976193,0.13829811870246148,-0.11821240421954894,0.005763605545645551,-0.05529718227363402,0.006241020791959774,-0.00017507403140882698
200,19,262,13.6098051071167,0.9437053504714851,0.33584669008755785,0.11645785713798598,-0.27750567269402254,0.004665028799547724,0.13817019762255986,-0.11821112054867591,0.005763493362677672,-0.055298898984647744,0.006240844090458751,-0.00017505873309064485
200,19,263,13.6098051071167,0.9436842123884143,0.3357835931074385,0.11642367735767391,-0.27750536700376965,0.004664868111051582,0.13804556591031816,-0.11820971595228584,0.005763382354400557,-0.05530052946816763,0.006240672338579605,-0.0001750439973255317
200,19,264,13.6098051071167,0.9436636789167412,0.33572194096684055,0.11639038630606191,-0.2775048167613145,0.004664712248035806,0.13792412422241776,-0.1182082183362673,0.005763272520814205,-0.055302101160214445,0.006240506031284524,-0.00017502973035464272
200,19,265,13.6098051071167,0.9436436643244828,0.3356616154925187,0.11635797491448979,-0.2775038996905559,0.004664560727952357,0.1378058504825657,-0.11820667421043451,0.005763164449263997,-0.05530360230249357,0.006240344178649134,-0.00017501596343092623
200,19,266,13.6098051071167,0.9436243552335869,0.33560301985452495,0.11632641597697692,-0.277503166033949,0.004664414033349273,0.13769064534744332,-0.11820503706497325,0.005763056377713789,-0.05530504073386809,0.006240186780673432,-0.0001750026340484856
200,19,267,13.6098051071167,0.9436057579790185,0.3355462459638659,0.1162956822875427,-0.27750276863662027,0.004664271681678518,0.13757845362631813,-0.11820333480577204,0.005762951830235871,-0.055306416454337995,0.006240033837357421,-0.00017498974220732087
200,19,268,13.6098051071167,0.9435878609017007,0.3354911885090155,0.1162657647775269,-0.2775026157914938,0.004664134155488126,0.13746920909031102,-0.11820153952694236,0.005762847282757953,-0.05530774906106098,0.006239884358776723,-0.0001749772410280096
200,19,269,13.6098051071167,0.9435704176643945,0.3354373508886468,0.11623664530960914,-0.2775021572561145,0.004664000972230063,0.13736283447239647,-0.11819972564418697,0.005762745672006943,-0.05530903071517397,0.006239739829817903,-0.00017496513051055184
200,19,270,13.6098051071167,0.9435534048997287,0.335384667878577,0.1162083238837894,-0.27750133189243176,0.004663872131904328,0.1372592966581349,-0.1181978931575059,0.00576264699798284,-0.055310269255540036,0.006239598765594398,-0.00017495337940199926
200,19,271,13.6098051071167,0.9435369693047052,0.33533352826192747,0.11618076422542686,-0.27750065937387547,0.0046637476345109214,0.1371585294186473,-0.11819603276493627,0.005762551848031027,-0.055311468601590724,0.006239462156030581,-0.00017494200332882602
200,19,272,13.6098051071167,0.943521079667051,0.3352839426829171,0.11615395726586134,-0.27750020083849614,0.004663627480049843,0.1370604444487616,-0.1181941816743295,0.0057624590474607395,-0.05531263659218911,0.006239329506164267,-0.00017493097103808385
200,19,273,13.609804153442383,0.9435057464907257,0.335235843422595,0.11612788486777241,-0.27749989514824325,0.004663511185973056,0.13696501967218472,-0.11819230267783418,0.005762369770962742,-0.05531377322733518,0.00623920180591983,-0.00017492029815624686
200,19,274,13.6098051071167,0.9434908406534697,0.3351889654761661,0.11610254703116006,-0.2774994671818892,0.004663398752280561,0.13687216678374461,-0.11819043298330172,0.005762284018537033,-0.05531488242646049,0.006239078065372895,-0.00017490992217741852
200,19,275,13.6098051071167,0.9434764167472787,0.335143438508686,0.1160779165500437,-0.2774991003535858,0.004663290178972357,0.13678186370714826,-0.11818856328876924,0.0057622017901836145,-0.05531595243127042,0.006238956304674711,-0.00017489984310159882
200,19,276,13.6098051071167,0.9434623792028901,0.33509904287007625,0.11605395714978249,-0.2774985806801559,0.004663184983500409,0.1366940331753701,-0.11818671219816247,0.005762123673247867,-0.05531700283892265,0.006238839493598405,-0.00017489006092878779
200,19,277,13.6098051071167,0.9434487163942905,0.33505569728473206,0.11603066883037644,-0.277497847023549,0.0046630836484127525,0.13660860895953106,-0.11818486110755569,0.005762047905693645,-0.05531802189112258,0.006238726147257412,-0.00017488057565898536
200,19,278,13.609804153442383,0.9434354887467092,0.3350135967409709,0.11600803345450514,-0.2774971745049927,0.004662985691161351,0.1365255248307521,-0.11818301931891177,0.005761975662211713,-0.05531902134616482,0.006238615275727359,-0.00017487134041276918
200,19,279,13.6098051071167,0.9434227206231752,0.3349728592261644,0.11598602381618799,-0.2774967465386387,0.004662890629198168,0.13644472559830065,-0.11818120543615639,0.005761905180765925,-0.05531999728461783,0.006238508363894807,-0.00017486237081661336
200,19,280,13.6098051071167,0.9434103935653948,0.33493335974471616,0.11596463084676474,-0.2774964408483858,0.00466279894507124,0.13636616710959068,-0.118179391553401,0.0057618388107378085,-0.05532094186761854,0.006238403431911006,-0.0001748536356175696
200,19,281,13.6098051071167,0.9433984179747195,0.334894944237854,0.11594383640891504,-0.2774961045891077,0.004662710156232532,0.13628979417388967,-0.11817761487849701,0.005761774790091218,-0.055321870772893085,0.006238301964662519,-0.00017484513481563798
200,19,282,13.6098051071167,0.9433867650490029,0.3348574339135675,0.11592362236531843,-0.2774955543466525,0.004662624262682042,0.13621556263861154,-0.11817583820359302,0.005761712531480773,-0.05532277616157841,0.0062382029722249715,-0.0001748368684108184
200,19,283,13.6098051071167,0.9433754038776841,0.33482083992338846,0.11590397057865452,-0.2774948512590709,0.004662540781871734,0.13614339523673072,-0.11817409873654043,0.005761654384287998,-0.05532365411424296,0.006238106949560549,-0.0001748288207766368
200,19,284,13.6098051071167,0.943364490946218,0.33478557900694295,0.11588488104892332,-0.2774945149997927,0.004662460196349645,0.1360732588538077,-0.11817238717537638,0.005761597999131368,-0.05532450855031829,0.006238012906744879,-0.00017482094503367069
200,19,285,13.609804153442383,0.9433539791418561,0.33475151875286335,0.11586635377612481,-0.2774944232927169,0.0046623820235677385,0.1360050762228169,-0.11817070352010087,0.005761543376010882,-0.055325347308667464,0.006237920843777959,-0.00017481330368781668
200,19,286,13.6098051071167,0.943343745804754,0.3347183383020692,0.1158483615542784,-0.2774942093095399,0.004662306263526014,0.13593883630561185,-0.11816905707267676,0.005761491102271923,-0.05532615863099587,0.0062378312556219786,-0.00017480583423317822
200,19,287,13.609803199768066,0.9433336820558066,0.33468578002622446,0.11583087717740345,-0.2774935979290341,0.004662232916224473,0.13587448391145993,-0.11816746643702973,0.005761442939950635,-0.0553269621144612,0.006237744637239124,-0.0001747985835491777
200,19,288,13.6098051071167,0.9433239183981365,0.33465413842133146,0.11581390064549998,-0.2774929865485284,0.0046621619816631125,0.13581194177333564,-0.11816590370727124,0.005761394777629347,-0.0553277420813373,0.00623765999870502,-0.0001747915047563927
200,19,289,13.6098051071167,0.9433145395222169,0.33462367698023415,0.11579741382124757,-0.2774927114273008,0.004662093459841935,0.1357511878149459,-0.11816437818536416,0.0057613501393803486,-0.05532850245105571,0.006237577340019668,-0.00017478461348129738
200,19,290,13.609803199768066,0.9433054932418556,0.33459429787671363,0.11578140763598602,-0.2774926808582755,0.004662026868212904,0.13569217788370475,-0.11816290847523415,0.005761308437858257,-0.055329243223616424,0.0062374971561452545,-0.00017477790972389171
200,19,291,13.609803199768066,0.9432966185754159,0.3345655229696115,0.11576587302105511,-0.27749234459899735,0.004661962206776019,0.13563486782702605,-0.11816148527491839,0.005761269085717693,-0.05532996439901945,0.006237418952119591,-0.00017477139348417571
200,19,292,13.609803199768066,0.9432878938715699,0.33453724228992104,0.11575079183913445,-0.2774916109423905,0.004661898992983242,0.13557919141603084,-0.11816008998049118,0.005761231495613272,-0.05533066597726479,0.006237343222904867,-0.00017476503350920112
200,19,293,13.609804153442383,0.9432794925498674,0.33451001856320123,0.11573615502156383,-0.2774911829760365,0.004661837709382612,0.13552510449813301,-0.11815875049784105,0.005761194492854234,-0.05533135579721551,0.0062372689785767065,-0.00017475884542544207
200,19,294,13.609804153442383,0.9432714435087446,0.3344839825676337,0.11572196256834323,-0.27749121354506173,0.004661778355974127,0.1354726181114791,-0.1181574854308937,0.005761161014167485,-0.055332033858871615,0.006237197704021672,-0.00017475284485937264
200,19,295,13.6098051071167,0.9432636276960042,0.3344586516198823,0.11570818727349208,-0.2774911829760365,0.004661720450209752,0.13542163291275053,-0.11815623896787206,0.005761128710171499,-0.055332692323370035,0.006237128409315388,-0.00017474700055804463
200,19,296,13.609804153442383,0.9432559353637237,0.334433789907919,0.11569482006835013,-0.277490816147733,0.004661663992089486,0.13537213786380076,-0.11815503901466466,0.005761097580866276,-0.055333335110142295,0.006237061094457855,-0.00017474132814793215
200,19,297,13.609804153442383,0.9432484231796997,0.3344095818972748,0.11568186095291741,-0.2774903576123537,0.004661608981613329,0.13532408881204377,-0.11815389487323434,0.0057610682135971975,-0.05533396221918841,0.0062369957594490735,-0.00017473579637608693
200,19,298,13.609804153442383,0.9432412146468594,0.3343862534630444,0.11566928272121328,-0.2774901130601514,0.004661555901329319,0.13527744160489352,-0.11815276003376687,0.005761040608364265,-0.05533457365050837,0.006236932404289043,-0.00017473042086898309
200,19,299,13.6098051071167,0.9432341833238739,0.3343636443222681,0.11565707630457756,-0.2774898990769744,0.004661504268689417,0.1352321852042035,-0.11815170891196504,0.005761014177822094,-0.05533516940410217,0.006236870534015575,-0.00017472520162662065
200,19,300,13.6098051071167,0.9432273861500473,0.3343417189681264,0.11564523263435002,-0.27748971566282266,0.004661454083693626,0.13518824234294816,-0.11815066709212604,0.005760988334625306,-0.05533574556053829,0.006236809653666483,-0.0001747200917695772
200,19,301,13.609804153442383,0.9432207508282714,0.3343203716932059,0.11563375171053068,-0.2774894405415951,0.004661405346341943,0.13514560198298095,-0.1181496717821013,0.005760963078773898,-0.055336306039248245,0.006236750753166142,-0.00017471513817727508
200,19,302,13.609804153442383,0.9432142811436248,0.33429966235391106,0.11562262446445934,-0.2774891654203675,0.00466135805663437,0.13510423100986235,-0.11814874158581648,0.005760939584958636,-0.055336854759663594,0.00623669432747674,-0.0001747103408497144
200,19,303,13.6098051071167,0.943208076250697,0.334279723600462,0.11561185089613599,-0.2774890737132916,0.004661312214570906,0.13506408527100636,-0.11814782069149453,0.00576091491645261,-0.05533738388292125,0.006236638891711713,-0.00017470566853394683
200,19,304,13.609804153442383,0.9432020224907335,0.33426038208242614,0.11560140379957999,-0.2774889820062158,0.004661267820151552,0.1350251316519734,-0.11814696491091249,0.005760893184673492,-0.05533790516731583,0.006236585435795437,-0.00017470113685644648
200,19,305,13.609804153442383,0.9431960582963748,0.3342413905327014,0.11559127410613118,-0.27748861517791235,0.004661224873376307,0.134987337038324,-0.11814614633818186,0.005760871452894374,-0.05533840685455272,0.006236533464765725,-0.00017469673019073926
200,19,306,13.609803199768066,0.9431902470436435,0.33422287876921974,0.11558143460980892,-0.277488156642533,0.0046611833742451715,0.13495066831561858,-0.11814534636937693,0.005760851483151401,-0.05533889286406345,0.006236482978622575,-0.00017469243291035104
200,19,307,13.6098051071167,0.9431846215346152,0.33420506216092316,0.11557187624195302,-0.27748788152130544,0.004661143322758145,0.13491510340756413,-0.11814461151431192,0.005760831513408428,-0.0553393592764165,0.006236432987441614,-0.0001746882606417559
200,19,308,13.609803199768066,0.943179235267209,0.3341878954289428,0.11556258993390325,-0.2774877592452043,0.004661104718915229,0.13488059816157463,-0.11814386735728408,0.005760811543665455,-0.05533981393047493,0.006236384976109403,-0.0001746842133849539
200,19,309,13.609803199768066,0.943174004116662,0.3341713130346997,0.11555355754833922,-0.277487728676179,0.004661067080168385,0.13484713050135702,-0.11814317901203332,0.005760792748613245,-0.055340260745670285,0.006236338449663755,-0.0001746802598869967
200,19,310,13.609804153442383,0.9431688699975856,0.3341550283891628,0.11554478815392114,-0.2774874535549514,0.00466103088906565,0.13481467835061833,-0.1181424999687454,0.005760773366215653,-0.05534069188313948,0.006236292913142483,-0.00017467643140083264
200,19,311,13.6098051071167,0.943163829955741,0.3341391313913818,0.11553626361332858,-0.2774870561576227,0.004660996145607024,0.13478323067121203,-0.11814186743527173,0.00576075339647268,-0.05534110342345099,0.006236248366545586,-0.00017467271229998753
200,19,312,13.609804153442383,0.9431590093180036,0.3341238776378126,0.11552797485790135,-0.277486872743471,0.004660962367244473,0.13475273227240556,-0.1181412442037609,0.005760734014075088,-0.05534150712489943,0.006236205304835253,-0.00017466908695798727
200,19,313,13.609804153442383,0.9431544261016502,0.33410936719391526,0.11551992188763945,-0.2774870255885974,0.004660930036526029,0.13472318315419893,-0.11814064887813863,0.005760715219022878,-0.05534189514862171,0.006236163728011483,-0.0001746655866277801
200,19,314,13.609804153442383,0.9431499058414964,0.33409513216314135,0.11551210470254286,-0.2774869644505468,0.00466089867090366,0.13469455020215262,-0.11814009076036774,0.005760698773352195,-0.05534228317234399,0.006236124131036464,-0.00017466222693584023
200,19,315,13.609804153442383,0.9431454044071155,0.3340810725476021,0.11550451423395142,-0.27748659762224337,0.004660868270377363,0.13466678926368056,-0.11813957915241109,0.005760681152990748,-0.05534265551834012,0.00623608552398582,-0.000174658945376271
200,19,316,13.609804153442383,0.9431410551128206,0.3340674910775711,0.11549714141320487,-0.27748629193199054,0.004660838834947139,0.1346399003387828,-0.11813908614838015,0.005760665294665446,-0.05534302002547317,0.006236049391746115,-0.00017465578882849492
200,19,317,13.609803199768066,0.9431368875970793,0.3340544960398815,0.11548998624030324,-0.27748620022491466,0.004660810364612988,0.13461383927487325,-0.11813862105023774,0.005760649436340143,-0.05534337277431161,0.006236013754468598,-0.0001746527416660378
200,19,318,13.609804153442383,0.9431328960210009,0.3340420955677138,0.11548304871524653,-0.2774863530700411,0.004660782859374909,0.13458856191936588,-0.11813819315994672,0.005760634165360223,-0.05534371768428697,0.006235979107115456,-0.00017464975700947724
200,19,319,13.6098051071167,0.9431289801389463,0.3340298838677919,0.11547631976937454,-0.2774862613629652,0.004660755836684867,0.13456407931040726,-0.11813775596769287,0.00576061830703492,-0.05534405083596771,0.0062359454496866895,-0.00017464688173823566
200,19,320,13.609804153442383,0.9431251117096714,0.33401790401043513,0.11546979940268726,-0.27748598624173765,0.004660729296542862,0.1345403693717043,-0.1181373559832904,0.005760603623400381,-0.055344380068216924,0.006235913277144486,-0.00017464410022583892
200,19,321,13.609804153442383,0.9431213896758422,0.33400638628069623,0.11546347854652447,-0.2774858333966112,0.004660703238948893,0.13451738795067097,-0.11813697460281362,0.005760589527111224,-0.05534468970330844,0.0062358825894888465,-0.00017464139684581284
200,19,322,13.609804153442383,0.9431178660679195,0.33399537942287516,0.11545735720088621,-0.2774858639656365,0.004660678146450998,0.13449512400916078,-0.11813657461841116,0.005760572494095158,-0.055344995418968417,0.006235851901833207,-0.00017463875597168336
200,19,323,13.609804153442383,0.9431144220568406,0.3339846707124868,0.11545142629711223,-0.2774858333966112,0.004660653536501138,0.13447356650902723,-0.11813620253989723,0.005760556635769856,-0.055345285456902246,0.006235822204101942,-0.00017463619322992453
200,19,324,13.609803199768066,0.943111027322081,0.3339741254296318,0.11544568583520257,-0.27748558884440894,0.004660629409099315,0.13445269337397725,-0.11813583976334616,0.005760540777444554,-0.055345567655972996,0.0062357934962950536,-0.0001746337398734847
200,19,325,13.6098051071167,0.9431077119736646,0.3339639023288958,0.1154401176778368,-0.2774853442922066,0.004660606246793565,0.13443247148957138,-0.11813551419464648,0.005760527268500778,-0.0553458459356122,0.0062357652834503525,-0.0001746313333964673
200,19,326,13.6098051071167,0.9431045983647979,0.3339542241301658,0.11543472182501491,-0.2774853748612319,0.004660583567035851,0.13441288981766306,-0.11813517932398394,0.005760513172211621,-0.0553461124569568,0.0062357380605300265,-0.00017462898942534642
200,19,327,13.609803199768066,0.9431015756864338,0.3339448761934198,0.1154294892080767,-0.2774854359992825,0.004660561369826174,0.1343939262819593,-0.11813487235920996,0.005760498488577082,-0.05534637113943832,0.006235712322496264,-0.0001746267392130704
200,19,328,13.6098051071167,0.9430985690380956,0.333935647010691,0.1154244198270222,-0.27748528315415605,0.004660539655164533,0.13437555880616706,-0.11813459330032451,0.005760486154324069,-0.0553466259024883,0.006235686584462502,-0.0001746245358802168
200,19,329,13.609803199768066,0.9430956393272656,0.3339266349356418,0.11541949554453097,-0.2774850386019537,0.004660518905598965,0.13435779842843285,-0.11813431424143907,0.005760473232725674,-0.055346868907243676,0.006235661836353115,-0.00017462241067973388
200,19,330,13.609804153442383,0.9430928540640803,0.3339180551983959,0.11541472542926322,-0.27748497746390316,0.004660498638581434,0.13434060099617065,-0.11813404448451648,0.005760460898472661,-0.05534710799256751,0.006235638078168103,-0.00017462034798514754
200,19,331,13.609803199768066,0.94309019179966,0.33390989638232166,0.11541010041255874,-0.27748509974000435,0.004660478854111939,0.13432394443308743,-0.11813380263348243,0.0057604491515650304,-0.05534734707789133,0.006235615804869655,-0.000174618379049406
200,19,332,13.609803199768066,0.9430875869117991,0.33390192403444496,0.11540561142575735,-0.2774851303090296,0.0046604595521904804,0.13430782873918318,-0.11813357008441122,0.0057604379920027805,-0.05534757048548901,0.0062355935315712065,-0.00017461644136661277
200,19,333,13.6098051071167,0.9430849911265202,0.333894026384723,0.11540125846885901,-0.2774849468948779,0.004660440732817059,0.13429222080001837,-0.11813335613926572,0.005760426245095149,-0.055347797812518224,0.006235571753234946,-0.00017461455056324193
200,19,334,13.609804153442383,0.9430824853768438,0.33388635833303204,0.11539704154186377,-0.2774847329117009,0.0046604223959916735,0.13427713165373953,-0.11813313289215736,0.005760416260223663,-0.055348017300684366,0.006235550964823061,-0.00017461272226576766
200,19,335,13.609804153442383,0.9430800977517267,0.3338790729408696,0.11539295157611137,-0.2774847023426756,0.004660404541714324,0.1342625061096141,-0.1181329282489747,0.0057604056880067945,-0.055348232869418965,0.006235531166335551,-0.00017461095647418995
200,19,336,13.609804153442383,0.9430777767222817,0.33387202467879057,0.11538898857160186,-0.2774846717736503,0.0046603871699850115,0.1342483662439351,-0.11813274220971774,0.005760396290480689,-0.05534843276042741,0.0062355118628102295,-0.00017460925318850878
200,19,337,13.609804153442383,0.943075549511068,0.33386521672410635,0.11538515252833521,-0.277484641204625,0.0046603697982556995,0.1342347120567025,-0.11813254686849793,0.0057603868929545846,-0.0553486365708674,0.0062354930542470955,-0.00017460756552930176
200,19,338,13.6098051071167,0.9430733719942469,0.3338585981838973,0.11538144344631143,-0.27748458006657445,0.004660352909074423,0.13422148835718384,-0.11813237013120381,0.005760378082773861,-0.05534882470358123,0.006235474245683961,-0.00017460592474951718
200,19,339,13.609803199768066,0.9430712548119888,0.33385214998289886,0.11537786132553052,-0.2774844577904733,0.0046603365024411834,0.1342087061835255,-0.11813219339390969,0.005760369272593138,-0.05534900891686353,0.006235455437120827,-0.00017460434647562914
200,19,340,13.6098051071167,0.9430692223931623,0.333845990281102,0.11537440616599247,-0.277484427221448,0.00466032057835598,0.1341963434594346,-0.11813203526054128,0.005760361049757795,-0.055349189210714286,0.006235438113444256,-0.0001746028150811635
200,19,341,13.609803199768066,0.9430672914124681,0.33384011705352273,0.1153710870363575,-0.27748448835949857,0.004660305136818813,0.13418438914676453,-0.11813187712717287,0.005760352826922454,-0.055349361665701965,0.0062354207897676855,-0.00017460131493964614
200,19,342,13.609803199768066,0.9430653795152738,0.33383434681060037,0.11536789486796539,-0.277484427221448,0.004660290177829683,0.1341728322073688,-0.11813173759773014,0.005760344604087112,-0.05534953804012118,0.006235404950977678,-0.00017459987730402535
200,19,343,13.6098051071167,0.943063501886918,0.3338286978608593,0.11536482966081615,-0.27748427437632156,0.004660275218840553,0.13416166160310092,-0.11813160737025027,0.005760337555942533,-0.05534970265624579,0.006235388122263295,-0.0001745984552948787
200,19,344,13.609804153442383,0.9430616600344596,0.33382322363597766,0.11536188234624957,-0.27748409096216986,0.004660260742399459,0.1341508883721074,-0.11813150504865894,0.005760331682488718,-0.05534986335293885,0.006235372778435474,-0.00017459711141810274
200,19,345,13.609803199768066,0.9430599615901057,0.33381812991832466,0.11535905292426565,-0.2774841521002204,0.004660246748506402,0.13414045732365568,-0.11813139342510476,0.005760324634344139,-0.05535001621076884,0.00623535842453203,-0.0001745958144207492
200,19,346,13.609804153442383,0.9430583231932921,0.3338132795163916,0.11535633232620421,-0.27748427437632156,0.004660233237161381,0.1341304126103318,-0.11813130970743912,0.005760319935581086,-0.055350165149167296,0.006235343575666398,-0.00017459454867634394
200,19,347,13.6098051071167,0.943056719377815,0.333808502174923,0.1153537205520652,-0.27748427437632156,0.00466021972581636,0.1341207100795497,-0.11813121668781065,0.005760315236818034,-0.05535031016813421,0.006235329221762954,-0.00017459331418488694
200,19,348,13.609803199768066,0.943055111302875,0.3338037127611921,0.11535120853318846,-0.27748406039314455,0.0046602066970193754,0.13411133869316294,-0.11813112366818217,0.0057603099507095995,-0.0553504434288065,0.006235315857783885,-0.00017459212657285238
200,19,349,13.6098051071167,0.9430535528655473,0.3337991126955054,0.11534879626957398,-0.27748387697899285,0.004660194150770428,0.13410228741302493,-0.11813104925247939,0.005760304664601166,-0.05535058060891034,0.0062353024938048155,-0.0001745909702137661
200,19,350,13.6098051071167,0.9430521157866298,0.333794904613828,0.11534647469256154,-0.2774839686860687,0.004660182087069516,0.13409356727728222,-0.1181309934407023,0.005760299378492732,-0.0553507099501511,0.006235289624787935,-0.00017458984510762806
200,19,351,13.6098051071167,0.9430507762795469,0.333790873872253,0.11534424380215115,-0.27748409096216986,0.004660170505916641,0.13408514517149528,-0.11813090042107381,0.00576029526707506,-0.0553508432108234,0.006235277250733241,-0.00017458878250738662
200,19,352,13.6098051071167,0.9430494436625473,0.33378691172791913,0.1153421035983428,-0.2774841215311951,0.004660159407311803,0.13407701005751757,-0.11813082600537103,0.0057602899809666265,-0.055350964713201084,0.006235265371640735,-0.00017458770428067103
200,19,353,13.6098051071167,0.9430481615970925,0.3337830678127872,0.1153400450124763,-0.2774841215311951,0.004660148791255,0.13406916193534912,-0.1181307422877054,0.005760284107512811,-0.05535108621557877,0.006235253987510417,-0.00017458670418632612
200,19,354,13.609804153442383,0.9430468736384298,0.3337792563829699,0.11533806804455164,-0.277483999255094,0.0046601386577462345,0.13406157872869692,-0.11813067717396546,0.005760279408749758,-0.055351203798524914,0.006235243098342287,-0.0001745857353449295
200,19,355,13.609803199768066,0.9430457009436716,0.3337756477183663,0.11533616362590862,-0.2774839686860687,0.004660129006785505,0.13405424939941446,-0.11813056555041128,0.005760274709986706,-0.05535131746203952,0.006235232209174157,-0.00017458476650353288
200,19,356,13.609804153442383,0.9430445734418099,0.33377216672967347,0.11533434082520745,-0.2774839381170434,0.004660119838372813,0.13404717394750168,-0.1181304539268571,0.0057602688365328905,-0.05535141544782798,0.006235221320006026,-0.00017458386016803282
200,19,357,13.6098051071167,0.9430434758698798,0.3337688440275899,0.11533259057378792,-0.2774839381170434,0.004660111152508157,0.13404036341110517,-0.11813037020919147,0.005760262963079074,-0.055351521272479505,0.006235209935875708,-0.0001745829382060586
200,19,358,13.609804153442383,0.9430424019566357,0.3337655881649468,0.11533091287165002,-0.27748387697899285,0.004660102949191536,0.13403378467578536,-0.11813028649152583,0.0057602576769706405,-0.055351623177699504,0.006235200531594141,-0.00017458206312350683
200,19,359,13.609804153442383,0.9430413861842948,0.33376244741708344,0.11532929865013355,-0.2774838158409423,0.004660095228422954,0.13402743774154224,-0.11813018416993451,0.005760251803516825,-0.055351725082919495,0.006235191127312574,-0.00017458123492037744
200,19,360,13.6098051071167,0.9430404070485131,0.33375945931557827,0.11532774790923853,-0.2774838158409423,0.00466008750765437,0.1340212894939363,-0.11813010045226888,0.005760245930063009,-0.05535182698813949,0.006235181723031007,-0.00017458042234372222
200,19,361,13.609804153442383,0.9430394650667873,0.3337565761922915,0.11532625158030473,-0.2774838158409423,0.004660080269433823,0.13401536200926056,-0.11813001673460324,0.005760241231299957,-0.055351913215633326,0.006235173308673816,-0.00017457964102001526
200,19,362,13.609804153442383,0.9430385174499437,0.33375372630333827,0.11532480966333215,-0.2774837241338664,0.004660073513761313,0.13400965528751502,-0.1181299516208633,0.0057602365325369045,-0.05535201120142178,0.006235164894316624,-0.00017457889094925659
200,19,363,13.609804153442383,0.943037619547654,0.33375099230842586,0.11532341308966061,-0.27748366299581584,0.004660067240636839,0.13400413621426013,-0.11812987720516052,0.005760233008464615,-0.0553521052677787,0.006235157469883808,-0.00017457818775792034
200,19,364,13.609804153442383,0.9430367368444844,0.3337483995772948,0.11532206185929009,-0.27748366299581584,0.004660061450060401,0.1339988047894959,-0.11812983999730912,0.005760229484392325,-0.055352195414704077,0.006235150045450992,-0.00017457751581953236
200,19,365,13.609804153442383,0.9430358783880953,0.3337458999192699,0.11532074690356038,-0.27748366299581584,0.004660055659483964,0.1339936720513689,-0.11812981209142058,0.005760227722356181,-0.055352289481060996,0.006235143610942551,-0.00017457687513409265
200,19,366,13.6098051071167,0.9430350550928625,0.33374342588188494,0.11531946822247151,-0.27748360185776527,0.004660050351455562,0.13398870488543949,-0.11812975627964349,0.0057602253729746545,-0.055352367869691756,0.006235136681471923,-0.00017457623444865295
200,19,367,13.6098051071167,0.9430342180295632,0.33374101126392325,0.11531822581602344,-0.2774835101506894,0.004660045525975198,0.13398391432985426,-0.1181297376757178,0.0057602241982838915,-0.055352454097185595,0.0062351307419256695,-0.00017457562501616152
200,19,368,13.609804153442383,0.9430334351571388,0.3337387251985032,0.11531701968421619,-0.27748347958166414,0.00466004118304287,0.13397928934646666,-0.11812970976982926,0.005760221848902365,-0.05535253248581636,0.006235123812455042,-0.00017457503121014425
200,19,369,13.609803199768066,0.9430327297570609,0.333736584292406,0.11531584982704977,-0.2774835407197147,0.004660036840110541,0.1339748078589837,-0.11812965395805217,0.005760219499520839,-0.05535260303558405,0.006235117872908789,-0.00017457445303060108
200,19,370,13.609803199768066,0.9430320158296474,0.3337344684601774,0.11531470717586395,-0.2774835407197147,0.00466003297972625,0.1339704919436984,-0.11812961675020077,0.005760217150139313,-0.05535267358535174,0.006235111438400348,-0.0001745738904775321
200,19,371,13.609803199768066,0.9430313256978587,0.33373237069571765,0.11531360079931896,-0.27748347958166414,0.004660029119341959,0.1339663195243177,-0.11812956093842368,0.005760215388103168,-0.055352736296256345,0.0062351054988540955,-0.00017457335917741136
200,19,372,13.609803199768066,0.9430306368592795,0.3337303748941661,0.11531252162875459,-0.2774834490126388,0.004660025258957667,0.13396231267713465,-0.11812954233449799,0.005760213626067023,-0.0553528029265925,0.006235099064345655,-0.00017457282787729063
200,19,373,13.609803199768066,0.9430299952520421,0.33372848798755367,0.11531147873283103,-0.27748347958166414,0.004660021881121411,0.13395842724956322,-0.11812951442860944,0.005760211864030878,-0.05535284995977095,0.006235092629837214,-0.00017457231220364405
200,19,374,13.609803199768066,0.9430293820134357,0.33372665665389867,0.1153104721115483,-0.27748347958166414,0.004660018503285156,0.13395470739418944,-0.11812947722075805,0.005760210101994734,-0.055352908751244025,0.0062350866902909615,-0.00017457179652999744
200,19,375,13.6098051071167,0.9430287553837773,0.3337248612128517,0.11530949269624617,-0.2774834490126388,0.004660015125448901,0.13395111999657375,-0.11812946791879521,0.005760208339958589,-0.055352959703854024,0.006235081245706896,-0.00017457132773577327
200,19,376,13.6098051071167,0.9430281577974793,0.33372304951091636,0.11530854955558487,-0.2774833267365377,0.004660011747612646,0.1339476540185697,-0.11812942140898096,0.005760207165267826,-0.055353002817600944,0.006235074811198455,-0.0001745708589415491
200,19,377,13.6098051071167,0.9430276042602268,0.3337213868544967,0.11530763362090418,-0.2774832961675124,0.00466000836977639,0.13394434257461676,-0.11812938420112958,0.005760207165267826,-0.05535305377021094,0.00623506936661439,-0.00017457039014732493
200,19,378,13.6098051071167,0.9430270712031401,0.33371983122543836,0.1153067539608643,-0.2774833267365377,0.004660004991940136,0.13394114151212894,-0.11812936559720387,0.0057602054032316816,-0.0553531008033894,0.006235064416992513,-0.00017456996823252317
200,19,379,13.6098051071167,0.9430265338148115,0.3337183616746608,0.11530591057546526,-0.27748338787458826,0.00466000161410388,0.13393806186925272,-0.11812938420112958,0.0057602042285409185,-0.05535314391713632,0.006235059962332823,-0.00017456956194419556
200,19,380,13.609804153442383,0.9430260583423197,0.3337168950139964,0.11530509439604682,-0.27748338787458826,0.004659998236267625,0.1339350926078416,-0.11812933769131533,0.005760203641195537,-0.05535318703088324,0.006235055012710946,-0.00017456917128234208
200,19,381,13.6098051071167,0.9430255456884846,0.33371542160395656,0.1153043144912692,-0.2774832961675124,0.00465999485843137,0.13393226684233508,-0.11812932838935249,0.0057602030538501554,-0.05535322622519862,0.006235050558051256,-0.0001745688118734369
200,19,382,13.6098051071167,0.9430250726869237,0.33371403565818814,0.1153035617924722,-0.2774832655984871,0.0046599914805951145,0.13392950730570766,-0.11812930978542678,0.005760200704468629,-0.05535326933894554,0.006235046598353754,-0.0001745684524645317
200,19,383,13.609803199768066,0.9430246428080679,0.33371279614736354,0.11530284536831602,-0.2774833267365377,0.004659988102758859,0.13392689126498483,-0.11812930048346394,0.005760200117123248,-0.05535331245269246,0.00623504313361844,-0.00017456812430857477
200,19,384,13.609803199768066,0.9430242213802806,0.3337115805140768,0.11530215615014044,-0.27748335730556295,0.0046599847249226035,0.1339243745675806,-0.11812929118150109,0.005760200117123248,-0.05535335556643938,0.0062350396688831255,-0.00017456781177909198
200,19,385,13.609803199768066,0.9430238092101162,0.3337103664561974,0.11530149413794549,-0.2774833267365377,0.004659981347086349,0.1339219682516415,-0.1181292725775754,0.005760199529777865,-0.05535339084132322,0.006235036699109999,-0.00017456753050255748
200,19,386,13.609803199768066,0.9430234067700707,0.33370922905393274,0.11530085026307095,-0.2774833267365377,0.004659977969250093,0.13391967231716745,-0.1181292725775754,0.005760198942432484,-0.055353430035638605,0.006235034224299061,-0.000174567249226023
200,19,387,13.609803199768066,0.9430230365621606,0.333708158151053,0.11530023359417702,-0.27748335730556295,0.004659974591413838,0.133917453649719,-0.11812926327561254,0.005760198942432484,-0.055353473149385525,0.006235031749488122,-0.00017456698357596262
200,19,388,13.609803199768066,0.9430226724608011,0.33370707991982057,0.1152996441312637,-0.2774833267365377,0.004659971213577583,0.1339153232874426,-0.11812924467168685,0.005760197180396339,-0.05535350842426937,0.006235028779714996,-0.0001745667335523764
200,19,389,13.609803199768066,0.9430222960593492,0.33370601609038586,0.1152990909429912,-0.2774832655984871,0.004659967835741328,0.13391325915404528,-0.11812924467168685,0.005760197180396339,-0.055353547618584756,0.006235026799866245,-0.00017456649915526432
200,19,390,13.609803199768066,0.9430219721789551,0.3337050269542753,0.11529856496069933,-0.2774832350294618,0.004659964940453109,0.13391129436396654,-0.11812921676579831,0.005760196593050958,-0.05535358681290013,0.006235025314979681,-0.00017456628038462637
200,19,391,13.6098051071167,0.9430216791794642,0.33370410050051913,0.11529805711572785,-0.2774832350294618,0.00465996204516489,0.13390940684091338,-0.11812917955794691,0.005760196005705576,-0.055353626007215516,0.0062350228401687425,-0.00017456606161398843
200,19,392,13.609804153442383,0.9430214072782594,0.3337032582488028,0.115297576476737,-0.2774832961675124,0.004659959149876672,0.13390758554673926,-0.11812915165205837,0.005760194243669432,-0.05535364952380475,0.006235020365357804,-0.00017456582721687633
200,19,393,13.609804153442383,0.9430211247243799,0.33370238591360085,0.11529712304372676,-0.2774832655984871,0.004659956737136489,0.13390585255773724,-0.11812912374616982,0.005760194243669432,-0.05535368087925705,0.006235017890546865,-0.00017456560844623839
200,19,394,13.6098051071167,0.9430208514611209,0.3337015152488632,0.11529668774803692,-0.2774832044604365,0.004659954324396307,0.13390417475946775,-0.11812908653831843,0.005760192481633287,-0.05535370439584628,0.006235015415735927,-0.0001745653740491263
200,19,395,13.6098051071167,0.9430206162637879,0.3337007275720775,0.1152962705896675,-0.2774832044604365,0.004659951911656125,0.13390256319007732,-0.11812904002850419,0.005760188957560998,-0.05535372399300397,0.006235011951000612,-0.00017456515527848834
200,19,396,13.6098051071167,0.9430204088380707,0.3336999937925152,0.1152958715686185,-0.2774832350294618,0.0046599494989159424,0.13390100681141945,-0.1181289842167271,0.005760187782870235,-0.05535374359016166,0.006235009476189673,-0.00017456495213432455
200,19,397,13.6098051071167,0.9430202092509833,0.3336993067676887,0.11529549068488988,-0.2774832655984871,0.004659947568723797,0.13389954977608015,-0.11812893770691286,0.005760184846143327,-0.05535376710675089,0.006235007001378735,-0.00017456474899016074
200,19,398,13.6098051071167,0.9430199798750163,0.33369858472419894,0.11529512793848169,-0.2774832350294618,0.004659945638531651,0.1338981148170339,-0.11812890980102432,0.005760183671452564,-0.05535379454277166,0.0062350050215299845,-0.00017456454584599692
200,19,399,13.6098051071167,0.9430197621175903,0.3336978955129353,0.1152947742607337,-0.2774832044604365,0.004659943708339505,0.1338967571250132,-0.11812888189513578,0.0057601824967618,-0.05535381413992935,0.006235002546719045,-0.00017456434270183313
200,19,400,13.6098051071167,0.9430195793941667,0.3336972315578695,0.11529443872030612,-0.27748317389141125,0.004659941778147359,0.13389544358557853,-0.11812882608335869,0.005760178972689511,-0.055353841575950115,0.006235000566870295,-0.00017456415518414344
200,19,401,13.609804153442383,0.9430194055356746,0.333696641818897,0.11529412131719895,-0.2774832044604365,0.004659939847955213,0.1338941741987299,-0.11812878887550729,0.005760177797998748,-0.055353865092539346,0.006234998587021544,-0.00017456398329292793
200,19,402,13.6098051071167,0.9430192179447586,0.33369603785402907,0.1152938220514122,-0.27748317389141125,0.004659937917763067,0.13389298207890685,-0.11812876096961875,0.005760176035962603,-0.055353884689697035,0.0062349966071727925,-0.0001745638114017124
200,19,403,13.609804153442383,0.9430190523027621,0.33369547133283783,0.11529353185428563,-0.27748317389141125,0.004659935987570921,0.1338918120353768,-0.11812872376176735,0.005760175448617222,-0.05535390428685473,0.006234995122286229,-0.000174563655136971
200,19,404,13.609804153442383,0.9430188602820554,0.3336949040129708,0.1152932507258193,-0.27748314332238594,0.0046599340573787755,0.13389069718257934,-0.11812871445980451,0.005760174273926459,-0.05535391996458088,0.006234993637399666,-0.00017456351449870376
200,19,405,13.6098051071167,0.9430187020484614,0.3336943830089155,0.11529298773467335,-0.27748314332238594,0.00465993212718663,0.13388961544422137,-0.11812868655391597,0.00576017486127184,-0.05535394348117011,0.00623499264747529,-0.00017456338948691063
200,19,406,13.6098051071167,0.9430185340774179,0.3336939082567197,0.11529273381218762,-0.27748317389141125,0.00465993067954252,0.13388857785844946,-0.11812868655391597,0.00576017486127184,-0.05535396699775934,0.006234991162588728,-0.00017456324884864338
200,19,407,13.6098051071167,0.9430183642040354,0.33369340354507215,0.11529248895836208,-0.27748314332238594,0.004659929231898411,0.13388758442526358,-0.11812867725195311,0.005760175448617222,-0.05535399051434857,0.006234990667626539,-0.0001745631394633244
200,19,408,13.609804153442383,0.9430181998945595,0.3336929145563811,0.11529225317319676,-0.2774831127533607,0.004659927784254302,0.13388662410651722,-0.11812866794999026,0.005760174273926459,-0.05535401011150626,0.006234989182739977,-0.0001745630144515313
200,19,409,13.609804153442383,0.943018031207124,0.33369246236073763,0.11529202645669163,-0.2774831127533607,0.004659926336610192,0.1338856858640639,-0.11812867725195311,0.00576017486127184,-0.05535402578923241,0.006234987697853413,-0.00017456287381326406
200,19,410,13.609804153442383,0.9430178963529607,0.3336920811948666,0.11529180880884672,-0.27748317389141125,0.004659924888966083,0.1338847917741966,-0.11812867725195311,0.00576017486127184,-0.055354037547527025,0.0062349862129668495,-0.00017456274880147093
200,19,411,13.609804153442383,0.9430177390539567,0.3336916611821292,0.115291600229662,-0.27748317389141125,0.004659923441321974,0.13388391976062233,-0.11812868655391597,0.00576017486127184,-0.05535404930582164,0.006234984728080287,-0.00017456262378967783
200,19,412,13.609804153442383,0.9430175505490581,0.3336911775635076,0.1152914007191375,-0.2774830821843354,0.004659921993677864,0.13388306982334108,-0.11812870515784166,0.005760176035962603,-0.05535406498354779,0.006234982748231536,-0.00017456248315141058
200,19,413,13.609804153442383,0.9430173981998785,0.33369079612114716,0.1152912102772732,-0.2774830821843354,0.004659920546033754,0.13388227507679237,-0.11812872376176735,0.005760175448617222,-0.05535408458070549,0.006234981758307161,-0.00017456235813961745
200,19,414,13.609803199768066,0.9430172747554109,0.33369047180295275,0.1152910289040691,-0.27748314332238594,0.004659919580937682,0.1338814913683902,-0.1181287330637302,0.005760176623307985,-0.0553540963390001,0.006234980273420597,-0.00017456223312782435
200,19,415,13.609804153442383,0.9430171208521585,0.33369011057333137,0.115290847530865,-0.27748314332238594,0.0046599186158416085,0.13388074077442752,-0.11812876096961875,0.005760177797998748,-0.05535411201672625,0.006234978293571846,-0.00017456210811603122
200,19,416,13.609804153442383,0.9430169630112272,0.3336897136322757,0.11529067522632111,-0.2774830821843354,0.004659917650745536,0.1338800232949044,-0.11812877957354444,0.005760178385344129,-0.05535411985558933,0.006234977303647471,-0.00017456199873071225
200,19,417,13.609804153442383,0.9430167943343704,0.3336893598175796,0.11529050292177721,-0.2774830516153101,0.004659916685649463,0.1338793499679673,-0.11812882608335869,0.005760178972689511,-0.05535412769445241,0.006234975818760907,-0.00017456187371891915
200,19,418,13.609804153442383,0.9430166731832633,0.33368909114565126,0.11529033968589353,-0.2774831127533607,0.00465991572055339,0.1338786876791767,-0.11812885398924723,0.005760180147380274,-0.05535414337217856,0.006234974828836532,-0.0001745617799600743
200,19,419,13.6098051071167,0.9430165667552913,0.33368883949847433,0.11529017645000984,-0.27748317389141125,0.004659914755457318,0.13387806954297216,-0.11812887259317292,0.005760178972689511,-0.055354155130473176,0.006234973838912156,-0.0001745616862012295
200,19,420,13.609804153442383,0.9430164272630513,0.33368849441026854,0.11529001321412616,-0.2774831127533607,0.004659913790361244,0.13387747348306064,-0.11812889119709861,0.005760180147380274,-0.05535416296933625,0.006234972354025593,-0.00017456160806885877
200,19,421,13.609804153442383,0.9430162764200093,0.3336881664103919,0.11528985904690267,-0.2774830516153101,0.004659912825265172,0.13387691053758863,-0.11812892840495001,0.005760181322071037,-0.055354174727630864,0.006234971859063405,-0.0001745614986835398
200,19,422,13.6098051071167,0.9430161657291041,0.33368792729865504,0.1152897048796792,-0.2774830821843354,0.004659911860169098,0.13387638070655616,-0.11812895631083856,0.005760183084107182,-0.05535418256649394,0.0062349703741768426,-0.0001745614205511691
200,19,423,13.6098051071167,0.9430160592705192,0.33368770014750454,0.11528955978111592,-0.2774831127533607,0.004659910895073026,0.13387587295181672,-0.1181289842167271,0.005760183084107182,-0.055354190405357016,0.006234968889290279,-0.0001745613267923243
200,19,424,13.6098051071167,0.9430159483038122,0.33368746025607243,0.11528942375121284,-0.2774831127533607,0.0046599099299769525,0.13387538727337028,-0.11812901212261565,0.0057601842587979455,-0.05535420216365163,0.0062349683943280915,-0.00017456123303347945
200,19,425,13.6098051071167,0.9430158328065601,0.33368720756096854,0.11528928772130977,-0.2774830821843354,0.00465990896488088,0.1338749347093634,-0.11812904002850419,0.005760184846143327,-0.055354210002514705,0.0062349674044037155,-0.00017456115490110876
200,19,426,13.6098051071167,0.9430156869271608,0.3336869427763914,0.1152891607600669,-0.2774830210462848,0.004659908482332843,0.1338745042216495,-0.11812909584028128,0.005760187195524853,-0.05535422568024086,0.006234966909441528,-0.00017456110802168632
200,19,427,13.6098051071167,0.9430156060279273,0.3336867878789116,0.11528903379882403,-0.2774830821843354,0.004659907999784807,0.13387409581022866,-0.11812912374616982,0.005760188957560998,-0.05535423743853547,0.006234966909441528,-0.0001745610611422639
200,19,428,13.6098051071167,0.9430155208992578,0.33368664561210754,0.11528891590624137,-0.27748314332238594,0.00465990751723677,0.1338737094751008,-0.11812916095402122,0.005760190132251761,-0.055354253116261624,0.006234966909441528,-0.0001745610142628415
200,19,429,13.6098051071167,0.9430154115329924,0.333686459431892,0.11528879801365871,-0.27748314332238594,0.004659907034688734,0.13387334521626598,-0.11812920746383546,0.005760192481633287,-0.05535425703569317,0.006234966909441528,-0.0001745609673834191
200,19,430,13.6098051071167,0.9430153138538602,0.33368623252999113,0.11528868012107604,-0.2774830821843354,0.004659906552140697,0.13387300303372418,-0.11812922606776115,0.00576019365632405,-0.05535426879398778,0.006234965919517153,-0.0001745609361304708
200,19,431,13.6098051071167,0.9430152332388443,0.3336860538521032,0.11528857129715359,-0.2774830821843354,0.004659906069592661,0.13387264981303587,-0.11812924467168685,0.0057601930689786685,-0.05535427271341932,0.006234965424554965,-0.00017456087362457425
200,19,432,13.6098051071167,0.9430151522892392,0.33368592341752185,0.11528846247323113,-0.2774831127533607,0.004659906069592661,0.1338723517830801,-0.11812928187953824,0.005760194243669432,-0.05535428055228239,0.006234964929592777,-0.00017456081111867769
200,19,433,13.6098051071167,0.9430150972025726,0.3336857923228707,0.11528835364930867,-0.27748314332238594,0.004659906069592661,0.13387205375312436,-0.11812929118150109,0.005760194831014813,-0.055354284471713935,0.006234964434630589,-0.00017456074861278112
200,19,434,13.6098051071167,0.943015011434811,0.3336856236884233,0.11528825389404641,-0.2774831127533607,0.004659906069592661,0.1338717777994616,-0.11812931908738963,0.005760196005705576,-0.055354296230008544,0.006234963939668402,-0.0001745607017333587
200,19,435,13.6098051071167,0.9430149352377235,0.3336854575177885,0.11528816320744437,-0.2774830821843354,0.004659906069592661,0.13387150184579885,-0.11812933769131533,0.005760196593050958,-0.055354304068871624,0.006234962949744026,-0.00017456063922746215
200,19,436,13.6098051071167,0.9430148815045051,0.3336853548313381,0.11528807252084232,-0.2774831127533607,0.004659906069592661,0.13387125900657565,-0.11812935629524103,0.005760196593050958,-0.05535430798830316,0.006234962949744026,-0.0001745606079745139
200,19,437,13.6098051071167,0.9430148383318723,0.3336852819897203,0.11528799090290048,-0.27748317389141125,0.004659906069592661,0.13387101616735242,-0.11812937489916672,0.005760196593050958,-0.055354319746597776,0.006234962454781838,-0.00017456056109509146
200,19,438,13.6098051071167,0.9430147795470525,0.33368514044365755,0.11528790928495863,-0.27748314332238594,0.004659906069592661,0.13387079540442223,-0.11812938420112958,0.005760196593050958,-0.05535432366602931,0.006234961959819651,-0.00017456049858919492
200,19,439,13.6098051071167,0.9430147207638201,0.3336849989020306,0.115287836735677,-0.2774831127533607,0.004659906069592661,0.13387056360334554,-0.11812939350309241,0.005760196005705576,-0.05535433542432393,0.006234961959819651,-0.0001745604517097725
200,19,440,13.6098051071167,0.9430146855504463,0.33368492397027033,0.11528777325505556,-0.27748314332238594,0.004659906069592661,0.13387036491670837,-0.11812940280505527,0.005760196005705576,-0.05535434326318701,0.006234961464857463,-0.0001745604204568242
200,19,441,13.6098051071167,0.9430146498073223,0.3336848229579291,0.11528770977443413,-0.27748314332238594,0.004659906069592661,0.13387016623007117,-0.11812940280505527,0.005760195418360195,-0.055354347182618543,0.0062349609698952755,-0.0001745603735774018
200,19,442,13.6098051071167,0.9430145980017359,0.33368472571893876,0.1152876553624729,-0.27748314332238594,0.004659906069592661,0.133869967543434,-0.11812942140898096,0.005760194243669432,-0.05535435502148162,0.006234960474933087,-0.00017456031107150523
200,19,443,13.6098051071167,0.9430145855302957,0.33368466589037055,0.11528761001917187,-0.27748317389141125,0.004659906069592661,0.13386979093308984,-0.11812941210701812,0.0057601930689786685,-0.055354362860344695,0.0062349599799708996,-0.0001745602954450311
200,19,444,13.6098051071167,0.94301452898257,0.33368455524974583,0.11528756467587085,-0.27748314332238594,0.004659906069592661,0.1338696143227457,-0.11812943071094381,0.005760192481633287,-0.055354370699207775,0.006234960474933087,-0.0001745602485656087
200,19,445,13.6098051071167,0.9430145117588388,0.33368448199085987,0.11528752840123004,-0.27748314332238594,0.004659906069592661,0.13386945978869455,-0.11812942140898096,0.005760191306942524,-0.05535437853807085,0.0062349599799708996,-0.00017456023293913454
200,19,446,13.609803199768066,0.943014468609483,0.3336843846313878,0.11528749212658922,-0.2774831127533607,0.004659906069592661,0.1338693052546434,-0.11812943071094381,0.005760190719597142,-0.055354394215797,0.0062349599799708996,-0.00017456018605971213
200,19,447,13.609803199768066,0.9430144425280959,0.33368433550712595,0.1152874649206086,-0.27748314332238594,0.004659906069592661,0.13386913968244576,-0.11812944001290666,0.005760189544906379,-0.05535440205466008,0.0062349599799708996,-0.00017456015480676385
200,19,448,13.609803199768066,0.943014427991205,0.3336842698192069,0.11528743771462797,-0.27748314332238594,0.0046599055870446245,0.13386899618654113,-0.11812943071094381,0.005760188370215616,-0.05535440989352316,0.0062349599799708996,-0.00017456012355381557
200,19,449,13.609803199768066,0.9430143987287173,0.33368421168274,0.11528741957730756,-0.27748314332238594,0.004659905104496588,0.13386886372878304,-0.11812944001290666,0.005760186608179472,-0.05535441773238623,0.0062349599799708996,-0.0001745600923008673
200,19,450,13.609803199768066,0.94301437104038,0.33368415799492224,0.11528740143998716,-0.27748314332238594,0.004659904621948551,0.13386874230917142,-0.1181294493148695,0.00576018602083409,-0.05535442557124931,0.0062349599799708996,-0.000174560061047919
200,19,451,13.609803199768066,0.943014355191983,0.33368411318407665,0.11528738330266675,-0.27748314332238594,0.004659904139400515,0.13386864296585282,-0.1181294493148695,0.005760186608179472,-0.05535443341011238,0.0062349599799708996,-0.00017456004542144488
200,19,452,13.609803199768066,0.9430143270507148,0.3336840582162325,0.11528736516534634,-0.27748314332238594,0.004659903656852479,0.13386852154624124,-0.11812945861683236,0.005760187195524853,-0.05535443341011238,0.0062349599799708996,-0.00017456002979497073
200,19,453,13.609803199768066,0.943014308941907,0.33368400701729667,0.11528734702802593,-0.27748314332238594,0.004659903174304442,0.13386841116477613,-0.11812945861683236,0.005760187782870235,-0.05535442949068085,0.006234959485008712,-0.00017455999854202247
200,19,454,13.609803199768066,0.9430143029605865,0.33368399009148336,0.11528733795936573,-0.27748317389141125,0.004659902691756405,0.13386831182145753,-0.11812945861683236,0.005760188370215616,-0.05535443341011238,0.006234958495084337,-0.00017455998291554832
200,19,455,13.609803199768066,0.9430142959301326,0.33368392103369804,0.11528732889070552,-0.27748314332238594,0.004659902209208369,0.13386821247813896,-0.11812944001290666,0.005760188957560998,-0.05535442949068085,0.0062349580001221485,-0.00017455995166260004
200,19,456,13.609804153442383,0.9430142703916199,0.33368384883786945,0.11528731982204532,-0.2774831127533607,0.004659901726660333,0.13386810209667385,-0.11812944001290666,0.005760188957560998,-0.05535443341011238,0.006234957505159961,-0.0001745599360361259
200,19,457,13.609804153442383,0.9430142498602379,0.33368381537607034,0.11528731075338511,-0.2774831127533607,0.0046599012441122965,0.1338680248296483,-0.1181294493148695,0.005760189544906379,-0.05535443732954392,0.0062349580001221485,-0.0001745599360361259
200,19,458,13.609804153442383,0.9430142528873405,0.3336838239086944,0.11528730168472491,-0.27748317389141125,0.00465990076156426,0.1338679254863297,-0.1181294493148695,0.005760190719597142,-0.05535444124897546,0.006234958495084337,-0.0001745599360361259
200,19,459,13.609804153442383,0.9430142379140566,0.3336837815709414,0.1152872926160647,-0.27748317389141125,0.004659900279016223,0.1338678261430111,-0.1181294493148695,0.005760190719597142,-0.055354445168407,0.006234958495084337,-0.0001745599360361259
200,19,460,13.609804153442383,0.9430142175415511,0.3336837239745957,0.11528727447874429,-0.27748314332238594,0.004659899796468187,0.13386775991413205,-0.1181294493148695,0.005760191306942524,-0.055354449087838535,0.006234958495084337,-0.0001745599360361259
200,19,461,13.609803199768066,0.9430141940348469,0.3336836575207681,0.11528725634142388,-0.2774831127533607,0.004659899313920151,0.13386767160895996,-0.1181294493148695,0.005760191306942524,-0.05535445300727008,0.0062349589900465244,-0.0001745599360361259
200,19,462,13.609804153442383,0.9430141916522996,0.3336836507653334,0.11528723820410347,-0.27748314332238594,0.004659898831372114,0.1338676053800809,-0.1181294493148695,0.0057601918942879055,-0.055354456926701615,0.0062349589900465244,-0.00017455992040965175
200,19,463,13.6098051071167,0.9430141876916933,0.33368363957237257,0.11528722006678306,-0.27748317389141125,0.004659898831372114,0.13386752811305536,-0.1181294493148695,0.005760192481633287,-0.05535446084613315,0.006234958495084337,-0.00017455990478317763
200,19,464,13.609804153442383,0.9430141779360699,0.3336836365858186,0.11528720192946265,-0.2774832044604365,0.004659898831372114,0.1338674729223228,-0.11812945861683236,0.0057601930689786685,-0.05535446084613315,0.0062349580001221485,-0.00017455987353022935
200,19,465,13.609804153442383,0.9430141496678794,0.33368355669785266,0.11528718379214224,-0.27748314332238594,0.004659898831372114,0.13386741773159025,-0.11812945861683236,0.005760194243669432,-0.055354456926701615,0.006234957505159961,-0.00017455985790375522
200,19,466,13.609804153442383,0.9430141234892517,0.3336835072986837,0.11528716565482183,-0.2774831127533607,0.004659898831372114,0.13386737357900422,-0.11812946791879521,0.005760194831014813,-0.055354456926701615,0.006234957010197773,-0.00017455982665080694
200,19,467,13.609804153442383,0.9430141219690639,0.33368350300252114,0.11528714751750142,-0.27748314332238594,0.004659898831372114,0.13386731838827165,-0.11812946791879521,0.005760195418360195,-0.055354449087838535,0.006234956020273397,-0.00017455979539785865
200,19,468,13.609804153442383,0.9430141137800834,0.33368350444341527,0.11528712938018101,-0.27748317389141125,0.004659898831372114,0.13386727423568562,-0.11812947722075805,0.005760195418360195,-0.055354449087838535,0.006234956020273397,-0.00017455979539785865
200,19,469,13.609804153442383,0.9430140973577046,0.33368350719967627,0.1152871021742004,-0.2774832044604365,0.004659898831372114,0.1338672411212461,-0.11812949582468375,0.005760196593050958,-0.055354449087838535,0.006234956020273397,-0.00017455979539785865
200,19,470,13.609804153442383,0.943014056326288,0.3336834158254234,0.11528708403688,-0.2774831127533607,0.004659898831372114,0.13386721904495308,-0.11812950512664659,0.005760197180396339,-0.055354449087838535,0.006234956020273397,-0.00017455979539785865
200,19,471,13.609804153442383,0.9430140407128628,0.3336833962842875,0.11528706589955959,-0.2774831127533607,0.004659898831372114,0.13386718593051355,-0.11812951442860944,0.005760197767741721,-0.055354449087838535,0.006234956020273397,-0.00017455979539785865
200,19,472,13.609804153442383,0.943014044656331,0.3336834320123816,0.11528704776223918,-0.27748317389141125,0.004659898831372114,0.1338671638542205,-0.1181295237305723,0.005760198355087102,-0.055354449087838535,0.006234956020273397,-0.00017455979539785865
200,19,473,13.6098051071167,0.9430140483000754,0.3336834423098725,0.11528702962491877,-0.2774832044604365,0.004659898831372114,0.1338671417779275,-0.1181295237305723,0.005760198355087102,-0.055354449087838535,0.006234956020273397,-0.00017455979539785865
200,19,474,13.6098051071167,0.9430140075647987,0.33368337635608486,0.11528701148759836,-0.27748314332238594,0.004659898831372114,0.13386711970163448,-0.11812954233449799,0.005760198942432484,-0.055354449087838535,0.006234956020273397,-0.00017455979539785865
200,19,475,13.6098051071167,0.943013994789116,0.3336833402510549,0.11528699335027795,-0.2774831127533607,0.004659898831372114,0.13386710866348797,-0.11812954233449799,0.005760199529777865,-0.055354449087838535,0.006234956020273397,-0.00017455979539785865
200,19,476,13.609804153442383,0.943013998732588,0.33368337597916403,0.11528697521295754,-0.27748317389141125,0.004659898831372114,0.13386708658719496,-0.11812955163646084,0.005760200117123248,-0.055354449087838535,0.006234956020273397,-0.00017455979539785865
200,19,477,13.6098051071167,0.9430140039432736,0.3336833907049483,0.11528695707563713,-0.2774832044604365,0.004659898831372114,0.13386707554904845,-0.11812955163646084,0.005760200117123248,-0.055354449087838535,0.006234956020273397,-0.00017455979539785865
200,19,478,13.6098051071167,0.9430139821723006,0.3336833291785594,0.11528693893831671,-0.27748314332238594,0.004659898831372114,0.13386706451090194,-0.11812955163646084,0.005760200117123248,-0.055354449087838535,0.006234956515235586,-0.00017455981102433278
200,19,479,13.6098051071167,0.943013970952123,0.33368329749168274,0.1152869208009963,-0.2774831127533607,0.004659899313920151,0.13386706451090194,-0.11812955163646084,0.005760200117123248,-0.055354449087838535,0.006234956515235586,-0.00017455982665080694
200,19,480,13.6098051071167,0.9430139770267035,0.3336833146810853,0.1152869117323361,-0.27748314332238594,0.004659899796468187,0.13386705347275543,-0.11812955163646084,0.005760199529777865,-0.055354445168407,0.006234956020273397,-0.00017455981102433278
200,19,481,13.609804153442383,0.9430140010258451,0.333683357920883,0.11528690266367589,-0.2774832044604365,0.004659899796468187,0.13386704243460892,-0.11812954233449799,0.005760197767741721,-0.055354445168407,0.00623495552531121,-0.00017455979539785865
200,19,482,13.609803199768066,0.9430140065820716,0.3336833490396283,0.11528689359501569,-0.2774832044604365,0.004659899796468187,0.13386703139646242,-0.11812953303253514,0.005760197180396339,-0.05535443732954392,0.006234955030349022,-0.00017455979539785865
200,19,483,13.609804153442383,0.9430139784950073,0.33368326966348394,0.11528688452635548,-0.2774831127533607,0.004659899796468187,0.13386703139646242,-0.11812953303253514,0.005760197180396339,-0.05535443732954392,0.006234956020273397,-0.00017455979539785865
200,19,484,13.609804153442383,0.9430140101529021,0.33368326079678795,0.11528688452635548,-0.2774831127533607,0.004659899796468187,0.1338670093201694,-0.11812949582468375,0.005760196593050958,-0.05535443732954392,0.006234956020273397,-0.00017455981102433278
200,19,485,13.609803199768066,0.9430140352639971,0.33368330717905714,0.11528688452635548,-0.27748317389141125,0.004659899796468187,0.13386699828202286,-0.1181294865227209,0.005760194831014813,-0.05535443732954392,0.006234956020273397,-0.00017455982665080694
200,19,486,13.609803199768066,0.9430140495239007,0.3336832983114738,0.11528688452635548,-0.27748317389141125,0.004659899796468187,0.13386697620572985,-0.11812946791879521,0.00576019365632405,-0.05535443732954392,0.006234956515235586,-0.00017455984227728106
200,19,487,13.609803199768066,0.9430140574644409,0.33368327158489397,0.11528689359501569,-0.27748314332238594,0.004659899796468187,0.13386696516758334,-0.1181294493148695,0.005760192481633287,-0.05535443732954392,0.006234957010197773,-0.00017455985790375522
200,19,488,13.6098051071167,0.943014048011208,0.333683244869345,0.11528690266367589,-0.2774831127533607,0.004659899796468187,0.13386695412943683,-0.1181294493148695,0.005760192481633287,-0.05535443732954392,0.006234957010197773,-0.00017455987353022935
200,19,489,13.6098051071167,0.9430140478523583,0.333683269003998,0.1152869117323361,-0.27748314332238594,0.004659899796468187,0.13386694309129032,-0.11812945861683236,0.005760192481633287,-0.05535443732954392,0.006234957505159961,-0.00017455987353022935
200,19,490,13.609803199768066,0.9430140579560151,0.33368329755769177,0.1152869208009963,-0.27748317389141125,0.004659899796468187,0.13386694309129032,-0.11812945861683236,0.005760192481633287,-0.05535443732954392,0.006234957505159961,-0.0001745598891567035
200,19,491,13.609803199768066,0.9430140500697151,0.333683275270415,0.11528692986965651,-0.27748314332238594,0.004659899796468187,0.13386694309129032,-0.11812945861683236,0.005760192481633287,-0.05535443732954392,0.006234957505159961,-0.0001745598891567035
200,19,492,13.609803199768066,0.9430140598736431,0.3336832783934808,0.11528693893831671,-0.27748314332238594,0.004659899796468187,0.13386694309129032,-0.1181294493148695,0.0057601918942879055,-0.05535443732954392,0.006234957505159961,-0.0001745598891567035
200,19,493,13.609803199768066,0.94301406765081,0.33368327578876716,0.11528694800697692,-0.27748314332238594,0.004659899796468187,0.13386693205314382,-0.11812944001290666,0.0057601918942879055,-0.05535442949068085,0.006234957010197773,-0.00017455987353022935
200,19,494,13.609803199768066,0.9430140759505962,0.3336832992445875,0.11528695707563713,-0.27748317389141125,0.004659899796468187,0.1338669210149973,-0.11812944001290666,0.005760191306942524,-0.05535442557124931,0.006234956515235586,-0.00017455985790375522
200,19,495,13.609803199768066,0.9430140841182435,0.3336832731598283,0.11528696614429733,-0.27748314332238594,0.004659899796468187,0.1338669099768508,-0.11812942140898096,0.005760190719597142,-0.05535442949068085,0.006234956020273397,-0.00017455984227728106
200,19,496,13.609803199768066,0.9430140831269165,0.3336832457746882,0.11528697521295754,-0.2774831127533607,0.004659899796468187,0.1338668989387043,-0.11812941210701812,0.005760190132251761,-0.05535442557124931,0.00623495552531121,-0.00017455982665080694
200,19,497,13.609804153442383,0.9430140855776126,0.3336832527005406,0.11528699335027795,-0.2774831127533607,0.004659899796468187,0.1338668989387043,-0.11812941210701812,0.005760190132251761,-0.05535442949068085,0.006234956020273397,-0.00017455982665080694
200,19,498,13.609804153442383,0.9430141044513255,0.3336833060390758,0.11528701148759836,-0.27748317389141125,0.004659899796468187,0.13386688790055778,-0.11812941210701812,0.005760190132251761,-0.05535443341011238,0.006234956515235586,-0.00017455982665080694
200,19,499,13.609804153442383,0.9430141057900718,0.33368330982247363,0.11528702055625856,-0.27748317389141125,0.004659899796468187,0.13386688790055778,-0.11812941210701812,0.005760190132251761,-0.05535443732954392,0.006234956515235586,-0.00017455982665080694
200,19,500,13.609804153442383,0.9430140875755184,0.3336832583467734,0.11528702962491877,-0.2774831127533607,0.004659899796468187,0.13386687686241128,-0.11812941210701812,0.005760190719597142,-0.05535444124897546,0.006234956515235586,-0.00017455982665080694
200,19,501,13.609804153442383,0.9430140873509173,0.3336832577120336,0.11528703869357897,-0.2774831127533607,0.004659899796468187,0.13386686582426477,-0.11812941210701812,0.005760191306942524,-0.055354445168407,0.006234956515235586,-0.00017455982665080694
200,19,502,13.609804153442383,0.9430141051159534,0.3336833079173641,0.11528704776223918,-0.27748317389141125,0.004659899796468187,0.13386685478611826,-0.11812941210701812,0.005760191306942524,-0.055354449087838535,0.006234957010197773,-0.00017455982665080694
200,19,503,13.609804153442383,0.9430141048877652,0.33368330727248674,0.11528705683089938,-0.27748317389141125,0.004659899796468187,0.13386684374797175,-0.11812941210701812,0.005760191306942524,-0.05535445300727008,0.006234957010197773,-0.00017455982665080694
200,19,504,13.609804153442383,0.9430140927589187,0.3336832729954538,0.11528705683089938,-0.27748314332238594,0.004659899796468187,0.1338668216716787,-0.11812941210701812,0.005760191306942524,-0.05535445300727008,0.006234957010197773,-0.00017455982665080694
200,19,505,13.609803199768066,0.9430140818975998,0.33368321771696907,0.11528705683089938,-0.2774830821843354,0.004659899796468187,0.1338668106335322,-0.11812940280505527,0.005760191306942524,-0.05535445300727008,0.006234956515235586,-0.00017455982665080694
200,19,506,13.609803199768066,0.9430140875253613,0.33368323362144964,0.11528705683089938,-0.2774831127533607,0.004659899796468187,0.13386678855723919,-0.11812940280505527,0.005760191306942524,-0.055354449087838535,0.006234956020273397,-0.00017455981102433278
200,19,507,13.609804153442383,0.9430141109130097,0.33368329971670924,0.11528705683089938,-0.2774832044604365,0.004659899796468187,0.13386676648094617,-0.11812940280505527,0.005760191306942524,-0.05535444124897546,0.00623495552531121,-0.00017455979539785865
200,19,508,13.609804153442383,0.9430141109130097,0.33368329971670924,0.11528705683089938,-0.2774832044604365,0.004659899796468187,0.13386676648094617,-0.11812940280505527,0.005760191306942524,-0.05535444124897546,0.00623495552531121,-0.00017455979539785865
200,19,509,13.609803199768066,0.943014082361146,0.3336832190269856,0.11528705683089938,-0.2774831127533607,0.004659899796468187,0.13386675544279966,-0.11812940280505527,0.005760191306942524,-0.05535444124897546,0.00623495552531121,-0.00017455979539785865
200,19,510,13.609803199768066,0.9430140706905591,0.3336831860450205,0.11528704776223918,-0.2774830821843354,0.004659899796468187,0.13386674440465315,-0.11812940280505527,0.005760191306942524,-0.05535444124897546,0.00623495552531121,-0.00017455979539785865
200,19,511,13.609804153442383,0.9430140773096465,0.33368322933464306,0.11528703869357897,-0.27748314332238594,0.004659899796468187,0.13386673336650665,-0.11812941210701812,0.0057601918942879055,-0.05535444124897546,0.00623495552531121,-0.00017455979539785865
200,19,512,13.609804153442383,0.9430140836290144,0.333683247193655,0.11528702962491877,-0.27748317389141125,0.004659899796468187,0.13386672232836014,-0.11812941210701812,0.0057601918942879055,-0.05535444124897546,0.00623495552531121,-0.00017455981102433278
200,19,513,13.609804153442383,0.943014080959951,0.3336832396506798,0.11528702055625856,-0.27748317389141125,0.004659899796468187,0.13386671129021363,-0.11812941210701812,0.0057601918942879055,-0.05535444124897546,0.006234956515235586,-0.00017455982665080694
200,19,514,13.6098051071167,0.943014061857733,0.33368318566636246,0.11528701148759836,-0.2774831127533607,0.004659899796468187,0.13386671129021363,-0.11812941210701812,0.005760191306942524,-0.05535444124897546,0.006234956515235586,-0.00017455982665080694
200,19,515,13.6098051071167,0.9430140591857094,0.33368317811502063,0.11528700241893815,-0.2774831127533607,0.004659899796468187,0.13386670025206712,-0.11812941210701812,0.0057601918942879055,-0.05535444124897546,0.006234956515235586,-0.00017455982665080694
200,19,516,13.6098051071167,0.9430140670720075,0.333683200402299,0.11528699335027795,-0.27748314332238594,0.004659899796468187,0.13386670025206712,-0.11812941210701812,0.0057601918942879055,-0.05535444124897546,0.006234956515235586,-0.00017455982665080694
200,19,517,13.609804153442383,0.9430140749583068,0.333683222689579,0.11528698428161774,-0.27748317389141125,0.004659899796468187,0.13386670025206712,-0.11812941210701812,0.0057601918942879055,-0.05535444124897546,0.006234956515235586,-0.00017455982665080694
200,19,518,13.609804153442383,0.9430140738496294,0.3336832195563725,0.11528697521295754,-0.27748317389141125,0.004659899796468187,0.13386670025206712,-0.11812941210701812,0.0057601918942879055,-0.05535444124897546,0.006234956515235586,-0.00017455982665080694
200,19,519,13.6098051071167,0.9430140547509992,0.3336831655821922,0.11528696614429733,-0.2774831127533607,0.004659899796468187,0.13386670025206712,-0.11812941210701812,0.0057601918942879055,-0.05535444124897546,0.006234956515235586,-0.00017455982665080694
200,19,520,13.6098051071167,0.9430140536423219,0.3336831624489856,0.11528695707563713,-0.2774831127533607,0.004659899796468187,0.13386670025206712,-0.11812941210701812,0.0057601918942879055,-0.05535444124897546,0.006234956515235586,-0.00017455982665080694
200,19,521,13.609804153442383,0.9430140615286207,0.3336831847362663,0.11528694800697692,-0.27748314332238594,0.004659899796468187,0.13386670025206712,-0.11812941210701812,0.0057601918942879055,-0.05535444124897546,0.006234956515235586,-0.00017455982665080694
200,19,522,13.609804153442383,0.9430140784098981,0.3336832324440376,0.11528693893831671,-0.2774832044604365,0.004659899796468187,0.13386670025206712,-0.11812941210701812,0.0057601918942879055,-0.05535444124897546,0.006234956515235586,-0.00017455982665080694
200,19,523,13.609804153442383,0.9430140593112665,0.3336831784698547,0.11528692986965651,-0.27748314332238594,0.004659899796468187,0.13386670025206712,-0.11812941210701812,0.0057601918942879055,-0.05535444124897546,0.006234956515235586,-0.00017455982665080694
200,19,524,13.6098051071167,0.9430140492076136,0.3336831499161615,0.1152869208009963,-0.2774831127533607,0.004659899796468187,0.13386670025206712,-0.11812941210701812,0.0057601918942879055,-0.05535444124897546,0.006234956515235586,-0.00017455982665080694
200,19,525,13.609804153442383,0.9430140570939126,0.333683172203444,0.1152869117323361,-0.27748314332238594,0.004659899796468187,0.13386670025206712,-0.11812941210701812,0.0057601918942879055,-0.05535444124897546,0.006234956515235586,-0.00017455982665080694
200,19,526,13.609804153442383,0.9430140649802128,0.33368319449072814,0.11528690266367589,-0.27748317389141125,0.004659899796468187,0.13386670025206712,-0.11812941210701812,0.0057601918942879055,-0.05535444124897546,0.006234956515235586,-0.00017455982665080694
200,19,527,13.609804153442383,0.9430140559852359,0.333683169070239,0.11528690266367589,-0.27748314332238594,0.004659899796468187,0.13386670025206712,-0.11812941210701812,0.0057601918942879055,-0.05535444124897546,0.006234956515235586,-0.00017455982665080694
200,19,528,13.609804153442383,0.9430140559852359,0.333683169070239,0.11528690266367589,-0.27748314332238594,0.004659899796468187,0.13386670025206712,-0.11812941210701812,0.0057601918942879055,-0.05535444124897546,0.006234956515235586,-0.00017455982665080694
200,19,529,13.609804153442383,0.9430140559852359,0.333683169070239,0.11528690266367589,-0.27748314332238594,0.004659899796468187,0.13386670025206712,-0.11812941210701812,0.0057601918942879055,-0.05535444124897546,0.006234956515235586,-0.00017455982665080694
200,19,530,13.609804153442383,0.9430140559852359,0.333683169070239,0.11528690266367589,-0.27748314332238594,0.004659899796468187,0.13386670025206712,-0.11812941210701812,0.0057601918942879055,-0.05535444124897546,0.006234956515235586,-0.00017455982665080694
200,19,531,13.609804153442383,0.9430140649802128,0.33368319449072814,0.11528690266367589,-0.27748317389141125,0.004659899796468187,0.13386670025206712,-0.11812941210701812,0.0057601918942879055,-0.05535444124897546,0.006234956515235586,-0.00017455982665080694
200,19,532,13.609804153442383,0.9430140559852359,0.333683169070239,0.11528690266367589,-0.27748314332238594,0.004659899796468187,0.13386670025206712,-0.11812941210701812,0.0057601918942879055,-0.05535444124897546,0.006234956515235586,-0.00017455982665080694
200,19,533,13.6098051071167,0.9430140472203286,0.3336831442999423,0.11528690266367589,-0.2774831127533607,0.004659899796468187,0.13386670025206712,-0.11812941210701812,0.0057601918942879055,-0.055354445168407,0.006234956515235586,-0.00017455982665080694
200,19,534,13.609803199768066,0.9430140562153045,0.33368316972043044,0.11528690266367589,-0.27748314332238594,0.004659899796468187,0.13386670025206712,-0.11812941210701812,0.0057601918942879055,-0.055354445168407,0.006234956515235586,-0.00017455982665080694
200,19,535,13.609804153442383,0.9430140652102814,0.33368319514091954,0.11528690266367589,-0.27748317389141125,0.004659899796468187,0.13386670025206712,-0.11812941210701812,0.0057601918942879055,-0.055354445168407,0.006234956515235586,-0.00017455982665080694
200,19,536,13.609804153442383,0.9430140652102814,0.33368319514091954,0.11528690266367589,-0.27748317389141125,0.004659899796468187,0.13386670025206712,-0.11812941210701812,0.0057601918942879055,-0.055354445168407,0.006234956515235586,-0.00017455982665080694
200,19,537,13.609803199768066,0.9430140562153045,0.33368316972043044,0.11528690266367589,-0.27748314332238594,0.004659899796468187,0.13386670025206712,-0.11812941210701812,0.0057601918942879055,-0.055354445168407,0.006234956515235586,-0.00017455982665080694
200,19,538,13.6098051071167,0.9430140472203286,0.3336831442999423,0.11528690266367589,-0.2774831127533607,0.004659899796468187,0.13386670025206712,-0.11812941210701812,0.0057601918942879055,-0.055354445168407,0.006234956515235586,-0.00017455982665080694
200,19,539,13.609803199768066,0.9430140562153045,0.33368316972043044,0.11528690266367589,-0.27748314332238594,0.004659899796468187,0.13386670025206712,-0.11812941210701812,0.0057601918942879055,-0.055354445168407,0.006234956515235586,-0.00017455982665080694
200,19,540,13.609804153442383,0.9430140652102814,0.33368319514091954,0.11528690266367589,-0.27748317389141125,0.004659899796468187,0.13386670025206712,-0.11812941210701812,0.0057601918942879055,-0.055354445168407,0.006234956515235586,-0.00017455982665080694
200,19,541,13.609804153442383,0.9430140652102814,0.33368319514091954,0.11528690266367589,-0.27748317389141125,0.004659899796468187,0.13386670025206712,-0.11812941210701812,0.0057601918942879055,-0.055354445168407,0.006234956515235586,-0.00017455982665080694
200,19,542,13.6098051071167,0.9430140472203286,0.3336831442999423,0.11528690266367589,-0.2774831127533607,0.004659899796468187,0.13386670025206712,-0.11812941210701812,0.0057601918942879055,-0.055354445168407,0.006234956515235586,-0.00017455982665080694
200,19,543,13.6098051071167,0.9430140472203286,0.3336831442999423,0.11528690266367589,-0.2774831127533607,0.004659899796468187,0.13386670025206712,-0.11812941210701812,0.0057601918942879055,-0.055354445168407,0.006234956515235586,-0.00017455982665080694
200,19,544,13.609804153442383,0.9430140652102814,0.33368319514091954,0.11528690266367589,-0.27748317389141125,0.004659899796468187,0.13386670025206712,-0.11812941210701812,0.0057601918942879055,-0.055354445168407,0.006234956515235586,-0.00017455982665080694
200,19,545,13.609804153442383,0.9430140652102814,0.33368319514091954,0.11528690266367589,-0.27748317389141125,0.004659899796468187,0.13386670025206712,-0.11812941210701812,0.0057601918942879055,-0.055354445168407,0.006234956515235586,-0.00017455982665080694
200,19,546,13.609803199768066,0.9430140562153045,0.33368316972043044,0.11528690266367589,-0.27748314332238594,0.004659899796468187,0.13386670025206712,-0.11812941210701812,0.0057601918942879055,-0.055354445168407,0.006234956515235586,-0.00017455982665080694
200,19,547,13.6098051071167,0.9430140472203286,0.3336831442999423,0.11528690266367589,-0.2774831127533607,0.004659899796468187,0.13386670025206712,-0.11812941210701812,0.0057601918942879055,-0.055354445168407,0.006234956515235586,-0.00017455982665080694
200,19,548,13.609803199768066,0.9430140562153045,0.33368316972043044,0.11528690266367589,-0.27748314332238594,0.004659899796468187,0.13386670025206712,-0.11812941210701812,0.0057601918942879055,-0.055354445168407,0.006234956515235586,-0.00017455982665080694
200,19,549,13.609804153442383,0.9430140652102814,0.33368319514091954,0.11528690266367589,-0.27748317389141125,0.004659899796468187,0.13386670025206712,-0.11812941210701812,0.0057601918942879055,-0.055354445168407,0.006234956515235586,-0.00017455982665080694
200,19,550,13.609804153442383,0.9430140652102814,0.33368319514091954,0.11528690266367589,-0.27748317389141125,0.004659899796468187,0.13386670025206712,-0.11812941210701812,0.0057601918942879055,-0.055354445168407,0.006234956515235586,-0.00017455982665080694
200,19,551,13.6098051071167,0.9430140483290054,0.33368314743314753,0.1152869117323361,-0.2774831127533607,0.004659899796468187,0.13386670025206712,-0.11812941210701812,0.0057601918942879055,-0.055354445168407,0.006234956515235586,-0.00017455982665080694
200,19,552,13.6098051071167,0.9430140483290054,0.33368314743314753,0.1152869117323361,-0.2774831127533607,0.004659899796468187,0.13386670025206712,-0.11812941210701812,0.0057601918942879055,-0.055354445168407,0.006234956515235586,-0.00017455982665080694
200,19,553,13.609804153442383,0.9430140663189582,0.33368319827412435,0.1152869117323361,-0.27748317389141125,0.004659899796468187,0.13386670025206712,-0.11812941210701812,0.0057601918942879055,-0.055354445168407,0.006234956515235586,-0.00017455982665080694
200,19,554,13.609804153442383,0.943014075313936,0.333683223694614,0.1152869117323361,-0.2774832044604365,0.004659899796468187,0.13386670025206712,-0.11812941210701812,0.0057601918942879055,-0.055354445168407,0.006234956515235586,-0.00017455982665080694
200,19,555,13.6098051071167,0.9430140483290054,0.33368314743314753,0.1152869117323361,-0.2774831127533607,0.004659899796468187,0.13386670025206712,-0.11812941210701812,0.0057601918942879055,-0.055354445168407,0.006234956515235586,-0.00017455982665080694
200,19,556,13.609804153442383,0.9430140393340303,0.3336831220126604,0.1152869117323361,-0.2774830821843354,0.004659899796468187,0.13386670025206712,-0.11812941210701812,0.0057601918942879055,-0.055354445168407,0.006234956515235586,-0.00017455982665080694
200,19,557,13.609804153442383,0.9430140663189582,0.33368319827412435,0.1152869117323361,-0.27748317389141125,0.004659899796468187,0.13386670025206712,-0.11812941210701812,0.0057601918942879055,-0.055354445168407,0.006234956515235586,-0.00017455982665080694
200,19,558,13.609804153442383,0.943014075313936,0.333683223694614,0.1152869117323361,-0.2774832044604365,0.004659899796468187,0.13386670025206712,-0.11812941210701812,0.0057601918942879055,-0.055354445168407,0.006234956515235586,-0.00017455982665080694
200,19,559,13.609803199768066,0.9430140573239812,0.33368317285363547,0.1152869117323361,-0.27748314332238594,0.004659899796468187,0.13386670025206712,-0.11812941210701812,0.0057601918942879055,-0.055354445168407,0.006234956515235586,-0.00017455982665080694
200,19,560,13.609804153442383,0.9430140393340303,0.3336831220126604,0.1152869117323361,-0.2774830821843354,0.004659899796468187,0.13386670025206712,-0.11812941210701812,0.0057601918942879055,-0.055354445168407,0.006234956515235586,-0.00017455982665080694
200,19,561,13.609804153442383,0.9430140557537754,0.33368316841611395,0.1152869117323361,-0.27748314332238594,0.004659899796468187,0.13386668921392061,-0.11812941210701812,0.0057601918942879055,-0.055354445168407,0.006234956020273397,-0.00017455982665080694
200,19,562,13.609804153442383,0.94301407374373,0.33368321925709316,0.1152869117323361,-0.2774832044604365,0.004659899796468187,0.13386668921392061,-0.11812941210701812,0.0057601918942879055,-0.055354445168407,0.006234956020273397,-0.00017455982665080694
200,19,563,13.609804153442383,0.9430140647487523,0.33368319383660316,0.1152869117323361,-0.27748317389141125,0.004659899796468187,0.13386668921392061,-0.11812941210701812,0.0057601918942879055,-0.055354445168407,0.006234956020273397,-0.00017455982665080694
200,19,564,13.609804153442383,0.9430140377638243,0.3336831175751382,0.1152869117323361,-0.2774830821843354,0.004659899796468187,0.13386668921392061,-0.11812941210701812,0.0057601918942879055,-0.055354445168407,0.006234956020273397,-0.00017455982665080694
200,19,565,13.609804153442383,0.9430140467587994,0.3336831429956256,0.1152869117323361,-0.2774831127533607,0.004659899796468187,0.13386668921392061,-0.11812941210701812,0.0057601918942879055,-0.055354445168407,0.006234956020273397,-0.00017455982665080694
200,19,566,13.609804153442383,0.9430140647487523,0.33368319383660316,0.1152869117323361,-0.27748317389141125,0.004659899796468187,0.13386668921392061,-0.11812941210701812,0.0057601918942879055,-0.055354445168407,0.006234956020273397,-0.00017455982665080694
200,19,567,13.609804153442383,0.94301407374373,0.33368321925709316,0.1152869117323361,-0.2774832044604365,0.004659899796468187,0.13386668921392061,-0.11812941210701812,0.0057601918942879055,-0.055354445168407,0.006234956020273397,-0.00017455982665080694
200,19,568,13.609804153442383,0.9430140467587994,0.3336831429956256,0.1152869117323361,-0.2774831127533607,0.004659899796468187,0.13386668921392061,-0.11812941210701812,0.0057601918942879055,-0.055354445168407,0.006234956020273397,-0.00017455982665080694
200,19,569,13.609804153442383,0.9430140377638243,0.3336831175751382,0.1152869117323361,-0.2774830821843354,0.004659899796468187,0.13386668921392061,-0.11812941210701812,0.0057601918942879055,-0.055354445168407,0.006234956020273397,-0.00017455982665080694
200,19,570,13.609804153442383,0.9430140647487523,0.33368319383660316,0.1152869117323361,-0.27748317389141125,0.004659899796468187,0.13386668921392061,-0.11812941210701812,0.0057601918942879055,-0.055354445168407,0.006234956020273397,-0.00017455982665080694
200,19,571,13.609804153442383,0.94301407374373,0.33368321925709316,0.1152869117323361,-0.2774832044604365,0.004659899796468187,0.13386668921392061,-0.11812941210701812,0.0057601918942879055,-0.055354445168407,0.006234956020273397,-0.00017455982665080694
200,19,572,13.609804153442383,0.9430140467587994,0.3336831429956256,0.1152869117323361,-0.2774831127533607,0.004659899796468187,0.13386668921392061,-0.11812941210701812,0.0057601918942879055,-0.055354445168407,0.006234956020273397,-0.00017455982665080694
200,19,573,13.609804153442383,0.9430140377638243,0.3336831175751382,0.1152869117323361,-0.2774830821843354,0.004659899796468187,0.13386668921392061,-0.11812941210701812,0.0057601918942879055,-0.055354445168407,0.006234956020273397,-0.00017455982665080694
200,19,574,13.609804153442383,0.9430140647487523,0.33368319383660316,0.1152869117323361,-0.27748317389141125,0.004659899796468187,0.13386668921392061,-0.11812941210701812,0.0057601918942879055,-0.055354445168407,0.006234956020273397,-0.00017455982665080694
200,19,575,13.609804153442383,0.94301407374373,0.33368321925709316,0.1152869117323361,-0.2774832044604365,0.004659899796468187,0.13386668921392061,-0.11812941210701812,0.0057601918942879055,-0.055354445168407,0.006234956020273397,-0.00017455982665080694
200,19,576,13.609804153442383,0.9430140557537754,0.33368316841611395,0.1152869117323361,-0.27748314332238594,0.004659899796468187,0.13386668921392061,-0.11812941210701812,0.0057601918942879055,-0.055354445168407,0.006234956020273397,-0.00017455982665080694
200,19,577,13.609804153442383,0.9430140377638243,0.3336831175751382,0.1152869117323361,-0.2774830821843354,0.004659899796468187,0.13386668921392061,-0.11812941210701812,0.0057601918942879055,-0.055354445168407,0.006234956020273397,-0.00017455982665080694
200,19,578,13.609804153442383,0.9430140467587994,0.3336831429956256,0.1152869117323361,-0.2774831127533607,0.004659899796468187,0.13386668921392061,-0.11812941210701812,0.0057601918942879055,-0.055354445168407,0.006234956020273397,-0.00017455982665080694
200,19,579,13.609804153442383,0.94301407374373,0.33368321925709316,0.1152869117323361,-0.2774832044604365,0.004659899796468187,0.13386668921392061,-0.11812941210701812,0.0057601918942879055,-0.055354445168407,0.006234956020273397,-0.00017455982665080694
200,19,580,13.609804153442383,0.9430140647487523,0.33368319383660316,0.1152869117323361,-0.27748317389141125,0.004659899796468187,0.13386668921392061,-0.11812941210701812,0.0057601918942879055,-0.055354445168407,0.006234956020273397,-0.00017455982665080694
200,19,581,13.609804153442383,0.9430140396304814,0.33368314743403804,0.1152869117323361,-0.2774831127533607,0.004659899796468187,0.13386670025206712,-0.11812942140898096,0.005760192481633287,-0.055354445168407,0.006234956020273397,-0.00017455982665080694
200,19,582,13.609804153442383,0.9430140396304814,0.33368314743403804,0.1152869117323361,-0.2774831127533607,0.004659899796468187,0.13386670025206712,-0.11812942140898096,0.005760192481633287,-0.055354445168407,0.006234956020273397,-0.00017455982665080694
200,19,583,13.609804153442383,0.9430140576204343,0.33368319827501486,0.1152869117323361,-0.27748317389141125,0.004659899796468187,0.13386670025206712,-0.11812942140898096,0.005760192481633287,-0.055354445168407,0.006234956020273397,-0.00017455982665080694
200,19,584,13.609804153442383,0.9430140576204343,0.33368319827501486,0.1152869117323361,-0.27748317389141125,0.004659899796468187,0.13386670025206712,-0.11812942140898096,0.005760192481633287,-0.055354445168407,0.006234956020273397,-0.00017455982665080694
200,19,585,13.609804153442383,0.9430140396304814,0.33368314743403804,0.1152869117323361,-0.2774831127533607,0.004659899796468187,0.13386670025206712,-0.11812942140898096,0.005760192481633287,-0.055354445168407,0.006234956020273397,-0.00017455982665080694
200,19,586,13.609804153442383,0.9430140396304814,0.33368314743403804,0.1152869117323361,-0.2774831127533607,0.004659899796468187,0.13386670025206712,-0.11812942140898096,0.005760192481633287,-0.055354445168407,0.006234956020273397,-0.00017455982665080694
200,19,587,13.609804153442383,0.9430140576204343,0.33368319827501486,0.1152869117323361,-0.27748317389141125,0.004659899796468187,0.13386670025206712,-0.11812942140898096,0.005760192481633287,-0.055354445168407,0.006234956020273397,-0.00017455982665080694
200,19,588,13.609804153442383,0.9430140576204343,0.33368319827501486,0.1152869117323361,-0.27748317389141125,0.004659899796468187,0.13386670025206712,-0.11812942140898096,0.005760192481633287,-0.055354445168407,0.006234956020273397,-0.00017455982665080694
200,19,589,13.609804153442383,0.9430140488587986,0.333683173513966,0.1152869117323361,-0.27748314332238594,0.004659899796468187,0.13386670025206712,-0.11812942140898096,0.005760192481633287,-0.055354449087838535,0.006234956515235586,-0.00017455982665080694
200,19,590,13.6098051071167,0.9430140398638225,0.3336831480934781,0.1152869117323361,-0.2774831127533607,0.004659899796468187,0.13386670025206712,-0.11812942140898096,0.005760192481633287,-0.055354449087838535,0.006234956515235586,-0.00017455982665080694
200,19,591,13.6098051071167,0.9430140398638225,0.3336831480934781,0.1152869117323361,-0.2774831127533607,0.004659899796468187,0.13386670025206712,-0.11812942140898096,0.005760192481633287,-0.055354449087838535,0.006234956515235586,-0.00017455982665080694
200,19,592,13.609804153442383,0.9430140578537756,0.3336831989344548,0.1152869117323361,-0.27748317389141125,0.004659899796468187,0.13386670025206712,-0.11812942140898096,0.005760192481633287,-0.055354449087838535,0.006234956515235586,-0.00017455982665080694
200,19,593,13.609804153442383,0.9430140578537756,0.3336831989344548,0.1152869117323361,-0.27748317389141125,0.004659899796468187,0.13386670025206712,-0.11812942140898096,0.005760192481633287,-0.055354449087838535,0.006234956515235586,-0.00017455982665080694
200,19,594,13.609804153442383,0.9430140488587986,0.333683173513966,0.1152869117323361,-0.27748314332238594,0.004659899796468187,0.13386670025206712,-0.11812942140898096,0.005760192481633287,-0.055354449087838535,0.006234956515235586,-0.00017455982665080694
200,19,595,13.6098051071167,0.9430140398638225,0.3336831480934781,0.1152869117323361,-0.2774831127533607,0.004659899796468187,0.13386670025206712,-0.11812942140898096,0.005760192481633287,-0.055354449087838535,0.006234956515235586,-0.00017455982665080694
200,19,596,13.6098051071167,0.9430140398638225,0.3336831480934781,0.1152869117323361,-0.2774831127533607,0.004659899796468187,0.13386670025206712,-0.11812942140898096,0.005760192481633287,-0.055354449087838535,0.006234956515235586,-0.00017455982665080694
200,19,597,13.609804153442383,0.9430140578537756,0.3336831989344548,0.1152869117323361,-0.27748317389141125,0.004659899796468187,0.13386670025206712,-0.11812942140898096,0.005760192481633287,-0.055354449087838535,0.006234956515235586,-0.00017455982665080694
200,19,598,13.609804153442383,0.9430140578537756,0.3336831989344548,0.1152869117323361,-0.27748317389141125,0.004659899796468187,0.13386670025206712,-0.11812942140898096,0.005760192481633287,-0.055354449087838535,0.006234956515235586,-0.00017455982665080694
200,19,599,13.609804153442383,0.9430140488587986,0.333683173513966,0.1152869117323361,-0.27748314332238594,0.004659899796468187,0.13386670025206712,-0.11812942140898096,0.005760192481633287,-0.055354449087838535,0.006234956515235586,-0.00017455982665080694
200,19,600,13.6098051071167,0.9430140382968891,0.33368314366520474,0.1152869117323361,-0.2774831127533607,0.004659899796468187,0.13386668921392061,-0.11812942140898096,0.005760192481633287,-0.055354449087838535,0.006234956515235586,-0.00017455982665080694
200,19,601,13.6098051071167,0.9430140382968891,0.33368314366520474,0.1152869117323361,-0.2774831127533607,0.004659899796468187,0.13386668921392061,-0.11812942140898096,0.005760192481633287,-0.055354449087838535,0.006234956515235586,-0.00017455982665080694
200,19,602,13.609804153442383,0.9430140562868422,0.3336831945061821,0.1152869117323361,-0.27748317389141125,0.004659899796468187,0.13386668921392061,-0.11812942140898096,0.005760192481633287,-0.055354449087838535,0.006234956515235586,-0.00017455982665080694
200,19,603,13.609804153442383,0.9430140562868422,0.3336831945061821,0.1152869117323361,-0.27748317389141125,0.004659899796468187,0.13386668921392061,-0.11812942140898096,0.005760192481633287,-0.055354449087838535,0.006234956515235586,-0.00017455982665080694
200,19,604,13.609804153442383,0.9430140472918652,0.33368316908569295,0.1152869117323361,-0.27748314332238594,0.004659899796468187,0.13386668921392061,-0.11812942140898096,0.005760192481633287,-0.055354449087838535,0.006234956515235586,-0.00017455982665080694
200,19,605,13.6098051071167,0.9430140382968891,0.33368314366520474,0.1152869117323361,-0.2774831127533607,0.004659899796468187,0.13386668921392061,-0.11812942140898096,0.005760192481633287,-0.055354449087838535,0.006234956515235586,-0.00017455982665080694
200,19,606,13.609804153442383,0.9430140472918652,0.33368316908569295,0.1152869117323361,-0.27748314332238594,0.004659899796468187,0.13386668921392061,-0.11812942140898096,0.005760192481633287,-0.055354449087838535,0.006234956515235586,-0.00017455982665080694
200,19,607,13.609804153442383,0.9430140562868422,0.3336831945061821,0.1152869117323361,-0.27748317389141125,0.004659899796468187,0.13386668921392061,-0.11812942140898096,0.005760192481633287,-0.055354449087838535,0.006234956515235586,-0.00017455982665080694
200,19,608,13.609804153442383,0.9430140472918652,0.33368316908569295,0.1152869117323361,-0.27748314332238594,0.004659899796468187,0.13386668921392061,-0.11812942140898096,0.005760192481633287,-0.055354449087838535,0.006234956515235586,-0.00017455982665080694
200,19,609,13.6098051071167,0.9430140382968891,0.33368314366520474,0.1152869117323361,-0.2774831127533607,0.004659899796468187,0.13386668921392061,-0.11812942140898096,0.005760192481633287,-0.055354449087838535,0.006234956515235586,-0.00017455982665080694
200,19,610,13.609804153442383,0.9430140472918652,0.33368316908569295,0.1152869117323361,-0.27748314332238594,0.004659899796468187,0.13386668921392061,-0.11812942140898096,0.005760192481633287,-0.055354449087838535,0.006234956515235586,-0.00017455982665080694
200,19,611,13.609804153442383,0.9430140562868422,0.3336831945061821,0.1152869117323361,-0.27748317389141125,0.004659899796468187,0.13386668921392061,-0.11812942140898096,0.005760192481633287,-0.055354449087838535,0.006234956515235586,-0.00017455982665080694
200,19,612,13.609804153442383,0.9430140472918652,0.33368316908569295,0.1152869117323361,-0.27748314332238594,0.004659899796468187,0.13386668921392061,-0.11812942140898096,0.005760192481633287,-0.055354449087838535,0.006234956515235586,-0.00017455982665080694
200,19,613,13.6098051071167,0.9430140382968891,0.33368314366520474,0.1152869117323361,-0.2774831127533607,0.004659899796468187,0.13386668921392061,-0.11812942140898096,0.005760192481633287,-0.055354449087838535,0.006234956515235586,-0.00017455982665080694
200,19,614,13.609804153442383,0.9430140472918652,0.33368316908569295,0.1152869117323361,-0.27748314332238594,0.004659899796468187,0.13386668921392061,-0.11812942140898096,0.005760192481633287,-0.055354449087838535,0.006234956515235586,-0.00017455982665080694
200,19,615,13.609804153442383,0.9430140562868422,0.3336831945061821,0.1152869117323361,-0.27748317389141125,0.004659899796468187,0.13386668921392061,-0.11812942140898096,0.005760192481633287,-0.055354449087838535,0.006234956515235586,-0.00017455982665080694
200,19,616,13.609804153442383,0.9430140472918652,0.33368316908569295,0.1152869117323361,-0.27748314332238594,0.004659899796468187,0.13386668921392061,-0.11812942140898096,0.005760192481633287,-0.055354449087838535,0.006234956515235586,-0.00017455982665080694
200,19,617,13.609804153442383,0.9430140472918652,0.33368316908569295,0.1152869117323361,-0.27748314332238594,0.004659899796468187,0.13386668921392061,-0.11812942140898096,0.005760192481633287,-0.055354449087838535,0.006234956515235586,-0.00017455982665080694
200,19,618,13.609804153442383,0.9430140472918652,0.33368316908569295,0.1152869117323361,-0.27748314332238594,0.004659899796468187,0.13386668921392061,-0.11812942140898096,0.005760192481633287,-0.055354449087838535,0.006234956515235586,-0.00017455982665080694
200,19,619,13.609804153442383,0.9430140472918652,0.33368316908569295,0.1152869117323361,-0.27748314332238594,0.004659899796468187,0.13386668921392061,-0.11812942140898096,0.005760192481633287,-0.055354449087838535,0.006234956515235586,-0.00017455982665080694
200,19,620,13.609804153442383,0.9430140472918652,0.33368316908569295,0.1152869117323361,-0.27748314332238594,0.004659899796468187,0.13386668921392061,-0.11812942140898096,0.005760192481633287,-0.055354449087838535,0.006234956515235586,-0.00017455982665080694
200,19,621,13.609804153442383,0.9430140472918652,0.33368316908569295,0.1152869117323361,-0.27748314332238594,0.004659899796468187,0.13386668921392061,-0.11812942140898096,0.005760192481633287,-0.055354449087838535,0.006234956515235586,-0.00017455982665080694
200,19,622,13.609804153442383,0.9430140472918652,0.33368316908569295,0.1152869117323361,-0.27748314332238594,0.004659899796468187,0.13386668921392061,-0.11812942140898096,0.005760192481633287,-0.055354449087838535,0.006234956515235586,-0.00017455982665080694
200,19,623,13.609804153442383,0.9430140472918652,0.33368316908569295,0.1152869117323361,-0.27748314332238594,0.004659899796468187,0.13386668921392061,-0.11812942140898096,0.005760192481633287,-0.055354449087838535,0.006234956515235586,-0.00017455982665080694
200,19,624,13.609804153442383,0.9430140472918652,0.33368316908569295,0.1152869117323361,-0.27748314332238594,0.004659899796468187,0.13386668921392061,-0.11812942140898096,0.005760192481633287,-0.055354449087838535,0.006234956515235586,-0.00017455982665080694
200,19,625,13.609804153442383,0.9430140562868422,0.3336831945061821,0.1152869117323361,-0.27748317389141125,0.004659899796468187,0.13386668921392061,-0.11812942140898096,0.005760192481633287,-0.055354449087838535,0.006234956515235586,-0.00017455982665080694
200,19,626,13.609804153442383,0.9430140472918652,0.33368316908569295,0.1152869117323361,-0.27748314332238594,0.004659899796468187,0.13386668921392061,-0.11812942140898096,0.005760192481633287,-0.055354449087838535,0.006234956515235586,-0.00017455982665080694
200,19,627,13.6098051071167,0.9430140382968891,0.33368314366520474,0.1152869117323361,-0.2774831127533607,0.004659899796468187,0.13386668921392061,-0.11812942140898096,0.005760192481633287,-0.055354449087838535,0.006234956515235586,-0.00017455982665080694
200,19,628,13.609804153442383,0.9430140472918652,0.33368316908569295,0.1152869117323361,-0.27748314332238594,0.004659899796468187,0.13386668921392061,-0.11812942140898096,0.005760192481633287,-0.055354449087838535,0.006234956515235586,-0.00017455982665080694
200,19,629,13.609804153442383,0.9430140562868422,0.3336831945061821,0.1152869117323361,-0.27748317389141125,0.004659899796468187,0.13386668921392061,-0.11812942140898096,0.005760192481633287,-0.055354449087838535,0.006234956515235586,-0.00017455982665080694
200,19,630,13.609804153442383,0.9430140472918652,0.33368316908569295,0.1152869117323361,-0.27748314332238594,0.004659899796468187,0.13386668921392061,-0.11812942140898096,0.005760192481633287,-0.055354449087838535,0.006234956515235586,-0.00017455982665080694
200,19,631,13.6098051071167,0.9430140382968891,0.33368314366520474,0.1152869117323361,-0.2774831127533607,0.004659899796468187,0.13386668921392061,-0.11812942140898096,0.005760192481633287,-0.055354449087838535,0.006234956515235586,-0.00017455982665080694
200,19,632,13.609804153442383,0.9430140472918652,0.33368316908569295,0.1152869117323361,-0.27748314332238594,0.004659899796468187,0.13386668921392061,-0.11812942140898096,0.005760192481633287,-0.055354449087838535,0.006234956515235586,-0.00017455982665080694
200,19,633,13.609804153442383,0.9430140562868422,0.3336831945061821,0.1152869117323361,-0.27748317389141125,0.004659899796468187,0.13386668921392061,-0.11812942140898096,0.005760192481633287,-0.055354449087838535,0.006234956515235586,-0.00017455982665080694
200,19,634,13.609804153442383,0.9430140472918652,0.33368316908569295,0.1152869117323361,-0.27748314332238594,0.004659899796468187,0.13386668921392061,-0.11812942140898096,0.005760192481633287,-0.055354449087838535,0.006234956515235586,-0.00017455982665080694
200,19,635,13.6098051071167,0.9430140382968891,0.33368314366520474,0.1152869117323361,-0.2774831127533607,0.004659899796468187,0.13386668921392061,-0.11812942140898096,0.005760192481633287,-0.055354449087838535,0.006234956515235586,-0.00017455982665080694
200,19,636,13.609804153442383,0.9430140472918652,0.33368316908569295,0.1152869117323361,-0.27748314332238594,0.004659899796468187,0.13386668921392061,-0.11812942140898096,0.005760192481633287,-0.055354449087838535,0.006234956515235586,-0.00017455982665080694
200,19,637,13.609804153442383,0.9430140562868422,0.3336831945061821,0.1152869117323361,-0.27748317389141125,0.004659899796468187,0.13386668921392061,-0.11812942140898096,0.005760192481633287,-0.055354449087838535,0.006234956515235586,-0.00017455982665080694
200,19,638,13.609804153442383,0.9430140472918652,0.33368316908569295,0.1152869117323361,-0.27748314332238594,0.004659899796468187,0.13386668921392061,-0.11812942140898096,0.005760192481633287,-0.055354449087838535,0.006234956515235586,-0.00017455982665080694
200,19,639,13.609804153442383,0.9430140472918652,0.33368316908569295,0.1152869117323361,-0.27748314332238594,0.004659899796468187,0.13386668921392061,-0.11812942140898096,0.005760192481633287,-0.055354449087838535,0.006234956515235586,-0.00017455982665080694
200,19,640,13.609804153442383,0.9430140472918652,0.33368316908569295,0.1152869117323361,-0.27748314332238594,0.004659899796468187,0.13386668921392061,-0.11812942140898096,0.005760192481633287,-0.055354449087838535,0.006234956515235586,-0.00017455982665080694
200,19,641,13.609804153442383,0.9430140472918652,0.33368316908569295,0.1152869117323361,-0.27748314332238594,0.004659899796468187,0.13386668921392061,-0.11812942140898096,0.005760192481633287,-0.055354449087838535,0.006234956515235586,-0.00017455982665080694
200,19,642,13.609804153442383,0.9430140472918652,0.33368316908569295,0.1152869117323361,-0.27748314332238594,0.004659899796468187,0.13386668921392061,-0.11812942140898096,0.005760192481633287,-0.055354449087838535,0.006234956515235586,-0.00017455982665080694
200,19,643,13.609804153442383,0.9430140472918652,0.33368316908569295,0.1152869117323361,-0.27748314332238594,0.004659899796468187,0.13386668921392061,-0.11812942140898096,0.005760192481633287,-0.055354449087838535,0.006234956515235586,-0.00017455982665080694
200,19,644,13.609804153442383,0.9430140472918652,0.33368316908569295,0.1152869117323361,-0.27748314332238594,0.004659899796468187,0.13386668921392061,-0.11812942140898096,0.005760192481633287,-0.055354449087838535,0.006234956515235586,-0.00017455982665080694
200,19,645,13.609804153442383,0.9430140472918652,0.33368316908569295,0.1152869117323361,-0.27748314332238594,0.004659899796468187,0.13386668921392061,-0.11812942140898096,0.005760192481633287,-0.055354449087838535,0.006234956515235586,-0.00017455982665080694
200,19,646,13.609804153442383,0.9430140472918652,0.33368316908569295,0.1152869117323361,-0.27748314332238594,0.004659899796468187,0.13386668921392061,-0.11812942140898096,0.005760192481633287,-0.055354449087838535,0.006234956515235586,-0.00017455982665080694
200,19,647,13.609804153442383,0.9430140562868422,0.3336831945061821,0.1152869117323361,-0.27748317389141125,0.004659899796468187,0.13386668921392061,-0.11812942140898096,0.005760192481633287,-0.055354449087838535,0.006234956515235586,-0.00017455982665080694
200,19,648,13.609804153442383,0.9430140472918652,0.33368316908569295,0.1152869117323361,-0.27748314332238594,0.004659899796468187,0.13386668921392061,-0.11812942140898096,0.005760192481633287,-0.055354449087838535,0.006234956515235586,-0.00017455982665080694
200,19,649,13.6098051071167,0.9430140382968891,0.33368314366520474,0.1152869117323361,-0.2774831127533607,0.004659899796468187,0.13386668921392061,-0.11812942140898096,0.005760192481633287,-0.055354449087838535,0.006234956515235586,-0.00017455982665080694
200,19,650,13.609804153442383,0.9430140472918652,0.33368316908569295,0.1152869117323361,-0.27748314332238594,0.004659899796468187,0.13386668921392061,-0.11812942140898096,0.005760192481633287,-0.055354449087838535,0.006234956515235586,-0.00017455982665080694
200,19,651,13.609804153442383,0.9430140562868422,0.3336831945061821,0.1152869117323361,-0.27748317389141125,0.004659899796468187,0.13386668921392061,-0.11812942140898096,0.005760192481633287,-0.055354449087838535,0.006234956515235586,-0.00017455982665080694
200,19,652,13.609804153442383,0.9430140472918652,0.33368316908569295,0.1152869117323361,-0.27748314332238594,0.004659899796468187,0.13386668921392061,-0.11812942140898096,0.005760192481633287,-0.055354449087838535,0.006234956515235586,-0.00017455982665080694
200,19,653,13.6098051071167,0.9430140382968891,0.33368314366520474,0.1152869117323361,-0.2774831127533607,0.004659899796468187,0.13386668921392061,-0.11812942140898096,0.005760192481633287,-0.055354449087838535,0.006234956515235586,-0.00017455982665080694
200,19,654,13.609804153442383,0.9430140472918652,0.33368316908569295,0.1152869117323361,-0.27748314332238594,0.004659899796468187,0.13386668921392061,-0.11812942140898096,0.005760192481633287,-0.055354449087838535,0.006234956515235586,-0.00017455982665080694
200,19,655,13.609804153442383,0.9430140562868422,0.3336831945061821,0.1152869117323361,-0.27748317389141125,0.004659899796468187,0.13386668921392061,-0.11812942140898096,0.005760192481633287,-0.055354449087838535,0.006234956515235586,-0.00017455982665080694
200,19,656,13.609804153442383,0.9430140472918652,0.33368316908569295,0.1152869117323361,-0.27748314332238594,0.004659899796468187,0.13386668921392061,-0.11812942140898096,0.005760192481633287,-0.055354449087838535,0.006234956515235586,-0.00017455982665080694
200,19,657,13.6098051071167,0.9430140382968891,0.33368314366520474,0.1152869117323361,-0.2774831127533607,0.004659899796468187,0.13386668921392061,-0.11812942140898096,0.005760192481633287,-0.055354449087838535,0.006234956515235586,-0.00017455982665080694
200,19,658,13.609804153442383,0.9430140472918652,0.33368316908569295,0.1152869117323361,-0.27748314332238594,0.004659899796468187,0.13386668921392061,-0.11812942140898096,0.005760192481633287,-0.055354449087838535,0.006234956515235586,-0.00017455982665080694
200,19,659,13.609804153442383,0.9430140562868422,0.3336831945061821,0.1152869117323361,-0.27748317389141125,0.004659899796468187,0.13386668921392061,-0.11812942140898096,0.005760192481633287,-0.055354449087838535,0.006234956515235586,-0.00017455982665080694
200,19,660,13.609804153442383,0.9430140472918652,0.33368316908569295,0.1152869117323361,-0.27748314332238594,0.004659899796468187,0.13386668921392061,-0.11812942140898096,0.005760192481633287,-0.055354449087838535,0.006234956515235586,-0.00017455982665080694
200,19,661,13.609804153442383,0.9430140472918652,0.33368316908569295,0.1152869117323361,-0.27748314332238594,0.004659899796468187,0.13386668921392061,-0.11812942140898096,0.005760192481633287,-0.055354449087838535,0.006234956515235586,-0.00017455982665080694
200,19,662,13.609804153442383,0.9430140472918652,0.33368316908569295,0.1152869117323361,-0.27748314332238594,0.004659899796468187,0.13386668921392061,-0.11812942140898096,0.005760192481633287,-0.055354449087838535,0.006234956515235586,-0.00017455982665080694
200,19,663,13.609804153442383,0.9430140472918652,0.33368316908569295,0.1152869117323361,-0.27748314332238594,0.004659899796468187,0.13386668921392061,-0.11812942140898096,0.005760192481633287,-0.055354449087838535,0.006234956515235586,-0.00017455982665080694
200,19,664,13.609804153442383,0.9430140472918652,0.33368316908569295,0.1152869117323361,-0.27748314332238594,0.004659899796468187,0.13386668921392061,-0.11812942140898096,0.005760192481633287,-0.055354449087838535,0.006234956515235586,-0.00017455982665080694
200,19,665,13.609804153442383,0.9430140472918652,0.33368316908569295,0.1152869117323361,-0.27748314332238594,0.004659899796468187,0.13386668921392061,-0.11812942140898096,0.005760192481633287,-0.055354449087838535,0.006234956515235586,-0.00017455982665080694
200,19,666,13.609804153442383,0.9430140472918652,0.33368316908569295,0.1152869117323361,-0.27748314332238594,0.004659899796468187,0.13386668921392061,-0.11812942140898096,0.005760192481633287,-0.055354449087838535,0.006234956515235586,-0.00017455982665080694
200,19,667,13.609804153442383,0.9430140472918652,0.33368316908569295,0.1152869117323361,-0.27748314332238594,0.004659899796468187,0.13386668921392061,-0.11812942140898096,0.005760192481633287,-0.055354449087838535,0.006234956515235586,-0.00017455982665080694
200,19,668,13.609804153442383,0.9430140472918652,0.33368316908569295,0.1152869117323361,-0.27748314332238594,0.004659899796468187,0.13386668921392061,-0.11812942140898096,0.005760192481633287,-0.055354449087838535,0.006234956515235586,-0.00017455982665080694
200,19,669,13.609804153442383,0.9430140562868422,0.3336831945061821,0.1152869117323361,-0.27748317389141125,0.004659899796468187,0.13386668921392061,-0.11812942140898096,0.005760192481633287,-0.055354449087838535,0.006234956515235586,-0.00017455982665080694
200,19,670,13.609804153442383,0.9430140472918652,0.33368316908569295,0.1152869117323361,-0.27748314332238594,0.004659899796468187,0.13386668921392061,-0.11812942140898096,0.005760192481633287,-0.055354449087838535,0.006234956515235586,-0.00017455982665080694
200,19,671,13.6098051071167,0.9430140382968891,0.33368314366520474,0.1152869117323361,-0.2774831127533607,0.004659899796468187,0.13386668921392061,-0.11812942140898096,0.005760192481633287,-0.055354449087838535,0.006234956515235586,-0.00017455982665080694
200,19,672,13.609804153442383,0.9430140472918652,0.33368316908569295,0.1152869117323361,-0.27748314332238594,0.004659899796468187,0.13386668921392061,-0.11812942140898096,0.005760192481633287,-0.055354449087838535,0.006234956515235586,-0.00017455982665080694
200,19,673,13.609804153442383,0.9430140562868422,0.3336831945061821,0.1152869117323361,-0.27748317389141125,0.004659899796468187,0.13386668921392061,-0.11812942140898096,0.005760192481633287,-0.055354449087838535,0.006234956515235586,-0.00017455982665080694
200,19,674,13.609804153442383,0.9430140472918652,0.33368316908569295,0.1152869117323361,-0.27748314332238594,0.004659899796468187,0.13386668921392061,-0.11812942140898096,0.005760192481633287,-0.055354449087838535,0.006234956515235586,-0.00017455982665080694
200,19,675,13.6098051071167,0.9430140382968891,0.33368314366520474,0.1152869117323361,-0.2774831127533607,0.004659899796468187,0.13386668921392061,-0.11812942140898096,0.005760192481633287,-0.055354449087838535,0.006234956515235586,-0.00017455982665080694
200,19,676,13.609804153442383,0.9430140472918652,0.33368316908569295,0.1152869117323361,-0.27748314332238594,0.004659899796468187,0.13386668921392061,-0.11812942140898096,0.005760192481633287,-0.055354449087838535,0.006234956515235586,-0.00017455982665080694
200,19,677,13.609804153442383,0.9430140562868422,0.3336831945061821,0.1152869117323361,-0.27748317389141125,0.004659899796468187,0.13386668921392061,-0.11812942140898096,0.005760192481633287,-0.055354449087838535,0.006234956515235586,-0.00017455982665080694
200,19,678,13.609804153442383,0.9430140472918652,0.33368316908569295,0.1152869117323361,-0.27748314332238594,0.004659899796468187,0.13386668921392061,-0.11812942140898096,0.005760192481633287,-0.055354449087838535,0.006234956515235586,-0.00017455982665080694
200,19,679,13.6098051071167,0.9430140382968891,0.33368314366520474,0.1152869117323361,-0.2774831127533607,0.004659899796468187,0.13386668921392061,-0.11812942140898096,0.005760192481633287,-0.055354449087838535,0.006234956515235586,-0.00017455982665080694
200,19,680,13.609804153442383,0.9430140472918652,0.33368316908569295,0.1152869117323361,-0.27748314332238594,0.004659899796468187,0.13386668921392061,-0.11812942140898096,0.005760192481633287,-0.055354449087838535,0.006234956515235586,-0.00017455982665080694
200,19,681,13.609804153442383,0.9430140562868422,0.3336831945061821,0.1152869117323361,-0.27748317389141125,0.004659899796468187,0.13386668921392061,-0.11812942140898096,0.005760192481633287,-0.055354449087838535,0.006234956515235586,-0.00017455982665080694
200,19,682,13.609804153442383,0.9430140472918652,0.33368316908569295,0.1152869117323361,-0.27748314332238594,0.004659899796468187,0.13386668921392061,-0.11812942140898096,0.005760192481633287,-0.055354449087838535,0.006234956515235586,-0.00017455982665080694
200,19,683,13.609804153442383,0.9430140472918652,0.33368316908569295,0.1152869117323361,-0.27748314332238594,0.004659899796468187,0.13386668921392061,-0.11812942140898096,0.005760192481633287,-0.055354449087838535,0.006234956515235586,-0.00017455982665080694
200,19,684,13.609804153442383,0.9430140472918652,0.33368316908569295,0.1152869117323361,-0.27748314332238594,0.004659899796468187,0.13386668921392061,-0.11812942140898096,0.005760192481633287,-0.055354449087838535,0.006234956515235586,-0.00017455982665080694
200,19,685,13.609804153442383,0.9430140472918652,0.33368316908569295,0.1152869117323361,-0.27748314332238594,0.004659899796468187,0.13386668921392061,-0.11812942140898096,0.005760192481633287,-0.055354449087838535,0.006234956515235586,-0.00017455982665080694
200,19,686,13.609804153442383,0.9430140472918652,0.33368316908569295,0.1152869117323361,-0.27748314332238594,0.004659899796468187,0.13386668921392061,-0.11812942140898096,0.005760192481633287,-0.055354449087838535,0.006234956515235586,-0.00017455982665080694
200,19,687,13.609804153442383,0.9430140472918652,0.33368316908569295,0.1152869117323361,-0.27748314332238594,0.004659899796468187,0.13386668921392061,-0.11812942140898096,0.005760192481633287,-0.055354449087838535,0.006234956515235586,-0.00017455982665080694
200,19,688,13.609804153442383,0.9430140472918652,0.33368316908569295,0.1152869117323361,-0.27748314332238594,0.004659899796468187,0.13386668921392061,-0.11812942140898096,0.005760192481633287,-0.055354449087838535,0.006234956515235586,-0.00017455982665080694
200,19,689,13.609804153442383,0.9430140472918652,0.33368316908569295,0.1152869117323361,-0.27748314332238594,0.004659899796468187,0.13386668921392061,-0.11812942140898096,0.005760192481633287,-0.055354449087838535,0.006234956515235586,-0.00017455982665080694
200,19,690,13.609804153442383,0.9430140472918652,0.33368316908569295,0.1152869117323361,-0.27748314332238594,0.004659899796468187,0.13386668921392061,-0.11812942140898096,0.005760192481633287,-0.055354449087838535,0.006234956515235586,-0.00017455982665080694
200,19,691,13.609804153442383,0.9430140562868422,0.3336831945061821,0.1152869117323361,-0.27748317389141125,0.004659899796468187,0.13386668921392061,-0.11812942140898096,0.005760192481633287,-0.055354449087838535,0.006234956515235586,-0.00017455982665080694
200,19,692,13.609804153442383,0.9430140472918652,0.33368316908569295,0.1152869117323361,-0.27748314332238594,0.004659899796468187,0.13386668921392061,-0.11812942140898096,0.005760192481633287,-0.055354449087838535,0.006234956515235586,-0.00017455982665080694
200,19,693,13.6098051071167,0.9430140382968891,0.33368314366520474,0.1152869117323361,-0.2774831127533607,0.004659899796468187,0.13386668921392061,-0.11812942140898096,0.005760192481633287,-0.055354449087838535,0.006234956515235586,-0.00017455982665080694
200,19,694,13.609804153442383,0.9430140472918652,0.33368316908569295,0.1152869117323361,-0.27748314332238594,0.004659899796468187,0.13386668921392061,-0.11812942140898096,0.005760192481633287,-0.055354449087838535,0.006234956515235586,-0.00017455982665080694
200,19,695,13.609804153442383,0.9430140562868422,0.3336831945061821,0.1152869117323361,-0.27748317389141125,0.004659899796468187,0.13386668921392061,-0.11812942140898096,0.005760192481633287,-0.055354449087838535,0.006234956515235586,-0.00017455982665080694
200,19,696,13.609804153442383,0.9430140472918652,0.33368316908569295,0.1152869117323361,-0.27748314332238594,0.004659899796468187,0.13386668921392061,-0.11812942140898096,0.005760192481633287,-0.055354449087838535,0.006234956515235586,-0.00017455982665080694
200,19,697,13.6098051071167,0.9430140382968891,0.33368314366520474,0.1152869117323361,-0.2774831127533607,0.004659899796468187,0.13386668921392061,-0.11812942140898096,0.005760192481633287,-0.055354449087838535,0.006234956515235586,-0.00017455982665080694
200,19,698,13.609804153442383,0.9430140472918652,0.33368316908569295,0.1152869117323361,-0.27748314332238594,0.004659899796468187,0.13386668921392061,-0.11812942140898096,0.005760192481633287,-0.055354449087838535,0.006234956515235586,-0.00017455982665080694
200,19,699,13.609804153442383,0.9430140562868422,0.3336831945061821,0.1152869117323361,-0.27748317389141125,0.004659899796468187,0.13386668921392061,-0.11812942140898096,0.005760192481633287,-0.055354449087838535,0.006234956515235586,-0.00017455982665080694
200,19,700,13.609804153442383,0.9430140472918652,0.33368316908569295,0.1152869117323361,-0.27748314332238594,0.004659899796468187,0.13386668921392061,-0.11812942140898096,0.005760192481633287,-0.055354449087838535,0.006234956515235586,-0.00017455982665080694
200,19,701,13.6098051071167,0.9430140382968891,0.33368314366520474,0.1152869117323361,-0.2774831127533607,0.004659899796468187,0.13386668921392061,-0.11812942140898096,0.005760192481633287,-0.055354449087838535,0.006234956515235586,-0.00017455982665080694
200,19,702,13.609804153442383,0.9430140472918652,0.33368316908569295,0.1152869117323361,-0.27748314332238594,0.004659899796468187,0.13386668921392061,-0.11812942140898096,0.005760192481633287,-0.055354449087838535,0.006234956515235586,-0.00017455982665080694
200,19,703,13.609804153442383,0.9430140562868422,0.3336831945061821,0.1152869117323361,-0.27748317389141125,0.004659899796468187,0.13386668921392061,-0.11812942140898096,0.005760192481633287,-0.055354449087838535,0.006234956515235586,-0.00017455982665080694
200,19,704,13.609804153442383,0.9430140472918652,0.33368316908569295,0.1152869117323361,-0.27748314332238594,0.004659899796468187,0.13386668921392061,-0.11812942140898096,0.005760192481633287,-0.055354449087838535,0.006234956515235586,-0.00017455982665080694
200,19,705,13.609804153442383,0.9430140472918652,0.33368316908569295,0.1152869117323361,-0.27748314332238594,0.004659899796468187,0.13386668921392061,-0.11812942140898096,0.005760192481633287,-0.055354449087838535,0.006234956515235586,-0.00017455982665080694
200,19,706,13.609804153442383,0.9430140472918652,0.33368316908569295,0.1152869117323361,-0.27748314332238594,0.004659899796468187,0.13386668921392061,-0.11812942140898096,0.005760192481633287,-0.055354449087838535,0.006234956515235586,-0.00017455982665080694
200,19,707,13.609804153442383,0.9430140472918652,0.33368316908569295,0.1152869117323361,-0.27748314332238594,0.004659899796468187,0.13386668921392061,-0.11812942140898096,0.005760192481633287,-0.055354449087838535,0.006234956515235586,-0.00017455982665080694
200,19,708,13.609804153442383,0.9430140472918652,0.33368316908569295,0.1152869117323361,-0.27748314332238594,0.004659899796468187,0.13386668921392061,-0.11812942140898096,0.005760192481633287,-0.055354449087838535,0.006234956515235586,-0.00017455982665080694
200,19,709,13.609804153442383,0.9430140472918652,0.33368316908569295,0.1152869117323361,-0.27748314332238594,0.004659899796468187,0.13386668921392061,-0.11812942140898096,0.005760192481633287,-0.055354449087838535,0.006234956515235586,-0.00017455982665080694
200,19,710,13.609804153442383,0.9430140472918652,0.33368316908569295,0.1152869117323361,-0.27748314332238594,0.004659899796468187,0.13386668921392061,-0.11812942140898096,0.005760192481633287,-0.055354449087838535,0.006234956515235586,-0.00017455982665080694
200,19,711,13.609804153442383,0.9430140472918652,0.33368316908569295,0.1152869117323361,-0.27748314332238594,0.004659899796468187,0.13386668921392061,-0.11812942140898096,0.005760192481633287,-0.055354449087838535,0.006234956515235586,-0.00017455982665080694
200,19,712,13.609804153442383,0.9430140562868422,0.3336831945061821,0.1152869117323361,-0.27748317389141125,0.004659899796468187,0.13386668921392061,-0.11812942140898096,0.005760192481633287,-0.055354449087838535,0.006234956515235586,-0.00017455982665080694
200,19,713,13.609804153442383,0.9430140472918652,0.33368316908569295,0.1152869117323361,-0.27748314332238594,0.004659899796468187,0.13386668921392061,-0.11812942140898096,0.005760192481633287,-0.055354449087838535,0.006234956515235586,-0.00017455982665080694
200,19,714,13.6098051071167,0.9430140382968891,0.33368314366520474,0.1152869117323361,-0.2774831127533607,0.004659899796468187,0.13386668921392061,-0.11812942140898096,0.005760192481633287,-0.055354449087838535,0.006234956515235586,-0.00017455982665080694
200,19,715,13.609804153442383,0.9430140472918652,0.33368316908569295,0.1152869117323361,-0.27748314332238594,0.004659899796468187,0.13386668921392061,-0.11812942140898096,0.005760192481633287,-0.055354449087838535,0.006234956515235586,-0.00017455982665080694
200,19,716,13.609804153442383,0.9430140562868422,0.3336831945061821,0.1152869117323361,-0.27748317389141125,0.004659899796468187,0.13386668921392061,-0.11812942140898096,0.005760192481633287,-0.055354449087838535,0.006234956515235586,-0.00017455982665080694
200,19,717,13.609804153442383,0.9430140472918652,0.33368316908569295,0.1152869117323361,-0.27748314332238594,0.004659899796468187,0.13386668921392061,-0.11812942140898096,0.005760192481633287,-0.055354449087838535,0.006234956515235586,-0.00017455982665080694
200,19,718,13.6098051071167,0.9430140382968891,0.33368314366520474,0.1152869117323361,-0.2774831127533607,0.004659899796468187,0.13386668921392061,-0.11812942140898096,0.005760192481633287,-0.055354449087838535,0.006234956515235586,-0.00017455982665080694
200,19,719,13.609804153442383,0.9430140472918652,0.33368316908569295,0.1152869117323361,-0.27748314332238594,0.004659899796468187,0.13386668921392061,-0.11812942140898096,0.005760192481633287,-0.055354449087838535,0.006234956515235586,-0.00017455982665080694
200,19,720,13.609804153442383,0.9430140562868422,0.3336831945061821,0.1152869117323361,-0.27748317389141125,0.004659899796468187,0.13386668921392061,-0.11812942140898096,0.005760192481633287,-0.055354449087838535,0.006234956515235586,-0.00017455982665080694
200,19,721,13.609804153442383,0.9430140472918652,0.33368316908569295,0.1152869117323361,-0.27748314332238594,0.004659899796468187,0.13386668921392061,-0.11812942140898096,0.005760192481633287,-0.055354449087838535,0.006234956515235586,-0.00017455982665080694
200,19,722,13.6098051071167,0.9430140382968891,0.33368314366520474,0.1152869117323361,-0.2774831127533607,0.004659899796468187,0.13386668921392061,-0.11812942140898096,0.005760192481633287,-0.055354449087838535,0.006234956515235586,-0.00017455982665080694
200,19,723,13.609804153442383,0.9430140472918652,0.33368316908569295,0.1152869117323361,-0.27748314332238594,0.004659899796468187,0.13386668921392061,-0.11812942140898096,0.005760192481633287,-0.055354449087838535,0.006234956515235586,-0.00017455982665080694
200,19,724,13.609804153442383,0.9430140562868422,0.3336831945061821,0.1152869117323361,-0.27748317389141125,0.004659899796468187,0.13386668921392061,-0.11812942140898096,0.005760192481633287,-0.055354449087838535,0.006234956515235586,-0.00017455982665080694
200,19,725,13.609804153442383,0.9430140472918652,0.33368316908569295,0.1152869117323361,-0.27748314332238594,0.004659899796468187,0.13386668921392061,-0.11812942140898096,0.005760192481633287,-0.055354449087838535,0.006234956515235586,-0.00017455982665080694
200,19,726,13.609804153442383,0.9430140472918652,0.33368316908569295,0.1152869117323361,-0.27748314332238594,0.004659899796468187,0.13386668921392061,-0.11812942140898096,0.005760192481633287,-0.055354449087838535,0.006234956515235586,-0.00017455982665080694
200,19,727,13.609804153442383,0.9430140472918652,0.33368316908569295,0.1152869117323361,-0.27748314332238594,0.004659899796468187,0.13386668921392061,-0.11812942140898096,0.005760192481633287,-0.055354449087838535,0.006234956515235586,-0.00017455982665080694
200,19,728,13.609804153442383,0.9430140472918652,0.33368316908569295,0.1152869117323361,-0.27748314332238594,0.004659899796468187,0.13386668921392061,-0.11812942140898096,0.005760192481633287,-0.055354449087838535,0.006234956515235586,-0.00017455982665080694
200,19,729,13.609804153442383,0.9430140472918652,0.33368316908569295,0.1152869117323361,-0.27748314332238594,0.004659899796468187,0.13386668921392061,-0.11812942140898096,0.005760192481633287,-0.055354449087838535,0.006234956515235586,-0.00017455982665080694
200,19,730,13.609804153442383,0.9430140472918652,0.33368316908569295,0.1152869117323361,-0.27748314332238594,0.004659899796468187,0.13386668921392061,-0.11812942140898096,0.005760192481633287,-0.055354449087838535,0.006234956515235586,-0.00017455982665080694
200,19,731,13.609804153442383,0.943014047285002,0.33368316906629725,0.1152869117323361,-0.27748314332238594,0.004659899796468187,0.13386668921392061,-0.11812942140898096,0.0057601918942879055,-0.055354449087838535,0.006234956020273397,-0.00017455981102433278
200,19,732,13.609804153442383,0.943014047285002,0.33368316906629725,0.1152869117323361,-0.27748314332238594,0.004659899796468187,0.13386668921392061,-0.11812942140898096,0.0057601918942879055,-0.055354449087838535,0.006234956020273397,-0.00017455981102433278
200,19,733,13.609804153442383,0.943014047285002,0.33368316906629725,0.1152869117323361,-0.27748314332238594,0.004659899796468187,0.13386668921392061,-0.11812942140898096,0.0057601918942879055,-0.055354449087838535,0.006234956020273397,-0.00017455981102433278
200,19,734,13.609804153442383,0.943014047285002,0.33368316906629725,0.1152869117323361,-0.27748314332238594,0.004659899796468187,0.13386668921392061,-0.11812942140898096,0.0057601918942879055,-0.055354449087838535,0.006234956020273397,-0.00017455981102433278
200,19,735,13.609804153442383,0.943014047285002,0.33368316906629725,0.1152869117323361,-0.27748314332238594,0.004659899796468187,0.13386668921392061,-0.11812942140898096,0.0057601918942879055,-0.055354449087838535,0.006234956020273397,-0.00017455981102433278
200,19,736,13.609804153442383,0.9430140457180688,0.33368316463802455,0.1152869117323361,-0.27748314332238594,0.004659899796468187,0.1338666781757741,-0.11812942140898096,0.0057601918942879055,-0.055354449087838535,0.006234956020273397,-0.00017455981102433278
200,19,737,13.609804153442383,0.9430140280242536,0.333683139217536,0.1152869117323361,-0.2774831127533607,0.004659899796468187,0.1338666781757741,-0.11812943071094381,0.0057601918942879055,-0.055354449087838535,0.006234956020273397,-0.00017455981102433278
200,19,738,13.609804153442383,0.9430140267534576,0.33368316020975214,0.1152869117323361,-0.27748314332238594,0.004659899796468187,0.13386666713762757,-0.11812944001290666,0.0057601918942879055,-0.055354449087838535,0.006234956020273397,-0.00017455981102433278
200,19,739,13.609804153442383,0.9430140341850896,0.3336831812121092,0.1152869117323361,-0.27748317389141125,0.004659899796468187,0.13386665609948106,-0.11812944001290666,0.005760192481633287,-0.055354449087838535,0.006234956020273397,-0.00017455981102433278
200,19,740,13.609804153442383,0.9430140236231794,0.3336831513633472,0.1152869117323361,-0.27748314332238594,0.004659899796468187,0.13386664506133455,-0.11812944001290666,0.005760192481633287,-0.055354449087838535,0.006234956020273397,-0.00017455981102433278
200,19,741,13.609803199768066,0.9430140040662949,0.33368309609409674,0.1152869117323361,-0.2774830821843354,0.004659899796468187,0.13386663402318805,-0.11812944001290666,0.005760192481633287,-0.055354449087838535,0.006234956020273397,-0.00017455981102433278
200,19,742,13.609804153442383,0.9430140207890401,0.3336831679374347,0.1152869117323361,-0.27748317389141125,0.004659899796468187,0.13386662298504154,-0.1181294493148695,0.0057601930689786685,-0.055354449087838535,0.006234956020273397,-0.00017455981102433278
200,19,743,13.609804153442383,0.9430140207890401,0.3336831679374347,0.1152869117323361,-0.27748317389141125,0.004659899796468187,0.13386662298504154,-0.1181294493148695,0.0057601930689786685,-0.055354449087838535,0.006234956020273397,-0.00017455981102433278
200,19,744,13.609804153442383,0.9430140117940627,0.33368314251694353,0.1152869117323361,-0.27748314332238594,0.004659899796468187,0.13386662298504154,-0.1181294493148695,0.0057601930689786685,-0.055354449087838535,0.006234956020273397,-0.00017455981102433278
200,19,745,13.609803199768066,0.9430140027990862,0.3336831170964533,0.1152869117323361,-0.2774831127533607,0.004659899796468187,0.13386662298504154,-0.1181294493148695,0.0057601930689786685,-0.055354449087838535,0.006234956020273397,-0.00017455981102433278
200,19,746,13.609804153442383,0.9430140117940627,0.33368314251694353,0.1152869117323361,-0.27748314332238594,0.004659899796468187,0.13386662298504154,-0.1181294493148695,0.0057601930689786685,-0.055354449087838535,0.006234956020273397,-0.00017455981102433278
200,19,747,13.609804153442383,0.9430140207890401,0.3336831679374347,0.1152869117323361,-0.27748317389141125,0.004659899796468187,0.13386662298504154,-0.1181294493148695,0.0057601930689786685,-0.055354449087838535,0.006234956020273397,-0.00017455981102433278
200,19,748,13.609804153442383,0.9430140117940627,0.33368314251694353,0.1152869117323361,-0.27748314332238594,0.004659899796468187,0.13386662298504154,-0.1181294493148695,0.0057601930689786685,-0.055354449087838535,0.006234956020273397,-0.00017455981102433278
200,19,749,13.609803199768066,0.9430140027990862,0.3336831170964533,0.1152869117323361,-0.2774831127533607,0.004659899796468187,0.13386662298504154,-0.1181294493148695,0.0057601930689786685,-0.055354449087838535,0.006234956020273397,-0.00017455981102433278
200,19,750,13.609804153442383,0.9430140117940627,0.33368314251694353,0.1152869117323361,-0.27748314332238594,0.004659899796468187,0.13386662298504154,-0.1181294493148695,0.0057601930689786685,-0.055354449087838535,0.006234956020273397,-0.00017455981102433278
200,19,751,13.609804153442383,0.9430140207890401,0.3336831679374347,0.1152869117323361,-0.27748317389141125,0.004659899796468187,0.13386662298504154,-0.1181294493148695,0.0057601930689786685,-0.055354449087838535,0.006234956020273397,-0.00017455981102433278
200,19,752,13.609804153442383,0.9430140117940627,0.33368314251694353,0.1152869117323361,-0.27748314332238594,0.004659899796468187,0.13386662298504154,-0.1181294493148695,0.0057601930689786685,-0.055354449087838535,0.006234956020273397,-0.00017455981102433278
200,19,753,13.609803199768066,0.9430140027990862,0.3336831170964533,0.1152869117323361,-0.2774831127533607,0.004659899796468187,0.13386662298504154,-0.1181294493148695,0.0057601930689786685,-0.055354449087838535,0.006234956020273397,-0.00017455981102433278
200,19,754,13.609804153442383,0.9430140117940627,0.33368314251694353,0.1152869117323361,-0.27748314332238594,0.004659899796468187,0.13386662298504154,-0.1181294493148695,0.0057601930689786685,-0.055354449087838535,0.006234956020273397,-0.00017455981102433278
200,19,755,13.609804153442383,0.9430140207890401,0.3336831679374347,0.1152869117323361,-0.27748317389141125,0.004659899796468187,0.13386662298504154,-0.1181294493148695,0.0057601930689786685,-0.055354449087838535,0.006234956020273397,-0.00017455981102433278
200,19,756,13.609804153442383,0.9430140117940627,0.33368314251694353,0.1152869117323361,-0.27748314332238594,0.004659899796468187,0.13386662298504154,-0.1181294493148695,0.0057601930689786685,-0.055354449087838535,0.006234956020273397,-0.00017455981102433278
200,19,757,13.609803199768066,0.9430140027990862,0.3336831170964533,0.1152869117323361,-0.2774831127533607,0.004659899796468187,0.13386662298504154,-0.1181294493148695,0.0057601930689786685,-0.055354449087838535,0.006234956020273397,-0.00017455981102433278
200,19,758,13.609804153442383,0.9430140117940627,0.33368314251694353,0.1152869117323361,-0.27748314332238594,0.004659899796468187,0.13386662298504154,-0.1181294493148695,0.0057601930689786685,-0.055354449087838535,0.006234956020273397,-0.00017455981102433278
200,19,759,13.609804153442383,0.9430140207890401,0.3336831679374347,0.1152869117323361,-0.27748317389141125,0.004659899796468187,0.13386662298504154,-0.1181294493148695,0.0057601930689786685,-0.055354449087838535,0.006234956020273397,-0.00017455981102433278
200,19,760,13.609804153442383,0.9430140117940627,0.33368314251694353,0.1152869117323361,-0.27748314332238594,0.004659899796468187,0.13386662298504154,-0.1181294493148695,0.0057601930689786685,-0.055354449087838535,0.006234956020273397,-0.00017455981102433278
200,19,761,13.609803199768066,0.9430140027990862,0.3336831170964533,0.1152869117323361,-0.2774831127533607,0.004659899796468187,0.13386662298504154,-0.1181294493148695,0.0057601930689786685,-0.055354449087838535,0.006234956020273397,-0.00017455981102433278
200,19,762,13.609804153442383,0.9430140117940627,0.33368314251694353,0.1152869117323361,-0.27748314332238594,0.004659899796468187,0.13386662298504154,-0.1181294493148695,0.0057601930689786685,-0.055354449087838535,0.006234956020273397,-0.00017455981102433278
200,19,763,13.609804153442383,0.9430140207890401,0.3336831679374347,0.1152869117323361,-0.27748317389141125,0.004659899796468187,0.13386662298504154,-0.1181294493148695,0.0057601930689786685,-0.055354449087838535,0.006234956020273397,-0.00017455981102433278
200,19,764,13.609804153442383,0.9430140117940627,0.33368314251694353,0.1152869117323361,-0.27748314332238594,0.004659899796468187,0.13386662298504154,-0.1181294493148695,0.0057601930689786685,-0.055354449087838535,0.006234956020273397,-0.00017455981102433278
200,19,765,13.609803199768066,0.9430140027990862,0.3336831170964533,0.1152869117323361,-0.2774831127533607,0.004659899796468187,0.13386662298504154,-0.1181294493148695,0.0057601930689786685,-0.055354449087838535,0.006234956020273397,-0.00017455981102433278
200,19,766,13.609804153442383,0.9430140117940627,0.33368314251694353,0.1152869117323361,-0.27748314332238594,0.004659899796468187,0.13386662298504154,-0.1181294493148695,0.0057601930689786685,-0.055354449087838535,0.006234956020273397,-0.00017455981102433278
200,19,767,13.609804153442383,0.9430140207890401,0.3336831679374347,0.1152869117323361,-0.27748317389141125,0.004659899796468187,0.13386662298504154,-0.1181294493148695,0.0057601930689786685,-0.055354449087838535,0.006234956020273397,-0.00017455981102433278
200,19,768,13.609804153442383,0.9430140117940627,0.33368314251694353,0.1152869117323361,-0.27748314332238594,0.004659899796468187,0.13386662298504154,-0.1181294493148695,0.0057601930689786685,-0.055354449087838535,0.006234956020273397,-0.00017455981102433278
200,19,769,13.609803199768066,0.9430140027990862,0.3336831170964533,0.1152869117323361,-0.2774831127533607,0.004659899796468187,0.13386662298504154,-0.1181294493148695,0.0057601930689786685,-0.055354449087838535,0.006234956020273397,-0.00017455981102433278
200,19,770,13.609804153442383,0.9430140117940627,0.33368314251694353,0.1152869117323361,-0.27748314332238594,0.004659899796468187,0.13386662298504154,-0.1181294493148695,0.0057601930689786685,-0.055354449087838535,0.006234956020273397,-0.00017455981102433278
200,19,771,13.609804153442383,0.9430140207890401,0.3336831679374347,0.1152869117323361,-0.27748317389141125,0.004659899796468187,0.13386662298504154,-0.1181294493148695,0.0057601930689786685,-0.055354449087838535,0.006234956020273397,-0.00017455981102433278
200,19,772,13.609804153442383,0.9430140117940627,0.33368314251694353,0.1152869117323361,-0.27748314332238594,0.004659899796468187,0.13386662298504154,-0.1181294493148695,0.0057601930689786685,-0.055354449087838535,0.006234956020273397,-0.00017455981102433278
200,19,773,13.609803199768066,0.9430140027990862,0.3336831170964533,0.1152869117323361,-0.2774831127533607,0.004659899796468187,0.13386662298504154,-0.1181294493148695,0.0057601930689786685,-0.055354449087838535,0.006234956020273397,-0.00017455981102433278
200,19,774,13.609804153442383,0.9430140117940627,0.33368314251694353,0.1152869117323361,-0.27748314332238594,0.004659899796468187,0.13386662298504154,-0.1181294493148695,0.0057601930689786685,-0.055354449087838535,0.006234956020273397,-0.00017455981102433278
200,19,775,13.609804153442383,0.9430140207890401,0.3336831679374347,0.1152869117323361,-0.27748317389141125,0.004659899796468187,0.13386662298504154,-0.1181294493148695,0.0057601930689786685,-0.055354449087838535,0.006234956020273397,-0.00017455981102433278
200,19,776,13.609804153442383,0.9430140117940627,0.33368314251694353,0.1152869117323361,-0.27748314332238594,0.004659899796468187,0.13386662298504154,-0.1181294493148695,0.0057601930689786685,-0.055354449087838535,0.006234956020273397,-0.00017455981102433278
200,19,777,13.609803199768066,0.9430140027990862,0.3336831170964533,0.1152869117323361,-0.2774831127533607,0.004659899796468187,0.13386662298504154,-0.1181294493148695,0.0057601930689786685,-0.055354449087838535,0.006234956020273397,-0.00017455981102433278
200,19,778,13.609804153442383,0.9430140117940627,0.33368314251694353,0.1152869117323361,-0.27748314332238594,0.004659899796468187,0.13386662298504154,-0.1181294493148695,0.0057601930689786685,-0.055354449087838535,0.006234956020273397,-0.00017455981102433278
200,19,779,13.609804153442383,0.9430140207890401,0.3336831679374347,0.1152869117323361,-0.27748317389141125,0.004659899796468187,0.13386662298504154,-0.1181294493148695,0.0057601930689786685,-0.055354449087838535,0.006234956020273397,-0.00017455981102433278
200,19,780,13.609804153442383,0.9430140117940627,0.33368314251694353,0.1152869117323361,-0.27748314332238594,0.004659899796468187,0.13386662298504154,-0.1181294493148695,0.0057601930689786685,-0.055354449087838535,0.006234956020273397,-0.00017455981102433278
200,19,781,13.609803199768066,0.9430140027990862,0.3336831170964533,0.1152869117323361,-0.2774831127533607,0.004659899796468187,0.13386662298504154,-0.1181294493148695,0.0057601930689786685,-0.055354449087838535,0.006234956020273397,-0.00017455981102433278
200,19,782,13.609804153442383,0.9430140117940627,0.33368314251694353,0.1152869117323361,-0.27748314332238594,0.004659899796468187,0.13386662298504154,-0.1181294493148695,0.0057601930689786685,-0.055354449087838535,0.006234956020273397,-0.00017455981102433278
200,19,783,13.609804153442383,0.9430140207890401,0.3336831679374347,0.1152869117323361,-0.27748317389141125,0.004659899796468187,0.13386662298504154,-0.1181294493148695,0.0057601930689786685,-0.055354449087838535,0.006234956020273397,-0.00017455981102433278
200,19,784,13.609804153442383,0.9430140117940627,0.33368314251694353,0.1152869117323361,-0.27748314332238594,0.004659899796468187,0.13386662298504154,-0.1181294493148695,0.0057601930689786685,-0.055354449087838535,0.006234956020273397,-0.00017455981102433278
200,19,785,13.609803199768066,0.9430140027990862,0.3336831170964533,0.1152869117323361,-0.2774831127533607,0.004659899796468187,0.13386662298504154,-0.1181294493148695,0.0057601930689786685,-0.055354449087838535,0.006234956020273397,-0.00017455981102433278
200,19,786,13.609804153442383,0.9430140117940627,0.33368314251694353,0.1152869117323361,-0.27748314332238594,0.004659899796468187,0.13386662298504154,-0.1181294493148695,0.0057601930689786685,-0.055354449087838535,0.006234956020273397,-0.00017455981102433278
200,19,787,13.609804153442383,0.9430140207890401,0.3336831679374347,0.1152869117323361,-0.27748317389141125,0.004659899796468187,0.13386662298504154,-0.1181294493148695,0.0057601930689786685,-0.055354449087838535,0.006234956020273397,-0.00017455981102433278
200,19,788,13.609804153442383,0.9430140117940627,0.33368314251694353,0.1152869117323361,-0.27748314332238594,0.004659899796468187,0.13386662298504154,-0.1181294493148695,0.0057601930689786685,-0.055354449087838535,0.006234956020273397,-0.00017455981102433278
200,19,789,13.609803199768066,0.9430140027990862,0.3336831170964533,0.1152869117323361,-0.2774831127533607,0.004659899796468187,0.13386662298504154,-0.1181294493148695,0.0057601930689786685,-0.055354449087838535,0.006234956020273397,-0.00017455981102433278
200,19,790,13.609804153442383,0.9430140117940627,0.33368314251694353,0.1152869117323361,-0.27748314332238594,0.004659899796468187,0.13386662298504154,-0.1181294493148695,0.0057601930689786685,-0.055354449087838535,0.006234956020273397,-0.00017455981102433278
200,19,791,13.609804153442383,0.9430140207890401,0.3336831679374347,0.1152869117323361,-0.27748317389141125,0.004659899796468187,0.13386662298504154,-0.1181294493148695,0.0057601930689786685,-0.055354449087838535,0.006234956020273397,-0.00017455981102433278
200,19,792,13.609804153442383,0.9430140117940627,0.33368314251694353,0.1152869117323361,-0.27748314332238594,0.004659899796468187,0.13386662298504154,-0.1181294493148695,0.0057601930689786685,-0.055354449087838535,0.006234956020273397,-0.00017455981102433278
200,19,793,13.609803199768066,0.9430140027990862,0.3336831170964533,0.1152869117323361,-0.2774831127533607,0.004659899796468187,0.13386662298504154,-0.1181294493148695,0.0057601930689786685,-0.055354449087838535,0.006234956020273397,-0.00017455981102433278
200,19,794,13.609804153442383,0.9430140117940627,0.33368314251694353,0.1152869117323361,-0.27748314332238594,0.004659899796468187,0.13386662298504154,-0.1181294493148695,0.0057601930689786685,-0.055354449087838535,0.006234956020273397,-0.00017455981102433278
200,19,795,13.609804153442383,0.9430140207890401,0.3336831679374347,0.1152869117323361,-0.27748317389141125,0.004659899796468187,0.13386662298504154,-0.1181294493148695,0.0057601930689786685,-0.055354449087838535,0.006234956020273397,-0.00017455981102433278
200,19,796,13.609804153442383,0.9430140117940627,0.33368314251694353,0.1152869117323361,-0.27748314332238594,0.004659899796468187,0.13386662298504154,-0.1181294493148695,0.0057601930689786685,-0.055354449087838535,0.006234956020273397,-0.00017455981102433278
200,19,797,13.609803199768066,0.9430140027990862,0.3336831170964533,0.1152869117323361,-0.2774831127533607,0.004659899796468187,0.13386662298504154,-0.1181294493148695,0.0057601930689786685,-0.055354449087838535,0.006234956020273397,-0.00017455981102433278
200,19,798,13.609804153442383,0.9430140117940627,0.33368314251694353,0.1152869117323361,-0.27748314332238594,0.004659899796468187,0.13386662298504154,-0.1181294493148695,0.0057601930689786685,-0.055354449087838535,0.006234956020273397,-0.00017455981102433278
200,19,799,13.609804153442383,0.9430140207890401,0.3336831679374347,0.1152869117323361,-0.27748317389141125,0.004659899796468187,0.13386662298504154,-0.1181294493148695,0.0057601930689786685,-0.055354449087838535,0.006234956020273397,-0.00017455981102433278
200,19,800,13.609804153442383,0.9430140117940627,0.33368314251694353,0.1152869117323361,-0.27748314332238594,0.004659899796468187,0.13386662298504154,-0.1181294493148695,0.0057601930689786685,-0.055354449087838535,0.006234956020273397,-0.00017455981102433278
200,19,801,13.609803199768066,0.9430140027990862,0.3336831170964533,0.1152869117323361,-0.2774831127533607,0.004659899796468187,0.13386662298504154,-0.1181294493148695,0.0057601930689786685,-0.055354449087838535,0.006234956020273397,-0.00017455981102433278
200,19,802,13.609804153442383,0.9430140117940627,0.33368314251694353,0.1152869117323361,-0.27748314332238594,0.004659899796468187,0.13386662298504154,-0.1181294493148695,0.0057601930689786685,-0.055354449087838535,0.006234956020273397,-0.00017455981102433278
200,19,803,13.609804153442383,0.9430140207890401,0.3336831679374347,0.1152869117323361,-0.27748317389141125,0.004659899796468187,0.13386662298504154,-0.1181294493148695,0.0057601930689786685,-0.055354449087838535,0.006234956020273397,-0.00017455981102433278
200,19,804,13.609804153442383,0.9430140117940627,0.33368314251694353,0.1152869117323361,-0.27748314332238594,0.004659899796468187,0.13386662298504154,-0.1181294493148695,0.0057601930689786685,-0.055354449087838535,0.006234956020273397,-0.00017455981102433278
200,19,805,13.609803199768066,0.9430140027990862,0.3336831170964533,0.1152869117323361,-0.2774831127533607,0.004659899796468187,0.13386662298504154,-0.1181294493148695,0.0057601930689786685,-0.055354449087838535,0.006234956020273397,-0.00017455981102433278
200,19,806,13.609804153442383,0.9430140117940627,0.33368314251694353,0.1152869117323361,-0.27748314332238594,0.004659899796468187,0.13386662298504154,-0.1181294493148695,0.0057601930689786685,-0.055354449087838535,0.006234956020273397,-0.00017455981102433278
200,19,807,13.609804153442383,0.9430140207890401,0.3336831679374347,0.1152869117323361,-0.27748317389141125,0.004659899796468187,0.13386662298504154,-0.1181294493148695,0.0057601930689786685,-0.055354449087838535,0.006234956020273397,-0.00017455981102433278
200,19,808,13.609804153442383,0.9430140117940627,0.33368314251694353,0.1152869117323361,-0.27748314332238594,0.004659899796468187,0.13386662298504154,-0.1181294493148695,0.0057601930689786685,-0.055354449087838535,0.006234956020273397,-0.00017455981102433278
200,19,809,13.609803199768066,0.9430140027990862,0.3336831170964533,0.1152869117323361,-0.2774831127533607,0.004659899796468187,0.13386662298504154,-0.1181294493148695,0.0057601930689786685,-0.055354449087838535,0.006234956020273397,-0.00017455981102433278
200,19,810,13.609804153442383,0.9430140117940627,0.33368314251694353,0.1152869117323361,-0.27748314332238594,0.004659899796468187,0.13386662298504154,-0.1181294493148695,0.0057601930689786685,-0.055354449087838535,0.006234956020273397,-0.00017455981102433278
200,19,811,13.609804153442383,0.9430140207890401,0.3336831679374347,0.1152869117323361,-0.27748317389141125,0.004659899796468187,0.13386662298504154,-0.1181294493148695,0.0057601930689786685,-0.055354449087838535,0.006234956020273397,-0.00017455981102433278
200,19,812,13.609804153442383,0.9430140117940627,0.33368314251694353,0.1152869117323361,-0.27748314332238594,0.004659899796468187,0.13386662298504154,-0.1181294493148695,0.0057601930689786685,-0.055354449087838535,0.006234956020273397,-0.00017455981102433278
200,19,813,13.609803199768066,0.9430140027990862,0.3336831170964533,0.1152869117323361,-0.2774831127533607,0.004659899796468187,0.13386662298504154,-0.1181294493148695,0.0057601930689786685,-0.055354449087838535,0.006234956020273397,-0.00017455981102433278
200,19,814,13.609804153442383,0.9430140117940627,0.33368314251694353,0.1152869117323361,-0.27748314332238594,0.004659899796468187,0.13386662298504154,-0.1181294493148695,0.0057601930689786685,-0.055354449087838535,0.006234956020273397,-0.00017455981102433278
200,19,815,13.609804153442383,0.9430140207890401,0.3336831679374347,0.1152869117323361,-0.27748317389141125,0.004659899796468187,0.13386662298504154,-0.1181294493148695,0.0057601930689786685,-0.055354449087838535,0.006234956020273397,-0.00017455981102433278
200,19,816,13.609804153442383,0.9430140117940627,0.33368314251694353,0.1152869117323361,-0.27748314332238594,0.004659899796468187,0.13386662298504154,-0.1181294493148695,0.0057601930689786685,-0.055354449087838535,0.006234956020273397,-0.00017455981102433278
200,19,817,13.609803199768066,0.9430140027919051,0.3336831170761589,0.1152869117323361,-0.2774831127533607,0.004659899796468187,0.13386662298504154,-0.1181294493148695,0.0057601918942879055,-0.055354449087838535,0.006234956020273397,-0.0001745597797713845
200,19,818,13.609804153442383,0.9430140120169502,0.3336831431468408,0.1152869117323361,-0.27748314332238594,0.004659899796468187,0.13386662298504154,-0.1181294493148695,0.0057601918942879055,-0.05535445300727008,0.006234956020273397,-0.0001745597797713845
200,19,819,13.609804153442383,0.943014029940835,0.3336831692175235,0.1152869117323361,-0.27748317389141125,0.004659899796468187,0.13386662298504154,-0.11812944001290666,0.0057601918942879055,-0.055354456926701615,0.006234956020273397,-0.0001745597797713845
200,19,820,13.609804153442383,0.9430140209458578,0.33368314379703246,0.1152869117323361,-0.27748314332238594,0.004659899796468187,0.13386662298504154,-0.11812944001290666,0.0057601918942879055,-0.055354456926701615,0.006234956020273397,-0.0001745597797713845
200,19,821,13.609803199768066,0.9430140119508815,0.3336831183765423,0.1152869117323361,-0.2774831127533607,0.004659899796468187,0.13386662298504154,-0.11812944001290666,0.0057601918942879055,-0.055354456926701615,0.006234956020273397,-0.0001745597797713845
200,19,822,13.609804153442383,0.9430140209458578,0.33368314379703246,0.1152869117323361,-0.27748314332238594,0.004659899796468187,0.13386662298504154,-0.11812944001290666,0.0057601918942879055,-0.055354456926701615,0.006234956020273397,-0.0001745597797713845
200,19,823,13.609804153442383,0.943014029940835,0.3336831692175235,0.1152869117323361,-0.27748317389141125,0.004659899796468187,0.13386662298504154,-0.11812944001290666,0.0057601918942879055,-0.055354456926701615,0.006234956020273397,-0.0001745597797713845
200,19,824,13.609804153442383,0.9430140209458578,0.33368314379703246,0.1152869117323361,-0.27748314332238594,0.004659899796468187,0.13386662298504154,-0.11812944001290666,0.0057601918942879055,-0.055354456926701615,0.006234956020273397,-0.0001745597797713845
200,19,825,13.609803199768066,0.9430140119508815,0.3336831183765423,0.1152869117323361,-0.2774831127533607,0.004659899796468187,0.13386662298504154,-0.11812944001290666,0.0057601918942879055,-0.055354456926701615,0.006234956020273397,-0.0001745597797713845
200,19,826,13.609804153442383,0.943014029940835,0.3336831692175235,0.1152869117323361,-0.27748317389141125,0.004659899796468187,0.13386662298504154,-0.11812944001290666,0.0057601918942879055,-0.055354456926701615,0.006234956020273397,-0.0001745597797713845
200,19,827,13.609804153442383,0.943014029940835,0.3336831692175235,0.1152869117323361,-0.27748317389141125,0.004659899796468187,0.13386662298504154,-0.11812944001290666,0.0057601918942879055,-0.055354456926701615,0.006234956020273397,-0.0001745597797713845
200,19,828,13.609803199768066,0.9430140119508815,0.3336831183765423,0.1152869117323361,-0.2774831127533607,0.004659899796468187,0.13386662298504154,-0.11812944001290666,0.0057601918942879055,-0.055354456926701615,0.006234956020273397,-0.0001745597797713845
200,19,829,13.609803199768066,0.9430140119508815,0.3336831183765423,0.1152869117323361,-0.2774831127533607,0.004659899796468187,0.13386662298504154,-0.11812944001290666,0.0057601918942879055,-0.055354456926701615,0.006234956020273397,-0.0001745597797713845
200,19,830,13.609804153442383,0.9430140389358133,0.3336831946380154,0.1152869117323361,-0.2774832044604365,0.004659899796468187,0.13386662298504154,-0.11812944001290666,0.0057601918942879055,-0.055354456926701615,0.006234956020273397,-0.0001745597797713845
200,19,831,13.609804153442383,0.9430140209458578,0.33368314379703246,0.1152869117323361,-0.27748314332238594,0.004659899796468187,0.13386662298504154,-0.11812944001290666,0.0057601918942879055,-0.055354456926701615,0.006234956020273397,-0.0001745597797713845
200,19,832,13.609803199768066,0.9430140029559061,0.333683092956053,0.1152869117323361,-0.2774830821843354,0.004659899796468187,0.13386662298504154,-0.11812944001290666,0.0057601918942879055,-0.055354456926701615,0.006234956020273397,-0.0001745597797713845
200,19,833,13.609804153442383,0.943014029940835,0.3336831692175235,0.1152869117323361,-0.27748317389141125,0.004659899796468187,0.13386662298504154,-0.11812944001290666,0.0057601918942879055,-0.055354456926701615,0.006234956020273397,-0.0001745597797713845
200,19,834,13.609804153442383,0.9430140389358133,0.3336831946380154,0.1152869117323361,-0.2774832044604365,0.004659899796468187,0.13386662298504154,-0.11812944001290666,0.0057601918942879055,-0.055354456926701615,0.006234956020273397,-0.0001745597797713845
200,19,835,13.609803199768066,0.9430140119508815,0.3336831183765423,0.1152869117323361,-0.2774831127533607,0.004659899796468187,0.13386662298504154,-0.11812944001290666,0.0057601918942879055,-0.055354456926701615,0.006234956020273397,-0.0001745597797713845
200,19,836,13.609803199768066,0.9430140119508815,0.3336831183765423,0.1152869117323361,-0.2774831127533607,0.004659899796468187,0.13386662298504154,-0.11812944001290666,0.0057601918942879055,-0.055354456926701615,0.006234956020273397,-0.0001745597797713845
200,19,837,13.609804153442383,0.943014029940835,0.3336831692175235,0.1152869117323361,-0.27748317389141125,0.004659899796468187,0.13386662298504154,-0.11812944001290666,0.0057601918942879055,-0.055354456926701615,0.006234956020273397,-0.0001745597797713845
200,19,838,13.609804153442383,0.943014029940835,0.3336831692175235,0.1152869117323361,-0.27748317389141125,0.004659899796468187,0.13386662298504154,-0.11812944001290666,0.0057601918942879055,-0.055354456926701615,0.006234956020273397,-0.0001745597797713845
200,19,839,13.609803199768066,0.9430140119508815,0.3336831183765423,0.1152869117323361,-0.2774831127533607,0.004659899796468187,0.13386662298504154,-0.11812944001290666,0.0057601918942879055,-0.055354456926701615,0.006234956020273397,-0.0001745597797713845
200,19,840,13.609804153442383,0.9430140209458578,0.33368314379703246,0.1152869117323361,-0.27748314332238594,0.004659899796468187,0.13386662298504154,-0.11812944001290666,0.0057601918942879055,-0.055354456926701615,0.006234956020273397,-0.0001745597797713845
200,19,841,13.609804153442383,0.9430140209458578,0.33368314379703246,0.1152869117323361,-0.27748314332238594,0.004659899796468187,0.13386662298504154,-0.11812944001290666,0.0057601918942879055,-0.055354456926701615,0.006234956020273397,-0.0001745597797713845
200,19,842,13.609804153442383,0.9430140209458578,0.33368314379703246,0.1152869117323361,-0.27748314332238594,0.004659899796468187,0.13386662298504154,-0.11812944001290666,0.0057601918942879055,-0.055354456926701615,0.006234956020273397,-0.0001745597797713845
200,19,843,13.609804153442383,0.9430140209458578,0.33368314379703246,0.1152869117323361,-0.27748314332238594,0.004659899796468187,0.13386662298504154,-0.11812944001290666,0.0057601918942879055,-0.055354456926701615,0.006234956020273397,-0.0001745597797713845
200,19,844,13.609804153442383,0.9430140209458578,0.33368314379703246,0.1152869117323361,-0.27748314332238594,0.004659899796468187,0.13386662298504154,-0.11812944001290666,0.0057601918942879055,-0.055354456926701615,0.006234956020273397,-0.0001745597797713845
200,19,845,13.609804153442383,0.9430140209458578,0.33368314379703246,0.1152869117323361,-0.27748314332238594,0.004659899796468187,0.13386662298504154,-0.11812944001290666,0.0057601918942879055,-0.055354456926701615,0.006234956020273397,-0.0001745597797713845
200,19,846,13.609804153442383,0.9430140209458578,0.33368314379703246,0.1152869117323361,-0.27748314332238594,0.004659899796468187,0.13386662298504154,-0.11812944001290666,0.0057601918942879055,-0.055354456926701615,0.006234956020273397,-0.0001745597797713845
200,19,847,13.609804153442383,0.9430140209458578,0.33368314379703246,0.1152869117323361,-0.27748314332238594,0.004659899796468187,0.13386662298504154,-0.11812944001290666,0.0057601918942879055,-0.055354456926701615,0.006234956020273397,-0.0001745597797713845
200,19,848,13.609804153442383,0.9430140209458578,0.33368314379703246,0.1152869117323361,-0.27748314332238594,0.004659899796468187,0.13386662298504154,-0.11812944001290666,0.0057601918942879055,-0.055354456926701615,0.006234956020273397,-0.0001745597797713845
200,19,849,13.609804153442383,0.9430140209458578,0.33368314379703246,0.1152869117323361,-0.27748314332238594,0.004659899796468187,0.13386662298504154,-0.11812944001290666,0.0057601918942879055,-0.055354456926701615,0.006234956020273397,-0.0001745597797713845
200,19,850,13.609804153442383,0.9430140209458578,0.33368314379703246,0.1152869117323361,-0.27748314332238594,0.004659899796468187,0.13386662298504154,-0.11812944001290666,0.0057601918942879055,-0.055354456926701615,0.006234956020273397,-0.0001745597797713845
200,19,851,13.609804153442383,0.9430140209458578,0.33368314379703246,0.1152869117323361,-0.27748314332238594,0.004659899796468187,0.13386662298504154,-0.11812944001290666,0.0057601918942879055,-0.055354456926701615,0.006234956020273397,-0.0001745597797713845
200,19,852,13.609804153442383,0.9430140209458578,0.33368314379703246,0.1152869117323361,-0.27748314332238594,0.004659899796468187,0.13386662298504154,-0.11812944001290666,0.0057601918942879055,-0.055354456926701615,0.006234956020273397,-0.0001745597797713845
200,19,853,13.609804153442383,0.9430140209458578,0.33368314379703246,0.1152869117323361,-0.27748314332238594,0.004659899796468187,0.13386662298504154,-0.11812944001290666,0.0057601918942879055,-0.055354456926701615,0.006234956020273397,-0.0001745597797713845
200,19,854,13.609804153442383,0.943014019837181,0.33368314066382715,0.11528690266367589,-0.27748314332238594,0.004659899796468187,0.13386662298504154,-0.11812944001290666,0.0057601918942879055,-0.055354456926701615,0.006234956020273397,-0.0001745597797713845
200,19,855,13.609803199768066,0.9430140097335279,0.3336831121101314,0.11528689359501569,-0.2774831127533607,0.004659899796468187,0.13386662298504154,-0.11812944001290666,0.0057601918942879055,-0.055354456926701615,0.006234956020273397,-0.0001745597797713845
200,19,856,13.609804153442383,0.9430140277234815,0.3336831629511136,0.11528689359501569,-0.27748317389141125,0.004659899796468187,0.13386662298504154,-0.11812944001290666,0.0057601918942879055,-0.055354456926701615,0.006234956020273397,-0.0001745597797713845
200,19,857,13.609804153442383,0.9430140277234815,0.3336831629511136,0.11528689359501569,-0.27748317389141125,0.004659899796468187,0.13386662298504154,-0.11812944001290666,0.0057601918942879055,-0.055354456926701615,0.006234956020273397,-0.0001745597797713845
200,19,858,13.609803199768066,0.9430140097335279,0.3336831121101314,0.11528689359501569,-0.2774831127533607,0.004659899796468187,0.13386662298504154,-0.11812944001290666,0.0057601918942879055,-0.055354456926701615,0.006234956020273397,-0.0001745597797713845
200,19,859,13.609803199768066,0.9430140097335279,0.3336831121101314,0.11528689359501569,-0.2774831127533607,0.004659899796468187,0.13386662298504154,-0.11812944001290666,0.0057601918942879055,-0.055354456926701615,0.006234956020273397,-0.0001745597797713845
200,19,860,13.609804153442383,0.9430140367184597,0.333683188371606,0.11528689359501569,-0.2774832044604365,0.004659899796468187,0.13386662298504154,-0.11812944001290666,0.0057601918942879055,-0.055354456926701615,0.006234956020273397,-0.0001745597797713845
200,19,861,13.609804153442383,0.9430140187285043,0.33368313753062206,0.11528689359501569,-0.27748314332238594,0.004659899796468187,0.13386662298504154,-0.11812944001290666,0.0057601918942879055,-0.055354456926701615,0.006234956020273397,-0.0001745597797713845
200,19,862,13.609803199768066,0.9430140007385525,0.33368308668964164,0.11528689359501569,-0.2774830821843354,0.004659899796468187,0.13386662298504154,-0.11812944001290666,0.0057601918942879055,-0.055354456926701615,0.006234956020273397,-0.0001745597797713845
200,19,863,13.609804153442383,0.9430140277234815,0.3336831629511136,0.11528689359501569,-0.27748317389141125,0.004659899796468187,0.13386662298504154,-0.11812944001290666,0.0057601918942879055,-0.055354456926701615,0.006234956020273397,-0.0001745597797713845
200,19,864,13.609804153442383,0.9430140367184597,0.333683188371606,0.11528689359501569,-0.2774832044604365,0.004659899796468187,0.13386662298504154,-0.11812944001290666,0.0057601918942879055,-0.055354456926701615,0.006234956020273397,-0.0001745597797713845
200,19,865,13.609803199768066,0.9430140007385525,0.33368308668964164,0.11528689359501569,-0.2774830821843354,0.004659899796468187,0.13386662298504154,-0.11812944001290666,0.0057601918942879055,-0.055354456926701615,0.006234956020273397,-0.0001745597797713845
200,19,866,13.609803199768066,0.9430140097335279,0.3336831121101314,0.11528689359501569,-0.2774831127533607,0.004659899796468187,0.13386662298504154,-0.11812944001290666,0.0057601918942879055,-0.055354456926701615,0.006234956020273397,-0.0001745597797713845
200,19,867,13.609804153442383,0.9430140367184597,0.333683188371606,0.11528689359501569,-0.2774832044604365,0.004659899796468187,0.13386662298504154,-0.11812944001290666,0.0057601918942879055,-0.055354456926701615,0.006234956020273397,-0.0001745597797713845
200,19,868,13.609804153442383,0.9430140187285043,0.33368313753062206,0.11528689359501569,-0.27748314332238594,0.004659899796468187,0.13386662298504154,-0.11812944001290666,0.0057601918942879055,-0.055354456926701615,0.006234956020273397,-0.0001745597797713845
200,19,869,13.609803199768066,0.9430140007385525,0.33368308668964164,0.11528689359501569,-0.2774830821843354,0.004659899796468187,0.13386662298504154,-0.11812944001290666,0.0057601918942879055,-0.055354456926701615,0.006234956020273397,-0.0001745597797713845
200,19,870,13.609804153442383,0.9430140343919753,0.3336831572132031,0.11528689359501569,-0.27748317389141125,0.004659899796468187,0.13386661194689503,-0.11812943071094381,0.0057601918942879055,-0.055354449087838535,0.00623495552531121,-0.00017455976414491037
200,19,871,13.609804153442383,0.9430140433869534,0.3336831826336959,0.11528689359501569,-0.2774832044604365,0.004659899796468187,0.13386661194689503,-0.11812943071094381,0.0057601918942879055,-0.055354449087838535,0.00623495552531121,-0.00017455976414491037
200,19,872,13.609803199768066,0.9430140074070464,0.33368308095172977,0.11528689359501569,-0.2774830821843354,0.004659899796468187,0.13386661194689503,-0.11812943071094381,0.0057601918942879055,-0.055354449087838535,0.00623495552531121,-0.00017455976414491037
200,19,873,13.609804153442383,0.9430140253969981,0.3336831317927111,0.11528689359501569,-0.27748314332238594,0.004659899796468187,0.13386661194689503,-0.11812943071094381,0.0057601918942879055,-0.055354449087838535,0.00623495552531121,-0.00017455976414491037
200,19,874,13.609804153442383,0.943014035500652,0.333683160346408,0.11528690266367589,-0.27748317389141125,0.004659899796468187,0.13386661194689503,-0.11812943071094381,0.0057601918942879055,-0.055354449087838535,0.00623495552531121,-0.00017455976414491037
200,19,875,13.609804153442383,0.9430140265056748,0.3336831349259162,0.11528690266367589,-0.27748314332238594,0.004659899796468187,0.13386661194689503,-0.11812943071094381,0.0057601918942879055,-0.055354449087838535,0.00623495552531121,-0.00017455976414491037
200,19,876,13.609803199768066,0.9430140175106986,0.3336831095054254,0.11528690266367589,-0.2774831127533607,0.004659899796468187,0.13386661194689503,-0.11812943071094381,0.0057601918942879055,-0.055354449087838535,0.00623495552531121,-0.00017455976414491037
200,19,877,13.609804153442383,0.943014026739016,0.3336831355853564,0.11528690266367589,-0.27748314332238594,0.004659899796468187,0.13386661194689503,-0.11812943071094381,0.0057601918942879055,-0.05535445300727008,0.006234956020273397,-0.00017455976414491037
200,19,878,13.609804153442383,0.9430140359673345,0.3336831616652882,0.11528690266367589,-0.27748317389141125,0.004659899796468187,0.13386661194689503,-0.11812943071094381,0.0057601918942879055,-0.055354456926701615,0.006234956515235586,-0.00017455976414491037
200,19,879,13.609804153442383,0.9430140269723573,0.33368313624479656,0.11528690266367589,-0.27748314332238594,0.004659899796468187,0.13386661194689503,-0.11812943071094381,0.0057601918942879055,-0.055354456926701615,0.006234956515235586,-0.00017455976414491037
200,19,880,13.609803199768066,0.943014017977381,0.3336831108243058,0.11528690266367589,-0.2774831127533607,0.004659899796468187,0.13386661194689503,-0.11812943071094381,0.0057601918942879055,-0.055354456926701615,0.006234956515235586,-0.00017455976414491037
200,19,881,13.609804153442383,0.9430140269723573,0.33368313624479656,0.11528690266367589,-0.27748314332238594,0.004659899796468187,0.13386661194689503,-0.11812943071094381,0.0057601918942879055,-0.055354456926701615,0.006234956515235586,-0.00017455976414491037
200,19,882,13.609804153442383,0.9430140359673345,0.3336831616652882,0.11528690266367589,-0.27748317389141125,0.004659899796468187,0.13386661194689503,-0.11812943071094381,0.0057601918942879055,-0.055354456926701615,0.006234956515235586,-0.00017455976414491037
200,19,883,13.609804153442383,0.9430140269723573,0.33368313624479656,0.11528690266367589,-0.27748314332238594,0.004659899796468187,0.13386661194689503,-0.11812943071094381,0.0057601918942879055,-0.055354456926701615,0.006234956515235586,-0.00017455976414491037
200,19,884,13.609803199768066,0.943014017977381,0.3336831108243058,0.11528690266367589,-0.2774831127533607,0.004659899796468187,0.13386661194689503,-0.11812943071094381,0.0057601918942879055,-0.055354456926701615,0.006234956515235586,-0.00017455976414491037
200,19,885,13.609804153442383,0.9430140269723573,0.33368313624479656,0.11528690266367589,-0.27748314332238594,0.004659899796468187,0.13386661194689503,-0.11812943071094381,0.0057601918942879055,-0.055354456926701615,0.006234956515235586,-0.00017455976414491037
200,19,886,13.609804153442383,0.9430140359673345,0.3336831616652882,0.11528690266367589,-0.27748317389141125,0.004659899796468187,0.13386661194689503,-0.11812943071094381,0.0057601918942879055,-0.055354456926701615,0.006234956515235586,-0.00017455976414491037
200,19,887,13.609804153442383,0.9430140127121321,0.33368314511147773,0.11528690266367589,-0.27748314332238594,0.004659899796468187,0.13386663402318805,-0.1181294493148695,0.005760192481633287,-0.055354456926701615,0.006234956515235586,-0.00017455976414491037
200,19,888,13.609803199768066,0.9430139965924248,0.33368312413953755,0.11528690266367589,-0.2774831127533607,0.004659899796468187,0.13386664506133455,-0.11812945861683236,0.00576019365632405,-0.055354456926701615,0.006234956515235586,-0.00017455976414491037
200,19,889,13.609804153442383,0.9430140055874012,0.33368314956002726,0.11528690266367589,-0.27748314332238594,0.004659899796468187,0.13386664506133455,-0.11812945861683236,0.00576019365632405,-0.055354456926701615,0.006234956515235586,-0.00017455976414491037
200,19,890,13.609804153442383,0.9430140145823785,0.3336831749805179,0.11528690266367589,-0.27748317389141125,0.004659899796468187,0.13386664506133455,-0.11812945861683236,0.00576019365632405,-0.055354456926701615,0.006234956515235586,-0.00017455976414491037
200,19,891,13.609804153442383,0.9430140145686552,0.3336831749417347,0.11528690266367589,-0.27748317389141125,0.004659899796468187,0.13386664506133455,-0.11812945861683236,0.005760192481633287,-0.055354456926701615,0.00623495552531121,-0.00017455974851843625
200,19,892,13.609803199768066,0.9430139965751108,0.33368312409060713,0.11528690266367589,-0.2774831127533607,0.004659899796468187,0.13386664506133455,-0.11812945861683236,0.0057601918942879055,-0.055354456926701615,0.00623495552531121,-0.0001745597328919621
200,19,893,13.609804153442383,0.9430140145650646,0.3336831749315875,0.11528690266367589,-0.27748317389141125,0.004659899796468187,0.13386664506133455,-0.11812945861683236,0.0057601918942879055,-0.055354456926701615,0.00623495552531121,-0.0001745597328919621
200,19,894,13.609804153442383,0.9430140145650646,0.3336831749315875,0.11528690266367589,-0.27748317389141125,0.004659899796468187,0.13386664506133455,-0.11812945861683236,0.0057601918942879055,-0.055354456926701615,0.00623495552531121,-0.0001745597328919621
200,19,895,13.609804153442383,0.9430140040031545,0.3336831450828253,0.11528690266367589,-0.27748314332238594,0.004659899796468187,0.13386663402318805,-0.11812945861683236,0.0057601918942879055,-0.055354456926701615,0.00623495552531121,-0.0001745597328919621
200,19,896,13.609803199768066,0.9430139934412453,0.33368311523406374,0.11528690266367589,-0.2774831127533607,0.004659899796468187,0.13386662298504154,-0.11812945861683236,0.0057601918942879055,-0.055354456926701615,0.00623495552531121,-0.0001745597328919621
200,19,897,13.609804153442383,0.9430140101604061,0.3336831870672673,0.11528690266367589,-0.2774832044604365,0.004659899796468187,0.13386661194689503,-0.11812946791879521,0.0057601918942879055,-0.055354456926701615,0.00623495552531121,-0.0001745597328919621
200,19,898,13.609804153442383,0.9430139819046816,0.3336831317980208,0.11528690266367589,-0.27748314332238594,0.004659899796468187,0.13386660090874852,-0.11812947722075805,0.0057601918942879055,-0.055354456926701615,0.00623495552531121,-0.00017455974851843625
200,19,899,13.609803199768066,0.9430139729132926,0.33368310638766874,0.11528690266367589,-0.2774831127533607,0.004659899796468187,0.13386660090874852,-0.11812947722075805,0.005760192481633287,-0.055354456926701615,0.00623495552531121,-0.00017455974851843625
200,19,900,13.609804153442383,0.9430139983312931,0.33368317822087495,0.11528690266367589,-0.2774832044604365,0.004659899796468187,0.13386658987060202,-0.11812947722075805,0.005760192481633287,-0.055354456926701615,0.00623495552531121,-0.00017455974851843625
200,19,901,13.609804153442383,0.9430139700791533,0.3336831229617585,0.11528690266367589,-0.27748314332238594,0.004659899796468187,0.1338665788324555,-0.1181294865227209,0.0057601930689786685,-0.055354456926701615,0.00623495552531121,-0.00017455974851843625
200,19,902,13.609803199768066,0.9430139595172444,0.33368309311299676,0.11528690266367589,-0.2774831127533607,0.004659899796468187,0.133866567794309,-0.1181294865227209,0.0057601930689786685,-0.055354456926701615,0.00623495552531121,-0.00017455974851843625
200,19,903,13.609804153442383,0.943013977507199,0.3336831439539818,0.11528690266367589,-0.27748317389141125,0.004659899796468187,0.133866567794309,-0.1181294865227209,0.0057601930689786685,-0.055354456926701615,0.00623495552531121,-0.00017455974851843625
200,19,904,13.609804153442383,0.9430139865021776,0.3336831693744756,0.11528690266367589,-0.2774832044604365,0.004659899796468187,0.133866567794309,-0.1181294865227209,0.0057601930689786685,-0.055354456926701615,0.00623495552531121,-0.00017455974851843625
200,19,905,13.609803199768066,0.9430139505222684,0.3336830676925055,0.11528690266367589,-0.2774830821843354,0.004659899796468187,0.133866567794309,-0.1181294865227209,0.0057601930689786685,-0.055354456926701615,0.00623495552531121,-0.00017455974851843625
200,19,906,13.609804153442383,0.943013977507199,0.3336831439539818,0.11528690266367589,-0.27748317389141125,0.004659899796468187,0.133866567794309,-0.1181294865227209,0.0057601930689786685,-0.055354456926701615,0.00623495552531121,-0.00017455974851843625
200,19,907,13.609804153442383,0.9430139865021776,0.3336831693744756,0.11528690266367589,-0.2774832044604365,0.004659899796468187,0.133866567794309,-0.1181294865227209,0.0057601930689786685,-0.055354456926701615,0.00623495552531121,-0.00017455974851843625
200,19,908,13.609803199768066,0.9430139595172444,0.33368309311299676,0.11528690266367589,-0.2774831127533607,0.004659899796468187,0.133866567794309,-0.1181294865227209,0.0057601930689786685,-0.055354456926701615,0.00623495552531121,-0.00017455974851843625
200,19,909,13.609803199768066,0.9430139595172444,0.33368309311299676,0.11528690266367589,-0.2774831127533607,0.004659899796468187,0.133866567794309,-0.1181294865227209,0.0057601930689786685,-0.055354456926701615,0.00623495552531121,-0.00017455974851843625
200,19,910,13.609804153442383,0.9430139954971571,0.3336831947949704,0.11528690266367589,-0.2774832350294618,0.004659899796468187,0.133866567794309,-0.1181294865227209,0.0057601930689786685,-0.055354456926701615,0.00623495552531121,-0.00017455974851843625
200,19,911,13.609803199768066,0.9430139595172444,0.33368309311299676,0.11528690266367589,-0.2774831127533607,0.004659899796468187,0.133866567794309,-0.1181294865227209,0.0057601930689786685,-0.055354456926701615,0.00623495552531121,-0.00017455974851843625
200,19,912,13.609803199768066,0.9430139595172444,0.33368309311299676,0.11528690266367589,-0.2774831127533607,0.004659899796468187,0.133866567794309,-0.1181294865227209,0.0057601930689786685,-0.055354456926701615,0.00623495552531121,-0.00017455974851843625
200,19,913,13.609804153442383,0.9430139865021776,0.3336831693744756,0.11528690266367589,-0.2774832044604365,0.004659899796468187,0.133866567794309,-0.1181294865227209,0.0057601930689786685,-0.055354456926701615,0.00623495552531121,-0.00017455974851843625
200,19,914,13.609804153442383,0.943013977507199,0.3336831439539818,0.11528690266367589,-0.27748317389141125,0.004659899796468187,0.133866567794309,-0.1181294865227209,0.0057601930689786685,-0.055354456926701615,0.00623495552531121,-0.00017455974851843625
200,19,915,13.609803199768066,0.9430139505222684,0.3336830676925055,0.11528690266367589,-0.2774830821843354,0.004659899796468187,0.133866567794309,-0.1181294865227209,0.0057601930689786685,-0.055354456926701615,0.00623495552531121,-0.00017455974851843625
200,19,916,13.609804153442383,0.9430139865021776,0.3336831693744756,0.11528690266367589,-0.2774832044604365,0.004659899796468187,0.133866567794309,-0.1181294865227209,0.0057601930689786685,-0.055354456926701615,0.00623495552531121,-0.00017455974851843625
200,19,917,13.609804153442383,0.943013977507199,0.3336831439539818,0.11528690266367589,-0.27748317389141125,0.004659899796468187,0.133866567794309,-0.1181294865227209,0.0057601930689786685,-0.055354456926701615,0.00623495552531121,-0.00017455974851843625
200,19,918,13.609803199768066,0.9430139595172444,0.33368309311299676,0.11528690266367589,-0.2774831127533607,0.004659899796468187,0.133866567794309,-0.1181294865227209,0.0057601930689786685,-0.055354456926701615,0.00623495552531121,-0.00017455974851843625
200,19,919,13.609804153442383,0.9430139685122212,0.33368311853348886,0.11528690266367589,-0.27748314332238594,0.004659899796468187,0.133866567794309,-0.1181294865227209,0.0057601930689786685,-0.055354456926701615,0.00623495552531121,-0.00017455974851843625
200,19,920,13.609804153442383,0.9430139865021776,0.3336831693744756,0.11528690266367589,-0.2774832044604365,0.004659899796468187,0.133866567794309,-0.1181294865227209,0.0057601930689786685,-0.055354456926701615,0.00623495552531121,-0.00017455974851843625
200,19,921,13.609803199768066,0.9430139595172444,0.33368309311299676,0.11528690266367589,-0.2774831127533607,0.004659899796468187,0.133866567794309,-0.1181294865227209,0.0057601930689786685,-0.055354456926701615,0.00623495552531121,-0.00017455974851843625
200,19,922,13.609804153442383,0.9430139685122212,0.33368311853348886,0.11528690266367589,-0.27748314332238594,0.004659899796468187,0.133866567794309,-0.1181294865227209,0.0057601930689786685,-0.055354456926701615,0.00623495552531121,-0.00017455974851843625
200,19,923,13.609804153442383,0.943013977507199,0.3336831439539818,0.11528690266367589,-0.27748317389141125,0.004659899796468187,0.133866567794309,-0.1181294865227209,0.0057601930689786685,-0.055354456926701615,0.00623495552531121,-0.00017455974851843625
200,19,924,13.609804153442383,0.943013977507199,0.3336831439539818,0.11528690266367589,-0.27748317389141125,0.004659899796468187,0.133866567794309,-0.1181294865227209,0.0057601930689786685,-0.055354456926701615,0.00623495552531121,-0.00017455974851843625
200,19,925,13.609803199768066,0.9430139595172444,0.33368309311299676,0.11528690266367589,-0.2774831127533607,0.004659899796468187,0.133866567794309,-0.1181294865227209,0.0057601930689786685,-0.055354456926701615,0.00623495552531121,-0.00017455974851843625
200,19,926,13.609804153442383,0.943013977507199,0.3336831439539818,0.11528690266367589,-0.27748317389141125,0.004659899796468187,0.133866567794309,-0.1181294865227209,0.0057601930689786685,-0.055354456926701615,0.00623495552531121,-0.00017455974851843625
200,19,927,13.609804153442383,0.943013977507199,0.3336831439539818,0.11528690266367589,-0.27748317389141125,0.004659899796468187,0.133866567794309,-0.1181294865227209,0.0057601930689786685,-0.055354456926701615,0.00623495552531121,-0.00017455974851843625
200,19,928,13.609803199768066,0.9430139610841765,0.3336830975412668,0.11528690266367589,-0.2774831127533607,0.004659899796468187,0.1338665788324555,-0.1181294865227209,0.0057601930689786685,-0.055354456926701615,0.00623495552531121,-0.00017455974851843625
200,19,929,13.609804153442383,0.9430139882276378,0.3336831496671768,0.11528689359501569,-0.27748317389141125,0.004659899796468187,0.13386658987060202,-0.11812947722075805,0.005760192481633287,-0.055354456926701615,0.00623495552531121,-0.00017455974851843625
200,19,930,13.609804153442383,0.9430139871189611,0.33368314653397213,0.11528688452635548,-0.27748317389141125,0.004659899796468187,0.13386658987060202,-0.11812947722075805,0.005760192481633287,-0.055354456926701615,0.00623495552531121,-0.00017455974851843625
200,19,931,13.609804153442383,0.9430139770153068,0.33368311798027456,0.11528687545769528,-0.27748314332238594,0.004659899796468187,0.13386658987060202,-0.11812947722075805,0.005760192481633287,-0.055354456926701615,0.00623495552531121,-0.00017455974851843625
200,19,932,13.609804153442383,0.9430139772486481,0.33368311863971484,0.11528687545769528,-0.27748314332238594,0.004659899796468187,0.13386658987060202,-0.11812947722075805,0.005760192481633287,-0.05535446084613315,0.006234956020273397,-0.00017455974851843625
200,19,933,13.609804153442383,0.9430139862436258,0.3336831440602078,0.11528687545769528,-0.27748317389141125,0.004659899796468187,0.13386658987060202,-0.11812947722075805,0.005760192481633287,-0.05535446084613315,0.006234956020273397,-0.00017455974851843625
200,19,934,13.609804153442383,0.9430139772486481,0.33368311863971484,0.11528687545769528,-0.27748314332238594,0.004659899796468187,0.13386658987060202,-0.11812947722075805,0.005760192481633287,-0.05535446084613315,0.006234956020273397,-0.00017455974851843625
200,19,935,13.609804153442383,0.9430139772486481,0.33368311863971484,0.11528687545769528,-0.27748314332238594,0.004659899796468187,0.13386658987060202,-0.11812947722075805,0.005760192481633287,-0.05535446084613315,0.006234956020273397,-0.00017455974851843625
200,19,936,13.609804153442383,0.9430139862436258,0.3336831440602078,0.11528687545769528,-0.27748317389141125,0.004659899796468187,0.13386658987060202,-0.11812947722075805,0.005760192481633287,-0.05535446084613315,0.006234956020273397,-0.00017455974851843625
200,19,937,13.609804153442383,0.9430139761399716,0.33368311550651025,0.11528686638903507,-0.27748314332238594,0.004659899796468187,0.13386658987060202,-0.11812947722075805,0.005760192481633287,-0.05535446084613315,0.006234956020273397,-0.00017455974851843625
200,19,938,13.609804153442383,0.9430139840262729,0.33368313779379943,0.11528685732037487,-0.27748317389141125,0.004659899796468187,0.13386658987060202,-0.11812947722075805,0.005760192481633287,-0.05535446084613315,0.006234956020273397,-0.00017455974851843625
200,19,939,13.609804153442383,0.9430139750312951,0.33368311237330595,0.11528685732037487,-0.27748314332238594,0.004659899796468187,0.13386658987060202,-0.11812947722075805,0.005760192481633287,-0.05535446084613315,0.006234956020273397,-0.00017455974851843625
200,19,940,13.609804153442383,0.9430139750312951,0.33368311237330595,0.11528685732037487,-0.27748314332238594,0.004659899796468187,0.13386658987060202,-0.11812947722075805,0.005760192481633287,-0.05535446084613315,0.006234956020273397,-0.00017455974851843625
200,19,941,13.609804153442383,0.9430139930212513,0.3336831632142937,0.11528685732037487,-0.2774832044604365,0.004659899796468187,0.13386658987060202,-0.11812947722075805,0.005760192481633287,-0.05535446084613315,0.006234956020273397,-0.00017455974851843625
200,19,942,13.609803199768066,0.9430139660363184,0.3336830869528134,0.11528685732037487,-0.2774831127533607,0.004659899796468187,0.13386658987060202,-0.11812947722075805,0.005760192481633287,-0.05535446084613315,0.006234956020273397,-0.00017455974851843625
200,19,943,13.609803199768066,0.9430139660363184,0.3336830869528134,0.11528685732037487,-0.2774831127533607,0.004659899796468187,0.13386658987060202,-0.11812947722075805,0.005760192481633287,-0.05535446084613315,0.006234956020273397,-0.00017455974851843625
200,19,944,13.609804153442383,0.9430140020162309,0.33368318863478885,0.11528685732037487,-0.2774832350294618,0.004659899796468187,0.13386658987060202,-0.11812947722075805,0.005760192481633287,-0.05535446084613315,0.006234956020273397,-0.00017455974851843625
200,19,945,13.609803199768066,0.9430139660363184,0.3336830869528134,0.11528685732037487,-0.2774831127533607,0.004659899796468187,0.13386658987060202,-0.11812947722075805,0.005760192481633287,-0.05535446084613315,0.006234956020273397,-0.00017455974851843625
200,19,946,13.609803199768066,0.9430139660363184,0.3336830869528134,0.11528685732037487,-0.2774831127533607,0.004659899796468187,0.13386658987060202,-0.11812947722075805,0.005760192481633287,-0.05535446084613315,0.006234956020273397,-0.00017455974851843625
200,19,947,13.609804153442383,0.9430139930212513,0.3336831632142937,0.11528685732037487,-0.2774832044604365,0.004659899796468187,0.13386658987060202,-0.11812947722075805,0.005760192481633287,-0.05535446084613315,0.006234956020273397,-0.00017455974851843625
200,19,948,13.609804153442383,0.9430139750312951,0.33368311237330595,0.11528685732037487,-0.27748314332238594,0.004659899796468187,0.13386658987060202,-0.11812947722075805,0.005760192481633287,-0.05535446084613315,0.006234956020273397,-0.00017455974851843625
200,19,949,13.609803199768066,0.9430139660363184,0.3336830869528134,0.11528685732037487,-0.2774831127533607,0.004659899796468187,0.13386658987060202,-0.11812947722075805,0.005760192481633287,-0.05535446084613315,0.006234956020273397,-0.00017455974851843625
200,19,950,13.609804153442383,0.9430139930212513,0.3336831632142937,0.11528685732037487,-0.2774832044604365,0.004659899796468187,0.13386658987060202,-0.11812947722075805,0.005760192481633287,-0.05535446084613315,0.006234956020273397,-0.00017455974851843625
200,19,951,13.609803199768066,0.9430139644729739,0.3336830825346819,0.11528685732037487,-0.2774831127533607,0.004659899796468187,0.1338665788324555,-0.11812947722075805,0.0057601930689786685,-0.05535446084613315,0.006234956020273397,-0.00017455974851843625
200,19,952,13.609804153442383,0.9430139734679507,0.33368310795517475,0.11528685732037487,-0.27748314332238594,0.004659899796468187,0.1338665788324555,-0.11812947722075805,0.0057601930689786685,-0.05535446084613315,0.006234956020273397,-0.00017455974851843625
200,19,953,13.609804153442383,0.9430139914579069,0.33368315879616317,0.11528685732037487,-0.2774832044604365,0.004659899796468187,0.1338665788324555,-0.11812947722075805,0.0057601930689786685,-0.05535446084613315,0.006234956020273397,-0.00017455974851843625
200,19,954,13.609803199768066,0.9430139644729739,0.3336830825346819,0.11528685732037487,-0.2774831127533607,0.004659899796468187,0.1338665788324555,-0.11812947722075805,0.0057601930689786685,-0.05535446084613315,0.006234956020273397,-0.00017455974851843625
200,19,955,13.609803199768066,0.9430139644729739,0.3336830825346819,0.11528685732037487,-0.2774831127533607,0.004659899796468187,0.1338665788324555,-0.11812947722075805,0.0057601930689786685,-0.05535446084613315,0.006234956020273397,-0.00017455974851843625
200,19,956,13.609804153442383,0.9430139914579069,0.33368315879616317,0.11528685732037487,-0.2774832044604365,0.004659899796468187,0.1338665788324555,-0.11812947722075805,0.0057601930689786685,-0.05535446084613315,0.006234956020273397,-0.00017455974851843625
200,19,957,13.609804153442383,0.9430139734679507,0.33368310795517475,0.11528685732037487,-0.27748314332238594,0.004659899796468187,0.1338665788324555,-0.11812947722075805,0.0057601930689786685,-0.05535446084613315,0.006234956020273397,-0.00017455974851843625
200,19,958,13.609803199768066,0.9430139644729739,0.3336830825346819,0.11528685732037487,-0.2774831127533607,0.004659899796468187,0.1338665788324555,-0.11812947722075805,0.0057601930689786685,-0.05535446084613315,0.006234956020273397,-0.00017455974851843625
200,19,959,13.609804153442383,0.9430139824629283,0.3336831333756686,0.11528685732037487,-0.27748317389141125,0.004659899796468187,0.1338665788324555,-0.11812947722075805,0.0057601930689786685,-0.05535446084613315,0.006234956020273397,-0.00017455974851843625
200,19,960,13.609804153442383,0.9430139824629283,0.3336831333756686,0.11528685732037487,-0.27748317389141125,0.004659899796468187,0.1338665788324555,-0.11812947722075805,0.0057601930689786685,-0.05535446084613315,0.006234956020273397,-0.00017455974851843625
200,19,961,13.609804153442383,0.9430139734679507,0.33368310795517475,0.11528685732037487,-0.27748314332238594,0.004659899796468187,0.1338665788324555,-0.11812947722075805,0.0057601930689786685,-0.05535446084613315,0.006234956020273397,-0.00017455974851843625
200,19,962,13.609804153442383,0.9430139734679507,0.33368310795517475,0.11528685732037487,-0.27748314332238594,0.004659899796468187,0.1338665788324555,-0.11812947722075805,0.0057601930689786685,-0.05535446084613315,0.006234956020273397,-0.00017455974851843625
200,19,963,13.609804153442383,0.9430139824629283,0.3336831333756686,0.11528685732037487,-0.27748317389141125,0.004659899796468187,0.1338665788324555,-0.11812947722075805,0.0057601930689786685,-0.05535446084613315,0.006234956020273397,-0.00017455974851843625
200,19,964,13.609804153442383,0.9430139734679507,0.33368310795517475,0.11528685732037487,-0.27748314332238594,0.004659899796468187,0.1338665788324555,-0.11812947722075805,0.0057601930689786685,-0.05535446084613315,0.006234956020273397,-0.00017455974851843625
200,19,965,13.609804153442383,0.9430139824629283,0.3336831333756686,0.11528685732037487,-0.27748317389141125,0.004659899796468187,0.1338665788324555,-0.11812947722075805,0.0057601930689786685,-0.05535446084613315,0.006234956020273397,-0.00017455974851843625
200,19,966,13.609804153442383,0.9430139734679507,0.33368310795517475,0.11528685732037487,-0.27748314332238594,0.004659899796468187,0.1338665788324555,-0.11812947722075805,0.0057601930689786685,-0.05535446084613315,0.006234956020273397,-0.00017455974851843625
200,19,967,13.609804153442383,0.9430139734679507,0.33368310795517475,0.11528685732037487,-0.27748314332238594,0.004659899796468187,0.1338665788324555,-0.11812947722075805,0.0057601930689786685,-0.05535446084613315,0.006234956020273397,-0.00017455974851843625
200,19,968,13.609804153442383,0.9430139824629283,0.3336831333756686,0.11528685732037487,-0.27748317389141125,0.004659899796468187,0.1338665788324555,-0.11812947722075805,0.0057601930689786685,-0.05535446084613315,0.006234956020273397,-0.00017455974851843625
200,19,969,13.609804153442383,0.9430139734679507,0.33368310795517475,0.11528685732037487,-0.27748314332238594,0.004659899796468187,0.1338665788324555,-0.11812947722075805,0.0057601930689786685,-0.05535446084613315,0.006234956020273397,-0.00017455974851843625
200,19,970,13.609804153442383,0.9430139824629283,0.3336831333756686,0.11528685732037487,-0.27748317389141125,0.004659899796468187,0.1338665788324555,-0.11812947722075805,0.0057601930689786685,-0.05535446084613315,0.006234956020273397,-0.00017455974851843625
200,19,971,13.609804153442383,0.9430139734679507,0.33368310795517475,0.11528685732037487,-0.27748314332238594,0.004659899796468187,0.1338665788324555,-0.11812947722075805,0.0057601930689786685,-0.05535446084613315,0.006234956020273397,-0.00017455974851843625
200,19,972,13.609804153442383,0.9430139734679507,0.33368310795517475,0.11528685732037487,-0.27748314332238594,0.004659899796468187,0.1338665788324555,-0.11812947722075805,0.0057601930689786685,-0.05535446084613315,0.006234956020273397,-0.00017455974851843625
200,19,973,13.609804153442383,0.9430139824629283,0.3336831333756686,0.11528685732037487,-0.27748317389141125,0.004659899796468187,0.1338665788324555,-0.11812947722075805,0.0057601930689786685,-0.05535446084613315,0.006234956020273397,-0.00017455974851843625
200,19,974,13.609804153442383,0.9430139824629283,0.3336831333756686,0.11528685732037487,-0.27748317389141125,0.004659899796468187,0.1338665788324555,-0.11812947722075805,0.0057601930689786685,-0.05535446084613315,0.006234956020273397,-0.00017455974851843625
200,19,975,13.609803199768066,0.9430139713679491,0.3336830774368241,0.11528685732037487,-0.2774831127533607,0.004659899796468187,0.133866567794309,-0.11812946791879521,0.005760192481633287,-0.055354456926701615,0.00623495552531121,-0.0001745597328919621
200,19,976,13.609804153442383,0.9430139803629258,0.3336831028573174,0.11528685732037487,-0.27748314332238594,0.004659899796468187,0.133866567794309,-0.11812946791879521,0.005760192481633287,-0.055354456926701615,0.00623495552531121,-0.0001745597328919621
200,19,977,13.609804153442383,0.9430139985862233,0.3336831543577468,0.11528685732037487,-0.2774832044604365,0.004659899796468187,0.133866567794309,-0.11812946791879521,0.005760192481633287,-0.05535446084613315,0.006234956020273397,-0.0001745597328919621
200,19,978,13.609803199768066,0.9430139718313592,0.33368307874645636,0.11528685732037487,-0.2774831127533607,0.004659899796468187,0.133866567794309,-0.11812946791879521,0.005760192481633287,-0.05535446476556469,0.006234956020273397,-0.0001745597328919621
200,19,979,13.609803199768066,0.9430139897552438,0.3336831048171414,0.11528685732037487,-0.27748314332238594,0.004659899796468187,0.133866567794309,-0.11812945861683236,0.005760192481633287,-0.05535446868499623,0.006234956020273397,-0.0001745597328919621
200,19,980,13.609804153442383,0.9430140166773799,0.3336831563175706,0.11528685732037487,-0.2774832044604365,0.004659899796468187,0.133866567794309,-0.1181294493148695,0.005760192481633287,-0.05535447260442777,0.006234956515235586,-0.0001745597328919621
200,19,981,13.609803199768066,0.9430139794266765,0.33368307562781885,0.11528685732037487,-0.2774831127533607,0.004659899796468187,0.1338665567561625,-0.11812945861683236,0.005760192481633287,-0.05535447260442777,0.006234956515235586,-0.0001745597328919621
200,19,982,13.609804153442383,0.9430139781558822,0.333683096620043,0.11528685732037487,-0.27748314332238594,0.004659899796468187,0.13386654571801598,-0.11812946791879521,0.005760192481633287,-0.05535447260442777,0.006234956515235586,-0.0001745597328919621
200,19,983,13.609804153442383,0.9430140051339518,0.3336831728621256,0.11528685732037487,-0.2774832350294618,0.004659899796468187,0.13386654571801598,-0.11812946791879521,0.0057601918942879055,-0.05535447260442777,0.006234956020273397,-0.0001745597016390138
200,19,984,13.609803199768066,0.943013960155473,0.33368304574950525,0.11528685732037487,-0.2774830821843354,0.004659899796468187,0.13386654571801598,-0.11812946791879521,0.005760191306942524,-0.05535447260442777,0.006234956020273397,-0.00017455968601253968
200,19,985,13.609803199768066,0.943013977673447,0.33368309525664425,0.11528686638903507,-0.27748314332238594,0.004659899796468187,0.13386653467986948,-0.11812946791879521,0.005760190132251761,-0.05535447260442777,0.006234955030349022,-0.00017455967038606553
200,19,986,13.6098051071167,0.9430139943961998,0.3336831671000025,0.11528686638903507,-0.2774832350294618,0.004659899796468187,0.13386652364172297,-0.11812947722075805,0.005760190719597142,-0.05535447260442777,0.006234955030349022,-0.00017455967038606553
200,19,987,13.609803199768066,0.9430139489630562,0.33368303870246346,0.11528687545769528,-0.2774830821843354,0.004659899796468187,0.13386651260357646,-0.11812947722075805,0.005760190719597142,-0.05535447260442777,0.006234955030349022,-0.00017455967038606553
200,19,988,13.609803199768066,0.9430139577991905,0.33368308825764503,0.11528688452635548,-0.27748314332238594,0.004659899796468187,0.13386650156542995,-0.1181294865227209,0.005760190719597142,-0.05535447260442777,0.00623495552531121,-0.00017455968601253968
200,19,989,13.609804153442383,0.9430139827622167,0.33368315880506194,0.11528689359501569,-0.2774832350294618,0.004659899796468187,0.1338664794891369,-0.1181294865227209,0.005760190719597142,-0.05535447260442777,0.006234956020273397,-0.0001745597016390138
200,19,990,13.609803199768066,0.9430139341883514,0.3336830215316001,0.11528690266367589,-0.2774830821843354,0.004659899796468187,0.13386644637469738,-0.1181294865227209,0.005760190132251761,-0.05535447260442777,0.00623495552531121,-0.0001745597016390138
200,19,991,13.609803199768066,0.9430139586287513,0.33368306601846043,0.1152869117323361,-0.27748314332238594,0.004659899796468187,0.13386642429840437,-0.11812947722075805,0.005760190719597142,-0.05535446868499623,0.006234956020273397,-0.0001745597016390138
200,19,992,13.609803199768066,0.943013974823596,0.33368311178633214,0.1152869208009963,-0.2774832044604365,0.004659899796468187,0.13386640222211135,-0.11812947722075805,0.005760190719597142,-0.05535447260442777,0.006234956020273397,-0.00017455971726548796
200,19,993,13.609803199768066,0.9430139371179127,0.33368302981076575,0.11528692986965651,-0.2774831127533607,0.004659899796468187,0.13386638014581834,-0.1181294865227209,0.005760190719597142,-0.05535447260442777,0.006234956515235586,-0.00017455971726548796
200,19,994,13.609803199768066,0.9430139546463424,0.33368307934745495,0.11528693893831671,-0.27748317389141125,0.004659899796468187,0.13386636910767183,-0.1181294865227209,0.005760190719597142,-0.05535447260442777,0.006234956020273397,-0.00017455971726548796
200,19,995,13.609803199768066,0.9430139530794127,0.3336830749191916,0.11528693893831671,-0.27748317389141125,0.004659899796468187,0.13386635806952532,-0.1181294865227209,0.005760190719597142,-0.05535447260442777,0.006234956020273397,-0.00017455971726548796
200,19,996,13.609803199768066,0.9430139335225282,0.3336830196499323,0.11528693893831671,-0.2774831127533607,0.004659899796468187,0.1338663470313788,-0.1181294865227209,0.005760190719597142,-0.05535447260442777,0.006234956020273397,-0.00017455971726548796
200,19,997,13.609803199768066,0.9430139499491416,0.3336830660728049,0.11528693893831671,-0.27748317389141125,0.004659899796468187,0.1338663359932323,-0.1181294865227209,0.005760191306942524,-0.05535447260442777,0.006234956020273397,-0.00017455971726548796
200,19,998,13.609804153442383,0.943013948678352,0.3336830870650425,0.11528693893831671,-0.2774832044604365,0.004659899796468187,0.13386632495508577,-0.11812949582468375,0.005760191306942524,-0.05535447260442777,0.006234956020273397,-0.00017455971726548796
200,19,999,13.609804153442383,0.9430139118231056,0.3336829829092805,0.11528692986965651,-0.2774830821843354,0.004659899796468187,0.13386632495508577,-0.11812949582468375,0.005760191306942524,-0.0553544765238593,0.006234956515235586,-0.00017455971726548796
200,19,1000,13.609804153442383,0.9430139363624997,0.33368305225949957,0.1152869208009963,-0.27748317389141125,0.004659899796468187,0.13386631391693926,-0.11812949582468375,0.005760191306942524,-0.05535448044329084,0.006234956515235586,-0.00017455971726548796
