checkpoint_epoch,seed,epoch,pde_loss,coefficient_error,spurious_l2,xi_u,xi_u_x,xi_u_xx,xi_u^2,xi_u*u_x,xi_u*u_xx,xi_u_x^2,xi_u_x*u_xx,xi_u_xx^2
0,5,0,78.40911865234375,1.063565298664277,0.35365454048585765,-0.3360257064514105,0.03446697274319782,-0.004681476974802558,0.10468746582878703,0.002741459804526198,3.729108176649904e-05,-0.0032581039989031204,0.00045169105636071275,-1.5532449563786744e-05
0,5,1,78.31024169921875,1.062347554440635,0.3449349393795485,-0.3273546941831365,0.033212377826330776,-0.004594612452888583,0.1034670157493216,0.004488585828389285,-2.802610159768472e-05,-0.0032153816833145024,0.0004376424512642285,-1.4708559337713667e-05
0,5,2,78.21560668945312,1.0611530967010303,0.3361838990737733,-0.31868786826296425,0.031957906296060594,-0.004507766570096685,0.10210831230328585,0.006193644394301942,-8.883304646554418e-05,-0.0031707457070805477,0.00042389726096097354,-1.391626365906268e-05
0,5,3,78.12499237060547,1.0599808818980234,0.32740601699749955,-0.3100281487979031,0.030703646018600178,-0.004420953305768419,0.10062095704134032,0.007853355931696086,-0.0001451061165830566,-0.0031251044667791926,0.00041053323914555203,-1.315703993834313e-05
0,5,4,78.03813934326172,1.0588302911989917,0.31860654407250916,-0.30137845589496215,0.029449682990668562,-0.004334186898122038,0.09901612002883915,0.00946485970672679,-0.0001968705440635087,-0.003079508493851848,0.00039762953609104247,-1.2432092366312636e-05
0,5,5,77.95476531982422,1.0577011980398374,0.30979140686004836,-0.29274178718611565,0.028196101339490878,-0.004247482879759272,0.09730632697597896,0.011025799940127787,-0.0002442008678103717,-0.0030351603055345285,0.00038526494480626254,-1.1742323804949129e-05
0,5,6,77.87459564208984,1.0565940358814965,0.300967080641239,-0.28412116614499255,0.026942988931280037,-0.004160857042158546,0.09550517914588907,0.01253445670635185,-0.00028721962175605974,-0.002993417688501564,0.00037351621215017184,-1.1088303180978432e-05
0,5,7,77.79729461669922,1.0555099052726216,0.2921403939205996,-0.27551959040356705,0.025690435501742846,-0.004074326730058459,0.09362687719838537,0.013989929516575713,-0.0003260933224157805,-0.0029557796261068395,0.0003624556029391839,-1.047023625248518e-05
0,5,8,77.7225341796875,1.0544507454859535,0.2833184676147869,-0.26694010927712314,0.024438528917092223,-0.003987910064827695,0.09168580665394407,0.015392338327906345,-0.00036102727796069833,-0.0029238445491994755,0.0003521475221759721,-9.887971230718412e-06
0,5,9,77.64997100830078,1.0534194486993884,0.2745084437106577,-0.25838572039763485,0.023187362652022755,-0.003901626203341721,0.08969601132091165,0.016743016447377294,-0.00039225788600487084,-0.00289923621959436,0.0003426444877068917,-9.340983039035918e-06
0,5,10,77.57929229736328,1.0524200678625826,0.26571733893389937,-0.24985939555542142,0.02193703018122904,-0.003815495337982786,0.08767069473190588,0.018044752067204614,-0.00042004382305915825,-0.0028835040480309337,0.0003339827780937108,-8.828401421932193e-06
0,5,11,77.51018524169922,1.051457868089384,0.2569518983389873,-0.241364080699147,0.02068762684889955,-0.003729538437763226,0.08562180560778958,0.019301858780113253,-0.0004446571217488766,-0.002878007228459402,0.00032617911979955435,-8.349030621358006e-06
0,5,12,77.44235229492188,1.0505392817472086,0.24821845544795473,-0.23290267009416596,0.019439251738210553,-0.0036437772483254613,0.08355972415473191,0.020520138295371384,-0.00046637318178702013,-0.0028838178705512746,0.0003192289658247379,-7.901401659512395e-06
0,5,13,77.37557220458984,1.0496717239508513,0.23952286358598482,-0.22447800632252266,0.018192005801832212,-0.003558234291942001,0.08149309400906261,0.02170667780854213,-0.00048546232419600195,-0.002901662597750508,0.00031310721023528943,-7.483813378023492e-06
0,5,14,77.30963134765625,1.048863199544404,0.23087040750451418,-0.21609284152046923,0.016945993731422464,-0.00347293286751544,0.07942870459866998,0.022869438256819113,-0.0005021817664153551,-0.0029319152763481525,0.0003077711761913135,-7.094400461796159e-06
0,5,15,77.24441528320312,1.0481219098291503,0.22226586189231112,-0.2077498890617753,0.015701320218639254,-0.003387896532825068,0.07737155836505916,0.02401681177456426,-0.0005167695615439123,-0.002974634777385018,0.00030316490311812225,-6.731189657067916e-06
0,5,16,77.1798095703125,1.0474558275875367,0.21371351987303536,-0.1994517977160732,0.014458091824634414,-0.003303149363403567,0.07532505562401251,0.02515716131738373,-0.000529439014586073,-0.0030296301804339327,0.0002992236937059198,-6.392144745853659e-06
0,5,17,77.11577606201172,1.0468723435497298,0.2052172366821765,-0.19120115164885781,0.013216417914800613,-0.003218715434783617,0.07329114581522073,0.026298436475177257,-0.000540376269372301,-0.003096529495571682,0.0002958781412523799,-6.075228385807165e-06
0,5,18,77.05230712890625,1.0463780314277582,0.19678053223172579,-0.18300044457983175,0.011976408789277469,-0.0031346185636212053,0.0712707028254417,0.02744790437916841,-0.0005497376710071102,-0.0031748343125921935,0.00029305708521244116,-5.778438651957438e-06
0,5,19,76.98941040039062,1.0459784482322438,0.18840671435242765,-0.1748521185453877,0.010738175682951543,-0.003050882566572317,0.06926376586754279,0.02861191951394262,-0.0005576489240971449,-0.003263965537472507,0.0002906897223053027,-5.499838832278336e-06
0,5,20,76.92713165283203,1.0456780695025842,0.18009905617653185,-0.16675857681943598,0.009501828895962456,-0.002967531001416242,0.06726997082204152,0.029795828075969963,-0.0005642058222868435,-0.0033632809833212215,0.0002887065159143617,-5.2375917207026825e-06
0,5,21,76.86553192138672,1.0454801960515092,0.17186089717837347,-0.15872213223009451,0.008267479663196766,-0.0028845866493021842,0.06528889194923533,0.031003864226918074,-0.0005694744727309499,-0.003472084283125713,0.00028704007300858086,-4.9899725472751215e-06
0,5,22,76.80469512939453,1.0453869053833598,0.16369587171284403,-0.15074505884299882,0.0070352378174206205,-0.0028020720325026525,0.0633204172123604,0.03223907552572077,-0.0005734930918746094,-0.0035896162115508965,0.00028562504670678077,-4.755386405749452e-06
0,5,23,76.74471282958984,1.045399037812512,0.15560811213404468,-0.14282956611964706,0.005805211789279742,-0.002720008896660068,0.061365174017294175,0.03350329699190631,-0.0005762732400521828,-0.0037150429576402605,0.00028439820123477846,-4.53237471866506e-06
0,5,24,76.68568420410156,1.0455161005586906,0.1476025160135126,-0.13497781183822752,0.004577509542046383,-0.0026384184696634618,0.05942493254490523,0.034797040874742266,-0.0005778024029211337,-0.0038474291520282458,0.0002832983469682489,-4.3196222646039e-06
0,5,25,76.62772369384766,1.0457361950402762,0.13968502710317568,-0.12719190209361853,0.003352236234751959,-0.002557320685018387,0.057502953065021116,0.036119418843220286,-0.0005780454505333553,-0.003985713474158392,0.00028226630795415603,-4.115956897100226e-06
0,5,26,76.57091522216797,1.0460559461319057,0.13186301458356828,-0.11947390421821603,0.0021294944558737823,-0.0024767354762303974,0.05560438926877817,0.0374680641760407,-0.0005769473310053127,-0.004128679099489946,0.0002812447919964757,-3.920347858098906e-06
0,5,27,76.5153579711914,1.0464703797798038,0.1241456885264089,-0.11182580801945112,0.0009093841064916964,-0.0023966812235448726,0.05373667479545672,0.03883901180450555,-0.0005744359325425695,-0.0042749213321527126,0.00028017852057047276,-3.7319040914137467e-06
0,5,28,76.46115112304688,1.046972798802119,0.11654465892661478,-0.10424955808185872,-0.0003079988849889751,-0.0023171757894538026,0.051909803324390706,0.040226575113327695,-0.0005704247209918016,-0.004422824150349122,0.0002790145860869617,-3.5498703074635816e-06
0,5,29,76.40835571289062,1.0475547046287996,0.1090745939858835,-0.0967470214650089,-0.001522562679680797,-0.002238236518695785,0.05013658065768628,0.041623277856867334,-0.0005648166119916276,-0.00457053886267011,0.00027770306898512113,-3.3736207992861196e-06
0,5,30,76.35698699951172,1.0482057528308966,0.10175410666256253,-0.08932000062433439,-0.0027342210471780095,-0.0021598797205026367,0.048432759164338396,0.04301981849620837,-0.0005575082920684617,-0.004715980824451409,0.0002761978821752923,-3.2026526963712344e-06
0,5,31,76.30706024169922,1.0489137272067786,0.09460685331348175,-0.08197020756947555,-0.003942894417146843,-0.0020821214452294784,0.04681698736368711,0.044405060472906446,-0.0005483943713779834,-0.004856847732359936,0.00027445800522460763,-3.0365797806748165e-06
0,5,32,76.25852966308594,1.049664699652321,0.08766304327792729,-0.07469927032469419,-0.005148509528795411,-0.0020049773549163873,0.04531060825924267,0.04576620403943951,-0.0005373747912980289,-0.004990670286325325,0.00027244940059257205,-2.875126302632621e-06
0,5,33,76.2113265991211,1.0504432859492712,0.08096132472469687,-0.0675086941663911,-0.00635100165089771,-0.0019284627232883985,0.043937079548432685,0.04708906183634541,-0.000524360324005132,-0.005114898971552282,0.0002701467837130832,-2.7181151753685283e-06
0,5,34,76.16532897949219,1.0512331245187054,0.07455137133724372,-0.06039986808351982,-0.007550315633383932,-0.0018525928240705457,0.04272122297628442,0.04835854520481775,-0.0005092805973668232,-0.005227025553337873,0.0002675360913656885,-2.5654609474375532e-06
0,5,35,76.1203842163086,1.0520174957847648,0.06849705972014712,-0.05337403893593161,-0.008746406608400674,-0.0017773829309878635,0.04168806195400004,0.049559293150996456,-0.000492091278062009,-0.005324738346509839,0.00026461633295402797,-2.4171540617701906e-06
0,5,36,76.07632446289062,1.052780124892866,0.0628802552860913,-0.04643228561272063,-0.00993923905556399,-0.0017028489649571251,0.04086151352973886,0.05067647314070894,-0.0004727804129294328,-0.005406083583060379,0.0002614010033235938,-2.27324539570704e-06
0,5,37,76.03298950195312,1.053506080704251,0.0578044706048908,-0.03957550934160321,-0.011128791475694127,-0.001629007105771799,0.04026287309138651,0.05169667267256239,-0.0004513734515401271,-0.005469613176113123,0.0002579188622473901,-2.1338263035889577e-06
0,5,38,75.99020385742188,1.0541826286595763,0.05339670680720767,-0.03280442399829735,-0.012315051717080786,-0.0015558744392937876,0.0399093999024115,0.05260873573560862,-0.000427935070036573,-0.005514490734705786,0.0002542127976760119,-1.9990069728055293e-06
0,5,39,75.9478530883789,1.054799987427233,0.049803907480030135,-0.026119514113833318,-0.013498020714470912,-0.001483468828015081,0.039813079095624905,0.05340450200448974,-0.0004025683293607804,-0.005540543163905624,0.0002503380718949099,-1.8688894391282333e-06
0,5,40,75.90583038330078,1.0553518460134244,0.04717912378173795,-0.0195210558708984,-0.014677708750080912,-0.00141180916993445,0.03997972257815057,0.05407930612036981,-0.000375410017449667,-0.005548253628430053,0.0002463592360603187,-1.743545099488077e-06
0,5,41,75.86410522460938,1.055835552792103,0.045654233880154535,-0.013009102567905925,-0.015854136388343595,-0.0013409152691191,0.040408694541353755,0.054632149521385405,-0.00034662357835093426,-0.005538700570692023,0.00024234655755664744,-1.6229933491143504e-06
0,5,42,75.82262420654297,1.056252086632216,0.045304077135745684,-0.006583498751150341,-0.01702733167166734,-0.0012708079651430192,0.04109296467830391,0.055065668021805896,-0.0003163902174997851,-0.005513461077856536,0.0002383722037646023,-1.5071837323018724e-06
0,5,43,75.78140258789062,1.0566057246421048,0.04611909578107872,-0.00024386850530730742,-0.018197330120436086,-0.0012015091330869767,0.0420197860061959,0.055385797877384284,-0.00028489910910559345,-0.0054744973615866496,0.00023450689676856093,-1.3959887746088649e-06
0,5,44,75.7405014038086,1.0569035327220881,0.04800441582227763,0.006010347802963169,-0.019364170994021566,-0.0011330411657851328,0.04317164997976168,0.05560127326234155,-0.0002523382488970462,-0.005424041361421649,0.00023081707148177007,-1.2891992043221982e-06
0,5,45,75.69994354248047,1.057154755244608,0.05080664985081168,0.012179879392861687,-0.0205278954212894,-0.0010654271032633873,0.044527457275452334,0.0557230264838318,-0.00021888626087545975,-0.005364481224523053,0.00022736266710364147,-1.186526622815048e-06
0,5,46,75.65978240966797,1.057370132019391,0.05435121323522946,0.018265605284432378,-0.02168854827009299,-0.0009986903738626821,0.046063792209626704,0.05576351362847606,-0.00018470595775959596,-0.005298262327271334,0.00022419584421626962,-1.087612218345561e-06
0,5,47,75.62005615234375,1.057561270955686,0.05847188480087045,0.024268521592718358,-0.02284617253879185,-0.0009328542764856126,0.04775616354571082,0.055736092082239584,-0.00014993987959448902,-0.005227803776897282,0.00022136014034163307,-9.920355501280915e-07
0,5,48,75.58080291748047,1.0577400400745223,0.0630260729478183,0.030189729818261842,-0.02400080561726381,-0.0008679419805964254,0.04958011645907898,0.05565441101864515,-0.00011470727038730106,-0.005155423825860576,0.00021889029130946406,-8.993274082134908e-07
0,5,49,75.54203796386719,1.0579180409737,0.06789865195862849,0.036030386375121806,-0.025152484895386712,-0.0008039761379059767,0.05151211202564979,0.055531879697001574,-7.910320126157287e-05,-0.005083281235354949,0.00021681239365009447,-8.089811976454288e-07
0,5,50,75.50376892089844,1.05810622716967,0.07299979895149332,0.04179167997942591,-0.026301242154556714,-0.0007409785587758619,0.053530263863608415,0.055381271928159156,-4.3198612545819686e-05,-0.00501333118066408,0.0002151443917729932,-7.204647442521364e-07
0,5,51,75.46597290039062,1.0583145602491582,0.07826069786040661,0.0474748219587499,-0.027447103567688303,-0.0006789701474992428,0.05561486470619658,0.05521436296110475,-7.041697436123994e-06,-0.004947285847437065,0.00021389669505958081,-6.332306949867483e-07
0,5,52,75.42866516113281,1.0585518716331213,0.08362905976212273,0.05308101071984204,-0.028590085960226504,-0.0006179704492666292,0.05774866089178396,0.055041773862931125,2.9340293455312127e-05,-0.004886596606193983,0.00021307300606674312,-5.467252668622542e-07
0,5,53,75.39179229736328,1.0588256698798955,0.08906533178768028,0.05861141882779566,-0.02973020241862856,-0.0005579976501658799,0.059917009215337526,0.054872757541294816,6.593841454815256e-05,-0.004832432434095807,0.0002126710188160688,-4.6039594179790187e-07
0,5,54,75.35533142089844,1.059142143638239,0.09453965055637392,0.06406714778315295,-0.030867456681882253,-0.0004990681888671589,0.0621078713265834,0.05471518577608021,0.0001027593491606998,-0.004785681322220272,0.0002126832957152168,-3.7369779115048715e-07
0,5,55,75.31925964355469,1.059506185037554,0.10002955022980874,0.06944926678438747,-0.03200184688049369,-0.00044119678898252263,0.0643116904895666,0.054575555703567494,0.00013982274915989097,-0.004746953090113631,0.00021309804704357677,-2.860985704756709e-07
0,5,56,75.28353118896484,1.05992147564679,0.10551817674025661,0.07475875135397352,-0.03313336179749953,-0.00038439636198715906,0.0665212123238289,0.05445906762644802,0.0001771581958139303,-0.004716590643997661,0.00021389992667721368,-1.970827953370323e-07
0,5,57,75.24813842773438,1.060390536096457,0.11099299846241646,0.07999651241024805,-0.03426198273796085,-0.00032867784542145293,0.06873127193455762,0.05436966391883191,0.00021480321812089514,-0.0046946896786319295,0.00021507064918168225,-1.0615507925313897e-07
0,5,58,75.21305847167969,1.0609148992474886,0.11644472092172611,0.08516335750492826,-0.035387691006938726,-0.0002740502028909858,0.07093844659861763,0.05431020734086659,0.00025280038168084786,-0.004681118379176051,0.00021658967186197946,-1.284270633240998e-08
0,5,59,75.17829132080078,1.0614952346506696,0.12186662647989191,0.09026004250642139,-0.03651045669253089,-0.0002205204240665362,0.07314091011675844,0.054282594511675754,0.0002911960120084246,-0.00467554134487959,0.00021843473065893618,8.330234290045523e-08
0,5,60,75.1438217163086,1.0621314203664636,0.12725386162052527,0.0952872005352737,-0.03763024988283508,-0.00016809349232449236,0.07533805749045537,0.05428784344562667,0.00033003772533520464,-0.004677447734599568,0.00022058232732775454,1.8270174229510226e-07
0,5,61,75.10965728759766,1.0628227366648553,0.13260305480178067,0.10024540656830781,-0.038747033187973456,-0.0001167724656458199,0.07753031445941096,0.0543262848352845,0.0003693738113103029,-0.004686170499570777,0.00022300813542012272,2.857495793254597e-07
0,5,62,75.07579803466797,1.0635679010962644,0.13791189962356531,0.10513514513655402,-0.03986076921806818,-6.655852920039036e-05,0.0797188518078073,0.054397610682671876,0.000409251296924955,-0.0047009187507509225,0.0002256874062663297,3.9281161393372847e-07
0,5,63,75.0422592163086,1.064365197645335,0.14317886612355155,0.10995682324607778,-0.04097141684425363,-1.7450914448014e-05,0.08190535568894006,0.05450101370887974,0.00044971518891778994,-0.004720798398866806,0.00022859521256453393,5.042242760482521e-07
0,5,64,75.00904846191406,1.0652125560702173,0.148402991015935,0.11471079621963463,-0.042078934937664195,3.0552732771258875e-05,0.08409183156088185,0.05463527489033457,0.0004908077442391662,-0.00474483842356401,0.00023170690308073187,6.202944284135935e-07
0,5,65,74.97615814208984,1.0661076068995978,0.15358363536801523,0.11939732247377408,-0.043183278630446464,7.745664347342028e-05,0.08628039131663096,0.05479883802672971,0.0005325673196295487,-0.004772012920728953,0.00023499810264875794,7.412990152276849e-07
0,5,66,74.94361114501953,1.0670477402642549,0.15872038304468275,0.12401662166256318,-0.044284410532722605,0.0001232664360917522,0.08847309643264188,0.054989874582704885,0.0005750280910288688,-0.004801273000742081,0.00023844529678452978,8.674847986196918e-07
0,5,67,74.91141510009766,1.0680301676618047,0.16381289644641572,0.1285688746775866,-0.04538228951562699,0.00016798931063434814,0.09067178431184152,0.05520636149786147,0.000618219183745541,-0.00483156930489188,0.00024202566929320215,9.990686397402915e-07
0,5,68,74.87955474853516,1.0690519628547364,0.16886078990465664,0.13305421072711904,-0.0464768781892818,0.00021163378576246933,0.09287791143215968,0.055446139544274,0.0006621642235114391,-0.004861882027260232,0.0002457177031226969,1.136237885260808e-06
0,5,69,74.8480453491211,1.070110089046185,0.17386355987744295,0.1374727073361254,-0.04756814290279696,0.00025420968261075116,0.09509246931895629,0.05570695223149787,0.0007068809997731283,-0.004891249060239934,0.00024950106668871066,1.2791506484634916e-06
0,5,70,74.81685638427734,1.0712014126994513,0.17882052379134186,0.14182442910874302,-0.048656053744270227,0.00029572798725895885,0.0973158501009048,0.05598647174324106,0.000752380567801818,-0.0049187927327763396,0.0002533567762675609,1.4279366525123574e-06
0,5,71,74.78601837158203,1.0723227492093172,0.18373073080541744,0.14610940188662688,-0.04974058454078709,0.0003362008021926069,0.09954774567690462,0.05628236377904362,0.0007986675854021294,-0.004943747955884881,0.0002572674558247392,1.5826983548143035e-06
0,5,72,74.7554931640625,1.0734708859833504,0.18859297617282303,0.1503276385906044,-0.05082171285842087,0.0003756410550666767,0.10178715891975766,0.05659231349094945,0.0008457393589039202,-0.004965481455421373,0.0002612173207756267,1.7435115091996703e-06
0,5,73,74.72528839111328,1.0746425791456808,0.19340573749202086,0.15447913922067563,-0.05189941626324484,0.0004140626605035512,0.10403230844491897,0.05691403845184213,0.0008935859553985402,-0.00498351335031211,0.00026519201559264824,1.9104261497382187e-06
0,5,74,74.69540405273438,1.0758345508132867,0.19816715671785393,0.15856387793518562,-0.05297368353829567,0.0004514801803173522,0.10628062861049675,0.057245295139612955,0.000942190034384448,-0.0049975260653010835,0.00026917867876241055,2.0834681367356677e-06
0,5,75,74.66583251953125,1.0770435210439029,0.20287503848965224,0.16258180305082442,-0.05404450346661,0.0004879088235139401,0.10852879192460517,0.05758391784216851,0.0009915267355309545,-0.005007372305513273,0.00027316581287142595,2.262639859459394e-06
0,5,76,74.63656616210938,1.078266191494909,0.20752689478504663,0.16653288872593716,-0.055111872309200054,0.0005233644786505011,0.11077273145271709,0.05792779920492689,0.0010415633419694553,-0.0050130689582591915,0.0002771429760597047,2.4479199550481504e-06
0,5,77,74.60759735107422,1.0794992472518259,0.21211994514417315,0.17041708327721386,-0.05617578632707804,0.0005578634873184383,0.11300774165075148,0.05827489671498565,0.0010922597853565827,-0.00501479380939117,0.0002811003922779253,2.639264011237768e-06
0,5,78,74.5789566040039,1.0807393426100589,0.2166511307040566,0.1742343221005172,-0.05723624925923174,0.0005914227088625463,0.11522850077242626,0.058623219732785885,0.0011435685897560773,-0.005012865372349135,0.00028502909744099555,2.836604566361153e-06
0,5,79,74.55062103271484,1.0819830931843681,0.2211171558462428,0.17798452767088233,-0.05829326110566116,0.0006240592938639016,0.11742917170234575,0.05897081652377636,0.0011954343104575084,-0.005007725531758141,0.0002889201274638232,3.0398485795357727e-06
0,5,80,74.52259826660156,1.0832271108053384,0.2255145767804793,0.1816676224633444,-0.05934682934434187,0.0006557905870611025,0.11960355880746994,0.059315793710917324,0.0012477951052838575,-0.004999914212462601,0.0002927644857827469,3.2488771495733748e-06
0,5,81,74.4948959350586,1.0844679330686864,0.22983983129204114,0.18528350311128358,-0.06039696145324943,0.0006866344509461384,0.12174521997387841,0.05965623846466523,0.0013005814999927018,-0.004990041703100727,0.0002965526236984294,3.4635429851674715e-06
0,5,82,74.46752166748047,1.0857021262433424,0.23408933279760302,0.1888320533272526,-0.061443664910359415,0.0007166088127301724,0.12384763466191608,0.05999030279715593,0.0013537181840563115,-0.004978761448770925,0.00030027457029013397,3.6836684372613835e-06
0,5,83,74.44047546386719,1.0869262154759864,0.238259518734695,0.1923131439029768,-0.0624869434546596,0.0007457318585010633,0.1259043047392806,0.060316119268021474,0.001407123898425391,-0.004966740967330364,0.00030391918540863375,3.909042125964885e-06
0,5,84,74.41374206542969,1.0881367762084466,0.24234696345400464,0.19572663270935384,-0.06352680830311334,0.0007740218390658437,0.12790896735087368,0.06063186582606951,0.0014607119967103607,-0.00495463464206137,0.0003074745169404725,4.139416410741688e-06
0,5,85,74.38734436035156,1.089330443378317,0.24634842590073788,0.1990723646964541,-0.06456326319470841,0.0008014971346698937,0.12985569575188857,0.06093575932511535,0.0015143914553076593,-0.004943056514337822,0.0003109277358508262,4.374505984958042e-06
0,5,86,74.36126708984375,1.090503942031949,0.2502609594773442,0.20235015897269293,-0.06559631560742041,0.0008281762549969416,0.13173912338133764,0.06122605552398198,0.0015680679957623038,-0.0049325582363031,0.0003142648763549498,4.613985064979941e-06
0,5,87,74.33550262451172,1.0916541962090087,0.2540819706827174,0.20555979588400322,-0.06662597301922486,0.0008540777097307152,0.13355457830616904,0.06150113986485126,0.0016216454316029599,-0.004923609369007819,0.0003174714530109914,4.857485703631448e-06
0,5,88,74.31005096435547,1.092778292613143,0.25780924838971947,0.208701029934663,-0.06765222795214622,0.0008792200732741167,0.13529812803597221,0.061759475599920406,0.0016750263417594784,-0.004916582371467152,0.00032053242824142317,5.104598352375249e-06
0,5,89,74.28491973876953,1.0938736062962084,0.26144109016560235,0.2117736285497777,-0.06867508788416006,0.0009036218553108741,0.1369667475781237,0.06199969456975315,0.0017281135296342218,-0.0049117436879136155,0.00032343269951157883,5.354872704583496e-06
0,5,90,74.26007843017578,1.0949378233842189,0.2649762574797432,0.21477730747114288,-0.0696945453372908,0.0009273015655247153,0.1385583530488161,0.06222062313995158,0.0017808111454646238,-0.004909243896865937,0.0003261573591582074,5.607816290086406e-06
0,5,91,74.23553466796875,1.0959689578801073,0.26841404140153874,0.21771180828220907,-0.07071060031153845,0.0009502777135993685,0.14007180167305844,0.06242127571698817,0.0018330260331582606,-0.0049091219329566865,0.00032869237643942526,5.862902345700092e-06
0,5,92,74.21129608154297,1.096965401361092,0.2717542306757714,0.22057682088311686,-0.07172323785095186,0.000972568744499388,0.14150697021041042,0.06260090662154931,0.001884668740419154,-0.0049113055560242305,0.0003310246949704243,6.119569815226559e-06
0,5,93,74.18734741210938,1.0979259419385672,0.27499711305705626,0.2233720610156618,-0.07273245795553106,0.000994192909031806,0.14286463171454253,0.06275902305687124,0.0019356549778190989,-0.004915620732951907,0.00033314275238057833,6.3772289712593e-06
0,5,94,74.16368865966797,1.0988497720378627,0.2781434597552653,0.22609729610494936,-0.07373824566932488,0.0010151683285653079,0.1441464107185303,0.06289539159290795,0.0019859047209076154,-0.004921807586794622,0.00033503690253484247,6.63526928571112e-06
0,5,95,74.14032745361328,1.099736442716604,0.28119437760686344,0.22875224189277513,-0.07474059351435777,0.0010355129303110562,0.1453546599944143,0.06301002519799537,0.0020353450161183476,-0.004929531654985851,0.0003366995454480299,6.893061116355811e-06
0,5,96,74.11724853515625,1.1005858247722773,0.28415129497191843,0.23133663996258955,-0.07573949401265417,0.001055244447322693,0.1464923261090833,0.06310314433384356,0.002083908072752712,-0.004938403591199913,0.00033812554950621103,7.1499686369810195e-06
0,5,97,74.09444427490234,1.1013982069977182,0.2870159469438809,0.2338502835811531,-0.07673493220826294,0.0010743802890579904,0.14756289340589251,0.06317528070222397,0.0021315332832325053,-0.004948001212674015,0.0003393122514667135,7.4053537726521526e-06
0,5,98,74.07192993164062,1.10217412275601,0.2897902347156122,0.236293017698536,-0.07772689314523293,0.0010929378002555465,0.1485701151164304,0.0632271345932746,0.0021781663252098565,-0.0049578882638866085,0.00034025945645812226,7.658587443323564e-06
0,5,99,74.04969787597656,1.1029144042067252,0.2924762422528981,0.2386647647897735,-0.07871537682356416,0.0011109336137430472,0.14951800215684216,0.06325962675884353,0.0022237593860397376,-0.004967633649327687,0.00034096969780883296,7.90905237474135e-06
0,5,100,74.0277328491211,1.1036200523909496,0.2950760085048497,0.24096544732990066,-0.07970036828730549,0.0011283843623481782,0.15041052062856747,0.06327382708664156,0.0022682707138349427,-0.0049768325426369315,0.000341447879782791,8.156155466415647e-06
0,5,101,74.00604248046875,1.1042922787440916,0.29759164459460136,0.24319511700222746,-0.08068186005848135,0.0011453059669877124,0.15125160302201693,0.06327096756857811,0.0023116634951035253,-0.004985119990270508,0.000341701017750938,8.399330040342868e-06
0,5,102,73.98462677001953,1.104932394552898,0.3000251152347443,0.24535382549006374,-0.08165985213709175,0.0011617142191400753,0.15204492414304424,0.06325239042741768,0.0023539067526388486,-0.004992188267903536,0.0003417381732340738,8.638043711533538e-06
0,5,103,73.96345520019531,1.105541802384859,0.30237840167550867,0.24744180536830404,-0.08263433704516111,0.0011776242630919538,0.15279393472397548,0.0632194962434362,0.002394974223157024,-0.004997795324085352,0.00034157025903144096,8.87180513417899e-06
0,5,104,73.94255065917969,1.1061219750701903,0.30465329447980893,0.24945931505349792,-0.08360530730471387,0.0011930508548149905,0.15350169336846328,0.06317378285942885,0.0024348441328244006,-0.005001771816618879,0.0003412094221279109,9.10016737473473e-06
0,5,105,73.92190551757812,1.106674394176845,0.3068514531125307,0.2514067163288146,-0.08457277039372559,0.0012080081030890906,0.15417084414413412,0.06311676757069455,0.0024734980748950058,-0.005004023458020428,0.00034066910865112183,9.322731285003791e-06
0,5,106,73.90150451660156,1.1072004915951783,0.30897442803742375,0.25328450018569815,-0.0855367188342207,0.0012225097283791154,0.1548036277862647,0.0630499222833567,0.0025109219076005916,-0.0050045286700599,0.0003399632194286805,9.53914269123393e-06
0,5,107,73.88135528564453,1.107701693722106,0.31102358071586933,0.25509320929890245,-0.08649716010417478,0.0012365689333965351,0.1554018256793999,0.06297474484021039,0.002547103958370542,-0.005003336238300997,0.00033910646725242305,9.749103637728818e-06
0,5,108,73.86144256591797,1.1081793406475942,0.3130001586944068,0.2568334897098013,-0.0874541016815634,0.0012501984030994292,0.1559668270794113,0.06289265527403547,0.002582035921721917,-0.005000552646618332,0.00033811349995704724,9.952361143236857e-06
0,5,109,73.84176635742188,1.1086347066381668,0.3149053509676142,0.2585061166680432,-0.08840754356638654,0.0012634101752541382,0.1564996963355553,0.06280500229176432,0.0026157124103144322,-0.004996336448093931,0.0003369990628129583,1.0148715071479e-05
0,5,110,73.82232666015625,1.1090689702390464,0.3167402083389305,0.2601119171065864,-0.08935749323661978,0.001276215769873612,0.1570011280757677,0.06271305679031404,0.002648129159170362,-0.004990881846798679,0.00033577760878343896,1.0338008011898699e-05
0,5,111,73.80313110351562,1.1094831887992083,0.31850573282763406,0.2616518471666641,-0.09030395069226312,0.0012886263186557565,0.15747150322504547,0.06261795998324284,0.0026792848214546357,-0.004984409315953143,0.0003344632985246494,1.0520129777106365e-05
0,5,112,73.78414916992188,1.1098783524628792,0.3202028946972184,0.26312688883116436,-0.09124693088926769,0.0013006523061067398,0.15791107946794547,0.06252077527409355,0.0027091802950573005,-0.004977150117892942,0.00033306983799278125,1.0695011781073787e-05
0,5,113,73.7654037475586,1.1102553208680517,0.32183267284998257,0.26453815329125,-0.09218644130560907,0.0013123039578560338,0.15831991282284963,0.06242241044637842,0.002737817600230963,-0.004969334107677815,0.00033161047844405784,1.0862621417328536e-05
0,5,114,73.74687194824219,1.1106148967887957,0.32339605245868763,0.26588680342139376,-0.09312248194128725,0.0013235908523413719,0.15869798088240514,0.06232369547359429,0.002765201001953349,-0.004961180351252456,0.000330097854041888,1.1022960934592852e-05
0,5,115,73.72854614257812,1.110957771757231,0.3248941156380902,0.2671741054626881,-0.09405506027427779,0.0013345221796854446,0.15904527244293565,0.06222529822503943,0.002791337683344838,-0.004952884459963624,0.0003285443391211273,1.1176067436783633e-05
0,5,116,73.71044921875,1.111284559617359,0.32632798550764436,0.26840137733953545,-0.09498418378255627,0.0013451066122575506,0.15936176509708838,0.06212777633915705,0.0028162343785807856,-0.004944614837824477,0.00032696156100954027,1.1322001639401264e-05
0,5,117,73.69255065917969,1.1115958212820642,0.32769882652014193,0.26956996281799317,-0.09590985994409824,0.0013553525635502939,0.1596474700485397,0.06203160316020709,0.0028399018623417615,-0.004936505645135191,0.0003253608222491997,1.1460851242612965e-05
0,5,118,73.67486572265625,1.111892040165361,0.3290079713857193,0.27068128318908347,-0.09683208875890373,0.001365267929302887,0.15990261137081732,0.06193710289658676,0.0028623511337808475,-0.0049286535148392475,0.00032375293820364066,1.159272306072497e-05
0,5,119,73.65737915039062,1.1121736793769095,0.330256778328172,0.27173678558548353,-0.09775087770494828,0.001374860346377847,0.16012741313744885,0.06184455436751766,0.0028835963346662908,-0.004921119428891273,0.000322148464407845,1.17177418978214e-05
0,5,120,73.64009857177734,1.1124411563311323,0.3314467344183664,0.27273796882318035,-0.0986662267822319,0.001384137063322648,0.16032227868078414,0.061754132645534296,0.0029036513822938265,-0.0049139273109811595,0.0003205571769111342,1.1836047174680916e-05
0,5,121,73.62300109863281,1.1126948521253452,0.3325794245674742,0.27368635755981596,-0.09957813599075459,0.0013931049403697207,0.16048776818464233,0.06166592850898789,0.0029225335610468693,-0.004907069186545608,0.0003189887543271224,1.1947791804415596e-05
0,5,122,73.60608673095703,1.11293517994647,0.33365655399138344,0.27458352813634224,-0.10048661280849192,0.0014017705788748002,0.16062459868431195,0.06158001328372582,0.0029402621755614386,-0.0049005079973198865,0.0003174520633051941,1.2053139943748699e-05
0,5,123,73.5893783569336,1.1131624926903876,0.3346798679225969,0.2754310568937111,-0.10139165723544388,0.0014101401918785784,0.1607335768444926,0.06149636751724426,0.002956856306001043,-0.004894183699533286,0.00031595561323047327,1.2152259122486843e-05
0,5,124,73.5728530883789,1.1133771794171072,0.33565120673656385,0.2762305460145294,-0.10229326927161048,0.0014182197335450516,0.1608156661813533,0.06141496527287142,0.0029723379506718457,-0.004888020769380463,0.00031450710152385416,1.2245324740964468e-05
0,5,125,73.55650329589844,1.1135796454322138,0.3365724619075879,0.2769836493647139,-0.10319144891699172,0.0014260148991615213,0.1608718526184157,0.061335767645599656,0.002986730230242569,-0.004881931486665149,0.0003131135110777093,1.2332516696960493e-05
0,5,126,73.54032897949219,1.1137702697930816,0.3374455601225418,0.2776919949685264,-0.1040861961715876,0.0014335311251385922,0.16090324531964179,0.061258683857077736,0.0030000576122170054,-0.004875826254823241,0.0003117811752130278,1.2414014888253833e-05
0,5,127,73.52433013916016,1.1139495048639414,0.33827246770238073,0.2783572108502287,-0.10497751103539811,0.001440773459571827,0.1609110430784046,0.06118367500229799,0.003012347033296579,-0.004869615477290636,0.0003105154204151543,1.2490004834428992e-05
0,5,128,73.50850677490234,1.114117775115197,0.3390551445144011,0.2789809508757375,-0.10586540098639882,0.0014477468211184401,0.1608963886696952,0.06111066327124509,0.0030236249812376896,-0.004863220346618278,0.0003093206312909274,1.2560664184542653e-05
0,5,129,73.49285125732422,1.1142755376181142,0.3397955423179332,0.2795648430693147,-0.10674985854661417,0.0014544561284356458,0.16086046968321022,0.06103959679057548,0.003033920412994368,-0.004856570029920412,0.0003082002505686795,1.2626175085095967e-05
0,5,130,73.47736358642578,1.1144233061550453,0.3404956457791355,0.28011056713853183,-0.10763089119401972,0.0014609057824272677,0.16080445130129356,0.06097046259195328,0.003043262285520645,-0.0048496105816217905,0.00030715674661966794,1.2686715185145613e-05
0,5,131,73.4620361328125,1.1145615772340118,0.34115735384163365,0.28061972526599593,-0.10850849892861548,0.0014671003134354768,0.16072946509525993,0.06090324770704259,0.0030516820249681816,-0.004842303536181806,0.0003061914835437981,1.2742457636303797e-05
0,5,132,73.4468765258789,1.1146908794328239,0.3417825831471834,0.2810939713176236,-0.10938268175040144,0.001473043992925749,0.1606365978217185,0.060837958620011366,0.003059210384071103,-0.0048346315371979864,0.00030530485108389997,1.2793577838904964e-05
0,5,133,73.4318618774414,1.1148117632564873,0.34237315652299327,0.28153488163436685,-0.11025343965937762,0.0014787409629252123,0.16052688021889652,0.06077464720420315,0.0030658801358161417,-0.0048265927083024985,0.0003044963945400052,1.284024219839461e-05
0,5,134,73.41702270507812,1.1149247622487397,0.3429308798070382,0.2819440325571775,-0.11112078013351956,0.0014841953654609944,0.16040130941399217,0.060713345880457674,0.0030717236042450058,-0.004818201591346059,0.00030376468485507005,1.2882614871495995e-05
0,5,135,73.40232849121094,1.1150304429034334,0.34345750539457515,0.28232297458535255,-0.11198470317282726,0.0014894114719985713,0.16026082651582158,0.06065413245879026,0.00307677378681694,-0.0048094900845818585,0.0003031074810078215,1.2920856641849024e-05
0,5,136,73.38778686523438,1.1151293452285609,0.34395472149715545,0.282673232376534,-0.11284521625527631,0.0014943932951267229,0.1601062830037899,0.060597071780880356,0.0030810643544087234,-0.004800500406286175,0.00030252182744846466,1.295512042256578e-05
0,5,137,73.37340545654297,1.115222023130808,0.3444242048710794,0.2829963047467089,-0.1137023193808667,0.0014991449768725774,0.15993856396833142,0.060542241656743295,0.0030846289778971364,-0.004791285094758377,0.00030200418401295947,1.2985561375480571e-05
0,5,138,73.35916900634766,1.115309023748119,0.34486755537188796,0.28329366467020933,-0.11455601254959842,0.0015036707887016105,0.1597584424631166,0.0604897328647303,0.003087501328158958,-0.004781902317401339,0.0003015507507087125,1.3012327916261009e-05
0,5,139,73.34508514404297,1.1153908426215373,0.34528629221646,0.2835666817547476,-0.11540630323944705,0.0015079751315176455,0.15956670274549226,0.060439603762352856,0.003089714851598457,-0.004772413994353604,0.0003011571104503161,1.3035565087491341e-05
0,5,140,73.33113098144531,1.1154679803018792,0.34568191875090604,0.283816751449691,-0.11625319145041259,0.001512062276786158,0.15936406185074695,0.06039191919129042,0.0030913027701473883,-0.004762877354834127,0.0003008187487166548,1.3055415683033584e-05
0,5,141,73.31733703613281,1.115540916830349,0.34605592076134756,0.28404521752109685,-0.1170966846604706,0.001515937013726015,0.1591512928325511,0.060346724540718606,0.003092297856792485,-0.004753349628061864,0.000300531248422321,1.3072019123666397e-05
0,5,142,73.30369567871094,1.1156100758249337,0.3464096517456579,0.2842533203684028,-0.11793678286962107,0.0015196041315560834,0.1589290791151641,0.06030404574730917,0.003092732884520479,-0.004743880068692475,0.0003002899001747844,1.30855125814462e-05
0,5,143,73.29017639160156,1.1156758485582674,0.34674447128467556,0.2844422745493913,-0.11877348607786403,0.0015230685489335772,0.15869817134490366,0.06026386984272625,0.0030926392794830312,-0.00473451042591028,0.00030009025441006797,1.3096033228429422e-05
0,5,144,73.27681732177734,1.1157386041007302,0.34706165944836664,0.2846132429385352,-0.11960680176317502,0.0015263354433924063,0.15845924174235274,0.06022618385863394,0.003092048692304315,-0.004725271190692591,0.00029992805643560985,1.3103714863589127e-05
0,5,145,73.26358795166016,1.115798671238581,0.3473624784458597,0.2847673367269973,-0.12043672992555406,0.001529409992466481,0.15821302975015264,0.06019093592168868,0.003090990977828408,-0.0047161839412695064,0.00029979918147312495,1.3108686788453913e-05
0,5,146,73.25049591064453,1.1158563214899357,0.3476481187431825,0.28490561542263043,-0.12126327056500114,0.0015322976325664065,0.15796021879256278,0.060158035253539265,0.0030894962153719006,-0.0047072580594802,0.00029969986200858897,1.3111083926357966e-05
0,5,147,73.23753356933594,1.115911819416013,0.3479197426533872,0.28502908684997774,-0.12208643115949182,0.001535004058979484,0.15770152590487166,0.06012739107583447,0.003087592688471287,-0.004698494952600547,0.0002996266877922385,1.3111034454468765e-05
0,5,148,73.22472381591797,1.115965366890318,0.34817842474406707,0.28513868130861725,-0.12290620423105054,0.001537535096431362,0.15743763451133866,0.06009887370521541,0.003085308680663063,-0.004689886176975291,0.00029957634601001786,1.3108668798676022e-05
0,5,149,73.21205139160156,1.11601713520016,0.3484252158919052,0.28523532909812727,-0.12372259725765287,0.001539896699086037,0.15716917201784128,0.06007232752165142,0.003082670679703628,-0.004681414376201964,0.0002995460759835471,1.3104112887424979e-05
0,5,150,73.19950103759766,1.1160672949927413,0.3486611015701881,0.2853198571514661,-0.12453561023929881,0.001542094950545853,0.15689682184863887,0.06004761635761566,0.0030797047244043585,-0.004673057502958507,0.00029953324694872313,1.309749602224423e-05
0,5,151,73.18708801269531,1.1161159284384559,0.3488869972250562,0.2853930665599372,-0.12534524317598836,0.001544136063851502,0.15662116659490338,0.060024532719733924,0.0030764352822690477,-0.004664786473543484,0.0002995356828414112,1.308894413157902e-05
0,5,152,73.17481231689453,1.1161631514045263,0.34910376524456216,0.28545570673153403,-0.12615148858974592,0.001546026381482024,0.15634277764413038,0.06000292098797555,0.0030728865963289775,-0.004656573142439375,0.0002995512075974767,1.3078580895152351e-05
0,5,153,73.16265869140625,1.1162090203630755,0.3493122130672444,0.2855084753909403,-0.12695435395854712,0.0015477721164781106,0.1560621927727862,0.05998258015313426,0.0030690806648903095,-0.004648387018668869,0.00029957813233132244,1.306652774396499e-05
0,5,154,73.15064239501953,1.1162535980969193,0.3495130870579915,0.28555204442118465,-0.12775385423834307,0.0015493796113188016,0.15577986012792627,0.05996333514267556,0.0030650401596767434,-0.004640199018530528,0.0002996147032002131,1.305291060646218e-05
0,5,155,73.13875579833984,1.1162969163848497,0.34970705201598734,0.28558700818033095,-0.12854997447318262,0.0015508550790447888,0.15549621665292945,0.059945004399897,0.00306078573215937,-0.004631984749242503,0.0002996596210613816,1.3037847540561336e-05
0,5,156,73.12699127197266,1.1163390212675826,0.34989477705101285,0.2856139868680979,-0.12934271466306574,0.0015522051210118079,0.15521165447646923,0.05992741933643204,0.003056337135919234,-0.004623721225298819,0.0002997114243792151,1.3021455479818751e-05
0,5,157,73.1153564453125,1.1163799054813186,0.35007677909979934,0.2856334714759296,-0.13013207480799252,0.00155343595026055,0.15492646489413153,0.05991040487974618,0.003051713226647331,-0.004615391090297005,0.00029976897640379257,1.3003852482151838e-05
0,5,158,73.1038589477539,1.1164196171433414,0.3502536324935991,0.2856460305202349,-0.130918069863914,0.0015545537798317079,0.15464091679414957,0.05989382486231258,0.0030469319621446106,-0.004606983555122013,0.0002998311079066236,1.2985148734950183e-05
0,5,159,73.09246826171875,1.1164581430539346,0.35042575403930293,0.285652103309148,-0.1317006848748791,0.0015555649522043205,0.15435518943534546,0.05987753014826854,0.003042010402321975,-0.00459849252157838,0.0002998967795734947,1.2965455549964493e-05
0,5,160,73.08120727539062,1.1164955135576184,0.35059358053740425,0.2856521291508029,-0.13247993479683895,0.0015564754215423849,0.15406948448389413,0.05986141050675899,0.0030369647092002784,-0.0045899184587580655,0.00029996511448303814,1.2944879741500995e-05
0,5,161,73.07008361816406,1.1165317507448733,0.3507574823346725,0.2856465473533339,-0.1332558046738424,0.0015572912714482449,0.15378388036553026,0.05984536867526478,0.0030318108203278627,-0.004581265588488696,0.00030003510579960945,1.2923523626421451e-05
0,5,162,73.0590591430664,1.116566860480971,0.35091777730807505,0.28563571969991014,-0.1340283094618406,0.0015580183266475493,0.1534984555059885,0.059829307391266726,0.0030265622040554405,-0.00457254563806924,0.0003001059740375485,1.2901487272865382e-05
0,5,163,73.04817962646484,1.1166008899728064,0.3510747770931059,0.2856200079737011,-0.13479744916083355,0.001558662282427599,0.15321328833100356,0.05981317478142129,0.0030212339000413057,-0.004563771272982579,0.00030017700466833337,1.2878867375888954e-05
0,5,164,73.03740692138672,1.116633881386056,0.3512287375303016,0.28559974811622085,-0.13556322377082122,0.001559228834075695,0.15292837884057545,0.059796931940720804,0.003015838254273612,-0.004554959380539226,0.00030024745068487317,1.2855755008742744e-05
0,5,165,73.0267562866211,1.1166658426367222,0.35137990286528054,0.28557525022732905,-0.13632563329180364,0.001559723288564095,0.15264374944205691,0.05978050754331787,0.0030103878372130227,-0.004546126848049691,0.0003003167599514918,1.2832236747232856e-05
0,5,166,73.01622772216797,1.1166968535428456,0.35152849113730733,0.28554679856522996,-0.1370846777237808,0.0015601509528650568,0.15235941133912434,0.05976391455754839,0.0030048943214301556,-0.004537293846468198,0.0003003844128110825,1.2808394669720919e-05
0,5,167,73.00581359863281,1.116726935323205,0.35167470975223536,0.28551465154647315,-0.13784037202270386,0.0015605167456357945,0.1520753869391305,0.059747107594236744,0.002999369155023116,-0.004528477732197217,0.00030045005199938447,1.2784307481485208e-05
0,5,168,72.99552154541016,1.1167561420577048,0.35181871379159574,0.2854790417459532,-0.13859270123262163,0.0015608257149718706,0.15179165383472265,0.059730093137550885,0.002993822214782425,-0.004519695392547259,0.0003005132877735675,1.276004826599841e-05
0,5,169,72.98533630371094,1.1167845453165464,0.35196069402560803,0.28544020173856455,-0.1393416803094853,0.0015610826500921519,0.1515082456369299,0.05971288415582669,0.002988263601971117,-0.004510961838461001,0.0003005739902193548,1.2735684484927618e-05
0,5,170,72.97525787353516,1.1168122178484565,0.35210084462168856,0.2853983640992018,-0.14008730925329482,0.0015612918224621136,0.1512252183641342,0.059695493617400064,0.002982702744434691,-0.004502289735421328,0.0003006319969439007,1.2711281351217686e-05
0,5,171,72.9653091430664,1.116839218308542,0.352239295250937,0.2853536838777946,-0.1408295731080991,0.0015614576329855798,0.1509426392383938,0.05967794097477482,0.002977147723183573,-0.004493687996175452,0.0003006873079472051,1.2686896207285647e-05
0,5,172,72.9554672241211,1.1168656119554243,0.35237621578920264,0.2853063678075826,-0.14156850178580038,0.0015615840942513302,0.1506605306670615,0.059660239196286866,0.002971607292645726,-0.0044851631880107965,0.00030073998818640636,1.266258527118741e-05
0,5,173,72.94574737548828,1.1168914761526698,0.35251177521600774,0.2852565967801505,-0.14230408033044756,0.0015616750894097975,0.15037900468690116,0.05964241421860796,0.0029660879625239946,-0.004476719532754987,0.00030079016757578116,1.2638394641728825e-05
0,5,174,72.9361343383789,1.1169168754400645,0.35264608215796844,0.2852045000037729,-0.1430363087420406,0.0015617343721730664,0.15009811731629466,0.05962449846257784,0.0029605975893562935,-0.004468355154040192,0.00030083804098674454,1.2614371542076852e-05
0,5,175,72.92662048339844,1.1169418669708502,0.35277928011647264,0.28515023252837957,-0.1437651870205795,0.0015617654373765262,0.14981795818465307,0.059606504896532395,0.0029551413360103963,-0.00446007005186641,0.0003008839007264191,1.2590553076148398e-05
0,5,176,72.91722106933594,1.1169665373407311,0.3529115276844011,0.2850939494039002,-0.14449073012201544,0.0015617715209788703,0.14953863932874023,0.05958847242547927,0.002949725712189146,-0.004451858597130136,0.0003009280066233582,1.2566975223499243e-05
0,5,177,72.9079360961914,1.116990932282708,0.3530429512458097,0.28503577983860956,-0.14521293804634838,0.0015617556000620972,0.1492602615816436,0.05957040753358643,0.002944355207342781,-0.004443715160727868,0.00030097061850611537,1.2543671714962935e-05
0,5,178,72.89875793457031,1.117015136872785,0.35317368471343613,0.2849758530407824,-0.1459317958376272,0.0015617205222698573,0.14898295938747977,0.05955235561002948,0.002939034310921538,-0.004435633644464141,0.0003010119962032438,1.2520666162122957e-05
0,5,179,72.88967895507812,1.1170391705388305,0.35330382927425014,0.2849142723770384,-0.146647318451803,0.0015616690058074534,0.14870681117198342,0.05953430368647253,0.002933767063430631,-0.0044276065428676195,0.0003010524645004354,1.2497979927840555e-05
0,5,180,72.88070678710938,1.117063130718873,0.35343353813027717,0.2848511670556525,-0.14735950588887584,0.0015616035100034925,0.1484319849903003,0.059516303636259135,0.0029285575053752725,-0.004419626350466963,0.0003010922832262435,1.2475634374976974e-05
0,5,181,72.87185668945312,1.117087032230428,0.35356289754628484,0.2847866404432443,-0.14806837310479684,0.0015615262353098865,0.14815852565713594,0.0594983424910534,0.002923407432535559,-0.004411684623606917,0.000301131614773514,1.2453644120226751e-05
0,5,182,72.86309051513672,1.1171109260215752,0.35369203007705163,0.2847208217480887,-0.14877390514361483,0.0015614392527401994,0.1478865452092542,0.05948043321919123,0.0029183197630541433,-0.0044037766713678934,0.0003011706215350927,1.2432017034117715e-05
0,5,183,72.85443115234375,1.1171348530045384,0.353820987575609,0.28465376265349557,-0.14947610200532982,0.001561344244992952,0.14761612207238972,0.059462601757344385,0.002913296292711121,-0.004395897333738349,0.0003012094009466872,1.2410766608983284e-05
0,5,184,72.84587097167969,1.1171588450496257,0.35394989035243135,0.28458559236773956,-0.15017497864589296,0.00156124315364336,0.14734733467227723,0.059444841621344925,0.002908337470451516,-0.004388042857982612,0.0003012480829225742,1.2389893969184575e-05
0,5,185,72.83740997314453,1.1171829300949754,0.354078826708548,0.28451641425744056,-0.15087053506530426,0.0015611372730749019,0.14708025023097498,0.05942715281119286,0.0029034455410004464,-0.004380212305916767,0.0003012866349841845,1.2369403612166063e-05
0,5,186,72.82905578613281,1.1172071409454005,0.35420786139340227,0.28444633168921835,-0.1515627712635637,0.0015610280271094019,0.14681487995215942,0.05940954829522406,0.0028986198309403776,-0.004372402862989061,0.0003013249921743797,1.2349294413566629e-05
0,5,187,72.82080841064453,1.1172314864430837,0.35433702228485553,0.28437539634638276,-0.15225168724067129,0.001560916710130338,0.14655124624318325,0.059392028073438546,0.0028938610136888436,-0.004364615467383413,0.0003013630895360215,1.2329566373386274e-05
0,5,188,72.81263732910156,1.1172559773089161,0.3544664012538226,0.28430373743720866,-0.15293729795257816,0.0015608040987677967,0.14628936030772285,0.05937457269333247,0.002889168640300822,-0.004356852464559614,0.0003014007646762641,1.2310211621097167e-05
0,5,189,72.8045883178711,1.1172806360187275,0.3545960496017414,0.2842314324866608,-0.15361958844333315,0.0015606912285285597,0.14602926696048382,0.059357188639073785,0.0028845418128862653,-0.004349117138161377,0.0003014378876808307,1.2291227907977077e-05
0,5,190,72.7966079711914,1.1173054818126065,0.3547260083569021,0.28415855901970405,-0.15429857366888744,0.0015605788760427138,0.14577095499778975,0.05933988239483043,0.002879980082500149,-0.004341412302740452,0.00030147432863544463,1.2272605114775934e-05
0,5,191,72.78874206542969,1.1173304982612113,0.35485630296505527,0.28408519456130327,-0.15497425362924103,0.0015604678179403455,0.14551439080861145,0.059322628023930624,0.002875482102307402,-0.0043337407728485915,0.0003015098277115525,1.225433761968815e-05
0,5,192,72.7809829711914,1.117355715368653,0.35498698886935287,0.28401144247807825,-0.15564662832439385,0.0015603585719748457,0.14525956318927258,0.05930543849471027,0.0028710469744179777,-0.004326108177589299,0.0003015442549948776,1.2236413054741426e-05
0,5,193,72.77330017089844,1.1173811134389726,0.35511810044539704,0.2839373544533389,-0.15631571271029712,0.0015602515264612575,0.14500649454712589,0.05928828138632963,0.002866673127524292,-0.004318517800606286,0.00030157735065686653,1.2218822425046814e-05
0,5,194,72.76571655273438,1.1174066957595876,0.35524964763255285,0.28386300801205006,-0.15698149183099966,0.0015601471991529721,0.14475512886378947,0.05927115669878871,0.002862358990318763,-0.004310974332819138,0.0003016089847832426,1.2201553362632013e-05
0,5,195,72.75821685791016,1.1174324840210026,0.3553816788733225,0.28378850652083154,-0.15764398064245264,0.001560045719488337,0.14450542132455776,0.059254070916255466,0.0028581023180762706,-0.004303479650595691,0.00030163899498116,1.218459574824696e-05
0,5,196,72.75081634521484,1.1174584536626389,0.3555142130893057,0.2837139016629932,-0.158303179144656,0.001559947346344048,0.14425737192943083,0.05923699161789016,0.0028539024373792805,-0.00429603516121182,0.00030166718637920356,1.2167937213919355e-05
0,5,197,72.7435073852539,1.1174846289716636,0.3556472874686306,0.2836392709634999,-0.15895910229356092,0.0015598524680351482,0.14401095827105584,0.05921993177202869,0.002849756430085138,-0.004288644148311236,0.000301693494020235,1.2151565391676898e-05
0,5,198,72.73628234863281,1.117510976122511,0.3557808917210306,0.28356466610566156,-0.15961173513321625,0.00155976095512329,0.1437661243310509,0.05920285895783133,0.0028456629493587714,-0.004281305204618062,0.0003017178204685468,1.2135469037908405e-05
0,5,199,72.7291488647461,1.117537514423691,0.3559150859195758,0.28349016461444304,-0.16026109261957314,0.0015596729370468208,0.14352290372044516,0.05918577317529808,0.0028416201994200868,-0.0042740206755920935,0.00030174006828843144,1.211963466028046e-05
0,5,200,72.72209930419922,1.1175642165617892,0.35604984156728203,0.2834157923314992,-0.16090717475263155,0.0015595882843673931,0.1432812292171803,0.05916865497192511,0.0028376259355439646,-0.004266787746681576,0.0003017601725227505,1.2104051015181875e-05
0,5,201,72.71514129638672,1.117591112056504,0.3561852121262038,0.28334162678179503,-0.16154998153239153,0.0015595071265233546,0.14304113443228553,0.059151517316048306,0.0028336792598403575,-0.004259605948794552,0.00030177826308578075,1.2088705734640356e-05
0,5,202,72.70826721191406,1.1176181863030998,0.35632118967531773,0.28326769380698535,-0.1621895279148042,0.0015594294635147055,0.14280258575473162,0.05913434723933178,0.0028297777031116357,-0.004252472936471229,0.00030179421006324553,1.2073589823766955e-05
0,5,203,72.70148468017578,1.1176454291603541,0.3564577802841986,0.28319404509038015,-0.16282581389986955,0.0015593551659030978,0.1425655495734895,0.05911713177343964,0.002825919694050216,-0.004245385426067895,0.00030180820832655976,1.2058688665867134e-05
0,5,204,72.69478607177734,1.1176728655418469,0.3565950035855451,0.2831207323152893,-0.16345883948758758,0.0015592841042501838,0.1423300258885591,0.059099890370875735,0.0028221034368760022,-0.004238340603032799,0.0003018201929185852,1.2043995514774184e-05
0,5,205,72.68816375732422,1.1177004896642901,0.3567328792643848,0.28304780716502265,-0.1640886046779583,0.0015592161491176156,0.14209601469994046,0.059082610063304154,0.0028183280336989483,-0.004231336590998106,0.0003018304236678752,1.2029498002515805e-05
0,5,206,72.68162536621094,1.1177283037006183,0.3568714134148983,0.2829752954812352,-0.1647151244269328,0.0015591514299437414,0.14186351600763356,0.05906529085072491,0.0028145914642664473,-0.004224369168136188,0.00030183883561729147,1.201518825856417e-05
0,5,207,72.67517852783203,1.1177563185662163,0.35701060099424775,0.28290322310558186,-0.16533839873451117,0.0015590895584135175,0.14163251860796203,0.05904794570147389,0.002810892830688451,-0.004217437865355086,0.0003018455586811106,1.2001057288030333e-05
0,5,208,72.66880798339844,1.1177845102229675,0.3571504237301434,0.2828316158797176,-0.16595842760069332,0.001559030534526944,0.14140297768622034,0.059030555163047255,0.002807229888239841,-0.004210539399011091,0.0003018507877307477,1.198709384730311e-05
0,5,209,72.66251373291016,1.117812920247209,0.3572909148779881,0.2827604996452974,-0.16657522598143046,0.0015589740994073256,0.1411749604644668,0.059013151656284735,0.0028036021879755944,-0.00420367423819616,0.00030185442533049527,1.1973292314576913e-05
0,5,210,72.65629577636719,1.1178415233762866,0.3574320138973017,0.2826898744023213,-0.16718879387672253,0.0015589201236163143,0.1409483661096139,0.058995728697018385,0.0028000077096431036,-0.004196839099266584,0.000301856796266045,1.1959643694962794e-05
0,5,211,72.65017700195312,1.1178703432929122,0.35757377494045034,0.282619817675754,-0.16779913128656954,0.0015588684777155628,0.14072322823269084,0.058978292769416144,0.0027964455553523213,-0.004190034451314319,0.0003018578680588278,1.1946138993571807e-05
0,5,212,72.64411163330078,1.1178993907172192,0.3577161731797097,0.2825503294655956,-0.16840623821097153,0.0015588190322667226,0.14049953563002127,0.05896086332598184,0.0027929148272132,-0.0041832593561554506,0.0003018578031016894,1.1932774837320597e-05
0,5,213,72.63813781738281,1.117928661153533,0.3578591938599143,0.28248143561350103,-0.16901012960587958,0.0015587716578314467,0.1402772322832232,0.05894344036671549,0.0027894139539181564,-0.004176513813789977,0.00030185666635176834,1.191954335568134e-05
0,5,214,72.63224029541016,1.1179581579170224,0.35800280827788233,0.28241313611947033,-0.16961080547129373,0.0015587262249713869,0.1400562957849439,0.05892603685995297,0.0027859427109946794,-0.004169799231493775,0.00030185462020191034,1.1906440051209558e-05
0,5,215,72.62641143798828,1.1179879055514494,0.3581469965238644,0.28234540514184847,-0.1702082807631651,0.0015586824748098477,0.13983675974621254,0.058908685226534,0.0027824993026626735,-0.004163116547450761,0.00030185172960925377,1.1893457053377427e-05
0,5,216,72.62066650390625,1.118017894544788,0.3582917666134729,0.2822782943639454,-0.17080255548149367,0.0015586402779084818,0.13961859055599993,0.05889137249812271,0.002779083504449627,-0.0041564657616609355,0.00030184802705236785,1.1880590989101591e-05
0,5,217,72.61499786376953,1.1180481233989037,0.35843703662093324,0.2822117521024512,-0.1713936296262795,0.0015585997637056364,0.13940173219592417,0.05887412461139085,0.0027756941939929805,-0.004149849688676051,0.00030184370740266763,1.186783623657646e-05
0,5,218,72.60940551757812,1.1180786028886427,0.35858283959185655,0.2821458300406758,-0.17198151815347365,0.0015585606733246164,0.13918619586966163,0.05885694156633843,0.002772330024457663,-0.004143268328496107,0.0003018387381815839,1.1855189422718678e-05
0,5,219,72.60387420654297,1.1181093122257242,0.3587291101487304,0.28208050233696425,-0.17256622106307618,0.0015585228773270737,0.13897191435515402,0.05883982336296546,0.0027689905468986503,-0.004136724026580897,0.0003018332817819626,1.1842642677000418e-05
0,5,220,72.59841918945312,1.1181402588534426,0.3588758135865582,0.28201574314966155,-0.17314773835508707,0.0015584863757130087,0.13875889885607776,0.05882278945377577,0.0027656748634258955,-0.004130216313838462,0.00030182730572523447,1.183019487506056e-05
0,5,221,72.5930404663086,1.1181714495429829,0.35902297053015186,0.2819516041620776,-0.17372608498545744,0.001558451039044073,0.13854712696508004,0.05880583983876935,0.002762382076149351,-0.004123747535728596,0.00030182103736138376,1.1817840395093517e-05
0,5,222,72.58772277832031,1.1182028843066383,0.3591705423002354,0.2818880595325575,-0.1743012609541873,0.0015584167378819198,0.13833659868216083,0.05878898748628209,0.0027591121850690167,-0.0041173186304352145,0.00030181437925470297,1.1805579237099286e-05
0,5,223,72.58248138427734,1.1182345457360965,0.35931849340003386,0.28182510926110127,-0.17487326626127664,0.001558383601664896,0.13812726919261467,0.05877222591214606,0.0027558636188773095,-0.004110928190682444,0.0003018075262766071,1.1793404654911157e-05
0,5,224,72.57730102539062,1.1182664489385763,0.3594668131297845,0.2817627533477089,-0.1754421158626766,0.0015583515009546544,0.13791913849644152,0.05875557456886508,0.002752636153101717,-0.004104577623746159,0.00030180054338423454,1.1781315524168014e-05
0,5,225,72.57219696044922,1.1182985606131137,0.35961545482002344,0.28170096595072536,-0.1760078097583872,0.001558320306312847,0.13771218418628864,0.058739014003935316,0.002749429114324705,-0.004098265522350483,0.0003017934305775853,1.1769307347425383e-05
0,5,226,72.5671615600586,1.1183308898398558,0.35976440820225875,0.2816397470701507,-0.17657036290435957,0.0015582900177394739,0.137506406262156,0.05872255718569267,0.0027462420536012487,-0.004091992355587376,0.0003017863177709361,1.1757379000322146e-05
0,5,227,72.56218719482422,1.1183634293602265,0.3599136313341654,0.28157907086433,-0.17712977530059368,0.0015582606352345348,0.1373017935203672,0.05870621059830507,0.002743074297513813,-0.004085756247089003,0.000301779237442856,1.174552598541383e-05
0,5,228,72.55728912353516,1.1183961699493405,0.3600631143642012,0.28151893733326316,-0.17768606190304068,0.0015582321587980302,0.1370983459609223,0.05868996775760458,0.0027399258460623975,-0.004079557665947323,0.00030177225455048346,1.17337460539782e-05
0,5,229,72.55243682861328,1.1184291092969805,0.3602128689217613,0.2814593723186053,-0.1782392227117006,0.0015582045884299596,0.136896085991174,0.058673822179423255,0.0027367955768844428,-0.004073395204886458,0.0003017654015723876,1.1722038081654133e-05
0,5,230,72.54768371582031,1.1184622375344249,0.36036284505072974,0.2814003499787013,-0.1787892577265734,0.0015581777946919756,0.13669498000009322,0.05865778034792904,0.002733683489979949,-0.004067267925722493,0.0003017587434657068,1.1710399819719399e-05
0,5,231,72.54296875,1.1184955486189667,0.3605130047588838,0.2813418444718963,-0.1793361819036102,0.001558151907022426,0.13649500558032712,0.05864184874728988,0.0027305891364038932,-0.004061176297547386,0.00030175234518757944,1.1698827895090638e-05
0,5,232,72.53831481933594,1.1185290335018951,0.36066331981271843,0.2812838299565354,-0.17987999524281106,0.0015581267959829627,0.13629618513922853,0.05862602737750577,0.0027275120672112505,-0.004055117974901343,0.0003017462392165746,1.1687321183406736e-05
0,5,233,72.53373718261719,1.1185626750231605,0.36081379396224234,0.2812263064326185,-0.18042071270012708,0.0015581025910119336,0.13609855228782658,0.05861029678607288,0.0027244522824020215,-0.0040490929577843655,0.0003017404255526923,1.1675877435945452e-05
0,5,234,72.52922058105469,1.1185964809341935,0.3609643940304818,0.28116927390014557,-0.18095833427555824,0.0015580791626709912,0.1359020622114157,0.05859467642549504,0.002721409108558671,-0.0040431012461964524,0.00030173477428165594,1.1664495528345672e-05
0,5,235,72.52476501464844,1.118630420170936,0.36111509972409,0.2811127323591167,-0.18149285996910458,0.001558056510960135,0.13570670370631954,0.05857914035910048,0.0027183827701537096,-0.004037142840137603,0.000301729577710588,1.1653174336246277e-05
0,5,236,72.52037048339844,1.1186644944585213,0.3612658783086526,0.281056655967877,-0.18202430473671724,0.0015580347653177133,0.13551246556886173,0.05856370155522509,0.002715371920352067,-0.004031216801423902,0.0003017246084895043,1.1641911610925028e-05
0,5,237,72.51602935791016,1.1186986834902999,0.3614167048642915,0.2810010447264263,-0.1825526835343473,0.001558013796305378,0.13531930298433673,0.05854834704553297,0.0027123767836262553,-0.004025324068239265,0.00030171993157554315,1.1630705103659691e-05
0,5,238,72.51174926757812,1.1187330172946988,0.3615675773698285,0.28094587279310973,-0.1830779963619948,0.0015579936039231293,0.13512730558215558,0.05853310925086384,0.0027093978089212977,-0.004019464640583692,0.0003017155794472737,1.1619555938811383e-05
0,5,239,72.50753021240234,1.1187674582138223,0.36171845525076063,0.2808911401679273,-0.18360024321965973,0.001557974188170967,0.13493640614025998,0.058517962234545945,0.002706433873874635,-0.0040136371111813085,0.0003017115521046961,1.1608459618935631e-05
0,5,240,72.50337219238281,1.1188019959421456,0.36186930668705347,0.28083682100922414,-0.18411943906329323,0.0015579556784872388,0.13474659345497358,0.058502905996579264,0.002703485202958779,-0.004007842887307989,0.0003017077196335335,1.1597417268393555e-05
0,5,241,72.49927520751953,1.1188366545390378,0.36202014922462133,0.28078294115865504,-0.18463558389289528,0.0015579379454335974,0.13455790113732552,0.05848795998946764,0.002700552020646242,-0.004002081968963735,0.00030170417946949344,1.1586427762824035e-05
0,5,242,72.49522399902344,1.1188713842819662,0.36217094301576525,0.28072947477456517,-0.18514869266441705,0.0015579209890100422,0.13437029557628663,0.058473085308203394,0.0026976336535194877,-0.003996353887056586,0.00030170086665543764,1.1575488853504835e-05
0,5,243,72.49122619628906,1.1189062258000462,0.3623216810166896,0.28067642185695446,-0.18565878033380964,0.0015579046797782258,0.13418377677185694,0.05845832734196215,0.002694729877106005,-0.0039906591106785025,0.00030169778119136607,1.1564600540435954e-05
0,5,244,72.4873046875,1.1189411411885408,0.362472341010331,0.2806237824058229,-0.18616583194512196,0.001557889147176496,0.13399834472403643,0.058443653669904186,0.0026918413648233286,-0.003984998108921441,0.0003016948905987095,1.1553762823617394e-05
0,5,245,72.48341369628906,1.118976122534626,0.3626228797821378,0.2805715047378607,-0.18666987741025623,0.0015578743912048527,0.1338139882291487,0.05842907077619744,0.002688967218781412,-0.0039793713508773625,0.000301692194877468,1.1542974578688037e-05
0,5,246,72.4795913696289,1.1190111879484466,0.3627733155330907,0.2805196146947227,-0.18717091672921246,0.0015578602824249481,0.13363074089822294,0.0584145916291778,0.00268610811239779,-0.003973779774730183,0.0003016896615490724,1.1532236930008999e-05
0,5,247,72.47582244873047,1.1190463169428275,0.3629235852640767,0.280468086434754,-0.18766894990199065,0.00155784695027513,0.13344852430552442,0.058400216228845274,0.0026832633722549274,-0.003968221973204026,0.00030168729061352264,1.1521547628858044e-05
0,5,248,72.47211456298828,1.1190814869291206,0.3630736951889861,0.2804169199579546,-0.18816399188454197,0.0015578342653170506,0.13326737206208236,0.05838591863852807,0.0026804327738803127,-0.003962697946298893,0.0003016850171136804,1.1510906675235174e-05
0,5,249,72.46843719482422,1.119116706090451,0.36322359516477287,0.2803660894226695,-0.1886560426768664,0.00155782222755071,0.13308723935319114,0.05837172479489799,0.0026776167662189688,-0.003957207694014783,0.00030168290600668407,1.1500312944779269e-05
0,5,250,72.46482849121094,1.1191519842576636,0.36337331575569887,0.2803156206705537,-0.18914511723491503,0.0015578108369761082,0.13290817099355637,0.058357634697955005,0.0026748151247983844,-0.003951751685443655,0.00030168089233539527,1.1489769810573683e-05
0,5,251,72.46126556396484,1.1191872984363351,0.36352284305224,0.28026551370160724,-0.18963123051463907,0.001557800093593245,0.13273014457582522,0.0583436288951953,0.002672028074091071,-0.0039463285133096325,0.0003016789760998139,1.1479273899535063e-05
0,5,252,72.45775604248047,1.119222653005595,0.36367217191380957,0.28021576851583,-0.19011438251603846,0.0015577898679637729,0.13255318250735051,0.05832971387078682,0.002669255614097029,-0.003940939115796634,0.00030167718977850935,1.1468826336024527e-05
0,5,253,72.45429229736328,1.1192580419027502,0.3638212650939696,0.28016635927156713,-0.19059457323911325,0.0015577801600876917,0.13237727358445583,0.0583158961088975,0.0026664972958712345,-0.003935582554720741,0.0003016754359357739,1.1458427120042074e-05
0,5,254,72.45088195800781,1.11929344841233,0.36397010920698714,0.28011728596881863,-0.1910718176398145,0.0015577709699650015,0.1322023953997884,0.05830216264119146,0.002663753568358711,-0.003930258360989995,0.000301673779528746,1.1448075127226588e-05
0,5,255,72.44752502441406,1.1193288856946988,0.3641187073438388,0.28006854860758446,-0.19154613067409343,0.0015577624270340501,0.132028570360701,0.05828852643600458,0.002661024207086947,-0.0039249667691503756,0.0003016721556002873,1.1437772606300303e-05
0,5,256,72.44420623779297,1.1193643398604864,0.36426705481378496,0.2800201471878646,-0.19201751234195,0.0015577544018564897,0.13185582087454642,0.05827497452500098,0.002658309885473478,-0.003919706606471986,0.0003016706615861052,1.1427519557263219e-05
0,5,257,72.4409408569336,1.119399817205507,0.3644151147865127,0.2799720558680041,-0.19248597759933533,0.0015577468944323204,0.1316841133302955,0.05826152636068449,0.0026556097056282565,-0.003914478811138744,0.00030166923252906156,1.1417315980115338e-05
0,5,258,72.43772888183594,1.1194352981182967,0.3645629026997522,0.279924300489658,-0.19295152644624944,0.0015577399047615418,0.13151347013530099,0.05824815600638333,0.0026529245654413297,-0.003909282914058691,0.0003016678684291562,1.1407160750495539e-05
0,5,259,72.43455505371094,1.1194707792499339,0.364710389793541,0.2798768810528262,-0.19341417383864348,0.0015577333034058067,0.13134382406750458,0.05823486994626544,0.0026502537914951624,-0.003904117742501929,0.0003016666017649584,1.1397056117126062e-05
0,5,260,72.43142700195312,1.1195062627018832,0.36485756408347664,0.2798297717158538,-0.19387393473246856,0.0015577270903651148,0.13117520873793542,0.058221674664498776,0.0026475973837897545,-0.0038989832964684596,0.0003016653351007606,1.1387000955645784e-05
0,5,261,72.4283447265625,1.1195417430992016,0.36500440947897206,0.27978297247874084,-0.19433080912772466,0.0015577213950778138,0.13100761294291718,0.05820857016108333,0.0026449560157426415,-0.0038938800450502406,0.00030166413339370113,1.1376996390415829e-05
0,5,262,72.4253158569336,1.119577226794645,0.3651509458571412,0.2797365091831422,-0.19478479702441182,0.001557716088105556,0.13084107029347897,0.058195556436019105,0.0026423292384087998,-0.003888808222793252,0.00030166306160091835,1.1367043545797312e-05
0,5,263,72.42232513427734,1.1196127081254996,0.3652971374549775,0.27969035598740294,-0.19523591337848117,0.0015577110400099938,0.13067554717859162,0.058182639973474046,0.002639717500733253,-0.00388376876788141,0.0003016620222867048,1.1357142421790232e-05
0,5,264,72.41938018798828,1.1196481550923671,0.36544298053948154,0.27964451289152303,-0.19568417314588382,0.001557706380229475,0.13051104359825516,0.05816978835260843,0.0026371205782434893,-0.00387876027303884,0.00030166104792962956,1.134729414275571e-05
0,5,265,72.4164810180664,1.1196835957199551,0.36558846751685825,0.27959897989550253,-0.1961295763266198,0.0015577021087639993,0.13034757075614598,0.058157033994261975,0.002634538021994485,-0.003873782738265541,0.00030166007357255433,1.1337496459971506e-05
0,5,266,72.41361999511719,1.119719009051611,0.3657335909338214,0.27955375699934143,-0.1965721378766402,0.001557698096175219,0.13018511744858768,0.058144357445930855,0.0026319705054037752,-0.0038688363981074923,0.0003016591966511866,1.132775162215986e-05
0,5,267,72.41079711914062,1.1197543973951105,0.36587833953357024,0.27950884420303973,-0.19701187275189622,0.0015576943424631343,0.13002366126822748,0.058131765191783015,0.0026294182529438726,-0.0038639217216566535,0.0003016584171655264,1.1318063002404125e-05
0,5,268,72.40802764892578,1.1197897727771098,0.3660226943215216,0.27946421566494245,-0.1974487809523878,0.0015576908476277451,0.12986323582609458,0.05811927668432228,0.002626880815669753,-0.0038590380052750855,0.0003016576376798662,1.130842497889871e-05
0,5,269,72.4052963256836,1.1198251034195554,0.36616665227148104,0.27941987138504965,-0.1978828774340661,0.0015576876116690514,0.1297038411221889,0.05810685950270893,0.0026243584180539285,-0.003854185483508768,0.00030165695562991355,1.129884092472697e-05
0,5,270,72.40260314941406,1.1198604052229015,0.36631020626001304,0.27937583720501624,-0.1983141621969311,0.0015576845051487054,0.129545432341805,0.0580945330994468,0.0026218510600963985,-0.003849363687265743,0.00030165630605853005,1.1289310839888905e-05
0,5,271,72.39994049072266,1.1198956671530602,0.36645334177071753,0.2793320872831872,-0.198742650196934,0.001557681657505055,0.12938803189229556,0.05808229099036795,0.002619358517324652,-0.0038445730856379685,0.00030165575392285406,1.1279834724384514e-05
0,5,272,72.3973388671875,1.119930882395914,0.36659607589667453,0.2792886474612176,-0.19916835639002584,0.0015576789392997522,0.12923163977366064,0.058070120207136484,0.0026168810142112,-0.003839813444079465,0.0003016552342657473,1.1270414826936033e-05
0,5,273,72.3947525024414,1.1199660715063209,0.3667383783425735,0.27924549189745246,-0.1995912807762067,0.0015576764799711449,0.12907625598590022,0.05805805317059213,0.0026144187752285553,-0.003835084762590233,0.0003016547470872097,1.1261048898821228e-05
0,5,274,72.39221954345703,1.1200011942214667,0.3668802388919657,0.2792026205918917,-0.20001143831142765,0.0015576741500808854,0.12892185812166154,0.058046050975727216,0.0026119718003767174,-0.003830387510262231,0.0003016543248658104,1.1251740313123454e-05
0,5,275,72.38972473144531,1.120036265676034,0.36702166684635473,0.27916005938619043,-0.20042882899568873,0.0015576719496289738,0.12876844618094457,0.05803412659087764,0.0026095391917656387,-0.003825720514365562,0.00030165393512298033,1.1242483448037117e-05
0,5,276,72.38727569580078,1.1200712847101233,0.3671626404752326,0.2791177824386935,-0.20084346778494108,0.0015576698786154098,0.12861602016374934,0.05802228650021133,0.0026071216228128547,-0.003821084713084144,0.0003016535778587194,1.123328392536781e-05
0,5,277,72.38484191894531,1.1201062508346487,0.36730317748092417,0.27907581559105604,-0.20125536963513582,0.0015576679370401935,0.12846458007007586,0.05801052421956036,0.0026047193179908777,-0.0038164796373260177,0.00030165325307302763,1.1224139496393294e-05
0,5,278,72.3824691772461,1.1201411567283952,0.3674432560382568,0.27903413300162294,-0.20166453454627292,0.0015576661249033252,0.12831414830727686,0.05799883974892472,0.0026023325017722194,-0.003811905521637163,0.00030165296076590506,1.1215052409835808e-05
0,5,279,72.38011169433594,1.1201759978080272,0.36758286268780643,0.2789927346703943,-0.20207097747430358,0.0015576643127664567,0.12816469126432323,0.057987233088304405,0.0025999600517943207,-0.0038073621314716,0.0003016527009373517,1.1206019292611998e-05
0,5,280,72.3778076171875,1.1202107721127001,0.36772199198906996,0.27895162059737016,-0.2024747133751789,0.0015576626300679358,0.12801619773753856,0.05797570423769943,0.0025976028659472285,-0.0038028487631913913,0.0003016525060659366,1.1197042393444098e-05
0,5,281,72.37552642822266,1.1202455049503743,0.3678606655906021,0.27891081662420536,-0.20287574224889884,0.0015576609473694151,0.127868701337952,0.05796427264961362,0.002595260944230943,-0.0037983661204344745,0.0003016523761516599,1.1188123961054348e-05
0,5,282,72.37329864501953,1.1202801409826926,0.3679988273949063,0.2788702710675901,-0.20327407905141462,0.001557659394109242,0.12772215725085803,0.0579528994190393,0.0025929338377004407,-0.0037939144377468286,0.0003016522462373832,1.1179261746720507e-05
0,5,283,72.37107849121094,1.1203147149552801,0.36813647188360876,0.2788299839275243,-0.20366972378272616,0.0015576578408490692,0.12757657667993302,0.05794162345098415,0.0025906215463557215,-0.0037894923078525783,0.00030165221375881405,1.1170453501720341e-05
0,5,284,72.36891174316406,1.1203492021552237,0.36827361758198707,0.27878998104566294,-0.20406269139878463,0.0015576562875888962,0.12743195962517698,0.057930412324608445,0.002588324519141809,-0.003785099496205744,0.00030165221375881405,1.1161702599137204e-05
0,5,285,72.36676788330078,1.1203836168868881,0.3684102712904674,0.278750262422006,-0.2044529968555412,0.0015576547343287232,0.12728832849394267,0.057919279008248066,0.0025860423071136797,-0.0037807360028063257,0.00030165221375881405,1.115300791460998e-05
0,5,286,72.36466217041016,1.1204179397861418,0.3685463932869095,0.2787108022148986,-0.20484065510894692,0.0015576531810685501,0.12714562726784817,0.05790821701773508,0.0025837749102713336,-0.0037764008894704063,0.00030165221375881405,1.1144368323777547e-05
0,5,287,72.36258697509766,1.1204521782725025,0.3686820252951902,0.27867165210765055,-0.20522566615900187,0.0015576516278083773,0.12700388955792266,0.057897219868901534,0.0025815221041422583,-0.003772094859835923,0.0003016522787159524,1.1135783826639909e-05
0,5,288,72.36054992675781,1.1204863436026613,0.3688171276483611,0.278632760416952,-0.20560804496165713,0.001557650203986552,0.12686311536416608,0.05788631349841921,0.0025792841131989665,-0.003767817913902877,0.0003016524086302291,1.112725554755818e-05
0,5,289,72.35853576660156,1.1205204342710893,0.3689517149224109,0.2785941529844579,-0.20598779151691274,0.001557648650726379,0.12672331589025487,0.057875491422120166,0.0025770613863864813,-0.0037635700516712675,0.000301652571023075,1.1118783486532363e-05
0,5,290,72.3565673828125,1.1205544389072561,0.3690857717375353,0.27855580396851326,-0.20636493573667092,0.001557647097466206,0.12658447993251265,0.05786474715583645,0.002574853699232291,-0.0037593515076870736,0.00030165276589449,1.1110367643562458e-05
0,5,291,72.35462188720703,1.120588354568435,0.36921930830764044,0.2785177392107731,-0.20673946266498058,0.0015576456736443808,0.12644662989829214,0.05785407421540012,0.0025726608272638837,-0.0037551611092203996,0.00030165296076590506,1.1102006894287344e-05
0,5,292,72.35269927978516,1.1206221771629261,0.36935229418692916,0.27847993286958245,-0.207111402213744,0.0015576442498225556,0.12630970976921144,0.05784347908497912,0.0025704832194262837,-0.003750999794455162,0.0003016532205944585,1.1093701238707025e-05
0,5,293,72.35082244873047,1.120655907532615,0.3694847325046144,0.2784423849449413,-0.20748075438296112,0.0015576428260007304,0.12617375315629972,0.057832961764573455,0.0025683197533569306,-0.003746866859753423,0.0003016534479444427,1.1085450676821498e-05
0,5,294,72.3489761352539,1.120689542039714,0.3696166313645851,0.27840512127850453,-0.20784753412858314,0.0015576415316172528,0.1260387264485278,0.057822515770015175,0.0025661713269458726,-0.003742761836023224,0.00030165370777299606,1.1077255208630764e-05
0,5,295,72.3471450805664,1.1207230874083234,0.3697479745910708,0.2783681160286173,-0.20821174145061,0.0015576401077954276,0.12590466325692487,0.05781215406964017,0.002564037491248086,-0.0037386868341783793,0.0003016539676015495,1.1069115958495942e-05
0,5,296,72.34534454345703,1.1207565103944057,0.36987873621541917,0.2783313433536245,-0.208573406260944,0.00155763881341195,0.12577151876678536,0.05780185072677667,0.002561918021791059,-0.003734640212397033,0.0003016542274301029,1.1061030677694795e-05
0,5,297,72.34358215332031,1.1207898416054203,0.37000893537729485,0.27829482909518133,-0.20893252855958516,0.0015576373895901249,0.12563931538546202,0.057791631678096436,0.0025598133675198147,-0.0037306212670412476,0.0003016544547800871,1.1052998241866203e-05
0,5,298,72.34184265136719,1.1208230846593323,0.37013858362096397,0.27825859909494255,-0.20928910834653344,0.0015576360952066473,0.12550805311295493,0.05778149692359949,0.0025577233039618414,-0.0037266311708409198,0.0003016547470872097,1.1045022024093522e-05
0,5,299,72.34013366699219,1.1208562298393374,0.37026767061143373,0.27822262751125326,-0.20964317553369116,0.00155763480082317,0.12537773194926402,0.057771439979117864,0.0025556480555896516,-0.0037226696892500694,0.00030165500691576306,1.1037099775654516e-05
0,5,300,72.33844757080078,1.1208892571695934,0.37039617349929577,0.27818691434411347,-0.20999473012105827,0.0015576335064396924,0.12524830707968376,0.05776144787631569,0.002553586948985709,-0.003718736587722718,0.00030165529922288563,1.1029231496549187e-05
0,5,301,72.3367919921875,1.1209221777390899,0.37052410790859813,0.27815148543517815,-0.21034377210863475,0.0015576323414945626,0.1251197897078906,0.0577515270993609,0.002551539759677502,-0.003714832100804845,0.00030165555905143905,1.102141718677753e-05
0,5,302,72.33515930175781,1.1209549883774013,0.3706514833082325,0.2781163407844472,-0.21069033140832294,0.0015576310471110853,0.12499217983388443,0.05774167116408555,0.0025495071610825665,-0.00371095599395047,0.0003016558188799924,1.101365572197843e-05
0,5,303,72.33355712890625,1.1209876846180469,0.3707782497578503,0.27808142870861086,-0.21103440802012283,0.0015576297527276077,0.12486546625398896,0.05773189303882554,0.002547488704255878,-0.0037071085017055735,0.00030165604622997663,1.1005947102151888e-05
0,5,304,72.33198547363281,1.1210202697459688,0.37090445477485373,0.27804680089097894,-0.21137601689998547,0.001557628587782478,0.12473967137555692,0.05772217975524496,0.0025454841647249257,-0.0037032882167942786,0.00030165630605853005,1.0998293576020138e-05
0,5,305,72.33042907714844,1.1210527310354208,0.3710300604576317,0.27801243148989646,-0.21171515804791097,0.001557627552275696,0.12461476158755914,0.057712531313343834,0.0025434937669622203,-0.003699495842854524,0.00030165653340851427,1.0990692894860945e-05
0,5,306,72.32890319824219,1.1210850623576405,0.37115504886867956,0.2779782946637086,-0.2120518464198504,0.001557626516768914,0.12449073688999568,0.05770294771312215,0.002541517062022739,-0.0036957311453403303,0.00030165672827992934,1.098314393431319e-05
0,5,307,72.3274154663086,1.1211172753087868,0.37127943715274936,0.2779444162540702,-0.2123860969717549,0.0015576256107004798,0.1243675860791901,0.05769343543874785,0.002539554498851505,-0.0036919936551597383,0.00030165695562991355,1.0975647818737992e-05
0,5,308,72.32593536376953,1.1211493650767357,0.3714032113547786,0.2779107704193263,-0.21271792465957562,0.0015576247046320455,0.1242453203588188,0.05768399449022094,0.002537605628503495,-0.003688282434128831,0.0003016572479370361,1.096820454813535e-05
0,5,309,72.32447052001953,1.1211813307362377,0.3715263877356297,0.27787738300113196,-0.21304732948331256,0.001557623928001959,0.12412395093255817,0.057674618383373476,0.002535670675451221,-0.0036845979513395674,0.0003016575402441587,1.0960814122505264e-05
0,5,310,72.32304382324219,1.121213178809534,0.3716489680797539,0.2778442539994871,-0.21337432639891685,0.0015576231513718725,0.12400347780040821,0.05766531360237339,0.0025337498641671936,-0.003680939503154009,0.00030165783255128127,1.0953475417486617e-05
0,5,311,72.32164764404297,1.1212449020920034,0.3717709312230447,0.2778113575727368,-0.2136989303623396,0.001557622374741786,0.12388388975869252,0.0576560801472207,0.0025318425212338784,-0.003677306385934218,0.0003016581898155422,1.094618730871829e-05
0,5,312,72.32026672363281,1.121276489620629,0.37189226313912704,0.277778693720881,-0.2140211413735809,0.0015576217275500473,0.12376516440005837,0.05764691153374745,0.002529948871123787,-0.0036736990687721537,0.00030165848212266477,1.0938953169283637e-05
0,5,313,72.31890106201172,1.1213079446657188,0.37201299269482535,0.2777462882855747,-0.21434097438859173,0.0015576209509199608,0.12364732413185849,0.0576378012777857,0.002528069138309431,-0.003670117082575856,0.0003016588393869257,1.0931768501738186e-05
0,5,314,72.31756591796875,1.1213392836411156,0.3721331146339395,0.27771414126681787,-0.21465844436332338,0.001557620303728222,0.12353034654674012,0.057628768831839275,0.0025262026493732756,-0.003666561834621202,0.00030165922912975577,1.0924636679165294e-05
0,5,315,72.3162612915039,1.1213704863083958,0.3722526238157549,0.27768225266461055,-0.21497356625372688,0.0015576196565364833,0.12341420923735051,0.057619794743404354,0.0025243496287878316,-0.003663032152178295,0.0003016595863940167,1.09175543284816e-05
0,5,316,72.3149642944336,1.1214015547829124,0.3723714903379005,0.27765057079564287,-0.21528634005980227,0.0015576190093447445,0.12329895701839517,0.05761089198081682,0.0025225103010256115,-0.003659529911614969,0.0003016599436582776,1.0910524822770465e-05
0,5,317,72.31369018554688,1.1214324789327956,0.37248972110446155,0.2776191215015697,-0.2155967807375007,0.001557618362153006,0.1231845450751686,0.057602047575740785,0.0025206842171415916,-0.0036560537056553486,0.00030166026844396935,1.0903543664587413e-05
0,5,318,72.31244659423828,1.1214632829427646,0.3726073342725699,0.27758793062404596,-0.21590490324277326,0.0015576178443996148,0.12307096220399438,0.05759328098068008,0.0025188713771357716,-0.0036526035342994336,0.0003016606581867995,1.0896613102654681e-05
0,5,319,72.31121063232422,1.1214939350111852,0.37272430830178394,0.27755697232141685,-0.21621070757561997,0.0015576173266462238,0.12295821960854893,0.05758456625896294,0.0025170717810081514,-0.0036491789284552652,0.00030166101545106035,1.0889733136972268e-05
0,5,320,72.31000518798828,1.1215244742385957,0.3728406694070451,0.27752624659368225,-0.21651422364794312,0.001557616679454485,0.12284636210353775,0.057575935831429066,0.0025152854287587316,-0.003645780122668823,0.00030166147015102884,1.0882902643179059e-05
0,5,321,72.30882263183594,1.1215548715638008,0.37295638591387653,0.2774957534408422,-0.2168154514597427,0.0015576160322627462,0.12273531126322616,0.05756737024557463,0.0025135123203875115,-0.003642407351486086,0.0003016618598938589,1.0876121621275051e-05
0,5,322,72.30766296386719,1.1215851346825696,0.3730714631471772,0.2774654928628967,-0.2171143910110187,0.0015576153850710077,0.12262510069864334,0.05755887598556759,0.0025117522314219796,-0.003639060614907055,0.000301662249636689,1.0869390071260246e-05
0,5,323,72.3065185546875,1.1216152538525361,0.3731859091399801,0.2774354648598457,-0.2174110722136734,0.0015576147378792689,0.12251571920611287,0.05755044008307205,0.002510005386334648,-0.003635739209293791,0.00030166257442238077,1.0862706868773522e-05
0,5,324,72.30538177490234,1.1216452404797312,0.37329972198107225,0.2774056694316893,-0.21770549506770678,0.001557614220125878,0.12240717798931115,0.057542075506423894,0.002508271785125516,-0.003632443603738253,0.0003016630291223492,1.0856075386898237e-05
0,5,325,72.30428314208984,1.1216750939390683,0.3734128819745375,0.27737608073677245,-0.21799767452907,0.0015576137023724868,0.1222994658445618,0.057533788739791064,0.0025065509788495606,-0.003629173094602503,0.0003016634188651793,1.084949112818992e-05
0,5,326,72.30319213867188,1.1217047929439612,0.37352539919482886,0.2773467246167502,-0.21828761059776305,0.0015576131846190958,0.12219257156818844,0.0575255538465018,0.0025048431919792932,-0.003625926509156645,0.0003016638086080094,1.0842955217009683e-05
0,5,327,72.30213165283203,1.1217343667419861,0.37363727023462795,0.2773175752299675,-0.2185753331856882,0.001557612666865705,0.12208650636386745,0.0575174032473958,0.0025031479755696904,-0.0036227054892225335,0.00030166423082940864,1.083646765335753e-05
0,5,328,72.30107116699219,1.1217637977786405,0.3737484979959667,0.2772886584180793,-0.21886084229284541,0.0015576120196739661,0.12198123662056966,0.05750931748996925,0.0025014660030382874,-0.003619508158432334,0.0003016646530508079,1.0830028437233464e-05
0,5,329,72.30003356933594,1.1217930618373266,0.3738590653960192,0.27725994833943074,-0.21914413791923476,0.0015576115019205752,0.12187678474564786,0.05750127712171831,0.0024997963764950373,-0.0036163352204239847,0.00030166504279363805,1.0823636444276361e-05
0,5,330,72.29901885986328,1.1218221912688233,0.3739689966738772,0.27723147083567673,-0.21942524997675844,0.0015576108547288364,0.12177312833174929,0.057493308079314756,0.0024981393204124513,-0.003613187144289444,0.0003016654974936065,1.0817292798847342e-05
0,5,331,72.29801940917969,1.1218511546127217,0.3740782530177336,0.2772032000651623,-0.2197041784654165,0.0015576103369754454,0.12167022256416839,0.05748539091025476,0.002496494161372994,-0.0036100634609367538,0.0003016658547578674,1.0810994127863051e-05
0,5,332,72.29704284667969,1.1218799651485818,0.37418685646697003,0.2771751360278875,-0.2199809383411601,0.0015576098192220545,0.12156812346128709,0.057477532098706256,0.0024948617972667137,-0.0036069641703659135,0.00030166627697926664,1.0804743804406845e-05
0,5,333,72.29607391357422,1.1219086413737744,0.3742948263700034,0.2771473045655072,-0.2202555445599403,0.0015576094309070112,0.121466819819429,0.05746974461300514,0.002493242003621097,-0.003603889272576923,0.0003016666992006659,1.0798540704117604e-05
0,5,334,72.29512786865234,1.1219371628752821,0.37440213870009253,0.2771196798363665,-0.2205279971217571,0.0015576090425919679,0.12136631163859414,0.05746201548481553,0.0024916345559636336,-0.0036008378293858655,0.0003016670239863577,1.0792384826995329e-05
0,5,335,72.29419708251953,1.121965523067498,0.3745088108784838,0.27709228768212035,-0.22079832593851287,0.0015576086542769246,0.12126655410407695,0.05745433174580153,0.0024900390053492986,-0.0035978100753387204,0.0003016674462077569,1.0786273924317782e-05
0,5,336,72.29329681396484,1.12199374016851,0.3746148247695196,0.2770651022611138,-0.22106651605425637,0.0015576082659618815,0.12116759203058299,0.05744671933263491,0.002488455800723116,-0.0035948067140734253,0.00030166783595058706,1.07802102448072e-05
0,5,337,72.29239654541016,1.1220218048957453,0.3747201897051121,0.27703812357334684,-0.2213325973808899,0.0015576078776468381,0.12106941421443586,0.057439165276979794,0.002486884942085086,-0.0035918270419520422,0.000301668193214848,1.0774192664102466e-05
0,5,338,72.29151153564453,1.1220497260773872,0.37482493262927014,0.27701137746047444,-0.22159658487436462,0.0015576074893317948,0.12097203185931193,0.05743166957883617,0.002485326429435209,-0.0035888703553366335,0.00030166868039338557,1.0768221182203579e-05
0,5,339,72.29063415527344,1.1220774957193562,0.374929011822763,0.27698483808084157,-0.22185847853468052,0.0015576071010167517,0.12087538894682932,0.057424238722372,0.0024837798138284605,-0.0035859373578651364,0.0003016690701362157,1.0762294674749421e-05
0,5,340,72.28978729248047,1.1221051140959677,0.3750324652001691,0.2769585312761033,-0.2221182933177887,0.0015576068421400563,0.12077953029169354,0.057416859739251376,0.002482245319737353,-0.003583026876807655,0.0003016694923576149,1.075641426610111e-05
0,5,341,72.28895568847656,1.122132582990628,0.3751352620227975,0.2769324312046046,-0.2223760292236892,0.0015576065832633608,0.12068443348655182,0.057409545597810197,0.002480722498216862,-0.0035801391467101687,0.0003016699470575834,1.0750578831897529e-05
0,5,342,72.28813171386719,1.122159888173853,0.375237415063751,0.2769065637080005,-0.22263170120833317,0.001557606324386665,0.12059006492037502,0.05740227684554463,0.002479211798212012,-0.0035772736984807183,0.00030167040175755184,1.0744788372138675e-05
0,5,343,72.28732299804688,1.1221870471458981,0.37533892233669125,0.2768809029446359,-0.22288533918362283,0.0015576060655099696,0.12049643579683952,0.057395072934958505,0.0024777123218327553,-0.0035744319393951804,0.0003016708889360895,1.0739042886824551e-05
0,5,344,72.28653717041016,1.1222140568292607,0.3754397934069078,0.2768554747561659,-0.22313692819360706,0.001557605936071622,0.12040355731962171,0.05738792738188388,0.0024762247424966275,-0.0035716134003615954,0.0003016713436360579,1.0733342375955156e-05
0,5,345,72.28575897216797,1.1222409116290724,0.37554001203245707,0.27683025330093547,-0.22338649815018813,0.0015576058066332742,0.12031139587769242,0.05738084018632075,0.0024747486112586046,-0.0035688176122880056,0.0003016718632931647,1.0727684590808254e-05
0,5,346,72.28499603271484,1.1222676051087042,0.37563957772748313,0.2768052385789447,-0.22363404905336606,0.0015576056771949265,0.12021996267472805,0.05737380486410118,0.0024732843770637106,-0.0035660443406284313,0.00030167235047170234,1.072207178010608e-05
0,5,347,72.28424072265625,1.1222941521490295,0.3757384989394064,0.2767804305901934,-0.22387959585909198,0.0015576056771949265,0.120129268914405,0.05736683438356105,0.0024718315909669215,-0.0035632938199288517,0.0003016728376502399,1.0716502819487517e-05
0,5,348,72.28350830078125,1.1223205518384576,0.3758367734275052,0.2767558293346818,-0.224123153523317,0.0015576058066332742,0.12003929218937046,0.05735992874470036,0.0024703902529682378,-0.0035605653465513288,0.00030167332482877756,1.0710977708952565e-05
0,5,349,72.28278350830078,1.1223467883042915,0.37593439075218277,0.27673140897075477,-0.22436473700199225,0.001557605936071622,0.11995004370330084,0.057353074979183225,0.0024689605875401707,-0.0035578584514039044,0.0003016738769644535,1.0705497572862343e-05
0,5,350,72.28207397460938,1.1223728626163119,0.37603133635441655,0.27670716949841245,-0.22460434629511777,0.0015576060655099696,0.11986148984516698,0.05734627957117759,0.0024675419212651854,-0.003555173838124516,0.0003016744291001295,1.0700059038133493e-05
0,5,351,72.2813720703125,1.122398785097374,0.37612764153373013,0.27668313675930967,-0.22484199635864466,0.001557606324386665,0.11977365302232167,0.057339542520683455,0.002466134703088305,-0.0035525105685292463,0.00030167501371437463,1.0694664353488256e-05
0,5,352,72.28068542480469,1.1224245567231093,0.37622330965803163,0.2766593107534465,-0.22507768719257296,0.0015576065832633608,0.11968655564211765,0.05733286382770082,0.002464738708537018,-0.0035498691117100546,0.0003016755983286198,1.0689311270204392e-05
0,5,353,72.2800064086914,1.1224501782471747,0.37631832521493513,0.276635665639168,-0.22531144870880487,0.0015576068421400563,0.11960016409352578,0.05732624997639763,0.002463354162083836,-0.0035472499367588985,0.00030167615046429577,1.0684002037004139e-05
0,5,354,72.27935791015625,1.12247563753078,0.3764127071139512,0.27661222725812906,-0.22554328090734047,0.0015576071010167517,0.11951448958022244,0.05731968151427005,0.002461980839256247,-0.0035446514018539236,0.0003016767025999717,1.0678734405165259e-05
0,5,355,72.2787094116211,1.1225009484387707,0.3765064607192118,0.27658899561032974,-0.22577319874413085,0.0015576073598934472,0.11942953210220765,0.05731317140965396,0.0024606185155817395,-0.0035420749142710053,0.0003016772547356477,1.0673507250326636e-05
0,5,356,72.27806854248047,1.122526111185807,0.37659956890220053,0.27656594485411506,-0.22600121717512714,0.0015576074893317948,0.11934528045580499,0.05730672614671732,0.002459267640005337,-0.003539518597642309,0.00030167783934989284,1.0668322821210507e-05
0,5,357,72.2774429321289,1.122551098833129,0.3766920246488144,0.27654307498948505,-0.22622733620032934,0.0015576077482084905,0.11926172343733811,0.05730031978878834,0.0024579275391095044,-0.003536984093789691,0.000301678423964138,1.066317999345575e-05
0,5,358,72.2768325805664,1.12257593778102,0.3767838524704686,0.27652041185809456,-0.22645157077568862,0.001557608007085186,0.11917886104680699,0.05729397178837087,0.002456598437366753,-0.0035344704645292324,0.0003016789436212448,1.0658078767062368e-05
0,5,359,72.27622985839844,1.1226006245858045,0.37687504254200377,0.2764979296182888,-0.22667393585715606,0.0015576082659618815,0.11909670448788802,0.05728768214546489,0.0024552801103045713,-0.0035319777098609343,0.0003016795282354899,1.065301914203036e-05
0,5,360,72.27564239501953,1.122625145771176,0.3769655915322288,0.2764756282700676,-0.22689443144473173,0.001557608395400229,0.1190152537605812,0.057281437891734524,0.0024539725579229587,-0.0035295067679687138,0.00030168008037116586,1.0647997745276374e-05
0,5,361,72.2750473022461,1.1226495101190332,0.37705552602027687,0.27645353365508607,-0.22711308745031783,0.001557608395400229,0.11893448645753377,0.057275239027179764,0.002452675780221916,-0.0035270567006686535,0.0003016806000282727,1.0643019074244879e-05
0,5,362,72.27449035644531,1.1226737295432103,0.3771448273564965,0.27643161993168913,-0.22732990387391439,0.001557608395400229,0.11885441378242209,0.05726910500430445,0.002451390226146466,-0.0035246268043228153,0.0003016811196853795,1.063808088021364e-05
0,5,363,72.27393341064453,1.1226977663669924,0.37723347469988744,0.27640988709987685,-0.22754488071552142,0.001557608395400229,0.11877497971686428,0.05726300340226886,0.0024501145488615384,-0.0035222173134771785,0.0003016816718210554,1.0633182038821538e-05
0,5,364,72.27338409423828,1.1227216729503005,0.3773214970945052,0.2763883351596492,-0.22775804788704118,0.001557608395400229,0.11869622907556585,0.057256979610248594,0.0024488498707296922,-0.003519828462677723,0.00030168225643530057,1.0628324798790811e-05
0,5,365,72.27283477783203,1.1227454027461272,0.3774088654774396,0.27636693826935127,-0.22796940538847366,0.001557608524838577,0.11861813945117403,0.057250994723236,0.002447595518333392,-0.003517459782832489,0.0003016828735281149,1.0623505787038103e-05
0,5,366,72.27230834960938,1.1227689759505788,0.3774955858531159,0.27634569642898305,-0.22817896817577,0.0015576086542769246,0.11854071084368882,0.057245068193734906,0.0024463514916726373,-0.003515109866665602,0.0003016834906209292,1.0618726127924533e-05
0,5,367,72.27179718017578,1.1227923947248428,0.37758168321756735,0.2763246354801995,-0.22838675120488133,0.0015576086542769246,0.11846394325311023,0.05723919353757736,0.0024451177907474286,-0.0035127801214529368,0.00030168410771374356,1.0613985821450102e-05
0,5,368,72.27129364013672,1.1228156567577383,0.37766715111200516,0.2763037554230005,-0.22859275447580768,0.0015576087837152724,0.11838782547576188,0.057233370754763375,0.002443894864502789,-0.003510470078102535,0.0003016846923279887,1.0609285991975925e-05
0,5,369,72.27079010009766,1.1228387494147662,0.37775198867066534,0.2762830562573862,-0.22879699294450015,0.0015576089131536202,0.11831233510429098,0.05722758687695705,0.00244268159057616,-0.0035081806747983145,0.00030168524446366464,1.0604624390779769e-05
0,5,370,72.27030181884766,1.1228616880467244,0.37783620562206033,0.27626253798335654,-0.22899948156690988,0.0015576090425919679,0.11823748334237395,0.05722185487249428,0.0024414788668575883,-0.003505911442448316,0.000301685861556479,1.0600001017861632e-05
0,5,371,72.26982116699219,1.12288447275408,0.37791980265391073,0.2762422006009115,-0.2292002203430369,0.0015576091720303157,0.11816328139368715,0.057216174741375074,0.002440285795457027,-0.00350366214650656,0.00030168634873501657,1.0595416997582634e-05
0,5,372,72.26934814453125,1.1229071102227732,0.37800280001348047,0.27622206995170606,-0.22939923918478342,0.0015576093014686633,0.11808968444352505,0.05721054648359941,0.0024391030497920114,-0.003501432317881089,0.00030168686839212336,1.0590870081220538e-05
0,5,373,72.26888275146484,1.1229295808495516,0.3780851761112088,0.2762021201940853,-0.22959653809214947,0.0015576094309070112,0.11801669249188765,0.05720495713083142,0.002437929731972494,-0.0034992221911178813,0.0003016874530063685,1.0586361393136459e-05
0,5,374,72.2684326171875,1.1229518981697406,0.37816693526354594,0.27618235132804914,-0.22979211706513508,0.0015576095603453588,0.1179443279461277,0.05719941965140698,0.0024367665154160106,-0.0034970305934870403,0.000301687907706337,1.0581889808969283e-05
0,5,375,72.26798248291016,1.122974057652004,0.3782480825220915,0.2761627633535977,-0.22998600601564248,0.0015576098192220545,0.11787255719521608,0.05719392756115815,0.0024356129511775375,-0.0034948572904425867,0.0003016885247991513,1.0577458701802362e-05
0,5,376,72.26754760742188,1.1229960676911628,0.37832860692865683,0.27614333042907585,-0.2301782049436717,0.00155761007809875,0.11780141385018193,0.057188493828420825,0.0024344694882020984,-0.003492702985622459,0.0003016890769348273,1.0573063574191225e-05
0,5,377,72.26712799072266,1.1230179035961911,0.37840850804164183,0.27612405255448375,-0.23036872880517384,0.0015576103369754454,0.11773087550367248,0.05718309251652322,0.0024333354530721575,-0.0034905660372048014,0.0003016896290705032,1.0568704426135872e-05
0,5,378,72.2667007446289,1.1230395902462862,0.37848780571397983,0.2761049555714763,-0.23055757760014894,0.001557610595852141,0.1176609533593641,0.05717774307796916,0.0024322112947327383,-0.00348844785246549,0.0003016901812061792,1.0564384630719655e-05
0,5,379,72.26628875732422,1.1230611184671653,0.3785664911923336,0.2760860136383986,-0.2307447662845481,0.0015576108547288364,0.1175916586209332,0.05717243902859072,0.0024310970131838417,-0.0034863477277665873,0.00030169076582042435,1.0560100814859223e-05
0,5,380,72.2658920288086,1.1230824941469375,0.3786445641940768,0.27606722675525047,-0.23093030981432247,0.0015576111136055319,0.11752296888102699,0.05716718685255583,0.0024299921594804434,-0.003484265897654072,0.0003016913504346695,1.0555852978554572e-05
0,5,381,72.26548767089844,1.1231037121608562,0.37872202797669774,0.2760485949220321,-0.23111422314542318,0.0015576113724822273,0.11745487293596911,0.057161980065696553,0.002428896958095055,-0.0034822018930359853,0.0003016919675274838,1.0551642246166825e-05
0,5,382,72.26509857177734,1.1231247739434687,0.3787988871427075,0.27603011813874345,-0.23129650627785023,0.0015576116313589228,0.1173873931931123,0.057156818668012886,0.0024278111845551648,-0.0034801561830042865,0.00030169255214172893,1.054746749333486e-05
0,5,383,72.26471710205078,1.1231457009692616,0.37887516951056044,0.2760118222470394,-0.23147718912350587,0.0015576118902356185,0.11732050724510382,0.057151715627840716,0.002426734838860773,-0.0034781280639210373,0.0003016932017131124,1.0543327595697558e-05
0,5,384,72.26434326171875,1.123166463446341,0.3789508413748949,0.27599368140526503,-0.23165625672643902,0.001557612149112314,0.11725420388826725,0.05714665149267621,0.00242566792101188,-0.0034761182394241756,0.0003016938512844959,1.0539223677616041e-05
0,5,385,72.26398468017578,1.1231870997762228,0.3790259445267813,0.2759757214550754,-0.2318337389985519,0.0015576122785506616,0.1171885055299554,0.05714165219919115,0.0024246106554809965,-0.003474126944059681,0.00030169443589874107,1.0535155739090308e-05
0,5,386,72.26362609863281,1.1232075748249317,0.379100447528468,0.2759579165548154,-0.23200963593984453,0.001557612537427357,0.1171233785591391,0.057136691810713756,0.0024235625933231,-0.003472153005097656,0.00030169508547012457,1.0531121531398121e-05
0,5,387,72.26326751708984,1.123227901616048,0.3791743712048149,0.27594026670448507,-0.23218396250626805,0.0015576127963040525,0.11705886779052388,0.05713177681141197,0.002422523510065678,-0.003470196657084081,0.00030169570256293886,1.0527124427622835e-05
0,5,388,72.2629165649414,1.1232480873439683,0.37924773718073024,0.27592282358739434,-0.23235671869782243,0.0015576130551807482,0.1169949284094042,0.0571269072012858,0.002421494079126266,-0.0034682586036568937,0.0003016963196557532,1.0523161054681096e-05
0,5,389,72.26258850097656,1.1232681258444233,0.37932052750502027,0.27590553552023334,-0.23252793442640995,0.0015576133140574437,0.11693157161945647,0.05712208298033523,0.0024204736270873285,-0.003466338375724135,0.00030169687179142915,1.0519232536934021e-05
0,5,390,72.26224517822266,1.1232880047860674,0.37939272403816243,0.275888402503002,-0.2326975947360795,0.0015576134434957913,0.11686877501332789,0.05711729766439233,0.002419462378421378,-0.003464436207831785,0.0003016974564056743,1.0515338874381611e-05
0,5,391,72.26192474365234,1.1233077359129193,0.3794643618669485,0.27587145037735533,-0.23286572953873333,0.0015576135729341392,0.11680653859101849,0.0571125512534571,0.0024184598841833897,-0.0034625513963419054,0.0003016980085413503,1.051147894266275e-05
0,5,392,72.26161193847656,1.1233273257126664,0.37953544242789616,0.2758546791432933,-0.23303233883437147,0.0015576137023724868,0.11674487355620464,0.057107850231697475,0.0024174663688458758,-0.0034606839412544958,0.0003016985606770262,1.0507653866138552e-05
0,5,393,72.26129913330078,1.1233467786001206,0.37960596102165084,0.27583806295916097,-0.23319743757894498,0.0015576138318108346,0.1166838023162391,0.05710320108328141,0.0024164820568813488,-0.0034588338425695564,0.000301699080334133,1.0503861396086783e-05
0,5,394,72.26099395751953,1.1233660676125048,0.3796758923260007,0.2758215759833034,-0.23336104072840508,0.0015576139612491823,0.11662328005641634,0.05709858435570506,0.0024155064993447847,-0.00345700016210317,0.00030169959999123985,1.050010378122968e-05
0,5,395,72.26069641113281,1.1233852056129174,0.3797452566503551,0.2758052440573755,-0.2335231482827517,0.001557614220125878,0.11656331798041275,0.05709400653313638,0.002414539471763671,-0.003455181961671419,0.0003017001521269158,1.0496378772845002e-05
0,5,396,72.26039123535156,1.1234042010870926,0.37981406132995077,0.2757890671813773,-0.23368377519793604,0.0015576144790025734,0.11650391608822833,0.05708947409974331,0.002413581647555544,-0.0034533813521881182,0.0003017006717840226,1.0492688619654992e-05
0,5,397,72.2601089477539,1.123423046831248,0.37988230338869483,0.2757730453553088,-0.23384293642990917,0.0015576147378792689,0.11644504076883391,0.057084980571357906,0.0024126321288303557,-0.003451596457285432,0.00030170122391969857,1.0489028824215173e-05
0,5,398,72.25981903076172,1.123441741233974,0.3799499783441986,0.27575715273751505,-0.23400064693462228,0.0015576149967559644,0.11638671442958229,0.05708052594798017,0.0024116911400606186,-0.0034498272769633606,0.0003017018085339437,1.048540388397002e-05
0,5,399,72.25955200195312,1.1234602901834432,0.3800171219226342,0.27574144101130593,-0.23415690671207534,0.0015576152556326598,0.11632893707047345,0.05707610374544215,0.0024107589057188444,-0.0034480733421299458,0.00030170236066961965,1.0481810425836176e-05
0,5,400,72.25926971435547,1.123478706415644,0.38008369989749147,0.27572588433502654,-0.23431171576226834,0.0015576155145093553,0.11627166387680186,0.05707173990041563,0.0024098349768600087,-0.0034463360600610633,0.00030170291280529564,1.0478249574174761e-05
0,5,401,72.25900268554688,1.123496980668887,0.38014973926114104,0.27571048270867676,-0.23446510399710357,0.0015576156439477031,0.11621492845959668,0.05706741496039678,0.002408919577956624,-0.0034446142580268164,0.00030170346494097164,1.0474721328985775e-05
0,5,402,72.25874328613281,1.1235150841604684,0.3802152093113379,0.2756952102906018,-0.23461707141658103,0.0015576157733860508,0.11615869720782873,0.057063109472881755,0.0024080124845361783,-0.0034429084051191636,0.0003017040170766476,1.0471224565908099e-05
0,5,403,72.25849151611328,1.1235330449222467,0.38028012104869585,0.27568006708080156,-0.23476763297665185,0.0015576160322627462,0.11610298132517442,0.05705884937454235,0.002407113023181136,-0.0034412185013381054,0.00030170453673375436,1.0467759284941732e-05
0,5,404,72.25823974609375,1.1235508735997946,0.3803444881669442,0.27566507892093106,-0.23491678867731602,0.0015576164205777896,0.11604776960795737,0.05705464114954649,0.0024062225407265685,-0.0034395445466836416,0.00030170505639086115,1.0464326610447795e-05
0,5,405,72.25798797607422,1.1235685553003607,0.38040830297412614,0.27565021996933525,-0.23506455347452468,0.0015576169383311805,0.11599307325985395,0.0570504718295583,0.0024053399148099164,-0.0034378863066097925,0.00030170560852653714,1.046092429370405e-05
0,5,406,72.25775146484375,1.1235860902246864,0.38047156631548207,0.2756354902260142,-0.23521094232422898,0.0015576174560845717,0.11593886987351139,0.05704634141457778,0.002404465369903691,-0.0034362444847544963,0.00030170612818364393,1.0457553459071614e-05
0,5,407,72.25751495361328,1.1236034852565375,0.38053429877272604,0.27562091553262286,-0.2353559552264289,0.0015576179738379626,0.11588517065260608,0.05704224990460492,0.002403598906007893,-0.0034346181429338357,0.0003017066478407507,1.045421410655049e-05
0,5,408,72.25728607177734,1.1236207401366585,0.3805964638141026,0.27560644420585134,-0.2354996071370756,0.0015576186210297014,0.11583195318978526,0.05703821026797562,0.0024027407475950336,-0.0034330072811478113,0.0003017071674978575,1.0450905111779557e-05
0,5,409,72.2570571899414,1.123637836715138,0.380658098146615,0.2755921020873545,-0.23564191301212017,0.00155761926822144,0.11577925109607806,0.05703419008385015,0.0024018902212475783,-0.0034314116648504426,0.00030170762219782594,1.0447627599119934e-05
0,5,410,72.2568359375,1.1236547974165252,0.38071917817778267,0.2755778633354775,-0.23578287285156266,0.0015576199154131787,0.11572705316780812,0.05703022177306823,0.0024010477759105497,-0.0034298308249497717,0.0003017081093763636,1.0444379319849386e-05
0,5,411,72.25662994384766,1.1236716157183342,0.3807797389093361,0.2755637796335302,-0.23592250161135417,0.0015576205626049175,0.1156753257939463,0.05702628588312604,0.0024002129626389244,-0.003428264057807861,0.00030170866151203957,1.0441161398329028e-05
0,5,412,72.25641632080078,1.1236882716369867,0.3808397576021986,0.27554979929820267,-0.23606081424744585,0.0015576212097966563,0.11562409138184532,0.05702236944568768,0.0023993860059052146,-0.0034267120670626473,0.00030170918116914636,1.0437973834558864e-05
0,5,413,72.2562026977539,1.1237048014547182,0.38089925155964793,0.2755359481711499,-0.2361978107598377,0.001557621856988395,0.1155733499315052,0.057018504881592866,0.0023985669057094198,-0.003425174618168152,0.00030170970082625314,1.0434815504177773e-05
0,5,414,72.25599670410156,1.1237211946502947,0.38095824395755823,0.2755222520940268,-0.23633350610448084,0.0015576226336184815,0.11552309023924957,0.05701467273833778,0.002397755213106517,-0.0034236510074864375,0.0003017102854404983,1.0431687531546874e-05
0,5,415,72.25579833984375,1.1237374293141462,0.38101668836981756,0.27550865938352354,-0.2364679152373264,0.0015576232808102203,0.11547325628669652,0.057010866531754474,0.0023969511525690173,-0.0034221417041094618,0.0003017108375761742,1.042858879230505e-05
0,5,416,72.25559997558594,1.1237535303668835,0.38107462254666286,0.275495195881295,-0.23660103815837444,0.0015576237985636112,0.11542391529590433,0.05700709923017883,0.002396154499624409,-0.003420646238945266,0.00030171142219041937,1.0425519286452298e-05
0,5,417,72.25540924072266,1.1237694885868148,0.38113203751002894,0.2754818615873412,-0.23673288982357601,0.00155762444575535,0.11537501124849109,0.05700336434944291,0.0023953652542726923,-0.003419165784723748,0.00030171197432609536,1.0422477889627503e-05
0,5,418,72.2552261352539,1.123785310952117,0.3811889540436839,0.2754686823433171,-0.23686347023293117,0.0015576250929470888,0.11532655534813319,0.056999661889546714,0.0023945831920413555,-0.0034176989341690306,0.0003017125589403405,1.0419465726191781e-05
0,5,419,72.25503540039062,1.1238010157664649,0.3812453903480841,0.27545565814922274,-0.236992794342391,0.0015576256107004798,0.11527858120585975,0.05699600481882612,0.0023938089863479338,-0.0034162463909190523,0.00030171314355458565,1.0416483920506252e-05
0,5,420,72.25485229492188,1.123816582200323,0.38130133916184644,0.2754427631634031,-0.23712087710790672,0.0015576261284538707,0.1152311000253472,0.05699237368477731,0.0023930421882474035,-0.0034148065131519574,0.0003017137281688308,1.0413527975126442e-05
0,5,421,72.25468444824219,1.1238320272779618,0.3813567789589497,0.27542999738585816,-0.23724771852947824,0.001557626516768914,0.11518404458453721,0.05698879442407205,0.002392282573267253,-0.0034133807081436224,0.00030171431278307593,1.0410600138774586e-05
0,5,422,72.25450897216797,1.1238473324984208,0.3814117093480454,0.2754173349749331,-0.23737333356305673,0.0015576269050839573,0.11513744849445894,0.05698524758420652,0.0023915301414074823,-0.0034119692104400265,0.00030171479996161357,1.0407699287089569e-05
0,5,423,72.25434112548828,1.1238625043565562,0.3814661317078522,0.2754047759306278,-0.23749773716459335,0.0015576274228373483,0.11509128934775961,0.05698173964934865,0.0023907848926680913,-0.0034105717854951904,0.0003017153520972895,1.0404826544432506e-05
0,5,424,72.25418090820312,1.1238775426345327,0.3815200635507221,0.27539234609459723,-0.23762092933408807,0.0015576278111523916,0.11504556714443923,0.0569782641353305,0.00239004682704908,-0.003409187964217155,0.0003017158717543963,1.0401979662081164e-05
0,5,425,72.25401306152344,1.1238924561394126,0.38157351306128817,0.27538004546684136,-0.23774292502749203,0.0015576283289057825,0.1150002818844978,0.056974827526320014,0.0023893154956054242,-0.0034078182156978797,0.0003017164238900723,1.0399162013118895e-05
0,5,426,72.25386047363281,1.1239072476414593,0.38162647061580324,0.27536784820570537,-0.23786372424480523,0.0015576287172208256,0.11495546717896447,0.05697143630648514,0.0023885920206996843,-0.003406463009029322,0.00030171697602574823,1.0396371348823463e-05
0,5,427,72.25370788574219,1.123921908499419,0.38167896483563885,0.27535580599449905,-0.23798334194197882,0.001557629105535869,0.11491106700945734,0.05696807102332205,0.0023878752799692997,-0.003405121171481587,0.00030171746320428587,1.039360654483375e-05
0,5,428,72.25354766845703,1.1239364446561042,0.3817309954475057,0.2753438929915675,-0.2381017930749639,0.0015576296232892599,0.11486711498700553,0.056964738160998674,0.0023871650489417596,-0.0034037931721466316,0.00030171798286139265,1.0390868725510875e-05
0,5,429,72.25341033935547,1.1239508531726676,0.3817825360181071,0.27533208335525566,-0.2382190776437605,0.001557630141042651,0.11482358870425628,0.056961444203682966,0.002386462225507111,-0.0034024790110244564,0.0003017184375613611,1.0388156766493719e-05
0,5,430,72.25325775146484,1.123965124373796,0.38183357620109887,0.27532035124390875,-0.23833521060431972,0.001557630658796042,0.11478048816120962,0.05695818266720698,0.0023857661362478183,-0.003401177280839186,0.0003017189247398987,1.0385470667782282e-05
0,5,431,72.25311279296875,1.1239792519880765,0.3818841336296842,0.2753087224991816,-0.23845019195664163,0.0015576314354261284,0.1147378133578655,0.056954940583234824,0.0023850765566913695,-0.003399888685228758,0.00030171941191843636,1.0382810429376565e-05
0,5,432,72.25297546386719,1.1239932521343887,0.3819342200094661,0.27529719712107426,-0.23856403665667728,0.0015576320826178672,0.11469557549790034,0.056951730920102396,0.0023843941602553005,-0.003398612755101214,0.0003017198666184048,1.0380177175637684e-05
0,5,433,72.25283813476562,1.1240071340688327,0.38198382687197724,0.2752857751095867,-0.23867675966037788,0.001557632729809606,0.11465371856293222,0.056948566646145574,0.002383718049049564,-0.0033973485522726357,0.00030172035379694243,1.0377569782204524e-05
0,5,434,72.25271606445312,1.1240208825514548,0.3820329633710855,0.27527445646471893,-0.23878836096774336,0.0015576333770013447,0.11461227616399028,0.05694542830886053,0.0023830486720191834,-0.0033960970149269415,0.00030172080849691086,1.0374986000354844e-05
0,5,435,72.25257110595703,1.124034521184557,0.3820816632416815,0.275263267028126,-0.2388988555347249,0.0015576341536314312,0.11457127070842728,0.05694232887658315,0.0023823855802191348,-0.003394857673972172,0.0003017212631968793,1.0372426954449768e-05
0,5,436,72.25244903564453,1.1240480473160357,0.3821299188261381,0.2752522067998077,-0.2390082433613225,0.00155763480082317,0.11453067978889048,0.056939268349313434,0.0023817296715394655,-0.003393630294862349,0.00030172171789684773,1.0369893768850408e-05
0,5,437,72.25232696533203,1.1240614515634628,0.38217773855087095,0.2752412757797642,-0.23911653940348726,0.0015576353185765609,0.11449050340537985,0.0569362337587155,0.002381080048090129,-0.003392414877597471,0.00030172220507538537,1.0367385319195651e-05
0,5,438,72.25220489501953,1.1240747451255764,0.38222513758370474,0.27523047396799544,-0.23922375861717038,0.0015576359657682997,0.11445076396524817,0.056933231588957287,0.00238043738328866,-0.003391211422177539,0.00030172272473249215,1.0364901605485494e-05
0,5,439,72.2520751953125,1.1240879253652207,0.38227210830942604,0.2752198013645014,-0.23932990100237178,0.0015576366129600385,0.11441143906114268,0.05693026184003879,0.0023798007792450115,-0.003390019224964615,0.0003017232119110298,1.0362440378997703e-05
0,5,440,72.25196075439453,1.124100989025885,0.38231865922568165,0.27520925796928214,-0.23943498151504264,0.001557637260151777,0.11437252869306337,0.05692731802779208,0.002379170684904207,-0.0033888389895966363,0.0003017236990895674,1.036000501281563e-05
0,5,441,72.25184631347656,1.1241139196936305,0.38236474221288136,0.2751987920990277,-0.23953900015518295,0.0015576377779051682,0.11433399924998108,0.05692440015221714,0.002378546875793735,-0.0033876695433437067,0.00030172415378953586,1.035759325821704e-05
0,5,442,72.25173950195312,1.12412671663587,0.3824103911224529,0.2751884295953931,-0.23964197187874384,0.0015576382956585591,0.1142958731392486,0.05692149524497809,0.002377929127441083,-0.003386511589843764,0.0003017246084895043,1.0355205115201933e-05
0,5,443,72.25162506103516,1.1241393833460167,0.382455598439495,0.2751781704583782,-0.23974389668572532,0.0015576386839736024,0.11425812795351317,0.05691860979024287,0.0023773172153737396,-0.003385365129096809,0.0003017250631894727,1.0352839459409188e-05
0,5,444,72.25151824951172,1.1241519351150693,0.3825003913370064,0.27516804052963817,-0.23984478953207855,0.0015576390722886455,0.11422076369277476,0.05691575027217943,0.0023767118130092403,-0.00338423039564882,0.0003017254529323028,1.0350499663922165e-05
0,5,445,72.25141143798828,1.1241643506091301,0.38254474308031317,0.2751580139675179,-0.2399446653737546,0.001557639331165341,0.11418372433865147,0.056912903722451884,0.0023761115735125137,-0.0033831066858618594,0.0003017259076322713,1.0348181231296388e-05
0,5,446,72.2513198852539,1.124176654644077,0.3825886729894225,0.27514809077201735,-0.24004352421075353,0.0015576394606036889,0.11414707711320159,0.056910089593564056,0.0023755173947736076,-0.003381994468827886,0.0003017263623322397,1.034588753461521e-05
0,5,447,72.25120544433594,1.1241888313106856,0.38263217028504465,0.2751382709431367,-0.2401413660430753,0.0015576395900420367,0.11411078840539597,0.05690729491718006,0.0023749292767925216,-0.003380894682730817,0.00030172671959650065,1.034361520079528e-05
0,5,448,72.25111389160156,1.1242008954695462,0.3826752250339829,0.2751285286392208,-0.24023820582667105,0.0015576397194803843,0.11407485821523464,0.05690453914580373,0.0023743474440417684,-0.0033798070930246733,0.00030172714181789993,1.0341367602919951e-05
0,5,449,72.25101470947266,1.1242128473405992,0.3827178559220983,0.27511886386026985,-0.24033405851749196,0.0015576397194803843,0.11403932015374671,0.05690181579526712,0.0023737714475763234,-0.0033787316997094543,0.00030172759651786836,1.0339142492266986e-05
0,5,450,72.25091552734375,1.1242247017340146,0.38276007078447677,0.27510930244793863,-0.24042892411553796,0.0015576398489187322,0.11400414060990305,0.05689913783390612,0.002373201287396187,-0.0033776670955092845,0.00030172798626069844,1.0336939868836386e-05
0,5,451,72.2508316040039,1.1242364403671388,0.3828018697519134,0.27509981856057225,-0.24052281757676022,0.0015576398489187322,0.11396935319473281,0.0568964858092169,0.0023726374124463825,-0.003376613045878184,0.0003017284409606669,1.033475973262815e-05
0,5,452,72.25074005126953,1.124248076306586,0.3828432734336113,0.2750904380398257,-0.2406157538571099,0.0015576399783570798,0.11393493550088321,0.0568938662053674,0.0023720793737818865,-0.0033755700199081125,0.00030172889566063536,1.0332600959281159e-05
0,5,453,72.25064849853516,1.1242596121763035,0.3828842717427921,0.27508116088569895,-0.2407077180006358,0.0015576399783570798,0.11390088752835427,0.056891285506525564,0.002371527171402699,-0.003374537079415152,0.00030172938283917294,1.0330466921878771e-05
0,5,454,72.25055694580078,1.1242710321923632,0.38292485426526385,0.27507196125653705,-0.24079873991924025,0.0015576401077954276,0.11386717566611682,0.056888730744355506,0.00237098080530882,-0.0033735153971291994,0.00030172983753914143,1.0328354247337629e-05
0,5,455,72.25048065185547,1.124282349645281,0.3829650422460848,0.2750628649939949,-0.24088881961292324,0.0015576403666721231,0.11383381111784725,0.05688620840302517,0.0023704400510277377,-0.0033725038003203575,0.00030173029223910986,1.0326262935657731e-05
0,5,456,72.25040435791016,1.1242935495988107,0.38300480984284063,0.27505384625641766,-0.24097795708168473,0.0015576406255488186,0.11380077147619282,0.056883711998366615,0.002369904908559452,-0.0033715036962645027,0.00030173071446050915,1.0324192986839081e-05
0,5,457,72.25032043457031,1.1243046569205248,0.3830441943857821,0.27504493088546017,-0.2410661672814759,0.001557640884425514,0.11376809035218263,0.05688125449871572,0.0023693753779039633,-0.0033705146158696767,0.0003017311691604776,1.0322145525242797e-05
0,5,458,72.25023651123047,1.1243156542399992,0.38308321656111405,0.27503614472277743,-0.24115346516824787,0.0015576411433022095,0.11373574533846396,0.05687880996740072,0.002368851234588759,-0.003369535855497941,0.00030173155890330766,1.0320118302146638e-05
0,5,459,72.25016021728516,1.1243265471844346,0.3831218572098433,0.2750274619267145,-0.24123985074200063,0.001557641402178905,0.11370373643503678,0.05687639137275749,0.002368332927558863,-0.003368566946057337,0.00030173194864613773,1.0318112441911727e-05
0,5,460,72.25009155273438,1.1243373373646577,0.38316010328665673,0.27501885665561643,-0.24132533895868533,0.0015576417904939483,0.11367205243822472,0.056874005198953984,0.00236781978339674,-0.0033676083566398234,0.0003017324033461062,1.031612906889918e-05
0,5,461,72.25001525878906,1.124348010095102,0.3831979475670436,0.2750103289094832,-0.24140992981830195,0.0015576420493706438,0.11364067094067501,0.056871638477654314,0.0023673113531573666,-0.003366659149061483,0.00030173285804607465,1.0314164810025643e-05
0,5,462,72.24994659423828,1.1243585737376847,0.38323541469949657,0.27500190452996975,-0.2414936233208505,0.0015576423082473393,0.11360961434974041,0.056869291208858475,0.002366808759203301,-0.0033657204960522123,0.00030173324778890473,1.0312221914013352e-05
0,5,463,72.2498779296875,1.1243690335364636,0.38327252016993674,0.2749935835170761,-0.2415764344222821,0.0015576425671240347,0.1135789050727737,0.056866963392566465,0.002366311103644497,-0.003364790990336135,0.00030173363753173486,1.031029813214007e-05
0,5,464,72.24980163574219,1.124379379373568,0.3833092344022405,0.2749853400291473,-0.24165837807854793,0.001557642955439078,0.11354847588771658,0.05686465502877829,0.0023658183864809536,-0.0033638711010052108,0.00030173402727456494,1.0308394588766918e-05
0,5,465,72.2497329711914,1.1243896254868597,0.3833455635017636,0.2749771740661834,-0.24173945428964796,0.0015576433437541214,0.1135183492019218,0.05686237908582984,0.0023653306077126715,-0.0033629591862375835,0.0003017344494959642,1.0306510159532775e-05
0,5,466,72.24967193603516,1.1243997638268806,0.3833815197122819,0.2749690856281843,-0.2418196780115333,0.0015576437320691647,0.11348853621906575,0.056860122595385226,0.002364848216284674,-0.0033620561842171706,0.00030173480676022515,1.0304644844437642e-05
0,5,467,72.2496109008789,1.124409801633574,0.3834171243685977,0.27496110055680495,-0.241899049244204,0.0015576442498225556,0.11345904814282483,0.056857885557444435,0.0023643705387794258,-0.0033611620949439724,0.0003017351965030552,1.0302799767842636e-05
0,5,468,72.24954223632812,1.124419736223544,0.3834523518147823,0.2749531930103905,-0.24197756798766,0.0015576447675759466,0.11342986256584625,0.056855674456175426,0.0023638980241419503,-0.003360278325693864,0.00030173555376731615,1.030097380538664e-05
0,5,469,72.24948120117188,1.1244295482698945,0.3834871990876955,0.274945337147286,-0.2420552491978525,0.0015576452853293375,0.11340100189548279,0.05685346983907436,0.002363430672372248,-0.0033594039382829296,0.0003017358460744387,1.0299166957069654e-05
0,5,470,72.24942779541016,1.12443926697065,0.38352168042060447,0.2749375588091463,-0.2421321078307326,0.0015576459325210763,0.1133724213170289,0.05685129764281302,0.0023629680345252945,-0.0033585386981651883,0.00030173617086013045,1.0297380347252798e-05
0,5,471,72.2493667602539,1.1244488772504226,0.38355580529695155,0.2749298579959714,-0.24220814388630033,0.0015576464502744672,0.11334415444151376,0.05684913841488757,0.0023625101106010903,-0.0033576842471624963,0.00030173643068868387,1.0295609478491595e-05
0,5,472,72.24930572509766,1.124458406514305,0.3835895826862955,0.2749222347077614,-0.24228337232050676,0.0015576469680278584,0.11331620126893735,0.05684701809196978,0.0023620571250721474,-0.003356839412544957,0.00030173672299580644,1.029385884823052e-05
0,5,473,72.24925231933594,1.1244678329102116,0.38362300220622486,0.2749146889445162,-0.24235779313335193,0.0015576473563429015,0.11328852818827052,0.056844917221555824,0.0023616090779384653,-0.00335600419431257,0.0003017369828243598,1.0292127332108456e-05
0,5,474,72.24919128417969,1.12447716640587,0.38365607529622864,0.27490724654789084,-0.24243140632483584,0.001557647615219597,0.11326111279216051,0.056842842287813646,0.0023611652957825084,-0.003355176716097501,0.0003017372426529132,1.0290413805764282e-05
0,5,475,72.2491455078125,1.1244864032838433,0.3836888090111017,0.2748998816762303,-0.24250422685090964,0.0015576478740962924,0.11323401109898923,0.0568407868065753,0.0023607269009668364,-0.0033543586197216048,0.0003017375024814666,1.0288719393559118e-05
0,5,476,72.24908447265625,1.124495545916575,0.38372119252488723,0.27489259432953467,-0.2425762696675244,0.001557648132972988,0.11320715588669839,0.05683875726200873,0.00236029277112889,-0.0033535492015469436,0.00030173779478858916,1.0287042971131846e-05
0,5,477,72.24903869628906,1.1245045948098933,0.3837532452592044,0.2748853845078038,-0.24264753477468023,0.0015576483918496836,0.11318061437734628,0.056836747169945995,0.0023598631307411807,-0.0033527484615735177,0.00030173808709571174,1.0285383414121348e-05
0,5,478,72.24899291992188,1.1245135536352195,0.3837849601863192,0.27487825221103784,-0.24271802217237703,0.0015576485212880312,0.11315436416358013,0.05683476301455504,0.0023594384287487324,-0.0033519559307093687,0.0003017384118814035,1.0283742971249859e-05
0,5,479,72.24893951416016,1.1245224216122547,0.38381635296441363,0.2748711974392367,-0.24278774681656598,0.0015576487801647267,0.11312842765275272,0.05683279831166791,0.0023590186651515454,-0.0033511718435004748,0.00030173873666709523,1.0282121642517381e-05
0,5,480,72.24889373779297,1.1245312107707517,0.38384742319165505,0.2748642201924004,-0.24285670870724707,0.0015576489096030745,0.11310280484486404,0.05683086602962051,0.0023586036154771076,-0.003350396669038796,0.000301739061452787,1.0280516054840557e-05
0,5,481,72.24885559082031,1.124539922139148,0.383878191817724,0.27485734631218395,-0.24292492280037142,0.00155764916847977,0.11307747333256132,0.05682895968424488,0.002358192830780395,-0.003349628765502476,0.00030173941871704794,1.0278927332580507e-05
0,5,482,72.2488021850586,1.1245485372936896,0.38390865847979155,0.27485057579858724,-0.24299238909593907,0.0015576492979181178,0.11305243311584458,0.0568270598230372,0.0023577869844789434,-0.003348870712897288,0.0003017396785456013,1.027735547573723e-05
0,5,483,72.2487564086914,1.1245570712685162,0.38393881373986666,0.2748438828099554,-0.24305912254990114,0.0015576494273564655,0.1130276841947138,0.056825185898501294,0.002357385403155217,-0.0033481204003094176,0.0003017400033312931,1.0275801608671844e-05
0,5,484,72.24871826171875,1.1245655144460074,0.38396864734507,0.2748372673462884,-0.2431251231622576,0.0015576495567948133,0.11300319295813983,0.056823331426469226,0.0023569880868092165,-0.0033473787659227825,0.0003017403281169848,1.0274265731384351e-05
0,5,485,72.2486801147461,1.124573865089371,0.383998172123724,0.27483072940758624,-0.24319039093300845,0.001557649686233161,0.11297900422082822,0.05682148992277304,0.002356595259913453,-0.003346645575191403,0.0003017406529026766,1.0272744470791394e-05
0,5,486,72.2486343383789,1.1245821303768038,0.3840273556296819,0.274824243152194,-0.2432549408181049,0.0015576498156715088,0.11295503955704428,0.05681968083991658,0.0023562066979954154,-0.0033459215317532174,0.00030174094520979915,1.0271241199976328e-05
0,5,487,72.24859619140625,1.1245902874384914,0.3840562201817846,0.2748178085801117,-0.243318787773498,0.0015576499451098564,0.11293134378149354,0.056817871757060115,0.002355822176582591,-0.0033452061665162672,0.00030174126999549087,1.0269754794578037e-05
0,5,488,72.2485580444336,1.1245983747366202,0.38408478924941136,0.2748114773746491,-0.24338193179918777,0.0015576499451098564,0.11290787207947045,0.05681609509504338,0.002355441920147492,-0.0033444987758426137,0.00030174156230261344,1.0268285254596518e-05
0,5,489,72.24851989746094,1.1246063681934206,0.38411306377190113,0.2748052236941514,-0.2434443728951742,0.0015576500745482042,0.11288469167303335,0.056814324917194584,0.0023550657042176065,-0.0033437993597322576,0.00030174188708830517,1.0266831455670654e-05
0,5,490,72.24848175048828,1.1246142846948917,0.3841410397220008,0.27479904753861856,-0.24350612601740848,0.001557650203986552,0.11286175774747666,0.05681258067601756,0.0023546937532654467,-0.0033431069800012813,0.0003017422443525661,1.0265393397800446e-05
0,5,491,72.24844360351562,1.12462211439684,0.38416874185442246,0.2747929747497055,-0.24356719116589057,0.0015576503334248997,0.11283909271015319,0.05681084291900849,0.002354325618345988,-0.003342422340287623,0.00030174253665968866,1.0263971080985893e-05
0,5,492,72.24840545654297,1.1246298712489498,0.38419615755525877,0.27478697948575725,-0.2436275832965716,0.0015576505923015952,0.11281668535738652,0.056809131098671195,0.0023539619728767673,-0.003341744502407365,0.00030174286144538044,1.0262564505226995e-05
0,5,493,72.24837493896484,1.1246375481317856,0.3842233017061143,0.27478108758842884,-0.24368730240945158,0.0015576508511782907,0.11279452448550029,0.05680743224666978,0.002353601918967736,-0.0033410734663605075,0.00030174321870964137,1.0261172546162634e-05
0,5,494,72.24833679199219,1.1246451521434513,0.3842501773015984,0.27477529905772025,-0.24374634850453053,0.0015576511100549861,0.11277262129817088,0.05680575284717221,0.0023532461300364307,-0.0033404099357849885,0.00030174351101676394,1.0259797452515046e-05
0,5,495,72.24830627441406,1.1246526715351712,0.3842767500029432,0.2747695622103215,-0.24380473653775953,0.001557651239493334,0.11275095338804551,0.05680409290017847,0.0023528943816103383,-0.003339754614318746,0.0003017438033238865,1.0258436975561994e-05
0,5,496,72.2482681274414,1.1246601208354987,0.3843030445674563,0.27476390288788766,-0.24386246650913862,0.0015576514983700294,0.11272954316247696,0.0568024588898565,0.0023525466736894598,-0.003339106094685904,0.00030174412810957823,1.02570922396646e-05
0,5,497,72.24822998046875,1.1246675079268826,0.38432904844937593,0.27475829524876366,-0.24391955337461893,0.001557651757246725,0.11270837941778886,0.0568008637845422,0.0023522030062737946,-0.00333846531507038,0.00030174445289527,1.0255760996100622e-05
0,5,498,72.24820709228516,1.12467479726116,0.3843547646567193,0.2747527392929496,-0.24397599713420046,0.0015576520161234204,0.11268747335765757,0.0567992686792279,0.0023518633793633433,-0.0033378315718342356,0.0003017447127238234,1.0254444369231182e-05
0,5,499,72.24817657470703,1.1246820117565826,0.38438017116941053,0.2747472091787905,-0.24403179778788323,0.0015576524044384637,0.11266681377840669,0.056797705994753325,0.0023515275684855936,-0.0033372055686154093,0.0003017450699880843,1.0253144607778515e-05
0,5,500,72.2481460571289,1.1246891430672892,0.3844052792727732,0.2747417307479412,-0.24408697029161833,0.001557652792753507,0.11264634466165435,0.05679616276278258,0.002351195349168034,-0.003336586836321942,0.0003017453298166377,1.0251857214298148e-05
0,5,501,72.24812316894531,1.124696218441561,0.3844301330891549,0.2747363298420568,-0.2441415296013569,0.0015576531810685501,0.11262612202578244,0.05679465195165155,0.0023508669458831757,-0.003335973967677958,0.0003017456221237603,1.0250585561873438e-05
0,5,502,72.24809265136719,1.1247032182782186,0.3844547109765935,0.27473098061948237,-0.24419546076114784,0.0015576536988219413,0.11260616827814372,0.05679316059302436,0.0023505428075760427,-0.003335368369959333,0.000301745946909452,1.0249327401782144e-05
0,5,503,72.2480697631836,1.124710122737154,0.38447899058515056,0.2747256572385628,-0.24424877872694226,0.0015576542165753322,0.11258643860403268,0.05679167571856512,0.002350222036356588,-0.003334769808620088,0.00030174617425943623,1.0248082734024271e-05
0,5,504,72.24803924560547,1.1247169573141247,0.38450299308000374,0.2747203855409532,-0.24430149845469132,0.0015576547343287232,0.11256691059609653,0.05679021678077765,0.002349904856697323,-0.0033341773454763053,0.000301746499045128,1.0246853807322052e-05
0,5,505,72.24801635742188,1.1247237095125973,0.38452669977814413,0.2747151396849985,-0.24435361994439497,0.001557655252082114,0.11254758425433528,0.05678877729549401,0.002349591268598248,-0.0033335916841659235,0.0003017467263951122,1.0245637248592134e-05
0,5,506,72.24798583984375,1.1247303857672475,0.3845501473757014,0.27470997135400865,-0.24440514319605325,0.0015576558992738529,0.11252845957874894,0.05678735077854626,0.002349280823114339,-0.0033330125901429625,0.0003017469862236656,1.0244433057834517e-05
0,5,507,72.24795532226562,1.1247369912650202,0.3845733332618452,0.2747048547063287,-0.2444560831656173,0.0015576565464655917,0.11250955897669025,0.05678594371410235,0.0023489741936631317,-0.00333244100159134,0.0003017472135736498,1.0243243483771436e-05
0,5,508,72.24794006347656,1.1247435177943892,0.3845962691063389,0.2746998155836136,-0.2445064398530871,0.001557657323095678,0.11249086004080648,0.05678454313382638,0.0023486707068270905,-0.0033318757457811597,0.000301747440923634,1.0242067402041774e-05
0,5,509,72.24790954589844,1.1247499846671944,0.38461895796990325,0.27469485398586335,-0.24455621325846263,0.0015576580997257647,0.11247237397477398,0.056783168490222184,0.0023483705870787274,-0.0033313168227124207,0.0003017476357950491,1.0240903688284411e-05
0,5,510,72.24789428710938,1.1247563900788824,0.38464141242539635,0.274689969913078,-0.24460541833769509,0.0015576587469175035,0.11245411198226915,0.056781813299121825,0.0023480742833630656,-0.003330764232385124,0.00030174792810217166,1.0239753466860469e-05
0,5,511,72.24786376953125,1.1247627107451637,0.3846635822474195,0.27468511168194754,-0.24465405509078442,0.001557659394109242,0.11243602924858645,0.05678047107635736,0.0023477808977900583,-0.00333021774025329,0.0003017481879307251,1.0238617862131063e-05
0,5,512,72.24784851074219,1.1247689468021616,0.38468548569196875,0.274680305134127,-0.24470212351773063,0.0015576600413009809,0.1124181257737259,0.05677913533776083,0.002347490879304729,-0.00332967664267898,0.00030174848023784766,1.0237493501012838e-05
0,5,513,72.24783325195312,1.1247751099740935,0.3847071570788004,0.27467557611127125,-0.2447496385744849,0.0015576606884927196,0.11240042396504023,0.056777806083332244,0.0023472035544895424,-0.003329141643300133,0.0003017488050235394,1.0236383756589152e-05
0,5,514,72.24779510498047,1.1247811690675598,0.38472854086293723,0.27467084708841555,-0.24479660026104716,0.0015576612062461106,0.11238292382252947,0.056776470344735715,0.002346919821234545,-0.0033286120384788103,0.0003017490323735236,1.0235286380137765e-05
0,5,515,72.2477798461914,1.1247871617904461,0.3847496582808576,0.27466614390721483,-0.2448430235333686,0.0015576617239995015,0.11236560293884083,0.05677516054281097,0.0023466385571771784,-0.003328088297306971,0.000301749292202077,1.0234200247297562e-05
0,5,516,72.24775695800781,1.124793065940014,0.38477051570387605,0.274661466567669,-0.24488890839144917,0.0015576622417528927,0.11234848372132711,0.056773850740886214,0.0023463608846800016,-0.0033275701852386354,0.00030174961698776874,1.0233126482429658e-05
0,5,517,72.24773406982422,1.1247989134612735,0.38479115312031525,0.27465686675308804,-0.2449342548352889,0.0015576626300679358,0.11233157737366466,0.0567725603914653,0.002346086354797991,-0.003327058640457721,0.00030174987681632216,1.0232066209895173e-05
0,5,518,72.24771881103516,1.1248046953483777,0.3848115798589915,0.2746523444634719,-0.24497907782083894,0.001557663018382979,0.11231488389585349,0.056771276526212326,0.0023458151920036584,-0.0033265527247803104,0.0003017502016020139,1.023101718097187e-05
0,5,519,72.2477035522461,1.1248104187390222,0.3848317990133707,0.2746478996988207,-0.24502337734809929,0.00155766353613637,0.11229841449156999,0.05677000562929524,0.002345547396297004,-0.0033260529072983622,0.0003017504289519981,1.0229981644381985e-05
0,5,520,72.24768829345703,1.1248160883174811,0.38485178868843817,0.2746435066174793,-0.24506715341706992,0.0015576640538897612,0.11228215795713778,0.056768760669049935,0.002345282743205515,-0.003325558718919918,0.0003017507537376899,1.0228957351403284e-05
0,5,521,72.24767303466797,1.1248216867646372,0.3848715517193903,0.27463916521944787,-0.24511042098370195,0.0015576647010814998,0.11226609188520409,0.056767522192972576,0.0023450212327291928,-0.003325072270558792,0.00030175101356624324,1.0227945426396883e-05
0,5,522,72.2476577758789,1.124827226198048,0.38489108793254234,0.27463487550472626,-0.24515318004799544,0.001557665218834891,0.11225021627576891,0.05676630316939904,0.0023447626403955246,-0.003324592389485087,0.00030175124091622746,1.0226944745001663e-05
0,5,523,72.24763488769531,1.1248326991256088,0.38491037546571416,0.2746306116316597,-0.24519543060995036,0.001557665607149934,0.11223451992515586,0.05676510359832935,0.002344507415149534,-0.003324119075698803,0.0003017514357876425,1.0225957555939862e-05
0,5,524,72.24761199951172,1.1248381026469954,0.3849294236796008,0.274626373600248,-0.24523718762551783,0.0015576658660266295,0.11221900283336494,0.05676391699559554,0.0023442551080461982,-0.003323650921924064,0.00030175169561619594,1.0224979361767006e-05
0,5,525,72.24760437011719,1.124843449102503,0.38494825087807627,0.2746221872521462,-0.24527845109469784,0.0015576662543416728,0.11220366500039616,0.056762749845365564,0.0023440057190855165,-0.003323189804528705,0.0003017518580090418,1.0224013535566454e-05
0,5,526,72.24758911132812,1.1248487342633995,0.3849668447228783,0.2746180267456994,-0.24531923597344157,0.0015576665132183683,0.11218849522257313,0.05676160214763942,0.002343759248267489,-0.003322733378052933,0.0003017519879233185,1.0223057828615962e-05
0,5,527,72.24757385253906,1.1248539644707776,0.3849852237791409,0.27461391792256246,-0.24535952730579788,0.0015576667720950638,0.112173527110925,0.05676047390241711,0.0023435159200646274,-0.0033222825806806648,0.0003017521503161644,1.0222114489637773e-05
0,5,528,72.24756622314453,1.1248591285039342,0.38500339088773905,0.27460986078273547,-0.24539934004771785,0.0015576670309717592,0.11215873825809901,0.05675935214136275,0.002343275285531908,-0.003321836005136024,0.00030175231270901024,1.0221182394270766e-05
0,5,529,72.24754333496094,1.1248642456141005,0.38502134892276935,0.27460585532621834,-0.24543868915515268,0.001557667160410107,0.11214410625674237,0.05675825631698016,0.0023430375691418435,-0.003321394355056949,0.0003017525075804253,1.0220260418153822e-05
0,5,530,72.2475357055664,1.1248692930856068,0.3850390849500031,0.2746019015530111,-0.24547755967215118,0.0015576674192868025,0.11212961990317873,0.056757166976765513,0.002342802770894433,-0.003320957161351482,0.000301752637494702,1.0219350810009178e-05
0,5,531,72.24752044677734,1.1248742918132029,0.3850566244409956,0.27459799946311375,-0.24551598151061568,0.001557667678163498,0.11211530160476083,0.056756097089054706,0.002342570441844653,-0.0033205255967495187,0.000301752832366117,1.02184513211146e-05
0,5,532,72.24750518798828,1.1248792283110196,0.3850739458203497,0.2745941232148714,-0.245553939714595,0.0015576679370401935,0.11210117376884145,0.056755040169679784,0.002342341255410039,-0.003320098488521162,0.0003017529947589629,1.0217561951470084e-05
0,5,533,72.24749755859375,1.1248841120978987,0.38509107692056277,0.2745902986499389,-0.24559144924004025,0.0015576681959168892,0.11208723639542058,0.056753996218640745,0.0023421147626455675,-0.003319675836666413,0.00030175318963037795,1.0216683825436751e-05
0,5,534,72.24747467041016,1.1248889337657533,0.3851080080772283,0.2745865257683163,-0.24562849513100038,0.0015576684547935846,0.11207348948449823,0.05675295875176966,0.002341891412496262,-0.003319257641185271,0.000301753384501793,1.0215816943014601e-05
0,5,535,72.24746704101562,1.124893728236164,0.38512477014713914,0.2745828304116586,-0.24566510729937757,0.00155766871367028,0.11205991062872164,0.05675195370573829,0.002341670756017099,-0.0033188443711696953,0.00030175361185177723,1.0214960179842515e-05
0,5,536,72.24745178222656,1.1248984554305803,0.3851413350488218,0.2745791867383108,-0.24570127078922074,0.0015576689725469756,0.11204649982809078,0.056750948659706923,0.0023414525687355664,-0.003318436730257623,0.0003017538067231923,1.021411466028161e-05
0,5,537,72.24744415283203,1.1249031213104188,0.38515770242583863,0.2745755947482728,-0.24573700055648104,0.001557669231423671,0.11203322347157654,0.0567499500978435,0.002341236850651664,-0.0033180344839030757,0.00030175406655174567,1.0213278135609652e-05
0,5,538,72.24742889404297,1.1249077236019547,0.38517386565453743,0.27457205444154476,-0.2457722966011584,0.001557669360862019,0.11202005915182613,0.056748958020148024,0.0023410236017653925,-0.0033176381011980113,0.0003017542939017299,1.0212453978909993e-05
0,5,539,72.24742126464844,1.1249122821695356,0.3851898471924864,0.27456856581812666,-0.245807173879204,0.001557669360862019,0.11200705168354508,0.056747985394956374,0.00234081259760424,-0.0033172464094125336,0.0003017545212517141,1.021163881709928e-05
0,5,540,72.2474136352539,1.1249167703694725,0.3852056404185749,0.27456512887801837,-0.24584163239061785,0.0015576694903003665,0.11199417865938063,0.056747006285596785,0.0023406038381682055,-0.003316859643092622,0.00030175474860169837,1.0210833774538632e-05
0,5,541,72.24739837646484,1.1249212219604923,0.3852212549918833,0.27456174362122004,-0.24587567213539993,0.0015576696197387144,0.11198147369036193,0.05674605311290897,0.0023403977724023137,-0.003316476629508379,0.00030175500843025174,1.0210037726866931e-05
0,5,542,72.24739074707031,1.1249256114212725,0.3852366875493564,0.2745584100477316,-0.24590929311355025,0.0015576696197387144,0.1119689255728126,0.05674509994022116,0.002340194175834052,-0.003316097603205785,0.0003017552033016668,1.0209250674084173e-05
0,5,543,72.24738311767578,1.1249299500857735,0.38525193563985793,0.2745551023158981,-0.24594251028101993,0.0015576696197387144,0.1119565567140854,0.056744159735869236,0.0023399937218809568,-0.0033157232678227774,0.000301755430651651,1.02084748649126e-05
0,5,544,72.24737548828125,1.1249342478647884,0.3852669926513574,0.2745518204257196,-0.24597532363780897,0.0015576696197387144,0.11194434470682757,0.05674324546818909,0.0023397952881804686,-0.0033153543269972947,0.00030175565800163523,1.020770805062997e-05
0,5,545,72.24736022949219,1.124938471816188,0.38528183355979767,0.274548538535541,-0.2460077331839174,0.0015576696197387144,0.11193226714368634,0.05674233120050894,0.0023395993236776107,-0.0033149900770913982,0.0003017558528730503,1.0206950231236287e-05
0,5,546,72.24735260009766,1.1249426487147351,0.3852964832034657,0.27454528248701743,-0.2460397389193452,0.0015576694903003665,0.11192034643201448,0.056741436385332626,0.0023394060528448947,-0.003314630987197047,0.00030175601526589616,1.020620140673155e-05
0,5,547,72.24735260009766,1.1249467691740953,0.3853109142048093,0.27454200059683886,-0.24607135580004347,0.001557669360862019,0.11190858257181198,0.056740561022660146,0.00233921525120981,-0.0033142761191303238,0.000301756177658742,1.0205463825837995e-05
0,5,548,72.24732971191406,1.124950832474234,0.3853251600497558,0.2745387445483153,-0.24610258382601227,0.001557669231423671,0.11189696435940247,0.056739692144155605,0.0023390266942998434,-0.0033139257074372075,0.0003017563725301571,1.020473299111115e-05
0,5,549,72.24732208251953,1.1249548394082745,0.38533920528439497,0.27453548849979165,-0.24613343795320272,0.0015576689725469756,0.11188546938743317,0.056738836233986956,0.0023388403821149955,-0.0033135795175717195,0.00030175653492300295,1.0204012275634369e-05
0,5,550,72.24732208251953,1.1249588067027172,0.38535309876475315,0.2745323099762329,-0.24616390322566364,0.00155766871367028,0.11187410885958048,0.0567379932921542,0.0023386563146552664,-0.0033132382531717974,0.0003017566973158488,1.0203299430685415e-05
0,5,551,72.24729919433594,1.1249627263095103,0.3853668347928537,0.27452918313598407,-0.2461939945993462,0.0015576684547935846,0.11186289397952076,0.056737156834489384,0.0023384744919206562,-0.0033129012105995027,0.0003017568921872639,1.0202595580625406e-05
0,5,552,72.2472915649414,1.1249665981970787,0.38538041329194817,0.2745261079790451,-0.24622371207425042,0.0015576681959168892,0.11185182474725403,0.05673632686099251,0.002338294913911164,-0.0033125693280387537,0.0003017570221015406,1.0201900725454344e-05
0,5,553,72.24728393554688,1.1249704303614783,0.38539382205920747,0.2745230586637611,-0.24625307060632742,0.0015576679370401935,0.11184088995910389,0.05673551633999947,0.002338117805099303,-0.003312240494575736,0.00030175715201581724,1.020121374081111e-05
0,5,554,72.24727630615234,1.1249741978852086,0.3854070417151416,0.274520035190132,-0.24628205523962604,0.001557667678163498,0.11183005600404121,0.056734705819006435,0.0023379422675950247,-0.003311916117486325,0.0003017572494515248,1.020053575105682e-05
0,5,555,72.24726867675781,1.1249779014730472,0.3854201098968566,0.2745170633998129,-0.24631068093009745,0.0015576675487251504,0.11181935649309513,0.05673388232967751,0.0023377689748158652,-0.0033115952585866045,0.0003017573468872323,1.0199865631830359e-05
0,5,556,72.24726104736328,1.1249815709643527,0.3854330425828052,0.2745141432928036,-0.24633896263369273,0.001557667160410107,0.11180881383361842,0.05673307180868447,0.002337597702289312,-0.0033112776833305944,0.00030175750928007817,1.0199204507492843e-05
0,5,557,72.24725341796875,1.124985189756234,0.3854458268937188,0.27451127486910426,-0.2463668853944608,0.0015576667720950638,0.11179841682193468,0.05673226128769143,0.002337428450015366,-0.003310964095356233,0.00030175760671578573,1.0198551253683156e-05
0,5,558,72.24725341796875,1.1249887712607158,0.3854584842106128,0.27450848397036975,-0.2463944641683528,0.0015576663837800207,0.11178814305069117,0.056731457250866334,0.0023372612179940267,-0.0033106535564796026,0.0003017577366300624,1.0197903621679058e-05
0,5,559,72.24723815917969,1.124992323552263,0.3854710025650055,0.27450574475494516,-0.2464216989553687,0.0015576661249033252,0.11177801492724064,0.05673067266654508,0.0023370962306978062,-0.003310347004884621,0.0003017578665443391,1.0197266108925025e-05
0,5,560,72.24723815917969,1.124995833305991,0.3854833786264138,0.2745030572228304,-0.24644858975550848,0.0015576658660266295,0.1117680212479067,0.056729894566391756,0.0023369334881267042,-0.003310043267841391,0.00030175796398004666,1.019663646669882e-05
0,5,561,72.24723052978516,1.1249993054715488,0.38549560908372277,0.2745004213740256,-0.24647513656877218,0.0015576657365882819,0.111758150809013,0.05672912943457433,0.002336772765808209,-0.0033097432835338305,0.0003017580938943233,1.0196012446278205e-05
0,5,562,72.24722290039062,1.1250027599328087,0.3855077164215588,0.27449783720853066,-0.24650135435111092,0.001557665607149934,0.11174844842526503,0.05672839023942868,0.0023366145126873443,-0.0033094465828699808,0.00030175819133003087,1.0195398545107655e-05
0,5,563,72.24722290039062,1.1250061872308463,0.3855196908281888,0.27449530472634565,-0.24652724310252472,0.001557665607149934,0.11173888048563366,0.05672767049678686,0.0023364582798190863,-0.0033091534003958207,0.00030175832124430753,1.0194790265742696e-05
0,5,564,72.24720764160156,1.1250095677419634,0.38553151059768465,0.2744927980858156,-0.24655280282301353,0.0015576657365882819,0.11172943578644251,0.05672695723831299,0.002336304516148459,-0.0033088639706573297,0.0003017585485942918,1.0194192105627802e-05
0,5,565,72.24720764160156,1.1250129135631943,0.3855431754913542,0.27449031728694046,-0.24657804846852854,0.0015576658660266295,0.11172008071666244,0.056726263432342945,0.002336152323785415,-0.0033085785282004876,0.00030175871098713766,1.0193600691679615e-05
0,5,566,72.24720001220703,1.1250162208655354,0.38555469212150606,0.2744878623297203,-0.2466029650831186,0.0015576659954649773,0.11171087129467533,0.05672558259470879,0.0023360023761474892,-0.0033082968384793147,0.00030175884090141437,1.0193017148259257e-05
0,5,567,72.24720001220703,1.1250194773817013,0.38556606025519324,0.2744854332141551,-0.24662756762273483,0.0015576662543416728,0.11170177390945207,0.05672490175707464,0.0023358542242896585,-0.0033080191360397903,0.00030175897081569103,1.0192441475366726e-05
0,5,568,72.2471923828125,1.1250226891805957,0.385577279834988,0.2744830299402448,-0.24665185608737722,0.0015576665132183683,0.11169278856099263,0.05672422740360843,0.0023357078682119223,-0.0033077451863359354,0.00030175910072996774,1.0191871424279788e-05
0,5,569,72.24718475341797,1.12502586671864,0.3855883636111557,0.2744806525079895,-0.24667584543299692,0.0015576667720950638,0.11168392645297343,0.05672356601847812,0.0023355633079142814,-0.003307474051183832,0.0003017592631228136,1.0191310368081793e-05
0,5,570,72.24718475341797,1.1250289954133132,0.3855992868181566,0.27447827507573413,-0.24669952070364282,0.0015576670309717592,0.1116751987890708,0.05672291111751574,0.0023354205433967355,-0.003307206434221419,0.00030175945799422866,1.0190754933689391e-05
0,5,571,72.24717712402344,1.1250320812823067,0.3856100492499791,0.2744758976434788,-0.246722896855266,0.001557667160410107,0.11166657195825563,0.056722269184889255,0.0023352797991317963,-0.003306943508178592,0.0003017596203870745,1.0190207369824816e-05
0,5,572,72.24717712402344,1.1250351267376144,0.38562067573706577,0.27447354605287844,-0.2467459738878665,0.0015576674192868025,0.1116580683678807,0.05672163373643071,0.002335140850646952,-0.0033066850385093725,0.0003017598152584896,1.0189665427765832e-05
0,5,573,72.24716186523438,1.125038139802288,0.38563115415362326,0.2744711944622781,-0.24676876675739545,0.001557667678163498,0.11164967681426957,0.056721017740476005,0.0023350039224147145,-0.0033064298524838635,0.00030176001012990466,1.0189132480595794e-05
0,5,574,72.24716186523438,1.1250411018731192,0.385641483548689,0.27446886871333265,-0.2467912605079017,0.0015576680664785413,0.11164136368639314,0.056720401744521295,0.0023348683410175483,-0.003306178888285983,0.0003017601725227505,1.0188605155231347e-05
0,5,575,72.24716186523438,1.1250440243120325,0.38565166153810204,0.2744665429643872,-0.2468134700953364,0.0015576684547935846,0.11163315139160417,0.05671979871690247,0.002334734330927965,-0.003305931442277792,0.000301760269958458,1.0188084576033608e-05
0,5,576,72.24715423583984,1.1250469001201056,0.3856617032431114,0.2744642430570967,-0.24683539551969955,0.00155766871367028,0.11162502872622625,0.05671919568928365,0.002334602341090988,-0.0033056891562811457,0.0003017603349155964,1.0187569618641462e-05
0,5,577,72.24715423583984,1.1250497353570958,0.38567160859028,0.2744619689914612,-0.24685703678099116,0.0015576689725469756,0.1116169956902594,0.05671859914583278,0.002334471473616571,-0.0033054492157442933,0.0003017604648298731,1.0187061407416025e-05
0,5,578,72.24714660644531,1.1250525383242758,0.3856813840325044,0.2744597207674806,-0.2468783938792112,0.0015576691019853232,0.11160907469105638,0.05671801557071779,0.002334342401922249,-0.003305212558851151,0.00030176052978701145,1.0186561066718415e-05
0,5,579,72.24714660644531,1.1250553052940038,0.3856910542362251,0.2744575242268099,-0.24689948177031082,0.0015576691019853232,0.11160125452494082,0.0567174319956028,0.0023342151260080215,-0.0033049780128718235,0.00030176062722271895,1.0186065223465279e-05
0,5,580,72.24714660644531,1.1250580425520196,0.38570063754977346,0.2744554052111041,-0.24692030045429,0.0015576691019853232,0.1115935351919127,0.05671684842048781,0.0023340891969288657,-0.003304746281444247,0.00030176072465842646,1.018557725073997e-05
0,5,581,72.24713897705078,1.125060742664779,0.3857101122964192,0.2744533378787082,-0.2469408499311488,0.0015576691019853232,0.11158590548829565,0.05671626484537282,0.0023339650636298045,-0.0033045166609304852,0.0003017607896155648,1.018509602418137e-05
0,5,582,72.24713134765625,1.1250634083695186,0.3857194687095161,0.2744513222296221,-0.24696113020088714,0.001557669231423671,0.11157833180306052,0.05671568775442578,0.002333842277165814,-0.003304289151330537,0.00030176085457270317,1.0184620419428361e-05
0,5,583,72.24713134765625,1.125066032816345,0.3857287045750908,0.27444933242219105,-0.24698114126350507,0.001557669360862019,0.11157087015458922,0.056715110663478736,0.002333721062009407,-0.0033040644562823407,0.0003017609520084107,1.0184151560842062e-05
0,5,584,72.24713134765625,1.1250686294417724,0.3857378413276518,0.27444739429806986,-0.24700089807495373,0.0015576694903003665,0.11156349813552899,0.05671454005669964,0.0023336011936880715,-0.0033038418721479585,0.0003017609844869799,1.0183688324061354e-05
0,5,585,72.24712371826172,1.125071193249159,0.38574688216938136,0.2744455078572586,-0.2470204006352331,0.001557669749177062,0.1115562269495562,0.05671396944992054,0.002333482672201807,-0.00330362139892739,0.00030176104944411823,1.0183230709086237e-05
0,5,586,72.24711608886719,1.1250737355104512,0.3857558422192007,0.27444369894141213,-0.24703964894434316,0.0015576701374921053,0.1115490453929945,0.05671340532730938,0.002333366170968149,-0.003303403974804553,0.0003017611144012566,1.0182779840277828e-05
0,5,587,72.24711608886719,1.1250762532386247,0.3857647127645486,0.2744419417088756,-0.24705864300228395,0.0015576705258071486,0.11154198707687299,0.056712847688866176,0.0023332510165695623,-0.0033031891306874884,0.0003017611144012566,1.0182334593275012e-05
0,5,588,72.24711608886719,1.1250787453084656,0.3857734905295463,0.2744402361596489,-0.24707738280905545,0.0015576709141221917,0.11153504079751533,0.05671229653459091,0.0023331378824235824,-0.0033029766320302172,0.0003017612118369641,1.0181894968077788e-05
0,5,589,72.24711608886719,1.1250811985124665,0.38578215476321087,0.2744385306104223,-0.2470958833206088,0.001557671302437235,0.11152822896227427,0.05671174538031564,0.002333026095112674,-0.0033027664788327395,0.00030176124431553324,1.0181460964686152e-05
0,5,590,72.24710845947266,1.1250836279891938,0.38579071409984,0.2744368509028506,-0.24711414453694402,0.0015576716907522783,0.11152151796012065,0.056711207194376265,0.0023329158791093483,-0.0033025586710950547,0.0003017613417512408,1.0181033707461228e-05
0,5,591,72.24710845947266,1.1250860152443465,0.38579915013255334,0.2744351711952789,-0.24713216645806105,0.0015576720790673214,0.11151490779105448,0.05671066900843689,0.002332807234413606,-0.003302354147001081,0.0003017614391869483,1.0180612072041894e-05
0,5,592,72.24710083007812,1.1250883835109022,0.3858074595872152,0.2744334914877072,-0.24714994908395996,0.0015576725968207126,0.11150838725139939,0.05671015675916929,0.0023326999365529343,-0.0033021524374588587,0.000301761569101225,1.0180194934067032e-05
0,5,593,72.24710083007812,1.1250907197047952,0.3858156575890827,0.2744318376217904,-0.2471674924146407,0.0015576731145741035,0.11150194513747896,0.05670965099406963,0.002332594209999846,-0.0033019547151982853,0.00030176169901550173,1.0179783417897762e-05
0,5,594,72.24710083007812,1.1250930342934833,0.38582375691574683,0.2744302095975286,-0.24718481140605444,0.0015576737617658423,0.11149559265296961,0.05670915819730586,0.002332490054754341,-0.0033017595729434844,0.0003017618289297784,1.0179377523534083e-05
0,5,595,72.2470932006836,1.1250953165679618,0.38583172633915847,0.2744285815732668,-0.24720189110225002,0.001557674408957581,0.11148931859419495,0.05670867836887799,0.0023323872463439066,-0.003301567245240435,0.00030176192636548595,1.0178977250975995e-05
0,5,596,72.24708557128906,1.1250975810873636,0.3858395905625265,0.27442697939065996,-0.24721874645917857,0.0015576750561493197,0.11148311175747859,0.05670821799295394,0.0023322860092410557,-0.003301378201181097,0.00030176205627976266,1.01785826002235e-05
0,5,597,72.2470932006836,1.12509981677164,0.3858473527994739,0.2744254030497081,-0.2472353774768401,0.0015576757033410585,0.1114769833464969,0.056707764101197836,0.002332185894500764,-0.003301193144403407,0.00030176215371547016,1.0178192446915476e-05
0,5,598,72.24708557128906,1.125102033779202,0.385855024918635,0.27442387839206606,-0.24725178415523463,0.0015576763505327973,0.11147091095389713,0.05670732317777762,0.0023320869021230314,-0.0033010109021774695,0.000301762316108316,1.0177807915413043e-05
0,5,599,72.24708557128906,1.1251042279736088,0.3858625948640088,0.274422379576079,-0.24726798145031328,0.001557676997724536,0.11146488337600291,0.0567068952226933,0.0023319892565803703,-0.0033008314745032836,0.00030176241354402353,1.0177429005716201e-05
0,5,600,72.24708557128906,1.1251063910767842,0.3858700562612526,0.2744209066017469,-0.2472839544061249,0.0015576776449162746,0.11145891181649059,0.05670647375177692,0.0023318927334002684,-0.00330065462683487,0.00030176254345830024,1.017705571782495e-05
0,5,601,72.24708557128906,1.1251085128581526,0.3858773970432911,0.27441943362741483,-0.24729971797862066,0.0015576782921080134,0.11145298507168382,0.05670605228086054,0.002331797332582726,-0.003300478717350374,0.0003017626408940078,1.0176685803017056e-05
0,5,602,72.24708557128906,1.1251106054882878,0.3858846171953747,0.2744179606530827,-0.2473152721678005,0.0015576790687381,0.11144710314158256,0.05670564377828005,0.0023317030541277427,-0.0033003044496877332,0.00030176280328685366,1.017632263437587e-05
0,5,603,72.2470703125,1.1251126560264084,0.38589171449908233,0.27441646183709567,-0.24733061697366449,0.0015576798453681864,0.11144132204456876,0.05670523527569956,0.0023316101225078307,-0.003300131823846948,0.00030176293320113037,1.0175963963179156e-05
0,5,604,72.24707794189453,1.125114672417011,0.3858986943676886,0.2744149630211086,-0.2473457523962126,0.0015576806219982729,0.11143559696593688,0.056704833257287014,0.002331518313250478,-0.003299961074373997,0.0003017630306368379,1.0175608665065798e-05
0,5,605,72.2470703125,1.1251166466558302,0.3859055512256758,0.2744134383634666,-0.24736069339139594,0.0015576813986283595,0.1114299391093633,0.05670443123887446,0.002331427177410661,-0.0032997924358148605,0.0003017631605511146,1.017525898875803e-05
0,5,606,72.2470703125,1.1251185806380455,0.38591229061049204,0.2744119137058246,-0.2473754250032634,0.0015576823046967937,0.11142433727117164,0.056704029220461916,0.002331337163933403,-0.0032996259081695374,0.00030176322550825294,1.0174912685533616e-05
0,5,607,72.2470703125,1.125120485056189,0.3859189436948535,0.27441041488983753,-0.2473899621877661,0.001557683210765228,0.11141880265503827,0.05670362720204937,0.002331248272818705,-0.00329946102234607,0.0003017633554225296,1.0174570879753676e-05
0,5,608,72.2470703125,1.125122369323563,0.38592552017189996,0.2744089419155054,-0.24740430494490406,0.0015576841168336623,0.11141336887199235,0.05670323166780477,0.0023311609530115894,-0.003299298716528375,0.00030176342037966796,1.017423357141821e-05
0,5,609,72.2470703125,1.1251242177099046,0.38593199193397554,0.27440746894117335,-0.2474184532746773,0.0015576848934637487,0.11140800231100474,0.05670283613356016,0.0023310747555670332,-0.0032991382870785147,0.0003017634853368063,1.0173900760527215e-05
0,5,610,72.2470703125,1.1251260409468715,0.3859383902718336,0.27440602180849616,-0.24743240717708576,0.0015576855406554875,0.11140274778678096,0.05670244059931556,0.0023309896804850363,-0.0032989797339964886,0.000301763615251083,1.0173573571441813e-05
0,5,611,72.24706268310547,1.1251278448672866,0.3859446966861284,0.274404574675819,-0.24744618160808063,0.0015576860584088784,0.11139757168829185,0.056702058033406846,0.002330906176710623,-0.0032988237609202354,0.00030176374516535973,1.0173250879800882e-05
0,5,612,72.24706268310547,1.1251296038153566,0.3859508896545297,0.2744031017014869,-0.24745976161171074,0.0015576865761622693,0.1113924964228902,0.05670166898333019,0.002330823346353745,-0.0032986698987577967,0.00030176384260106724,1.0172931561243306e-05
0,5,613,72.24706268310547,1.125131324051211,0.3859569874250397,0.2744016287271548,-0.24747316214392723,0.0015576869644773127,0.11138748837954686,0.056701273449085585,0.002330741638359426,-0.0032985183820551504,0.00030176397251534395,1.0172616740130203e-05
0,5,614,72.24706268310547,1.1251330434299391,0.38596301159147556,0.27440018159447765,-0.2474863832047301,0.0015576872233540081,0.11138255876193819,0.05670090385151276,0.002330661277200178,-0.003298369679904257,0.00030176406995105145,1.0172306416461574e-05
0,5,615,72.24705505371094,1.1251347121135242,0.38596895889311233,0.27439876030345545,-0.24749942479411938,0.001557687352792356,0.11137769636638782,0.05670050831726816,0.00233058203840349,-0.0032982228541211973,0.00030176406995105145,1.017199834151518e-05
0,5,616,72.24705505371094,1.1251363697495977,0.3859748206437115,0.27439733901243324,-0.247512286912095,0.001557687352792356,0.1113729348039249,0.05670013223552739,0.002330503921969361,-0.0032980783737979313,0.0003017641349081898,1.0171694764013259e-05
0,5,617,72.24705505371094,1.1251379977052296,0.38598059579321353,0.274395943563066,-0.24752496955865705,0.001557687352792356,0.11136820685249114,0.05669975615378662,0.0023304267034252794,-0.0032979355352965203,0.0003017641349081898,1.0171394559594694e-05
0,5,618,72.24706268310547,1.1251396134895912,0.38598628212335623,0.27439454811369873,-0.2475374727338055,0.0015576872233540081,0.11136356853046844,0.05669939952454968,0.0023303506072437576,-0.0032977948077089238,0.00030176416738675896,1.0171097728259484e-05
0,5,619,72.24705505371094,1.125141217486163,0.38599191625816065,0.27439320434764136,-0.24754981139349144,0.0015576869644773127,0.11135898622682766,0.05669904937948069,0.0023302758578973063,-0.0032976566601270996,0.0003017641349081898,1.0170806518729862e-05
0,5,620,72.24705505371094,1.1251428105829517,0.38599748303112247,0.274391886423239,-0.2475619855377149,0.0015576864467239217,0.11135447114524517,0.05669871220274759,0.002330202006440903,-0.003297519919821151,0.0003017641349081898,1.0170518682283597e-05
0,5,621,72.24705505371094,1.1251443687842668,0.3860029480085065,0.2743905684988366,-0.24757398021052476,0.001557685799532183,0.11135000087836823,0.056698375026014484,0.0023301292773470587,-0.003297385290429017,0.00030176416738675896,1.0170236467642924e-05
0,5,622,72.2470474243164,1.125145908869405,0.38600834235866294,0.2743892764160891,-0.24758581036787214,0.0015576851523404441,0.11134558662987319,0.05669804433344932,0.002330057446143262,-0.0032972515992208,0.00030176419986532816,1.0169957626085604e-05
0,5,623,72.2470474243164,1.1251474308384777,0.386013666084677,0.2743880101749966,-0.247597476009757,0.0015576845051487054,0.11134122839976009,0.05669772012505211,0.0023299867373020246,-0.003297120722564335,0.00030176429730103567,1.016968215761164e-05
0,5,624,72.2470474243164,1.1251489429536745,0.3860189255215792,0.27438676977555904,-0.24760899209213058,0.0015576838579569666,0.1113369149843525,0.05669740888499078,0.002329916701878323,-0.003296991487729725,0.000301764362258174,1.0169412310943265e-05
0,5,625,72.2470474243164,1.12515041978128,0.3860241175323764,0.2743855552177764,-0.24762034365904165,0.0015576830813268802,0.11133266879100322,0.05669708467659357,0.0023298477888171803,-0.0032968643638089296,0.0003017644272153124,1.0169144712997128e-05
0,5,626,72.2470474243164,1.125151888432515,0.38602923239892506,0.27438436650164877,-0.24763153071049024,0.0015576823046967937,0.11132845620868308,0.056696779920700185,0.0023297795491735735,-0.0032967384126180305,0.0003017645571295891,1.0168881612495463e-05
0,5,627,72.24703979492188,1.1251533215390408,0.3860342613519993,0.27438317778552107,-0.24764256820242747,0.0015576815280667071,0.1113242772373921,0.05669646868063886,0.002329712431892526,-0.003296615275978883,0.00030176462208672745,1.0168621885077155e-05
0,5,628,72.24703979492188,1.125154737568547,0.38603922272896274,0.27438201491104836,-0.24765345613485337,0.0015576808808749685,0.11132013187713027,0.056696163924745475,0.00232964553908399,-0.0032964933120696325,0.0003017647520010041,1.0168366655103317e-05
0,5,629,72.24703979492188,1.12515614095715,0.38604412945547706,0.2743808778782306,-0.24766419450776794,0.0015576802336832298,0.11131606494260311,0.05669586565302003,0.0023295799931105257,-0.0032963734590741958,0.00030176481695814246,1.0168113673851717e-05
0,5,630,72.24703979492188,1.125157518194176,0.38604895991071037,0.27437974084541283,-0.24767478332117115,0.0015576797159298386,0.11131206523013427,0.056695567381294595,0.0023295153450271083,-0.003296254778808656,0.00030176491439385,1.0167865190044588e-05
0,5,631,72.24703979492188,1.1251588755797148,0.38605373245275837,0.27437862965425003,-0.247685222575063,0.0015576791981764477,0.11130813273972372,0.05669526910956916,0.0023294518193062506,-0.003296137505818992,0.00030176494687241917,1.0167620079320816e-05
0,5,632,72.24703979492188,1.125160226183944,0.3860584319321772,0.2743775184630872,-0.24769551226944356,0.0015576786804230567,0.11130427867504786,0.05669499029034755,0.0023293891914754404,-0.0032960216401052038,0.0003017650443081267,1.0167378341680399e-05
0,5,633,72.24703979492188,1.1251615488330764,0.386063085380865,0.27437645895523427,-0.24770565240431272,0.0015576781626696658,0.11130046942507751,0.05669469850279006,0.0023293274615346776,-0.003295907416213271,0.00030176514174383423,1.0167141101484452e-05
0,5,634,72.24703979492188,1.1251628709581458,0.38606768401375,0.2743754252890363,-0.2477156579356217,0.0015576777743546225,0.11129670498981271,0.0566944261677364,0.0023292666294839623,-0.0032957943650512352,0.0003017652067009726,1.0166904985649627e-05
0,5,635,72.24703216552734,1.1251641695513983,0.386072249510179,0.27437444330614824,-0.24772551390741931,0.0015576773860395791,0.11129303018395899,0.05669414086434685,0.0023292066953232945,-0.003295682721165075,0.00030176527165811095,1.0166673367259273e-05
0,5,636,72.24703979492188,1.1251654576497008,0.3860767666297373,0.27437348716491516,-0.24773523527565672,0.0015576771271628837,0.11128942260016356,0.05669386204512524,0.002329147659052674,-0.003295572484554791,0.0003017653041366801,1.0166443997591154e-05
0,5,637,72.24703979492188,1.1251667376761516,0.3860812601827151,0.27437258270699194,-0.24774482204033393,0.001557676997724536,0.11128590464577919,0.05669358322590364,0.002329089745144613,-0.003295463186128424,0.00030176536909381845,1.0166216876645273e-05
0,5,638,72.24703979492188,1.1251680155081778,0.38608571179868334,0.27437170409072364,-0.2477542742014509,0.0015576768682861882,0.11128247632080589,0.05669331737501792,0.002329032953599111,-0.0032953555295239124,0.0003017654015723876,1.0165993128782747e-05
0,5,639,72.24703979492188,1.1251692693366728,0.38609009340851647,0.27437082547445535,-0.2477635917590077,0.0015576766094094927,0.11127910401421451,0.056693051524132204,0.002328976835471145,-0.0032952490456492974,0.00030176549900809516,1.0165772754003575e-05
0,5,640,72.24703979492188,1.125170506357001,0.3860944082369896,0.2743699468581871,-0.24777277471300427,0.0015576762210944494,0.11127579892968142,0.056692792157414434,0.002328921839705738,-0.0032951439690505585,0.0003017655314866643,1.0165555752307757e-05
0,5,641,72.24703216552734,1.1251717276412772,0.38609865941674343,0.2743690682419188,-0.24778183801939177,0.0015576758327794063,0.11127253865985387,0.0566925392748646,0.0023288675173578667,-0.003295040768819654,0.00030176559644380267,1.0165342123695295e-05
0,5,642,72.24703979492188,1.1251729119566405,0.38610280282553083,0.2743681637839956,-0.24779076672221906,0.0015576755739027108,0.11126926718634994,0.05669228639231478,0.002328813643955019,-0.003294938506772667,0.00030176559644380267,1.0165131868166187e-05
0,5,643,72.24703979492188,1.1251740672443582,0.3861068793481417,0.27436725932607237,-0.24779957577743725,0.0015576753150260152,0.11126602932387517,0.056692027025597,0.002328760219497195,-0.003294838824731453,0.000301765661400941,1.0164922736998197e-05
0,5,644,72.24703216552734,1.1251752145634544,0.3861108793788476,0.27436635486814914,-0.24780825022909525,0.0015576751855876675,0.11126282507242953,0.05669178711138306,0.002328707917401931,-0.003294741253604052,0.0003017657263580794,1.01647192276358e-05
0,5,645,72.24703979492188,1.125176331949746,0.3861148276412596,0.2743654762518809,-0.24781680503314418,0.0015576751855876675,0.11125964322833666,0.05669153422883324,0.00232865606425169,-0.0032946460279364453,0.0003017657263580794,1.0164516842634518e-05
0,5,646,72.24703979492188,1.1251774437609392,0.38611872412968534,0.2743646234772676,-0.24782524018958402,0.0015576751855876675,0.11125648379159656,0.0566912943146193,0.002328604884518985,-0.0032945531477286314,0.0003017657263580794,1.0164320079438829e-05
0,5,647,72.24703216552734,1.1251785378104788,0.38612256882977036,0.2743637965443092,-0.2478335556984148,0.0015576753150260152,0.11125334676220923,0.05669105440040536,0.0023285541537313033,-0.0032944619093426726,0.0003017657263580794,1.0164125564965377e-05
0,5,648,72.24703216552734,1.125179622406761,0.38612636820268725,0.27436299545300574,-0.2478417515596365,0.001557675444464363,0.11125025454752743,0.056690820970359365,0.002328504545306181,-0.0032943732509624866,0.00030176575883664853,1.0163934423575279e-05
0,5,649,72.24703216552734,1.1251807038403119,0.3861301405864416,0.27436224604501225,-0.24784982777324913,0.0015576757033410585,0.11124720714755117,0.05669059402448132,0.002328455385826083,-0.0032942857653121974,0.00030176579131521773,1.0163746655268535e-05
0,5,650,72.24703216552734,1.125181762524261,0.3861338643891391,0.2743615224786737,-0.24785778433925265,0.001557675962217754,0.11124419335860404,0.056690360594435316,0.00232840689976352,-0.0032941999214837633,0.00030176579131521773,1.0163561135684028e-05
0,5,651,72.24702453613281,1.1251828203846324,0.38613751478146496,0.27436079891233506,-0.24786562125764713,0.0015576762210944494,0.11124119077333332,0.0566901531010611,0.002328359087118493,-0.0032941150158392464,0.0003017658237937869,1.0163378989182877e-05
0,5,652,72.24703216552734,1.1251838657664637,0.38614111103644416,0.2743600753459965,-0.24787335348438366,0.0015576764799711449,0.11123823300276811,0.056689952091854824,0.002328312172363513,-0.003294030344740709,0.00030176588875092524,1.0163197967042842e-05
0,5,653,72.24702453613281,1.1251848953763721,0.38614464355274514,0.2743593517796579,-0.2478809660635111,0.0015576766094094927,0.11123532004690845,0.0566897575668165,0.0023282657065535574,-0.003293946846372068,0.0003017659537080636,1.0163021442347281e-05
0,5,654,72.24702453613281,1.1251858881457486,0.386148121922352,0.27435862821331936,-0.24788847395098063,0.0015576767388478406,0.11123245190575431,0.05668954358927433,0.002328219914161137,-0.0032938640516413653,0.00030176598618663274,1.0162847166373956e-05
0,5,655,72.24702453613281,1.1251868717538185,0.38615155581854244,0.2743579046469808,-0.24789587714679218,0.0015576767388478406,0.11122966219033487,0.05668933609590012,0.002328175019658764,-0.0032937814914566423,0.00030176601866520195,1.0162675139122868e-05
0,5,656,72.24703216552734,1.1251878430870597,0.38615495391371163,0.27435720692229715,-0.2479031756509458,0.0015576766094094927,0.11122691728962095,0.0566891286025259,0.0023281310230464382,-0.003293699165817898,0.00030176611610090946,1.0162505360594016e-05
0,5,657,72.24702453613281,1.1251888052513275,0.3861583075213745,0.2743565091976135,-0.2479103694634415,0.0015576764799711449,0.11122425081464171,0.05668892759331963,0.0023280876998516484,-0.003293617074725133,0.00030176621353661696,1.0162337830787401e-05
0,5,658,72.24702453613281,1.1251897466174037,0.3861616005008661,0.27435581147292987,-0.24791745858427924,0.0015576763505327973,0.11122160674701526,0.05668872658411335,0.0023280450500743942,-0.0032935352181783476,0.0003017662784937553,1.016217367406414e-05
0,5,659,72.24702453613281,1.1251906745928133,0.38616485443113396,0.2743551395899012,-0.24792444301345903,0.0015576760916561018,0.11121899629041794,0.05668852557490708,0.002328002624769652,-0.0032934535961775414,0.000301766408408032,1.0162010641701997e-05
0,5,660,72.24702453613281,1.1251915828750123,0.386168050955305,0.27435446770687255,-0.2479313227509809,0.0015576758327794063,0.11121641944484977,0.056688324565700804,0.002327961097354957,-0.0032933726778146735,0.00030176644088660123,1.016185098242321e-05
0,5,661,72.24702453613281,1.1251924777628393,0.3861712084276802,0.2743538216654988,-0.2479380977968448,0.0015576755739027108,0.11121387621031076,0.05668812355649453,0.0023279197944127738,-0.003293292932181702,0.00030176650584373953,1.016169244750554e-05
0,5,662,72.24702453613281,1.1251933479445917,0.3861743116329113,0.2743531756241251,-0.24794478310700194,0.0015576753150260152,0.11121134417944811,0.05668791606312031,0.002327878940415614,-0.0032932141247326474,0.00030176653832230874,1.0161536161310107e-05
0,5,663,72.24702453613281,1.1251941982184193,0.3861773390674231,0.2743525037410964,-0.2479513637255011,0.0015576750561493197,0.11120884575961464,0.05668771505391404,0.0023278389843085024,-0.0032931369591054486,0.00030176653832230874,1.0161382123836911e-05
0,5,664,72.24702453613281,1.1251950431595217,0.3861803154576024,0.2743518318580677,-0.24795785460829348,0.0015576747972726242,0.11120636974713392,0.05668752701304366,0.002327799477146414,-0.003293061200754126,0.00030176653832230874,1.016123033508595e-05
0,5,665,72.24702453613281,1.1251958717226695,0.386183244107268,0.274351159975039,-0.2479642407994279,0.0015576745383959287,0.1112039609567115,0.05668733897217327,0.0023277604189293494,-0.0032929875533166167,0.00030176650584373953,1.0161080795057227e-05
0,5,666,72.24702453613281,1.1251966858829359,0.3861861130361215,0.2743504622503554,-0.24797053725485552,0.001557674408957581,0.11120160818467101,0.05668715741547083,0.0023277224830748444,-0.003292916251338901,0.0003017664733651704,1.016093350375074e-05
0,5,667,72.24702453613281,1.1251974856404003,0.3861889222394623,0.2743497386840168,-0.2479767439745763,0.0015576742795192333,0.11119931143101242,0.056686982342936336,0.002327685220637875,-0.003292847529366958,0.0003017663759294629,1.0160788461166488e-05
0,5,668,72.24702453613281,1.125198276394458,0.3861917051918497,0.2743490409593332,-0.24798286095859032,0.0015576741500808854,0.11119705949205937,0.05668680727040184,0.0023276484071459293,-0.003292780214670891,0.0003017663109723245,1.0160644542943356e-05
0,5,669,72.24702453613281,1.1251990762000195,0.3861944435311152,0.27434834323464957,-0.24798888820689752,0.0015576740206425378,0.11119485236781186,0.05668665813453912,0.0023276127160165427,-0.003292713838158741,0.0003017663109723245,1.0160503997803577e-05
0,5,670,72.24701690673828,1.1251998507326055,0.38619714370188646,0.27434764550996593,-0.2479948257194979,0.00155767389120419,0.11119271246562264,0.05668649603034051,0.002327577698304692,-0.0032926483998305086,0.00030176624601518617,1.0160365701386036e-05
0,5,671,72.24702453613281,1.1252006221324706,0.38619979924518966,0.2743469477852823,-0.2480006734963915,0.0015576737617658423,0.11119061737813896,0.05668634689447779,0.0023275431295378644,-0.0032925836651402137,0.0003017662784937553,1.016022965369073e-05
0,5,672,72.24702453613281,1.1252013782171444,0.38620241015706325,0.2743462500605987,-0.24800643153757826,0.0015576737617658423,0.1111885671053608,0.056686197758615074,0.002327509009716061,-0.0032925196340878576,0.0003017663109723245,1.0160095854717663e-05
0,5,673,72.24702453613281,1.1252021385769035,0.3862049980195759,0.27434557817757,-0.24801209984305822,0.0015576736323274945,0.11118657285096457,0.056686061591088244,0.0023274762367293286,-0.0032924560721274594,0.000301766408408032,1.015996430446683e-05
0,5,674,72.24702453613281,1.125202888231372,0.3862075724239227,0.27434493213619626,-0.24801769336878252,0.0015576736323274945,0.11118463461495026,0.05668591893939347,0.0023274436882151084,-0.003292392744713041,0.0003017664733651704,1.0159835002938235e-05
0,5,675,72.24702453613281,1.1252036360699438,0.386210123774875,0.2743443119364775,-0.24802319715880003,0.0015576735028891469,0.11118275239731785,0.05668578277186664,0.0023274115886459117,-0.0032923310591204775,0.0003017665708008779,1.0159706825770757e-05
0,5,676,72.24702453613281,1.1252043635840305,0.38621263364335984,0.2743436917367587,-0.24802862616906182,0.0015576735028891469,0.11118089258703823,0.05668564012017186,0.0023273803869667624,-0.0032922710153497695,0.00030176663575801624,1.0159580897325515e-05
0,5,677,72.24702453613281,1.1252050759843315,0.3862151172109952,0.2743430973786949,-0.24803396544361683,0.0015576736323274945,0.11117907759146413,0.056685490984309146,0.002327349185287613,-0.003292211206125041,0.00030176666823658545,1.0159456093241393e-05
0,5,678,72.24701690673828,1.1252057791262586,0.38621755605618036,0.27434250302063107,-0.24803922993841618,0.00155767389120419,0.1111772737995664,0.05668534833261437,0.002327318432553488,-0.00329215233508423,0.0003017667007151546,1.0159332413518388e-05
0,5,679,72.24702453613281,1.1252064619387465,0.38621995340023285,0.2743419086625672,-0.24804441965345986,0.0015576741500808854,0.11117549241502146,0.05668519919675165,0.0023272879042918744,-0.003292094402227336,0.0003017667331937238,1.015921098251762e-05
0,5,680,72.24702453613281,1.125207124206254,0.38622229087549975,0.27434128846284844,-0.24804953458874784,0.001557674408957581,0.11117373343782927,0.056685050060888933,0.002327258049447796,-0.003292036000278483,0.0003017667981508621,1.015909067587797e-05
0,5,681,72.24702453613281,1.1252077606307394,0.3862245707881597,0.27434066826312964,-0.24805455978832902,0.0015576746678342766,0.11117197446063709,0.056684894440858266,0.0023272281946037183,-0.0032919785365135477,0.0003017668306294313,1.0158971493599439e-05
0,5,682,72.24701690673828,1.1252083999737197,0.38622680596427544,0.2743400480634109,-0.24805951020815453,0.0015576747972726242,0.11117022668712129,0.056684758273331436,0.00232719833975964,-0.0032919217763865503,0.00030176689558656966,1.0158855684404262e-05
0,5,683,72.24702453613281,1.125209023967846,0.38622899641233127,0.2743394278636921,-0.24806438584822438,0.001557674926710972,0.11116849011728187,0.056684622105804605,0.0023271696072781215,-0.0032918661889894496,0.000301766960543708,1.0158740999570202e-05
0,5,684,72.24702453613281,1.1252096254143813,0.38623113889465194,0.27433880766397334,-0.24806918670853853,0.001557674926710972,0.11116675354744246,0.05668447945410983,0.002327140874796603,-0.0032918113052302867,0.0003017670255008464,1.015862856345838e-05
0,5,685,72.24701690673828,1.1252102280945067,0.3862332494739078,0.27433818746425453,-0.24807392774504816,0.0015576747972726242,0.11116503938495581,0.056684349770750944,0.002327112366787596,-0.0032917580632929795,0.0003017670904579847,1.0158517251707676e-05
0,5,686,72.24701690673828,1.1252108278133772,0.38623533366963997,0.2743375931061907,-0.24807859400180213,0.0015576745383959287,0.11116333642614555,0.056684226571560005,0.0023270843077236127,-0.0032917059940855684,0.0003017670904579847,1.015840706431809e-05
0,5,687,72.24702453613281,1.1252114232517902,0.38623736989942864,0.2743369987481269,-0.24808318547880043,0.0015576741500808854,0.11116163346733528,0.05668411634070495,0.002327056922077165,-0.003291654863062075,0.00030176715541512303,1.015829912565074e-05
0,5,688,72.24702453613281,1.1252120118480735,0.3862393861865333,0.274336430231718,-0.24808770217604303,0.0015576737617658423,0.11115996411955416,0.056684006109849895,0.0023270297609032297,-0.0032916046702224987,0.00030176715541512303,1.0158193435705628e-05
0,5,689,72.24702453613281,1.1252125811905034,0.38624136411241067,0.2743358617153091,-0.2480921590494811,0.001557673373450799,0.11115829477177304,0.0566838893948269,0.002327003048674318,-0.0032915558846587987,0.00030176715541512303,1.0158088870121633e-05
0,5,690,72.24702453613281,1.1252131279791704,0.38624329406418473,0.2743352931989002,-0.2480965411431635,0.0015576729851357557,0.11115662542399193,0.056683766195635955,0.002326976336445406,-0.003291508271824995,0.00030176715541512303,1.0157987677620992e-05
0,5,691,72.24702453613281,1.1252136701129203,0.38624521044629595,0.2743347505241463,-0.24810086341304138,0.0015576725968207126,0.11115497848356358,0.056683642996445016,0.0023269500731615176,-0.00329146112808315,0.0003017671229365539,1.0157885360759234e-05
0,5,692,72.24701690673828,1.125214190984285,0.3862471003564811,0.2743342336910473,-0.2481051258591147,0.0015576722085056693,0.11115330913578246,0.056683506828918186,0.0023269233609326057,-0.003291414687979243,0.0003017670904579847,1.0157786416980831e-05
0,5,693,72.24701690673828,1.1252147210650882,0.38624896386336594,0.27433374269960326,-0.24810931352543236,0.0015576716907522783,0.11115165099167773,0.056683390113895185,0.0023268973221212295,-0.003291368716967295,0.0003017670579794155,1.0157687473202427e-05
0,5,694,72.24702453613281,1.1252152368654087,0.3862507857604417,0.27433325170815925,-0.24811344136794547,0.0015576711729988872,0.11114998164389661,0.05668327339887219,0.002326871732254877,-0.003291322276863388,0.0003017670255008464,1.0157591902507377e-05
0,5,695,72.24702453613281,1.12521572731421,0.38625256927441415,0.2743327607167152,-0.24811750938665406,0.0015576706552454962,0.11114831229611549,0.05668314371551331,0.0023268459179160124,-0.0032912763058514398,0.000301766960543708,1.015749633181233e-05
0,5,696,72.24701690673828,1.1252162142115738,0.3862543424348661,0.2743322955669261,-0.2481215175815581,0.0015576701374921053,0.11114667655936353,0.056683014032154415,0.0023268207769946837,-0.00329123080393145,0.000301766960543708,1.0157403009839516e-05
0,5,697,72.24701690673828,1.125216685743883,0.3862560708272473,0.27433183041713705,-0.24812545099670646,0.0015576696197387144,0.11114505202628795,0.05668288434879553,0.002326795411600843,-0.0032911860056493982,0.00030176689558656966,1.0157309687866703e-05
0,5,698,72.24702453613281,1.125217131579483,0.38625779530947946,0.2743313911090029,-0.2481293245880503,0.0015576691019853232,0.11114348351159428,0.05668272872876487,0.0023267707196245376,-0.0032911416764593053,0.00030176686310800046,1.0157218614616128e-05
0,5,699,72.24701690673828,1.1252175993246543,0.38625951266125297,0.2743309776425237,-0.2481331383555896,0.00155766871367028,0.11114195981160614,0.056682599045405985,0.002326746701065768,-0.003291098519999109,0.0003017667981508621,1.015712866572667e-05
0,5,700,72.24701690673828,1.1252180583207905,0.3862612045190903,0.2743305641760445,-0.24813689229932434,0.0015576683253552368,0.11114048092632355,0.0566824693620471,0.0023267233559245344,-0.003291055598084892,0.0003017667981508621,1.0157042089920566e-05
0,5,701,72.24701690673828,1.1252185458440485,0.38626290851828105,0.2743301765512203,-0.2481406013752057,0.0015576679370401935,0.11113908046677563,0.05668236561535999,0.0023267009086733476,-0.0032910133798086127,0.00030176676567229295,1.0156956638475581e-05
0,5,702,72.24702453613281,1.125219024618099,0.38626458702341365,0.27432978892639603,-0.24814425062728251,0.0015576675487251504,0.11113772482193325,0.05668226186867288,0.002326679134839697,-0.003290971865170272,0.0003017668306294313,1.0156872311391715e-05
0,5,703,72.24701690673828,1.1252195214218186,0.3862662648285699,0.2743294271432268,-0.2481478400555548,0.001557667160410107,0.11113643639914916,0.0566821775744896,0.0023266580344235817,-0.0032909305850779102,0.00030176689558656966,1.0156790233030084e-05
0,5,704,72.24701690673828,1.1252200229731872,0.3862679387251889,0.2743290912017124,-0.24815136966002252,0.0015576669015334116,0.111135203994747,0.05668209976447427,0.002326637831897514,-0.0032908914158993625,0.0003017669280651388,1.0156709279029572e-05
0,5,705,72.24701690673828,1.1252205253713545,0.3862696150819529,0.27432878110185305,-0.24815485439663684,0.0015576666426567161,0.11113401640505037,0.05668202195445894,0.002326617853843958,-0.003290853184904732,0.00030176699302227717,1.0156629449390179e-05
0,5,706,72.24701690673828,1.125221035281681,0.3862712778453072,0.2743284968436486,-0.24815827930944664,0.0015576665132183683,0.1111328512227065,0.0566819571127795,0.0023265983247354256,-0.003290816126639998,0.0003017670255008464,1.0156549619750784e-05
0,5,707,72.24702453613281,1.1252215283481404,0.3862729270115775,0.2743282384270991,-0.2481616443984519,0.0015576663837800207,0.1111317084477154,0.056681879302764165,0.002326579244571917,-0.0032907800065591817,0.0003017670255008464,1.0156470914472509e-05
0,5,708,72.24701690673828,1.125222017831255,0.3862745657330986,0.27432800585220457,-0.24816496461960375,0.0015576662543416728,0.1111305656727243,0.05668180149274883,0.0023265599399358967,-0.0032907443555703236,0.0003017670255008464,1.0156394457916469e-05
0,5,709,72.24700927734375,1.1252225015404407,0.386276187628818,0.27432779911896493,-0.24816822501695107,0.0015576661249033252,0.11112943410140959,0.0566817236827335,0.002326541308717412,-0.0032907091736734243,0.0003017670579794155,1.0156320250082667e-05
0,5,710,72.24701690673828,1.125222975576912,0.38627779907338256,0.27432761822738033,-0.248171440546445,0.0015576658660266295,0.11112830253009487,0.056681639388550226,0.002326522453026415,-0.003290673991776525,0.0003017670579794155,1.0156244917887746e-05
0,5,711,72.24700927734375,1.1252234286547926,0.38627938494141284,0.2743274373357957,-0.2481746112080855,0.0015576657365882819,0.11112718216245654,0.05668154212603106,0.0023265038218079305,-0.0032906390444256053,0.0003017670255008464,1.0156171834415062e-05
0,5,712,72.24702453613281,1.1252238818325642,0.38628093561920385,0.274327256444211,-0.24817772204592148,0.001557665607149934,0.11112607299849458,0.05668145783184778,0.0023264854150619576,-0.003290603862528706,0.0003017670579794155,1.0156098750942376e-05
0,5,713,72.24701690673828,1.1252243303144478,0.3862824726185418,0.27432710139428135,-0.24818078801590404,0.001557665607149934,0.11112495263085626,0.05668137353766451,0.0023264672327884964,-0.0032905682115398484,0.00030176715541512303,1.0156029040553047e-05
0,5,714,72.24700927734375,1.1252247639233341,0.3862839840378403,0.2743269463443516,-0.2481838091180332,0.0015576658660266295,0.1111238434668943,0.056681282759313285,0.0023264488260425235,-0.003290533029642949,0.00030176718789369224,1.0155958205802598e-05
0,5,715,72.24701690673828,1.1252251843214345,0.38628545698186356,0.27432679129442195,-0.24818678535230895,0.0015576663837800207,0.1111227006919032,0.05668119198096207,0.0023264304192965506,-0.00329049784774605,0.00030176728532939974,1.0155889619774387e-05
0,5,716,72.24701690673828,1.1252255876329003,0.38628689789209564,0.2743266362444922,-0.24818971671873133,0.0015576670309717592,0.11112154671323572,0.056681094718442904,0.0023264120125505777,-0.003290462196757192,0.00030176738276510725,1.0155821033746175e-05
0,5,717,72.24701690673828,1.1252259860368619,0.3862883067772922,0.27432648119456254,-0.24819260321730027,0.0015576679370401935,0.11112038153089185,0.056681003940091686,0.0023263938302771165,-0.003290427014860293,0.0003017674477222456,1.0155753572079081e-05
0,5,718,72.24701690673828,1.125226372340715,0.3862896804174159,0.27432632614463287,-0.24819544484801584,0.0015576689725469756,0.11111919394119522,0.05668091316174046,0.0023263754235311436,-0.0032903930056932904,0.00030176754515795316,1.0155686110411988e-05
0,5,719,72.24701690673828,1.1252267487571734,0.38629102525821857,0.27432617109470314,-0.24819824161087797,0.0015576701374921053,0.11111800635149859,0.05668082238338924,0.002326357241257683,-0.003290359934710205,0.00030176754515795316,1.0155620897467132e-05
0,5,720,72.24701690673828,1.1252271091958819,0.3862923412965092,0.27432601604477347,-0.24820099350588673,0.0015576714318755829,0.11111681876180195,0.05668072512087008,0.0023263395079292453,-0.0032903273328190783,0.0003017676101150915,1.0155556808883393e-05
0,5,721,72.24700927734375,1.1252274658355044,0.38629362853351035,0.27432586099484374,-0.24820370053304205,0.001557672855697408,0.11111563117210532,0.056680634342518854,0.0023263215501282963,-0.0032902959036578486,0.0003017676750722298,1.0155493844660773e-05
0,5,722,72.24700927734375,1.1252278258719408,0.3862948901932919,0.27432570594491407,-0.248206362692344,0.001557674408957581,0.11111445478608507,0.05668055653250353,0.002326304041272371,-0.0032902654126805357,0.0003017677725079374,1.0155430880438151e-05
0,5,723,72.24702453613281,1.1252281782312874,0.386296129486953,0.2743255508949844,-0.24820897998379254,0.001557675962217754,0.11111330080741759,0.056680478722488194,0.0023262865324164455,-0.0032902349217032232,0.0003017678699436449,1.0155369040576649e-05
0,5,724,72.24701690673828,1.1252285312190329,0.38629735287672246,0.27432539584505466,-0.24821155240738765,0.0015576776449162746,0.11111219164345564,0.056680407396640806,0.0023262696969780553,-0.003290206072547766,0.00030176793490078324,1.0155307200715146e-05
0,5,725,72.24701690673828,1.125228887945368,0.38629855167930705,0.27432521495347,-0.24821407996312939,0.0015576793276147955,0.11111116090522836,0.05668034903912931,0.002326253759429713,-0.0032901788652141637,0.00030176806481505995,1.0155248733937e-05
0,5,726,72.24700927734375,1.1252292463827869,0.3862997377258798,0.2743250340618854,-0.24821657760696886,0.0015576810103133162,0.11111015257435387,0.05668029716578575,0.0023262380463538825,-0.003290151892426541,0.00030176806481505995,1.0155188018436615e-05
0,5,727,72.24700927734375,1.125229585863083,0.38630088628071735,0.27432482732864577,-0.2482190303829549,0.0015576825635734892,0.11110917785450852,0.056680238808274254,0.0023262227822230756,-0.003290125388730877,0.0003017680972936291,1.015512842729735e-05
0,5,728,72.24700927734375,1.1252299237542183,0.3863020124668639,0.2743246205954062,-0.24822143829108756,0.0015576841168336623,0.11110822554201594,0.0566801869349307,0.002326207518092269,-0.0032900991195811925,0.0003017680972936291,1.0155068836158084e-05
0,5,729,72.24700927734375,1.1252302542859378,0.3863031172072067,0.2743243880205117,-0.24822381628731793,0.0015576855406554875,0.11110732924790527,0.056680135061587145,0.0023261924784339742,-0.003290072615885528,0.00030176803233649075,1.0155009245018818e-05
0,5,730,72.24701690673828,1.1252305773531224,0.38630421793223446,0.27432418128727204,-0.24822614941569493,0.0015576868350389648,0.11110645536114737,0.05668007670407565,0.0023261781121932147,-0.0032900463467358436,0.00030176803233649075,1.015495077824067e-05
0,5,731,72.24701690673828,1.1252308858673814,0.38630529399488184,0.27432394871237753,-0.24822845263216964,0.0015576879999840945,0.11110562628909501,0.056680011862396205,0.002326164194897479,-0.0032900205466781175,0.00030176793490078324,1.0154893435823641e-05
0,5,732,72.24701690673828,1.1252311990942543,0.3863063660390497,0.27432374197913795,-0.24823071098079094,0.0015576890354908766,0.1111048196243954,0.05667995350488471,0.0023261500531292314,-0.0032899954502583293,0.00030176780498650653,1.0154834969045493e-05
0,5,733,72.24700927734375,1.1252314990863457,0.3863074350031112,0.2743235352458983,-0.24823293941750998,0.0015576900709976585,0.11110406897807772,0.05667988217903732,0.0023261368092510316,-0.003289971761114417,0.0003017677400293682,1.0154778750989582e-05
0,5,734,72.24701690673828,1.1252317952772541,0.3863084751499278,0.2743233285126587,-0.2482351229863756,0.0015576909770660928,0.11110331833176004,0.05667981733735788,0.0023261233409003195,-0.0032899485410624635,0.0003017676101150915,1.015472253293367e-05
0,5,735,72.24700927734375,1.1252320953929322,0.3863095089836784,0.27432312177941914,-0.24823727664333897,0.0015576917536961794,0.11110261250014788,0.056679758979846374,0.002326110545967143,-0.003289925790102469,0.00030176754515795316,1.0154668563599996e-05
0,5,736,72.24701690673828,1.1252323767405825,0.38631052361426477,0.27432291504617956,-0.24823940038840006,0.001557692400887918,0.11110190666853574,0.056679687653998986,0.002326097975506479,-0.003289903742780412,0.00030176741524367645,1.0154616842988558e-05
0,5,737,72.24702453613281,1.1252326553928393,0.38631151264899105,0.27432270831294,-0.24824147926560777,0.0015576929186413091,0.11110121204059997,0.056679622812319544,0.0023260856295183262,-0.0032898819300043345,0.00030176738276510725,1.0154563998016e-05
0,5,738,72.24701690673828,1.1252329346495955,0.386312485699825,0.27432250157970034,-0.2482435282309132,0.0015576933069563522,0.1111005286163406,0.05667956445480805,0.0023260735080026856,-0.003289860586320216,0.00030176731780796895,1.01545145261268e-05
0,5,739,72.24700927734375,1.1252331990113338,0.3863134330928922,0.27432229484646076,-0.24824554728431633,0.0015576935658330477,0.11109982278472844,0.056679499613128605,0.002326061386487045,-0.0032898390080901177,0.00030176731780796895,1.0154465054237597e-05
0,5,740,72.24701690673828,1.1252334691685233,0.3863143796222316,0.27432211395487616,-0.24824753642581723,0.0015576936952713955,0.11109911695311629,0.05667944125561711,0.0023260492649714044,-0.00328981719531404,0.00030176731780796895,1.0154417831070632e-05
0,5,741,72.24700927734375,1.1252337194458255,0.38631530371659967,0.2743219330632915,-0.24824949565541585,0.0015576938247097434,0.11109839991782776,0.05667936992976972,0.0023260373679282755,-0.003289795147991983,0.0003017673502865381,1.0154371732264785e-05
0,5,742,72.24700927734375,1.1252339855023907,0.3863162205555664,0.2743217780133618,-0.24825141001716106,0.0015576938247097434,0.1110976940862156,0.05667931805642616,0.0023260254708851466,-0.0032897726315779677,0.00030176741524367645,1.0154326757820056e-05
0,5,743,72.24701690673828,1.1252342390864596,0.3863171365354453,0.274321648805087,-0.248253294467004,0.0015576938247097434,0.11109698825460346,0.05667925321474672,0.0023260142472595535,-0.0032897501151639523,0.00030176751267938396,1.0154284032097563e-05
0,5,744,72.24701690673828,1.125234489949974,0.38631802685323974,0.2743215195968123,-0.24825514900494466,0.0015576938247097434,0.11109626001563853,0.05667919485723522,0.0023260025746889364,-0.0032897273642039575,0.0003017676750722298,1.015424130637507e-05
0,5,745,72.24700927734375,1.1252347452931684,0.38631889473930997,0.27432139038853753,-0.2482569736309831,0.0015576936952713955,0.11109552057299724,0.05667914946805961,0.0023259909021183193,-0.003289705082335921,0.0003017677725079374,1.0154199705013697e-05
0,5,746,72.24700927734375,1.12523498795384,0.3863197434127706,0.2743212611802628,-0.24825876834511923,0.0015576934363947,0.11109478113035594,0.05667909759471606,0.0023259794540202144,-0.003289682800467885,0.00030176793490078324,1.0154158103652322e-05
0,5,747,72.24700927734375,1.1252352168265374,0.3863205696600536,0.27432113197198804,-0.24826053314735308,0.0015576931775180046,0.11109403048403825,0.056679039237204555,0.002325968005922109,-0.0032896616913297458,0.00030176806481505995,1.0154117626652066e-05
0,5,748,72.24701690673828,1.1252354485176348,0.3863213863729408,0.2743210027637133,-0.2482622680376847,0.0015576927892029613,0.11109331344874972,0.056678987363861004,0.002325957006769028,-0.003289641989467482,0.0003017682272079058,1.0154078274012929e-05
0,5,749,72.24700927734375,1.1252356673153674,0.3863221655237149,0.2743208477137836,-0.24826397301611403,0.0015576922714495703,0.11109259641346118,0.056678935490517446,0.0023259457831434345,-0.003289622756697177,0.0003017683246436133,1.015403892137379e-05
0,5,750,72.24700927734375,1.1252358911238598,0.386322941532148,0.27432069266385395,-0.2482656630385922,0.0015576917536961794,0.11109190178552543,0.05667889010134184,0.002325935232935377,-0.0032896051657487274,0.00030176845455789003,1.0154000693095771e-05
0,5,751,72.24700927734375,1.1252361083372382,0.38632369832971136,0.2743205376139242,-0.24826732314916813,0.0015576912359427882,0.11109120715758966,0.05667884471216623,0.0023259244582548074,-0.003289588278438216,0.0003017685195150284,1.0153961340456633e-05
0,5,752,72.24701690673828,1.125236328366298,0.3863244455853189,0.27432038256399455,-0.2482689533478418,0.0015576905887510497,0.11109054614068305,0.05667880580715856,0.0023259141325192617,-0.003289572094765642,0.00030176855199359753,1.015392423653973e-05
0,5,753,72.24701690673828,1.1252365451175732,0.38632518329250853,0.2743202275140648,-0.2482705536346132,0.001557689941559311,0.11108991873480557,0.056678766902150894,0.0023259042557287396,-0.0032895559110930686,0.00030176858447216674,1.015388713262283e-05
0,5,754,72.24700927734375,1.1252367698733485,0.3863259265773122,0.27432009830579007,-0.24827212400948231,0.001557689294367572,0.11108931373628088,0.05667873448131117,0.0023258946034107296,-0.003289539727420495,0.0003017686494293051,1.015384890434481e-05
0,5,755,72.24700927734375,1.125237001846582,0.3863266731411496,0.2743199690975153,-0.24827367942840028,0.0015576885177374857,0.11108875355246171,0.0566787085446394,0.002325885624510255,-0.0032895228401099833,0.00030176868190787424,1.0153814049150146e-05
0,5,756,72.24701690673828,1.1252372294345314,0.38632740693087697,0.2743198398892406,-0.24827520493541602,0.001557687741107399,0.11108821577599531,0.05667868260796762,0.00232587664560978,-0.0032895059527994716,0.0003017687468650126,1.0153778069594362e-05
0,5,757,72.24701690673828,1.1252374528487594,0.3863281462981607,0.2743197365226208,-0.24827670053052947,0.0015576869644773127,0.11108770040688168,0.0566786501871279,0.0023258681156543295,-0.00328948906548896,0.00030176881182215095,1.0153743214399697e-05
0,5,758,72.24700927734375,1.1252376862474043,0.3863288792744677,0.274319633156001,-0.24827818116969178,0.0015576861878472262,0.11108719624144442,0.056678630734624064,0.0023258595856988787,-0.0032894714745405106,0.00030176881182215095,1.0153709483566151e-05
0,5,759,72.24701690673828,1.1252379091718971,0.3863295994836249,0.27431952978938123,-0.24827963189695182,0.0015576855406554875,0.11108671448335994,0.05667860479795229,0.0023258517291609633,-0.0032894543526840194,0.00030176881182215095,1.0153675752732604e-05
0,5,760,72.24701690673828,1.1252381266021985,0.3863303036890081,0.2743194264227614,-0.2482810527123096,0.0015576848934637487,0.11108624392895185,0.05667857886128051,0.0023258434236780243,-0.00328943676173557,0.00030176881182215095,1.0153640897537939e-05
0,5,761,72.24700927734375,1.125238337964894,0.3863310079558123,0.2743193230561416,-0.24828245857171624,0.0015576842462720099,0.1110858069855729,0.05667854644044079,0.002325835791612621,-0.0032894191707871206,0.00030176881182215095,1.0153607166704393e-05
0,5,762,72.24700927734375,1.1252385479248326,0.38633170813574413,0.27431924553117676,-0.24828383451922062,0.001557683599080271,0.11108535883851756,0.05667851401960107,0.0023258279350747055,-0.003289402283476609,0.0003017687468650126,1.0153573435870846e-05
0,5,763,72.24700927734375,1.125238750711074,0.3863324051616522,0.2743191680062119,-0.24828519551077385,0.0015576830813268802,0.111084933098815,0.0566784751145934,0.002325820527481814,-0.0032893863343500143,0.0003017686169507359,1.0153540829398417e-05
0,5,764,72.24701690673828,1.1252389518820134,0.3863330797464922,0.2743190904812471,-0.24828652659042483,0.0015576825635734892,0.11108449615543604,0.05667844269375368,0.002325812446471387,-0.0032893708543153787,0.00030176855199359753,1.015350709856487e-05
0,5,765,72.24701690673828,1.1252391362632528,0.38633372316355696,0.27431898711462727,-0.24828784271412466,0.0015576820458200983,0.1110840480083807,0.056678403788746015,0.0023258048144059835,-0.0032893563124646603,0.0003017684220793209,1.0153474492092441e-05
0,5,766,72.24702453613281,1.1252393029744598,0.3863343505901991,0.2743188837480075,-0.24828912892592223,0.001557681657505055,0.11108361106500175,0.056678351915402464,0.0023257971823405802,-0.0032893427087978596,0.00030176825968647496,1.0153440761258896e-05
0,5,767,72.24700927734375,1.125239453996573,0.3863349500610771,0.27431875453973276,-0.24829040018176865,0.0015576813986283595,0.1110831741216228,0.05667829355789096,0.002325789101330153,-0.003289329574223017,0.00030176816225076746,1.0153408154786467e-05
0,5,768,72.24701690673828,1.125239605404993,0.38633551519231374,0.27431859948980303,-0.24829164152571281,0.0015576812691900116,0.11108274838192024,0.056678248168715355,0.0023257816937372615,-0.0032893169087401335,0.00030176803233649075,1.0153376672675157e-05
0,5,769,72.24701690673828,1.1252397424421825,0.38633607393527664,0.27431844443987335,-0.24829286791370583,0.001557681139751664,0.11108233384589405,0.05667818981120385,0.0023257740616718582,-0.0032893042432572497,0.0003017679024222141,1.0153346314924965e-05
0,5,770,72.24701690673828,1.1252398872700256,0.3863366199046314,0.2743182893899436,-0.2482940643897966,0.001557681139751664,0.11108194171722065,0.056678144422028245,0.0023257671030239902,-0.003289291577774366,0.0003017678699436449,1.0153318205897008e-05
0,5,771,72.24700927734375,1.1252400177297368,0.3863371594886142,0.27431813434001395,-0.2482952459099362,0.0015576810103133162,0.1110815607922236,0.05667808606451674,0.0023257601443761222,-0.0032892791468374614,0.0003017677725079374,1.0153291221230171e-05
0,5,772,72.24701690673828,1.1252401459975907,0.38633769268791396,0.2743179792900843,-0.2482964124741247,0.0015576808808749685,0.11108119107090296,0.056678027707005245,0.002325753634673278,-0.003289266715900557,0.0003017677725079374,1.0153265360924453e-05
0,5,773,72.24700927734375,1.1252402591542814,0.3863381818740662,0.2743177983984996,-0.24829754912641092,0.0015576807514366207,0.11108079894222954,0.05667796934949375,0.0023257466760254106,-0.003289254519509632,0.000301767707550799,1.0153239500618733e-05
0,5,774,72.24701690673828,1.1252403789791712,0.38633865501145614,0.27431761750691497,-0.248298670822746,0.0015576806219982729,0.11108038440620335,0.056677923960318136,0.0023257401663225666,-0.003289242323118707,0.000301767707550799,1.0153214764674133e-05
0,5,775,72.24700927734375,1.125240508999541,0.38633914010849013,0.2743174624569853,-0.24829977756312996,0.0015576804925599252,0.11107998107385356,0.05667788505531047,0.0023257334321472103,-0.003289230126727782,0.000301767707550799,1.0153190028729532e-05
0,5,776,72.24701690673828,1.125240635722302,0.3863396156004433,0.27431730740705557,-0.2483008693475628,0.0015576803631215774,0.11107957774150376,0.05667784615030281,0.0023257273713893903,-0.003289217930336857,0.0003017677400293682,1.0153168665868286e-05
0,5,777,72.24701690673828,1.1252407680245844,0.3863400718729066,0.2743171523571259,-0.24830193122009334,0.0015576802336832298,0.11107917440915396,0.056677820213631026,0.0023257213106315697,-0.003289205968491911,0.0003017677725079374,1.015314730300704e-05
0,5,778,72.24701690673828,1.1252409031154638,0.3863405185320258,0.27431699730719616,-0.24830297813667274,0.001557680104244882,0.11107877107680415,0.056677800761127196,0.0023257152498737496,-0.0032891935375550067,0.0003017678699436449,1.0153124815784674e-05
0,5,779,72.24700927734375,1.1252410454219608,0.3863409684718,0.2743168422572665,-0.24830401009730102,0.0015576799748065343,0.11107841255915989,0.056677787792791305,0.002325709413588441,-0.003289181575710061,0.0003017679024222141,1.015310232856231e-05
0,5,780,72.24702453613281,1.1252411833228315,0.38634140557946656,0.2743166872073368,-0.24830502710197816,0.0015576798453681864,0.11107804283783924,0.05667777482445542,0.002325704026248156,-0.0032891691447731568,0.00030176803233649075,1.0153082090062183e-05
0,5,781,72.24701690673828,1.1252413323151758,0.3863418395216978,0.2743165321574071,-0.24830602915070418,0.0015576797159298386,0.11107769552387135,0.05667777482445542,0.0023256986389078717,-0.003289156948382232,0.0003017680972936291,1.0153060727200936e-05
0,5,782,72.24702453613281,1.1252414553353878,0.38634225102253716,0.2743163771074774,-0.24830700128752792,0.001557679586491491,0.11107733700622709,0.056677755371951584,0.002325693251567587,-0.003289144986537286,0.0003017682272079058,1.0153040488700807e-05
0,5,783,72.24700927734375,1.1252415885533011,0.3863426744895591,0.27431624789920267,-0.24830795846840054,0.0015576794570531431,0.11107698969225921,0.0566777424036157,0.0023256876397547903,-0.0032891339628762575,0.00030176829216504417,1.015302025020068e-05
0,5,784,72.24701690673828,1.1252417195823048,0.3863430915808652,0.2743161186909279,-0.248308900693322,0.0015576793276147955,0.11107665358196771,0.05667772943527981,0.0023256822524145055,-0.003289124346491105,0.0003017683246436133,1.0152998887339434e-05
0,5,785,72.24701690673828,1.1252418279353922,0.38634349583739475,0.2743159894826532,-0.24830982796229234,0.0015576793276147955,0.11107630626799983,0.05667769701444009,0.002325676640601709,-0.0032891144955599734,0.0003017683246436133,1.0152977524478188e-05
0,5,786,72.24701690673828,1.1252419329917038,0.3863438904915379,0.27431586027437843,-0.24831074027531155,0.0015576793276147955,0.11107595895403194,0.056677664593600366,0.0023256710287889123,-0.003289105582812759,0.00030176825968647496,1.0152955037255822e-05
0,5,787,72.24700927734375,1.1252420421542166,0.38634429710476764,0.2743157569077586,-0.24831163763237962,0.0015576793276147955,0.11107562284374044,0.056677632172760645,0.0023256654169761153,-0.0032890966700655443,0.00030176825968647496,1.0152933674394576e-05
0,5,788,72.24700927734375,1.1252421554258356,0.3863447156855088,0.2743156793827938,-0.24831252003349655,0.0015576793276147955,0.11107529793712533,0.056677599751920923,0.0023256602541083427,-0.003289088460956268,0.0003017682272079058,1.0152913435894449e-05
0,5,789,72.24701690673828,1.1252422582012145,0.38634512142979555,0.27431560185782894,-0.24831338747866236,0.0015576793276147955,0.11107496182683382,0.05667756084691326,0.002325654642295546,-0.003289080017301012,0.0003017682272079058,1.015289319739432e-05
0,5,790,72.24700927734375,1.1252423761520216,0.3863455359095719,0.27431555017451903,-0.24831423996787702,0.0015576794570531431,0.11107462571654232,0.05667753491024148,0.0023256490304827495,-0.003289071339099777,0.00030176819472933666,1.0152872958894193e-05
0,5,791,72.24700927734375,1.1252424764136222,0.3863459343377846,0.2743154984912091,-0.24831507750114054,0.001557679586491491,0.11107426719889806,0.056677496005233814,0.0023256436431424647,-0.0032890626608985418,0.0003017682272079058,1.0152852720394064e-05
0,5,792,72.24700927734375,1.1252425877602301,0.38634632958186943,0.2743154468078992,-0.24831590007845294,0.0015576797159298386,0.11107393108860655,0.05667747006856204,0.002325638031329668,-0.0032890523408754513,0.00030176825968647496,1.0152833606255054e-05
0,5,793,72.24700927734375,1.1252426938059226,0.38634672712107626,0.2743154209662443,-0.2483167076998142,0.0015576798453681864,0.11107357257096229,0.05667743764772232,0.0023256324195168715,-0.003289042020852361,0.00030176825968647496,1.0152812243393808e-05
0,5,794,72.24701690673828,1.1252428026418346,0.38634711505196245,0.27431539512458936,-0.24831750036522432,0.0015576799748065343,0.11107321405331802,0.056677411711050535,0.0023256272566490985,-0.0032890317008292705,0.00030176829216504417,1.0152794253615917e-05
0,5,795,72.24700927734375,1.1252429238838144,0.3863475213808621,0.27431539512458936,-0.24831827807468332,0.001557680104244882,0.11107288914670291,0.056677392258546705,0.0023256220937813254,-0.0032890211462602006,0.00030176829216504417,1.0152774015115788e-05
0,5,796,72.24702453613281,1.1252430501279738,0.38634792454381633,0.27431539512458936,-0.24831904082819117,0.0015576802336832298,0.11107258664744056,0.056677379290210814,0.0023256171553860646,-0.00328901082623711,0.0003017683246436133,1.0152754900976779e-05
0,5,797,72.24701690673828,1.1252431708617567,0.38634831165736666,0.27431539512458936,-0.2483197886257479,0.0015576803631215774,0.11107226174082545,0.05667736632187493,0.0023256122169908037,-0.0032890009753059786,0.00030176829216504417,1.015273578683777e-05
0,5,798,72.24702453613281,1.125243286615494,0.3863487020005777,0.27431539512458936,-0.24832053642330462,0.0015576804925599252,0.11107194803788671,0.05667734686937109,0.002325607503068054,-0.003288991828012785,0.00030176829216504417,1.015271667269876e-05
0,5,799,72.24700927734375,1.1252434112487801,0.3863490827363306,0.27431539512458936,-0.24832126926491022,0.0015576806219982729,0.11107163433494797,0.05667734038520315,0.002325602789145305,-0.0032889831498115495,0.00030176829216504417,1.015269755855975e-05
0,5,800,72.24700927734375,1.125243530371869,0.38634944742329064,0.27431539512458936,-0.24832198715056467,0.0015576807514366207,0.11107129822465647,0.05667733390103521,0.002325597850750044,-0.0032889751752482525,0.0003017682272079058,1.015267844442074e-05
0,5,801,72.24700927734375,1.1252436616916675,0.38634981217027636,0.27431539512458936,-0.248322690080268,0.0015576810103133162,0.11107099572539413,0.05667734038520315,0.002325593361299807,-0.0032889679043228933,0.00030176825968647496,1.0152660454642848e-05
0,5,802,72.24701690673828,1.1252437811998854,0.38635014251576677,0.2743153692829344,-0.2483233780540202,0.0015576812691900116,0.11107067081877901,0.05667734686937109,0.0023255888718495695,-0.003288960633397534,0.00030176829216504417,1.0152642464864956e-05
0,5,803,72.24701690673828,1.1252439057086545,0.38635046969074655,0.27431534344127945,-0.24832405107182123,0.0015576815280667071,0.11107036831951667,0.056677359837706984,0.0023255846068718443,-0.0032889531279261955,0.00030176825968647496,1.0152625599448183e-05
0,5,804,72.24701690673828,1.1252440219381605,0.3863507904803453,0.27431531759962446,-0.24832470913367113,0.001557681657505055,0.1110700770239307,0.05667736632187493,0.0023255805663666305,-0.0032889460915468158,0.0003017683571221825,1.015260873403141e-05
0,5,805,72.24701690673828,1.1252441340768986,0.3863510993553879,0.2743152659163146,-0.24832536719552106,0.0015576817869434026,0.1110698081356975,0.05667737280604287,0.0023255763013889054,-0.0032889381169835187,0.0003017683571221825,1.0152592992975755e-05
0,5,806,72.24701690673828,1.125244244022803,0.3863514018436119,0.2743152142330047,-0.24832601030141985,0.0015576819163817504,0.11106955045114068,0.056677379290210814,0.0023255727098287155,-0.0032889301424202217,0.00030176845455789003,1.01525772519201e-05
0,5,807,72.24701690673828,1.1252443456837382,0.3863516979360556,0.2743151625496948,-0.2483266384513675,0.0015576820458200983,0.11106930397026024,0.056677379290210814,0.0023255686693235017,-0.0032889219333109452,0.00030176848703645923,1.0152561510864444e-05
0,5,808,72.24700927734375,1.1252444327606588,0.3863519692868502,0.27431508502472995,-0.248327251645364,0.001557682175258446,0.11106906869305619,0.05667737280604287,0.0023255648532908,-0.00328891325510971,0.00030176855199359753,1.0152545769808789e-05
0,5,809,72.24701690673828,1.1252445159592308,0.3863522470822918,0.2743150074997651,-0.24832786483936053,0.0015576824341351414,0.11106885582320492,0.056677359837706984,0.0023255610372580984,-0.003288904811454454,0.0003017686494293051,1.0152531153114252e-05
0,5,810,72.24700927734375,1.1252445858939566,0.3863525217153509,0.2743149299748002,-0.24832846307740591,0.0015576826930118368,0.11106866536070639,0.05667733390103521,0.0023255578946429325,-0.003288896836891157,0.00030176868190787424,1.0152517660780834e-05
0,5,811,72.24701690673828,1.1252446597244732,0.3863527899603964,0.2743148524498354,-0.24832904635950015,0.0015576829518885323,0.11106848610188426,0.05667731444853137,0.0023255543030827426,-0.003288889565965798,0.00030176871438644345,1.0152503044086296e-05
0,5,812,72.24701690673828,1.1252447335617812,0.3863530582188698,0.27431477492487055,-0.24832962964159438,0.0015576830813268802,0.11106830684306213,0.05667729499602754,0.002325551160467576,-0.0032888834677703353,0.00030176868190787424,1.0152490676113996e-05
0,5,813,72.24700927734375,1.1252448002242104,0.386353323314722,0.2743146973999057,-0.2483301979677375,0.001557683210765228,0.11106814999159276,0.05667726905935576,0.0023255480178524103,-0.00328887830775879,0.0003017686169507359,1.0152478308141695e-05
0,5,814,72.24701690673828,1.1252448574977372,0.3863535787996693,0.2743146198749409,-0.24833075133792948,0.0015576833402035756,0.11106799314012339,0.05667723663851604,0.002325545099709756,-0.003288873147747245,0.00030176858447216674,1.0152465940169396e-05
0,5,815,72.24700927734375,1.1252449219699683,0.386353837510112,0.274314542349976,-0.24833130470812145,0.0015576833402035756,0.11106784749233041,0.05667721070184426,0.0023255421815671015,-0.003288868456827658,0.00030176855199359753,1.0152454696558212e-05
0,5,816,72.24701690673828,1.1252449916551348,0.3863541114029116,0.27431449066666613,-0.24833184312236228,0.0015576833402035756,0.1110677242518902,0.056677184765172486,0.0023255394878969595,-0.00328886423500003,0.0003017685195150284,1.015244345294703e-05
0,5,817,72.24700927734375,1.125245056934812,0.38635437245850074,0.2743144389833562,-0.248332366580652,0.001557683210765228,0.11106758980777359,0.05667715882850071,0.002325536794226817,-0.0032888595440804438,0.0003017685195150284,1.0152432209335848e-05
0,5,818,72.24700927734375,1.1252451222159543,0.386354633512009,0.2743143873000463,-0.2483328900389417,0.0015576829518885323,0.11106745536365699,0.05667713289182893,0.0023255343250291865,-0.0032888543840688986,0.00030176848703645923,1.0152422090085784e-05
0,5,819,72.24700927734375,1.1252451841983433,0.3863548849516681,0.2743143356167364,-0.24833339854128028,0.0015576825635734892,0.1110673209195404,0.05667710695515715,0.002325531631359044,-0.0032888492240573533,0.00030176845455789003,1.0152411970835721e-05
0,5,820,72.24700927734375,1.1252452469697567,0.38635513868299826,0.2743143097750815,-0.2483338920876677,0.0015576820458200983,0.11106716406807103,0.05667708101848538,0.0023255289376889017,-0.0032888438294998287,0.00030176845455789003,1.0152400727224538e-05
0,5,821,72.24700927734375,1.1252453025467901,0.38635538918875156,0.2743142839334265,-0.24833438563405516,0.0015576813986283595,0.11106699601292527,0.056677048597645656,0.0023255260195462475,-0.0032888379658503456,0.00030176845455789003,1.0152390607974475e-05
0,5,822,72.24700927734375,1.1252453647911325,0.38635562364440895,0.27431425809177157,-0.24833486422449147,0.0015576807514366207,0.11106680555042676,0.056677029145141826,0.0023255231014035933,-0.003288832571292821,0.00030176845455789003,1.0152381613085528e-05
0,5,823,72.24701690673828,1.1252454159658196,0.3863558613220303,0.27431423225011664,-0.24833534281492775,0.0015576799748065343,0.11106662629160463,0.0566769967243021,0.002325519958788427,-0.0032888274112812758,0.00030176848703645923,1.0152371493835464e-05
0,5,824,72.24700927734375,1.1252454603129447,0.3863560613804459,0.27431418056680673,-0.24833580644941294,0.0015576791981764477,0.11106641342175334,0.05667697078763032,0.002325517040645773,-0.00328882248581571,0.00030176845455789003,1.01523613745854e-05
0,5,825,72.24701690673828,1.1252455035539823,0.38635625821733083,0.2743141288834968,-0.2483362700838981,0.0015576784215463612,0.11106618934822568,0.05667694485095855,0.002325513898030607,-0.003288817560350144,0.00030176838960075167,1.0152351255335336e-05
0,5,826,72.24700927734375,1.1252455517929543,0.38635645188248646,0.2743140772001869,-0.24833671876243213,0.0015576777743546225,0.11106598768205078,0.05667692539845472,0.0023255109798879527,-0.003288812400338599,0.00030176838960075167,1.0152342260446391e-05
0,5,827,72.24701690673828,1.1252455967318875,0.386356635936343,0.274314025516877,-0.24833715248501503,0.0015576771271628837,0.11106578601587588,0.05667690594595088,0.0023255082862178103,-0.0032888072403270538,0.00030176838960075167,1.0152333265557444e-05
0,5,828,72.24701690673828,1.1252456353694018,0.3863568016437143,0.27431394799191217,-0.24833758620759794,0.0015576766094094927,0.11106558434970097,0.05667688649344705,0.0023255053680751557,-0.0032888023148614875,0.0003017683571221825,1.0152323146307382e-05
0,5,829,72.24701690673828,1.1252456756907574,0.3863569545210821,0.27431387046694733,-0.2483380049742297,0.0015576760916561018,0.1110653714798497,0.05667687352511116,0.0023255026744050137,-0.003288797623941901,0.0003017683571221825,1.0152315275779554e-05
0,5,830,72.24700927734375,1.1252457281907997,0.3863571074063168,0.2743137929419825,-0.24833842374086146,0.0015576757033410585,0.11106515860999841,0.05667687352511116,0.002325500205207383,-0.0032887936366602527,0.0003017683571221825,1.0152306280890607e-05
0,5,831,72.24700927734375,1.1252457652089352,0.38635725067546894,0.27431371541701766,-0.2483388275515421,0.001557675444464363,0.11106494574014712,0.056676860556775274,0.0023254975115372407,-0.0032887894148326247,0.0003017683246436133,1.015229841036278e-05
0,5,832,72.24700927734375,1.1252458020144838,0.3863573755975811,0.27431361205039784,-0.24833923136222272,0.0015576753150260152,0.11106473287029585,0.05667685407260733,0.0023254948178670983,-0.0032887851930049968,0.0003017683246436133,1.0152290539834952e-05
0,5,833,72.24700927734375,1.1252458393957177,0.38635748446229257,0.2743135086837781,-0.24833962021695222,0.0015576751855876675,0.1110644975930918,0.05667685407260733,0.002325491899724444,-0.0032887807366313894,0.0003017683571221825,1.0152281544946006e-05
0,5,834,72.24700927734375,1.125245877879934,0.38635759654553264,0.27431340531715825,-0.24834000907168172,0.0015576751855876675,0.11106427351956413,0.05667685407260733,0.0023254892060543017,-0.0032887758111658236,0.0003017683571221825,1.0152271425695942e-05
0,5,835,72.24700927734375,1.1252459141694204,0.3863577022367123,0.27431330195053844,-0.24834038297046007,0.0015576751855876675,0.11106406064971285,0.05667685407260733,0.0023254865123841593,-0.003288770885700258,0.0003017684220793209,1.0152263555168114e-05
0,5,836,72.24701690673828,1.1252459443686016,0.38635780793036656,0.27431319858391867,-0.24834075686923845,0.0015576753150260152,0.11106384777986156,0.05667684758843938,0.002325483818714017,-0.003288766194780671,0.00030176848703645923,1.0152255684640287e-05
0,5,837,72.24701690673828,1.125245988953969,0.3863579200611472,0.27431309521729885,-0.2483411307680168,0.0015576755739027108,0.11106365731736305,0.05667685407260733,0.0023254813495163862,-0.003288760800223147,0.00030176855199359753,1.0152246689751341e-05
0,5,838,72.24701690673828,1.1252460180592714,0.38635802257506613,0.2743129918506791,-0.24834148971084402,0.0015576758327794063,0.11106346685486453,0.05667684758843938,0.002325478880318756,-0.0032887549365736633,0.0003017686169507359,1.0152238819223514e-05
0,5,839,72.24700927734375,1.125246061763659,0.38635814988015516,0.2743129143257142,-0.24834184865367126,0.0015576762210944494,0.11106329879971878,0.05667684758843938,0.0023254764111211254,-0.0032887493074701597,0.00030176868190787424,1.0152230948695686e-05
0,5,840,72.24700927734375,1.1252460971848754,0.3863582707949312,0.27431283680074936,-0.24834219264054735,0.0015576766094094927,0.11106314194824941,0.05667684110427144,0.0023254739419234947,-0.003288743912912635,0.0003017687793435818,1.015222195380674e-05
0,5,841,72.24701690673828,1.1252461337122717,0.38635839493135593,0.2743127592757845,-0.24834253662742345,0.001557676997724536,0.11106299630045643,0.05667683462010349,0.002325471921670888,-0.0032887382838091314,0.0003017688443007201,1.015221520764003e-05
0,5,842,72.24700927734375,1.1252461752389298,0.3863585159000067,0.2743126817508197,-0.2483428656583484,0.001557677515477927,0.1110628730600162,0.05667683462010349,0.0023254699014182813,-0.003288733123797586,0.00030176894173642767,1.0152207337112205e-05
0,5,843,72.24700927734375,1.1252462097805525,0.3863586519930557,0.2743126300675098,-0.24834319468927338,0.001557678033231318,0.11106273861589962,0.05667682165176761,0.0023254674322206507,-0.003288727963786041,0.000301769006693566,1.0152198342223258e-05
0,5,844,72.24700927734375,1.1252462537315244,0.3863587977562566,0.27431257838419987,-0.24834352372019833,0.0015576785509847089,0.11106263778281217,0.05667681516759966,0.0023254656364405557,-0.003288723272866454,0.0003017690716507044,1.015219047169543e-05
0,5,845,72.24700927734375,1.1252462943827612,0.386358933902955,0.27431252670088996,-0.24834383779517213,0.0015576789392997522,0.11106253694972472,0.056676808683431716,0.002325463616187949,-0.0032887183474008884,0.0003017691041292735,1.0152181476806485e-05
0,5,846,72.24701690673828,1.1252463413369787,0.3863590884066416,0.27431250085923503,-0.24834415187014597,0.0015576793276147955,0.11106243611663726,0.05667680219926377,0.002325461820407854,-0.00328871436011924,0.0003017691366078427,1.0152173606278657e-05
0,5,847,72.24700927734375,1.1252463777997743,0.3863592300824391,0.2743124750175801,-0.24834445098916866,0.001557679586491491,0.11106232407987343,0.056676789230927886,0.002325460024627759,-0.003288711076475529,0.00030176903917213517,1.015216573575083e-05
0,5,848,72.24700927734375,1.1252464133672655,0.38635938688460036,0.2743124750175801,-0.24834475010819135,0.0015576798453681864,0.11106220083943322,0.05667676977842405,0.0023254577799026407,-0.003288708027377798,0.000301769006693566,1.0152157865223002e-05
0,5,849,72.24701690673828,1.1252464500438428,0.38635954691683977,0.2743124750175801,-0.24834504922721404,0.001557680104244882,0.11106208880266938,0.05667675032592022,0.002325455759650034,-0.003288705916463984,0.00030176890925785846,1.0152149994695174e-05
0,5,850,72.24701690673828,1.1252464856338797,0.3863597037783624,0.2743124750175801,-0.24834533339028558,0.0015576802336832298,0.11106199917325832,0.05667673087341638,0.002325453963869939,-0.00328870380555017,0.00030176881182215095,1.0152140999806229e-05
0,5,851,72.24700927734375,1.125246531190465,0.3863598541988977,0.2743124750175801,-0.24834561755335716,0.0015576803631215774,0.11106188713649448,0.056676724389248444,0.002325452168089844,-0.003288701694636356,0.00030176871438644345,1.0152133129278401e-05
0,5,852,72.24701690673828,1.1252465780631158,0.3863600261862282,0.27431250085923503,-0.2483459017164287,0.0015576804925599252,0.11106178630340703,0.05667671142091255,0.002325450147837237,-0.003288699583722542,0.0003017686494293051,1.0152124134389456e-05
0,5,853,72.24701690673828,1.1252466238493597,0.3863601950094039,0.27431252670088996,-0.24834617092354913,0.0015576806219982729,0.11106170787767235,0.05667669845257666,0.002325448801002166,-0.003288697941900687,0.0003017685195150284,1.0152116263861628e-05
0,5,854,72.24701690673828,1.1252466818128282,0.38636036383003414,0.27431255254254494,-0.24834644013066956,0.0015576807514366207,0.11106162945193766,0.05667669845257666,0.002325447005222071,-0.0032886963000788314,0.0003017684220793209,1.01521083933338e-05
0,5,855,72.24701690673828,1.1252467347940545,0.38636053587405916,0.27431257838419987,-0.24834670933778996,0.0015576808808749685,0.11106156222987937,0.056676691968408716,0.002325445658387,-0.0032886946582569763,0.0003017683246436133,1.0152100522805973e-05
0,5,856,72.24701690673828,1.1252467905628625,0.38636069830277237,0.27431260422585485,-0.24834696358895925,0.0015576810103133162,0.11106149500782106,0.056676691968408716,0.0023254443115519286,-0.0032886927818891417,0.00030176825968647496,1.0152092652278145e-05
0,5,857,72.24700927734375,1.1252468424547546,0.3863608671740592,0.2743126300675098,-0.24834721784012853,0.001557681139751664,0.11106145019311553,0.05667668548424078,0.0023254431891893694,-0.0032886909055213067,0.00030176819472933666,1.0152087030472554e-05
0,5,858,72.24701690673828,1.1252468954522894,0.38636103926537924,0.2743126559091647,-0.24834747209129782,0.0015576812691900116,0.11106141658208638,0.05667667900007283,0.002325442291299322,-0.0032886887946074928,0.00030176816225076746,1.0152081408666963e-05
0,5,859,72.24700927734375,1.1252469438325865,0.38636118017544013,0.2743126559091647,-0.24834771138651598,0.0015576813986283595,0.11106137176738085,0.05667667900007283,0.0023254413934092745,-0.0032886866836936792,0.0003017681297721983,1.0152075786861372e-05
0,5,860,72.24700927734375,1.1252469883354939,0.3863613275266996,0.2743126559091647,-0.24834795068173413,0.0015576815280667071,0.11106134936002808,0.056676672515904886,0.002325440495519227,-0.0032886845727798653,0.0003017680972936291,1.0152071289416899e-05
0,5,861,72.24701690673828,1.1252470328366244,0.3863614748727337,0.2743126559091647,-0.2483481899769523,0.001557681657505055,0.11106132695267532,0.05667666603173694,0.002325439373156668,-0.0032886819927740924,0.0003017680972936291,1.0152065667611308e-05
0,5,862,72.24700927734375,1.1252470762487776,0.3863616190471587,0.2743126559091647,-0.2483484143162193,0.0015576817869434026,0.11106132695267532,0.056676659547568994,0.002325438699739132,-0.0032886791782223406,0.0003017680972936291,1.0152060045805717e-05
0,5,863,72.24700927734375,1.1252471196598248,0.38636176321831256,0.2743126559091647,-0.24834863865548631,0.0015576819163817504,0.11106132695267532,0.056676653063401056,0.0023254378018490846,-0.0032886761291246094,0.0003017680972936291,1.0152055548361243e-05
0,5,864,72.24700927734375,1.1252471506826769,0.38636188904363244,0.2743126300675098,-0.24834886299475334,0.0015576820458200983,0.11106132695267532,0.056676640095065164,0.002325437128431549,-0.003288673080026878,0.0003017681297721983,1.015205105091677e-05
0,5,865,72.24700927734375,1.1252471844946434,0.38636200525817077,0.27431260422585485,-0.24834907237806922,0.001557682175258446,0.11106132695267532,0.05667663361089722,0.0023254362305415014,-0.0032886705000211053,0.00030176816225076746,1.0152046553472298e-05
0,5,866,72.24700927734375,1.1252472122192188,0.3863621214774625,0.27431257838419987,-0.2483492817613851,0.0015576823046967937,0.11106132695267532,0.056676620642561334,0.002325435781596478,-0.003288668154561312,0.00030176816225076746,1.0152042056027825e-05
0,5,867,72.24700927734375,1.125247231641822,0.3863622312517268,0.27431255254254494,-0.24834949114470098,0.0015576824341351414,0.11106130454532255,0.0566766011900575,0.0023254346592339187,-0.003288665809101519,0.00030176819472933666,1.015203868294447e-05
0,5,868,72.24701690673828,1.1252472643532228,0.386362344254686,0.27431252670088996,-0.24834970052801686,0.0015576824341351414,0.11106129334164616,0.05667659470588955,0.0023254342102888947,-0.0032886639327336844,0.00030176825968647496,1.0152035309861116e-05
0,5,869,72.24700927734375,1.125247292660465,0.38636244443088485,0.27431250085923503,-0.24834989495538162,0.0015576824341351414,0.1110612709342934,0.05667658822172161,0.0023254333123988473,-0.003288663229095746,0.00030176825968647496,1.015203306113888e-05
0,5,870,72.24700927734375,1.1252473198628732,0.38636254138932535,0.2743124750175801,-0.24835008938274636,0.0015576824341351414,0.11106123732326424,0.05667658173755367,0.0023254328634538237,-0.0032886625254578083,0.00030176825968647496,1.0152030812416643e-05
0,5,871,72.24700927734375,1.1252473385542758,0.3863626135601842,0.2743124233342702,-0.24835028381011112,0.0015576824341351414,0.11106118130488232,0.05667657525338572,0.002325432190036288,-0.0032886620563658494,0.00030176825968647496,1.0152028563694406e-05
0,5,872,72.24700927734375,1.125247351160176,0.3863626857351353,0.2743123716509603,-0.24835047823747586,0.0015576823046967937,0.11106112528650042,0.05667656228504983,0.0023254315166187523,-0.0032886620563658494,0.00030176825968647496,1.015202631497217e-05
0,5,873,72.24700927734375,1.1252473776242369,0.38636274506943064,0.2743123199676504,-0.24835065770888948,0.001557682175258446,0.11106105806444211,0.056676568769217776,0.002325430394256193,-0.003288661587273891,0.00030176829216504417,1.0152024066249933e-05
0,5,874,72.24700927734375,1.1252473775199758,0.38636279795473133,0.27431226828434047,-0.2483508371803031,0.0015576819163817504,0.11106096843503105,0.056676549316713946,0.002325429271893634,-0.003288660179998015,0.00030176825968647496,1.0152021817527698e-05
0,5,875,72.24700927734375,1.125247396790488,0.3863628540660275,0.2743122166010306,-0.2483510166517167,0.001557681657505055,0.11106089000929636,0.056676549316713946,0.0023254283740035864,-0.0032886592418140976,0.00030176825968647496,1.0152018444444342e-05
0,5,876,72.24700927734375,1.125247407758355,0.38636290373036813,0.2743121649177207,-0.2483511961231303,0.0015576813986283595,0.11106078917620892,0.056676542832546,0.002325427476113539,-0.0032886575999922425,0.0003017682272079058,1.0152017320083224e-05
0,5,877,72.24700927734375,1.125247422619498,0.38636294699975915,0.2743121132344108,-0.24835136063859278,0.001557681139751664,0.11106069954679784,0.056676542832546,0.0023254265782234915,-0.003288655723624408,0.00030176819472933666,1.015201394699987e-05
0,5,878,72.24700927734375,1.1252474435685573,0.38636299026589555,0.2743120615511009,-0.24835152515405526,0.0015576808808749685,0.11106060991738678,0.056676549316713946,0.0023254254558609322,-0.003288653612710594,0.00030176816225076746,1.0152010573916514e-05
0,5,879,72.24700927734375,1.1252474595353343,0.3863630367553375,0.274312009867791,-0.24835168966951776,0.0015576806219982729,0.1110605314916521,0.056676549316713946,0.0023254247824433965,-0.00328865150179678,0.0003017681297721983,1.015200720083316e-05
0,5,880,72.24700927734375,1.1252474815888769,0.38636308323817176,0.2743119581844811,-0.24835185418498024,0.0015576803631215774,0.11106045306591741,0.056676555800881885,0.0023254236600808373,-0.003288648921791007,0.0003017680972936291,1.0152003827749805e-05
0,5,881,72.24701690673828,1.125247494250916,0.3863631201028551,0.2743119065011712,-0.24835200374449157,0.001557680104244882,0.11106037464018273,0.056676555800881885,0.00232542276219079,-0.0032886456381472965,0.00030176806481505995,1.0151999330305332e-05
0,5,882,72.24701690673828,1.1252475008225882,0.3863631569636483,0.2743118548178613,-0.24835215330400293,0.0015576798453681864,0.11106029621444805,0.056676549316713946,0.0023254218643007423,-0.0032886418854116274,0.00030176806481505995,1.015199483286086e-05
0,5,883,72.24701690673828,1.1252475206781294,0.3863631970449937,0.2743118031345514,-0.24835230286351426,0.001557679586491491,0.11106022899238975,0.056676555800881885,0.002325420966410695,-0.0032886381326759583,0.00030176803233649075,1.0151990335416387e-05
0,5,884,72.24702453613281,1.1252475540271958,0.38636325869742144,0.27431177729289646,-0.24835245242302562,0.0015576794570531431,0.11106017297400783,0.056676568769217776,0.002325420292993159,-0.003288634614486268,0.0003017679998579216,1.0151986962333032e-05
0,5,885,72.24702453613281,1.125247581287483,0.3863633203505779,0.2743117514512415,-0.24835260198253695,0.0015576793276147955,0.11106011695562591,0.05667657525338572,0.0023254193951031117,-0.0032886313308425575,0.0003017679998579216,1.0151983589249677e-05
0,5,886,72.24702453613281,1.1252475991587696,0.38636337239287216,0.27431172560958655,-0.24835273658609716,0.0015576791981764477,0.11106006093724399,0.05667657525338572,0.0023254189461580877,-0.003288628047198847,0.0003017679998579216,1.0151979091805205e-05
0,5,887,72.24702453613281,1.1252476303148293,0.38636342765835024,0.2743116997679316,-0.24835287118965738,0.0015576790687381,0.11106001612253846,0.05667658822172161,0.0023254182727405525,-0.003288625232647095,0.0003017679998579216,1.0151976843082968e-05
0,5,888,72.24702453613281,1.125247654276704,0.386363479711344,0.27431167392627664,-0.2483530057932176,0.0015576790687381,0.11105996010415654,0.05667659470588955,0.0023254175993230168,-0.0032886233562792605,0.0003017679673793524,1.0151973469999614e-05
0,5,889,72.24700927734375,1.1252476660626083,0.3863635317704275,0.2743116480846217,-0.2483531403967778,0.0015576790687381,0.11105990408577462,0.05667658822172161,0.002325416925905481,-0.003288622183549364,0.0003017679998579216,1.0151972345638495e-05
0,5,890,72.24700927734375,1.1252476878172921,0.38636357739517263,0.27431162224296674,-0.248353275000338,0.0015576790687381,0.11105982566003994,0.05667659470588955,0.0023254160280154336,-0.0032886219490033844,0.0003017679673793524,1.0151970096916258e-05
0,5,891,72.24700927734375,1.1252476985020232,0.38636362624718024,0.2743115964013118,-0.2483534096038982,0.0015576790687381,0.11105975843798165,0.05667658822172161,0.00232541557907041,-0.003288622183549364,0.0003017679673793524,1.015196897255514e-05
0,5,892,72.24700927734375,1.1252477058849004,0.3863636654828437,0.2743115705596569,-0.2483535292515073,0.0015576790687381,0.11105969121592335,0.05667658173755367,0.0023254146811803626,-0.0032886224180953432,0.0003017679024222141,1.0151966723832904e-05
0,5,893,72.24700927734375,1.1252477071780955,0.38636370471660797,0.2743115447180019,-0.24835364889911637,0.0015576790687381,0.11105962399386504,0.056676568769217776,0.002325413783290315,-0.0032886224180953432,0.0003017679024222141,1.0151965599471786e-05
0,5,894,72.24700927734375,1.1252477012756,0.38636374072732615,0.27431151887634697,-0.24835376854672545,0.0015576790687381,0.11105954556813036,0.056676549316713946,0.0023254131098727794,-0.0032886219490033844,0.00030176793490078324,1.0151964475110667e-05
0,5,895,72.24701690673828,1.1252477036725617,0.3863637831756959,0.274311493034692,-0.24835388819433452,0.0015576790687381,0.11105948954974845,0.056676536348378055,0.002325412211982732,-0.0032886212453654465,0.0003017679673793524,1.015196335074955e-05
0,5,896,72.24700927734375,1.1252476988747309,0.386363822403636,0.27431146719303706,-0.24835400784194359,0.0015576790687381,0.11105942232769014,0.056676516895874225,0.0023254113140926845,-0.0032886205417275087,0.0003017679998579216,1.015196335074955e-05
0,5,897,72.24701690673828,1.1252477012708273,0.3863638648494758,0.27431144135138213,-0.24835412748955266,0.0015576790687381,0.11105936630930822,0.056676503927538334,0.0023254106406751488,-0.003288619368997612,0.00030176806481505995,1.015196222638843e-05
0,5,898,72.24701690673828,1.1252476903812407,0.38636390406947024,0.27431141550972715,-0.24835424713716175,0.0015576790687381,0.11105929908724993,0.05667647799086656,0.0023254097427851013,-0.0032886177271757564,0.00030176803233649075,1.0151961102027313e-05
0,5,899,72.24701690673828,1.1252476761917298,0.3863639336725692,0.2743113896680722,-0.24835435182881968,0.0015576789392997522,0.11105923186519163,0.05667645205419478,0.002325408620422542,-0.003288615850807922,0.0003017680972936291,1.0151959977666195e-05
0,5,900,72.24701690673828,1.1252476691981803,0.3863639664994931,0.27431136382641724,-0.24835445652047763,0.0015576788098614046,0.11105917584680972,0.056676432601690946,0.0023254077225324946,-0.0032886142089860668,0.0003017681297721983,1.0151958853305076e-05
0,5,901,72.24701690673828,1.1252476622046355,0.38636399932642707,0.2743113379847623,-0.24835456121213556,0.0015576786804230567,0.1110591198284278,0.056676413149187116,0.002325406824642447,-0.003288612567164211,0.0003017681297721983,1.015195660458284e-05
0,5,902,72.24701690673828,1.1252476552104271,0.3863640321514255,0.2743113121431074,-0.24835466590379351,0.0015576785509847089,0.11105906381004588,0.05667639369668328,0.0023254059267523997,-0.0032886106907963767,0.00030176816225076746,1.0151955480221722e-05
0,5,903,72.24701690673828,1.1252476554115005,0.38636406819826835,0.2743112863014524,-0.24835477059545144,0.0015576784215463612,0.11105901899534035,0.056676380728347395,0.0023254052533348644,-0.003288608814428542,0.00030176819472933666,1.0151953231499485e-05
0,5,904,72.24701690673828,1.1252476668956972,0.3863641193723972,0.2743112863014524,-0.2483548752871094,0.0015576782921080134,0.11105896297695843,0.05667637424417945,0.002325404355444817,-0.003288607172606687,0.00030176819472933666,1.015194985841613e-05
0,5,905,72.24701690673828,1.125247680592602,0.3863641769908118,0.2743112863014524,-0.24835497997876735,0.0015576781626696658,0.11105892936592927,0.0566763677600115,0.002325403682027281,-0.003288605765330811,0.00030176819472933666,1.0151948734055012e-05
0,5,906,72.24701690673828,1.1252476887772436,0.3863642185552974,0.2743112863014524,-0.24835506971447413,0.001557678033231318,0.11105887334754737,0.05667636127584356,0.0023254027841372337,-0.003288604592600914,0.00030176819472933666,1.0151946485332776e-05
0,5,907,72.24700927734375,1.1252477052661474,0.3863642665714223,0.2743112863014524,-0.24835515945018094,0.0015576779037929703,0.11105883973651821,0.05667636127584356,0.0023254023351922098,-0.0032886043580549348,0.0003017682272079058,1.015194423661054e-05
0,5,908,72.24700927734375,1.125247720649973,0.3863643113691117,0.2743112863014524,-0.24835524918588775,0.0015576777743546225,0.11105879492181268,0.05667636127584356,0.0023254018862471863,-0.0032886043580549348,0.00030176825968647496,1.015194311224942e-05
0,5,909,72.24700927734375,1.1252477515310062,0.38636436583348555,0.2743112863014524,-0.24835533892159456,0.0015576776449162746,0.1110587837181363,0.05667637424417945,0.0023254016617746745,-0.0032886048271468936,0.00030176825968647496,1.0151941987888303e-05
0,5,910,72.24700927734375,1.125247769124945,0.38636441707407754,0.2743112863014524,-0.24835542865730137,0.0015576776449162746,0.11105876131078353,0.05667637424417945,0.0023254012128296505,-0.003288605061692873,0.00030176825968647496,1.0151940863527184e-05
0,5,911,72.24700927734375,1.1252477988967287,0.3863644683140396,0.2743112863014524,-0.24835551839300818,0.0015576776449162746,0.11105873890343076,0.05667638721251533,0.002325400988357139,-0.003288605061692873,0.00030176825968647496,1.0151938614804949e-05
0,5,912,72.24700927734375,1.1252478236845838,0.3863645227724916,0.2743112863014524,-0.248355608128715,0.0015576776449162746,0.11105872769975438,0.05667639369668328,0.002325400763884627,-0.0032886048271468936,0.00030176829216504417,1.015193749044383e-05
0,5,913,72.24700927734375,1.125247841278786,0.3863645740138343,0.2743112863014524,-0.2483556978644218,0.0015576776449162746,0.11105870529240161,0.05667639369668328,0.002325400763884627,-0.0032886048271468936,0.00030176829216504417,1.015193749044383e-05
0,5,914,72.24701690673828,1.1252478638712449,0.3863646220784045,0.2743112863014524,-0.24835577264417746,0.0015576776449162746,0.11105870529240161,0.056676400180851225,0.002325400763884627,-0.0032886043580549348,0.0003017683246436133,1.0151936366082712e-05
0,5,915,72.24700927734375,1.1252478864636906,0.3863646701429324,0.2743112863014524,-0.24835584742393313,0.0015576776449162746,0.11105870529240161,0.05667640666501917,0.002325400763884627,-0.0032886038889629763,0.00030176829216504417,1.0151936366082712e-05
0,5,916,72.24701690673828,1.1252479090543148,0.3863647182021504,0.2743112863014524,-0.2483559222036888,0.0015576776449162746,0.11105870529240161,0.056676413149187116,0.002325400539412115,-0.003288602950779059,0.00030176829216504417,1.0151934117360475e-05
0,5,917,72.24701690673828,1.125247912269583,0.3863647630336445,0.2743112863014524,-0.2483559969834445,0.0015576776449162746,0.11105869408872523,0.056676400180851225,0.0023254000904670913,-0.0032886013089572035,0.0003017683571221825,1.0151931868638239e-05
0,5,918,72.24701690673828,1.1252479287672879,0.3863648110815216,0.2743112863014524,-0.24835607176320015,0.0015576776449162746,0.11105869408872523,0.056676400180851225,0.0023253996415220674,-0.0032885991980433895,0.0003017683246436133,1.0151929619916002e-05
0,5,919,72.24701690673828,1.1252479391764494,0.386364859130809,0.2743112863014524,-0.24835614654295582,0.0015576776449162746,0.11105869408872523,0.05667639369668328,0.0023253994170495556,-0.0032885970871295756,0.0003017683571221825,1.0151927371193765e-05
0,5,920,72.24701690673828,1.1252479484777071,0.38636490395961265,0.2743112863014524,-0.24835622132271148,0.0015576777743546225,0.11105868288504885,0.05667638721251533,0.002325399192577044,-0.0032885949762157616,0.0003017683246436133,1.0151926246832648e-05
0,5,921,72.24701690673828,1.1252479516899498,0.38636494878845123,0.2743112863014524,-0.24835629610246718,0.0015576779037929703,0.11105867168137246,0.05667637424417945,0.002325398968104532,-0.0032885928653019476,0.0003017683246436133,1.015192512247153e-05
0,5,922,72.24701690673828,1.1252479598863638,0.3863649903995013,0.2743112863014524,-0.24835637088222284,0.001557678033231318,0.11105864927401969,0.0566763677600115,0.002325398519159508,-0.0032885912234800925,0.0003017683246436133,1.0151923998110411e-05
0,5,923,72.24701690673828,1.1252479680823104,0.3863650320091862,0.2743112863014524,-0.2483564456619785,0.0015576781626696658,0.11105862686666693,0.05667636127584356,0.002325397845741973,-0.0032885895816582374,0.00030176829216504417,1.0151922873749293e-05
0,5,924,72.24701690673828,1.1252479718768607,0.38636506079408073,0.2743112863014524,-0.24835650548578306,0.0015576781626696658,0.11105859325563779,0.05667635479167561,0.002325397396796949,-0.003288588878020299,0.00030176829216504417,1.015191950066594e-05
0,5,925,72.24701690673828,1.1252479756718496,0.3863650895802505,0.2743112863014524,-0.24835656530958758,0.0015576781626696658,0.11105855964460863,0.056676348307507673,0.0023253964989069014,-0.00328858864347432,0.00030176825968647496,1.0151916127582583e-05
0,5,926,72.24701690673828,1.125247978362688,0.3863651151506939,0.2743112863014524,-0.24835662513339213,0.0015576781626696658,0.1110585148299031,0.05667634182333973,0.002325396049961878,-0.00328858864347432,0.0003017682272079058,1.0151913878860347e-05
0,5,927,72.24701690673828,1.1252479821601973,0.38636514394419974,0.2743112863014524,-0.24835668495719668,0.0015576781626696658,0.11105848121887395,0.05667633533917178,0.002325395376544342,-0.0032885891125662785,0.00030176816225076746,1.0151910505776992e-05
0,5,928,72.24701690673828,1.1252479981364616,0.3863651727397374,0.2743112863014524,-0.2483567447810012,0.0015576781626696658,0.11105844760784479,0.05667634182333973,0.0023253947031268065,-0.0032885898162042164,0.0003017681297721983,1.0151908257054756e-05
0,5,929,72.24701690673828,1.125248001934443,0.3863652015346144,0.2743112863014524,-0.24835680460480575,0.0015576781626696658,0.11105841399681565,0.05667633533917178,0.002325394254181783,-0.0032885902852961752,0.00030176806481505995,1.0151904883971401e-05
0,5,930,72.24701690673828,1.1252480179070017,0.38636523032553405,0.2743112863014524,-0.24835686442861027,0.0015576782921080134,0.1110583803857865,0.05667634182333973,0.002325393805236759,-0.0032885902852961752,0.00030176803233649075,1.0151902635249165e-05
0,5,931,72.24701690673828,1.1252480288956348,0.38636526233494706,0.2743112863014524,-0.24835692425241482,0.0015576784215463612,0.11105835797843373,0.05667634182333973,0.0023253933562917355,-0.003288590050750196,0.00030176806481505995,1.0151900386526928e-05
0,5,932,72.24700927734375,1.125248032688995,0.3863652911225382,0.2743112863014524,-0.24835698407621937,0.0015576785509847089,0.11105832436740458,0.05667633533917178,0.0023253926828742,-0.0032885898162042164,0.00030176803233649075,1.015189926216581e-05
0,5,933,72.24700927734375,1.1252480436760344,0.3863653231273044,0.2743112863014524,-0.2483570439000239,0.0015576786804230567,0.11105830196005181,0.05667633533917178,0.002325392458401688,-0.003288588878020299,0.00030176803233649075,1.0151897013443574e-05
0,5,934,72.24700927734375,1.1252480629615071,0.38636536157290585,0.2743112863014524,-0.24835710372382844,0.0015576789392997522,0.11105830196005181,0.05667634182333973,0.002325392233929176,-0.003288587939836382,0.0003017679998579216,1.0151894764721337e-05
0,5,935,72.24700927734375,1.125248073945282,0.38636539357433874,0.2743112863014524,-0.24835716354763296,0.0015576791981764477,0.11105827955269905,0.05667634182333973,0.0023253917849841523,-0.003288586767106485,0.0003017679998579216,1.0151892515999102e-05
0,5,936,72.24701690673828,1.1252480744330677,0.38636541274096514,0.2743112863014524,-0.24835720841548636,0.0015576794570531431,0.1110582459416699,0.05667633533917178,0.0023253915605116406,-0.0032885853598306094,0.0003017679998579216,1.0151891391637983e-05
0,5,937,72.24701690673828,1.1252480810096421,0.38636543190689315,0.2743112863014524,-0.24835725328333977,0.0015576797159298386,0.11105821233064074,0.05667633533917178,0.002325390887094105,-0.0032885841871007127,0.0003017679998579216,1.0151890267276865e-05
0,5,938,72.24701690673828,1.1252480814965147,0.38636545107085735,0.2743112863014524,-0.24835729815119317,0.0015576799748065343,0.1110581787196116,0.05667632885500384,0.002325390213676569,-0.0032885827798248366,0.00030176803233649075,1.0151889142915746e-05
0,5,939,72.24700927734375,1.1252480869682577,0.3863654670190807,0.2743112863014524,-0.24835734301904658,0.0015576802336832298,0.11105813390490606,0.05667632885500384,0.0023253899892040574,-0.00328858160709494,0.00030176803233649075,1.015188689419351e-05
0,5,940,72.24700927734375,1.125248097423711,0.3863654797481853,0.2743112863014524,-0.24835738788689998,0.0015576804925599252,0.11105807788652415,0.05667633533917178,0.0023253893157865217,-0.003288580903457002,0.00030176803233649075,1.0151884645471274e-05
0,5,941,72.24700927734375,1.1252481028977308,0.38636549570303874,0.2743112863014524,-0.2483574327547534,0.0015576807514366207,0.11105803307181861,0.05667633533917178,0.002325388866841498,-0.0032885806689110226,0.0003017679998579216,1.0151883521110155e-05
0,5,942,72.24700927734375,1.1252480961934657,0.38636551165722155,0.2743112863014524,-0.2483574776226068,0.0015576810103133162,0.11105798825711308,0.05667632237083589,0.0023253879689514507,-0.0032885806689110226,0.0003017679998579216,1.0151881272387918e-05
0,5,943,72.24702453613281,1.1252481005626458,0.38636552439434685,0.2743112863014524,-0.2483575224904602,0.0015576812691900116,0.11105793223873116,0.05667632237083589,0.002325387295533915,-0.003288580903457002,0.0003017679998579216,1.0151879023665683e-05
0,5,944,72.24702453613281,1.1252480988414233,0.386365537127467,0.2743112863014524,-0.2483575673583136,0.0015576815280667071,0.11105787622034925,0.05667631588666795,0.0023253866221163793,-0.0032885806689110226,0.0003017679673793524,1.0151876774943446e-05
0,5,945,72.24702453613281,1.1252481054196326,0.3863655562981514,0.2743112863014524,-0.248357612226167,0.0015576817869434026,0.1110578426093201,0.05667631588666795,0.002325385724226332,-0.0032885801998190642,0.00030176803233649075,1.015187452622121e-05
0,5,946,72.24702453613281,1.1252480987160887,0.3863655722544313,0.2743112863014524,-0.2483576570940204,0.0015576820458200983,0.11105779779461457,0.05667630291833206,0.00232538549975382,-0.003288579965273085,0.00030176803233649075,1.015187340186009e-05
0,5,947,72.24701690673828,1.1252481043980063,0.38636560654839663,0.2743113121431074,-0.24835770196187382,0.0015576823046967937,0.11105775297990902,0.056676296434164115,0.002325384377391261,-0.003288579261635147,0.0003017680972936291,1.0151872277498973e-05
0,5,948,72.24700927734375,1.1252481039939328,0.3863656408450223,0.2743113379847623,-0.24835774682972722,0.0015576824341351414,0.1110577081652035,0.056676283465828224,0.002325383703973725,-0.0032885785579972087,0.0003017680972936291,1.0151870028776736e-05
0,5,949,72.24700927734375,1.1252481107871795,0.38636567836942803,0.27431136382641724,-0.24835779169758063,0.0015576825635734892,0.11105767455417434,0.056676276981660285,0.0023253832550287016,-0.0032885785579972087,0.0003017681297721983,1.0151870028776736e-05
0,5,950,72.24700927734375,1.125248118684827,0.3863657191102773,0.2743113896680722,-0.24835783656543403,0.0015576826930118368,0.11105765214682158,0.05667627049749234,0.0023253828060836776,-0.0032885780889052502,0.00030176819472933666,1.0151868904415619e-05
0,5,951,72.24700927734375,1.1252481337777196,0.3863657630728601,0.27431141550972715,-0.24835788143328744,0.0015576828224501847,0.1110576409431452,0.05667627049749234,0.002325382581611166,-0.0032885776198132914,0.0003017682272079058,1.0151868904415619e-05
0,5,952,72.24700927734375,1.1252481444655345,0.3863657941999539,0.27431144135138213,-0.2483579113451897,0.0015576828224501847,0.11105761853579244,0.05667627049749234,0.002325382132666142,-0.003288577150721333,0.00030176829216504417,1.01518677800545e-05
0,5,953,72.24700927734375,1.1252481562600294,0.3863658285501298,0.27431146719303706,-0.24835794125709196,0.0015576828224501847,0.11105760733211605,0.05667627049749234,0.002325382132666142,-0.003288576681629374,0.0003017683246436133,1.0151866655693382e-05
0,5,954,72.24700927734375,1.1252481691598208,0.38636586611935797,0.274311493034692,-0.24835797116899422,0.0015576828224501847,0.11105760733211605,0.05667627049749234,0.00232538190819363,-0.0032885762125374157,0.0003017683571221825,1.0151865531332263e-05
0,5,955,72.24700927734375,1.1252481953427498,0.38636590690701766,0.27431151887634697,-0.2483580010808965,0.0015576828224501847,0.11105761853579244,0.056676283465828224,0.0023253816837211184,-0.0032885755088994774,0.0003017684220793209,1.0151864406971145e-05
0,5,956,72.24700927734375,1.1252482215279695,0.38636594770134675,0.2743115447180019,-0.24835803099279877,0.0015576828224501847,0.11105762973946881,0.056676296434164115,0.00232538190819363,-0.003288575274353498,0.00030176845455789003,1.0151863282610028e-05
0,5,957,72.24700927734375,1.1252482466062734,0.3863659852719012,0.2743115705596569,-0.24835806090470103,0.0015576828224501847,0.11105762973946881,0.05667630940250001,0.00232538190819363,-0.0032885748052615396,0.00030176845455789003,1.0151862158248909e-05
0,5,958,72.24700927734375,1.125248260400737,0.386366007713135,0.2743115705596569,-0.24835809081660332,0.0015576828224501847,0.1110576409431452,0.05667631588666795,0.0023253814592486067,-0.0032885743361695807,0.00030176845455789003,1.0151859909526672e-05
0,5,959,72.24700927734375,1.1252482741961296,0.3863660301570722,0.2743115705596569,-0.24835812072850558,0.0015576828224501847,0.11105765214682158,0.05667632237083589,0.0023253814592486067,-0.0032885738670776223,0.00030176845455789003,1.0151857660804437e-05
0,5,960,72.24701690673828,1.125248279690058,0.38636604615753006,0.2743115705596569,-0.24835815064040784,0.0015576828224501847,0.1110576409431452,0.05667632237083589,0.0023253810103035827,-0.0032885733979856635,0.00030176848703645923,1.01518554120822e-05
0,5,961,72.24701690673828,1.1252482901677012,0.38636605893888903,0.2743115705596569,-0.24835818055231013,0.0015576828224501847,0.11105761853579244,0.05667632885500384,0.002325380785831071,-0.003288572928893705,0.00030176845455789003,1.0151853163359963e-05
0,5,962,72.24701690673828,1.1252482945551783,0.3863660717169294,0.2743115705596569,-0.2483582104642124,0.0015576828224501847,0.11105759612843966,0.05667632885500384,0.002325380336886047,-0.0032885722252557668,0.00030176845455789003,1.0151850914637727e-05
0,5,963,72.24701690673828,1.1252482917474076,0.3863660812732225,0.2743115705596569,-0.24835824037611465,0.0015576828224501847,0.11105756251741052,0.05667632237083589,0.0023253796634685117,-0.003288571521617829,0.00030176845455789003,1.015184866591549e-05
0,5,964,72.24701690673828,1.1252482878317587,0.38636608760912267,0.2743115705596569,-0.2483582702880169,0.0015576829518885323,0.11105751770270499,0.05667631588666795,0.002325378990050976,-0.003288570817979891,0.00030176845455789003,1.0151846417193253e-05
0,5,965,72.24701690673828,1.125248285917474,0.38636608204015943,0.2743115447180019,-0.2483583001999192,0.0015576830813268802,0.11105749529535221,0.05667631588666795,0.0023253785411059525,-0.0032885701143419528,0.00030176845455789003,1.0151844168471018e-05
0,5,966,72.24701690673828,1.1252482696159658,0.3863660700310542,0.27431151887634697,-0.24835833011182146,0.0015576830813268802,0.11105745048064668,0.05667630291833206,0.0023253778676884168,-0.0032885696452499944,0.00030176845455789003,1.0151843044109899e-05
0,5,967,72.24701690673828,1.1252482726866204,0.38636606124038175,0.274311493034692,-0.24835836002372372,0.0015576830813268802,0.11105741686961752,0.05667630940250001,0.002325377194270881,-0.0032885689416120565,0.00030176848703645923,1.0151840795387662e-05
0,5,968,72.24701690673828,1.1252482563844237,0.3863660492292714,0.27431146719303706,-0.248358389935626,0.0015576830813268802,0.11105737205491199,0.056676296434164115,0.0023253765208533454,-0.0032885682379741182,0.00030176845455789003,1.0151838546665425e-05
0,5,969,72.24701690673828,1.1252482450648151,0.386366033995781,0.27431144135138213,-0.24835841984752827,0.0015576830813268802,0.11105731603653007,0.05667628994999617,0.00232537584743581,-0.003288567299790201,0.0003017684220793209,1.0151835173582071e-05
0,5,970,72.24701690673828,1.1252482481361636,0.3863660252071279,0.27431141550972715,-0.24835844975943053,0.0015576830813268802,0.11105728242550093,0.056676296434164115,0.0023253751740182744,-0.0032885668306982425,0.00030176845455789003,1.0151832924859835e-05
0,5,971,72.24701690673828,1.1252482512084425,0.38636601642118373,0.2743113896680722,-0.24835847967133282,0.0015576830813268802,0.11105724881447178,0.05667630291833206,0.0023253749495457626,-0.0032885663616062837,0.00030176848703645923,1.0151831800498717e-05
0,5,972,72.24701690673828,1.1252482542797957,0.3863660076325442,0.27431136382641724,-0.24835850958323508,0.0015576830813268802,0.11105721520344262,0.05667630940250001,0.002325374276128227,-0.0032885658925143253,0.0003017685195150284,1.01518306761376e-05
0,5,973,72.24701690673828,1.1252482460691677,0.3863659837199979,0.2743113121431074,-0.24835853949513734,0.0015576830813268802,0.11105719279608986,0.05667630940250001,0.002325374051655715,-0.0032885654234223664,0.00030176855199359753,1.015182955177648e-05
0,5,974,72.24701690673828,1.1252482522485532,0.3863659662495391,0.2743112604597975,-0.2483585694070396,0.0015576830813268802,0.11105719279608986,0.05667632237083589,0.002325374051655715,-0.0032885649543304076,0.0003017685195150284,1.0151828427415363e-05
0,5,975,72.24701690673828,1.1252482523405987,0.3863659487778138,0.27431120877648757,-0.2483585993189419,0.0015576829518885323,0.11105719279608986,0.05667632885500384,0.002325373827183203,-0.003288564485238449,0.00030176858447216674,1.0151827303054244e-05
0,5,976,72.24701690673828,1.1252482552222747,0.3863659216969583,0.27431115709317766,-0.248358614274893,0.0015576828224501847,0.11105719279608986,0.05667634182333973,0.002325374051655715,-0.0032885642506924697,0.00030176858447216674,1.0151826178693126e-05
0,5,977,72.24701690673828,1.1252482542257682,0.3863659010549434,0.27431110540986775,-0.24835862923084415,0.0015576826930118368,0.11105721520344262,0.056676348307507673,0.002325374276128227,-0.0032885637816005113,0.0003017686494293051,1.0151826178693126e-05
0,5,978,72.24701690673828,1.125248260634173,0.38636590197891796,0.2743110795682128,-0.2483586441867953,0.0015576825635734892,0.11105724881447178,0.05667635479167561,0.002325374276128227,-0.0032885633125085524,0.0003017686494293051,1.0151825054332007e-05
0,5,979,72.24701690673828,1.1252482526534695,0.386365896463439,0.2743110537265579,-0.2483586591427464,0.0015576824341351414,0.11105726001814817,0.056676348307507673,0.0023253745006007387,-0.003288562843416594,0.0003017686169507359,1.0151825054332007e-05
0,5,980,72.24701690673828,1.1252482468859362,0.38636589738739663,0.2743110278849029,-0.24835867409869755,0.001557682175258446,0.11105729362917731,0.05667634182333973,0.0023253745006007387,-0.003288562374324635,0.00030176858447216674,1.015182392997089e-05
0,5,981,72.24700927734375,1.1252482267297368,0.3863658918731889,0.274311002043248,-0.2483586890546487,0.0015576819163817504,0.1110573048328537,0.05667632237083589,0.002325374276128227,-0.003288562374324635,0.0003017685195150284,1.015182392997089e-05
0,5,982,72.24700927734375,1.1252482270542175,0.38636589280584605,0.274310976201593,-0.2483587040105998,0.001557681657505055,0.11105733844388285,0.05667632237083589,0.0023253747250732504,-0.0032885626088706146,0.00030176848703645923,1.0151822805609772e-05
0,5,983,72.24701690673828,1.125248214095341,0.38636589051942966,0.2743109503599381,-0.24835871896655096,0.0015576813986283595,0.11105736085123562,0.05667630940250001,0.0023253747250732504,-0.0032885633125085524,0.00030176848703645923,1.015182392997089e-05
0,5,984,72.24701690673828,1.125248206120413,0.3863658850145924,0.27431092451828315,-0.2483587339225021,0.001557681139751664,0.11105737205491199,0.05667630291833206,0.0023253747250732504,-0.0032885642506924697,0.00030176845455789003,1.0151825054332007e-05
0,5,985,72.24701690673828,1.1252482044435235,0.38636589785210146,0.27431092451828315,-0.24835874887845322,0.0015576808808749685,0.11105738325858838,0.056676296434164115,0.0023253749495457626,-0.003288564485238449,0.0003017684220793209,1.0151826178693126e-05
0,5,986,72.24701690673828,1.1252481883761567,0.38636590424616896,0.27431092451828315,-0.24835876383440436,0.0015576806219982729,0.11105737205491199,0.056676276981660285,0.0023253747250732504,-0.0032885647197844286,0.00030176845455789003,1.0151827303054244e-05
0,5,987,72.24701690673828,1.1252481783975694,0.3863659106395158,0.27431092451828315,-0.2483587787903555,0.0015576803631215774,0.11105736085123562,0.056676264013324394,0.0023253747250732504,-0.0032885647197844286,0.00030176838960075167,1.0151827303054244e-05
0,5,988,72.24701690673828,1.1252481684167186,0.3863659170262702,0.27431092451828315,-0.24835879374630662,0.001557680104244882,0.11105734964755923,0.0566762510449885,0.002325374276128227,-0.0032885642506924697,0.00030176845455789003,1.0151828427415363e-05
0,5,989,72.24701690673828,1.1252481501357663,0.386365916973513,0.27431092451828315,-0.24835880870225777,0.0015576798453681864,0.11105731603653007,0.05667623159248467,0.002325374051655715,-0.0032885637816005113,0.0003017684220793209,1.0151828427415363e-05
0,5,990,72.24701690673828,1.1252481501212361,0.3863659169188392,0.27431092451828315,-0.2483588236582089,0.001557679586491491,0.11105728242550093,0.05667623159248467,0.002325373827183203,-0.003288563077962573,0.00030176848703645923,1.01518306761376e-05
0,5,991,72.24701690673828,1.1252481440183486,0.3863659168661144,0.27431092451828315,-0.24835883861416003,0.0015576793276147955,0.11105724881447178,0.05667622510831673,0.002325373602710691,-0.0032885626088706146,0.00030176848703645923,1.01518306761376e-05
0,5,992,72.24701690673828,1.1252481428977792,0.38636591359640093,0.27431092451828315,-0.24835885357011117,0.0015576791981764477,0.11105720399976625,0.05667622510831673,0.002325373602710691,-0.003288562374324635,0.00030176855199359753,1.0151831800498717e-05
0,5,993,72.24701690673828,1.1252481467588533,0.38636590710155533,0.27431092451828315,-0.2483588685260623,0.0015576790687381,0.11105714798138433,0.05667623159248467,0.0023253731537656677,-0.0032885619052326763,0.00030176855199359753,1.0151831800498717e-05
0,5,994,72.24701690673828,1.125248160027842,0.38636591027260436,0.27431092451828315,-0.24835888348201343,0.0015576789392997522,0.11105712557403156,0.056676244560820564,0.0023253731537656677,-0.0032885616706866973,0.00030176858447216674,1.0151832924859835e-05
0,5,995,72.24701690673828,1.1252481721910679,0.38636591022324285,0.27431092451828315,-0.24835889843796458,0.0015576788098614046,0.11105709196300241,0.05667625752915645,0.0023253731537656677,-0.003288561436140718,0.00030176858447216674,1.0151832924859835e-05
0,5,996,72.24701690673828,1.1252481854607523,0.3863659133963181,0.27431092451828315,-0.2483589133939157,0.0015576786804230567,0.11105706955564965,0.05667627049749234,0.0023253731537656677,-0.003288561436140718,0.0003017686494293051,1.0151832924859835e-05
0,5,997,72.24701690673828,1.1252482009416966,0.3863659230094454,0.27431092451828315,-0.24835892834986684,0.0015576785509847089,0.11105706955564965,0.056676283465828224,0.0023253733782381794,-0.0032885612015947385,0.0003017686169507359,1.0151832924859835e-05
0,5,998,72.24701690673828,1.1252482225113902,0.38636593262794205,0.27431092451828315,-0.24835894330581798,0.0015576785509847089,0.11105706955564965,0.05667630291833206,0.002325373827183203,-0.003288561436140718,0.0003017686169507359,1.0151832924859835e-05
0,5,999,72.24701690673828,1.1252482402024153,0.38636594868386426,0.27431092451828315,-0.2483589582617691,0.0015576785509847089,0.11105709196300241,0.05667631588666795,0.002325374051655715,-0.003288561436140718,0.0003017686169507359,1.0151832924859835e-05
0,5,1000,72.24701690673828,1.1252482527007144,0.38636594961654386,0.27431089867662817,-0.24835897321772024,0.0015576785509847089,0.11105712557403156,0.05667632885500384,0.0023253745006007387,-0.0032885616706866973,0.0003017686169507359,1.0151834049220954e-05
