checkpoint_epoch,seed,epoch,pde_loss,coefficient_error,spurious_l2,xi_u,xi_u_x,xi_u_xx,xi_u^2,xi_u*u_x,xi_u*u_xx,xi_u_x^2,xi_u_x*u_xx,xi_u_xx^2
500,12,0,7.943276405334473,1.1244970414260285,0.5685397012060904,0.5211275850545313,-0.22632132557440776,0.012012249626230948,-0.019161181237385062,-0.02984928996967329,0.000761095063349365,0.00836146393583582,0.0021082868775078897,2.1170031431118934e-05
500,12,1,7.9217305183410645,1.141020797150399,0.6019616491236551,0.5540018887236302,-0.2339200385959474,0.011562278463521685,-0.025789983946764163,-0.030722208358546034,0.0010250252183136791,0.007158915041127866,0.0019301719464851325,1.6510900467557292e-05
500,12,2,7.902035713195801,1.1583456719527085,0.6353865394059499,0.5867379034932569,-0.24150631899032393,0.011113622170769973,-0.0329839338608616,-0.031511655432870295,0.0012771436740392189,0.006057593962179241,0.0017661730159985829,1.223581574318272e-05
500,12,3,7.884136199951172,1.1763241896186536,0.66869863882296,0.6192202171610891,-0.2490708592716283,0.010667325402434692,-0.04071127220263488,-0.03227398985913446,0.001519453132632228,0.0050562364469601195,0.0016177965553263785,8.334539846615429e-06
500,12,4,7.867945671081543,1.1948012538546076,0.7017645856436412,0.6513127452203133,-0.2566035593456625,0.010224574290568318,-0.04896241459766301,-0.033055873588783646,0.001756335167948249,0.004152261560712044,0.0014868937116756865,4.782645548713088e-06
500,12,5,7.853338718414307,1.2136033168556728,0.734432281536128,0.6828558406559175,-0.2640935491558903,0.009786714548584827,-0.05776017583273393,-0.03390584137931137,0.001994769962116817,0.003341481300539107,0.0013754343461597558,1.5347005650977706e-06
500,12,6,7.840149879455566,1.2325330380254187,0.7665303407704389,0.7136631588084641,-0.27152914339153555,0.009355270916047438,-0.06717175975978684,-0.0348805171144601,0.0022437620286115635,0.002617751864042016,0.0012848991982187103,-1.4799426004879928e-06
500,12,7,7.828186988830566,1.2513684534039125,0.7978682407927566,0.7435187671703818,-0.2788979320713862,0.008931967273966277,-0.07731644642215428,-0.03604627955469409,0.002512772161388743,0.001972663636006648,0.0012156008471717811,-4.3523532320280755e-06
500,12,8,7.81724739074707,1.2698658594583758,0.8282364917906466,0.7721747940337965,-0.286186871127599,0.008518746089586133,-0.08836086654782478,-0.03747634029447044,0.0028102328701285558,0.0013954891610183048,0.0011666187507450953,-7.180657337163744e-06
500,12,9,7.807132720947266,1.2877648618932964,0.8574067857580894,0.7993505957199708,-0.2933823050516504,0.008117783167604737,-0.10049831298906227,-0.03924469494767273,0.0031430685417928234,0.0008736199315141286,0.0011363812234374323,-1.005737417768562e-05
500,12,10,7.797661304473877,1.304793436564006,0.8851337749612851,0.8247351079314734,-0.30047017070789706,0.007731488320682689,-0.11391967810109795,-0.041421053775710995,0.0035168168123354965,0.00039347132147894915,0.0011232932700428367,-1.3063013291051775e-05
500,12,11,7.788663864135742,1.3206718970888407,0.9111605306997175,0.8479932139976386,-0.30743606527142847,0.007362495311794623,-0.12879178887897333,-0.04407058810260338,0.003935836042067033,-5.857281653935783e-05,0.0011261021531511043,-1.6264608602071028e-05
500,12,12,7.779984474182129,1.3351191733004986,0.9352307869803475,0.8687778935274427,-0.31426549533353004,0.00701362564669341,-0.14525098550216545,-0.04725767592707296,0.004403564315445257,-0.0004956423520661434,0.0011440535554319636,-1.9717026148965186e-05
500,12,13,7.7714738845825195,1.3478650327654296,0.9571085216029765,0.8867484943753207,-0.3209440807152425,0.006687834933116367,-0.16340820414801055,-0.05104994299597153,0.0049228509057013285,-0.0009303677606229264,0.0011769125965819655,-2.3465670520039303e-05
500,12,14,7.76298713684082,1.358668732315755,0.9766024715720257,0.901593266432792,-0.3274577582809223,0.006388127055515218,-0.1833569887134568,-0.05551969125510408,0.005496235663975831,-0.0013751112305175912,0.0012248832046736814,-2.754939070207663e-05
500,12,15,7.754384994506836,1.3673418114044507,0.9935924390008998,0.9130535609612054,-0.33379312162750835,0.00611744823448837,-0.20517967071098916,-0.06074233081037588,0.006126139687249927,-0.0018421608034712164,0.0012884753909516925,-3.20029097919914e-05
500,12,16,7.745532989501953,1.3737696772631571,1.0080520391161507,0.9209446988422432,-0.3399377381278375,0.005878562982445299,-0.22895042902166088,-0.06679327176769218,0.006814943018282608,-0.0023437691977020265,0.0013683665379831023,-3.685851268943977e-05
500,12,17,7.73630952835083,1.3779270716713479,1.0200631406700666,0.9251689030148548,-0.3458804659739602,0.005673924024681631,-0.2547356924941762,-0.0737446532201581,0.007564999799853779,-0.002892058525213128,0.0014652898187758549,-4.214713413998912e-05
500,12,18,7.726613521575928,1.3798843534312288,1.0298194648688137,0.9257180417194537,-0.35161177122045645,0.0055055536191229,-0.2825923886388793,-0.08166312845136053,0.008378596945010398,-0.003498885786884402,0.0015799675794258598,-4.7898922556448445e-05
500,12,19,7.716362953186035,1.3798043533797335,1.0376193419676694,0.9226665744414093,-0.35712409011965307,0.005374947338150706,-0.31256454166550246,-0.0906088505956947,0.009257878090319378,-0.004175748093901572,0.00171308879366487,-5.4143558700489837e-05
500,12,20,7.705504417419434,1.377930872506008,1.0438486817944914,0.9161564640679588,-0.36241212351898877,0.005283014728474593,-0.3446779581752696,-0.10063531909153282,0.010204735036380764,-0.004933759947786724,0.0018653125019972468,-6.091027076816903e-05
500,12,21,7.694009304046631,1.3745724083568553,1.0489580934048035,0.9063789539088928,-0.3674730859664762,0.005230060536854229,-0.37893310115712614,-0.11178939829296125,0.011220665573474472,-0.005783688463072888,0.0020372837336294237,-6.822769862024054e-05
500,12,22,7.68187952041626,1.3700829902577245,1.0534357976188442,0.8935560507982204,-0.3723069321702131,0.005215808848456604,-0.41529544773970006,-0.12411082425874663,0.012306583364692513,-0.006736023006027076,0.0022296494283993696,-7.612359584312683e-05
500,12,23,7.66914176940918,1.3648414732721752,1.0577776662968779,0.8779246534670246,-0.3769164928740891,0.005239460080199424,-0.45368246511096477,-0.13763071581336567,0.013462562252528456,-0.007801031927355155,0.0024430634044185816,-8.462432438398013e-05
500,12,24,7.655849933624268,1.3592283980982902,1.0624533440957935,0.8597234241605158,-0.3813075880875413,0.005299770436176896,-0.4939469227862465,-0.15236881070404182,0.01468751884636776,-0.008988793213994997,0.002678182918935322,-9.375424735848046e-05
500,12,25,7.642083168029785,1.3536001276592424,1.067868702675878,0.8391845589054377,-0.38548907237745617,0.005395141755989316,-0.5358551925176477,-0.16832912906599454,0.015978801429202726,-0.010309176743341492,0.0029356496893946944,-0.00010353479374856183
500,12,26,7.627938270568848,1.3482570031729662,1.0743217213961198,0.8165277621701335,-0.38947276693031685,0.005523712704092492,-0.5790606364946568,-0.1854938780785302,0.017331673060177532,-0.011771779215404954,0.003216066201607606,-0.00011398345521529606
500,12,27,7.613531589508057,1.3434048170434165,1.0819526359708909,0.7919577485528652,-0.39327330103054475,0.005683437889968571,-0.6230712786377787,-0.20381532794178606,0.018738685566583094,-0.013385789715121848,0.003519952911604366,-0.00012511233788892046
500,12,28,7.59898567199707,1.3391094751030082,1.0906902601761628,0.7656632630517436,-0.39690788560098866,0.005872157601157954,-0.6672157849760167,-0.2232057243152072,0.020188969774217427,-0.015159809028100428,0.0038477036642321884,-0.00013692659347470107
500,12,29,7.58442497253418,1.3352480385147387,1.1002002695867823,0.7378178648487841,-0.400395996159609,0.006087643397934014,-0.7106116180594032,-0.24352585140508193,0.021667552188788495,-0.01710160550177704,0.004199522769689951,-0.0001494224732207825
500,12,30,7.569962978363037,1.331466393841632,1.109848628309251,0.7085818867700484,-0.4037589651923579,0.006327632309309124,-0.7521488927357679,-0.26457369741663134,0.02315479291126169,-0.01921780099897399,0.004575362334813829,-0.00016258531400119514
500,12,31,7.555689811706543,1.3271596049346246,1.11869855473548,0.678105227516346,-0.40701934806654755,0.006589838566958301,-0.7905067619334193,-0.2860768051300499,0.02462627983368995,-0.02151354286993776,0.0049748488948263185,-0.00017638732828709525
500,12,32,7.541663646697998,1.3214979907437199,1.1255644129571138,0.6465303398399493,-0.4102002889442195,0.006871950252669595,-0.8242244351393955,-0.3076927371939337,0.02605348330251493,-0.023992094186262133,0.00539721004508528,-0.00019078586931190237
500,12,33,7.527907371520996,1.3135165109352585,1.1291375221326811,0.6139960514918693,-0.41332470552790385,0.007171617229165487,-0.8518376594886202,-0.3290234629980799,0.02740542253424264,-0.02665451109043395,0.005841219924397441,-0.00020572211863101198
500,12,34,7.514416694641113,1.302265505547315,1.128174080765612,0.5806407493445851,-0.416414383222575,0.007486424990215919,-0.8720672166545901,-0.3496446349359875,0.028651226958056053,-0.029499339504406148,0.006305161511889439,-0.000221120965437631
500,12,35,7.501168251037598,1.2869848821711556,1.1216963577442747,0.5466057104742844,-0.41948911458950905,0.007813871192791021,-0.8840046015464798,-0.3691443380415569,0.029763052443247524,-0.032522408633307055,0.006786823060495612,-0.00023689222848994197
500,12,36,7.488147735595703,1.267245614040401,1.1091426158616782,0.5120372575670187,-0.4225659746758481,0.008151340177684057,-0.8872320773557099,-0.38715930842953866,0.030718453076026997,-0.035716803002401,0.007283528667062573,-0.0002529330245378287
500,12,37,7.475357532501221,1.2430115763568352,1.0904174311642765,0.47708852243283045,-0.42565855105226225,0.008496085536253452,-0.8818342704095391,-0.40339689514534427,0.031501558230911955,-0.03907293559119131,0.007792207564586234,-0.0002691313888478069
500,12,38,7.462828636169434,1.2146181963970897,1.0658471186635472,0.441919984857292,-0.42877649089392716,0.008845215359204503,-0.8683172477553692,-0.41764027145144156,0.03210305934520621,-0.04257875217870795,0.008309480228006351,-0.00028537040863565365
500,12,39,7.450613975524902,1.182698145489084,1.0360805961271702,0.4066998889867857,-0.4319252745210132,0.009195688213529838,-0.8474826646873822,-0.42974113902640065,0.032519398753697415,-0.046220017426910294,0.008831762312562053,-0.00030153258278184467
500,12,40,7.438787460327148,1.148089410836312,1.0019790590061084,0.37160367998371296,-0.4351060795229784,0.009544313142509428,-0.8203030395506092,-0.4396091192747319,0.03275174471076138,-0.04998061602111108,0.009355373177663079,-0.0003175039552641838
500,12,41,7.427432060241699,1.1117528477848355,0.9645233832370218,0.33681326922894167,-0.4383157807585687,0.009887755700299873,-0.7878252104808137,-0.44720095851935143,0.03280505678686138,-0.05384293554851541,0.009876643391757504,-0.00033317744905784325
500,12,42,7.416631698608398,1.074704701697641,0.924745159970165,0.3025159811119799,-0.4415470862315244,0.010222553373662627,-0.7511043896746863,-0.4525139394466388,0.03268739593719041,-0.05778821065870527,0.010392013575669863,-0.00034845591341051396
500,12,43,7.40646505355835,1.037963071008687,0.8836772571783872,0.26890293647635966,-0.44478885413389607,0.010545143072870803,-0.711162051525758,-0.4555806325965666,0.0324093249447085,-0.061796862922117994,0.010898107770852105,-0.000363253722907583
500,12,44,7.396998882293701,1.002504221257204,0.8423196157945292,0.23616699518648818,-0.4480263645974578,0.010851902703324355,-0.6689625818775821,-0.45646647683687425,0.031983509450252114,-0.06584880627247626,0.011391819035676404,-0.00037749819551106506
500,12,45,7.388284206390381,0.9692223429800366,0.8016109731481559,0.20450018433621278,-0.45124163673702283,0.011139210840933162,-0.6253982208180282,-0.4552676948485094,0.03142435865920724,-0.06992373954319991,0.011870336958529265,-0.0003911293511912736
500,12,46,7.380351543426514,0.9388925905762259,0.7624050132465681,0.174090416153084,-0.45441397215327034,0.01140352182922831,-0.5812813730367961,-0.4521095063988641,0.03074765282266128,-0.0740013443596846,0.01233118332293352,-0.00040409924816391693
500,12,47,7.373213291168213,0.9121363342996834,0.7254470110483354,0.14511776502408716,-0.4575203625598657,0.01164146032126115,-0.5373399376760516,-0.4471442671680619,0.029970241254668167,-0.07806145721954397,0.012772216183562278,-0.00041637053468012586
500,12,48,7.366858005523682,0.8893916951527434,0.6913504942292944,0.11775023016308685,-0.4605361238700916,0.011849928561190843,-0.49421400701794616,-0.4405487886588114,0.02910970508145687,-0.08208414262671267,0.013191608467165718,-0.0004279146689350295
500,12,49,7.361257553100586,0.8708939030322431,0.6605763145433052,0.09213933907213488,-0.46343534911587037,0.012026216347911614,-0.4524548197270008,-0.432521769776683,0.028184048645935867,-0.08604975762153717,0.01358782453549093,-0.0004387097165817555
500,12,50,7.356363296508789,0.8566697713478528,0.6334159772322209,0.06841577549602999,-0.4661915878262976,0.01216810563460063,-0.41252387513212296,-0.4232800000357345,0.02721140634197248,-0.08993890015670315,0.0139595845201599,-0.0004487380275612663
500,12,51,7.352113246917725,0.8465493146269051,0.6099842965186596,0.046685380898967004,-0.46877857069807777,0.01227396440010711,-0.37479377868468144,-0.4130543394232922,0.02620970756785486,-0.09373247792933229,0.014305816429505697,-0.00045798463703718145
500,12,52,7.348433494567871,0.8401934954283156,0.5902241645181937,0.027025994835059013,-0.47117079839025333,0.012342811017904867,-0.3395500133944715,-0.40208536325346267,0.025196414420120848,-0.09741170838098236,0.014625639844516699,-0.00046643572667268173
500,12,53,7.345247268676758,0.8371354936609833,0.5739257096625241,0.009485227593254871,-0.4733444020703472,0.012374343758528887,-0.3069941807523337,-0.39061755530514913,0.02418820207679478,-0.10095816171770773,0.014918324139693672,-0.00047407777984135896
500,12,54,7.342471122741699,0.8368274412126797,0.5607579947913367,-0.005920571580891462,-0.47527764162528724,0.012368942130595164,-0.27724871113942545,-0.37889420820607866,0.023200678857188,-0.10435399321838648,0.015183294597070697,-0.00048089740060096927
500,12,55,7.340024471282959,0.8386879028222596,0.5503095571177702,-0.019206019035371488,-0.47695172091564647,0.012327632014284757,-0.2503634865821375,-0.3671509465482821,0.022248097464685212,-0.10758216693903527,0.015420131387211673,-0.00048688182660113166
500,12,56,7.337833881378174,0.8421426970507533,0.5421308512103521,-0.030415273041463253,-0.47835124069466545,0.01225202531545078,-0.22632395312361733,-0.3556100316965328,0.021343083863559174,-0.110626885913415,0.015628581797252152,-0.0004920198643856018
500,12,57,7.3358330726623535,0.8466571016371417,0.535772930327323,-0.039619457409811196,-0.4794647874029814,0.012144242186467414,-0.20506056177226692,-0.3444743315855175,0.020496412445109677,-0.11347402235363646,0.015808609143066654,-0.0004963033979443266
500,12,58,7.333962917327881,0.8517574744559742,0.5308177141246581,-0.046913351839781216,-0.48028525021194346,0.012006822518920181,-0.1864591354281315,-0.3339223327742864,0.019716805440591487,-0.1161116510989113,0.01596040805432094,-0.0004997288972654984
500,12,59,7.33218240737915,0.8570437279266637,0.5268982504323003,-0.052411566379700465,-0.4808100927750267,0.011842638777316037,-0.17037179944800446,-0.3241038225232394,0.019010809483016138,-0.11853069491646055,0.016084459500660248,-0.0005022994699663496
500,12,60,7.3304572105407715,0.8621936185925191,0.5237088866070404,-0.05624436226577471,-0.4810413985197338,0.01165481151483318,-0.1566273083119077,-0.31513709703355713,0.018382743807193767,-0.12072533749409593,0.016181545057758095,-0.0005040260379637547
500,12,61,7.328769207000732,0.8669613332276258,0.5210075256712031,-0.05855361665885985,-0.48098578006379095,0.01144663695824944,-0.1450407080010851,-0.3071075469551794,0.017834734415662967,-0.12269353107693459,0.01625278155343478,-0.0005049288460262848
500,12,62,7.32711124420166,0.8711718921120006,0.5186122006005464,-0.059488830244424036,-0.4806542433394408,0.011221515933890511,-0.1354215993441822,-0.30006801100981034,0.017366825393494524,-0.12443730621183519,0.01629962004865391,-0.0005050381255371121
500,12,63,7.32548713684082,0.8747133226370545,0.5163940196211788,-0.05920352060122507,-0.480061825258225,0.010982900226836189,-0.12758048901778143,-0.2940401532594661,0.016977155248574554,-0.125962866391531,0.016323831571473588,-0.0005043942755202557
500,12,64,7.323905944824219,0.8775271853127898,0.514268579781006,-0.05785208094177141,-0.4792271860838638,0.01073424363369603,-0.1213334798257197,-0.28901762710178625,0.01666220929863474,-0.1272805192225332,0.01632748673697671,-0.0005030475005880891
500,12,65,7.322388648986816,0.8795990186119712,0.5121869904199305,-0.05558701237487255,-0.47817206592942924,0.010478959049974338,-0.11650522980234881,-0.28496974178224804,0.016417087488057355,-0.12840452155291268,0.016312909892114105,-0.0005010570566653126
500,12,66,7.320953845977783,0.8809491415490956,0.5101274335916186,-0.05255671338966716,-0.4769208318383231,0.010220382262534352,-0.11293039150425753,-0.2818455941998085,0.016235825106765224,-0.1293524771914522,0.016282608804464024,-0.0004984895614106526
500,12,67,7.319620609283447,0.8816238876831837,0.5080876047995585,-0.04890371634149589,-0.47549988898954765,0.009961737753592216,-0.11045392402456079,-0.2795786660059748,0.016111667219787355,-0.13014485508296814,0.01623922269305437,-0.0004954176063489711
500,12,68,7.3184099197387695,0.8816879689634404,0.5060782576991184,-0.04476320867182599,-0.4739371371948786,0.009706105175220872,-0.10893069039381678,-0.2780910670808696,0.016037377262754428,-0.13080422355123236,0.01618543765107338,-0.000491917433701102
500,12,69,7.317335605621338,0.8812177248591714,0.5041178655249668,-0.040262132781248905,-0.47226138210413676,0.009456389176403544,-0.10822468257679195,-0.27729764872713586,0.01600548061191489,-0.13135445872985785,0.016123914296622164,-0.00048806712612138565
500,12,70,7.316407203674316,0.8802957898421739,0.5022284345782454,-0.03551824916260021,-0.4705018822861649,0.009215288559577327,-0.10820806529963879,-0.2771092979474083,0.0160085092562778,-0.13181997880522073,0.016057224594498567,-0.0004839443438695874
500,12,71,7.315628528594971,0.8790064661141946,0.5004321612416092,-0.03063980268040431,-0.4686877604340993,0.008985265437176761,-0.10876046143652345,-0.2774360269926768,0.016039174831515676,-0.13222481478315204,0.015987774411932273,-0.0004796245145484316
500,12,72,7.314995288848877,0.87743245946154,0.49874913510112784,-0.025725142925472032,-0.4668475957382494,0.00876851774072701,-0.10976841856584062,-0.27818916954726725,0.01609054496024761,-0.1325919565840172,0.015917758682431428,-0.00047517911335426006
500,12,73,7.314499855041504,0.8756522276252248,0.49719573404144185,-0.020862635426863004,-0.46500897096707544,0.008566954411976744,-0.11112524793058032,-0.2792833349612399,0.01615615015833594,-0.1329426475137227,0.015849111474611845,-0.00047067412435393614
500,12,74,7.314128875732422,0.8737383340239866,0.49578376952860015,-0.016130548370596222,-0.46319811013197065,0.008382171935050869,-0.11273119554293828,-0.2806376738485142,0.01623008412842228,-0.13329586802298937,0.015783487650134268,-0.00046616913535361227
500,12,75,7.313866138458252,0.8717563964002493,0.4945201762952994,-0.011597070204174767,-0.4614395161520435,0.008215438244212373,-0.1144940460829404,-0.28217680867372463,0.016307073193914005,-0.13366778505057714,0.01572222923658933,-0.00046171646293853807
500,12,76,7.313692569732666,0.8697644151151677,0.493407163752304,-0.007320492570559915,-0.4597556085188995,0.008067683336723431,-0.11632967647218205,-0.28383163405691797,0.016382503852153486,-0.13407160575507915,0.015666376636535903,-0.00045736066973640324
500,12,77,7.313587188720703,0.8678126125565809,0.49244292180109,-0.003349346934591163,-0.45816654212903285,0.007939492567746178,-0.11816319321623765,-0.28553989373740357,0.01645246906374243,-0.13451737101863107,0.015616669646504593,-0.0004531386851015017
500,12,78,7.313532829284668,0.8659434471035576,0.49162236354955524,0.00027748443196671114,-0.4566899355324122,0.007831112684932001,-0.11992960675812483,-0.2872465900319705,0.016513772661048934,-0.13501192963487463,0.015573568856070925,-0.00044907965425952613
500,12,79,7.313510894775391,0.864191892391212,0.49093816858756506,0.0035304159772224517,-0.4553406897648725,0.0077424605450505425,-0.12157485810596617,-0.28890430023441854,0.01656391942906659,-0.13555907597315162,0.015537276027925064,-0.0004452057830967187
500,12,80,7.313506126403809,0.8625857392749761,0.4903817521639391,0.006388895949408895,-0.4541308524724079,0.0076731432292873585,-0.12305632208184308,-0.2904734371798781,0.016601118411794766,-0.1361597306627581,0.015507770781997296,-0.0004415325493571585
500,12,81,7.313507080078125,0.8611458649266416,0.489944306743863,0.008841006085299415,-0.4530696179111719,0.0076224801700713555,-0.12434332063562666,-0.2919226214795527,0.016624250950562296,-0.13681221592133208,0.015484838108552142,-0.0004380696681160764
500,12,82,7.313504695892334,0.8598866087353852,0.48961754713914,0.010882895203760831,-0.45216328165557484,0.007589531983001447,-0.1254170825850694,-0.29322873735593025,0.016632837620224397,-0.13751263413138642,0.015468105052313845,-0.00043482166502963586
500,12,83,7.313492298126221,0.8588160693694025,0.48939429875335017,0.012518308858778082,-0.45141528589018654,0.007573135333362514,-0.12627054231626364,-0.29437698847799465,0.016626999654725725,-0.13825518618875715,0.01545708045360231,-0.00043178893232137105
500,12,84,7.313466548919678,0.8579364001041639,0.48926880357448593,0.01375796514424125,-0.45082630999354045,0.007571937132131436,-0.12690757484538384,-0.29536076767906577,0.01660740604501544,-0.1390325758911726,0.015451184499434185,-0.00042896836237404977
500,12,85,7.313426971435547,0.8572440765544878,0.48923681369621635,0.014618742206859619,-0.45039440641384065,0.007584432084532741,-0.12734207990577248,-0.2961814150042167,0.016575215126328414,-0.1398363713067622,0.015449768084589094,-0.00042635398132153616
500,12,86,7.313375473022461,0.8567302749988316,0.4892955322051705,0.01512305979155459,-0.4501152271284726,0.00760900292063394,-0.12759668356589737,-0.2968477338051086,0.016532000735691662,-0.14065746939071067,0.015452154590752549,-0.00042393788435106475
500,12,87,7.313312530517578,0.8563813212675586,0.4894432805410972,0.015297771687231364,-0.4499822953954169,0.007643955261861481,-0.12770113789799636,-0.29737522765876856,0.016479682777937855,-0.14148625085747585,0.015457661285589145,-0.0004217106580978155
500,12,88,7.3132429122924805,0.8561791654347871,0.4896791091872552,0.015173454657063613,-0.4499871869208581,0.007687556510576248,-0.12769078103658474,-0.29778526283941853,0.016420448974704693,-0.14231303619343086,0.015465599322742567,-0.000419661742697407
500,12,89,7.313170433044434,0.8561019531798693,0.4900023934352448,0.01478332155044635,-0.4501198921944026,0.007738069375569665,-0.1276046952876502,-0.29810410050814506,0.01635666779642008,-0.14312834377722738,0.015475317558985464,-0.00041778018606192365
500,12,90,7.3130974769592285,0.8561248921653317,0.4904123856995574,0.014162537022774707,-0.45036908824049204,0.007793786068069738,-0.12748401621250405,-0.29836153805608895,0.01629080029216058,-0.14392308777207435,0.015486190326177636,-0.0004160547343930389
500,12,91,7.3130269050598145,0.8562211306329705,0.49090789567104326,0.013347061760126221,-0.450722500953621,0.00785305780417763,-0.1273702316466552,-0.2985896248945831,0.016225324042904297,-0.14468883624610118,0.015497642906353156,-0.00041447404337930304
500,12,92,7.312962055206299,0.8563626989948993,0.49148697298830024,0.012372856448578426,-0.4511671768497507,0.00791432229577448,-0.1273037625380426,-0.2988213037983429,0.016162642787135764,-0.14541785419241848,0.015509148474709931,-0.00041302710059071826
500,12,93,7.312903881072998,0.8565215622591204,0.4921467834423946,0.01127506507734528,-0.4516898001096245,0.007976128559388512,-0.12732252365531302,-0.2990890522486552,0.016105023599620093,-0.14610342187756614,0.015520233194627123,-0.00041170289359728683
500,12,94,7.312851428985596,0.8566707886017173,0.4928835307438024,0.010087407199967709,-0.45227700962208345,0.008037155019962957,-0.12746080637536583,-0.29942341210614587,0.01605451423189523,-0.1467397574054044,0.015530491502717429,-0.0004104911340739971
500,12,95,7.312806129455566,0.8567854384466195,0.49369248125785153,0.008841344398339435,-0.45291562544357755,0.00809622761462394,-0.12774842316030136,-0.2998519287417632,0.016012895720820885,-0.1473221457772954,0.015539569804771324,-0.00040938168455104286
500,12,96,7.3127665519714355,0.8568436068015293,0.49456807897812627,0.0075656378733469625,-0.45359292054957917,0.008152331861859078,-0.12820995268414018,-0.30039795988560186,0.015981634997127417,-0.14784695610012757,0.0155471695327675,-0.0004083650109794398
500,12,97,7.312731742858887,0.8568270909662494,0.4955041616859787,0.006285991379183655,-0.4542968925859964,0.008204619566616717,-0.1288642567139235,-0.30108000560436626,0.015961840800345063,-0.14831167600236397,0.015553060391918196,-0.0004074320318758198
500,12,98,7.312701225280762,0.8567221967065567,0.49649401035203317,0.005024671960654432,-0.4550163091610753,0.008252414184385293,-0.12972423855026324,-0.30191074049104016,0.015954254861789776,-0.14871486000996964,0.01555706201860645,-0.00040657408815139015
500,12,99,7.3126726150512695,0.8565197298651009,0.4975305555008421,0.0038003377349992793,-0.45574088901300885,0.00829521149170327,-0.13079672224761726,-0.3028971439470462,0.01595923757691522,-0.1490561123383874,0.01555905111341049,-0.000405783154309221
500,12,100,7.312645435333252,0.8562154452917842,0.4986065734493996,0.0026280021087832506,-0.4564614831775458,0.008332672210549985,-0.13208245261428922,-0.3040400535005551,0.01597677572020017,-0.14933601806044092,0.01555895430807935,-0.0004050517177600809
500,12,101,7.312617778778076,0.8558098517049454,0.49971470060075096,0.0015191153901767658,-0.4571700296960886,0.008364617314776194,-0.13357632670690134,-0.30533436953559395,0.0160064923642894,-0.1495560742742378,0.015556751222543318,-0.0004043728089934782
500,12,102,7.3125901222229,0.8553077640943338,0.5008475674808133,0.0004816443920238509,-0.45785959890759553,0.008391015960925471,-0.13526780649445463,-0.3067696508676345,0.01604769316931806,-0.1497187073111939,0.015552469369896505,-0.0004037400015776606
500,12,103,7.312561511993408,0.8547179572925515,0.5019977720441219,-0.000479596048168135,-0.45852443874048293,0.008411972078035769,-0.13714121074266405,-0.3083304683665982,0.016099389527573803,-0.14982698019962135,0.015546178042375937,-0.0004031476535279445
500,12,104,7.3125319480896,0.8540523691317392,0.5031579586923044,-0.0013626730683984833,-0.4591599294207229,0.008427708945911199,-0.13917633904253726,-0.30999739137892424,0.01616034375069434,-0.14988473032892244,0.015537992387375495,-0.0004025906659383857
500,12,105,7.312502861022949,0.8533254865006968,0.5043207123736068,-0.0021682050275975266,-0.4597624475961368,0.00843854975033429,-0.14134919648872404,-0.31174762052663174,0.0162291329930201,-0.1498963285372505,0.015528056084386663,-0.00040206463383698495
500,12,106,7.312473297119141,0.852553359673455,0.505478576436807,-0.002898928472589553,-0.4603293663363951,0.008444902831847697,-0.143632587513164,-0.313556178858496,0.016304183417524064,-0.14986657586336444,0.0155165566300508,-0.00040156608755401705
500,12,107,7.312445640563965,0.8517529223290086,0.5066240600060132,-0.003559238411238366,-0.46085891925731065,0.008447239558926772,-0.14599700160306903,-0.31539673076648195,0.01638385175319273,-0.14980068633860463,0.015503708015099904,-0.000401092009985373
500,12,108,7.312418460845947,0.8509411947784468,0.5077496562805146,-0.004154797185833142,-0.4613501099370343,0.008446077565231497,-0.14841144869402093,-0.31724256840781206,0.0164664473375615,-0.14970414932269904,0.015489749705353105,-0.00040064031932921754
500,12,109,7.312393665313721,0.8501345648779398,0.508847917907597,-0.004692069292658403,-0.46180266662415265,0.00844196264583859,-0.15084431469302262,-0.31906756090355964,0.01655030706133503,-0.14958252300747255,0.015474942565702737,-0.0004002096277176606
500,12,110,7.312371730804443,0.8493483179885589,0.509911526828106,-0.005178039900952229,-0.46221686107007914,0.008435449982963684,-0.15326423713150408,-0.3208468057494485,0.01663383724920444,-0.14944148604091959,0.015459557651075989,-0.00039979927138779825
500,12,111,7.312351703643799,0.8485960034460459,0.5109333456002837,-0.005619742401042119,-0.46259337265334727,0.008427090735762876,-0.15564096068837358,-0.32255748495576064,0.016715541213016594,-0.14928657940684079,0.015443880282448854,-0.0003994090994844249
500,12,112,7.312336444854736,0.8478892348928608,0.5119066279257994,-0.0060240371996649715,-0.4629332430877084,0.008417416618604515,-0.1579460316734361,-0.3241793117290274,0.016794072153859013,-0.14912324084089143,0.015428193742790346,-0.0003990395042310748
500,12,113,7.312322616577148,0.8472375593458874,0.512825231836784,-0.006397277233997653,-0.46323783113022954,0.00840692783189061,-0.16015360322555944,-0.3256949027067719,0.0168682364684402,-0.14895663275033924,0.015412775201048572,-0.00039869136058793956
500,12,114,7.31231164932251,0.8466482407765851,0.5136836348100202,-0.006745291515253466,-0.46350863141368437,0.008396083674917908,-0.16224087817166552,-0.32709011296877755,0.01693703562990689,-0.14879148734184622,0.015397895712150722,-0.000398365935738745
500,12,115,7.3123040199279785,0.8461263855138011,0.5144772181322391,-0.007073044136692724,-0.46374727444655334,0.008385294499758831,-0.16418865253549253,-0.3283541477075104,0.016999663983590478,-0.14863217545356566,0.015383797798926385,-0.0003980645270382578
500,12,116,7.312297344207764,0.845675156893467,0.5152023595689518,-0.007384660297702739,-0.4639554813211213,0.008374917688201944,-0.16598151683713652,-0.3294794133342227,0.017055503236373216,-0.14848258609897258,0.015370709718156354,-0.0003977885223543683
500,12,117,7.312292575836182,0.8452958238215166,0.515856455623049,-0.007683438933130777,-0.46413497312967317,0.008365250946652728,-0.16760803726263865,-0.33046151747895236,0.017104140090716494,-0.14834593717859712,0.015358822023492449,-0.0003975392190418433
500,12,118,7.312288761138916,0.8449880329031144,0.5164380784059545,-0.007971810998214639,-0.4642874709644938,0.008356531635623667,-0.16906085631375609,-0.3312990828731519,0.017145336487238077,-0.1482248959361943,0.01534829062246798,-0.00039731764291607975
500,12,119,7.312286376953125,0.8447501617141265,0.5169468912809344,-0.00825140376336854,-0.4644146506259658,0.008348938781264,-0.17033643111855795,-0.33199326344452335,0.01717903401321917,-0.14812145850257424,0.015339226586462886,-0.00039712451808206396
500,12,120,7.312284469604492,0.8445793801259183,0.5173836786095858,-0.00852305152998077,-0.46451814262256963,0.008342593075359736,-0.17143492271667743,-0.3325477070935435,0.0172053263494352,-0.1480369843116508,0.015331711435756021,-0.0003969601764212478
500,12,121,7.312282085418701,0.8444719447279739,0.5177502383584568,-0.008787057402041934,-0.4645994868789812,0.008337559557373335,-0.17235991423995373,-0.3329681090117733,0.01722444494250778,-0.14797214447636878,0.015325768607427554,-0.00039682428605217933
500,12,122,7.31227970123291,0.8444235166384126,0.5180493243607298,-0.009043132818429663,-0.46466017802797427,0.008333853649033007,-0.17311796805344068,-0.33326176500016674,0.017236738064496104,-0.14792702503684926,0.015321391987456573,-0.00039671615304091347
500,12,123,7.312276840209961,0.8444292704684638,0.5182845442244259,-0.009290585844781561,-0.4647017107023225,0.00833144517739225,-0.17371818289641536,-0.33343734812822506,0.0172426476682348,-0.14790112696038973,0.015318525530651364,-0.0003966344498616423
500,12,124,7.312273979187012,0.8444840742047042,0.5184600917493906,-0.009528344901332855,-0.4647254436590929,0.00833026373890923,-0.1741717711533409,-0.33350446205230583,0.017242698366066206,-0.14789338334948823,0.015317074469687761,-0.0003965773360808593
500,12,125,7.312270164489746,0.8445824306114114,0.5185807651928097,-0.009755202930019939,-0.46473269036345033,0.008330206075055914,-0.17449179716446245,-0.33347371546257165,0.017237473183051442,-0.14790229710603708,0.015316920600161424,-0.00039654251869944163
500,12,126,7.3122663497924805,0.8447188657639533,0.5186517106530434,-0.009969777592946257,-0.4647247189886572,0.008331141436397467,-0.17469243241750362,-0.3333560148369791,0.01722759482081535,-0.14792600976341996,0.015317914128559958,-0.00039652737283681457
500,12,127,7.312262535095215,0.8448877976314938,0.5186783717215308,-0.010170658997307016,-0.4647027977079761,0.0083329196287113,-0.17478871398821658,-0.3331626761117014,0.017213722351166156,-0.14796235311058442,0.01531988386229777,-0.0003965289719019923
500,12,128,7.312257766723633,0.845083689093124,0.5186663269758338,-0.010356430361570362,-0.4646681494027674,0.008335376377066458,-0.17479616207125312,-0.33290508966986054,0.01719651043740502,-0.14800896964821153,0.01532264434274047,-0.00039654423844878375
500,12,129,7.312254905700684,0.8453011086865908,0.5186211664311773,-0.01052571853280915,-0.4646219516624891,0.008338339360412922,-0.1747303773810817,-0.3325945342241556,0.017176629172607864,-0.14806343304488556,0.015326014187267601,-0.00039657000451787447
500,12,130,7.312251091003418,0.8455346573263545,0.5185483862253665,-0.010677303440919779,-0.4645653820765993,0.008341635587190751,-0.1746066385529043,-0.3322421768168629,0.01715472660731523,-0.14812328255314217,0.015329801823223863,-0.0003966033435182787
500,12,131,7.312247276306152,0.8457792080912614,0.5184533113398019,-0.010810173973852769,-0.4644995729426538,0.008345094747879686,-0.1744397612329774,-0.3318587005850935,0.017131438668673185,-0.14818610904958981,0.015333824848985314,-0.00039664129868796963
500,12,132,7.3122429847717285,0.8460298524173087,0.5183411115776944,-0.010923475164038654,-0.4644257018501108,0.00834855592009839,-0.1742437961292997,-0.3314543792077415,0.01710735940301055,-0.14824972711515183,0.015337924300008191,-0.000396681396001578
500,12,133,7.312238693237305,0.8462818444666286,0.5182166198607394,-0.011016596211011519,-0.464344901096526,0.008351869580134197,-0.17403178745216216,-0.331039002458536,0.017083054201360148,-0.14831212341099384,0.015341949363776614,-0.0003967214028020631
500,12,134,7.312235355377197,0.846530889523966,0.5180842767875654,-0.011089172012237221,-0.4642582576875531,0.008354902967022498,-0.1738155716146067,-0.3306214667478238,0.017059034450543076,-0.14837150830259635,0.015345774702861845,-0.00039675959934008277
500,12,135,7.312232494354248,0.846773048770566,0.5179482148592718,-0.011141135976687519,-0.4641669039207479,0.008357542094076511,-0.17360567658265524,-0.33020996123994073,0.017035764145929343,-0.14842643631592445,0.015349300454922285,-0.00039679468826087024
500,12,136,7.312229633331299,0.8470048751018651,0.5178121898173289,-0.011172774369242433,-0.4640719720936662,0.008359693760417041,-0.17341124135549313,-0.32981174451236656,0.017013643359536323,-0.14847578892940347,0.015352449175693027,-0.0003968257644331927
500,12,137,7.31222677230835,0.8472234329919137,0.517679464918202,-0.01118466507756082,-0.4639745492119617,0.008361287562502253,-0.17323985492583602,-0.3294330328853017,0.01699301044428229,-0.14851868853379788,0.015355170934003268,-0.00039685231494935176
500,12,138,7.312224388122559,0.8474263186754981,0.5175528873639553,-0.011177746499350978,-0.46387572228128787,0.008362275223617741,-0.17309755627992973,-0.3290790376451418,0.016974139829732875,-0.1485546016803567,0.015357437197755414,-0.0003968743398093473
500,12,139,7.312222003936768,0.847611800525997,0.5174348719744292,-0.011153281567907099,-0.4637765783072985,0.008362631264386461,-0.17298883439755033,-0.32875377892710633,0.016957233205086922,-0.1485832702487165,0.01535923675791112,-0.0003968919898683848
500,12,140,7.312219142913818,0.8477787441351593,0.517327418260864,-0.011112835555099872,-0.46367820429564705,0.008362353002768724,-0.17291666851191245,-0.3284601973856614,0.016942428336190633,-0.1486047114469016,0.015360582861515698,-0.0003969058987183272
500,12,141,7.312216758728027,0.8479267043892922,0.5172320151170817,-0.011058298268385884,-0.4635815966681827,0.008361457872022507,-0.17288256836957758,-0.32819996807714846,0.016929788044269877,-0.14861911456317844,0.01536150404066675,-0.0003969166697799963
500,12,142,7.31221342086792,0.84805574081965,0.5171497207561786,-0.010991893235777038,-0.46348770655485244,0.008359982079683614,-0.1728866144903623,-0.3279737982475784,0.016919320044212035,-0.14862692700617686,0.015362030865468845,-0.0003969250573294193
500,12,143,7.312211513519287,0.8481665440821343,0.5170812221311482,-0.010916082794489959,-0.4633974850856031,0.008357979266545825,-0.1729276997267882,-0.3277813156622086,0.016910965923298327,-0.1486286478085994,0.015362214286096267,-0.00039693193632678775
500,12,144,7.31220817565918,0.8482603423358431,0.5170268244200419,-0.01083354895559305,-0.463311792806577,0.008355516483601366,-0.17300362991385265,-0.32762118027596593,0.016904614366725013,-0.14862496529141514,0.015362103214716328,-0.0003969382119033344
500,12,145,7.312206268310547,0.8483387367003429,0.516986421940676,-0.010747140590432368,-0.46323139968011234,0.008352671510001219,-0.17311122451879948,-0.3274912703508178,0.01690010997461758,-0.1486165505675688,0.015361749620506798,-0.00039694457799300436
500,12,146,7.312203407287598,0.8484037264724326,0.5169596360341723,-0.010659725705706918,-0.4631569850847425,0.008349529500505512,-0.1732465984604772,-0.32738875690272107,0.016897262079044885,-0.1486042296222233,0.015361208529655904,-0.00039695172852974265
500,12,147,7.312201499938965,0.84845752047127,0.516945796411019,-0.010574236602901589,-0.46308913781519656,0.008346180303443826,-0.17340536340888052,-0.32731032704246693,0.016895849152526232,-0.1485886907763476,0.015360533949348385,-0.0003969602971054121
500,12,148,7.312199115753174,0.8485024692340106,0.5169440244275699,-0.010493476228515377,-0.4630283107904968,0.00834271577867551,-0.17358280895473763,-0.3272523328695785,0.016895638646313237,-0.14857072559905607,0.015359768677730642,-0.0003969707362856292
500,12,149,7.312197208404541,0.8485409444318484,0.5169532784126256,-0.010420031682266092,-0.4629748663458611,0.008339226445040072,-0.17377404351918943,-0.32721097758968176,0.016896386990389808,-0.14855109124341467,0.015358962645973473,-0.00039698340812288694
500,12,150,7.312195301055908,0.8485751906588946,0.5169723536961381,-0.010356304068240943,-0.46292898564889845,0.00833579812780756,-0.1739742963031017,-0.3271825016318771,0.01689784951261309,-0.14853044161434395,0.01535815457620933,-0.0003969984936434318
500,12,151,7.312192916870117,0.8486073534238224,0.517000026459155,-0.010304417410616532,-0.4628907592834133,0.008332509947148799,-0.1741790179368359,-0.32716325709568755,0.016899802481248855,-0.1485094306167645,0.015357379114556731,-0.00039701623421559265
500,12,152,7.312191963195801,0.8486392948734218,0.5170350427421178,-0.01026610154529885,-0.46286014195750336,0.008329432306605628,-0.17438406164983655,-0.32714993109190443,0.016902032083703795,-0.14848860890745152,0.015356669888130699,-0.00039703666001041045
500,12,153,7.312190055847168,0.848672520313237,0.5170761437520965,-0.010242699774064449,-0.4628369072116575,0.00832662555207105,-0.17458578392040197,-0.3271396574130102,0.01690435646906092,-0.14846852714318026,0.015356055429028837,-0.00039705980119892633
500,12,154,7.312188148498535,0.8487083100791062,0.5171221857759909,-0.010235134420925154,-0.4628207832944623,0.00832413863076939,-0.17478112499550094,-0.3271299420862298,0.01690661803319218,-0.14844963273258055,0.01535555509831737,-0.0003970856276100992
500,12,155,7.3121867179870605,0.8487474797366885,0.5171720858332934,-0.010243850191483344,-0.46281136257879774,0.008322009091256292,-0.17496766928063515,-0.32711892393785047,0.01690869113364583,-0.14843228704416117,0.015355191314072982,-0.00039711404873080575
500,12,156,7.312185287475586,0.8487905499435584,0.5172248582540664,-0.0102689067880402,-0.4628081015618369,0.008320261071888962,-0.1751436855997474,-0.32710518847585063,0.01691048649815354,-0.14841683423840657,0.015354970190316591,-0.00039714491370584063
500,12,157,7.312183380126953,0.8488376778063543,0.5172795988693425,-0.010309974317110995,-0.4628103661569486,0.008318907312355921,-0.17530808693531352,-0.327087842336848,0.016911937999109127,-0.14840344639555905,0.01535490701210048,-0.0003971781018510394
500,12,158,7.312182426452637,0.8488887214747869,0.5173355908829352,-0.010366347066879215,-0.4628175222775015,0.008317949153677012,-0.1754603700384796,-0.3270665132861002,0.016913015879089815,-0.14839227838783664,0.015354995665403734,-0.0003972133114559912
500,12,159,7.31218147277832,0.8489432238860533,0.5173922296230358,-0.010436973358347148,-0.4628288452530599,0.008317376538203403,-0.17560065568897062,-0.32704131299402994,0.016913719035968833,-0.1483834334633847,0.015355245321257724,-0.0003972503614944495
500,12,160,7.312179088592529,0.8490005580929885,0.5174489704316424,-0.010520533617575887,-0.4628435651212858,0.008317170021147346,-0.1757294873955487,-0.32701261369537976,0.016914065103774495,-0.14837687720615475,0.015355641713613652,-0.0003972888899139212
500,12,161,7.312178134918213,0.8490599718035333,0.5175054500979797,-0.010615510793784162,-0.46286095721174353,0.00831730144109211,-0.17584787165592144,-0.3269810854126862,0.016914088248436654,-0.14837252357602568,0.015356175671440146,-0.0003973285346619132
500,12,162,7.3121771812438965,0.8491205703556998,0.5175613621077306,-0.010720206433044806,-0.4628802968539973,0.008317737272541578,-0.17595701626733803,-0.3269476215093315,0.016913841372040262,-0.1483702521168279,0.015356831909684922,-0.00039736887334385025
500,12,163,7.312175273895264,0.849181362699617,0.5176164836259272,-0.010832822577595356,-0.4629008593776114,0.008318437955410339,-0.1760584511063141,-0.3269133014660689,0.01691338178517733,-0.1483698563322707,0.015357590048278266,-0.00039740939305203383
500,12,164,7.312174320220947,0.8492413773300993,0.5176706237254008,-0.010951499271129815,-0.4629219654040522,0.00831936124757329,-0.1761537261793194,-0.3268792047636518,0.01691277561545404,-0.1483710781019907,0.015358426650140006,-0.00039744964122084766
500,12,165,7.312173366546631,0.8492998703883357,0.5177236743636359,-0.011074385742311593,-0.46294302613859084,0.008320461554355719,-0.17624441162277787,-0.3268461875419881,0.016912084581969487,-0.14837364209760034,0.015359317259186487,-0.00039748901442946983
500,12,166,7.3121724128723145,0.8493559056784366,0.5177755507025131,-0.011199679440893522,-0.4629634980784005,0.00832169395159283,-0.17633209770306754,-0.3268153665053054,0.016911370403822776,-0.1483771869505908,0.015360233343320111,-0.0003975269695991608
500,12,167,7.31217098236084,0.8494088042653244,0.5178262026611805,-0.011325697986644907,-0.46298288301255647,0.00832301418562976,-0.17641829416674995,-0.3267875605700373,0.016910694800113,-0.1483814201245503,0.015361144332436306,-0.0003975629334801399
500,12,168,7.312169551849365,0.8494579529958295,0.5178755912238551,-0.011450827121191533,-0.46300081860584097,0.00832437934383148,-0.17650422894102832,-0.3267635142056689,0.016910102958037715,-0.1483859974589943,0.015362023732444444,-0.0003975963328226263
500,12,169,7.312168598175049,0.8495029277207806,0.5179236970604886,-0.011573562040378007,-0.4630169878149384,0.008325750536622501,-0.17659104943328946,-0.3267437485408398,0.016909638962667704,-0.14839059200146254,0.015362848106264357,-0.0003976267150610037
500,12,170,7.312167644500732,0.8495434084347016,0.5179705264862532,-0.011692551788286602,-0.4630311641803375,0.00832709155646702,-0.17667966149147019,-0.32672867303376674,0.016909335877806058,-0.14839496283961584,0.015363592997812387,-0.00039765359745861474
500,12,171,7.312166690826416,0.8495791401958731,0.518016095797334,-0.011806596195580771,-0.4630432118263316,0.008328370889398692,-0.17677076966396585,-0.32671862269571805,0.01690921574598817,-0.14839885185309082,0.01536423802701882,-0.00039767667830504843
500,12,172,7.3121657371521,0.8496101127591013,0.5180603872304098,-0.011914729309643983,-0.46305304016911636,0.008329561715020624,-0.17686481680976782,-0.3267135975266937,0.01690929509911558,-0.14840203533757257,0.015364767908831373,-0.0003976956257188528
500,12,173,7.312165260314941,0.8496362988676491,0.5181034519552893,-0.012016067842584419,-0.4630606492086916,0.008330641906505384,-0.17696210487818842,-0.3267136719736422,0.016909581652075685,-0.1484044100449157,0.015365174491222157,-0.0003977103491869046
500,12,174,7.312163829803467,0.8496578935630892,0.5181453188080958,-0.012109912205898504,-0.46306612952886184,0.008331595371614837,-0.1770625936093193,-0.32671862269571805,0.016910069894234624,-0.14840590714302332,0.015365452679173747,-0.00039772075819608063
500,12,175,7.312163352966309,0.8496751076215036,0.5181859941887729,-0.01219578784283327,-0.4630695717134316,0.008332411382190227,-0.17716616222343556,-0.32672818912860147,0.01691075100857825,-0.14840645779979855,0.015365599415675684,-0.00039772691308846296
500,12,176,7.31216287612915,0.8496882439727332,0.5182255389741268,-0.012273336539581634,-0.4630711569300098,0.008333082562622409,-0.17727248864127076,-0.3267420362610241,0.01691161287171209,-0.14840613084733825,0.015365621833752369,-0.00039772893454821597
500,12,177,7.312161922454834,0.8496976869221184,0.5182640025589202,-0.012342389139623586,-0.46307111163810755,0.008333607571891537,-0.17738113000383354,-0.32675971741129495,0.01691263344110076,-0.1484049434936667,0.015365528085431688,-0.0003977271846278327
500,12,178,7.312160968780518,0.8497039014271578,0.5183013732817668,-0.012402951766272067,-0.46306961700533383,0.00833398775101746,-0.17749144215259102,-0.326780637003826,0.01691378516357501,-0.1484030678190261,0.015365326322741523,-0.00039772190469564205
500,12,179,7.312160491943359,0.8497072624159232,0.5183376855072176,-0.012455162959482381,-0.46306694478310206,0.008334229805099394,-0.17760274066910195,-0.32680434835692607,0.016915044894472684,-0.1484005898635376,0.015365034887744619,-0.0003977134266330958
500,12,180,7.312159061431885,0.8497083769225324,0.5183729191332104,-0.01249930745330631,-0.4630633214309234,0.008334342450766334,-0.1777142203552003,-0.3268300697776359,0.016916372957230075,-0.1483976817074435,0.015364669065493261,-0.00039770229351893365
500,12,181,7.312159061431885,0.8497076436409595,0.5184070994841766,-0.01253574805403564,-0.46305901870021116,0.008334337757196879,-0.17782505588276573,-0.32685731736079016,0.01691773849229763,-0.14839454984703443,0.015364246179046706,-0.0003976887768925254
500,12,182,7.312158107757568,0.8497056856469074,0.5184401848005286,-0.012564991465816288,-0.46305426305047664,0.008334229134589472,-0.177934421923678,-0.3268852721899553,0.01691910623161873,-0.1483912975304558,0.01536377845644678,-0.00039767326897740526
500,12,183,7.312158107757568,0.8497029318216035,0.518472201894217,-0.012587648489114171,-0.46304932623313316,0.00833403267518225,-0.17804145288990855,-0.32691341313649164,0.016920443111390276,-0.14838816567004673,0.015363285258759712,-0.00039765625251023064
500,12,184,7.312157154083252,0.8496999027714907,0.5185030863768482,-0.012604415650776392,-0.46304438941578974,0.008333763800703425,-0.1781453637132454,-0.3269410329543884,0.0169217083529218,-0.14838525751395262,0.01536278390904476,-0.0003976379688593302
500,12,185,7.3121562004089355,0.8496970477355372,0.518532850333108,-0.012616003255104173,-0.4630396790579574,0.008333438603391127,-0.1782454297153391,-0.32696757329153187,0.016922881015804674,-0.14838272793439145,0.015362284597336778,-0.00039761887059032035
500,12,186,7.3121562004089355,0.8496947422341635,0.5185614334699387,-0.012623172889144621,-0.463035331035343,0.00833307384599342,-0.17834100673765668,-0.32699251301928234,0.016923925831982274,-0.1483806629714844,0.015361797513670625,-0.0003975991990715298
500,12,187,7.312154769897461,0.8496933855270438,0.5185888144333307,-0.012626647869238955,-0.4630314812236531,0.008332684279728586,-0.1784315512714361,-0.3270153310090003,0.016924825167426282,-0.14837916587337674,0.015361330810074184,-0.0003975791353292051
500,12,188,7.312155246734619,0.8496931912764301,0.5186150059519841,-0.012627175239566047,-0.46302826549859455,0.008332283985304997,-0.17851666071759423,-0.327035766696366,0.01692555587747454,-0.14837828826414123,0.0153608956955858,-0.000397558950902716
500,12,189,7.3121538162231445,0.849694421396286,0.5186400031856632,-0.012625501278890647,-0.4630257744439717,0.008331885702411175,-0.17859601299686464,-0.32705348507011117,0.016926108042986117,-0.1483780645598263,0.015360493189208959,-0.00039753873630518584
500,12,190,7.312153339385986,0.8496972204090516,0.5186638021249967,-0.01262229648997986,-0.4630240080597846,0.008331500159205876,-0.17866952758943075,-0.3270683000128644,0.0169264750512004,-0.1483785291764804,0.015360131442971544,-0.0003975187027339022
500,12,191,7.312153339385986,0.8497016316159609,0.5186864260484313,-0.012618220659803135,-0.46302301163793547,0.008331136072318088,-0.17873714410543007,-0.3270801743011516,0.01692665469786385,-0.14837964769805506,0.015359804342852642,-0.0003974988501888651
500,12,192,7.31215238571167,0.8497075663473154,0.5187079234243394,-0.012613854737675805,-0.46302273988652204,0.00833080081735696,-0.1787990839743583,-0.3270892568288697,0.016926659106370926,-0.1483814201245503,0.015359518002873166,-0.00039747929935423894
500,12,193,7.31215238571167,0.849715044539589,0.5187283756417782,-0.012609719970612016,-0.4630231928055444,0.008330499087891942,-0.17885560888561944,-0.32709558481949297,0.016926493787355484,-0.1483837776238692,0.015359268347019174,-0.00039746008040106475
500,12,194,7.31215238571167,0.84972380634447,0.5187478402776121,-0.012606235040134153,-0.463024279811198,0.00833023423647265,-0.17890712143829648,-0.3270995305077639,0.016926185191859993,-0.14838668577996333,0.015359056394294154,-0.0003974412536714247
500,12,195,7.3121514320373535,0.8497336914752752,0.5187663930111256,-0.012603756629221056,-0.4630259103196784,0.008330006933609004,-0.17895412488124335,-0.32710135445800237,0.016925747647532453,-0.14839005855271156,0.015358875011673705,-0.00039742281916531883
500,12,196,7.312150955200195,0.8497443945666385,0.5187841615106605,-0.012602579422308042,-0.4630279937471811,0.008329817179301004,-0.17899720298313038,-0.32710154057537366,0.016925212013922417,-0.14839389594211386,0.015358726237164794,-0.00039740492773795256
500,12,197,7.312150955200195,0.8497555881284049,0.518801237099275,-0.01260283889769394,-0.46303043950990175,0.008329662962018885,-0.1790369596425822,-0.32710057276504306,0.016924604742072358,-0.14839806028397645,0.015358605994753485,-0.00039738751904724374
500,12,198,7.312150478363037,0.8497670374584063,0.5188177664568595,-0.012604663644950526,-0.4630331570240358,0.008329541599722956,-0.17907405914808586,-0.32709886048522735,0.016923953385151513,-0.14840253437027512,0.01535850817041886,-0.0003973705327511102
500,12,199,7.312149524688721,0.8497784510647202,0.51883385145636,-0.012608105712237798,-0.4630360557057787,0.008329449069353683,-0.17910912552822006,-0.3270968504176176,0.016923287700582663,-0.14840719774484024,0.01535843276416092,-0.00039735411970475733
500,12,200,7.312149524688721,0.8497895118193,0.518849551949021,-0.012613205666503998,-0.4630389996794239,0.008329381347851536,-0.17914272242170112,-0.3270949892439049,0.01692263303728151,-0.14841199878359917,0.015358372642955266,-0.0003973381893950619
500,12,201,7.312149524688721,0.8498000125880113,0.5188650113421844,-0.012619942841567948,-0.4630419436530691,0.008329333741647056,-0.1791754537271536,-0.3270936491988317,0.016922011437783446,-0.1484168514464308,0.015358323730787953,-0.0003973226211378596
500,12,202,7.312148094177246,0.849809753017632,0.5188803358606865,-0.012628271312582585,-0.4630448423348121,0.00832930222768071,-0.17920780256347718,-0.3270931652936664,0.0169214471488774,-0.1484216869012382,0.01535828195164504,-0.00039730759595939686
500,12,203,7.312148094177246,0.849818503908211,0.5188955361720895,-0.012638111476479669,-0.4630475598489461,0.008329282112383042,-0.17924021178966323,-0.327093835316203,0.01692096000884523,-0.14842643631592445,0.01535824424851607,-0.0003972929630044683
500,12,204,7.312147617340088,0.8498261165387871,0.5189107064704019,-0.012649357706110958,-0.46305009619547116,0.008329269372694518,-0.17927300348497818,-0.32709591983076125,0.016920557732574316,-0.1484310480664169,0.015358207564390585,-0.00039727875244411503
500,12,205,7.31214714050293,0.8498326031648278,0.5189258667012856,-0.01266185462241056,-0.46305240608248505,0.008329261326575452,-0.17930641920887186,-0.32709941883734117,0.016920252443459134,-0.14843545332061867,0.015358165785247672,-0.0003972648737652137
500,12,206,7.31214714050293,0.849837877687139,0.5189410687863577,-0.012675472870392586,-0.46305448950998784,0.00832925462147623,-0.17934066026088583,-0.32710448122983976,0.016920047447879984,-0.14843960045445703,0.015358117892083845,-0.0003972512666256822
500,12,207,7.3121466636657715,0.8498419480862892,0.5189563256478786,-0.01269008079882879,-0.4630563464779794,0.008329246575357161,-0.1793757870308825,-0.3271111070082571,0.01691994495009041,-0.14844347225990778,0.015358059808885162,-0.00039723796119656157
500,12,208,7.31214714050293,0.8498447838108042,0.5189715871329138,-0.012705552114389757,-0.46305793169455756,0.008329235847198406,-0.17941177938890773,-0.32711929617259305,0.01691994495009041,-0.14844706873697094,0.015357993573658593,-0.0003972249574778519
500,12,209,7.3121466636657715,0.8498466106617505,0.51898688504434,-0.012721752104190766,-0.4630593357435268,0.008329221095980116,-0.17944857694509908,-0.3271287881585279,0.01692003752873906,-0.14845030384552535,0.015357914091386711,-0.0003972121951274709
500,12,210,7.312146186828613,0.8498474519637289,0.5190021609581634,-0.012738554474902401,-0.46306051333298487,0.00832920165119237,-0.1794860790496858,-0.3271395085191132,0.016920218277529275,-0.14845324641766794,0.015357825438083457,-0.00039719970431645974
500,12,211,7.312145233154297,0.8498474032282806,0.5190174264191941,-0.01275581456325642,-0.46306155504673624,0.008329177512835169,-0.17952412466303463,-0.3271513455839261,0.016920478379446904,-0.14845586203735023,0.015357724556738376,-0.00039718748504481835
500,12,212,7.312145709991455,0.8498466512952728,0.5190326495161187,-0.01277339536012575,-0.46306250617668315,0.008329149351418434,-0.17956247222569577,-0.3271640387886469,0.016920805711097484,-0.1484582023286449,0.015357614504361922,-0.0003971755674835879
500,12,213,7.312145233154297,0.8498452767499104,0.5190477691306924,-0.01279117286842333,-0.4630633667228256,0.008329117166942165,-0.1796009405680818,-0.32717743923937853,0.01692118814908654,-0.1484602844995762,0.015357495280954097,-0.0003971639516327683
500,12,214,7.312144756317139,0.8498434311344131,0.5190627438879961,-0.012809022325647972,-0.46306418197706584,0.00832908297093613,-0.17963928813074292,-0.3271913235952754,0.016921616876399922,-0.14846212575816833,0.015357374019539302,-0.0003971526978344418
500,12,215,7.3121442794799805,0.849841274390196,0.5190775461453165,-0.012826802895602021,-0.463064997231306,0.008329046763400329,-0.1796772733542293,-0.3272054685154921,0.016922075361136085,-0.14846379493651823,0.015357247663107079,-0.0003971418060886084
500,12,216,7.312145233154297,0.8498389256495106,0.5190921297478409,-0.012844402062410177,-0.46306585777744846,0.008329009885354604,-0.1797146546790911,-0.3272196878826573,0.016922555888407638,-0.14846529203462586,0.01535712232567834,-0.0003971314272504735
500,12,217,7.3121442794799805,0.8498365261626424,0.5191064365470075,-0.012861709606439491,-0.46306676361549315,0.008328974348328725,-0.17975123080578675,-0.3272337583559255,0.016923044130566577,-0.14846666867656388,0.01535700208326703,-0.00039712147080691386
500,12,218,7.3121442794799805,0.8498341888303962,0.5191204584459728,-0.012878622196784074,-0.4630678053292445,0.00832894015232269,-0.17978674004491235,-0.32724753104139964,0.01692352906634521,-0.1484679420703566,0.015356883878862691,-0.00039711196692897055
500,12,219,7.3121442794799805,0.8498319646416218,0.5191341342933549,-0.012895041860436864,-0.46306893762680035,0.008328909308866265,-0.1798211018766512,-0.327260894268657,0.016924004082982915,-0.14846914663205238,0.015356773826486238,-0.0003971029759587258
500,12,220,7.3121442794799805,0.8498299890839113,0.5191474447748975,-0.012910885932673146,-0.46307020580006286,0.008328882488469375,-0.1798540948715077,-0.32727366192032625,0.01692445926133877,-0.14847035119374818,0.015356669888130699,-0.0003970944978961796
500,12,221,7.312143325805664,0.849828291275709,0.5191603411733073,-0.0129260885878788,-0.4630716098490321,0.00832886036164194,-0.17988559824975686,-0.327285759549459,0.01692489019290569,-0.14847153854741973,0.015356576139810018,-0.00039708656291237296
500,12,222,7.312143325805664,0.8498269520541981,0.5191728111911823,-0.012940620740317352,-0.46307314977370806,0.008328842928383961,-0.17991555162153625,-0.32729707548563236,0.01692528916279629,-0.14847274310911554,0.015356494619531163,-0.0003970790804941827
500,12,223,7.312142848968506,0.8498260053418248,0.5191848139897923,-0.012954459427565275,-0.4630748255740907,0.00832883085920536,-0.1799438543370751,-0.3273075352818978,0.016925652864630266,-0.14847394767081132,0.015356423289287166,-0.0003970721713257731
500,12,224,7.312143325805664,0.8498254608215058,0.5191963655002263,-0.01296758627968374,-0.46307663725018006,0.008328824154106138,-0.1799705265263276,-0.3273171389382555,0.016925977992027302,-0.14847518664855555,0.01535636113007454,-0.00039706568455193884
500,12,225,7.312142848968506,0.8498252638215784,0.5192074245546994,-0.01297998445756216,-0.4630785395100739,0.008328823483596216,-0.17999556818929371,-0.32732592367817953,0.016926261238607094,-0.14847646004234827,0.01535630916089677,-0.00039705965034372083
500,12,226,7.312142848968506,0.8498254789659068,0.5192179522950662,-0.012991637122089944,-0.46308048706186994,0.008328827506655749,-0.1800189994559276,-0.32733377783124723,0.01692650921713026,-0.14847775064416519,0.015356265343746886,-0.00039705397818799596
500,12,227,7.312142372131348,0.8498259768784157,0.5192279781599926,-0.013002536619125918,-0.4630824799055682,0.008328836223284739,-0.18004092097600002,-0.3273408875148298,0.016926717519089717,-0.1484790412459821,0.015356230697628374,-0.0003970486982558053
500,12,228,7.312142372131348,0.8498268606329475,0.5192375262291381,-0.01301270284943714,-0.46308451804116874,0.008328848962973262,-0.1800613730094193,-0.3273471410585046,0.01692688945086578,-0.14848036626384747,0.015356201146527288,-0.00039704365969194324
500,12,229,7.312142372131348,0.8498279507313223,0.5192465920771693,-0.013022129689710669,-0.46308655617676925,0.008328864384701474,-0.1800805165958186,-0.327352761803117,0.01692702942096552,-0.1484816568656644,0.015356176690443632,-0.0003970388926674511
500,12,230,7.312142372131348,0.8498293076610096,0.5192551783084256,-0.01303083244822886,-0.4630885490204675,0.008328882488469375,-0.18009843225501462,-0.3273576753017186,0.01692714183789602,-0.14848296467550554,0.015356155291370433,-0.0003970343368402465
500,12,231,7.312142372131348,0.8498308009616478,0.5192633125169883,-0.013038831025758769,-0.46309049657226353,0.00832890193325712,-0.18011524076673224,-0.32736206767168063,0.01692722890591082,-0.14848423806929822,0.015356137968311177,-0.00039703002238137067
500,12,232,7.312142372131348,0.8498323522196899,0.5192710110292242,-0.013046157569693344,-0.46309235354025513,0.008328921378044866,-0.18013110317060466,-0.3273660505834258,0.016927299442024077,-0.14848547704704246,0.01535612064525192,-0.0003970258286066592
500,12,233,7.3121418952941895,0.8498339299323061,0.5192783187503932,-0.013052853412394937,-0.4630941199244422,0.008328940822832611,-0.18014616037631098,-0.3273696984839028,0.016927353446235787,-0.14848666440071404,0.015356103322192663,-0.00039702181585819427
500,12,234,7.3121418952941895,0.849835500653598,0.5192852291536545,-0.013058949170428259,-0.46309575043292267,0.008328958926600512,-0.18016049290366778,-0.32737304859658567,0.016927399735560112,-0.14848781733833716,0.015356087018136892,-0.00039701786345181146
500,12,235,7.3121418952941895,0.8498370226455753,0.5192917703539347,-0.013064492299468605,-0.4630972450656964,0.008328974348328725,-0.1801742215324,-0.32737617536842306,0.01692743720787028,-0.14848888423583914,0.015356067657070665,-0.000397014001558552
500,12,236,7.312141418457031,0.8498383909864842,0.5192979635327969,-0.01306950423111127,-0.4630985585308611,0.00832898775852717,-0.18018750730214086,-0.3273792276933119,0.016927474680180445,-0.1484898823012442,0.01535604523899398,-0.0003970101698363336
500,12,237,7.312141418457031,0.8498395671662422,0.5193038902898304,-0.013074030890203316,-0.4630997361203192,0.008328997816176003,-0.18020045086266112,-0.32738231724167505,0.01692751876525123,-0.14849082874257663,0.015356020782910323,-0.0003970064587982795
500,12,238,7.312141418457031,0.8498405649940382,0.5193095250184795,-0.013078105954965924,-0.4631007325421683,0.008329004521275225,-0.1802130924738691,-0.3273854067900382,0.016927568360955863,-0.14849172355983636,0.015355995307823181,-0.0003970027477602255
500,12,239,7.3121418952941895,0.8498413533548508,0.519314913231481,-0.013081770757761447,-0.4631015930883108,0.008329007873824838,-0.1802254723956731,-0.3273885707853498,0.016927624569421113,-0.14849253233697496,0.015355966775725583,-0.0003969990668932125
500,12,240,7.312141418457031,0.8498418766851563,0.5193200604437802,-0.013085068161780474,-0.46310227246684427,0.00832900854433476,-0.18023769127784386,-0.32739188367455846,0.01692768959490052,-0.1484932894900409,0.015355935186617526,-0.00039699541619724066
500,12,241,7.312141418457031,0.8498422122665057,0.519324996690047,-0.013088054807667721,-0.46310281596967107,0.00832900586229507,-0.18024972899042724,-0.3273952710107156,0.016927766743774393,-0.14849397781100993,0.0153559015595025,-0.0003969918560143921
500,12,242,7.312141418457031,0.8498423313114162,0.5193297230904518,-0.013090790397724362,-0.4631032235967912,0.008329000498215692,-0.18026158553342325,-0.3273987700172955,0.016927848301155346,-0.14849459729988204,0.015355861818366559,-0.0003969882354894613
500,12,243,7.312140941619873,0.84984227118522,0.5193342525995964,-0.013093304017686871,-0.4631034953482046,0.008328993122606548,-0.18027328103678605,-0.3274023434708239,0.016927938675550456,-0.14849516516468148,0.015355822077230616,-0.0003969846753066127
500,12,244,7.312141418457031,0.8498420014378492,0.5193386318089163,-0.013095643123230546,-0.4631036765158135,0.008328983735467636,-0.18028481550051562,-0.3274060658182494,0.01692803896908649,-0.14849569861343248,0.015355784374101646,-0.0003969811754658463
500,12,245,7.312141418457031,0.8498416010379564,0.519342845334985,-0.013097845985061272,-0.463103767099618,0.00832897300730888,-0.1802961285347495,-0.3274098253891491,0.016928144773256375,-0.14849621485415923,0.01535574361396222,-0.00039697770579612095
500,12,246,7.312140941619873,0.849841087971538,0.5193469226280504,-0.013099958528026109,-0.4631038123915202,0.008328961608640202,-0.18030720000953354,-0.32741362218352305,0.016928251679553027,-0.14849669667883755,0.01535569877780885,-0.00039697423612639564
500,12,247,7.312140464782715,0.8498404924762802,0.5193508649642554,-0.013102022084487415,-0.4631038123915202,0.0083289495394616,-0.18031802992486776,-0.327417418977897,0.01692836079010322,-0.14849714408746742,0.015355656998665937,-0.00039697082679875247
500,12,248,7.312141418457031,0.8498398306098326,0.519354650447397,-0.013104087171776956,-0.463103767099618,0.008328938140792922,-0.18032853776093555,-0.3274211785487967,0.01692847210490695,-0.14849757428807306,0.015355614200519539,-0.0003969674476421504
500,12,249,7.312140464782715,0.8498391019792975,0.5193583266438934,-0.013106169098177085,-0.46310372180771575,0.008328927412634166,-0.180338743647691,-0.3274249381196964,0.01692858011333037,-0.14849798728065447,0.015355570383369654,-0.00039696406848554837
500,12,250,7.312141418457031,0.8498384437999004,0.5193619252663941,-0.013108281641141922,-0.46310372180771575,0.008328917354985333,-0.1803486073252259,-0.3274285487966991,0.01692868371324672,-0.14849840027323588,0.015355528604226742,-0.0003969607496710285
500,12,251,7.312140464782715,0.8498377181135072,0.5193654134081253,-0.013110440108953821,-0.46310372180771575,0.008328908638356343,-0.18035814892349433,-0.32743215947370174,0.01692878841528983,-0.14849881326581732,0.01535548682508383,-0.00039695752136963185
500,12,252,7.312140464782715,0.8498370307235582,0.5193688196023113,-0.013112652155753959,-0.463103767099618,0.00832890193325712,-0.18036734831254217,-0.32743565848028167,0.016928888708825866,-0.1484992090503745,0.015355447083947888,-0.00039695432323927636
500,12,253,7.312140464782715,0.8498363432770366,0.5193721775016035,-0.013114917781542336,-0.4631038576834225,0.008328897239687664,-0.18037624575227773,-0.32743912026338734,0.016928985695981592,-0.14849965645900437,0.015355408361815431,-0.0003969512457930852
500,12,254,7.312140464782715,0.8498356911577817,0.5193754968030251,-0.013117241578803658,-0.4631040388510314,0.008328894557647976,-0.18038478085283852,-0.3274425075995445,0.016929078274630242,-0.14850012107565846,0.015355372696693433,-0.0003969482588600173
500,12,255,7.312140464782715,0.849835080513193,0.5193787393508347,-0.013119626609194395,-0.46310426531054255,0.00832889321662813,-0.18039297374417873,-0.3274457832652789,0.01692916754689858,-0.14850058569231253,0.015355342126588864,-0.00039694533226903157
500,12,256,7.312140464782715,0.8498345166396924,0.5193819620306489,-0.013122066749401605,-0.4631045823538582,0.008328893887138053,-0.18040084455625247,-0.3274489844840648,0.01692925130853307,-0.14850108472501508,0.015355313594491264,-0.00039694246602012804
500,12,257,7.312140464782715,0.8498339759828104,0.5193851262884455,-0.013124548221971172,-0.4631049446890761,0.00832889589866782,-0.18040841341901392,-0.3274521112559022,0.016929335070167563,-0.14850160096574186,0.015355285062393665,-0.0003969397204553889
500,12,258,7.312140464782715,0.8498334876822577,0.5193882798055433,-0.013127083273528977,-0.46310539760809843,0.008328899251217431,-0.18041570046241726,-0.327455163580791,0.016929414423294976,-0.14850213441449284,0.015355261625313494,-0.000396937065403773
500,12,259,7.312139987945557,0.8498329691707994,0.5193913838847886,-0.013129656595792667,-0.463105895819023,0.008328903944786888,-0.18042272581641658,-0.32745821590567986,0.01692949157216885,-0.14850266786324384,0.01535524124524378,-0.0003969344706942393
500,12,260,7.312140464782715,0.8498324925104808,0.5193944600221516,-0.013132260534621064,-0.4631064393218498,0.008328909308866265,-0.1804295096109661,-0.32746119378362026,0.016929567618915953,-0.1485032529360675,0.015355220865174067,-0.00039693193632678775
500,12,261,7.312140464782715,0.8498319863056101,0.5193974877992843,-0.013134869065934168,-0.46310702811657883,0.008328915343455565,-0.18043605184606576,-0.3274641716615606,0.016929640359282745,-0.14850382080086696,0.015355200485104354,-0.0003969294321303773
500,12,262,7.312140464782715,0.8498315503759207,0.5194004859311833,-0.013137469943106096,-0.4631076622032101,0.008328921378044866,-0.18044239278162388,-0.3274670378690782,0.016929710895396,-0.1485043886656664,0.015355183162045098,-0.0003969270184470901
500,12,263,7.312140464782715,0.8498310506203989,0.5194034278130552,-0.01314004785785449,-0.46310829628984135,0.008328928083144088,-0.18044857267754882,-0.32746994130007007,0.016929785840016337,-0.14850495653046583,0.015355167876992813,-0.000396924634934844
500,12,264,7.312140464782715,0.8498305615842365,0.5194063390041324,-0.013142587501897002,-0.4631089756683749,0.00832893478824331,-0.1804545512739322,-0.3274728075075876,0.01692985527400282,-0.1485055243952653,0.015355150553933555,-0.000396922281593639
500,12,265,7.312139987945557,0.8498300696952007,0.5194091972993421,-0.013145079690264216,-0.4631096550469084,0.008328941493342535,-0.18046040909059066,-0.327475636491631,0.01692992691224285,-0.14850605784401627,0.015355132211870813,-0.0003969198980813929
500,12,266,7.312139987945557,0.849829546650277,0.5194120527695043,-0.01314751217633025,-0.4631103797173441,0.008328947527931833,-0.18046614612752424,-0.3274785026991486,0.01693000295898995,-0.14850659129276728,0.015355115907815043,-0.00039691763525331116
500,12,267,7.312140464782715,0.84982897052348,0.5194148695555019,-0.013149880367610398,-0.46311110438777986,0.008328953562521134,-0.18047176238473286,-0.32748140613014043,0.016930076801483517,-0.14850714194954248,0.015355099603759272,-0.00039691534225418833
500,12,268,7.312139987945557,0.8498283721227138,0.5194176016576599,-0.013152181202448189,-0.46311178376631335,0.008328958926600512,-0.1804772981221249,-0.32748427233765803,0.016930155052484158,-0.14850764098224503,0.01535508126169653,-0.0003969130492550655
500,12,269,7.312140464782715,0.8498276922093959,0.5194202967411534,-0.013154397841733032,-0.46311246314484683,0.00832896362016997,-0.18048273320974614,-0.32748721299212413,0.016930233303484803,-0.14850814001494758,0.015355063938637272,-0.00039691078642698375
500,12,270,7.312139987945557,0.8498270467484784,0.5194229517590299,-0.013156527223808459,-0.46311314252338037,0.008328967643229502,-0.1804880877775508,-0.3274900791996417,0.016930311554485444,-0.14850860463160168,0.015355043558567559,-0.0003969084934278609
500,12,271,7.312140464782715,0.8498262712598085,0.5194255385774519,-0.01315856934867447,-0.46311377661001163,0.008328970995779113,-0.180493381955493,-0.3274930570775821,0.016930396418246705,-0.14850905204023154,0.015355024197501331,-0.0003969062607708203
500,12,272,7.312139511108398,0.8498254994133021,0.5194280831176169,-0.013160524216331062,-0.4631144106966429,0.008328973677818803,-0.1804985754836644,-0.3274959977320482,0.016930479077754426,-0.14850948224083718,0.015354999741417675,-0.00039690396777169746
500,12,273,7.312139511108398,0.8498246856442332,0.5194305590265119,-0.013162378049324118,-0.4631149994913719,0.008328975689348568,-0.1805037086219734,-0.3274989383865143,0.016930565043642456,-0.1485098952334186,0.01535497732334099,-0.00039690170494361576
500,12,274,7.312139511108398,0.8498238202398753,0.5194329504297712,-0.013164141563451288,-0.4631155429941987,0.008328977700878336,-0.18050872098055745,-0.3275018790409804,0.016930651009530485,-0.148510308226,0.015354957962274762,-0.0003968995024576162
500,12,275,7.312139987945557,0.8498229597823221,0.519435301693014,-0.013165817820369038,-0.46311608649702557,0.00832897904189818,-0.18051365281932488,-0.32750478247197223,0.01693073697541852,-0.14851068680253296,0.015354933506191106,-0.0003968972999716166
500,12,276,7.312140464782715,0.8498220226093072,0.5194375756125892,-0.013167412943390315,-0.46311658470795014,0.008328980382918025,-0.18051848400832157,-0.32750772312643833,0.016930822941306548,-0.14851106537906594,0.015354910069110935,-0.0003968950974856171
500,12,277,7.312139987945557,0.8498210454386919,0.5194397840698296,-0.013168919278373938,-0.4631170376269724,0.008328981723937869,-0.18052323467750162,-0.32751066378090443,0.016930911111448118,-0.14851146116362313,0.015354890708044707,-0.00039689301568378185
500,12,278,7.312139987945557,0.8498200623738522,0.5194419346690554,-0.013170352133602263,-0.46311749054599477,0.008328983064957714,-0.18052782430704847,-0.3275135672118963,0.016930998179462916,-0.1485118569481803,0.015354870327974994,-0.00039689093388194666
500,12,279,7.312140464782715,0.8498191041200822,0.519444029470758,-0.01317171457073176,-0.4631179434650171,0.00832898507648748,-0.18053227302691624,-0.3275163961959396,0.0169310786347171,-0.14851223552471327,0.015354851985912252,-0.00039688885208011146
500,12,280,7.312139511108398,0.849818182813477,0.5194460401264416,-0.013173003528105957,-0.4631183510921372,0.008328987088017248,-0.1805366009670591,-0.3275191135095602,0.01693116129422482,-0.14851261410124622,0.015354832624846024,-0.00039688683062035846
500,12,281,7.312139511108398,0.8498172293885248,0.5194479982311939,-0.013174232783178976,-0.46311875871925734,0.008328989770056937,-0.18054076786756873,-0.32752183082318076,0.016931240647352234,-0.14851300988580343,0.015354816320790254,-0.00039688492984476983
500,12,282,7.312139511108398,0.8498163040826159,0.5194499059402596,-0.013175411520920225,-0.46311916634637745,0.008328992452096626,-0.1805447938583993,-0.3275244736898528,0.016931316694099335,-0.14851340567036062,0.015354797978727512,-0.00039688296872709896
500,12,283,7.312139511108398,0.8498153751167007,0.5194517112801876,-0.013176550457127355,-0.4631195286815953,0.008328995804646237,-0.18054865880959664,-0.3275270421095764,0.016931388332339363,-0.14851378424689357,0.015354780655668254,-0.00039688106795151033
500,12,284,7.312139987945557,0.8498145261870677,0.5194534547863808,-0.01317765418428507,-0.46311989101681317,0.008328999157195848,-0.18055236272116076,-0.3275294616354029,0.016931457766325847,-0.1485141456154023,0.015354763332608998,-0.00039687922751800383
500,12,285,7.312139987945557,0.8498136970791502,0.5194551343282274,-0.013178721171565138,-0.46312025335203105,0.00832900250974546,-0.1805558854631375,-0.32753180671428095,0.016931522791805254,-0.14851450698391105,0.015354748047556713,-0.00039687741725553846
500,12,286,7.312139511108398,0.8498129215195626,0.5194567569099983,-0.013179760603936967,-0.4631206156872489,0.008329006532804993,-0.18055924716548102,-0.32753404012273624,0.016931581204524045,-0.14851486835241978,0.015354729705493972,-0.00039687557682203196
500,12,287,7.312139987945557,0.8498121672374431,0.5194583179121572,-0.013180774012228795,-0.46312097802246677,0.008329010555864526,-0.18056244782819134,-0.327536199084243,0.016931637412989295,-0.1485152125129043,0.015354712382434715,-0.0003968737665595666
500,12,288,7.312139987945557,0.8498114444474372,0.5194598340467667,-0.013181759865612385,-0.46312134035768465,0.00832901457892406,-0.18056550758122256,-0.3275382835988012,0.01693168700869393,-0.14851557388141304,0.015354698116385915,-0.00039687207698126554
500,12,289,7.312139511108398,0.849810773611027,0.5194612905867935,-0.01318271816408774,-0.46312170269290254,0.008329017931473672,-0.1805684264245747,-0.3275402564429367,0.016931736604398562,-0.1485159008338733,0.015354680793326659,-0.0003968703572319234
500,12,290,7.312139511108398,0.849810117679643,0.5194627233131063,-0.013183645845998385,-0.46312206502812037,0.008329021284023283,-0.18057126474811025,-0.32754219206359797,0.016931783995849655,-0.14851624499435784,0.01535466652727786,-0.0003968686978246635
500,12,291,7.312139511108398,0.849809435527297,0.5194641131182353,-0.013184533726374912,-0.46312242736333825,0.008329023966062972,-0.1805739822919209,-0.32754412768425917,0.01693183138730075,-0.14851658915484234,0.01535465429923603,-0.00039686709875948574
500,12,292,7.312139511108398,0.8498087927461896,0.5194654709494682,-0.013185378743560846,-0.46312278969855614,0.008329026648102662,-0.18057663944586907,-0.3275459888579719,0.016931877676625073,-0.1485168988992784,0.015354641052190717,-0.00039686552986534907
500,12,293,7.312139511108398,0.8498081929727089,0.5194668027415004,-0.013186187020869133,-0.46312315203377397,0.008329028659632427,-0.18057919595004648,-0.32754777558473613,0.0169319239659494,-0.1485172430597629,0.015354628824148888,-0.00039686405148433565
500,12,294,7.312139987945557,0.8498075240778812,0.5194680696334772,-0.013186969274097416,-0.4631234690770896,0.008329030671162195,-0.18058171219431557,-0.3275495995349746,0.01693196915314695,-0.14851755280419898,0.015354616596107061,-0.0003968625731033223
500,12,295,7.312139511108398,0.8498068966308105,0.519469307935761,-0.013187723972417463,-0.4631237861204053,0.008329032012182038,-0.18058414791876806,-0.32755134903826455,0.016932014340344505,-0.14851786254863503,0.01535460742507569,-0.00039686121540647324
500,12,296,7.312139511108398,0.8498062528019692,0.5194705194308809,-0.013188448054172802,-0.4631241031637209,0.008329033353201884,-0.1805865232533581,-0.3275530985415545,0.01693205842541529,-0.14851815508504687,0.015354595197033862,-0.00039685982753858307
500,12,297,7.312139511108398,0.8498057019531701,0.5194716902844453,-0.013189144581019906,-0.46312442020703654,0.008329034694221728,-0.18058879793817736,-0.3275546991509474,0.016932100306232534,-0.1485184304134345,0.01535458398799552,-0.00039685846984173403
500,12,298,7.312139987945557,0.8498050537632073,0.5194728464450743,-0.013189810491302299,-0.4631247372503522,0.008329036035241572,-0.18059103236308832,-0.32755641143076314,0.01693214439130332,-0.1485187057418221,0.015354572778957177,-0.0003968572026580083
500,12,299,7.312139511108398,0.8498044824873873,0.5194739356834459,-0.013190456500817634,-0.46312500900176556,0.008329037376261417,-0.18059320639813684,-0.3275579748166818,0.016932186272120568,-0.14851896386218547,0.015354559531911864,-0.0003968559354742825
500,12,300,7.312139511108398,0.8498038922205088,0.5194749938331127,-0.013191087202050615,-0.463125280753179,0.008329038046771339,-0.18059532004332288,-0.32755953820260053,0.01693222925506458,-0.1485191875665004,0.015354549341877006,-0.0003968546682905567
500,12,301,7.312139987945557,0.8498033254236684,0.5194760421867319,-0.013191691879203594,-0.46312555250459236,0.00832903871728126,-0.18059739342860062,-0.32756106436504495,0.016932271135881825,-0.14851942847883956,0.015354538132838665,-0.00039685349161995424
500,12,302,7.312139511108398,0.8498027174452436,0.5194770713501409,-0.01319228430973069,-0.4631258242560058,0.008329039387791184,-0.18059942655397007,-0.3275626277509636,0.016932313016699074,-0.1485196521831545,0.015354527942803807,-0.00039685228477831063
500,12,303,7.312139511108398,0.8498021582769352,0.5194780839873684,-0.013192859901147195,-0.46312609600741916,0.008329040058301106,-0.18060139928947702,-0.3275641166899338,0.01693235489751632,-0.14851989309549365,0.015354516733765465,-0.0003968511382787492
500,12,304,7.312139511108398,0.8498015609830719,0.5194790824339521,-0.013193427838422525,-0.4631263677588326,0.008329040728811028,-0.1806033317650757,-0.32756564285237827,0.016932395676206795,-0.14852013400783282,0.015354506543730608,-0.0003968499917791878
500,12,305,7.312139511108398,0.8498010079572149,0.5194800569247574,-0.013193989652384913,-0.46312663951024596,0.00832904139932095,-0.18060522398076606,-0.3275670945678742,0.016932436454897268,-0.14852034050412352,0.015354497372699238,-0.00039684893579274965
500,12,306,7.312139511108398,0.8498004376971259,0.5194810032174023,-0.01319454840469083,-0.4631269112616594,0.008329042069830872,-0.18060703567663983,-0.3275685462833701,0.016932475029334208,-0.14852054700041423,0.015354486163660894,-0.00039684784963527043
500,12,307,7.312139511108398,0.84979989609429,0.5194819000332795,-0.013195102564512041,-0.46312713772117053,0.008329043410850718,-0.18060880711260527,-0.3275699235519175,0.016932513603771144,-0.14852077070472916,0.015354478011633008,-0.0003968467936488323
500,12,308,7.312139511108398,0.8497993636130527,0.5194827635833531,-0.013195649070192075,-0.46312736418068173,0.008329044751870561,-0.18061049802875412,-0.3275712635969907,0.01693254997395454,-0.14852097720101987,0.015354466802594667,-0.00039684570749135305
500,12,309,7.312139511108398,0.8497988310482314,0.5194836269923487,-0.013196184860074461,-0.4631275906401929,0.008329046092890407,-0.18061218894490294,-0.3275726036420638,0.016932587446264708,-0.14852118369731057,0.01535445865056678,-0.00039684465150491494
500,12,310,7.312139511108398,0.8497982823535297,0.5194844640109462,-0.013196708403330964,-0.4631278170997041,0.00832904743391025,-0.18061381947118932,-0.327573943687137,0.016932621612194564,-0.14852137298557705,0.015354448460531925,-0.0003968435955184768
500,12,311,7.312139511108398,0.8497977838436942,0.519485286755454,-0.013197219699961585,-0.4631280435592152,0.008329048774930096,-0.1806154097375674,-0.3275752092852616,0.016932655778124424,-0.14852156227384355,0.015354439289500553,-0.0003968426300451619
500,12,312,7.312139511108398,0.8497972753171938,0.5194860931103713,-0.01319771568830985,-0.46312827001872636,0.00832905011594994,-0.180616939614083,-0.3275764748833863,0.01693269214830782,-0.14852176877013426,0.015354430118469183,-0.0003968416947428881
500,12,313,7.312139511108398,0.8497967124516618,0.5194868587535127,-0.013198194837547528,-0.46312845118633533,0.008329051456969784,-0.18061846949059862,-0.3275777777049852,0.01693272851849122,-0.14852197526642497,0.015354424004448268,-0.00039684078961165544
500,12,314,7.312139987945557,0.8497961866066939,0.5194875886038924,-0.013198649493533438,-0.46312863235394425,0.008329053468499551,-0.1806198987173435,-0.3275790060796356,0.016932759378040767,-0.14852218176271567,0.015354417890427354,-0.00039683985430938166
500,12,315,7.312139511108398,0.8497956898465125,0.5194883178470597,-0.013199079656267583,-0.4631288135215532,0.008329055480029319,-0.18062132794408833,-0.3275801972308117,0.016932792441843855,-0.14852238825900638,0.01535440973839947,-0.00039683897934919007
500,12,316,7.312139511108398,0.8497951947172709,0.5194890015733913,-0.013199486856578197,-0.46312899468916213,0.008329057491559084,-0.1806226565210624,-0.3275813511585136,0.016932823301393406,-0.14852256033924863,0.015354400567368098,-0.00039683807421795735
500,12,317,7.312139511108398,0.8497947791659183,0.5194896709282444,-0.013199878748606456,-0.46312917585677105,0.008329059503088852,-0.1806239448381282,-0.32758239341579276,0.016932850854562646,-0.14852273241949088,0.015354395472350669,-0.00039683719925776576
500,12,318,7.312139511108398,0.8497943474225528,0.5194903137932055,-0.013200255332352362,-0.46312935702438,0.008329061514618619,-0.18062517276533152,-0.3275834356730719,0.016932877305605117,-0.1485228872917089,0.015354385282315813,-0.00039683635446861523
500,12,319,7.312139511108398,0.8497939362897439,0.519490942189714,-0.013200613546159444,-0.46312953819198893,0.008329063526148385,-0.18062636043262653,-0.32758444070687676,0.01693290265452082,-0.14852304216392695,0.015354376111284441,-0.00039683547950842364
500,12,320,7.312139511108398,0.8497935205647836,0.5194915630719209,-0.013200948797542994,-0.46312971935959785,0.008329065537678152,-0.1806275279699674,-0.3275854457406816,0.01693292910556329,-0.14852319703614497,0.015354367959256555,-0.0003968346648903142
500,12,321,7.312139511108398,0.8497931001946244,0.519492176353088,-0.013201256494018307,-0.4631299005272068,0.008329067549207918,-0.1806286753773541,-0.3275864507744865,0.01693295665873253,-0.148523351908363,0.015354361845235642,-0.00039683391061428696
500,12,322,7.312139511108398,0.8497927002588264,0.5194927748629317,-0.01320153816641362,-0.46313008169481573,0.008329068890227763,-0.1806297825248325,-0.3275874185848171,0.016932979803394692,-0.14852350678058104,0.015354356750218214,-0.0003968331865093008
500,12,323,7.312138557434082,0.8497922957410375,0.5194933658753254,-0.0132017968763854,-0.46313026286242465,0.008329070231247607,-0.18063086954235677,-0.3275883863951477,0.01693300735656393,-0.14852366165279907,0.015354349617193813,-0.00039683246240431467
500,12,324,7.312139511108398,0.8497919383468638,0.5194939375947047,-0.013202037216418355,-0.4631304440300336,0.00832907090175753,-0.18063191629997272,-0.32758927975852986,0.016933034909733174,-0.14852379931699286,0.015354345541179872,-0.00039683185898349284
500,12,325,7.312139511108398,0.8497915678711816,0.5194944879133707,-0.013202269902310135,-0.46313062519764253,0.008329071572267453,-0.1806329026677262,-0.32759017312191197,0.016933056952268564,-0.14852393698118668,0.015354340446162443,-0.0003968311952205889
500,12,326,7.312139511108398,0.8497912255927983,0.5194950361751468,-0.013202497995717207,-0.46313080636525145,0.008329072242777374,-0.18063386890552555,-0.32759102926181977,0.016933082301184267,-0.1485240918534047,0.0153543363701485,-0.00039683059179976705
500,12,327,7.312139511108398,0.8497908508880349,0.5194955795722179,-0.013202732212437222,-0.4631309875328604,0.008329072913287296,-0.18063483514332487,-0.3275919226252019,0.01693310544584643,-0.1485242295175985,0.015354331275131071,-0.0003968299883789453
500,12,328,7.312139511108398,0.8497905271828412,0.5194960618523639,-0.01320297561412665,-0.4631311234085671,0.008329073583797218,-0.18063574099126176,-0.32759270431816123,0.01693312748838182,-0.14852436718179232,0.015354328218120614,-0.00039682941512916457
500,12,329,7.312139511108398,0.8497901686563546,0.5194965353504954,-0.013203235854926667,-0.4631312592842738,0.008329074254307142,-0.18063660657929032,-0.32759352323459484,0.016933147326663674,-0.14852452205401034,0.015354323123103187,-0.0003968287815373017
500,12,330,7.312139511108398,0.8497898222659769,0.5194969805194936,-0.01320351293483727,-0.46313139515998053,0.008329074924817064,-0.18063743190741058,-0.3275943049275542,0.01693316716494553,-0.1485246253021557,0.015354318028085758,-0.00039682820828752097
500,12,331,7.312139511108398,0.8497895337505107,0.5194974239989864,-0.01320380532303023,-0.4631315310356872,0.008329075595326986,-0.1806382371055767,-0.327595012173565,0.01693318700322738,-0.14852474575832528,0.01535431293306833,-0.0003968276652087814
500,12,332,7.312139511108398,0.8497892380211818,0.5194978556769358,-0.013204102303707896,-0.4631316669113939,0.008329076265836908,-0.18063902217378866,-0.3275957194195759,0.016933206841509233,-0.14852484900647064,0.0153543078380509,-0.0003968270919590007
500,12,333,7.312139511108398,0.8497889422582042,0.5194982872986899,-0.013204400815213797,-0.4631318027871006,0.00832907693634683,-0.18063980724200063,-0.3275964266655867,0.016933225577664315,-0.14852495225461598,0.015354300705026502,-0.00039682651870921997
500,12,334,7.312139511108398,0.849788643983262,0.5194986666458485,-0.013204697795891463,-0.4631318933709051,0.008329078277366675,-0.18064057218025842,-0.32759709668812326,0.0169332443138194,-0.14852503829473712,0.015354295610009073,-0.00039682600580152145
500,12,335,7.312139511108398,0.8497883192602024,0.5194990509080132,-0.013204994776569128,-0.46313198395470956,0.008329079618386519,-0.18064133711851624,-0.3275978039341341,0.016933261947847715,-0.14852514154288246,0.01535429153399513,-0.0003968254627227818
500,12,336,7.312139511108398,0.8497880252317245,0.5194994371994871,-0.013205290226418559,-0.463132074538514,0.008329080959406364,-0.1806421221867282,-0.3275984739566707,0.016933282888256337,-0.1485252275830036,0.015354283381967244,-0.0003968249196440422
500,12,337,7.312139987945557,0.8497876901930196,0.5194998045854615,-0.013205582614611518,-0.4631321651223185,0.008329082300426208,-0.18064286699503185,-0.3275991812026815,0.01693330382866496,-0.14852529641510048,0.015354278286949817,-0.00039682440673634366
500,12,338,7.312139511108398,0.8497874182699899,0.5195001788554428,-0.013205870410319771,-0.46313225570612293,0.008329083641446054,-0.18064363193328967,-0.32759981400174387,0.016933324769073582,-0.1485253652471974,0.015354273191932388,-0.0003968239541707273
500,12,339,7.312139511108398,0.8497870831457905,0.5195005460996098,-0.01320615973685626,-0.46313234628992744,0.008329084982465897,-0.1806443767415933,-0.3276005212477547,0.016933344607355436,-0.1485254340792943,0.015354267077911474,-0.000396823501605111
500,12,340,7.312139511108398,0.849786801408317,0.5195009043135166,-0.013206446001736278,-0.4631324368737319,0.008329086323485741,-0.18064508128998866,-0.327601154046817,0.01693336554776406,-0.14852552011941542,0.015354264020901016,-0.00039682307921053573
500,12,341,7.312139511108398,0.8497865135741117,0.5195012525536844,-0.01320673073578806,-0.46313252745753636,0.008329087664505587,-0.180645785838384,-0.3276017868458793,0.016933385386045913,-0.1485255717434881,0.01535425892588359,-0.00039682265681596047
500,12,342,7.312139511108398,0.849786249616124,0.5195015916702372,-0.013207013939011606,-0.4631326180413408,0.00832908900552543,-0.18064645012687106,-0.3276023824214674,0.016933404122200995,-0.148525640575585,0.015354254849869646,-0.0003968222645924263
500,12,343,7.312139511108398,0.8497859814809019,0.519501923953023,-0.013207298673063389,-0.4631327086251453,0.008329090346545276,-0.18064709428540393,-0.32760297799705546,0.01693342396048285,-0.14852570940768192,0.01535425383086616,-0.0003968219327109743
500,12,344,7.312139511108398,0.8497857132271966,0.5195022560412406,-0.013207581876286937,-0.46313279920894973,0.00832909168756512,-0.18064773844393683,-0.3276035735726435,0.01693344269663793,-0.1485257782397788,0.015354248735848732,-0.00039682157065848124
500,12,345,7.312139511108398,0.8497854186445923,0.5195025932393468,-0.01320786354868225,-0.46313288979275424,0.008329093028584965,-0.1806483826024697,-0.3276042063717059,0.016933464739173325,-0.14852586427989994,0.015354247716845246,-0.00039682123877702924
500,12,346,7.312139511108398,0.8497851240409959,0.519502930402292,-0.01320814522107756,-0.4631329803765587,0.008329094369604809,-0.1806490267610026,-0.3276048391707682,0.016933485679581948,-0.14852595032002106,0.01535424669784176,-0.00039682090689557723
500,12,347,7.312139511108398,0.8497848545184983,0.5195032604127302,-0.013208428424301108,-0.46313307096036316,0.008329095710624653,-0.18064965078958134,-0.3276054347463563,0.01693350441573703,-0.1485260363601422,0.015354241602824331,-0.00039682060518516634
500,12,348,7.312139511108398,0.849784602887929,0.5195035715109864,-0.013208708565868183,-0.4631331615441676,0.008329097051644498,-0.18065023455825177,-0.3276059930984701,0.016933522049765344,-0.1485261051922391,0.015354240583820846,-0.00039682030347475546
500,12,349,7.312139511108398,0.8497843708460016,0.5195038664726072,-0.013208990238263494,-0.4631332521279721,0.008329098392664342,-0.18065075793705976,-0.3276065142271096,0.01693353858166689,-0.14852619123236022,0.015354237526810388,-0.00039681997159330345
500,12,350,7.312139511108398,0.8497841596959937,0.5195041474446189,-0.013209270379830572,-0.46313334271177653,0.00832910040419411,-0.18065124105595942,-0.32760699813227495,0.016933552909314892,-0.14852627727248136,0.015354238545813874,-0.0003968197000539337
500,12,351,7.312139511108398,0.8497839747831252,0.5195044231404871,-0.013209542867256471,-0.46313343329558104,0.008329101745213953,-0.18065172417485909,-0.32760744481396603,0.01693356503270936,-0.14852634610457827,0.015354236507806904,-0.00039681939834352274
500,12,352,7.312139511108398,0.8497837756385642,0.5195046755562898,-0.013209807700541193,-0.4631335238793855,0.008329103086233799,-0.18065212677394216,-0.32760789149565706,0.016933576053977054,-0.14852643214469938,0.015354235488803419,-0.000396819126804153
500,12,353,7.312139511108398,0.8497836322336353,0.5195049227919527,-0.013210064879684739,-0.46313361446318996,0.008329104427253643,-0.1806525293730252,-0.3276082637303996,0.016933585973117983,-0.1485265009767963,0.015354233450796447,-0.00039681879492270097
500,12,354,7.312139511108398,0.8497834800562473,0.5195051556776713,-0.013210308281374166,-0.4631337050469944,0.008329105768273488,-0.18065289171219995,-0.32760863596514217,0.01693359589225891,-0.1485265698088932,0.015354231412789476,-0.00039681852338333115
500,12,355,7.312139511108398,0.8497833514351026,0.5195053789172998,-0.013210534843953002,-0.4631337956307989,0.008329107109293332,-0.1806532137914664,-0.32760897097641045,0.016933602505019525,-0.1485266558490143,0.015354228355779018,-0.00039681819150187914
500,12,356,7.312139511108398,0.8497832207490122,0.519505598763842,-0.01321073844410831,-0.4631338862146034,0.008329107779803254,-0.180653556000687,-0.32760930598767873,0.016933609117780146,-0.148526707473087,0.015354226317772047,-0.00039681788979146825
500,12,357,7.312139511108398,0.8497830914932869,0.5195058209498319,-0.013210922143496557,-0.46313397679840784,0.008329108450313176,-0.18065387807995345,-0.327609640998947,0.01693361683266753,-0.14852679351320813,0.01535422326076159,-0.0003968175277389752
500,12,358,7.312139511108398,0.8497829767028704,0.5195060186193297,-0.013211084411289507,-0.4631340673822123,0.0083291091208231,-0.18065415989931158,-0.32760993878674105,0.01693362234330138,-0.1485268451372808,0.01535421816574416,-0.0003968171958575232
500,12,359,7.312139511108398,0.8497828321231791,0.5195062157235362,-0.013211223716658928,-0.46313415796601676,0.0083291091208231,-0.1806544417186697,-0.32761027379800933,0.016933625649681688,-0.14852689676135347,0.01535421612773719,-0.0003968168639760712
500,12,360,7.312139511108398,0.849782746094508,0.5195064122467564,-0.013211338528776583,-0.4631342485498212,0.0083291091208231,-0.18065472353802786,-0.3276105343623291,0.016933631160315536,-0.14852694838542616,0.015354213070726734,-0.00039681656226566033
500,12,361,7.312139511108398,0.8497826344970653,0.5195066151083723,-0.013211427316814236,-0.46313433913362567,0.008329108450313176,-0.18065502548734014,-0.32761083215012315,0.016933636670949385,-0.14852700000949884,0.015354210013716276,-0.0003968162907262905
500,12,362,7.312139511108398,0.84978247660872,0.5195068386049057,-0.013211494673256592,-0.4631344297174302,0.008329107779803254,-0.1806553878265149,-0.3276112043848657,0.016933647692217082,-0.1485270516335715,0.01535420695670582,-0.0003968159890158796
500,12,363,7.312139511108398,0.8497823269207834,0.519507075514921,-0.013211537536447182,-0.46313452030123464,0.008329107109293332,-0.18065579042559796,-0.32761157661960827,0.016933659815611547,-0.14852710325764418,0.015354203899695362,-0.00039681580798963306
500,12,364,7.312139511108398,0.8497820977982826,0.5195072788450228,-0.01321156202969895,-0.46313456559313687,0.00832910643878341,-0.18065621315463518,-0.3276120233012993,0.01693367634751309,-0.14852715488171686,0.015354204918698848,-0.00039681556662130436
500,12,365,7.312139511108398,0.849781875710608,0.5195074936819449,-0.013211574276324833,-0.4631346108850391,0.008329105768273488,-0.18065665601362654,-0.3276124699829904,0.016933690675161095,-0.14852722371381377,0.015354204918698848,-0.0003968154157660989
500,12,366,7.31213903427124,0.8497816727517328,0.5195076916308069,-0.013211586522950717,-0.46313465617694133,0.008329105097763564,-0.18065707874266373,-0.32761287944120715,0.01693370720706264,-0.1485272581298622,0.015354200842684905,-0.00039681517439777017
500,12,367,7.312139511108398,0.8497814446786837,0.5195078966764688,-0.01321160183123307,-0.46313470146884356,0.008329104427253643,-0.1806575216016551,-0.32761332612289823,0.016933721534710646,-0.14852729254591066,0.015354199823681419,-0.00039681496320048253
500,12,368,7.312139511108398,0.8497812670297239,0.5195080878477567,-0.013211623262828365,-0.4631347467607458,0.00832910375674372,-0.18065792420073815,-0.32761369835764076,0.01693373586235865,-0.1485273269619591,0.015354197785674447,-0.000396814782174236
500,12,369,7.312139511108398,0.8497811159743562,0.5195082743566987,-0.013211660002706014,-0.463134792052648,0.00832910375674372,-0.18065832679982122,-0.32761403336890904,0.016933747985753117,-0.14852734416998334,0.015354193709660506,-0.0003968145408059073
500,12,370,7.312139511108398,0.8497809786430195,0.519508435152087,-0.013211707458381312,-0.46313483734455024,0.008329104427253643,-0.18065866900904182,-0.3276143311567031,0.01693375900702081,-0.14852734416998334,0.015354188614643077,-0.0003968143296086197
500,12,371,7.312139511108398,0.8497808370598317,0.5195085889923696,-0.013211759506541314,-0.46313488263645247,0.008329105097763564,-0.18065899108830827,-0.3276146289444971,0.016933767824034968,-0.14852734416998334,0.015354183519625648,-0.0003968140580692499
500,12,372,7.312139511108398,0.8497806942052714,0.5195087407679043,-0.013211810023873083,-0.46313492792835476,0.00832910643878341,-0.18065929303762054,-0.32761492673229115,0.016933775538922356,-0.14852736137800757,0.015354181481618677,-0.0003968138167009211
500,12,373,7.312139511108398,0.8497805734375518,0.5195088804943253,-0.013211859010376616,-0.463134973220257,0.008329107779803254,-0.1806595748569787,-0.32761518729661093,0.016933783253809745,-0.14852736137800757,0.015354176386601248,-0.0003968135753325924
500,12,374,7.312139511108398,0.8497804838076857,0.5195090229918295,-0.013211900342738971,-0.4631350185121592,0.008329109791333021,-0.18065983654638268,-0.3276154106374565,0.016933792070823902,-0.14852739579405602,0.015354174348594277,-0.0003968133641353048
500,12,375,7.312139511108398,0.8497803437141611,0.5195091792982774,-0.013211935551788385,-0.46313506380406144,0.008329111802862789,-0.18066013849569496,-0.3276157084252505,0.016933799785711287,-0.14852743021010448,0.015354172310587305,-0.00039681321328009935
500,12,376,7.312139511108398,0.8497801920521798,0.5195093166816026,-0.013211969230009564,-0.46313510909596367,0.008329113814392554,-0.18066040018509896,-0.32761600621304454,0.016933808602725444,-0.1485274474181287,0.015354170272580335,-0.0003968130322538528
500,12,377,7.312139511108398,0.8497800550087904,0.5195094779769137,-0.013212002908230741,-0.4631351543878659,0.008329115825922322,-0.18066070213441124,-0.3276163040008386,0.01693381962399314,-0.14852749904220136,0.015354168234573364,-0.00039681288139864734
500,12,378,7.312139511108398,0.8497799402798277,0.5195096275954619,-0.013212041178936627,-0.46313519967976813,0.008329117837452087,-0.1806609839537694,-0.32761656456515836,0.016933831747387607,-0.14852753345824982,0.01535416925357685,-0.0003968127908855241
500,12,379,7.312139511108398,0.8497798231043928,0.5195097732120841,-0.013212090165440159,-0.46313524497167036,0.008329119848981855,-0.18066122551321923,-0.32761682512947815,0.016933839462274995,-0.14852760229034673,0.015354171291583821,-0.00039681270037240083
500,12,380,7.312139511108398,0.8497796988925854,0.5195099073038685,-0.013212154460226045,-0.4631352902635726,0.008329121190001698,-0.1806614469427149,-0.32761708569379794,0.016933848279289152,-0.1485276539144194,0.015354172310587305,-0.00039681257968823645
500,12,381,7.312139511108398,0.8497795693509982,0.5195100326774219,-0.013212238655778991,-0.4631353355554748,0.008329122531021544,-0.18066162811230227,-0.32761734625811767,0.01693385268779623,-0.1485277227465163,0.015354173329590791,-0.00039681251934615427
500,12,382,7.312139511108398,0.8497795126677813,0.5195101326968001,-0.013212342752098998,-0.46313538084737704,0.008329123872041388,-0.18066174889202719,-0.3276174951520147,0.01693385709630331,-0.14852777437058898,0.015354176386601248,-0.0003968124590040721
500,12,383,7.312139511108398,0.8497794727519112,0.5195102119660764,-0.0132124682800143,-0.4631354261392793,0.008329125213061233,-0.18066180928188966,-0.32761760682243746,0.01693385709630331,-0.14852782599466166,0.015354174348594277,-0.00039681227797782557
500,12,384,7.312139511108398,0.84977946548821,0.5195102482916648,-0.01321260452372725,-0.4631354261392793,0.008329126554081077,-0.18066188980170628,-0.3276176440459117,0.01693385709630331,-0.1485278432026859,0.015354172310587305,-0.0003968121572936612
500,12,385,7.312139511108398,0.849779390741531,0.5195102705719771,-0.013212739236611964,-0.4631354261392793,0.008329127224590999,-0.18066193006161457,-0.3276177557163345,0.016933855994176537,-0.14852786041071012,0.015354171291583821,-0.00039681200643845575
500,12,386,7.312139511108398,0.8497793716746413,0.5195102875756413,-0.0132128662953555,-0.4631354261392793,0.008329127895100923,-0.18066197032152287,-0.32761779293980875,0.01693385268779623,-0.14852786041071012,0.015354167215569878,-0.0003968117952411681
500,12,387,7.312139511108398,0.8497793762219071,0.5195102950137473,-0.013212971922503744,-0.4631354261392793,0.008329127895100923,-0.18066197032152287,-0.32761779293980875,0.01693384938141592,-0.14852787761873434,0.015354165177562907,-0.00039681164438596267
500,12,388,7.312139511108398,0.8497793521230214,0.519510303771351,-0.013213049994743748,-0.4631354261392793,0.008329127895100923,-0.18066199045147702,-0.327617830163283,0.016933846075035612,-0.14852787761873434,0.015354161101548964,-0.0003968115237017983
500,12,389,7.312139511108398,0.8497793184378446,0.5195103450101953,-0.01321309898124728,-0.4631354261392793,0.008329127224590999,-0.18066209110124778,-0.3276179046102315,0.016933848279289152,-0.14852789482675857,0.015354161101548964,-0.000396811403017634
500,12,390,7.312139511108398,0.849779228501418,0.5195103905758254,-0.013213120412842576,-0.4631354261392793,0.008329125883571155,-0.18066219175101855,-0.32761805350412854,0.016933853789923,-0.148527929242807,0.015354161101548964,-0.0003968113426755518
500,12,391,7.312139511108398,0.849779147993345,0.5195104515636714,-0.013213117351186106,-0.4631354261392793,0.008329124542551311,-0.18066235279065176,-0.3276182023980255,0.016933858198430077,-0.14852794645083123,0.015354161101548964,-0.00039681125216242853
500,12,392,7.312139511108398,0.8497790672692856,0.5195105121981841,-0.01321309898124728,-0.4631354261392793,0.008329123201531466,-0.180662513830285,-0.32761835129192257,0.016933863709063926,-0.14852796365885546,0.015354161101548964,-0.0003968112219913874
500,12,393,7.312139511108398,0.8497789390674584,0.519510591510459,-0.013213066833854337,-0.4631354261392793,0.008329121190001698,-0.18066271512982654,-0.3276185746327681,0.016933872526078083,-0.1485279980749039,0.015354161101548964,-0.0003968111616493052
500,12,394,7.31213903427124,0.8497788576204099,0.5195106991240125,-0.013213028563148453,-0.46313547143118156,0.008329119178471933,-0.1806628962994139,-0.32761876075013935,0.01693388134309224,-0.14852801528292814,0.015354161101548964,-0.00039681113147826415
500,12,395,7.31213903427124,0.8497787994935349,0.5195107967212488,-0.013212988761614333,-0.4631355167230838,0.008329117837452087,-0.1806630774690013,-0.3276189096440364,0.01693388685372609,-0.1485279980749039,0.015354160082545478,-0.0003968111013072231
500,12,396,7.312139511108398,0.8497787947444755,0.5195108852765072,-0.013212950490908449,-0.463135562014986,0.008329116496432244,-0.18066321837868035,-0.3276189840909849,0.016933892364359937,-0.1485279980749039,0.015354159063541992,-0.0003968109504520176
500,12,397,7.312139511108398,0.8497787574504311,0.5195109687888086,-0.013212913751030798,-0.46313560730688824,0.008329115825922322,-0.18066335928835942,-0.32761909576140763,0.016933895670740245,-0.14852798086687968,0.015354154987528049,-0.00039681085993889433
500,12,398,7.312139511108398,0.8497786920635718,0.5195110545256145,-0.01321288007280962,-0.46313565259879047,0.0083291151554124,-0.18066352032799265,-0.3276192446553047,0.016933900079247322,-0.14852794645083123,0.015354151930517592,-0.0003968107694257711
500,12,399,7.312139511108398,0.849778680047149,0.5195111312234814,-0.013212849456244912,-0.4631356978906927,0.0083291151554124,-0.18066364110771757,-0.32761931910225317,0.01693390338562763,-0.148527929242807,0.015354148873507136,-0.0003968106487416067
500,12,400,7.312139511108398,0.8497786255413149,0.5195111865969495,-0.013212818839680205,-0.4631356978906927,0.0083291151554124,-0.18066380214735078,-0.32761943077267597,0.01693390889626148,-0.148527929242807,0.01535414785450365,-0.0003968105883995245
500,12,401,7.312139511108398,0.8497785151320105,0.5195112468960348,-0.013212788223115496,-0.4631356978906927,0.008329115825922322,-0.180663963186984,-0.3276196168900472,0.0169339155090221,-0.14852794645083123,0.015354145816496679,-0.0003968105280574424
500,12,402,7.312139511108398,0.8497784372676264,0.5195113122529839,-0.013212760668207259,-0.4631356978906927,0.008329116496432244,-0.18066412422661723,-0.32761976578394425,0.016933922121782716,-0.14852798086687968,0.015354145816496679,-0.000396810407373278
500,12,403,7.312139511108398,0.84977834483413,0.5195113537788149,-0.013212737705783729,-0.4631356978906927,0.008329117166942165,-0.18066424500634215,-0.32761991467784124,0.016933925428163025,-0.14852798086687968,0.015354145816496679,-0.0003968103470311958
500,12,404,7.312139511108398,0.8497782541967502,0.5195113982576343,-0.013212717805016668,-0.4631356978906927,0.008329118507962011,-0.18066434565611292,-0.3276200635717383,0.0169339298366701,-0.14852801528292814,0.015354145816496679,-0.00039681028668911363
500,12,405,7.312139511108398,0.849778223738731,0.5195114448200764,-0.013212699435077843,-0.4631356978906927,0.008329119848981855,-0.18066446643583783,-0.3276201380186868,0.016933933143050414,-0.14852803249095237,0.015354145816496679,-0.00039681022634703144
500,12,406,7.312139511108398,0.8497781817227839,0.5195114724769084,-0.013212685657623725,-0.4631356978906927,0.008329121190001698,-0.18066454695565443,-0.3276202124656353,0.016933934245177182,-0.14852803249095237,0.015354144797493193,-0.0003968101961759904
500,12,407,7.312139511108398,0.8497781061337918,0.5195114933940713,-0.013212679534310785,-0.4631356978906927,0.008329122531021544,-0.1806646073455169,-0.32762032413605807,0.016933936449430722,-0.14852803249095237,0.015354144797493193,-0.0003968101358339082
500,12,408,7.312139511108398,0.8497780968218489,0.5195115263840973,-0.013212678003482548,-0.4631356978906927,0.008329124542551311,-0.18066468786533352,-0.3276203613595323,0.01693393975581103,-0.1485280496989766,0.015354144797493193,-0.000396810075491826
500,12,409,7.312139511108398,0.8497780550840622,0.5195115545109598,-0.01321268106513902,-0.4631356978906927,0.008329126554081077,-0.1806647683851501,-0.3276204358064808,0.01693394306219134,-0.1485280496989766,0.015354142759486222,-0.00039681004532078493
500,12,410,7.312139511108398,0.8497780073776604,0.5195116210363339,-0.013212687188451961,-0.46313574318259493,0.008329127895100923,-0.18066482877501258,-0.32762054747690356,0.01693394526644488,-0.14852806690700082,0.015354142759486222,-0.00039680998497870274
500,12,411,7.312139511108398,0.8497780198268049,0.5195116896064196,-0.013212693311764903,-0.46313578847449716,0.008329129236120766,-0.18066490929482917,-0.32762058470037786,0.016933946368571647,-0.14852806690700082,0.015354142759486222,-0.0003968099548076617
500,12,412,7.312139511108398,0.8497779837332444,0.5195117751271531,-0.01321270096590608,-0.4631358337663994,0.00832913057714061,-0.18066500994459994,-0.3276206963708006,0.016933949674951956,-0.14852810132304928,0.015354142759486222,-0.00039680986429453837
500,12,413,7.312139511108398,0.8497778862151647,0.5195118083508494,-0.013212708620047257,-0.4631358337663994,0.008329131918160456,-0.18066509046441656,-0.3276208452646976,0.016933952981332264,-0.1485281185310735,0.015354142759486222,-0.0003968098341234973
500,12,414,7.312139511108398,0.8497778741409806,0.5195118368074952,-0.01321272086667314,-0.4631358337663994,0.0083291332591803,-0.18066517098423318,-0.3276208824881719,0.016933957389839344,-0.1485281185310735,0.015354142759486222,-0.0003968097737814151
500,12,415,7.312139511108398,0.8497778312888252,0.519511863096422,-0.013212737705783729,-0.4631358337663994,0.008329134600200145,-0.18066523137409563,-0.3276209569351204,0.016933957389839344,-0.1485281357390977,0.01535414072147925,-0.00039680974361037404
500,12,416,7.312139511108398,0.84977776339934,0.5195118965926608,-0.013212756075722554,-0.4631358337663994,0.008329135270710067,-0.18066531189391224,-0.32762106860554313,0.016933960696219653,-0.14852815294712193,0.01535414072147925,-0.00039680968326829186
500,12,417,7.312139511108398,0.8497777748130061,0.5195119634538478,-0.013212774445661378,-0.4631358790583016,0.008329135941219989,-0.1806653722837747,-0.3276211058290174,0.01693396179834642,-0.14852817015514616,0.015354142759486222,-0.00039680962292620967
500,12,418,7.312139511108398,0.8497777303140867,0.5195120352105403,-0.013212792815600203,-0.4631359243502039,0.00832913661172991,-0.18066543267363716,-0.3276212174994402,0.01693396400259996,-0.14852820457119462,0.015354142759486222,-0.00039680962292620967
500,12,419,7.312139511108398,0.8497776864193564,0.5195120597639314,-0.013212814247195498,-0.4631359243502039,0.00832913661172991,-0.18066547293354546,-0.32762129194638867,0.01693396730898027,-0.14852823898724307,0.015354144797493193,-0.00039680962292620967
500,12,420,7.312139511108398,0.849777640777743,0.5195120814598985,-0.013212838740447264,-0.4631359243502039,0.00832913661172991,-0.18066553332340793,-0.32762136639333717,0.01693396951323381,-0.14852823898724307,0.015354144797493193,-0.00039680962292620967
500,12,421,7.312139511108398,0.8497776203347959,0.5195120961973977,-0.0132128662953555,-0.4631359243502039,0.00832913661172991,-0.18066557358331622,-0.3276214036168114,0.016933970615360578,-0.14852823898724307,0.015354144797493193,-0.00039680959275516855
500,12,422,7.312139511108398,0.8497776280690327,0.5195121088484623,-0.013212893850263738,-0.4631359243502039,0.00832913661172991,-0.18066559371327037,-0.3276214036168114,0.016933970615360578,-0.1485282561952673,0.015354145816496679,-0.0003968095625841275
500,12,423,7.312139511108398,0.8497776740109235,0.5195121358050974,-0.013212924466828447,-0.4631359696421061,0.008329135941219989,-0.18066555345336208,-0.32762136639333717,0.01693396730898027,-0.1485282561952673,0.015354142759486222,-0.0003968094720710042
500,12,424,7.312139511108398,0.849777644938833,0.5195121364126475,-0.013212953552564919,-0.4631359696421061,0.008329135270710067,-0.18066555345336208,-0.3276214036168114,0.01693396510472673,-0.1485282561952673,0.01535414072147925,-0.0003968093212157988
500,12,425,7.312139511108398,0.8497776690540468,0.5195121276668967,-0.013212974984160214,-0.4631359696421061,0.008329134600200145,-0.18066551319345378,-0.32762136639333717,0.01693395959409288,-0.14852827340329153,0.015354139702475764,-0.00039680923070267547
500,12,426,7.312139511108398,0.8497776913364031,0.5195121159230979,-0.013212985699957863,-0.4631359696421061,0.008329133929690223,-0.1806654930634996,-0.3276213291698629,0.016933958491966113,-0.1485282561952673,0.015354137664468793,-0.0003968092005316344
500,12,427,7.312139511108398,0.8497776734599616,0.5195121348436246,-0.013212985699957863,-0.4631359696421061,0.0083291332591803,-0.18066553332340793,-0.32762136639333717,0.016933958491966113,-0.14852827340329153,0.015354137664468793,-0.00039680917036059334
500,12,428,7.312139511108398,0.8497776261107003,0.5195121537162146,-0.01321297957664492,-0.4631359696421061,0.008329131918160456,-0.18066557358331622,-0.32762144084028566,0.01693396179834642,-0.14852829061131576,0.015354137664468793,-0.00039680917036059334
500,12,429,7.312139511108398,0.8497776050821907,0.5195121674657633,-0.013212967330019037,-0.4631359696421061,0.00832913057714061,-0.18066561384322455,-0.32762147806375996,0.01693396179834642,-0.14852829061131576,0.015354139702475764,-0.00039680917036059334
500,12,430,7.312139511108398,0.8497775648921202,0.5195121980638523,-0.013212953552564919,-0.4631359696421061,0.008329129906630688,-0.180665674233087,-0.32762155251070846,0.01693396510472673,-0.1485283250273642,0.015354139702475764,-0.00039680917036059334
500,12,431,7.312139511108398,0.8497775438542959,0.5195122118132209,-0.013212938244282565,-0.4631359696421061,0.008329129236120766,-0.1806657144929953,-0.3276215897341827,0.016933968411107038,-0.1485283250273642,0.01535414072147925,-0.0003968092005316344
500,12,432,7.312139511108398,0.84977749647022,0.5195122306439044,-0.013212929059313152,-0.4631359696421061,0.008329128565610844,-0.1806657547529036,-0.3276216641811312,0.016933972819614118,-0.14852834223538844,0.01535414072147925,-0.00039680923070267547
500,12,433,7.312139511108398,0.8497774755367689,0.5195122445639923,-0.013212927528484917,-0.4631359696421061,0.008329127895100923,-0.1806657950128119,-0.32762170140460545,0.016933970615360578,-0.14852834223538844,0.015354141740482736,-0.00039680917036059334
500,12,434,7.312139511108398,0.8497774811815634,0.5195122537822425,-0.013212933651797858,-0.4631359696421061,0.008329127224590999,-0.1806658352727202,-0.32762170140460545,0.016933972819614118,-0.1485283250273642,0.015354138683472279,-0.0003968091401895522
500,12,435,7.312139511108398,0.8497774604144809,0.5195122679895235,-0.013212944367595507,-0.4631359696421061,0.008329127224590999,-0.18066587553262853,-0.3276217386280797,0.01693397171748735,-0.1485283250273642,0.015354137664468793,-0.00039680911001851115
500,12,436,7.312139511108398,0.8497774865868599,0.5195123108002493,-0.013212956614221389,-0.46313601493400836,0.008329127224590999,-0.18066589566258268,-0.3276217386280797,0.016933973921740886,-0.14852830781933998,0.015354136645465307,-0.00039680904967642896
500,12,437,7.312139511108398,0.849777489299177,0.5195123152368446,-0.013212965799190802,-0.46313601493400836,0.008329127224590999,-0.18066593592249097,-0.3276217386280797,0.016933976125994427,-0.14852827340329153,0.015354135626461821,-0.00039680901950538784
500,12,438,7.312139511108398,0.8497774446017756,0.519512338477222,-0.013212970391675507,-0.46313601493400836,0.008329127224590999,-0.1806660164423076,-0.32762181307502825,0.016933978330247967,-0.1485282561952673,0.015354134607458336,-0.00039680898933434677
500,12,439,7.312139511108398,0.8497774544310757,0.5195123545702813,-0.013212970391675507,-0.46313601493400836,0.008329127895100923,-0.18066607683217006,-0.32762181307502825,0.016933980534501507,-0.14852823898724307,0.015354132569451364,-0.0003968089591633057
500,12,440,7.312139511108398,0.8497773653353745,0.5195124015553191,-0.013212965799190802,-0.46313601493400836,0.008329128565610844,-0.18066619761189498,-0.32762196196892523,0.016933986045135352,-0.1485282561952673,0.015354132569451364,-0.0003968089289922646
500,12,441,7.312139511108398,0.8497773013669772,0.5195124414651731,-0.01321295967587786,-0.46313601493400836,0.008329129236120766,-0.18066629826166572,-0.32762207363934803,0.016933990453642432,-0.14852827340329153,0.015354132569451364,-0.00039680898933434677
500,12,442,7.312139511108398,0.8497772414245478,0.5195125361367564,-0.01321295967587786,-0.4631360602259106,0.008329129906630688,-0.1806664391713448,-0.327622222533245,0.01693399816852982,-0.14852829061131576,0.015354136645465307,-0.00039680901950538784
500,12,443,7.312139511108398,0.8497772036946585,0.5195126189654141,-0.013212968860847272,-0.4631361055178128,0.00832913057714061,-0.18066655995106973,-0.3276223342036678,0.016934004781290438,-0.14852829061131576,0.015354136645465307,-0.00039680907984747003
500,12,444,7.312139511108398,0.84977721509521,0.5195126858200162,-0.013212990292442568,-0.46313615080971504,0.008329131918160456,-0.18066662034093217,-0.32762237142714207,0.016934006985543978,-0.14852830781933998,0.015354134607458336,-0.00039680901950538784
500,12,445,7.312139511108398,0.8497771942810542,0.5195127481567304,-0.013213023970663746,-0.46313619610161727,0.0083291332591803,-0.18066668073079464,-0.32762244587409056,0.016934009189797514,-0.14852830781933998,0.015354135626461821,-0.00039680901950538784
500,12,446,7.312139511108398,0.849777148859188,0.5195127702421171,-0.013213063772197867,-0.46313619610161727,0.008329134600200145,-0.1806667411206571,-0.32762252032103906,0.016934011394051054,-0.14852830781933998,0.015354135626461821,-0.0003968089591633057
500,12,447,7.312139511108398,0.8497771286633072,0.5195127854137905,-0.013213108166216693,-0.46313619610161727,0.008329135941219989,-0.1806667813805654,-0.3276225575445133,0.016934013598304595,-0.14852830781933998,0.015354134607458336,-0.0003968089289922646
500,12,448,7.312139511108398,0.8497771084473091,0.5195128005525553,-0.013213154091063755,-0.46313619610161727,0.008329137282239834,-0.1806668216404737,-0.32762259476798755,0.016934013598304595,-0.14852830781933998,0.01535413358845485,-0.0003968088988212235
500,12,449,7.312139511108398,0.8497771176310106,0.5195128156046389,-0.01321319542342611,-0.46313619610161727,0.008329138623259678,-0.180666861900382,-0.32762259476798755,0.016934013598304595,-0.14852830781933998,0.01535413358845485,-0.0003968088686501824
500,12,450,7.312139511108398,0.849777097325325,0.519512830581634,-0.01321323216330376,-0.46313619610161727,0.0083291392937696,-0.18066690216029033,-0.32762263199146185,0.016934015802558135,-0.14852830781933998,0.015354132569451364,-0.00039680880830810026
500,12,451,7.312139511108398,0.8497770475323978,0.5195128455021083,-0.013213264310696703,-0.46313619610161727,0.008329139964279522,-0.18066694242019862,-0.32762270643841035,0.01693401800681167,-0.14852830781933998,0.01535413358845485,-0.00039680880830810026
500,12,452,7.312139511108398,0.8497770018687341,0.5195128671768907,-0.013213290334776704,-0.46313619610161727,0.008329140634789445,-0.18066700281006107,-0.32762278088535884,0.01693402021106521,-0.14852830781933998,0.015354131550447878,-0.0003968087479660181
500,12,453,7.312139511108398,0.8497769886365568,0.519512893709083,-0.013213311766371999,-0.46313619610161727,0.008329140634789445,-0.18066706319992354,-0.3276228181088331,0.01693402131319198,-0.1485283250273642,0.015354132569451364,-0.00039680871779497695
500,12,454,7.312139511108398,0.8497769415601822,0.5195129130579922,-0.01321332860548259,-0.46313619610161727,0.008329140634789445,-0.18066710345983183,-0.3276228925557816,0.01693402131319198,-0.14852834223538844,0.015354132569451364,-0.0003968086876239359
500,12,455,7.312139511108398,0.8497769196584715,0.519512925409259,-0.013213343913764943,-0.46313619610161727,0.008329140634789445,-0.180667123589786,-0.3276229297792559,0.01693402351744552,-0.14852835944341264,0.015354131550447878,-0.00039680865745289476
500,12,456,7.312139511108398,0.8497769020477953,0.5195129447794483,-0.013213359222047296,-0.46313619610161727,0.008329140634789445,-0.1806671638496943,-0.32762296700273014,0.01693402351744552,-0.14852837665143687,0.01535413358845485,-0.00039680859711081263
500,12,457,7.312139511108398,0.8497768831794548,0.51951296209245,-0.013213377591986122,-0.46313619610161727,0.008329140634789445,-0.18066718397964845,-0.3276230042262044,0.01693402461957229,-0.14852841106748532,0.015354132569451364,-0.00039680859711081263
500,12,458,7.312139511108398,0.8497768570549448,0.5195129675213372,-0.013213399023581417,-0.46313619610161727,0.008329139964279522,-0.18066718397964845,-0.32762304144967863,0.01693402351744552,-0.14852842827550955,0.015354132569451364,-0.00039680853676873044
500,12,459,7.312139511108398,0.8497768573552861,0.519512967997548,-0.013213421986004947,-0.46313619610161727,0.0083291392937696,-0.18066718397964845,-0.32762304144967863,0.01693402021106521,-0.14852842827550955,0.015354132569451364,-0.00039680847642664825
500,12,460,7.312139511108398,0.8497768533188145,0.5195129613799545,-0.013213443417600243,-0.46313619610161727,0.008329138623259678,-0.1806671638496943,-0.32762304144967863,0.01693401800681167,-0.14852842827550955,0.015354129512440907,-0.00039680841608456607
500,12,461,7.312139511108398,0.8497768817907366,0.5195129597606462,-0.013213461787539068,-0.46313619610161727,0.008329137952749756,-0.18066714371974016,-0.3276230042262044,0.016934016904684903,-0.14852844548353378,0.015354130531444393,-0.0003968083557424839
500,12,462,7.312139511108398,0.8497768819737729,0.5195129600449792,-0.013213475564993186,-0.46313619610161727,0.008329137282239834,-0.18066714371974016,-0.3276230042262044,0.016934015802558135,-0.14852844548353378,0.015354129512440907,-0.0003968082954004017
500,12,463,7.312139511108398,0.8497768557469982,0.5195129652915271,-0.013213483219134363,-0.46313619610161727,0.008329135941219989,-0.18066714371974016,-0.32762304144967863,0.01693401800681167,-0.148528462691558,0.015354131550447878,-0.0003968083255714428
500,12,464,7.312139511108398,0.8497768350535927,0.5195129795891068,-0.01321349087327554,-0.46313619610161727,0.008329134600200145,-0.18066718397964845,-0.3276230786731529,0.01693402021106521,-0.148528462691558,0.015354132569451364,-0.000396808385913525
500,12,465,7.312139511108398,0.8497768057455662,0.5195129797955922,-0.013213501589073189,-0.46313619610161727,0.0083291332591803,-0.18066718397964845,-0.3276231158966271,0.016934019108938443,-0.148528462691558,0.015354131550447878,-0.0003968083557424839
500,12,466,7.312139511108398,0.8497768349316749,0.5195130275057122,-0.013213512304870835,-0.4631362413935195,0.008329131918160456,-0.1806672041096026,-0.3276231158966271,0.016934019108938443,-0.148528462691558,0.01535413358845485,-0.0003968083557424839
500,12,467,7.312139511108398,0.8497768351878469,0.5195130279096742,-0.013213529143981426,-0.4631362413935195,0.008329131247650534,-0.1806672041096026,-0.3276231158966271,0.01693402021106521,-0.148528462691558,0.015354131550447878,-0.0003968083255714428
500,12,468,7.312139511108398,0.8497768091056027,0.5195130334076903,-0.013213552106404956,-0.4631362413935195,0.00832913057714061,-0.1806672041096026,-0.3276231531201014,0.016934019108938443,-0.14852847989958223,0.015354132569451364,-0.0003968083557424839
500,12,469,7.312139511108398,0.8497768124867785,0.5195130389232774,-0.013213578130484958,-0.4631362413935195,0.008329129906630688,-0.1806672041096026,-0.3276231531201014,0.01693401800681167,-0.14852849710760646,0.015354131550447878,-0.0003968082954004017
500,12,470,7.312139511108398,0.8497768602698275,0.5195130207152555,-0.013213608747049665,-0.4631362413935195,0.008329129236120766,-0.1806671638496943,-0.3276230786731529,0.016934016904684903,-0.14852847989958223,0.015354130531444393,-0.00039680823505831956
500,12,471,7.312139511108398,0.849776885884126,0.5195130144216835,-0.013213639363614374,-0.4631362413935195,0.008329128565610844,-0.18066714371974016,-0.32762304144967863,0.016934014700431363,-0.14852847989958223,0.015354130531444393,-0.00039680823505831956
500,12,472,7.312139511108398,0.8497768819832645,0.5195130080259104,-0.01321366691852261,-0.4631362413935195,0.008329127895100923,-0.180667123589786,-0.32762304144967863,0.016934013598304595,-0.14852847989958223,0.015354128493437423,-0.00039680820488727843
500,12,473,7.312139511108398,0.8497768896461643,0.5195130205602547,-0.013213689880946141,-0.4631362413935195,0.008329127895100923,-0.18066714371974016,-0.32762304144967863,0.016934013598304595,-0.14852849710760646,0.015354129512440907,-0.00039680817471623737
500,12,474,7.312139511108398,0.8497768574238134,0.5195130160298527,-0.013213705189228495,-0.4631362413935195,0.008329127895100923,-0.18066714371974016,-0.3276230786731529,0.016934013598304595,-0.14852847989958223,0.015354129512440907,-0.00039680817471623737
500,12,475,7.312139511108398,0.8497768414756105,0.5195130381193673,-0.013213714374197907,-0.4631362413935195,0.008329127895100923,-0.1806671638496943,-0.3276231158966271,0.016934014700431363,-0.14852853152365492,0.015354131550447878,-0.00039680817471623737
500,12,476,7.312139511108398,0.8497768151388644,0.5195130432161525,-0.013213718966682613,-0.4631362413935195,0.008329127895100923,-0.1806671638496943,-0.3276231531201014,0.016934014700431363,-0.14852854873167914,0.01535413358845485,-0.00039680814454519625
500,12,477,7.312139511108398,0.8497768151533166,0.5195130432397922,-0.013213725089995555,-0.4631362413935195,0.008329127895100923,-0.1806671638496943,-0.3276231531201014,0.016934012496177823,-0.14852854873167914,0.015354131550447878,-0.0003968081143741552
500,12,478,7.312139511108398,0.8497768108861903,0.5195130362599772,-0.013213729682480262,-0.4631362413935195,0.008329127895100923,-0.18066714371974016,-0.3276231531201014,0.016934011394051054,-0.14852854873167914,0.015354129512440907,-0.00039680808420311406
500,12,479,7.312139511108398,0.8497768360609441,0.5195130292625001,-0.013213731213308497,-0.4631362413935195,0.008329127895100923,-0.180667123589786,-0.3276231158966271,0.016934010291924286,-0.14852854873167914,0.015354129512440907,-0.0003968080238610319
500,12,480,7.312139511108398,0.8497768347449792,0.5195130271099525,-0.013213731213308497,-0.4631362413935195,0.008329127895100923,-0.18066710345983183,-0.3276231158966271,0.016934008087670746,-0.14852856593970337,0.015354129512440907,-0.0003968079936899908
500,12,481,7.312139511108398,0.8497768125760528,0.5195130390241156,-0.013213728151652025,-0.4631362413935195,0.008329127895100923,-0.180667123589786,-0.3276231531201014,0.016934010291924286,-0.14852858314772757,0.015354129512440907,-0.00039680796351894974
500,12,482,7.312139511108398,0.8497768142588574,0.5195130417767095,-0.01321372662082379,-0.4631362413935195,0.008329127895100923,-0.18066710345983183,-0.3276231531201014,0.016934006985543978,-0.14852861756377603,0.015354131550447878,-0.0003968079333479086
500,12,483,7.312139511108398,0.8497767920972975,0.5195130537029201,-0.013213729682480262,-0.4631362413935195,0.008329127895100923,-0.180667123589786,-0.3276231903435756,0.016934004781290438,-0.14852863477180026,0.015354131550447878,-0.00039680790317686755
500,12,484,7.312139511108398,0.8497767879032654,0.5195130468426666,-0.013213737336621439,-0.4631362413935195,0.008329127895100923,-0.18066710345983183,-0.3276231903435756,0.016934005883417206,-0.14852863477180026,0.015354128493437423,-0.0003968078126637443
500,12,485,7.312139511108398,0.8497767849248521,0.5195130419708227,-0.013213743459934379,-0.4631362413935195,0.008329127895100923,-0.18066710345983183,-0.3276231903435756,0.016934002577036898,-0.14852861756377603,0.015354128493437423,-0.0003968077523216621
500,12,486,7.312139511108398,0.8497767922176649,0.519513053899807,-0.013213744990762616,-0.4631362413935195,0.008329127895100923,-0.180667123589786,-0.3276231903435756,0.016934002577036898,-0.14852863477180026,0.015354127474433937,-0.0003968076919795799
500,12,487,7.312139511108398,0.8497767417673415,0.5195130677147839,-0.013213738867449674,-0.4631362413935195,0.008329127224590999,-0.1806671638496943,-0.32762326479052417,0.016934002577036898,-0.14852863477180026,0.015354126455430451,-0.00039680763163749773
500,12,488,7.312139511108398,0.84977667220743,0.5195130984481198,-0.01321372662082379,-0.4631362413935195,0.008329126554081077,-0.18066722423955675,-0.3276233764609469,0.016934006985543978,-0.1485286691878487,0.015354128493437423,-0.00039680766180853885
500,12,489,7.312139511108398,0.8497766332860756,0.5195131311212149,-0.013213712843369672,-0.4631362413935195,0.008329125883571155,-0.18066730475937337,-0.3276234509078954,0.016934009189797514,-0.14852868639587294,0.015354129512440907,-0.00039680766180853885
500,12,490,7.312139987945557,0.849776594472824,0.5195131639711257,-0.013213700596743788,-0.4631362413935195,0.008329125213061233,-0.18066738527919,-0.32762352535484396,0.016934014700431363,-0.14852870360389717,0.015354131550447878,-0.00039680763163749773
500,12,491,7.312139511108398,0.8497765746279443,0.5195131796867495,-0.013213688350117906,-0.4631362413935195,0.008329125213061233,-0.18066744566905243,-0.3276235625783182,0.016934015802558135,-0.14852868639587294,0.015354128493437423,-0.00039680757129541554
500,12,492,7.312139511108398,0.8497765535294499,0.5195131933518122,-0.013213676103492023,-0.4631362413935195,0.008329125213061233,-0.18066748592896076,-0.32762359980179245,0.016934016904684903,-0.14852868639587294,0.015354126455430451,-0.00039680751095333335
500,12,493,7.312139511108398,0.8497765528102134,0.5195132403515687,-0.01321366385686614,-0.4631362866854217,0.008329125213061233,-0.1806675060589149,-0.3276236370252667,0.016934015802558135,-0.14852868639587294,0.015354125436426965,-0.0003968074506112512
500,12,494,7.312139987945557,0.8497765829291885,0.5195132896176818,-0.013213654671896728,-0.46313633197732396,0.008329125213061233,-0.1806675463188232,-0.3276236370252667,0.01693401800681167,-0.1485286691878487,0.01535412441742348,-0.0003968074204402101
500,12,495,7.312139511108398,0.8497765909674265,0.5195133509421729,-0.013213648548583786,-0.4631363772692262,0.008329125213061233,-0.18066760670868567,-0.32762367424874095,0.01693402021106521,-0.1485286691878487,0.015354125436426965,-0.0003968074506112512
500,12,496,7.312139511108398,0.8497765730782967,0.5195133698568326,-0.013213645486927314,-0.4631363772692262,0.008329125213061233,-0.18066764696859397,-0.3276237114722152,0.01693402241531875,-0.14852868639587294,0.015354125436426965,-0.0003968074506112512
500,12,497,7.312139511108398,0.8497765479860003,0.5195133770042155,-0.01321365007941202,-0.4631363772692262,0.008329125883571155,-0.18066766709854812,-0.32762374869568944,0.01693402241531875,-0.14852868639587294,0.015354126455430451,-0.0003968074506112512
500,12,498,7.312139987945557,0.8497765524909119,0.5195133843880362,-0.013213662326037904,-0.4631363772692262,0.008329126554081077,-0.18066768722850227,-0.32762374869568944,0.01693402461957229,-0.14852868639587294,0.015354126455430451,-0.0003968074807822923
500,12,499,7.312139987945557,0.8497765276402062,0.5195133919305909,-0.013213682226804965,-0.4631363772692262,0.008329127224590999,-0.18066770735845644,-0.3276237859191637,0.01693402572169906,-0.14852868639587294,0.015354126455430451,-0.0003968074807822923
500,12,500,7.312139987945557,0.8497765029251203,0.5195133996949794,-0.013213708250884965,-0.4631363772692262,0.008329127895100923,-0.1806677274884106,-0.327623823142638,0.0169340279259526,-0.14852868639587294,0.015354127474433937,-0.0003968075411243745
500,12,501,7.312139987945557,0.8497765285209696,0.5195133934013959,-0.013213738867449674,-0.4631363772692262,0.008329128565610844,-0.18066770735845644,-0.3276237859191637,0.01693402572169906,-0.14852868639587294,0.015354127474433937,-0.0003968075411243745
500,12,502,7.312139987945557,0.8497764983072135,0.5195133921715204,-0.013213772545670853,-0.4631363772692262,0.008329129236120766,-0.18066768722850227,-0.327623823142638,0.01693402461957229,-0.14852870360389717,0.015354128493437423,-0.00039680757129541554
500,12,503,7.312139987945557,0.8497765239780151,0.5195133860005371,-0.013213807754720266,-0.4631363772692262,0.008329129906630688,-0.18066766709854812,-0.3276237859191637,0.01693402351744552,-0.14852870360389717,0.015354127474433937,-0.0003968075411243745
500,12,504,7.312139511108398,0.8497765423155597,0.5195133678344238,-0.013213841432941445,-0.4631363772692262,0.00832913057714061,-0.18066762683863982,-0.32762374869568944,0.01693402131319198,-0.14852868639587294,0.015354126455430451,-0.0003968074506112512
500,12,505,7.312139511108398,0.8497765666028116,0.5195133593852793,-0.013213870518677917,-0.4631363772692262,0.00832913057714061,-0.1806675865787315,-0.3276237114722152,0.01693401800681167,-0.14852870360389717,0.015354126455430451,-0.0003968074204402101
500,12,506,7.312139511108398,0.8497765669652517,0.5195133599781285,-0.013213895011929683,-0.4631363772692262,0.00832913057714061,-0.1806675865787315,-0.3276237114722152,0.01693401800681167,-0.14852870360389717,0.015354125436426965,-0.00039680739026916903
500,12,507,7.312139511108398,0.8497765451207011,0.5195133724228397,-0.013213911851040273,-0.4631363772692262,0.00832913057714061,-0.18066760670868567,-0.32762374869568944,0.016934019108938443,-0.1485287208119214,0.015354127474433937,-0.0003968074204402101
500,12,508,7.312139511108398,0.8497765188515943,0.5195133776151672,-0.01321392256683792,-0.4631363772692262,0.008329129906630688,-0.18066760670868567,-0.3276237859191637,0.016934019108938443,-0.14852873801994562,0.015354127474433937,-0.0003968074204402101
500,12,509,7.312139511108398,0.8497765190678214,0.51951337795379,-0.013213933282635568,-0.4631363772692262,0.008329129236120766,-0.18066760670868567,-0.3276237859191637,0.01693402021106521,-0.14852873801994562,0.015354128493437423,-0.0003968074506112512
500,12,510,7.312139511108398,0.8497765222329495,0.5195133831159792,-0.013213943998433215,-0.4631363772692262,0.008329128565610844,-0.18066760670868567,-0.3276237859191637,0.01693402021106521,-0.14852875522796985,0.015354127474433937,-0.0003968074204402101
500,12,511,7.312139987945557,0.8497765236350409,0.5195133853943398,-0.013213953183402629,-0.4631363772692262,0.008329127895100923,-0.18066762683863982,-0.3276237859191637,0.016934019108938443,-0.14852873801994562,0.015354127474433937,-0.00039680739026916903
500,12,512,7.312139987945557,0.8497765268150163,0.5195133905808142,-0.013213963899200275,-0.4631363772692262,0.008329127224590999,-0.18066762683863982,-0.3276237859191637,0.01693401800681167,-0.14852875522796985,0.015354128493437423,-0.00039680732992708684
500,12,513,7.312139987945557,0.849776501757304,0.5195133977546377,-0.013213973084169687,-0.4631363772692262,0.008329126554081077,-0.18066764696859397,-0.327623823142638,0.01693401800681167,-0.14852875522796985,0.015354126455430451,-0.0003968072997560458
500,12,514,7.312139511108398,0.8497765313343631,0.5195133979581206,-0.0132139822691391,-0.4631363772692262,0.008329126554081077,-0.18066764696859397,-0.3276237859191637,0.01693401800681167,-0.14852875522796985,0.015354125436426965,-0.00039680726958500465
500,12,515,7.312139987945557,0.8497765020156005,0.5195133981771373,-0.013213989923280278,-0.4631363772692262,0.008329126554081077,-0.18066764696859397,-0.327623823142638,0.016934016904684903,-0.14852875522796985,0.015354127474433937,-0.0003968072997560458
500,12,516,7.312139511108398,0.8497765051202433,0.5195134032554519,-0.013213994515764984,-0.4631363772692262,0.008329126554081077,-0.18066764696859397,-0.327623823142638,0.016934019108938443,-0.14852877243599408,0.015354126455430451,-0.0003968072997560458
500,12,517,7.312139511108398,0.8497764757739942,0.519513403429507,-0.013213997577421454,-0.4631363772692262,0.008329126554081077,-0.18066764696859397,-0.32762386036611224,0.01693402021106521,-0.14852877243599408,0.015354128493437423,-0.00039680732992708684
500,12,518,7.312139511108398,0.8497764801067463,0.5195134105166598,-0.013214002169906161,-0.4631363772692262,0.008329126554081077,-0.18066766709854812,-0.32762386036611224,0.01693402021106521,-0.14852877243599408,0.015354127474433937,-0.00039680732992708684
500,12,519,7.312139511108398,0.8497764550860306,0.5195134177660583,-0.013214006762390866,-0.4631363772692262,0.008329126554081077,-0.18066768722850227,-0.3276238975895865,0.01693402241531875,-0.14852877243599408,0.015354129512440907,-0.00039680739026916903
500,12,520,7.312139987945557,0.8497764802733626,0.5195134107891968,-0.013214012885703808,-0.4631363772692262,0.008329126554081077,-0.18066766709854812,-0.32762386036611224,0.01693402021106521,-0.14852877243599408,0.015354127474433937,-0.0003968072997560458
500,12,521,7.312139511108398,0.8497765024256668,0.5195133988478894,-0.013214017478188515,-0.4631363772692262,0.008329126554081077,-0.18066764696859397,-0.327623823142638,0.016934016904684903,-0.14852875522796985,0.015354126455430451,-0.0003968072997560458
500,12,522,7.312139511108398,0.8497764981494533,0.5195133918532175,-0.013214017478188515,-0.4631363772692262,0.008329126554081077,-0.18066762683863982,-0.327623823142638,0.01693401800681167,-0.14852875522796985,0.015354125436426965,-0.00039680726958500465
500,12,523,7.312139987945557,0.8497764729051464,0.5195133987368862,-0.013214012885703808,-0.4631363772692262,0.008329126554081077,-0.18066764696859397,-0.32762386036611224,0.01693401800681167,-0.14852875522796985,0.015354125436426965,-0.0003968072997560458
500,12,524,7.312139511108398,0.8497764506375045,0.5195134104895325,-0.013214003700734396,-0.4631363772692262,0.008329126554081077,-0.18066766709854812,-0.3276238975895865,0.016934019108938443,-0.14852877243599408,0.015354126455430451,-0.0003968072997560458
500,12,525,7.312139511108398,0.8497764769818217,0.5195134054051701,-0.01321399604659322,-0.4631363772692262,0.008329126554081077,-0.18066766709854812,-0.32762386036611224,0.016934019108938443,-0.14852875522796985,0.015354127474433937,-0.00039680726958500465
500,12,526,7.312139987945557,0.8497765062162975,0.5195134050482855,-0.013213988392452043,-0.4631363772692262,0.008329126554081077,-0.18066766709854812,-0.327623823142638,0.016934016904684903,-0.14852875522796985,0.01535412441742348,-0.00039680726958500465
500,12,527,7.312139987945557,0.8497765018340813,0.5195133978802233,-0.013213979207482629,-0.4631363772692262,0.008329126554081077,-0.18066764696859397,-0.327623823142638,0.01693401800681167,-0.14852875522796985,0.015354125436426965,-0.0003968072394139636
500,12,528,7.312139987945557,0.8497765279821813,0.5195133924749024,-0.013213963899200275,-0.4631363772692262,0.008329126554081077,-0.18066764696859397,-0.3276237859191637,0.016934016904684903,-0.14852873801994562,0.015354123398419994,-0.00039680720924292247
500,12,529,7.312139987945557,0.8497765098276593,0.5195134109554487,-0.013213943998433215,-0.4631363772692262,0.008329126554081077,-0.18066768722850227,-0.327623823142638,0.01693401800681167,-0.14852875522796985,0.01535412441742348,-0.00039680720924292247
500,12,530,7.312139987945557,0.8497764843142461,0.5195134173989351,-0.01321391950518145,-0.4631363772692262,0.008329126554081077,-0.18066770735845644,-0.32762386036611224,0.016934019108938443,-0.14852875522796985,0.015354125436426965,-0.0003968071790718814
500,12,531,7.312139987945557,0.8497764660479579,0.5195134356966589,-0.013213895011929683,-0.4631363772692262,0.008329126554081077,-0.18066774761836474,-0.3276238975895865,0.016934019108938443,-0.14852877243599408,0.015354125436426965,-0.00039680720924292247
500,12,532,7.312139987945557,0.8497764332833778,0.5195134302792923,-0.013213873580334387,-0.4631363772692262,0.008329126554081077,-0.18066774761836474,-0.32762393481306074,0.01693402241531875,-0.14852875522796985,0.015354123398419994,-0.0003968071790718814
500,12,533,7.312139987945557,0.849776437273917,0.5195134368066814,-0.013213855210395564,-0.4631363772692262,0.008329126554081077,-0.18066776774831889,-0.32762393481306074,0.01693402131319198,-0.14852875522796985,0.01535412441742348,-0.0003968071489008403
500,12,534,7.312139511108398,0.8497764382253239,0.5195134383629129,-0.013213838371284974,-0.4631363772692262,0.008329126554081077,-0.18066778787827303,-0.32762393481306074,0.01693402021106521,-0.14852873801994562,0.015354122379416508,-0.0003968071489008403
500,12,535,7.312139511108398,0.8497764423239832,0.5195134450671552,-0.013213821532174385,-0.4631363772692262,0.008329126554081077,-0.18066780800822718,-0.32762393481306074,0.01693402241531875,-0.14852873801994562,0.01535412441742348,-0.0003968071489008403
500,12,536,7.312139511108398,0.8497764169677666,0.5195134517677658,-0.013213809285548501,-0.4631363772692262,0.008329126554081077,-0.18066782813818136,-0.327623972036535,0.01693402461957229,-0.14852873801994562,0.015354122379416508,-0.0003968071790718814
500,12,537,7.312139511108398,0.8497763946727794,0.519513463475676,-0.013213798569750853,-0.4631363772692262,0.008329126554081077,-0.1806678482681355,-0.32762400926000923,0.01693402461957229,-0.14852875522796985,0.01535412441742348,-0.0003968071790718814
500,12,538,7.312139987945557,0.8497764124023497,0.5195134443000408,-0.013213790915609676,-0.4631363772692262,0.008329126554081077,-0.18066780800822718,-0.327623972036535,0.01693402461957229,-0.14852873801994562,0.015354122379416508,-0.0003968071489008403
500,12,539,7.312139511108398,0.8497764110975783,0.5195134421658053,-0.013213787853953206,-0.4631363772692262,0.008329126554081077,-0.18066778787827303,-0.327623972036535,0.01693402351744552,-0.14852875522796985,0.01535412441742348,-0.0003968071790718814
500,12,540,7.312139511108398,0.849776411035241,0.5195134420638392,-0.013213787853953206,-0.4631363772692262,0.008329126554081077,-0.18066778787827303,-0.327623972036535,0.01693402131319198,-0.14852875522796985,0.015354123398419994,-0.0003968071790718814
500,12,541,7.312139987945557,0.8497764627191029,0.5195134302515974,-0.013213790915609676,-0.4631363772692262,0.008329126554081077,-0.18066776774831889,-0.3276238975895865,0.01693402131319198,-0.14852873801994562,0.01535412441742348,-0.0003968071790718814
500,12,542,7.312139511108398,0.8497764554404287,0.5195134183608159,-0.013213797038922618,-0.4631363772692262,0.008329127224590999,-0.18066774761836474,-0.3276238975895865,0.01693402021106521,-0.1485287208119214,0.015354121360413022,-0.0003968071489008403
500,12,543,7.312139511108398,0.8497764572605672,0.5195134213380457,-0.01321380010057909,-0.4631363772692262,0.008329127224590999,-0.1806677274884106,-0.3276238975895865,0.01693402021106521,-0.14852875522796985,0.015354123398419994,-0.00039680720924292247
500,12,544,7.312139987945557,0.8497764782453852,0.5195134074870643,-0.013213806223892031,-0.4631363772692262,0.008329127224590999,-0.18066768722850227,-0.32762386036611224,0.016934019108938443,-0.14852875522796985,0.01535412441742348,-0.00039680720924292247
500,12,545,7.312139987945557,0.8497764783388915,0.519513407640014,-0.013213813878033208,-0.4631363772692262,0.008329127224590999,-0.18066768722850227,-0.32762386036611224,0.016934016904684903,-0.14852875522796985,0.015354125436426965,-0.00039680720924292247
500,12,546,7.312139987945557,0.84977652582338,0.5195133889587789,-0.01321382306300262,-0.4631363772692262,0.008329127224590999,-0.18066764696859397,-0.3276237859191637,0.01693401800681167,-0.14852873801994562,0.01535412441742348,-0.0003968072394139636
500,12,547,7.312139987945557,0.8497765215545459,0.5195133819761771,-0.013213829186315562,-0.4631363772692262,0.008329127224590999,-0.18066762683863982,-0.3276237859191637,0.016934014700431363,-0.14852873801994562,0.015354123398419994,-0.0003968072394139636
500,12,548,7.312139511108398,0.8497765215949346,0.5195133820422415,-0.013213829186315562,-0.4631363772692262,0.008329127224590999,-0.18066762683863982,-0.3276237859191637,0.016934015802558135,-0.14852873801994562,0.01535412441742348,-0.00039680726958500465
500,12,549,7.312139987945557,0.8497765203394712,0.5195133799886594,-0.013213827655487327,-0.4631363772692262,0.008329127224590999,-0.18066760670868567,-0.3276237859191637,0.016934016904684903,-0.14852875522796985,0.015354125436426965,-0.00039680726958500465
500,12,550,7.312139987945557,0.8497765130246369,0.5195133680236657,-0.01321382612465909,-0.4631363772692262,0.008329127224590999,-0.1806675865787315,-0.3276237859191637,0.016934015802558135,-0.14852873801994562,0.015354126455430451,-0.0003968072394139636
500,12,551,7.312139511108398,0.8497765214978773,0.5195133818834832,-0.013213821532174385,-0.4631363772692262,0.008329127224590999,-0.18066762683863982,-0.3276237859191637,0.016934016904684903,-0.14852873801994562,0.01535412441742348,-0.00039680726958500465
500,12,552,7.312139511108398,0.8497765227186216,0.5195133838802745,-0.013213815408861443,-0.4631363772692262,0.008329127224590999,-0.18066764696859397,-0.3276237859191637,0.016934019108938443,-0.1485287208119214,0.01535412441742348,-0.00039680726958500465
500,12,553,7.312139511108398,0.849776531181066,0.5195133977224331,-0.013213807754720266,-0.4631363772692262,0.008329127224590999,-0.18066768722850227,-0.3276237859191637,0.01693402021106521,-0.1485287208119214,0.01535412441742348,-0.00039680726958500465
500,12,554,7.312139511108398,0.8497764806959658,0.5195134114955187,-0.013213798569750853,-0.4631363772692262,0.008329127224590999,-0.1806677274884106,-0.32762386036611224,0.01693402131319198,-0.1485287208119214,0.015354123398419994,-0.0003968072394139636
500,12,555,7.312139511108398,0.8497764640020821,0.5195134323652499,-0.013213789384781441,-0.4631363772692262,0.008329127224590999,-0.18066778787827303,-0.3276238975895865,0.01693402351744552,-0.1485287208119214,0.01535412441742348,-0.0003968072394139636
500,12,556,7.312139511108398,0.8497764386899073,0.5195134391379022,-0.01321378019981203,-0.4631363772692262,0.008329127224590999,-0.18066780800822718,-0.32762393481306074,0.01693402461957229,-0.1485287208119214,0.015354123398419994,-0.0003968072394139636
500,12,557,7.312139511108398,0.8497764164606583,0.5195134509684066,-0.013213774076499088,-0.4631363772692262,0.008329127895100923,-0.18066782813818136,-0.327623972036535,0.01693402572169906,-0.14852873801994562,0.01535412441742348,-0.00039680720924292247
500,12,558,7.312139511108398,0.8497764249467683,0.5195134648643347,-0.013213772545670853,-0.4631363772692262,0.008329128565610844,-0.18066786839808965,-0.327623972036535,0.01693402461957229,-0.14852873801994562,0.015354123398419994,-0.0003968071790718814
500,12,559,7.312139511108398,0.8497763733068248,0.5195134767484065,-0.01321376948401438,-0.4631363772692262,0.008329128565610844,-0.1806678885280438,-0.3276240464834835,0.01693402682382583,-0.14852875522796985,0.015354122379416508,-0.0003968071489008403
500,12,560,7.312139511108398,0.8497763776507462,0.5195134838538273,-0.013213771014842616,-0.4631363772692262,0.008329128565610844,-0.18066790865799795,-0.3276240464834835,0.0169340279259526,-0.14852875522796985,0.015354123398419994,-0.0003968071187297992
500,12,561,7.312139511108398,0.8497763776948031,0.5195134839258918,-0.013213774076499088,-0.4631363772692262,0.008329128565610844,-0.18066790865799795,-0.3276240464834835,0.01693402682382583,-0.14852875522796985,0.01535412441742348,-0.0003968071187297992
500,12,562,7.312139511108398,0.8497763765013937,0.5195134819738132,-0.013213781730640264,-0.4631363772692262,0.008329128565610844,-0.1806678885280438,-0.3276240464834835,0.01693402572169906,-0.14852877243599408,0.015354123398419994,-0.00039680708855875814
500,12,563,7.312139511108398,0.8497763723240862,0.5195134751409256,-0.013213790915609676,-0.4631363772692262,0.008329128565610844,-0.18066786839808965,-0.3276240464834835,0.01693402461957229,-0.14852877243599408,0.015354122379416508,-0.00039680708855875814
500,12,564,7.312139511108398,0.8497763755406328,0.5195134804022813,-0.01321380316223556,-0.4631363772692262,0.008329128565610844,-0.18066786839808965,-0.3276240464834835,0.01693402461957229,-0.14852878964401828,0.015354123398419994,-0.000396807058387717
500,12,565,7.312139511108398,0.8497763505415838,0.5195134876871115,-0.013213816939689678,-0.4631363772692262,0.008329128565610844,-0.1806678885280438,-0.3276240837069577,0.01693402351744552,-0.14852878964401828,0.015354122379416508,-0.00039680702821667595
500,12,566,7.312139511108398,0.8497763464356887,0.5195134809710343,-0.013213830717143797,-0.4631363772692262,0.008329128565610844,-0.18066786839808965,-0.3276240837069577,0.01693402241531875,-0.14852878964401828,0.015354121360413022,-0.00039680702821667595
500,12,567,7.312139511108398,0.849776354025368,0.5195134933855916,-0.013213847556254385,-0.4631363772692262,0.008329128565610844,-0.1806678885280438,-0.3276240837069577,0.01693402351744552,-0.1485288068520425,0.015354122379416508,-0.00039680699804563483
500,12,568,7.312139511108398,0.8497763807321341,0.5195134888941019,-0.013213864395364976,-0.4631363772692262,0.008329128565610844,-0.1806678885280438,-0.3276240464834835,0.01693402351744552,-0.14852878964401828,0.015354122379416508,-0.00039680696787459377
500,12,569,7.312139511108398,0.8497763558100535,0.5195134962897667,-0.01321387970364733,-0.4631363772692262,0.008329127895100923,-0.18066790865799795,-0.3276240837069577,0.01693402461957229,-0.14852878964401828,0.015354121360413022,-0.00039680699804563483
500,12,570,7.312139511108398,0.8497763309247699,0.5195135037456196,-0.013213895011929683,-0.4631363772692262,0.008329127224590999,-0.1806679287879521,-0.32762412093043203,0.01693402572169906,-0.14852878964401828,0.015354122379416508,-0.00039680696787459377
500,12,571,7.312139511108398,0.8497763089610499,0.5195135159803178,-0.013213908789383801,-0.4631363772692262,0.008329126554081077,-0.18066794891790627,-0.3276241581539063,0.01693402461957229,-0.1485288068520425,0.015354122379416508,-0.0003968069075325116
500,12,572,7.312139511108398,0.8497762869259196,0.5195135280982068,-0.013213917974353215,-0.4631363772692262,0.008329125883571155,-0.18066796904786042,-0.3276241953773805,0.01693402351744552,-0.14852882406006673,0.015354122379416508,-0.0003968068471904294
500,12,573,7.312139511108398,0.8497762636021801,0.519513538108296,-0.013213928690150862,-0.4631363772692262,0.008329125213061233,-0.18066796904786042,-0.32762423260085477,0.01693402131319198,-0.1485288584761152,0.015354121360413022,-0.0003968067868483472
500,12,574,7.312139511108398,0.8497762888885433,0.5195135312783746,-0.01321393940594851,-0.4631363772692262,0.008329124542551311,-0.18066794891790627,-0.3276241953773805,0.016934019108938443,-0.1485288584761152,0.015354120341409537,-0.00039680672650626507
500,12,575,7.312139511108398,0.8497762847167473,0.5195135244394408,-0.013213945529261452,-0.4631363772692262,0.008329123872041388,-0.1806679287879521,-0.3276241953773805,0.01693402021106521,-0.1485288584761152,0.015354119322406051,-0.00039680669633522395
500,12,576,7.312139511108398,0.8497762889582242,0.5195135313622267,-0.013213945529261452,-0.4631363772692262,0.008329123201531466,-0.18066794891790627,-0.3276241953773805,0.016934016904684903,-0.1485288584761152,0.015354120341409537,-0.0003968066661641829
500,12,577,7.312139511108398,0.8497762624600192,0.519513536179794,-0.01321394246760498,-0.4631363772692262,0.008329122531021544,-0.18066794891790627,-0.32762423260085477,0.01693401800681167,-0.14852887568413942,0.015354118303402565,-0.00039680663599314176
500,12,578,7.312139511108398,0.8497762402218607,0.5195135479655827,-0.013213934813463803,-0.4631363772692262,0.008329121860511622,-0.18066796904786042,-0.327624269824329,0.01693401800681167,-0.14852889289216364,0.015354120341409537,-0.00039680663599314176
500,12,579,7.312139511108398,0.8497762179726395,0.5195135597483375,-0.013213925628494392,-0.4631363772692262,0.008329121860511622,-0.18066798917781457,-0.32762430704780326,0.016934019108938443,-0.14852891010018787,0.015354122379416508,-0.0003968066058221007
500,12,580,7.312139511108398,0.8497762203984988,0.5195136118924909,-0.013213917974353215,-0.46313642256112847,0.008329121860511622,-0.18066800930776872,-0.3276243442712775,0.01693402131319198,-0.1485289273082121,0.015354121360413022,-0.0003968066058221007
500,12,581,7.312139511108398,0.8497762450318456,0.5195136521856253,-0.013213914912696743,-0.4631364678530307,0.008329121860511622,-0.18066800930776872,-0.3276243442712775,0.01693402021106521,-0.1485289273082121,0.015354122379416508,-0.0003968065454800185
500,12,582,7.312139511108398,0.849776269591561,0.519513692358318,-0.013213911851040273,-0.4631365131449329,0.008329121860511622,-0.18066800930776872,-0.3276243442712775,0.016934019108938443,-0.1485289273082121,0.015354119322406051,-0.00039680651530897744
500,12,583,7.312139511108398,0.8497762739482542,0.5195136994996888,-0.013213913381868508,-0.4631365131449329,0.008329122531021544,-0.18066802943772287,-0.3276243442712775,0.01693402131319198,-0.1485289273082121,0.015354120341409537,-0.00039680651530897744
500,12,584,7.312139511108398,0.8497762236170863,0.5195137135395634,-0.013213914912696743,-0.4631365131449329,0.008329123201531466,-0.1806680696976312,-0.32762441871822606,0.01693402131319198,-0.1485289273082121,0.015354120341409537,-0.00039680651530897744
500,12,585,7.312139511108398,0.8497762322185475,0.5195137276241631,-0.013213917974353215,-0.4631365131449329,0.008329123872041388,-0.18066810995753949,-0.32762441871822606,0.01693402241531875,-0.1485289273082121,0.015354119322406051,-0.0003968064851379363
500,12,586,7.312139511108398,0.8497762114553662,0.5195137418527036,-0.013213924097666155,-0.4631365131449329,0.008329124542551311,-0.18066815021744778,-0.3276244559417003,0.01693402461957229,-0.1485289273082121,0.015354119322406051,-0.0003968064851379363
500,12,587,7.312139511108398,0.8497761613293727,0.5195137562281741,-0.013213934813463803,-0.4631365131449329,0.008329125213061233,-0.1806681904773561,-0.3276245303886488,0.01693402682382583,-0.1485289273082121,0.015354120341409537,-0.0003968064851379363
500,12,588,7.312139511108398,0.8497761363578454,0.5195137635730563,-0.013213945529261452,-0.4631365131449329,0.008329125883571155,-0.18066821060731025,-0.32762456761212305,0.01693402902807937,-0.1485289273082121,0.015354120341409537,-0.0003968064851379363
500,12,589,7.312139511108398,0.8497761482400742,0.5195137830240516,-0.01321396236837204,-0.4631365131449329,0.008329126554081077,-0.18066825086721855,-0.32762456761212305,0.01693403123233291,-0.14852894451623633,0.015354121360413022,-0.0003968064851379363
500,12,590,7.312139511108398,0.8497761233782352,0.5195137905483502,-0.01321398533079557,-0.4631365131449329,0.008329127224590999,-0.1806682709971727,-0.3276246048355973,0.01693403123233291,-0.14852894451623633,0.015354119322406051,-0.0003968064851379363
500,12,591,7.312139511108398,0.8497761280334655,0.5195137981629768,-0.013214008293219103,-0.4631365131449329,0.008329127224590999,-0.18066829112712687,-0.3276246048355973,0.01693403123233291,-0.14852894451623633,0.015354120341409537,-0.00039680645496689525
500,12,592,7.312139511108398,0.8497760989397216,0.5195137987500236,-0.013214032786470868,-0.4631365131449329,0.008329127224590999,-0.18066829112712687,-0.32762464205907155,0.016934030130206137,-0.14852894451623633,0.015354120341409537,-0.00039680642479585413
500,12,593,7.312139511108398,0.8497761360404794,0.5195138112601636,-0.013214055748894398,-0.4631365131449329,0.008329127224590999,-0.18066831125708102,-0.3276246048355973,0.01693403123233291,-0.14852896172426056,0.015354119322406051,-0.00039680645496689525
500,12,594,7.312139511108398,0.8497761321308116,0.5195138048650645,-0.013214077180489694,-0.4631365131449329,0.008329127224590999,-0.18066829112712687,-0.3276246048355973,0.01693403123233291,-0.14852896172426056,0.015354121360413022,-0.0003968064851379363
500,12,595,7.312139511108398,0.8497761281677514,0.5195137983826301,-0.013214100142913226,-0.4631365131449329,0.008329127224590999,-0.1806682709971727,-0.3276246048355973,0.016934030130206137,-0.14852896172426056,0.015354120341409537,-0.00039680651530897744
500,12,596,7.312139511108398,0.8497761199801469,0.5195137849900486,-0.013214123105336756,-0.4631365131449329,0.008329127224590999,-0.1806682307372644,-0.3276246048355973,0.01693402902807937,-0.14852896172426056,0.015354122379416508,-0.00039680651530897744
500,12,597,7.312139511108398,0.8497761411387875,0.519513771423438,-0.013214143006103816,-0.4631365131449329,0.008329127224590999,-0.1806681904773561,-0.32762456761212305,0.01693402682382583,-0.14852896172426056,0.015354122379416508,-0.00039680651530897744
500,12,598,7.312139511108398,0.8497761666615102,0.5195137649952174,-0.013214162906870877,-0.4631365131449329,0.008329127224590999,-0.18066817034740196,-0.3276245303886488,0.0169340279259526,-0.14852896172426056,0.015354123398419994,-0.0003968065454800185
500,12,599,7.312139511108398,0.8497761656293559,0.5195137633069076,-0.013214179745981465,-0.4631365131449329,0.008329127224590999,-0.18066815021744778,-0.3276245303886488,0.01693402682382583,-0.14852897893228478,0.015354123398419994,-0.0003968065454800185
500,12,600,7.312139511108398,0.8497761867442243,0.5195137496536313,-0.013214195054263819,-0.4631365131449329,0.008329126554081077,-0.18066810995753949,-0.32762449316517456,0.01693402461957229,-0.14852897893228478,0.01535412441742348,-0.00039680657565105957
500,12,601,7.312139511108398,0.8497762047431089,0.5195137309034922,-0.013214205770061467,-0.4631365131449329,0.008329125883571155,-0.1806680696976312,-0.3276244559417003,0.01693402241531875,-0.14852896172426056,0.015354123398419994,-0.0003968065454800185
500,12,602,7.312139511108398,0.8497762507358461,0.5195137097671861,-0.013214207300889702,-0.4631365131449329,0.008329125213061233,-0.18066800930776872,-0.3276243814947518,0.01693401800681167,-0.14852896172426056,0.015354122379416508,-0.00039680651530897744
500,12,603,7.312139511108398,0.8497762923261397,0.51951368142973,-0.01321419811592029,-0.4631365131449329,0.008329124542551311,-0.1806679287879521,-0.32762430704780326,0.016934015802558135,-0.14852896172426056,0.015354121360413022,-0.00039680651530897744
500,12,604,7.312139511108398,0.8497762920223368,0.5195136809177319,-0.01321417821515323,-0.4631365131449329,0.008329123872041388,-0.1806679287879521,-0.32762430704780326,0.016934014700431363,-0.14852896172426056,0.015354122379416508,-0.00039680651530897744
500,12,605,7.312139511108398,0.8497763124742433,0.5195136661800255,-0.013214150660244993,-0.4631365131449329,0.008329123201531466,-0.1806678885280438,-0.327624269824329,0.016934013598304595,-0.14852896172426056,0.015354122379416508,-0.0003968065454800185
500,12,606,7.312139511108398,0.8497763077368063,0.5195136584309288,-0.013214120043680286,-0.4631365131449329,0.008329123201531466,-0.18066786839808965,-0.327624269824329,0.016934013598304595,-0.14852896172426056,0.015354123398419994,-0.0003968065454800185
500,12,607,7.312139511108398,0.8497763366289435,0.5195136575140957,-0.013214086365459107,-0.4631365131449329,0.008329123201531466,-0.18066786839808965,-0.32762423260085477,0.016934013598304595,-0.14852896172426056,0.015354121360413022,-0.00039680657565105957
500,12,608,7.312139511108398,0.8497763362116405,0.5195136568315069,-0.013214055748894398,-0.4631365131449329,0.008329123201531466,-0.18066786839808965,-0.32762423260085477,0.016934014700431363,-0.14852896172426056,0.015354123398419994,-0.00039680657565105957
500,12,609,7.312139511108398,0.8497763093750877,0.5195136611106901,-0.013214028193986161,-0.4631365131449329,0.008329123201531466,-0.18066786839808965,-0.327624269824329,0.016934014700431363,-0.14852897893228478,0.015354125436426965,-0.00039680663599314176
500,12,610,7.312139511108398,0.8497763090911445,0.51951366064624,-0.013214008293219103,-0.4631365131449329,0.008329123201531466,-0.18066786839808965,-0.327624269824329,0.016934016904684903,-0.14852897893228478,0.01535412441742348,-0.00039680663599314176
500,12,611,7.312139511108398,0.8497763132429644,0.5195136674374343,-0.01321399910824969,-0.4631365131449329,0.008329123201531466,-0.1806678885280438,-0.327624269824329,0.016934015802558135,-0.14852897893228478,0.015354126455430451,-0.00039680669633522395
500,12,612,7.312139511108398,0.8497762807843072,0.5195136625204558,-0.013213997577421454,-0.4631365131449329,0.008329123201531466,-0.1806678885280438,-0.32762430704780326,0.01693401800681167,-0.14852896172426056,0.015354125436426965,-0.00039680669633522395
500,12,613,7.312139511108398,0.8497763619004164,0.519513650689949,-0.013214003700734396,-0.4631365131449329,0.008329123872041388,-0.18066786839808965,-0.3276241953773805,0.016934016904684903,-0.14852894451623633,0.01535412441742348,-0.00039680672650626507
500,12,614,7.312139511108398,0.8497763474059531,0.5195136269811349,-0.013214012885703808,-0.4631365131449329,0.008329123872041388,-0.18066782813818136,-0.3276241953773805,0.016934014700431363,-0.14852891010018787,0.015354123398419994,-0.00039680672650626507
500,12,615,7.312139511108398,0.8497763961331035,0.5195136103476479,-0.013214023601501456,-0.4631365131449329,0.008329124542551311,-0.18066780800822718,-0.32762412093043203,0.016934013598304595,-0.14852887568413942,0.015354122379416508,-0.00039680672650626507
500,12,616,7.312139511108398,0.8497764213554632,0.5195136034280972,-0.013214028193986161,-0.4631365131449329,0.008329124542551311,-0.18066778787827303,-0.3276240837069577,0.016934012496177823,-0.14852887568413942,0.015354122379416508,-0.00039680675667730614
500,12,617,7.312139511108398,0.8497763950020949,0.5195136084976396,-0.013214031255642633,-0.4631365131449329,0.008329124542551311,-0.18066778787827303,-0.32762412093043203,0.016934014700431363,-0.14852889289216364,0.015354122379416508,-0.0003968068170193883
500,12,618,7.312139987945557,0.8497763951103317,0.5195136086746841,-0.01321403584812734,-0.4631365131449329,0.008329124542551311,-0.18066778787827303,-0.32762412093043203,0.016934014700431363,-0.14852889289216364,0.01535412441742348,-0.0003968068170193883
500,12,619,7.312139511108398,0.84977639944126,0.5195136157588505,-0.01321403890978381,-0.4631365131449329,0.008329124542551311,-0.18066780800822718,-0.32762412093043203,0.016934015802558135,-0.14852889289216364,0.015354123398419994,-0.0003968068471904294
500,12,620,7.312139511108398,0.8497763995934224,0.5195136160077447,-0.013214043502268517,-0.4631365131449329,0.008329124542551311,-0.18066780800822718,-0.32762412093043203,0.01693401800681167,-0.14852889289216364,0.015354125436426965,-0.0003968068471904294
500,12,621,7.312139511108398,0.8497764027166271,0.5195136211164184,-0.013214051156409693,-0.4631365131449329,0.008329124542551311,-0.18066780800822718,-0.32762412093043203,0.016934016904684903,-0.14852891010018787,0.015354126455430451,-0.0003968068773614705
500,12,622,7.312139511108398,0.8497763985119692,0.5195136142387948,-0.01321405881055087,-0.4631365131449329,0.008329124542551311,-0.18066778787827303,-0.32762412093043203,0.016934014700431363,-0.14852891010018787,0.015354126455430451,-0.0003968068773614705
500,12,623,7.312139511108398,0.8497764251270816,0.5195136095973916,-0.013214069526348517,-0.4631365131449329,0.008329124542551311,-0.18066778787827303,-0.3276240837069577,0.016934015802558135,-0.14852889289216364,0.015354125436426965,-0.0003968068773614705
500,12,624,7.312139511108398,0.8497764228219827,0.5195135576507478,-0.013214083303802636,-0.4631364678530307,0.008329124542551311,-0.18066776774831889,-0.3276240464834835,0.016934015802558135,-0.14852887568413942,0.015354125436426965,-0.0003968069075325116
500,12,625,7.312139511108398,0.8497764438544042,0.519513543877645,-0.013214092488772049,-0.4631364678530307,0.008329124542551311,-0.1806677274884106,-0.32762400926000923,0.016934014700431363,-0.14852887568413942,0.015354126455430451,-0.0003968069075325116
500,12,626,7.312139511108398,0.8497764395396838,0.5195135368199896,-0.013214094019600284,-0.4631364678530307,0.008329124542551311,-0.18066770735845644,-0.32762400926000923,0.016934013598304595,-0.14852887568413942,0.01535412441742348,-0.00039680693770355265
500,12,627,7.312139511108398,0.8497764603524763,0.5195135226876336,-0.013214087896287342,-0.4631364678530307,0.008329124542551311,-0.18066766709854812,-0.327623972036535,0.016934012496177823,-0.14852887568413942,0.015354126455430451,-0.00039680693770355265
500,12,628,7.312139511108398,0.8497764354133475,0.5195134818943062,-0.013214074118833224,-0.46313642256112847,0.008329124542551311,-0.18066766709854812,-0.327623972036535,0.016934011394051054,-0.14852887568413942,0.015354125436426965,-0.00039680696787459377
500,12,629,7.312139511108398,0.8497764338430349,0.519513479325721,-0.013214051156409693,-0.46313642256112847,0.008329124542551311,-0.18066764696859397,-0.327623972036535,0.016934012496177823,-0.14852889289216364,0.015354127474433937,-0.00039680696787459377
500,12,630,7.312139511108398,0.8497764333979855,0.5195134785977465,-0.013214025132329691,-0.46313642256112847,0.008329124542551311,-0.18066764696859397,-0.327623972036535,0.016934011394051054,-0.14852889289216364,0.015354126455430451,-0.00039680696787459377
500,12,631,7.312139511108398,0.8497764538591105,0.5195134638901578,-0.013213997577421454,-0.46313642256112847,0.008329124542551311,-0.18066760670868567,-0.32762393481306074,0.016934010291924286,-0.14852889289216364,0.015354127474433937,-0.00039680696787459377
500,12,632,7.312139511108398,0.8497764741514789,0.5195134489065292,-0.013213966960856747,-0.46313642256112847,0.008329124542551311,-0.18066756644877735,-0.3276238975895865,0.016934005883417206,-0.14852889289216364,0.015354125436426965,-0.0003968069075325116
500,12,633,7.312139511108398,0.8497764693314386,0.5195134410223119,-0.013213934813463803,-0.46313642256112847,0.008329124542551311,-0.1806675463188232,-0.3276238975895865,0.016934004781290438,-0.14852889289216364,0.01535412441742348,-0.0003968068471904294
500,12,634,7.312139511108398,0.8497764716947213,0.519513444887971,-0.013213895011929683,-0.46313642256112847,0.008329124542551311,-0.1806675463188232,-0.3276238975895865,0.016934002577036898,-0.14852891010018787,0.015354125436426965,-0.0003968068170193883
500,12,635,7.312139511108398,0.8497764679378824,0.5195134387428498,-0.013213850617910857,-0.46313642256112847,0.008329124542551311,-0.1806675463188232,-0.3276238975895865,0.01693400147491013,-0.14852889289216364,0.015354123398419994,-0.0003968067868483472
500,12,636,7.312139511108398,0.8497764702204226,0.5195134424613743,-0.01321380316223556,-0.46313642256112847,0.008329123872041388,-0.1806675463188232,-0.3276238975895865,0.016934002577036898,-0.14852891010018787,0.015354122379416508,-0.00039680675667730614
500,12,637,7.312139511108398,0.8497764444233546,0.5195134484258155,-0.013213757237388497,-0.46313642256112847,0.008329123201531466,-0.18066756644877735,-0.32762393481306074,0.016934004781290438,-0.14852891010018787,0.01535412441742348,-0.00039680675667730614
500,12,638,7.312139511108398,0.8497764229627363,0.5195134614834548,-0.013213718966682613,-0.46313642256112847,0.008329122531021544,-0.18066760670868567,-0.327623972036535,0.016934004781290438,-0.14852891010018787,0.015354125436426965,-0.0003968067868483472
500,12,639,7.312139511108398,0.849776423874028,0.5195134629740691,-0.013213692942602611,-0.46313642256112847,0.008329122531021544,-0.18066762683863982,-0.327623972036535,0.016934006985543978,-0.14852889289216364,0.015354125436426965,-0.0003968067868483472
500,12,640,7.312139511108398,0.8497764279650725,0.5195134696658555,-0.013213679165148493,-0.46313642256112847,0.008329122531021544,-0.18066764696859397,-0.327623972036535,0.016934009189797514,-0.14852889289216364,0.01535412441742348,-0.0003968068170193883
500,12,641,7.312139511108398,0.8497764292388146,0.5195134717493359,-0.013213677634320258,-0.46313642256112847,0.008329122531021544,-0.18066766709854812,-0.327623972036535,0.016934011394051054,-0.14852887568413942,0.015354123398419994,-0.0003968068170193883
500,12,642,7.312139511108398,0.849776402927773,0.5195134768881216,-0.013213685288461435,-0.46313642256112847,0.008329122531021544,-0.18066766709854812,-0.32762400926000923,0.016934010291924286,-0.14852889289216364,0.015354125436426965,-0.0003968068471904294
500,12,643,7.312139511108398,0.8497764369274126,0.5195134843256973,-0.01321370365840026,-0.46313642256112847,0.008329122531021544,-0.18066768722850227,-0.327623972036535,0.016934010291924286,-0.14852889289216364,0.01535412441742348,-0.0003968068471904294
500,12,644,7.312139511108398,0.8497764078425718,0.5195134849273354,-0.013213729682480262,-0.46313642256112847,0.008329122531021544,-0.18066768722850227,-0.32762400926000923,0.016934010291924286,-0.14852889289216364,0.015354122379416508,-0.0003968067868483472
500,12,645,7.312139511108398,0.8497764126424442,0.5195134927785626,-0.013213763360701439,-0.46313642256112847,0.008329122531021544,-0.18066770735845644,-0.32762400926000923,0.016934009189797514,-0.14852889289216364,0.015354123398419994,-0.00039680675667730614
500,12,646,7.312139511108398,0.8497764161994814,0.5195134985968644,-0.01321380010057909,-0.46313642256112847,0.008329122531021544,-0.18066770735845644,-0.32762400926000923,0.016934008087670746,-0.14852891010018787,0.015354123398419994,-0.00039680672650626507
500,12,647,7.312139511108398,0.8497763843359328,0.519513494653325,-0.013213836840456739,-0.46313642256112847,0.008329122531021544,-0.18066770735845644,-0.3276240464834835,0.016934010291924286,-0.14852889289216364,0.015354122379416508,-0.00039680675667730614
500,12,648,7.312139511108398,0.8497763849220915,0.5195134956121139,-0.013213873580334387,-0.46313642256112847,0.008329122531021544,-0.18066770735845644,-0.3276240464834835,0.016934009189797514,-0.14852889289216364,0.01535412441742348,-0.00039680675667730614
500,12,649,7.312139511108398,0.8497763590501813,0.5195135014691906,-0.013213908789383801,-0.46313642256112847,0.008329122531021544,-0.18066770735845644,-0.3276240837069577,0.016934011394051054,-0.14852891010018787,0.015354123398419994,-0.0003968067868483472
500,12,650,7.312139511108398,0.8497763638078457,0.5195135092513766,-0.013213940936776745,-0.46313642256112847,0.008329122531021544,-0.1806677274884106,-0.3276240837069577,0.016934010291924286,-0.14852891010018787,0.015354123398419994,-0.00039680675667730614
500,12,651,7.312139511108398,0.8497763642178966,0.519513509922103,-0.013213968491684982,-0.46313642256112847,0.008329122531021544,-0.1806677274884106,-0.3276240837069577,0.016934010291924286,-0.14852891010018787,0.015354122379416508,-0.00039680672650626507
500,12,652,7.312139511108398,0.8497763645933729,0.5195135105362755,-0.013213991454108513,-0.46313642256112847,0.008329122531021544,-0.1806677274884106,-0.3276240837069577,0.016934010291924286,-0.14852891010018787,0.015354123398419994,-0.00039680672650626507
500,12,653,7.312139511108398,0.8497763679087075,0.5195135159592201,-0.013214009824047338,-0.46313642256112847,0.008329122531021544,-0.1806677274884106,-0.3276240837069577,0.016934011394051054,-0.1485289273082121,0.015354123398419994,-0.00039680672650626507
500,12,654,7.312139511108398,0.8497763430214758,0.5195135234269488,-0.013214028193986161,-0.46313642256112847,0.008329122531021544,-0.18066774761836474,-0.32762412093043203,0.016934011394051054,-0.1485289273082121,0.015354123398419994,-0.00039680675667730614
500,12,655,7.312139511108398,0.8497763727379446,0.5195135238735415,-0.01321404197144028,-0.46313642256112847,0.008329123201531466,-0.18066774761836474,-0.3276240837069577,0.016934012496177823,-0.1485289273082121,0.015354125436426965,-0.00039680675667730614
500,12,656,7.312139511108398,0.8497763391683684,0.519513517154487,-0.013214054218066163,-0.46313642256112847,0.008329123872041388,-0.1806677274884106,-0.32762412093043203,0.016934012496177823,-0.1485289273082121,0.01535412441742348,-0.0003968067868483472
500,12,657,7.312139511108398,0.8497763718102321,0.5195135223711309,-0.013214064933863812,-0.46313642256112847,0.008329123872041388,-0.1806677274884106,-0.3276240837069577,0.016934011394051054,-0.14852894451623633,0.015354126455430451,-0.0003968067868483472
500,12,658,7.312139511108398,0.8497763603216404,0.5195135035790619,-0.013214072588004989,-0.46313642256112847,0.008329123872041388,-0.18066768722850227,-0.3276240837069577,0.016934010291924286,-0.1485289273082121,0.015354125436426965,-0.00039680675667730614
500,12,659,7.312139511108398,0.8497763854982386,0.5195134965846527,-0.013214075649661459,-0.46313642256112847,0.008329123872041388,-0.18066766709854812,-0.3276240464834835,0.016934008087670746,-0.1485289273082121,0.015354125436426965,-0.0003968067868483472
500,12,660,7.312139511108398,0.8497764093955448,0.519513487497684,-0.013214075649661459,-0.46313642256112847,0.008329123872041388,-0.18066762683863982,-0.32762400926000923,0.016934006985543978,-0.14852894451623633,0.015354126455430451,-0.00039680675667730614
500,12,661,7.312139511108398,0.8497764050040065,0.5195134803143756,-0.013214071057176754,-0.46313642256112847,0.008329123872041388,-0.18066760670868567,-0.32762400926000923,0.016934005883417206,-0.14852894451623633,0.015354125436426965,-0.00039680675667730614
500,12,662,7.312139511108398,0.8497764256646424,0.5195134659331316,-0.013214060341379105,-0.46313642256112847,0.008329123872041388,-0.18066756644877735,-0.327623972036535,0.016934002577036898,-0.14852894451623633,0.015354125436426965,-0.00039680675667730614
500,12,663,7.312139511108398,0.8497764505371391,0.5195134584412935,-0.013214045033096752,-0.46313642256112847,0.008329123872041388,-0.1806675463188232,-0.32762393481306074,0.016934000372783357,-0.14852894451623633,0.01535412441742348,-0.00039680669633522395
500,12,664,7.312139511108398,0.8497764489794443,0.5195134558933473,-0.013214026663157926,-0.46313642256112847,0.008329123872041388,-0.18066752618886905,-0.32762393481306074,0.016934000372783357,-0.14852896172426056,0.01535412441742348,-0.0003968066661641829
500,12,665,7.312139511108398,0.8497764234440933,0.5195134623009443,-0.013214002169906161,-0.46313642256112847,0.008329123872041388,-0.1806675463188232,-0.327623972036535,0.016934000372783357,-0.14852896172426056,0.015354125436426965,-0.00039680669633522395
500,12,666,7.312139511108398,0.8497764231089913,0.5195134617528124,-0.013213979207482629,-0.46313642256112847,0.008329123872041388,-0.1806675463188232,-0.327623972036535,0.01693400147491013,-0.14852896172426056,0.015354125436426965,-0.00039680669633522395
500,12,667,7.312139511108398,0.849776427073906,0.5195134682382865,-0.013213957775887334,-0.46313642256112847,0.008329123872041388,-0.18066756644877735,-0.327623972036535,0.01693400147491013,-0.14852896172426056,0.015354126455430451,-0.00039680672650626507
500,12,668,7.312139511108398,0.8497764046688236,0.5195134797661115,-0.013213940936776745,-0.46313642256112847,0.008329123872041388,-0.1806675865787315,-0.32762400926000923,0.016934002577036898,-0.14852897893228478,0.015354126455430451,-0.00039680669633522395
500,12,669,7.312139511108398,0.849776376240926,0.5195134814272577,-0.013213925628494392,-0.46313642256112847,0.008329123201531466,-0.18066760670868567,-0.3276240464834835,0.016934002577036898,-0.14852896172426056,0.015354125436426965,-0.00039680663599314176
500,12,670,7.312139511108398,0.8497763846208979,0.5195134951194469,-0.013213911851040273,-0.46313642256112847,0.008329122531021544,-0.18066764696859397,-0.3276240464834835,0.016934004781290438,-0.14852896172426056,0.01535412441742348,-0.0003968066058221007
500,12,671,7.312139511108398,0.8497763813823555,0.5195134898221121,-0.01321389960441439,-0.46313642256112847,0.008329122531021544,-0.18066764696859397,-0.3276240464834835,0.016934003679163666,-0.14852894451623633,0.015354123398419994,-0.00039680657565105957
500,12,672,7.312139511108398,0.8497764148655266,0.5195134964148934,-0.013213887357788506,-0.46313642256112847,0.008329122531021544,-0.18066766709854812,-0.32762400926000923,0.016934002577036898,-0.14852894451623633,0.015354121360413022,-0.0003968065454800185
500,12,673,7.312139511108398,0.8497763852259912,0.5195134961092075,-0.013213875111162622,-0.46313642256112847,0.008329122531021544,-0.18066766709854812,-0.3276240464834835,0.016934003679163666,-0.14852894451623633,0.015354120341409537,-0.0003968065454800185
500,12,674,7.312139511108398,0.8497763599672249,0.5195135029692132,-0.013213864395364976,-0.46313642256112847,0.008329122531021544,-0.18066768722850227,-0.3276240837069577,0.016934005883417206,-0.14852894451623633,0.015354122379416508,-0.00039680657565105957
500,12,675,7.312139511108398,0.8497763462864719,0.5195135287675534,-0.013213856741223799,-0.46313642256112847,0.008329122531021544,-0.18066774761836474,-0.32762412093043203,0.016934008087670746,-0.14852896172426056,0.015354122379416508,-0.0003968066058221007
500,12,676,7.312139511108398,0.8497763181004762,0.5195135308394409,-0.013213855210395564,-0.46313642256112847,0.008329122531021544,-0.18066776774831889,-0.3276241581539063,0.016934008087670746,-0.14852894451623633,0.015354123398419994,-0.00039680663599314176
500,12,677,7.312139511108398,0.8497763181920099,0.519513530989164,-0.013213858272052034,-0.46313642256112847,0.008329122531021544,-0.18066776774831889,-0.3276241581539063,0.016934010291924286,-0.14852894451623633,0.015354123398419994,-0.00039680663599314176
500,12,678,7.312139511108398,0.8497763403882382,0.5195135191197211,-0.01321386286453674,-0.46313642256112847,0.008329122531021544,-0.18066774761836474,-0.32762412093043203,0.016934009189797514,-0.1485289273082121,0.015354122379416508,-0.0003968066661641829
500,12,679,7.312139511108398,0.8497763669557415,0.5195135144004389,-0.013213870518677917,-0.46313642256112847,0.008329122531021544,-0.18066774761836474,-0.3276240837069577,0.016934010291924286,-0.14852891010018787,0.015354121360413022,-0.0003968066661641829
500,12,680,7.312139511108398,0.8497763627950088,0.5195135075946632,-0.013213878172819094,-0.46313642256112847,0.008329122531021544,-0.1806677274884106,-0.3276240837069577,0.016934010291924286,-0.14852891010018787,0.015354121360413022,-0.0003968066661641829
500,12,681,7.312139511108398,0.8497763850756728,0.5195134958633292,-0.013213885826960271,-0.46313642256112847,0.008329122531021544,-0.18066770735845644,-0.3276240464834835,0.016934009189797514,-0.14852889289216364,0.015354122379416508,-0.00039680669633522395
500,12,682,7.312139511108398,0.849776386921437,0.5195134988824747,-0.013213891950273213,-0.46313642256112847,0.008329122531021544,-0.18066768722850227,-0.3276240464834835,0.016934008087670746,-0.1485289273082121,0.01535412441742348,-0.00039680669633522395
500,12,683,7.312139511108398,0.8497763869596945,0.5195134989450533,-0.01321389960441439,-0.46313642256112847,0.008329122531021544,-0.18066768722850227,-0.3276240464834835,0.016934005883417206,-0.1485289273082121,0.015354122379416508,-0.0003968066661641829
500,12,684,7.312139511108398,0.8497764122258236,0.5195134921121527,-0.013213908789383801,-0.46313642256112847,0.008329123201531466,-0.18066766709854812,-0.32762400926000923,0.016934004781290438,-0.1485289273082121,0.015354121360413022,-0.00039680663599314176
500,12,685,7.312139511108398,0.8497763902164867,0.5195135042873023,-0.013213916443524978,-0.46313642256112847,0.008329123201531466,-0.18066768722850227,-0.3276240464834835,0.016934004781290438,-0.14852894451623633,0.015354123398419994,-0.00039680663599314176
500,12,686,7.312139511108398,0.8497763596054313,0.5195135023924846,-0.01321392256683792,-0.46313642256112847,0.008329123201531466,-0.18066766709854812,-0.3276240837069577,0.016934004781290438,-0.14852896172426056,0.01535412441742348,-0.00039680663599314176
500,12,687,7.312139511108398,0.8497763860575832,0.5195134974845186,-0.013213925628494392,-0.46313642256112847,0.008329123201531466,-0.18066766709854812,-0.3276240464834835,0.016934003679163666,-0.14852894451623633,0.015354123398419994,-0.0003968066058221007
500,12,688,7.312139511108398,0.8497763861051916,0.5195134975623924,-0.013213928690150862,-0.46313642256112847,0.008329123201531466,-0.18066766709854812,-0.3276240464834835,0.016934003679163666,-0.14852894451623633,0.015354123398419994,-0.0003968066058221007
500,12,689,7.312139511108398,0.849776386149117,0.5195134976342419,-0.013213928690150862,-0.46313642256112847,0.008329123201531466,-0.18066766709854812,-0.3276240464834835,0.016934005883417206,-0.14852894451623633,0.015354123398419994,-0.0003968066058221007
500,12,690,7.312139511108398,0.8497763861015086,0.5195134975563681,-0.013213925628494392,-0.46313642256112847,0.008329123201531466,-0.18066766709854812,-0.3276240464834835,0.016934005883417206,-0.14852894451623633,0.015354123398419994,-0.0003968066058221007
500,12,691,7.312139511108398,0.849776386030096,0.5195134974395573,-0.013213921036009685,-0.46313642256112847,0.008329123201531466,-0.18066766709854812,-0.3276240464834835,0.016934005883417206,-0.14852894451623633,0.015354123398419994,-0.0003968066058221007
500,12,692,7.312139511108398,0.8497763901908268,0.5195135042453303,-0.013213913381868508,-0.46313642256112847,0.008329123201531466,-0.18066768722850227,-0.3276240464834835,0.016934005883417206,-0.14852894451623633,0.015354123398419994,-0.0003968066058221007
500,12,693,7.312139511108398,0.849776390071806,0.5195135040506459,-0.013213905727727331,-0.46313642256112847,0.008329123201531466,-0.18066768722850227,-0.3276240464834835,0.016934005883417206,-0.14852894451623633,0.015354123398419994,-0.0003968066058221007
500,12,694,7.312139511108398,0.8497763856529121,0.5195134968225917,-0.01321389960441439,-0.46313642256112847,0.008329123201531466,-0.18066766709854812,-0.3276240464834835,0.016934003679163666,-0.14852894451623633,0.015354123398419994,-0.0003968066058221007
500,12,695,7.312139511108398,0.8497763812779441,0.5195134896663878,-0.013213893481101448,-0.46313642256112847,0.008329123201531466,-0.18066764696859397,-0.3276240464834835,0.016934003679163666,-0.14852894451623633,0.015354123398419994,-0.0003968066058221007
500,12,696,7.312139511108398,0.8497764063556301,0.5195134825101847,-0.013213887357788506,-0.46313642256112847,0.008329123201531466,-0.18066762683863982,-0.32762400926000923,0.016934003679163666,-0.14852894451623633,0.015354123398419994,-0.0003968066058221007
500,12,697,7.312139511108398,0.8497764020044816,0.5195134753929421,-0.013213882765303801,-0.46313642256112847,0.008329123201531466,-0.18066760670868567,-0.32762400926000923,0.016934003679163666,-0.14852894451623633,0.015354123398419994,-0.00039680663599314176
500,12,698,7.312139511108398,0.8497764240781465,0.5195134633230122,-0.01321387970364733,-0.46313642256112847,0.008329123201531466,-0.1806675865787315,-0.327623972036535,0.01693400147491013,-0.1485289273082121,0.015354123398419994,-0.0003968066661641829
500,12,699,7.312139511108398,0.8497764491796402,0.519513456205748,-0.013213875111162622,-0.46313642256112847,0.008329123201531466,-0.18066756644877735,-0.32762393481306074,0.01693400147491013,-0.1485289273082121,0.015354123398419994,-0.0003968066661641829
500,12,700,7.312139511108398,0.8497764490606197,0.5195134560110642,-0.013213867457021446,-0.46313642256112847,0.008329123201531466,-0.18066756644877735,-0.32762393481306074,0.01693400147491013,-0.1485289273082121,0.015354123398419994,-0.0003968066661641829
500,12,701,7.312139511108398,0.8497764489177951,0.5195134557774438,-0.013213858272052034,-0.46313642256112847,0.008329123201531466,-0.18066756644877735,-0.32762393481306074,0.01693400147491013,-0.1485289273082121,0.015354123398419994,-0.0003968066661641829
500,12,702,7.312139511108398,0.8497764487749707,0.5195134555438237,-0.013213849087082622,-0.46313642256112847,0.008329123201531466,-0.18066756644877735,-0.32762393481306074,0.01693400147491013,-0.1485289273082121,0.015354123398419994,-0.0003968066661641829
500,12,703,7.312139511108398,0.8497764486321464,0.5195134553102037,-0.013213839902113209,-0.46313642256112847,0.008329123201531466,-0.18066756644877735,-0.32762393481306074,0.01693400147491013,-0.1485289273082121,0.015354123398419994,-0.0003968066661641829
500,12,704,7.312139511108398,0.8497764484893221,0.5195134550765836,-0.013213830717143797,-0.46313642256112847,0.008329123201531466,-0.18066756644877735,-0.32762393481306074,0.01693400147491013,-0.1485289273082121,0.015354123398419994,-0.0003968066661641829
500,12,705,7.312139511108398,0.8497764526939767,0.5195134619542041,-0.01321382306300262,-0.46313642256112847,0.008329123201531466,-0.1806675865787315,-0.32762393481306074,0.016934003679163666,-0.1485289273082121,0.015354123398419994,-0.0003968066661641829
500,12,706,7.312139511108398,0.8497764568547063,0.5195134687599757,-0.013213815408861443,-0.46313642256112847,0.008329123201531466,-0.18066760670868567,-0.32762393481306074,0.016934003679163666,-0.1485289273082121,0.015354123398419994,-0.0003968066661641829
500,12,707,7.312139511108398,0.849776402157735,0.5195134756436214,-0.013213810816376736,-0.46313642256112847,0.008329123201531466,-0.18066762683863982,-0.32762400926000923,0.016934003679163666,-0.1485289273082121,0.015354123398419994,-0.0003968066661641829
500,12,708,7.312139511108398,0.849776402110127,0.5195134755657481,-0.013213807754720266,-0.46313642256112847,0.008329123201531466,-0.18066762683863982,-0.32762400926000923,0.016934003679163666,-0.1485289273082121,0.015354123398419994,-0.0003968066661641829
500,12,709,7.312139511108398,0.849776402062519,0.5195134754878751,-0.013213804693063795,-0.46313642256112847,0.008329123201531466,-0.18066762683863982,-0.32762400926000923,0.016934003679163666,-0.1485289273082121,0.015354123398419994,-0.0003968066661641829
500,12,710,7.312139511108398,0.8497764020387151,0.5195134754489384,-0.01321380316223556,-0.46313642256112847,0.008329123201531466,-0.18066762683863982,-0.32762400926000923,0.016934003679163666,-0.1485289273082121,0.015354123398419994,-0.0003968066661641829
500,12,711,7.312139511108398,0.8497764020387151,0.5195134754489384,-0.01321380316223556,-0.46313642256112847,0.008329123201531466,-0.18066762683863982,-0.32762400926000923,0.016934003679163666,-0.1485289273082121,0.015354123398419994,-0.0003968066661641829
500,12,712,7.312139511108398,0.849776402062519,0.5195134754878751,-0.013213804693063795,-0.46313642256112847,0.008329123201531466,-0.18066762683863982,-0.32762400926000923,0.016934003679163666,-0.1485289273082121,0.015354123398419994,-0.0003968066661641829
500,12,713,7.312139511108398,0.849776402086323,0.5195134755268116,-0.013213806223892031,-0.46313642256112847,0.008329123201531466,-0.18066762683863982,-0.32762400926000923,0.016934003679163666,-0.1485289273082121,0.015354123398419994,-0.0003968066661641829
500,12,714,7.312139511108398,0.849776402133931,0.5195134756046847,-0.013213809285548501,-0.46313642256112847,0.008329123201531466,-0.18066762683863982,-0.32762400926000923,0.016934003679163666,-0.1485289273082121,0.015354123398419994,-0.0003968066661641829
500,12,715,7.312139511108398,0.8497764021815389,0.5195134756825578,-0.013213812347204971,-0.46313642256112847,0.008329123201531466,-0.18066762683863982,-0.32762400926000923,0.016934003679163666,-0.1485289273082121,0.015354123398419994,-0.0003968066661641829
500,12,716,7.312139511108398,0.8497764022291471,0.519513475760431,-0.013213815408861443,-0.46313642256112847,0.008329123201531466,-0.18066762683863982,-0.32762400926000923,0.016934003679163666,-0.1485289273082121,0.015354123398419994,-0.0003968066661641829
500,12,717,7.312139511108398,0.849776402252951,0.5195134757993677,-0.013213816939689678,-0.46313642256112847,0.008329123201531466,-0.18066762683863982,-0.32762400926000923,0.016934003679163666,-0.1485289273082121,0.015354123398419994,-0.0003968066661641829
500,12,718,7.312139511108398,0.849776402276755,0.5195134758383042,-0.013213818470517913,-0.46313642256112847,0.008329123201531466,-0.18066762683863982,-0.32762400926000923,0.016934003679163666,-0.1485289273082121,0.015354123398419994,-0.0003968066661641829
500,12,719,7.312139511108398,0.8497764023005591,0.5195134758772408,-0.013213820001346148,-0.46313642256112847,0.008329123201531466,-0.18066762683863982,-0.32762400926000923,0.016934003679163666,-0.1485289273082121,0.015354123398419994,-0.0003968066661641829
500,12,720,7.312139511108398,0.849776402324363,0.5195134759161775,-0.013213821532174385,-0.46313642256112847,0.008329123201531466,-0.18066762683863982,-0.32762400926000923,0.016934003679163666,-0.1485289273082121,0.015354123398419994,-0.0003968066661641829
500,12,721,7.312139511108398,0.8497764023481671,0.5195134759551141,-0.01321382306300262,-0.46313642256112847,0.008329123201531466,-0.18066762683863982,-0.32762400926000923,0.016934003679163666,-0.1485289273082121,0.015354123398419994,-0.0003968066661641829
500,12,722,7.312139511108398,0.8497764023719712,0.5195134759940506,-0.013213824593830855,-0.46313642256112847,0.008329123201531466,-0.18066762683863982,-0.32762400926000923,0.016934003679163666,-0.1485289273082121,0.015354123398419994,-0.0003968066661641829
500,12,723,7.312139511108398,0.8497764023957751,0.5195134760329873,-0.01321382612465909,-0.46313642256112847,0.008329123201531466,-0.18066762683863982,-0.32762400926000923,0.016934003679163666,-0.1485289273082121,0.015354123398419994,-0.0003968066661641829
500,12,724,7.312139511108398,0.8497764023957751,0.5195134760329873,-0.01321382612465909,-0.46313642256112847,0.008329123201531466,-0.18066762683863982,-0.32762400926000923,0.016934003679163666,-0.1485289273082121,0.015354123398419994,-0.0003968066661641829
500,12,725,7.312139511108398,0.8497764023719712,0.5195134759940506,-0.013213824593830855,-0.46313642256112847,0.008329123201531466,-0.18066762683863982,-0.32762400926000923,0.016934003679163666,-0.1485289273082121,0.015354123398419994,-0.0003968066661641829
500,12,726,7.312139511108398,0.8497764023481671,0.5195134759551141,-0.01321382306300262,-0.46313642256112847,0.008329123201531466,-0.18066762683863982,-0.32762400926000923,0.016934003679163666,-0.1485289273082121,0.015354123398419994,-0.0003968066661641829
500,12,727,7.312139511108398,0.849776402324363,0.5195134759161775,-0.013213821532174385,-0.46313642256112847,0.008329123201531466,-0.18066762683863982,-0.32762400926000923,0.016934003679163666,-0.1485289273082121,0.015354123398419994,-0.0003968066661641829
500,12,728,7.312139511108398,0.8497764023005591,0.5195134758772408,-0.013213820001346148,-0.46313642256112847,0.008329123201531466,-0.18066762683863982,-0.32762400926000923,0.016934003679163666,-0.1485289273082121,0.015354123398419994,-0.0003968066661641829
500,12,729,7.312139511108398,0.849776402276755,0.5195134758383042,-0.013213818470517913,-0.46313642256112847,0.008329123201531466,-0.18066762683863982,-0.32762400926000923,0.016934003679163666,-0.1485289273082121,0.015354123398419994,-0.0003968066661641829
500,12,730,7.312139511108398,0.849776402252951,0.5195134757993677,-0.013213816939689678,-0.46313642256112847,0.008329123201531466,-0.18066762683863982,-0.32762400926000923,0.016934003679163666,-0.1485289273082121,0.015354123398419994,-0.0003968066661641829
500,12,731,7.312139511108398,0.849776402252951,0.5195134757993677,-0.013213816939689678,-0.46313642256112847,0.008329123201531466,-0.18066762683863982,-0.32762400926000923,0.016934003679163666,-0.1485289273082121,0.015354123398419994,-0.0003968066661641829
500,12,732,7.312139511108398,0.849776402252951,0.5195134757993677,-0.013213816939689678,-0.46313642256112847,0.008329123201531466,-0.18066762683863982,-0.32762400926000923,0.016934003679163666,-0.1485289273082121,0.015354123398419994,-0.0003968066661641829
500,12,733,7.312139511108398,0.849776402252951,0.5195134757993677,-0.013213816939689678,-0.46313642256112847,0.008329123201531466,-0.18066762683863982,-0.32762400926000923,0.016934003679163666,-0.1485289273082121,0.015354123398419994,-0.0003968066661641829
500,12,734,7.312139511108398,0.849776402252951,0.5195134757993677,-0.013213816939689678,-0.46313642256112847,0.008329123201531466,-0.18066762683863982,-0.32762400926000923,0.016934003679163666,-0.1485289273082121,0.015354123398419994,-0.0003968066661641829
500,12,735,7.312139511108398,0.849776402252951,0.5195134757993677,-0.013213816939689678,-0.46313642256112847,0.008329123201531466,-0.18066762683863982,-0.32762400926000923,0.016934003679163666,-0.1485289273082121,0.015354123398419994,-0.0003968066661641829
500,12,736,7.312139511108398,0.849776402252951,0.5195134757993677,-0.013213816939689678,-0.46313642256112847,0.008329123201531466,-0.18066762683863982,-0.32762400926000923,0.016934003679163666,-0.1485289273082121,0.015354123398419994,-0.0003968066661641829
500,12,737,7.312139511108398,0.849776402252951,0.5195134757993677,-0.013213816939689678,-0.46313642256112847,0.008329123201531466,-0.18066762683863982,-0.32762400926000923,0.016934003679163666,-0.1485289273082121,0.015354123398419994,-0.0003968066661641829
500,12,738,7.312139511108398,0.849776402252951,0.5195134757993677,-0.013213816939689678,-0.46313642256112847,0.008329123201531466,-0.18066762683863982,-0.32762400926000923,0.016934003679163666,-0.1485289273082121,0.015354123398419994,-0.0003968066661641829
500,12,739,7.312139511108398,0.8497764568785102,0.5195134687989124,-0.013213816939689678,-0.46313642256112847,0.008329123201531466,-0.18066760670868567,-0.32762393481306074,0.016934003679163666,-0.1485289273082121,0.015354123398419994,-0.0003968066661641829
500,12,740,7.312139511108398,0.8497764569023142,0.5195134688378489,-0.013213818470517913,-0.46313642256112847,0.008329123201531466,-0.18066760670868567,-0.32762393481306074,0.016934003679163666,-0.1485289273082121,0.015354123398419994,-0.0003968066661641829
500,12,741,7.312139511108398,0.8497764569737263,0.5195134689546588,-0.01321382306300262,-0.46313642256112847,0.008329123201531466,-0.18066760670868567,-0.32762393481306074,0.016934003679163666,-0.1485289273082121,0.015354123398419994,-0.0003968066661641829
500,12,742,7.312139511108398,0.8497764570689423,0.5195134691104052,-0.013213829186315562,-0.46313642256112847,0.008329123201531466,-0.18066760670868567,-0.32762393481306074,0.016934003679163666,-0.1485289273082121,0.015354123398419994,-0.0003968066661641829
500,12,743,7.312139511108398,0.8497764571879626,0.5195134693050885,-0.013213836840456739,-0.46313642256112847,0.008329123201531466,-0.18066760670868567,-0.32762393481306074,0.016934003679163666,-0.1485289273082121,0.015354123398419994,-0.0003968066661641829
500,12,744,7.312139511108398,0.8497764572831787,0.5195134694608351,-0.01321384296376968,-0.46313642256112847,0.008329123201531466,-0.18066760670868567,-0.32762393481306074,0.016934003679163666,-0.1485289273082121,0.015354123398419994,-0.0003968066661641829
500,12,745,7.312139511108398,0.849776457354591,0.5195134695776451,-0.013213847556254385,-0.46313642256112847,0.008329123201531466,-0.18066760670868567,-0.32762393481306074,0.016934003679163666,-0.1485289273082121,0.015354123398419994,-0.0003968066661641829
500,12,746,7.312139511108398,0.8497764574021991,0.5195134696555185,-0.013213850617910857,-0.46313642256112847,0.008329123201531466,-0.18066760670868567,-0.32762393481306074,0.016934003679163666,-0.1485289273082121,0.015354123398419994,-0.0003968066661641829
500,12,747,7.312139511108398,0.849776457426003,0.5195134696944551,-0.013213852148739092,-0.46313642256112847,0.008329123201531466,-0.18066760670868567,-0.32762393481306074,0.016934003679163666,-0.1485289273082121,0.015354123398419994,-0.0003968066661641829
500,12,748,7.312139511108398,0.849776457426003,0.5195134696944551,-0.013213852148739092,-0.46313642256112847,0.008329123201531466,-0.18066760670868567,-0.32762393481306074,0.016934003679163666,-0.1485289273082121,0.015354123398419994,-0.0003968066661641829
500,12,749,7.312139511108398,0.8497764574021991,0.5195134696555185,-0.013213850617910857,-0.46313642256112847,0.008329123201531466,-0.18066760670868567,-0.32762393481306074,0.016934003679163666,-0.1485289273082121,0.015354123398419994,-0.0003968066661641829
500,12,750,7.312139511108398,0.849776457354591,0.5195134695776451,-0.013213847556254385,-0.46313642256112847,0.008329123201531466,-0.18066760670868567,-0.32762393481306074,0.016934003679163666,-0.1485289273082121,0.015354123398419994,-0.0003968066661641829
500,12,751,7.312139511108398,0.8497764573069828,0.5195134694997717,-0.013213844494597915,-0.46313642256112847,0.008329123201531466,-0.18066760670868567,-0.32762393481306074,0.016934003679163666,-0.1485289273082121,0.015354123398419994,-0.0003968066661641829
500,12,752,7.312139511108398,0.8497764572355707,0.5195134693829617,-0.013213839902113209,-0.46313642256112847,0.008329123201531466,-0.18066760670868567,-0.32762393481306074,0.016934003679163666,-0.1485289273082121,0.015354123398419994,-0.0003968066661641829
500,12,753,7.312139511108398,0.8497764571641585,0.5195134692661518,-0.013213835309628504,-0.46313642256112847,0.008329123201531466,-0.18066760670868567,-0.32762393481306074,0.016934003679163666,-0.1485289273082121,0.015354123398419994,-0.0003968066661641829
500,12,754,7.312139511108398,0.8497764570927464,0.5195134691493418,-0.013213830717143797,-0.46313642256112847,0.008329123201531466,-0.18066760670868567,-0.32762393481306074,0.016934003679163666,-0.1485289273082121,0.015354123398419994,-0.0003968066661641829
500,12,755,7.312139511108398,0.8497764570213343,0.519513469032532,-0.01321382612465909,-0.46313642256112847,0.008329123201531466,-0.18066760670868567,-0.32762393481306074,0.016934003679163666,-0.1485289273082121,0.015354123398419994,-0.0003968066661641829
500,12,756,7.312139511108398,0.8497764569737263,0.5195134689546588,-0.01321382306300262,-0.46313642256112847,0.008329123201531466,-0.18066760670868567,-0.32762393481306074,0.016934003679163666,-0.1485289273082121,0.015354123398419994,-0.0003968066661641829
500,12,757,7.312139511108398,0.8497764569737263,0.5195134689546588,-0.01321382306300262,-0.46313642256112847,0.008329123201531466,-0.18066760670868567,-0.32762393481306074,0.016934003679163666,-0.1485289273082121,0.015354123398419994,-0.0003968066661641829
500,12,758,7.312139511108398,0.8497764570213343,0.519513469032532,-0.01321382612465909,-0.46313642256112847,0.008329123201531466,-0.18066760670868567,-0.32762393481306074,0.016934003679163666,-0.1485289273082121,0.015354123398419994,-0.0003968066661641829
500,12,759,7.312139511108398,0.8497763981636328,0.5195134691104052,-0.013213829186315562,-0.46313642256112847,0.008329123201531466,-0.18066760670868567,-0.32762400926000923,0.016934003679163666,-0.1485289273082121,0.015354123398419994,-0.0003968066661641829
500,12,760,7.312139511108398,0.849776398258849,0.5195134692661518,-0.013213835309628504,-0.46313642256112847,0.008329123201531466,-0.18066760670868567,-0.32762400926000923,0.016934003679163666,-0.1485289273082121,0.015354123398419994,-0.0003968066661641829
500,12,761,7.312139511108398,0.8497763983540652,0.5195134694218984,-0.013213841432941445,-0.46313642256112847,0.008329123201531466,-0.18066760670868567,-0.32762400926000923,0.016934003679163666,-0.1485289273082121,0.015354123398419994,-0.0003968066661641829
500,12,762,7.312139511108398,0.8497763984492813,0.5195134695776451,-0.013213847556254385,-0.46313642256112847,0.008329123201531466,-0.18066760670868567,-0.32762400926000923,0.016934003679163666,-0.1485289273082121,0.015354123398419994,-0.0003968066661641829
500,12,763,7.312139511108398,0.8497763985444977,0.5195134697333919,-0.013213853679567327,-0.46313642256112847,0.008329123201531466,-0.18066760670868567,-0.32762400926000923,0.016934003679163666,-0.1485289273082121,0.015354123398419994,-0.0003968066661641829
500,12,764,7.312139511108398,0.8497763986159098,0.519513469850202,-0.013213858272052034,-0.46313642256112847,0.008329123201531466,-0.18066760670868567,-0.32762400926000923,0.016934003679163666,-0.1485289273082121,0.015354123398419994,-0.0003968066661641829
500,12,765,7.312139511108398,0.8497763986873221,0.5195134699670121,-0.01321386286453674,-0.46313642256112847,0.008329123201531466,-0.18066760670868567,-0.32762400926000923,0.016934003679163666,-0.1485289273082121,0.015354123398419994,-0.0003968066661641829
500,12,766,7.312139511108398,0.8497763987587345,0.5195134700838223,-0.013213867457021446,-0.46313642256112847,0.008329123201531466,-0.18066760670868567,-0.32762400926000923,0.016934003679163666,-0.1485289273082121,0.015354123398419994,-0.0003968066661641829
500,12,767,7.312139511108398,0.8497763988063426,0.5195134701616958,-0.013213870518677917,-0.46313642256112847,0.008329123201531466,-0.18066760670868567,-0.32762400926000923,0.016934003679163666,-0.1485289273082121,0.015354123398419994,-0.0003968066661641829
500,12,768,7.312139511108398,0.8497763988539508,0.5195134702395694,-0.013213873580334387,-0.46313642256112847,0.008329123201531466,-0.18066760670868567,-0.32762400926000923,0.016934003679163666,-0.1485289273082121,0.015354123398419994,-0.0003968066661641829
500,12,769,7.312139511108398,0.8497763989015591,0.5195134703174429,-0.01321387664199086,-0.46313642256112847,0.008329123201531466,-0.18066760670868567,-0.32762400926000923,0.016934003679163666,-0.1485289273082121,0.015354123398419994,-0.0003968066661641829
500,12,770,7.312139511108398,0.8497763989491673,0.5195134703953164,-0.01321387970364733,-0.46313642256112847,0.008329123201531466,-0.18066760670868567,-0.32762400926000923,0.016934003679163666,-0.1485289273082121,0.015354123398419994,-0.0003968066661641829
500,12,771,7.312139511108398,0.8497763989967756,0.51951347047319,-0.013213882765303801,-0.46313642256112847,0.008329123201531466,-0.18066760670868567,-0.32762400926000923,0.016934003679163666,-0.1485289273082121,0.015354123398419994,-0.0003968066661641829
500,12,772,7.312139511108398,0.8497763990205797,0.5195134705121267,-0.013213884296132036,-0.46313642256112847,0.008329123201531466,-0.18066760670868567,-0.32762400926000923,0.016934003679163666,-0.1485289273082121,0.015354123398419994,-0.0003968066661641829
500,12,773,7.312139511108398,0.8497763990443838,0.5195134705510636,-0.013213885826960271,-0.46313642256112847,0.008329123201531466,-0.18066760670868567,-0.32762400926000923,0.016934003679163666,-0.1485289273082121,0.015354123398419994,-0.0003968066661641829
500,12,774,7.312139511108398,0.8497763990681879,0.5195134705900003,-0.013213887357788506,-0.46313642256112847,0.008329123201531466,-0.18066760670868567,-0.32762400926000923,0.016934003679163666,-0.1485289273082121,0.015354123398419994,-0.0003968066661641829
500,12,775,7.312139511108398,0.8497763990919921,0.5195134706289372,-0.013213888888616741,-0.46313642256112847,0.008329123201531466,-0.18066760670868567,-0.32762400926000923,0.016934003679163666,-0.1485289273082121,0.015354123398419994,-0.0003968066661641829
500,12,776,7.312139511108398,0.8497763991157963,0.519513470667874,-0.013213890419444978,-0.46313642256112847,0.008329123201531466,-0.18066760670868567,-0.32762400926000923,0.016934003679163666,-0.1485289273082121,0.015354123398419994,-0.0003968066661641829
500,12,777,7.312139511108398,0.8497763991396003,0.5195134707068108,-0.013213891950273213,-0.46313642256112847,0.008329123201531466,-0.18066760670868567,-0.32762400926000923,0.016934003679163666,-0.1485289273082121,0.015354123398419994,-0.0003968066661641829
500,12,778,7.312139511108398,0.8497763991634045,0.5195134707457476,-0.013213893481101448,-0.46313642256112847,0.008329123201531466,-0.18066760670868567,-0.32762400926000923,0.016934003679163666,-0.1485289273082121,0.015354123398419994,-0.0003968066661641829
500,12,779,7.312139511108398,0.8497763991872086,0.5195134707846844,-0.013213895011929683,-0.46313642256112847,0.008329123201531466,-0.18066760670868567,-0.32762400926000923,0.016934003679163666,-0.1485289273082121,0.015354123398419994,-0.0003968066661641829
500,12,780,7.312139511108398,0.8497763992110129,0.5195134708236212,-0.013213896542757918,-0.46313642256112847,0.008329123201531466,-0.18066760670868567,-0.32762400926000923,0.016934003679163666,-0.1485289273082121,0.015354123398419994,-0.0003968066661641829
500,12,781,7.312139511108398,0.849776399234817,0.5195134708625581,-0.013213898073586154,-0.46313642256112847,0.008329123201531466,-0.18066760670868567,-0.32762400926000923,0.016934003679163666,-0.1485289273082121,0.015354123398419994,-0.0003968066661641829
500,12,782,7.312139511108398,0.849776399234817,0.5195134708625581,-0.013213898073586154,-0.46313642256112847,0.008329123201531466,-0.18066760670868567,-0.32762400926000923,0.016934003679163666,-0.1485289273082121,0.015354123398419994,-0.0003968066661641829
500,12,783,7.312139511108398,0.849776399234817,0.5195134708625581,-0.013213898073586154,-0.46313642256112847,0.008329123201531466,-0.18066760670868567,-0.32762400926000923,0.016934003679163666,-0.1485289273082121,0.015354123398419994,-0.0003968066661641829
500,12,784,7.312139511108398,0.849776399234817,0.5195134708625581,-0.013213898073586154,-0.46313642256112847,0.008329123201531466,-0.18066760670868567,-0.32762400926000923,0.016934003679163666,-0.1485289273082121,0.015354123398419994,-0.0003968066661641829
500,12,785,7.312139511108398,0.849776399234817,0.5195134708625581,-0.013213898073586154,-0.46313642256112847,0.008329123201531466,-0.18066760670868567,-0.32762400926000923,0.016934003679163666,-0.1485289273082121,0.015354123398419994,-0.0003968066661641829
500,12,786,7.312139511108398,0.849776399234817,0.5195134708625581,-0.013213898073586154,-0.46313642256112847,0.008329123201531466,-0.18066760670868567,-0.32762400926000923,0.016934003679163666,-0.1485289273082121,0.015354123398419994,-0.0003968066661641829
500,12,787,7.312139511108398,0.849776399234817,0.5195134708625581,-0.013213898073586154,-0.46313642256112847,0.008329123201531466,-0.18066760670868567,-0.32762400926000923,0.016934003679163666,-0.1485289273082121,0.015354123398419994,-0.0003968066661641829
500,12,788,7.312139511108398,0.849776399234817,0.5195134708625581,-0.013213898073586154,-0.46313642256112847,0.008329123201531466,-0.18066760670868567,-0.32762400926000923,0.016934003679163666,-0.1485289273082121,0.015354123398419994,-0.0003968066661641829
500,12,789,7.312139511108398,0.849776399234817,0.5195134708625581,-0.013213898073586154,-0.46313642256112847,0.008329123201531466,-0.18066760670868567,-0.32762400926000923,0.016934003679163666,-0.1485289273082121,0.015354123398419994,-0.0003968066661641829
500,12,790,7.312139511108398,0.849776399234817,0.5195134708625581,-0.013213898073586154,-0.46313642256112847,0.008329123201531466,-0.18066760670868567,-0.32762400926000923,0.016934003679163666,-0.1485289273082121,0.015354123398419994,-0.0003968066661641829
500,12,791,7.312139511108398,0.849776399234817,0.5195134708625581,-0.013213898073586154,-0.46313642256112847,0.008329123201531466,-0.18066760670868567,-0.32762400926000923,0.016934003679163666,-0.1485289273082121,0.015354123398419994,-0.0003968066661641829
500,12,792,7.312139511108398,0.849776399234817,0.5195134708625581,-0.013213898073586154,-0.46313642256112847,0.008329123201531466,-0.18066760670868567,-0.32762400926000923,0.016934003679163666,-0.1485289273082121,0.015354123398419994,-0.0003968066661641829
500,12,793,7.312139511108398,0.849776399234817,0.5195134708625581,-0.013213898073586154,-0.46313642256112847,0.008329123201531466,-0.18066760670868567,-0.32762400926000923,0.016934003679163666,-0.1485289273082121,0.015354123398419994,-0.0003968066661641829
500,12,794,7.312139511108398,0.849776399234817,0.5195134708625581,-0.013213898073586154,-0.46313642256112847,0.008329123201531466,-0.18066760670868567,-0.32762400926000923,0.016934003679163666,-0.1485289273082121,0.015354123398419994,-0.0003968066661641829
500,12,795,7.312139511108398,0.849776399234817,0.5195134708625581,-0.013213898073586154,-0.46313642256112847,0.008329123201531466,-0.18066760670868567,-0.32762400926000923,0.016934003679163666,-0.1485289273082121,0.015354123398419994,-0.0003968066661641829
500,12,796,7.312139511108398,0.849776399234817,0.5195134708625581,-0.013213898073586154,-0.46313642256112847,0.008329123201531466,-0.18066760670868567,-0.32762400926000923,0.016934003679163666,-0.1485289273082121,0.015354123398419994,-0.0003968066661641829
500,12,797,7.312139511108398,0.849776399234817,0.5195134708625581,-0.013213898073586154,-0.46313642256112847,0.008329123201531466,-0.18066760670868567,-0.32762400926000923,0.016934003679163666,-0.1485289273082121,0.015354123398419994,-0.0003968066661641829
500,12,798,7.312139511108398,0.849776399234817,0.5195134708625581,-0.013213898073586154,-0.46313642256112847,0.008329123201531466,-0.18066760670868567,-0.32762400926000923,0.016934003679163666,-0.1485289273082121,0.015354123398419994,-0.0003968066661641829
500,12,799,7.312139511108398,0.849776399234817,0.5195134708625581,-0.013213898073586154,-0.46313642256112847,0.008329123201531466,-0.18066760670868567,-0.32762400926000923,0.016934003679163666,-0.1485289273082121,0.015354123398419994,-0.0003968066661641829
500,12,800,7.312139511108398,0.849776399234817,0.5195134708625581,-0.013213898073586154,-0.46313642256112847,0.008329123201531466,-0.18066760670868567,-0.32762400926000923,0.016934003679163666,-0.1485289273082121,0.015354123398419994,-0.0003968066661641829
500,12,801,7.312139511108398,0.849776399234817,0.5195134708625581,-0.013213898073586154,-0.46313642256112847,0.008329123201531466,-0.18066760670868567,-0.32762400926000923,0.016934003679163666,-0.1485289273082121,0.015354123398419994,-0.0003968066661641829
500,12,802,7.312139511108398,0.849776399234817,0.5195134708625581,-0.013213898073586154,-0.46313642256112847,0.008329123201531466,-0.18066760670868567,-0.32762400926000923,0.016934003679163666,-0.1485289273082121,0.015354123398419994,-0.0003968066661641829
500,12,803,7.312139511108398,0.849776399234817,0.5195134708625581,-0.013213898073586154,-0.46313642256112847,0.008329123201531466,-0.18066760670868567,-0.32762400926000923,0.016934003679163666,-0.1485289273082121,0.015354123398419994,-0.0003968066661641829
500,12,804,7.312139511108398,0.849776399234817,0.5195134708625581,-0.013213898073586154,-0.46313642256112847,0.008329123201531466,-0.18066760670868567,-0.32762400926000923,0.016934003679163666,-0.1485289273082121,0.015354123398419994,-0.0003968066661641829
500,12,805,7.312139511108398,0.849776399234817,0.5195134708625581,-0.013213898073586154,-0.46313642256112847,0.008329123201531466,-0.18066760670868567,-0.32762400926000923,0.016934003679163666,-0.1485289273082121,0.015354123398419994,-0.0003968066661641829
500,12,806,7.312139511108398,0.849776399234817,0.5195134708625581,-0.013213898073586154,-0.46313642256112847,0.008329123201531466,-0.18066760670868567,-0.32762400926000923,0.016934003679163666,-0.1485289273082121,0.015354123398419994,-0.0003968066661641829
500,12,807,7.312139511108398,0.849776399234817,0.5195134708625581,-0.013213898073586154,-0.46313642256112847,0.008329123201531466,-0.18066760670868567,-0.32762400926000923,0.016934003679163666,-0.1485289273082121,0.015354123398419994,-0.0003968066661641829
500,12,808,7.312139511108398,0.849776399234817,0.5195134708625581,-0.013213898073586154,-0.46313642256112847,0.008329123201531466,-0.18066760670868567,-0.32762400926000923,0.016934003679163666,-0.1485289273082121,0.015354123398419994,-0.0003968066661641829
500,12,809,7.312139511108398,0.849776399234817,0.5195134708625581,-0.013213898073586154,-0.46313642256112847,0.008329123201531466,-0.18066760670868567,-0.32762400926000923,0.016934003679163666,-0.1485289273082121,0.015354123398419994,-0.0003968066661641829
500,12,810,7.312139511108398,0.849776399234817,0.5195134708625581,-0.013213898073586154,-0.46313642256112847,0.008329123201531466,-0.18066760670868567,-0.32762400926000923,0.016934003679163666,-0.1485289273082121,0.015354123398419994,-0.0003968066661641829
500,12,811,7.312139511108398,0.849776399234817,0.5195134708625581,-0.013213898073586154,-0.46313642256112847,0.008329123201531466,-0.18066760670868567,-0.32762400926000923,0.016934003679163666,-0.1485289273082121,0.015354123398419994,-0.0003968066661641829
500,12,812,7.312139511108398,0.849776399234817,0.5195134708625581,-0.013213898073586154,-0.46313642256112847,0.008329123201531466,-0.18066760670868567,-0.32762400926000923,0.016934003679163666,-0.1485289273082121,0.015354123398419994,-0.0003968066661641829
500,12,813,7.312139511108398,0.849776399234817,0.5195134708625581,-0.013213898073586154,-0.46313642256112847,0.008329123201531466,-0.18066760670868567,-0.32762400926000923,0.016934003679163666,-0.1485289273082121,0.015354123398419994,-0.0003968066661641829
500,12,814,7.312139511108398,0.849776399234817,0.5195134708625581,-0.013213898073586154,-0.46313642256112847,0.008329123201531466,-0.18066760670868567,-0.32762400926000923,0.016934003679163666,-0.1485289273082121,0.015354123398419994,-0.0003968066661641829
500,12,815,7.312139511108398,0.849776399234817,0.5195134708625581,-0.013213898073586154,-0.46313642256112847,0.008329123201531466,-0.18066760670868567,-0.32762400926000923,0.016934003679163666,-0.1485289273082121,0.015354123398419994,-0.0003968066661641829
500,12,816,7.312139511108398,0.849776399234817,0.5195134708625581,-0.013213898073586154,-0.46313642256112847,0.008329123201531466,-0.18066760670868567,-0.32762400926000923,0.016934003679163666,-0.1485289273082121,0.015354123398419994,-0.0003968066661641829
500,12,817,7.312139511108398,0.849776399234817,0.5195134708625581,-0.013213898073586154,-0.46313642256112847,0.008329123201531466,-0.18066760670868567,-0.32762400926000923,0.016934003679163666,-0.1485289273082121,0.015354123398419994,-0.0003968066661641829
500,12,818,7.312139511108398,0.849776399234817,0.5195134708625581,-0.013213898073586154,-0.46313642256112847,0.008329123201531466,-0.18066760670868567,-0.32762400926000923,0.016934003679163666,-0.1485289273082121,0.015354123398419994,-0.0003968066661641829
500,12,819,7.312139511108398,0.849776399234817,0.5195134708625581,-0.013213898073586154,-0.46313642256112847,0.008329123201531466,-0.18066760670868567,-0.32762400926000923,0.016934003679163666,-0.1485289273082121,0.015354123398419994,-0.0003968066661641829
500,12,820,7.312139511108398,0.849776399234817,0.5195134708625581,-0.013213898073586154,-0.46313642256112847,0.008329123201531466,-0.18066760670868567,-0.32762400926000923,0.016934003679163666,-0.1485289273082121,0.015354123398419994,-0.0003968066661641829
500,12,821,7.312139511108398,0.849776399234817,0.5195134708625581,-0.013213898073586154,-0.46313642256112847,0.008329123201531466,-0.18066760670868567,-0.32762400926000923,0.016934003679163666,-0.1485289273082121,0.015354123398419994,-0.0003968066661641829
500,12,822,7.312139511108398,0.849776399234817,0.5195134708625581,-0.013213898073586154,-0.46313642256112847,0.008329123201531466,-0.18066760670868567,-0.32762400926000923,0.016934003679163666,-0.1485289273082121,0.015354123398419994,-0.0003968066661641829
500,12,823,7.312139511108398,0.849776399234817,0.5195134708625581,-0.013213898073586154,-0.46313642256112847,0.008329123201531466,-0.18066760670868567,-0.32762400926000923,0.016934003679163666,-0.1485289273082121,0.015354123398419994,-0.0003968066661641829
500,12,824,7.312139511108398,0.849776399234817,0.5195134708625581,-0.013213898073586154,-0.46313642256112847,0.008329123201531466,-0.18066760670868567,-0.32762400926000923,0.016934003679163666,-0.1485289273082121,0.015354123398419994,-0.0003968066661641829
500,12,825,7.312139511108398,0.849776399234817,0.5195134708625581,-0.013213898073586154,-0.46313642256112847,0.008329123201531466,-0.18066760670868567,-0.32762400926000923,0.016934003679163666,-0.1485289273082121,0.015354123398419994,-0.0003968066661641829
500,12,826,7.312139511108398,0.849776399234817,0.5195134708625581,-0.013213898073586154,-0.46313642256112847,0.008329123201531466,-0.18066760670868567,-0.32762400926000923,0.016934003679163666,-0.1485289273082121,0.015354123398419994,-0.0003968066661641829
500,12,827,7.312139511108398,0.849776399234817,0.5195134708625581,-0.013213898073586154,-0.46313642256112847,0.008329123201531466,-0.18066760670868567,-0.32762400926000923,0.016934003679163666,-0.1485289273082121,0.015354123398419994,-0.0003968066661641829
500,12,828,7.312139511108398,0.849776399234817,0.5195134708625581,-0.013213898073586154,-0.46313642256112847,0.008329123201531466,-0.18066760670868567,-0.32762400926000923,0.016934003679163666,-0.1485289273082121,0.015354123398419994,-0.0003968066661641829
500,12,829,7.312139511108398,0.849776399234817,0.5195134708625581,-0.013213898073586154,-0.46313642256112847,0.008329123201531466,-0.18066760670868567,-0.32762400926000923,0.016934003679163666,-0.1485289273082121,0.015354123398419994,-0.0003968066661641829
500,12,830,7.312139511108398,0.849776399234817,0.5195134708625581,-0.013213898073586154,-0.46313642256112847,0.008329123201531466,-0.18066760670868567,-0.32762400926000923,0.016934003679163666,-0.1485289273082121,0.015354123398419994,-0.0003968066661641829
500,12,831,7.312139511108398,0.849776399234817,0.5195134708625581,-0.013213898073586154,-0.46313642256112847,0.008329123201531466,-0.18066760670868567,-0.32762400926000923,0.016934003679163666,-0.1485289273082121,0.015354123398419994,-0.0003968066661641829
500,12,832,7.312139511108398,0.849776399234817,0.5195134708625581,-0.013213898073586154,-0.46313642256112847,0.008329123201531466,-0.18066760670868567,-0.32762400926000923,0.016934003679163666,-0.1485289273082121,0.015354123398419994,-0.0003968066661641829
500,12,833,7.312139511108398,0.849776399234817,0.5195134708625581,-0.013213898073586154,-0.46313642256112847,0.008329123201531466,-0.18066760670868567,-0.32762400926000923,0.016934003679163666,-0.1485289273082121,0.015354123398419994,-0.0003968066661641829
500,12,834,7.312139511108398,0.849776399234817,0.5195134708625581,-0.013213898073586154,-0.46313642256112847,0.008329123201531466,-0.18066760670868567,-0.32762400926000923,0.016934003679163666,-0.1485289273082121,0.015354123398419994,-0.0003968066661641829
500,12,835,7.312139511108398,0.849776399234817,0.5195134708625581,-0.013213898073586154,-0.46313642256112847,0.008329123201531466,-0.18066760670868567,-0.32762400926000923,0.016934003679163666,-0.1485289273082121,0.015354123398419994,-0.0003968066661641829
500,12,836,7.312139511108398,0.849776399234817,0.5195134708625581,-0.013213898073586154,-0.46313642256112847,0.008329123201531466,-0.18066760670868567,-0.32762400926000923,0.016934003679163666,-0.1485289273082121,0.015354123398419994,-0.0003968066661641829
500,12,837,7.312139511108398,0.849776399234817,0.5195134708625581,-0.013213898073586154,-0.46313642256112847,0.008329123201531466,-0.18066760670868567,-0.32762400926000923,0.016934003679163666,-0.1485289273082121,0.015354123398419994,-0.0003968066661641829
500,12,838,7.312139511108398,0.849776399234817,0.5195134708625581,-0.013213898073586154,-0.46313642256112847,0.008329123201531466,-0.18066760670868567,-0.32762400926000923,0.016934003679163666,-0.1485289273082121,0.015354123398419994,-0.0003968066661641829
500,12,839,7.312139511108398,0.849776399234817,0.5195134708625581,-0.013213898073586154,-0.46313642256112847,0.008329123201531466,-0.18066760670868567,-0.32762400926000923,0.016934003679163666,-0.1485289273082121,0.015354123398419994,-0.0003968066661641829
500,12,840,7.312139511108398,0.849776399234817,0.5195134708625581,-0.013213898073586154,-0.46313642256112847,0.008329123201531466,-0.18066760670868567,-0.32762400926000923,0.016934003679163666,-0.1485289273082121,0.015354123398419994,-0.0003968066661641829
500,12,841,7.312139511108398,0.849776399234817,0.5195134708625581,-0.013213898073586154,-0.46313642256112847,0.008329123201531466,-0.18066760670868567,-0.32762400926000923,0.016934003679163666,-0.1485289273082121,0.015354123398419994,-0.0003968066661641829
500,12,842,7.312139511108398,0.849776399234817,0.5195134708625581,-0.013213898073586154,-0.46313642256112847,0.008329123201531466,-0.18066760670868567,-0.32762400926000923,0.016934003679163666,-0.1485289273082121,0.015354123398419994,-0.0003968066661641829
500,12,843,7.312139511108398,0.849776399234817,0.5195134708625581,-0.013213898073586154,-0.46313642256112847,0.008329123201531466,-0.18066760670868567,-0.32762400926000923,0.016934003679163666,-0.1485289273082121,0.015354123398419994,-0.0003968066661641829
500,12,844,7.312139511108398,0.849776399234817,0.5195134708625581,-0.013213898073586154,-0.46313642256112847,0.008329123201531466,-0.18066760670868567,-0.32762400926000923,0.016934003679163666,-0.1485289273082121,0.015354123398419994,-0.0003968066661641829
500,12,845,7.312139511108398,0.849776399234817,0.5195134708625581,-0.013213898073586154,-0.46313642256112847,0.008329123201531466,-0.18066760670868567,-0.32762400926000923,0.016934003679163666,-0.1485289273082121,0.015354123398419994,-0.0003968066661641829
500,12,846,7.312139511108398,0.849776399234817,0.5195134708625581,-0.013213898073586154,-0.46313642256112847,0.008329123201531466,-0.18066760670868567,-0.32762400926000923,0.016934003679163666,-0.1485289273082121,0.015354123398419994,-0.0003968066661641829
500,12,847,7.312139511108398,0.849776399234817,0.5195134708625581,-0.013213898073586154,-0.46313642256112847,0.008329123201531466,-0.18066760670868567,-0.32762400926000923,0.016934003679163666,-0.1485289273082121,0.015354123398419994,-0.0003968066661641829
500,12,848,7.312139511108398,0.849776399234817,0.5195134708625581,-0.013213898073586154,-0.46313642256112847,0.008329123201531466,-0.18066760670868567,-0.32762400926000923,0.016934003679163666,-0.1485289273082121,0.015354123398419994,-0.0003968066661641829
500,12,849,7.312139511108398,0.849776399234817,0.5195134708625581,-0.013213898073586154,-0.46313642256112847,0.008329123201531466,-0.18066760670868567,-0.32762400926000923,0.016934003679163666,-0.1485289273082121,0.015354123398419994,-0.0003968066661641829
500,12,850,7.312139511108398,0.849776399234817,0.5195134708625581,-0.013213898073586154,-0.46313642256112847,0.008329123201531466,-0.18066760670868567,-0.32762400926000923,0.016934003679163666,-0.1485289273082121,0.015354123398419994,-0.0003968066661641829
500,12,851,7.312139511108398,0.849776399234817,0.5195134708625581,-0.013213898073586154,-0.46313642256112847,0.008329123201531466,-0.18066760670868567,-0.32762400926000923,0.016934003679163666,-0.1485289273082121,0.015354123398419994,-0.0003968066661641829
500,12,852,7.312139511108398,0.849776399234817,0.5195134708625581,-0.013213898073586154,-0.46313642256112847,0.008329123201531466,-0.18066760670868567,-0.32762400926000923,0.016934003679163666,-0.1485289273082121,0.015354123398419994,-0.0003968066661641829
500,12,853,7.312139511108398,0.849776399234817,0.5195134708625581,-0.013213898073586154,-0.46313642256112847,0.008329123201531466,-0.18066760670868567,-0.32762400926000923,0.016934003679163666,-0.1485289273082121,0.015354123398419994,-0.0003968066661641829
500,12,854,7.312139511108398,0.849776399234817,0.5195134708625581,-0.013213898073586154,-0.46313642256112847,0.008329123201531466,-0.18066760670868567,-0.32762400926000923,0.016934003679163666,-0.1485289273082121,0.015354123398419994,-0.0003968066661641829
500,12,855,7.312139511108398,0.849776399234817,0.5195134708625581,-0.013213898073586154,-0.46313642256112847,0.008329123201531466,-0.18066760670868567,-0.32762400926000923,0.016934003679163666,-0.1485289273082121,0.015354123398419994,-0.0003968066661641829
500,12,856,7.312139511108398,0.849776399234817,0.5195134708625581,-0.013213898073586154,-0.46313642256112847,0.008329123201531466,-0.18066760670868567,-0.32762400926000923,0.016934003679163666,-0.1485289273082121,0.015354123398419994,-0.0003968066661641829
500,12,857,7.312139511108398,0.849776399234817,0.5195134708625581,-0.013213898073586154,-0.46313642256112847,0.008329123201531466,-0.18066760670868567,-0.32762400926000923,0.016934003679163666,-0.1485289273082121,0.015354123398419994,-0.0003968066661641829
500,12,858,7.312139511108398,0.849776399234817,0.5195134708625581,-0.013213898073586154,-0.46313642256112847,0.008329123201531466,-0.18066760670868567,-0.32762400926000923,0.016934003679163666,-0.1485289273082121,0.015354123398419994,-0.0003968066661641829
500,12,859,7.312139511108398,0.849776399234817,0.5195134708625581,-0.013213898073586154,-0.46313642256112847,0.008329123201531466,-0.18066760670868567,-0.32762400926000923,0.016934003679163666,-0.1485289273082121,0.015354123398419994,-0.0003968066661641829
500,12,860,7.312139511108398,0.849776399234817,0.5195134708625581,-0.013213898073586154,-0.46313642256112847,0.008329123201531466,-0.18066760670868567,-0.32762400926000923,0.016934003679163666,-0.1485289273082121,0.015354123398419994,-0.0003968066661641829
500,12,861,7.312139511108398,0.849776399234817,0.5195134708625581,-0.013213898073586154,-0.46313642256112847,0.008329123201531466,-0.18066760670868567,-0.32762400926000923,0.016934003679163666,-0.1485289273082121,0.015354123398419994,-0.0003968066661641829
500,12,862,7.312139511108398,0.849776399234817,0.5195134708625581,-0.013213898073586154,-0.46313642256112847,0.008329123201531466,-0.18066760670868567,-0.32762400926000923,0.016934003679163666,-0.1485289273082121,0.015354123398419994,-0.0003968066661641829
500,12,863,7.312139511108398,0.849776399234817,0.5195134708625581,-0.013213898073586154,-0.46313642256112847,0.008329123201531466,-0.18066760670868567,-0.32762400926000923,0.016934003679163666,-0.1485289273082121,0.015354123398419994,-0.0003968066661641829
500,12,864,7.312139511108398,0.849776399234817,0.5195134708625581,-0.013213898073586154,-0.46313642256112847,0.008329123201531466,-0.18066760670868567,-0.32762400926000923,0.016934003679163666,-0.1485289273082121,0.015354123398419994,-0.0003968066661641829
500,12,865,7.312139511108398,0.849776399234817,0.5195134708625581,-0.013213898073586154,-0.46313642256112847,0.008329123201531466,-0.18066760670868567,-0.32762400926000923,0.016934003679163666,-0.1485289273082121,0.015354123398419994,-0.0003968066661641829
500,12,866,7.312139511108398,0.849776399234817,0.5195134708625581,-0.013213898073586154,-0.46313642256112847,0.008329123201531466,-0.18066760670868567,-0.32762400926000923,0.016934003679163666,-0.1485289273082121,0.015354123398419994,-0.0003968066661641829
500,12,867,7.312139511108398,0.849776399234817,0.5195134708625581,-0.013213898073586154,-0.46313642256112847,0.008329123201531466,-0.18066760670868567,-0.32762400926000923,0.016934003679163666,-0.1485289273082121,0.015354123398419994,-0.0003968066661641829
500,12,868,7.312139511108398,0.849776399234817,0.5195134708625581,-0.013213898073586154,-0.46313642256112847,0.008329123201531466,-0.18066760670868567,-0.32762400926000923,0.016934003679163666,-0.1485289273082121,0.015354123398419994,-0.0003968066661641829
500,12,869,7.312139511108398,0.849776399234817,0.5195134708625581,-0.013213898073586154,-0.46313642256112847,0.008329123201531466,-0.18066760670868567,-0.32762400926000923,0.016934003679163666,-0.1485289273082121,0.015354123398419994,-0.0003968066661641829
500,12,870,7.312139511108398,0.849776399234817,0.5195134708625581,-0.013213898073586154,-0.46313642256112847,0.008329123201531466,-0.18066760670868567,-0.32762400926000923,0.016934003679163666,-0.1485289273082121,0.015354123398419994,-0.0003968066661641829
500,12,871,7.312139511108398,0.849776399234817,0.5195134708625581,-0.013213898073586154,-0.46313642256112847,0.008329123201531466,-0.18066760670868567,-0.32762400926000923,0.016934003679163666,-0.1485289273082121,0.015354123398419994,-0.0003968066661641829
500,12,872,7.312139511108398,0.849776399234817,0.5195134708625581,-0.013213898073586154,-0.46313642256112847,0.008329123201531466,-0.18066760670868567,-0.32762400926000923,0.016934003679163666,-0.1485289273082121,0.015354123398419994,-0.0003968066661641829
500,12,873,7.312139511108398,0.849776399234817,0.5195134708625581,-0.013213898073586154,-0.46313642256112847,0.008329123201531466,-0.18066760670868567,-0.32762400926000923,0.016934003679163666,-0.1485289273082121,0.015354123398419994,-0.0003968066661641829
500,12,874,7.312139511108398,0.849776399234817,0.5195134708625581,-0.013213898073586154,-0.46313642256112847,0.008329123201531466,-0.18066760670868567,-0.32762400926000923,0.016934003679163666,-0.1485289273082121,0.015354123398419994,-0.0003968066661641829
500,12,875,7.312139511108398,0.849776399234817,0.5195134708625581,-0.013213898073586154,-0.46313642256112847,0.008329123201531466,-0.18066760670868567,-0.32762400926000923,0.016934003679163666,-0.1485289273082121,0.015354123398419994,-0.0003968066661641829
500,12,876,7.312139511108398,0.849776399234817,0.5195134708625581,-0.013213898073586154,-0.46313642256112847,0.008329123201531466,-0.18066760670868567,-0.32762400926000923,0.016934003679163666,-0.1485289273082121,0.015354123398419994,-0.0003968066661641829
500,12,877,7.312139511108398,0.849776399234817,0.5195134708625581,-0.013213898073586154,-0.46313642256112847,0.008329123201531466,-0.18066760670868567,-0.32762400926000923,0.016934003679163666,-0.1485289273082121,0.015354123398419994,-0.0003968066661641829
500,12,878,7.312139511108398,0.849776399234817,0.5195134708625581,-0.013213898073586154,-0.46313642256112847,0.008329123201531466,-0.18066760670868567,-0.32762400926000923,0.016934003679163666,-0.1485289273082121,0.015354123398419994,-0.0003968066661641829
500,12,879,7.312139511108398,0.849776399234817,0.5195134708625581,-0.013213898073586154,-0.46313642256112847,0.008329123201531466,-0.18066760670868567,-0.32762400926000923,0.016934003679163666,-0.1485289273082121,0.015354123398419994,-0.0003968066661641829
500,12,880,7.312139511108398,0.849776399234817,0.5195134708625581,-0.013213898073586154,-0.46313642256112847,0.008329123201531466,-0.18066760670868567,-0.32762400926000923,0.016934003679163666,-0.1485289273082121,0.015354123398419994,-0.0003968066661641829
500,12,881,7.312139511108398,0.849776399234817,0.5195134708625581,-0.013213898073586154,-0.46313642256112847,0.008329123201531466,-0.18066760670868567,-0.32762400926000923,0.016934003679163666,-0.1485289273082121,0.015354123398419994,-0.0003968066661641829
500,12,882,7.312139511108398,0.849776399234817,0.5195134708625581,-0.013213898073586154,-0.46313642256112847,0.008329123201531466,-0.18066760670868567,-0.32762400926000923,0.016934003679163666,-0.1485289273082121,0.015354123398419994,-0.0003968066661641829
500,12,883,7.312139511108398,0.849776399234817,0.5195134708625581,-0.013213898073586154,-0.46313642256112847,0.008329123201531466,-0.18066760670868567,-0.32762400926000923,0.016934003679163666,-0.1485289273082121,0.015354123398419994,-0.0003968066661641829
500,12,884,7.312139511108398,0.849776399234817,0.5195134708625581,-0.013213898073586154,-0.46313642256112847,0.008329123201531466,-0.18066760670868567,-0.32762400926000923,0.016934003679163666,-0.1485289273082121,0.015354123398419994,-0.0003968066661641829
500,12,885,7.312139511108398,0.849776399234817,0.5195134708625581,-0.013213898073586154,-0.46313642256112847,0.008329123201531466,-0.18066760670868567,-0.32762400926000923,0.016934003679163666,-0.1485289273082121,0.015354123398419994,-0.0003968066661641829
500,12,886,7.312139511108398,0.849776399234817,0.5195134708625581,-0.013213898073586154,-0.46313642256112847,0.008329123201531466,-0.18066760670868567,-0.32762400926000923,0.016934003679163666,-0.1485289273082121,0.015354123398419994,-0.0003968066661641829
500,12,887,7.312139511108398,0.849776399234817,0.5195134708625581,-0.013213898073586154,-0.46313642256112847,0.008329123201531466,-0.18066760670868567,-0.32762400926000923,0.016934003679163666,-0.1485289273082121,0.015354123398419994,-0.0003968066661641829
500,12,888,7.312139511108398,0.849776399234817,0.5195134708625581,-0.013213898073586154,-0.46313642256112847,0.008329123201531466,-0.18066760670868567,-0.32762400926000923,0.016934003679163666,-0.1485289273082121,0.015354123398419994,-0.0003968066661641829
500,12,889,7.312139511108398,0.849776399234817,0.5195134708625581,-0.013213898073586154,-0.46313642256112847,0.008329123201531466,-0.18066760670868567,-0.32762400926000923,0.016934003679163666,-0.1485289273082121,0.015354123398419994,-0.0003968066661641829
500,12,890,7.312139511108398,0.849776399234817,0.5195134708625581,-0.013213898073586154,-0.46313642256112847,0.008329123201531466,-0.18066760670868567,-0.32762400926000923,0.016934003679163666,-0.1485289273082121,0.015354123398419994,-0.0003968066661641829
500,12,891,7.312139511108398,0.849776399234817,0.5195134708625581,-0.013213898073586154,-0.46313642256112847,0.008329123201531466,-0.18066760670868567,-0.32762400926000923,0.016934003679163666,-0.1485289273082121,0.015354123398419994,-0.0003968066661641829
500,12,892,7.312139511108398,0.849776399234817,0.5195134708625581,-0.013213898073586154,-0.46313642256112847,0.008329123201531466,-0.18066760670868567,-0.32762400926000923,0.016934003679163666,-0.1485289273082121,0.015354123398419994,-0.0003968066661641829
500,12,893,7.312139511108398,0.849776399234817,0.5195134708625581,-0.013213898073586154,-0.46313642256112847,0.008329123201531466,-0.18066760670868567,-0.32762400926000923,0.016934003679163666,-0.1485289273082121,0.015354123398419994,-0.0003968066661641829
500,12,894,7.312139511108398,0.849776399234817,0.5195134708625581,-0.013213898073586154,-0.46313642256112847,0.008329123201531466,-0.18066760670868567,-0.32762400926000923,0.016934003679163666,-0.1485289273082121,0.015354123398419994,-0.0003968066661641829
500,12,895,7.312139511108398,0.849776399234817,0.5195134708625581,-0.013213898073586154,-0.46313642256112847,0.008329123201531466,-0.18066760670868567,-0.32762400926000923,0.016934003679163666,-0.1485289273082121,0.015354123398419994,-0.0003968066661641829
500,12,896,7.312139511108398,0.849776399234817,0.5195134708625581,-0.013213898073586154,-0.46313642256112847,0.008329123201531466,-0.18066760670868567,-0.32762400926000923,0.016934003679163666,-0.1485289273082121,0.015354123398419994,-0.0003968066661641829
500,12,897,7.312139511108398,0.849776399234817,0.5195134708625581,-0.013213898073586154,-0.46313642256112847,0.008329123201531466,-0.18066760670868567,-0.32762400926000923,0.016934003679163666,-0.1485289273082121,0.015354123398419994,-0.0003968066661641829
500,12,898,7.312139511108398,0.849776399234817,0.5195134708625581,-0.013213898073586154,-0.46313642256112847,0.008329123201531466,-0.18066760670868567,-0.32762400926000923,0.016934003679163666,-0.1485289273082121,0.015354123398419994,-0.0003968066661641829
500,12,899,7.312139511108398,0.849776399234817,0.5195134708625581,-0.013213898073586154,-0.46313642256112847,0.008329123201531466,-0.18066760670868567,-0.32762400926000923,0.016934003679163666,-0.1485289273082121,0.015354123398419994,-0.0003968066661641829
500,12,900,7.312139511108398,0.849776399234817,0.5195134708625581,-0.013213898073586154,-0.46313642256112847,0.008329123201531466,-0.18066760670868567,-0.32762400926000923,0.016934003679163666,-0.1485289273082121,0.015354123398419994,-0.0003968066661641829
500,12,901,7.312139511108398,0.849776399234817,0.5195134708625581,-0.013213898073586154,-0.46313642256112847,0.008329123201531466,-0.18066760670868567,-0.32762400926000923,0.016934003679163666,-0.1485289273082121,0.015354123398419994,-0.0003968066661641829
500,12,902,7.312139511108398,0.849776399234817,0.5195134708625581,-0.013213898073586154,-0.46313642256112847,0.008329123201531466,-0.18066760670868567,-0.32762400926000923,0.016934003679163666,-0.1485289273082121,0.015354123398419994,-0.0003968066661641829
500,12,903,7.312139511108398,0.849776399234817,0.5195134708625581,-0.013213898073586154,-0.46313642256112847,0.008329123201531466,-0.18066760670868567,-0.32762400926000923,0.016934003679163666,-0.1485289273082121,0.015354123398419994,-0.0003968066661641829
500,12,904,7.312139511108398,0.849776399234817,0.5195134708625581,-0.013213898073586154,-0.46313642256112847,0.008329123201531466,-0.18066760670868567,-0.32762400926000923,0.016934003679163666,-0.1485289273082121,0.015354123398419994,-0.0003968066661641829
500,12,905,7.312139511108398,0.849776399234817,0.5195134708625581,-0.013213898073586154,-0.46313642256112847,0.008329123201531466,-0.18066760670868567,-0.32762400926000923,0.016934003679163666,-0.1485289273082121,0.015354123398419994,-0.0003968066661641829
500,12,906,7.312139511108398,0.849776399234817,0.5195134708625581,-0.013213898073586154,-0.46313642256112847,0.008329123201531466,-0.18066760670868567,-0.32762400926000923,0.016934003679163666,-0.1485289273082121,0.015354123398419994,-0.0003968066661641829
500,12,907,7.312139511108398,0.849776399234817,0.5195134708625581,-0.013213898073586154,-0.46313642256112847,0.008329123201531466,-0.18066760670868567,-0.32762400926000923,0.016934003679163666,-0.1485289273082121,0.015354123398419994,-0.0003968066661641829
500,12,908,7.312139511108398,0.849776399234817,0.5195134708625581,-0.013213898073586154,-0.46313642256112847,0.008329123201531466,-0.18066760670868567,-0.32762400926000923,0.016934003679163666,-0.1485289273082121,0.015354123398419994,-0.0003968066661641829
500,12,909,7.312139511108398,0.849776399234817,0.5195134708625581,-0.013213898073586154,-0.46313642256112847,0.008329123201531466,-0.18066760670868567,-0.32762400926000923,0.016934003679163666,-0.1485289273082121,0.015354123398419994,-0.0003968066661641829
500,12,910,7.312139511108398,0.849776399234817,0.5195134708625581,-0.013213898073586154,-0.46313642256112847,0.008329123201531466,-0.18066760670868567,-0.32762400926000923,0.016934003679163666,-0.1485289273082121,0.015354123398419994,-0.0003968066661641829
500,12,911,7.312139511108398,0.849776399234817,0.5195134708625581,-0.013213898073586154,-0.46313642256112847,0.008329123201531466,-0.18066760670868567,-0.32762400926000923,0.016934003679163666,-0.1485289273082121,0.015354123398419994,-0.0003968066661641829
500,12,912,7.312139511108398,0.849776399234817,0.5195134708625581,-0.013213898073586154,-0.46313642256112847,0.008329123201531466,-0.18066760670868567,-0.32762400926000923,0.016934003679163666,-0.1485289273082121,0.015354123398419994,-0.0003968066661641829
500,12,913,7.312139511108398,0.849776399234817,0.5195134708625581,-0.013213898073586154,-0.46313642256112847,0.008329123201531466,-0.18066760670868567,-0.32762400926000923,0.016934003679163666,-0.1485289273082121,0.015354123398419994,-0.0003968066661641829
500,12,914,7.312139511108398,0.849776399234817,0.5195134708625581,-0.013213898073586154,-0.46313642256112847,0.008329123201531466,-0.18066760670868567,-0.32762400926000923,0.016934003679163666,-0.1485289273082121,0.015354123398419994,-0.0003968066661641829
500,12,915,7.312139511108398,0.849776399234817,0.5195134708625581,-0.013213898073586154,-0.46313642256112847,0.008329123201531466,-0.18066760670868567,-0.32762400926000923,0.016934003679163666,-0.1485289273082121,0.015354123398419994,-0.0003968066661641829
500,12,916,7.312139511108398,0.849776399234817,0.5195134708625581,-0.013213898073586154,-0.46313642256112847,0.008329123201531466,-0.18066760670868567,-0.32762400926000923,0.016934003679163666,-0.1485289273082121,0.015354123398419994,-0.0003968066661641829
500,12,917,7.312139511108398,0.849776399234817,0.5195134708625581,-0.013213898073586154,-0.46313642256112847,0.008329123201531466,-0.18066760670868567,-0.32762400926000923,0.016934003679163666,-0.1485289273082121,0.015354123398419994,-0.0003968066661641829
500,12,918,7.312139511108398,0.849776399234817,0.5195134708625581,-0.013213898073586154,-0.46313642256112847,0.008329123201531466,-0.18066760670868567,-0.32762400926000923,0.016934003679163666,-0.1485289273082121,0.015354123398419994,-0.0003968066661641829
500,12,919,7.312139511108398,0.849776399234817,0.5195134708625581,-0.013213898073586154,-0.46313642256112847,0.008329123201531466,-0.18066760670868567,-0.32762400926000923,0.016934003679163666,-0.1485289273082121,0.015354123398419994,-0.0003968066661641829
500,12,920,7.312139511108398,0.849776399234817,0.5195134708625581,-0.013213898073586154,-0.46313642256112847,0.008329123201531466,-0.18066760670868567,-0.32762400926000923,0.016934003679163666,-0.1485289273082121,0.015354123398419994,-0.0003968066661641829
500,12,921,7.312139511108398,0.849776399234817,0.5195134708625581,-0.013213898073586154,-0.46313642256112847,0.008329123201531466,-0.18066760670868567,-0.32762400926000923,0.016934003679163666,-0.1485289273082121,0.015354123398419994,-0.0003968066661641829
500,12,922,7.312139511108398,0.849776399234817,0.5195134708625581,-0.013213898073586154,-0.46313642256112847,0.008329123201531466,-0.18066760670868567,-0.32762400926000923,0.016934003679163666,-0.1485289273082121,0.015354123398419994,-0.0003968066661641829
500,12,923,7.312139511108398,0.849776399234817,0.5195134708625581,-0.013213898073586154,-0.46313642256112847,0.008329123201531466,-0.18066760670868567,-0.32762400926000923,0.016934003679163666,-0.1485289273082121,0.015354123398419994,-0.0003968066661641829
500,12,924,7.312139511108398,0.849776399234817,0.5195134708625581,-0.013213898073586154,-0.46313642256112847,0.008329123201531466,-0.18066760670868567,-0.32762400926000923,0.016934003679163666,-0.1485289273082121,0.015354123398419994,-0.0003968066661641829
500,12,925,7.312139511108398,0.849776399234817,0.5195134708625581,-0.013213898073586154,-0.46313642256112847,0.008329123201531466,-0.18066760670868567,-0.32762400926000923,0.016934003679163666,-0.1485289273082121,0.015354123398419994,-0.0003968066661641829
500,12,926,7.312139511108398,0.849776399234817,0.5195134708625581,-0.013213898073586154,-0.46313642256112847,0.008329123201531466,-0.18066760670868567,-0.32762400926000923,0.016934003679163666,-0.1485289273082121,0.015354123398419994,-0.0003968066661641829
500,12,927,7.312139511108398,0.849776399234817,0.5195134708625581,-0.013213898073586154,-0.46313642256112847,0.008329123201531466,-0.18066760670868567,-0.32762400926000923,0.016934003679163666,-0.1485289273082121,0.015354123398419994,-0.0003968066661641829
500,12,928,7.312139511108398,0.849776399234817,0.5195134708625581,-0.013213898073586154,-0.46313642256112847,0.008329123201531466,-0.18066760670868567,-0.32762400926000923,0.016934003679163666,-0.1485289273082121,0.015354123398419994,-0.0003968066661641829
500,12,929,7.312139511108398,0.849776399234817,0.5195134708625581,-0.013213898073586154,-0.46313642256112847,0.008329123201531466,-0.18066760670868567,-0.32762400926000923,0.016934003679163666,-0.1485289273082121,0.015354123398419994,-0.0003968066661641829
500,12,930,7.312139511108398,0.849776399234817,0.5195134708625581,-0.013213898073586154,-0.46313642256112847,0.008329123201531466,-0.18066760670868567,-0.32762400926000923,0.016934003679163666,-0.1485289273082121,0.015354123398419994,-0.0003968066661641829
500,12,931,7.312139511108398,0.849776399234817,0.5195134708625581,-0.013213898073586154,-0.46313642256112847,0.008329123201531466,-0.18066760670868567,-0.32762400926000923,0.016934003679163666,-0.1485289273082121,0.015354123398419994,-0.0003968066661641829
500,12,932,7.312139511108398,0.849776399234817,0.5195134708625581,-0.013213898073586154,-0.46313642256112847,0.008329123201531466,-0.18066760670868567,-0.32762400926000923,0.016934003679163666,-0.1485289273082121,0.015354123398419994,-0.0003968066661641829
500,12,933,7.312139511108398,0.849776399234817,0.5195134708625581,-0.013213898073586154,-0.46313642256112847,0.008329123201531466,-0.18066760670868567,-0.32762400926000923,0.016934003679163666,-0.1485289273082121,0.015354123398419994,-0.0003968066661641829
500,12,934,7.312139511108398,0.849776399234817,0.5195134708625581,-0.013213898073586154,-0.46313642256112847,0.008329123201531466,-0.18066760670868567,-0.32762400926000923,0.016934003679163666,-0.1485289273082121,0.015354123398419994,-0.0003968066661641829
500,12,935,7.312139511108398,0.8497763992440258,0.5195134708625581,-0.013213898073586154,-0.46313642256112847,0.008329122531021544,-0.18066760670868567,-0.32762400926000923,0.016934003679163666,-0.1485289273082121,0.015354123398419994,-0.0003968066661641829
500,12,936,7.312139511108398,0.84977639926783,0.5195134709014949,-0.01321389960441439,-0.46313642256112847,0.008329122531021544,-0.18066760670868567,-0.32762400926000923,0.016934003679163666,-0.1485289273082121,0.015354123398419994,-0.0003968066661641829
500,12,937,7.312139511108398,0.8497763993154382,0.5195134709793685,-0.01321390266607086,-0.46313642256112847,0.008329122531021544,-0.18066760670868567,-0.32762400926000923,0.016934003679163666,-0.1485289273082121,0.015354123398419994,-0.0003968066661641829
500,12,938,7.312139511108398,0.8497763993868508,0.5195134710961791,-0.013213907258555566,-0.46313642256112847,0.008329122531021544,-0.18066760670868567,-0.32762400926000923,0.016934003679163666,-0.1485289273082121,0.015354123398419994,-0.0003968066661641829
500,12,939,7.312139511108398,0.8497763994582633,0.5195134712129897,-0.013213911851040273,-0.46313642256112847,0.008329122531021544,-0.18066760670868567,-0.32762400926000923,0.016934003679163666,-0.1485289273082121,0.015354123398419994,-0.0003968066661641829
500,12,940,7.312139511108398,0.84977639955348,0.5195134713687373,-0.013213917974353215,-0.46313642256112847,0.008329122531021544,-0.18066760670868567,-0.32762400926000923,0.016934003679163666,-0.1485289273082121,0.015354123398419994,-0.0003968066661641829
500,12,941,7.312139511108398,0.8497763996725011,0.5195134715634218,-0.013213925628494392,-0.46313642256112847,0.008329122531021544,-0.18066760670868567,-0.32762400926000923,0.016934003679163666,-0.1485289273082121,0.015354123398419994,-0.0003968066661641829
500,12,942,7.312139511108398,0.8497763997915221,0.5195134717581064,-0.013213933282635568,-0.46313642256112847,0.008329122531021544,-0.18066760670868567,-0.32762400926000923,0.016934003679163666,-0.1485289273082121,0.015354123398419994,-0.0003968066661641829
500,12,943,7.312139511108398,0.8497763999105432,0.5195134719527911,-0.013213940936776745,-0.46313642256112847,0.008329122531021544,-0.18066760670868567,-0.32762400926000923,0.016934003679163666,-0.1485289273082121,0.015354123398419994,-0.0003968066661641829
500,12,944,7.312139511108398,0.8497764000057602,0.5195134721085389,-0.013213947060089687,-0.46313642256112847,0.008329122531021544,-0.18066760670868567,-0.32762400926000923,0.016934003679163666,-0.1485289273082121,0.015354123398419994,-0.0003968066661641829
500,12,945,7.312139511108398,0.8497764000771729,0.5195134722253499,-0.013213951652574392,-0.46313642256112847,0.008329122531021544,-0.18066760670868567,-0.32762400926000923,0.016934003679163666,-0.1485289273082121,0.015354123398419994,-0.0003968066661641829
500,12,946,7.312139511108398,0.8497764001009771,0.5195134722642869,-0.013213953183402629,-0.46313642256112847,0.008329122531021544,-0.18066760670868567,-0.32762400926000923,0.016934003679163666,-0.1485289273082121,0.015354123398419994,-0.0003968066661641829
500,12,947,7.312139511108398,0.8497764001009771,0.5195134722642869,-0.013213953183402629,-0.46313642256112847,0.008329122531021544,-0.18066760670868567,-0.32762400926000923,0.016934003679163666,-0.1485289273082121,0.015354123398419994,-0.0003968066661641829
500,12,948,7.312139511108398,0.8497764000771729,0.5195134722253499,-0.013213951652574392,-0.46313642256112847,0.008329122531021544,-0.18066760670868567,-0.32762400926000923,0.016934003679163666,-0.1485289273082121,0.015354123398419994,-0.0003968066661641829
500,12,949,7.312139511108398,0.8497764000295643,0.5195134721474759,-0.013213948590917922,-0.46313642256112847,0.008329122531021544,-0.18066760670868567,-0.32762400926000923,0.016934003679163666,-0.1485289273082121,0.015354123398419994,-0.0003968066661641829
500,12,950,7.312139511108398,0.8497763999819559,0.519513472069602,-0.013213945529261452,-0.46313642256112847,0.008329122531021544,-0.18066760670868567,-0.32762400926000923,0.016934003679163666,-0.1485289273082121,0.015354123398419994,-0.0003968066661641829
500,12,951,7.312139511108398,0.8497763999105432,0.5195134719527911,-0.013213940936776745,-0.46313642256112847,0.008329122531021544,-0.18066760670868567,-0.32762400926000923,0.016934003679163666,-0.1485289273082121,0.015354123398419994,-0.0003968066661641829
500,12,952,7.312139511108398,0.8497763998391304,0.5195134718359803,-0.013213936344292038,-0.46313642256112847,0.008329122531021544,-0.18066760670868567,-0.32762400926000923,0.016934003679163666,-0.1485289273082121,0.015354123398419994,-0.0003968066661641829
500,12,953,7.312139511108398,0.8497763997677178,0.5195134717191695,-0.013213931751807333,-0.46313642256112847,0.008329122531021544,-0.18066760670868567,-0.32762400926000923,0.016934003679163666,-0.1485289273082121,0.015354123398419994,-0.0003968066661641829
500,12,954,7.312139511108398,0.8497763997201094,0.5195134716412956,-0.013213928690150862,-0.46313642256112847,0.008329122531021544,-0.18066760670868567,-0.32762400926000923,0.016934003679163666,-0.1485289273082121,0.015354123398419994,-0.0003968066661641829
500,12,955,7.312139511108398,0.8497763996725011,0.5195134715634218,-0.013213925628494392,-0.46313642256112847,0.008329122531021544,-0.18066760670868567,-0.32762400926000923,0.016934003679163666,-0.1485289273082121,0.015354123398419994,-0.0003968066661641829
500,12,956,7.312139511108398,0.8497763996486968,0.5195134715244848,-0.013213924097666155,-0.46313642256112847,0.008329122531021544,-0.18066760670868567,-0.32762400926000923,0.016934003679163666,-0.1485289273082121,0.015354123398419994,-0.0003968066661641829
500,12,957,7.312139511108398,0.8497763996486968,0.5195134715244848,-0.013213924097666155,-0.46313642256112847,0.008329122531021544,-0.18066760670868567,-0.32762400926000923,0.016934003679163666,-0.1485289273082121,0.015354123398419994,-0.0003968066661641829
500,12,958,7.312139511108398,0.8497763996725011,0.5195134715634218,-0.013213925628494392,-0.46313642256112847,0.008329122531021544,-0.18066760670868567,-0.32762400926000923,0.016934003679163666,-0.1485289273082121,0.015354123398419994,-0.0003968066661641829
500,12,959,7.312139511108398,0.8497763997201094,0.5195134716412956,-0.013213928690150862,-0.46313642256112847,0.008329122531021544,-0.18066760670868567,-0.32762400926000923,0.016934003679163666,-0.1485289273082121,0.015354123398419994,-0.0003968066661641829
500,12,960,7.312139511108398,0.8497763997677178,0.5195134717191695,-0.013213931751807333,-0.46313642256112847,0.008329122531021544,-0.18066760670868567,-0.32762400926000923,0.016934003679163666,-0.1485289273082121,0.015354123398419994,-0.0003968066661641829
500,12,961,7.312139511108398,0.8497763998153263,0.5195134717970433,-0.013213934813463803,-0.46313642256112847,0.008329122531021544,-0.18066760670868567,-0.32762400926000923,0.016934003679163666,-0.1485289273082121,0.015354123398419994,-0.0003968066661641829
500,12,962,7.312139511108398,0.8497763998391304,0.5195134718359803,-0.013213936344292038,-0.46313642256112847,0.008329122531021544,-0.18066760670868567,-0.32762400926000923,0.016934003679163666,-0.1485289273082121,0.015354123398419994,-0.0003968066661641829
500,12,963,7.312139511108398,0.8497763998629347,0.5195134718749173,-0.013213937875120273,-0.46313642256112847,0.008329122531021544,-0.18066760670868567,-0.32762400926000923,0.016934003679163666,-0.1485289273082121,0.015354123398419994,-0.0003968066661641829
500,12,964,7.312139511108398,0.849776399886739,0.5195134719138541,-0.01321393940594851,-0.46313642256112847,0.008329122531021544,-0.18066760670868567,-0.32762400926000923,0.016934003679163666,-0.1485289273082121,0.015354123398419994,-0.0003968066661641829
500,12,965,7.312139511108398,0.8497763999105432,0.5195134719527911,-0.013213940936776745,-0.46313642256112847,0.008329122531021544,-0.18066760670868567,-0.32762400926000923,0.016934003679163666,-0.1485289273082121,0.015354123398419994,-0.0003968066661641829
500,12,966,7.312139511108398,0.8497763999343474,0.519513471991728,-0.01321394246760498,-0.46313642256112847,0.008329122531021544,-0.18066760670868567,-0.32762400926000923,0.016934003679163666,-0.1485289273082121,0.015354123398419994,-0.0003968066661641829
500,12,967,7.312139511108398,0.8497763999343474,0.519513471991728,-0.01321394246760498,-0.46313642256112847,0.008329122531021544,-0.18066760670868567,-0.32762400926000923,0.016934003679163666,-0.1485289273082121,0.015354123398419994,-0.0003968066661641829
500,12,968,7.312139511108398,0.8497763999105432,0.5195134719527911,-0.013213940936776745,-0.46313642256112847,0.008329122531021544,-0.18066760670868567,-0.32762400926000923,0.016934003679163666,-0.1485289273082121,0.015354123398419994,-0.0003968066661641829
500,12,969,7.312139511108398,0.849776399886739,0.5195134719138541,-0.01321393940594851,-0.46313642256112847,0.008329122531021544,-0.18066760670868567,-0.32762400926000923,0.016934003679163666,-0.1485289273082121,0.015354123398419994,-0.0003968066661641829
500,12,970,7.312139511108398,0.8497763998629347,0.5195134718749173,-0.013213937875120273,-0.46313642256112847,0.008329122531021544,-0.18066760670868567,-0.32762400926000923,0.016934003679163666,-0.1485289273082121,0.015354123398419994,-0.0003968066661641829
500,12,971,7.312139511108398,0.8497763998391304,0.5195134718359803,-0.013213936344292038,-0.46313642256112847,0.008329122531021544,-0.18066760670868567,-0.32762400926000923,0.016934003679163666,-0.1485289273082121,0.015354123398419994,-0.0003968066661641829
500,12,972,7.312139511108398,0.8497763998153263,0.5195134717970433,-0.013213934813463803,-0.46313642256112847,0.008329122531021544,-0.18066760670868567,-0.32762400926000923,0.016934003679163666,-0.1485289273082121,0.015354123398419994,-0.0003968066661641829
500,12,973,7.312139511108398,0.8497763997915221,0.5195134717581064,-0.013213933282635568,-0.46313642256112847,0.008329122531021544,-0.18066760670868567,-0.32762400926000923,0.016934003679163666,-0.1485289273082121,0.015354123398419994,-0.0003968066661641829
500,12,974,7.312139511108398,0.8497763997677178,0.5195134717191695,-0.013213931751807333,-0.46313642256112847,0.008329122531021544,-0.18066760670868567,-0.32762400926000923,0.016934003679163666,-0.1485289273082121,0.015354123398419994,-0.0003968066661641829
500,12,975,7.312139511108398,0.8497763997439136,0.5195134716802325,-0.013213930220979097,-0.46313642256112847,0.008329122531021544,-0.18066760670868567,-0.32762400926000923,0.016934003679163666,-0.1485289273082121,0.015354123398419994,-0.0003968066661641829
500,12,976,7.312139511108398,0.8497763997439136,0.5195134716802325,-0.013213930220979097,-0.46313642256112847,0.008329122531021544,-0.18066760670868567,-0.32762400926000923,0.016934003679163666,-0.1485289273082121,0.015354123398419994,-0.0003968066661641829
500,12,977,7.312139511108398,0.8497763997439136,0.5195134716802325,-0.013213930220979097,-0.46313642256112847,0.008329122531021544,-0.18066760670868567,-0.32762400926000923,0.016934003679163666,-0.1485289273082121,0.015354123398419994,-0.0003968066661641829
500,12,978,7.312139511108398,0.8497763997439136,0.5195134716802325,-0.013213930220979097,-0.46313642256112847,0.008329122531021544,-0.18066760670868567,-0.32762400926000923,0.016934003679163666,-0.1485289273082121,0.015354123398419994,-0.0003968066661641829
500,12,979,7.312139511108398,0.8497763997439136,0.5195134716802325,-0.013213930220979097,-0.46313642256112847,0.008329122531021544,-0.18066760670868567,-0.32762400926000923,0.016934003679163666,-0.1485289273082121,0.015354123398419994,-0.0003968066661641829
500,12,980,7.312139511108398,0.8497763997439136,0.5195134716802325,-0.013213930220979097,-0.46313642256112847,0.008329122531021544,-0.18066760670868567,-0.32762400926000923,0.016934003679163666,-0.1485289273082121,0.015354123398419994,-0.0003968066661641829
500,12,981,7.312139511108398,0.8497763997439136,0.5195134716802325,-0.013213930220979097,-0.46313642256112847,0.008329122531021544,-0.18066760670868567,-0.32762400926000923,0.016934003679163666,-0.1485289273082121,0.015354123398419994,-0.0003968066661641829
500,12,982,7.312139511108398,0.8497763997439136,0.5195134716802325,-0.013213930220979097,-0.46313642256112847,0.008329122531021544,-0.18066760670868567,-0.32762400926000923,0.016934003679163666,-0.1485289273082121,0.015354123398419994,-0.0003968066661641829
500,12,983,7.312139511108398,0.8497763997439136,0.5195134716802325,-0.013213930220979097,-0.46313642256112847,0.008329122531021544,-0.18066760670868567,-0.32762400926000923,0.016934003679163666,-0.1485289273082121,0.015354123398419994,-0.0003968066661641829
500,12,984,7.312139511108398,0.8497763997439136,0.5195134716802325,-0.013213930220979097,-0.46313642256112847,0.008329122531021544,-0.18066760670868567,-0.32762400926000923,0.016934003679163666,-0.1485289273082121,0.015354123398419994,-0.0003968066661641829
500,12,985,7.312139511108398,0.8497763997439136,0.5195134716802325,-0.013213930220979097,-0.46313642256112847,0.008329122531021544,-0.18066760670868567,-0.32762400926000923,0.016934003679163666,-0.1485289273082121,0.015354123398419994,-0.0003968066661641829
500,12,986,7.312139511108398,0.8497763997439136,0.5195134716802325,-0.013213930220979097,-0.46313642256112847,0.008329122531021544,-0.18066760670868567,-0.32762400926000923,0.016934003679163666,-0.1485289273082121,0.015354123398419994,-0.0003968066661641829
500,12,987,7.312139511108398,0.8497763997439136,0.5195134716802325,-0.013213930220979097,-0.46313642256112847,0.008329122531021544,-0.18066760670868567,-0.32762400926000923,0.016934003679163666,-0.1485289273082121,0.015354123398419994,-0.0003968066661641829
500,12,988,7.312139511108398,0.8497763997439136,0.5195134716802325,-0.013213930220979097,-0.46313642256112847,0.008329122531021544,-0.18066760670868567,-0.32762400926000923,0.016934003679163666,-0.1485289273082121,0.015354123398419994,-0.0003968066661641829
500,12,989,7.312139511108398,0.8497763997439136,0.5195134716802325,-0.013213930220979097,-0.46313642256112847,0.008329122531021544,-0.18066760670868567,-0.32762400926000923,0.016934003679163666,-0.1485289273082121,0.015354123398419994,-0.0003968066661641829
500,12,990,7.312139511108398,0.8497763997439136,0.5195134716802325,-0.013213930220979097,-0.46313642256112847,0.008329122531021544,-0.18066760670868567,-0.32762400926000923,0.016934003679163666,-0.1485289273082121,0.015354123398419994,-0.0003968066661641829
500,12,991,7.312139511108398,0.8497763997439136,0.5195134716802325,-0.013213930220979097,-0.46313642256112847,0.008329122531021544,-0.18066760670868567,-0.32762400926000923,0.016934003679163666,-0.1485289273082121,0.015354123398419994,-0.0003968066661641829
500,12,992,7.312139511108398,0.8497763997439136,0.5195134716802325,-0.013213930220979097,-0.46313642256112847,0.008329122531021544,-0.18066760670868567,-0.32762400926000923,0.016934003679163666,-0.1485289273082121,0.015354123398419994,-0.0003968066661641829
500,12,993,7.312139511108398,0.8497763997439136,0.5195134716802325,-0.013213930220979097,-0.46313642256112847,0.008329122531021544,-0.18066760670868567,-0.32762400926000923,0.016934003679163666,-0.1485289273082121,0.015354123398419994,-0.0003968066661641829
500,12,994,7.312139511108398,0.8497763997439136,0.5195134716802325,-0.013213930220979097,-0.46313642256112847,0.008329122531021544,-0.18066760670868567,-0.32762400926000923,0.016934003679163666,-0.1485289273082121,0.015354123398419994,-0.0003968066661641829
500,12,995,7.312139511108398,0.8497763997439136,0.5195134716802325,-0.013213930220979097,-0.46313642256112847,0.008329122531021544,-0.18066760670868567,-0.32762400926000923,0.016934003679163666,-0.1485289273082121,0.015354123398419994,-0.0003968066661641829
500,12,996,7.312139511108398,0.8497763997439136,0.5195134716802325,-0.013213930220979097,-0.46313642256112847,0.008329122531021544,-0.18066760670868567,-0.32762400926000923,0.016934003679163666,-0.1485289273082121,0.015354123398419994,-0.0003968066661641829
500,12,997,7.312139511108398,0.8497763997439136,0.5195134716802325,-0.013213930220979097,-0.46313642256112847,0.008329122531021544,-0.18066760670868567,-0.32762400926000923,0.016934003679163666,-0.1485289273082121,0.015354123398419994,-0.0003968066661641829
500,12,998,7.312139511108398,0.8497763997439136,0.5195134716802325,-0.013213930220979097,-0.46313642256112847,0.008329122531021544,-0.18066760670868567,-0.32762400926000923,0.016934003679163666,-0.1485289273082121,0.015354123398419994,-0.0003968066661641829
500,12,999,7.312139511108398,0.8497763997439136,0.5195134716802325,-0.013213930220979097,-0.46313642256112847,0.008329122531021544,-0.18066760670868567,-0.32762400926000923,0.016934003679163666,-0.1485289273082121,0.015354123398419994,-0.0003968066661641829
500,12,1000,7.312139511108398,0.8497763997439136,0.5195134716802325,-0.013213930220979097,-0.46313642256112847,0.008329122531021544,-0.18066760670868567,-0.32762400926000923,0.016934003679163666,-0.1485289273082121,0.015354123398419994,-0.0003968066661641829
