checkpoint_epoch,seed,epoch,pde_loss,coefficient_error,spurious_l2,xi_u,xi_u_x,xi_u_xx,xi_u^2,xi_u*u_x,xi_u*u_xx,xi_u_x^2,xi_u_x*u_xx,xi_u_xx^2
50,11,0,25.879507064819336,1.0742850545212848,0.4288953269526455,0.16134669686751413,-0.13702826454991887,0.0017374638258227666,0.3729058121097428,-0.015213903094448566,-0.00910234780164852,-0.0001304427201676633,0.00028809815857205396,4.636394535131574e-05
50,11,1,25.820796966552734,1.0700587268427015,0.41713720876150645,0.17816447553142936,-0.1402220725691845,0.0015288347923211759,0.3500365701860557,-0.014768532772753362,-0.008537831561977877,-0.00023379260827704373,0.00029902171289757947,4.2988219432690404e-05
50,11,2,25.767744064331055,1.0669981868298841,0.40774125331986083,0.1947841513514749,-0.14339045721262028,0.0013252849415940613,0.3281570666099998,-0.014158503583412368,-0.007997704475042706,-0.00034867105259829936,0.0003066366119091256,3.97621392899329e-05
50,11,3,25.72005271911621,1.0648188401872183,0.400585027126618,0.21099313654465937,-0.1465080236592924,0.0011338349116996914,0.30729357948576513,-0.01358484081271311,-0.007482529632883313,-0.0004762921034832745,0.00031440332486364173,3.668826036504961e-05
50,11,4,25.677335739135742,1.0633731673429008,0.3954087969179709,0.22649603107655977,-0.14954141027225457,0.0009656936146670434,0.28746416842465145,-0.013059236060651387,-0.006992672496350369,-0.0006167901606295559,0.0003225420514812205,3.3767938209764704e-05
50,11,5,25.639127731323242,1.0624841186441834,0.39180146445593156,0.2409081194749856,-0.15244793700013226,0.0008351907469712676,0.26867818986471853,-0.012580724865273068,-0.00652828939276054,-0.0007701909212403222,0.00033105698675145673,3.100131227078666e-05
50,11,6,25.604875564575195,1.061939439240214,0.38921784694138917,0.25377956669281976,-0.15517544356604507,0.0007541342116690509,0.25093619170549236,-0.012146550906366928,-0.006089330130065666,-0.0009364930078314845,0.0003399218933725651,2.8387331833381893e-05
50,11,7,25.57402992248535,1.0615097961187,0.3870414573227557,0.2646613897381875,-0.15766466904228174,0.0007254529792898172,0.23423003974631745,-0.011753851812925948,-0.005675541133855768,-0.0011156917179573596,0.00034910941703369643,2.5923799801155333e-05
50,11,8,25.54610252380371,1.0609815012183934,0.38468304513179824,0.2731967779480886,-0.15985472487205313,0.0007435570109509892,0.21854346558588286,-0.011400035343328606,-0.005286478518204923,-0.001307789094094355,0.0003585968452172221,2.360746998445169e-05
50,11,9,25.520689010620117,1.0601901380768652,0.38167693047613116,0.27919609891018127,-0.16169169941151787,0.0007994396018079877,0.20385280417927643,-0.011082820404986298,-0.004921530044692338,-0.00151280166605154,0.0003683671993853736,2.143416546791029e-05
50,11,10,25.497461318969727,1.059039278132087,0.3777336086067626,0.28265867599236116,-0.1631378145331324,0.0008844073378988983,0.19012808963703678,-0.010800269069677917,-0.004579939172758754,-0.0017307642984262029,0.00037840911086812475,1.9398929407487067e-05
50,11,11,25.476158142089844,1.0574986351486313,0.3727360967139853,0.2837398589136857,-0.16417770770279363,0.000991252430471963,0.17733419317032284,-0.01055074255246481,-0.004260830155730533,-0.001961734750551182,0.00038871627476987157,1.749617258452976e-05
50,11,12,25.456565856933594,1.055588241834918,0.3666999881163352,0.282692582778921,-0.16481926007182585,0.001114165902312561,0.16543175030549614,-0.010332894208336331,-0.003963233921094486,-0.002205793771493768,0.0003992870528106539,1.5719822581326537e-05
50,11,13,25.438522338867188,1.0533594734176588,0.3597261650820882,0.2798137888400611,-0.16508965590131855,0.0012483255919682134,0.1543785622425241,-0.010145646521188132,-0.003686115519274215,-0.0024630483300183935,0.0004101237286534464,1.4063450256027623e-05
50,11,14,25.42189598083496,1.0508791062115486,0.35196186893173215,0.2754079615440404,-0.165029290850958,0.0013894923963346816,0.1441302912659168,-0.009988188102384528,-0.003428392945648169,-0.002733629334612972,0.0004212322596799223,1.2520410000090441e-05
50,11,15,25.40657615661621,1.048218825016009,0.34357583431879934,0.26976858380098634,-0.16468596581681966,0.0015337008657926832,0.13464150386113224,-0.009859935672548694,-0.003188959360987635,-0.00301769391346256,0.00043262183018682754,1.1083949187731032e-05
50,11,16,25.39246368408203,1.0454490856622487,0.3347444227146098,0.26317132054228004,-0.1641107179165373,0.0016770480379146165,0.12586646095427745,-0.009760518053895382,-0.002966702959142468,-0.003315422564482276,0.00044430405706842477,9.747305464325312e-06
50,11,17,25.37946891784668,1.0426357313254104,0.32564437035325683,0.25587291606083035,-0.1633553457316408,0.001815587115974238,0.11775972903081042,-0.009689776170230913,-0.0027605187308023782,-0.0036270193453151077,0.00045629318839588215,8.503787009340108e-06
50,11,18,25.367494583129883,1.0398382856149222,0.31644910048143704,0.24811234679169625,-0.16247119096532225,0.0019453399042086896,0.11027675964465429,-0.00964771102203449,-0.0025693225800104747,-0.003952706743391165,0.0004686048622960917,7.3468536100008716e-06
50,11,19,25.356441497802734,1.0371088941135411,0.30732598010642226,0.24011169842777763,-0.161508510234722,0.0020624363936347376,0.1033743214159005,-0.009634489689333439,-0.002392062565090721,-0.004292727575905734,0.0004812560573068217,6.270158008862218e-06
50,11,20,25.346210479736328,1.0344916264972643,0.2984333760432119,0.2320757900130906,-0.16051601819259081,0.0021633670424271246,0.09701087934586529,-0.009650415317327032,-0.0022277246498201182,-0.004647336439918037,0.0004942647448627862,5.267603060743663e-06
50,11,21,25.33669090270996,1.032021793367244,0.2899164638455225,0.22418966789793662,-0.15954023076467955,0.0022452942792323166,0.09114675286502984,-0.009695907106802388,-0.002075338977434726,-0.005016798572364394,0.0005076491446229353,4.3333636226199005e-06
50,11,22,25.32779312133789,1.0297255617133805,0.28190276518288365,0.21661527269927794,-0.15862444669177822,0.0023063291877485808,0.08574433183189195,-0.00977149231030082,-0.0019339847068426351,-0.005401381870150405,0.0005214275258910667,3.4619145240361755e-06
50,11,23,25.319421768188477,1.0276197454668345,0.2744971221061236,0.20948702866183522,-0.15780735785810562,0.0023456805744295197,0.08076818716652412,-0.00987778722301293,-0.0018027907968747219,-0.0058013504302255586,0.0005356175622328106,2.6480431335267685e-06
50,11,24,25.311492919921875,1.0257120654487064,0.26777760677569434,0.20290817230241065,-0.15712156443671202,0.0023636437767482485,0.07618500763139748,-0.010015478173673714,-0.0016809371826607756,-0.006216959989635908,0.0005502360336065464,1.8868526015617105e-06
50,11,25,25.303951263427734,1.0240017916123123,0.26179277894270214,0.19694832154640207,-0.1565920424433884,0.0023614531499016123,0.07196367885535192,-0.010185324526000166,-0.0015676546449210399,-0.006648444245682082,0.0005652983795597767,1.1737672316772673e-06
50,11,26,25.2967472076416,1.0224807602060113,0.25656071277169706,0.1916426487330089,-0.15623519190679622,0.0023410678694217903,0.06807518323656725,-0.010388122661439885,-0.0014622237642985434,-0.007096006876011457,0.000580817954556419,5.045270080033688e-07
50,11,27,25.289844512939453,1.0211346400414287,0.2520701531320556,0.18699327147011305,-0.1560583990267273,0.0023049550912947196,0.06449253672338719,-0.010624703978212668,-0.0013639737449829702,-0.007559809758754223,0.0005968057797525685,-1.2481739583405958e-07
50,11,28,25.28322982788086,1.0199442706860693,0.24828328408360548,0.1829721847067311,-0.15606035979625968,0.002255909018897619,0.06119066237596714,-0.01089592388603924,-0.0012722798005414852,-0.008039957772698956,0.0006132697983237892,-7.179137121651935e-07
50,11,29,25.276891708374023,1.0188870165838417,0.24513990991672954,0.17952572149281282,-0.15623192713034184,0.002196919710984614,0.05814635875668617,-0.011202635793681914,-0.0011865613240003116,-0.008536484357459403,0.0006302145279511833,-1.2781171493928856e-06
50,11,30,25.270830154418945,1.0179379858405553,0.24256236330561387,0.176579915915179,-0.15655731968972783,0.002131076552965263,0.05533809973608944,-0.011545679103194132,-0.0011062800579263081,-0.009049334793667612,0.0006476402665038345,-1.8085009822405104e-06
50,11,31,25.265037536621094,1.0170710964991747,0.24046062808324764,0.17404607904726993,-0.15701555914408108,0.002061493800773175,0.05274599234677083,-0.011925857199377929,-0.001030937088132418,-0.009578346443202171,0.0006655428438145717,-2.3118675220326277e-06
50,11,32,25.259521484375,1.0162600925582652,0.2387377080398664,0.17182690116830807,-0.15758189791677946,0.0019912403216355654,0.05035161873543272,-0.012343902433011754,-0.0009600709484050172,-0.010123227469434004,0.0006839124798484813,-2.7907603537517016e-06
50,11,33,25.25428581237793,1.015479456142022,0.23729481575977682,0.169822466270892,-0.15822916126503214,0.0019232564332584564,0.0481379518706512,-0.012800462114141584,-0.0008932563134193259,-0.010683534037489723,0.0007027334371889771,-3.247472646089044e-06
50,11,34,25.249326705932617,1.0147052517442932,0.23603608917364943,0.1679357277689515,-0.15892904176850295,0.0018602573751052023,0.04608925017758267,-0.013296061494350317,-0.0008300998160687299,-0.011258645234541316,0.0007219833260099373,-3.6840608326262375e-06
50,11,35,25.244640350341797,1.013915977730591,0.23487310035452044,0.16607783384301272,-0.1596532986349465,0.0018046237226498848,0.04419093109961159,-0.013831066749027182,-0.0007702407010070733,-0.011847738750087065,0.0007416324090478438,-4.102352313833573e-06
50,11,36,25.24022674560547,1.0130933115496392,0.23372860660797395,0.16417247542797983,-0.16037489989605255,0.0017582970866170716,0.04242953948876254,-0.014405642957241088,-0.0007133475569371902,-0.012449760476302672,0.0007616429065739195,-4.503957618120202e-06
50,11,37,25.236080169677734,1.012222749005854,0.23253965572700003,0.1621594322665702,-0.16106916460328988,0.0017226874702797237,0.040792597460156954,-0.015019725087843674,-0.0006591170748805463,-0.013063394868383626,0.0007819682517214196,-4.890279319937591e-06
50,11,38,25.23220443725586,1.0112940770666492,0.23125968554582924,0.15999692859145545,-0.16171473369437384,0.0016986199532732593,0.03926858595308682,-0.015672956970237777,-0.0006072732639264864,-0.013687043664791,0.0008025525940371585,-5.262522173987981e-06
50,11,39,25.228588104248047,1.0103016016052981,0.22985955381421386,0.15766271072453866,-0.16229443615844816,0.0016863216345704263,0.037846844633985834,-0.016364640269937933,-0.0005575654252511242,-0.01431878788769037,0.0008233301540984956,-5.621699601117804e-06
50,11,40,25.225244522094727,1.0092440763585728,0.22832743765796848,0.1551538340631437,-0.1627959172437992,0.0016854503890247371,0.036517532384444405,-0.017093715479465494,-0.00050976779266908,-0.014956373403118605,0.0008442251242236404,-5.968648686946215e-06
50,11,41,25.22217559814453,1.0081244458951224,0.2266676836131198,0.1524853098158067,-0.16321198111660914,0.0016951570436805987,0.035271558813768866,-0.017858669874261695,-0.0004636777680692879,-0.0155971767213789,0.0008651504273504708,-6.304031397970106e-06
50,11,42,25.219388961791992,1.0069493047599554,0.22489884049824374,0.14968792474327325,-0.16354059086095601,0.0017141728909298194,0.03410056845418746,-0.018657530509333237,-0.00041911598676922554,-0.016238204997040775,0.0008860089085128678,-6.628352417771e-06
50,11,43,25.216890335083008,1.0057282230900015,0.2230508514704933,0.14680502089089092,-0.16378464003964485,0.001740904973706882,0.032996880175806625,-0.019487796186666306,-0.00037592497775321116,-0.016876086909045417,0.0009066926398128532,-6.941968470486843e-06
50,11,44,25.214685440063477,1.0044729495422193,0.221161922310731,0.14388894953517378,-0.1639514387060779,0.0017735369665521296,0.031953455577022914,-0.020346435454268143,-0.0003339680199733902,-0.017507068100758347,0.0009270836650932994,-7.245094806705416e-06
50,11,45,25.2127685546875,1.0031966275668978,0.21927511705304517,0.14099722440498727,-0.16405189483056629,0.0018101225955177347,0.030963888447993672,-0.02122984058412362,-0.00029312901164127593,-0.018127056779442718,0.0009470556878627362,-7.537826687986284e-06
50,11,46,25.211139678955078,1.0019129763511219,0.21743495847092775,0.13818844935869812,-0.16409965765344697,0.0018486838767377035,0.030022375795181334,-0.02213386358944662,-0.00025331075467922897,-0.018731648035978397,0.000966474567743824,-7.820147899595906e-06
50,11,47,25.20978355407715,1.0006356421743086,0.21568442798136875,0.13551869714939405,-0.16411012778201786,0.0018872994067882602,0.029123680963500705,-0.023053816224680033,-0.0002144344972408511,-0.019316202883949023,0.0009852012991641897,-8.09195304576625e-06
50,11,48,25.208683013916016,0.9993775678086986,0.21406209091936004,0.13303793831099997,-0.16409933403129115,0.0019241901659958257,0.028263128368054287,-0.02398452401137287,-0.00017643792406843225,-0.019875927298729033,0.0010030941957297082,-8.353061332218316e-06
50,11,49,25.207805633544922,0.9981505143337938,0.2125999470608942,0.13078712161605008,-0.16408301966731795,0.001957796927943128,0.02743655607975023,-0.024920418282267168,-0.00013927460098200073,-0.020405990776114224,0.0010200127625225879,-8.603241698999111e-06
50,11,50,25.207136154174805,0.9969646973443562,0.21132172860471743,0.12879596875623692,-0.1640755953943313,0.0019868433684239848,0.026640323727699332,-0.02585562622442647,-0.0001029117446662458,-0.020901673770618745,0.0010358208733715981,-8.8422330888986e-06
50,11,51,25.206628799438477,0.9958285255507018,0.21024193478750738,0.12708157095730613,-0.16408939692744748,0.0020103881381030356,0.025871259816568296,-0.02678411694919986,-6.732864191509458e-05,-0.02135849385401787,0.0010503916360471016,-9.069766337339966e-06
50,11,52,25.206253051757812,0.9947484349289141,0.20936542151273435,0.12564796295143515,-0.16413394256536729,0.002027849266717469,0.025126643287653405,-0.02769985556601959,-3.2514374487601926e-05,-0.021772400273100716,0.001063611463138531,-9.28559416963668e-06
50,11,53,25.205965042114258,0.993728846576143,0.20868769917811325,0.12448659912575122,-0.16421555245842806,0.002039009914385708,0.02440415610449843,-0.028596959257157155,1.5337709655560713e-06,-0.022139904668160352,0.0010753840436421704,-9.489506604989363e-06
50,11,54,25.20573616027832,0.9927721488229216,0.20819563434211402,0.12357761907497074,-0.16433704402304525,0.0020440039156153066,0.02370185164330662,-0.029469887368772346,3.4813193167347285e-05,-0.02245823915116787,0.001085634314548939,-9.681356089322773e-06
50,11,55,25.205541610717773,0.9918787719548086,0.20786856195507739,0.12289157677233255,-0.16449777001490717,0.0020432780071945452,0.02301811254682328,-0.030313599486627707,6.731764606600205e-05,-0.022725479424350305,0.0010943119359836987,-9.8610826281228e-06
50,11,56,25.20534896850586,0.9910473990951854,0.2076801078098091,0.12239224733980836,-0.16469388504133872,0.00203754130994045,0.022351598041689087,-0.031123707508927796,9.903952291427195e-05,-0.02294062533926008,0.0011013925819712842,-1.0028716218646498e-05
50,11,57,25.205141067504883,0.9902751758664502,0.20759991097582423,0.12203930851607162,-0.16491866918345713,0.00202770563944107,0.02170120706058732,-0.031896597704782245,0.00012997192475631844,-0.02310364041631857,0.0011068803233891722,-1.0184405225705787e-05
50,11,58,25.20490264892578,0.9895580465428837,0.20759576348573103,0.12179132284984612,-0.16516319427708104,0.002014815402265804,0.021066016340134004,-0.03262951275350062,0.00016011042792774064,-0.02321545336479851,0.0011108062379117578,-1.0328410706510706e-05
50,11,59,25.20462417602539,0.9888910955598614,0.20763565766329745,0.12160853193989221,-0.16541700923023692,0.001999981689076667,0.020445247494223665,-0.033320615775261575,0.00018945450959470357,-0.023277906403420947,0.0011132277149824915,-1.0461112896562841e-05
50,11,60,25.20431137084961,0.9882689585832531,0.20768979331263657,0.12145552537275162,-0.16566884437726304,0.001984315745976447,0.01983822355084579,-0.03396898632919601,0.00021800834425860858,-0.023293676221268197,0.0011142262714406007,-1.0583007155971925e-05
50,11,61,25.20395278930664,0.9876862030230016,0.20773241922854954,0.12130338339107762,-0.1659074681256924,0.001968865243790825,0.01924432680596745,-0.03457462441530394,0.0002457823722575985,-0.02326615085920595,0.0011139044735405579,-1.0694697483562434e-05
50,11,62,25.20355987548828,0.9871377341606239,0.20774323124226685,0.1211312055809819,-0.16612241034695416,0.0019545625162901933,0.018662972482209914,-0.03513834242270025,0.00027279255636219844,-0.023199298991393155,0.0011123821639436868,-1.0796887598770133e-05
50,11,63,25.203134536743164,0.9866190397000006,0.20770842641210924,0.12092711328996673,-0.16630462865728254,0.0019421843010288438,0.018093583704591458,-0.03566175312386426,0.00029906134575019913,-0.023097514887072845,0.0011097925894200764,-1.089035580880508e-05
50,11,64,25.202688217163086,0.9861264718902264,0.20762121194108651,0.12068846264073572,-0.1664470604790415,0.0019323175423743989,0.017535567793336346,-0.03614710159413315,0.00032461664667754404,-0.022965478572187347,0.0011062779328123253,-1.0975945279811512e-05
50,11,65,25.202234268188477,0.9856573317821246,0.2074818968444888,0.120421543805814,-0.16654502280927028,0.0019253460236011324,0.016988317580940986,-0.03659720518294971,0.0003494920022024605,-0.02280800535111643,0.001101986334344705,-1.1054547011397612e-05
50,11,66,25.2017765045166,0.9852099316635297,0.2072973882948942,0.12014045328737448,-0.16659645969544948,0.001921447568956015,0.016451192973247583,-0.0370152814314389,0.0003737252524237573,-0.022629918128152078,0.001097066827848738,-1.1127077136008556e-05
50,11,67,25.201326370239258,0.9847834166916246,0.20708014567150684,0.11986528956495963,-0.16660198030869594,0.0019206025929013556,0.01592352094944413,-0.03740490004940607,0.0003973578645999734,-0.02243593036885037,0.0010916668585208339,-1.1194459082719615e-05
50,11,68,25.20089340209961,0.984377739410563,0.20684720615858027,0.11962063693835902,-0.16656474472417837,0.0019226191260796294,0.015404612683924603,-0.037769790823329395,0.0004204342142528552,-0.02223055338110245,0.0010859290063623692,-1.1257604119555905e-05
50,11,69,25.200477600097656,0.9839933120377304,0.20661841944210702,0.1194330093618818,-0.1664900831891692,0.0019271626599423402,0.014893755643891945,-0.038113811601025414,0.00044300014737431006,-0.022018015756065046,0.0010799884046476295,-1.131740243538893e-05
50,11,70,25.200088500976562,0.98363084101075,0.20641488003569447,0.1193285323528884,-0.16638515346429142,0.0019337931416545464,0.01439023071121826,-0.03844077620922559,0.00046510229420699775,-0.02180220560882763,0.0010739713498680848,-1.1374704492993017e-05
50,11,71,25.199729919433594,0.98329099328744,0.2062573145261888,0.11933081285368437,-0.16625838876219398,0.001942005699577997,0.013893326670172661,-0.03875445045165953,0.0004867869582224312,-0.021586635618816224,0.0010679934152281936,-1.143030886799516e-05
50,11,72,25.199398040771484,0.9829742223131448,0.20616455051693258,0.11945895945610407,-0.16611894568622707,0.0019512691925834109,0.013402340207421273,-0.03905840804004939,0.0005080996913184856,-0.02137441415012699,0.0010621577627205954,-1.1484956573718267e-05
50,11,73,25.199098587036133,0.9826804674857368,0.20615188703183926,0.1197255775656461,-0.16597607602272788,0.0019610647593627573,0.012916603570416763,-0.03935599857877527,0.0005290837253178931,-0.02116822549175445,0.001056555937443667,-1.1539320521604374e-05
50,11,74,25.198827743530273,0.9824089884177137,0.20623008668625273,0.12013580457421345,-0.16583857467969593,0.0019709190827551766,0.01243547929913367,-0.039650311547623836,0.0005497803640936192,-0.020970349617363267,0.00105126627896641,-1.159400552121463e-05
50,11,75,25.198579788208008,0.9821582595363091,0.20640463353013586,0.12068675853025082,-0.16571432280845552,0.001980430348356456,0.011958378664994758,-0.03994413228070328,0.0005702277418385053,-0.020782668265218015,0.0010463548149357018,-1.1649540983599214e-05
50,11,76,25.19835662841797,0.9819258912041133,0.2066751657910576,0.1213674754876237,-0.16560975477892836,0.001989285187563544,0.011484769573268033,-0.0402399019472751,0.0005904606923568084,-0.02060667253809538,0.0010418754596556836,-1.1706383353507361e-05
50,11,77,25.198150634765625,0.9817085947868085,0.20703534296162485,0.12215914757987742,-0.16552968685025712,0.0019972711128365727,0.011014182489864492,-0.04053971755175407,0.0006105100628447942,-0.020443493302933036,0.001037869815508373,-1.1764917730860713e-05
50,11,78,25.19796371459961,0.9815022520270764,0.20747324477269655,0.12303641363332495,-0.16547705065844165,0.002004273719764904,0.010546213075470462,-0.04084533193370828,0.0006304032367245713,-0.02029393615042583,0.001034369059457859,-1.1825453006333264e-05
50,11,79,25.19778823852539,0.9813020406235137,0.2079718776284986,0.12396848688722066,-0.16545285514314417,0.002010274666337049,0.010080529429411534,-0.04115811374869089,0.0006501630879764212,-0.02015850115479754,0.0010313934466018306,-1.1888233211664836e-05
50,11,80,25.19762420654297,0.9811026260206894,0.20851051846868612,0.1249213603132115,-0.16545633884046868,0.002015336439744689,0.009616874723784884,-0.041479119502742946,0.0006698088307437806,-0.020037419353379528,0.0010289540973860776,-1.1953437519661077e-05
50,11,81,25.197467803955078,0.9808984198506473,0.20906576510462618,0.12585938542358022,-0.16548514121233732,0.0020195840143711835,0.009155063910793865,-0.04180903752555784,0.0006893554964994058,-0.019930677066329797,0.0010270532954735744,-1.2021183487140177e-05
50,11,82,25.19731903076172,0.9806838245689267,0.20961305862698354,0.126747352288455,-0.16553560723204905,0.002023183090083028,0.008694990308078845,-0.042148256003067326,0.0007088139993996028,-0.019838052376211657,0.0010256856792208154,-1.2091530297879563e-05
50,11,83,25.197172164916992,0.9804536344828904,0.21012839458363158,0.12755268232503622,-0.1656031681162274,0.002026321594777588,0.008236620330452533,-0.04249682295827326,0.0007281913977011439,-0.019759137927730354,0.0010248390359953706,-1.216448930219272e-05
50,11,84,25.197032928466797,0.9802032636445037,0.21058973781215393,0.1282470572267366,-0.16568272205676882,0.0020291846584182746,0.007779993489899978,-0.0428545302915009,0.0007474910244697277,-0.019693369807399497,0.0010244952950728317,-1.2240024827665848e-05
50,11,85,25.1968936920166,0.9799290665886538,0.21097824595811907,0.12880770957626891,-0.1657690149527904,0.0020319390689570098,0.00732521778584698,-0.043220869759313836,0.0007667126836426658,-0.01964004122338304,0.001024630626926506,-1.231805742210459e-05
50,11,86,25.196758270263672,0.9796285397348247,0.21127951123810887,0.12921872598895798,-0.1658570401791755,0.0020347153966450656,0.006872470363693177,-0.043595121016684085,0.0007858526500288839,-0.01959834962495102,0.0010252174290213082,-1.2398473582374146e-05
50,11,87,25.196622848510742,0.9793004917899293,0.2114840898451447,0.12947133530789617,-0.1659423622087296,0.0020375996002311965,0.006421994880679706,-0.043976315599740703,0.0008049043228512149,-0.019567392142532232,0.0010262239286549816,-1.2481127375872627e-05
50,11,88,25.196491241455078,0.9789450970462997,0.21158799287505423,0.1295642218595474,-0.16602142119773855,0.0020406280528568275,0.005974095579091446,-0.04436330896027255,0.0008238579643294817,-0.019546205107257745,0.0010276158708829059,-1.2565845304951127e-05
50,11,89,25.196359634399414,0.9785638833376915,0.21159259539596362,0.12950321219814315,-0.16609164720555314,0.002043788008378382,0.00552913267652543,-0.04475478446764517,0.0008427012878685618,-0.019533765570943343,0.001029356220649013,-1.2652430360597094e-05
50,11,90,25.196231842041016,0.978159643340374,0.21150429881939997,0.12930064859447474,-0.16615155537757606,0.0020470228863536427,0.005087522036624301,-0.045149273418384844,0.0008614198501837631,-0.01952901562580863,0.0010314065528415116,-1.2740671751274474e-05
50,11,91,25.196107864379883,0.9777362308308277,0.21133380279638694,0.12897429890639212,-0.16620074594526185,0.002050241443047495,0.004649727266679305,-0.045545199057263654,0.0008799970513008239,-0.019530882164248767,0.0010337272508722751,-1.2830336795556925e-05
50,11,92,25.195987701416016,0.9772983147669398,0.21109511585316076,0.12854594066347436,-0.1662398471163248,0.002053330673016277,0.0042162537908325285,-0.04594090058880042,0.0008984145266812898,-0.019538278398816934,0.0010362781024150101,-1.2921190379808075e-05
50,11,93,25.19586944580078,0.9768511090152139,0.2108044277468574,0.12803998274237288,-0.1662702485623752,0.002056168710692137,0.0037876416062129783,-0.046334649184928,0.0009166529314732651,-0.01955013578185562,0.0010390187958537285,-1.3012986040078068e-05
50,11,94,25.195758819580078,0.9764000595683859,0.2104789450983134,0.1274817863167747,-0.16629400623593243,0.002058639286375131,0.003364462319537701,-0.04672470000991195,0.0009346914176775791,-0.0195654024855142,0.001041909913179693,-1.3105474880207022e-05
50,11,95,25.195650100708008,0.9759506184680355,0.2101359532182442,0.12689661231857363,-0.1663135187482691,0.0020606469594292116,0.002947307952049351,-0.04710930822801782,0.0009525090065866021,-0.01958305860157335,0.0010449127314120287,-1.3198412868455117e-05
50,11,96,25.195547103881836,0.975507939634233,0.20979153275623083,0.126307804555368,-0.16633131796683961,0.0020621241131171123,0.0025367799090870316,-0.047486753015012116,0.0009700842620130987,-0.01960213286125192,0.0010479899176255838,-1.3291560026765915e-05
50,11,97,25.195449829101562,0.9750767479893632,0.20946006171563106,0.1257362258503737,-0.1663498596127088,0.00206304028104687,0.002133485852054147,-0.04785536156966319,0.0009873960745409804,-0.01962170871513671,0.0010511064225581814,-1.338468205223972e-05
50,11,98,25.195358276367188,0.9746610983628025,0.2091533901692311,0.12519921803381936,-0.16637123771159082,0.0020634085202436117,0.0017380252106905482,-0.04821357714632724,0.0010044239882964524,-0.019640939533006916,0.0010542289841621467,-1.3477558424500351e-05
50,11,99,25.195270538330078,0.9742643222362382,0.20888036881677027,0.1247099503712906,-0.16639703230107003,0.0020632827686563747,0.0013509833385914128,-0.04855991503386326,0.0010211483316564728,-0.01965905316378144,0.0010573275176600306,-1.3569984837905166e-05
50,11,100,25.195188522338867,0.9738889768017729,0.2086469140158747,0.12427760751709198,-0.16642819521101648,0.002062755047224151,0.000972918589495468,-0.048893034590135845,0.0010375507400825867,-0.019675344335606675,0.001060374221937358,-1.3661770769335033e-05
50,11,101,25.195112228393555,0.973536805596572,0.20845594795338407,0.12390718903066086,-0.16646506910018344,0.0020619483096002214,0.000604353221296766,-0.04921177125734976,0.001053614678954762,-0.019689217215364926,0.0010633450688880479,-1.3752746774824433e-05
50,11,102,25.19504165649414,0.9732088331006685,0.20830762347135198,0.12359991034374014,-0.16650733034641504,0.002061005561297883,0.00024576613160159927,-0.0495150925409649,0.0010693255089256185,-0.01970015804899042,0.0010662192076762442,-1.3842769353981505e-05
50,11,103,25.194971084594727,0.9729053907014668,0.2081997659532344,0.1233538543320343,-0.16655402711984124,0.00206008193221091,-0.0001024150858268276,-0.04980217004419909,0.0010846706819831158,-0.01970774732132886,0.0010689792626054002,-1.393171365335797e-05
50,11,104,25.194902420043945,0.9726262386867065,0.20812831389621023,0.12316445999395141,-0.16660375071225428,0.002059329287976793,-0.00043981980033708885,-0.05007235145461032,0.0010996400682217011,-0.019711668876032082,0.001071611928856446,-1.4019485627499284e-05
50,11,105,25.194839477539062,0.9723706661451463,0.20808788080727136,0.12302531185472478,-0.16665474975669325,0.002058886592648671,-0.0007661415059368286,-0.05032518055368088,0.0011142260865507664,-0.019711691675768726,0.0010741066817217591,-1.410600906715779e-05
50,11,106,25.194778442382812,0.9721376680718739,0.20807255206312428,0.12292923009591436,-0.16670512059341794,0.0020588676288740815,-0.001081141751912106,-0.05056038921298368,0.001128423770048879,-0.019707686522031136,0.0010764575638196666,-1.419124343549963e-05
50,11,107,25.194721221923828,0.9719259886504653,0.20807614811310354,0.12286849609944146,-0.16675297859928565,0.0020593557129085977,-0.0013846499370358078,-0.05077790939993274,0.001142230635255323,-0.019699607815346014,0.0010786611993005531,-1.4275166031897847e-05
50,11,108,25.194665908813477,0.9717342932430066,0.2080928861635632,0.12283587992596944,-0.16679653433414057,0.0020603949899324118,-0.0016765644825797032,-0.05097784116244863,0.0011556469435870156,-0.019687495075256883,0.001080718283192281,-1.4357784963719211e-05
50,11,109,25.194608688354492,0.97156120279871,0.20811765301428506,0.12282480320781758,-0.1668343219799828,0.0020619901231687834,-0.001956852461889584,-0.05116047664045934,0.0011686757013385082,-0.019671472940324078,0.001082631992765076,-1.4439131038957454e-05
50,11,110,25.194557189941406,0.9714054413012073,0.20814638381479306,0.12282986541837566,-0.16686529452395524,0.0020641067602063658,-0.0022255466369863874,-0.051326232033314385,0.0011813212218889397,-0.019651717728511,0.0010844084839800002,-1.4519251280339851e-05
50,11,111,25.19450569152832,0.9712657882362993,0.20817598551509045,0.12284674363031067,-0.16688880472174625,0.0020666765071040167,-0.002482739202501895,-0.051475679615119334,0.0011935913477458349,-0.019628474156990986,0.0010860561964610904,-1.4598223518587407e-05
50,11,112,25.194456100463867,0.9711411464956878,0.20820454314825668,0.12287239299915326,-0.16690471931717402,0.002069602990581035,-0.002728575364981162,-0.05160952372323486,0.0012054944442505544,-0.019602043182287775,0.0010875859527850527,-1.4676130448841192e-05
50,11,113,25.194408416748047,0.9710305890453789,0.2082312627302994,0.12290500917262528,-0.16691338096899175,0.002072768852852052,-0.0029632510380167253,-0.051728540729524465,0.0012170413602051744,-0.01957275008064419,0.0010890097670049283,-1.4753079088342589e-05
50,11,114,25.194360733032227,0.9709332248729462,0.20825593674504073,0.12294327647719064,-0.16691549403130332,0.0020760472542444034,-0.003187004775218319,-0.05183359904993854,0.0012282439900794413,-0.01954096116782902,0.0010903416389676484,-1.4829184561699753e-05
50,11,115,25.19431495666504,0.9708482394490261,0.208279059974486,0.1229865684016416,-0.16691212455356325,0.0020793115105262007,-0.003400108056849886,-0.05192564313684712,0.0012391155354276892,-0.01950706403936526,0.0010915960649686182,-1.4904573343834318e-05
50,11,116,25.19426918029785,0.9707748869676196,0.2083015201522683,0.12303463434149511,-0.16690454798779739,0.0020824427095043206,-0.003602860844731259,-0.05200563345028748,0.0012496694592211692,-0.0194714462907759,0.001092788236331104,-1.4979373531141275e-05
50,11,117,25.19422721862793,0.9707124168180994,0.20832425593048357,0.1230871735713715,-0.1668941349690187,0.002085338882030151,-0.003795581868875168,-0.05207454645796425,0.0012599202700988034,-0.01943451223739081,0.0010939336422474556,-1.505371646296232e-05
50,11,118,25.19418716430664,0.9706600305002723,0.20834811141323878,0.12314367235208046,-0.16688229420543488,0.0020879213750713784,-0.003978603029956027,-0.05213338664099976,0.0012698823459910541,-0.019396652514697865,0.0010950474740409398,-1.5127739964532569e-05
50,11,119,25.19414520263672,0.9706168887898515,0.20837357873172763,0.1232032285074829,-0.16687028211247446,0.0020901382714090446,-0.004152264789578344,-0.052183122463264967,0.0012795703262453014,-0.019358237998413186,0.0010961450223245174,-1.520157537519372e-05
50,11,120,25.194107055664062,0.9705820996602418,0.20840076059077348,0.12326451383381855,-0.1668591837761893,0.0020919674984530533,-0.004316906950813542,-0.05222469037329624,0.001288998327375091,-0.01931962892437579,0.0010972402869451202,-1.527534916986741e-05
50,11,121,25.194068908691406,0.9705546562899939,0.20842913635154647,0.12332553602544698,-0.1668497987336703,0.002093414807512092,-0.004472867011867251,-0.05225900681004585,0.0012981800737685916,-0.01928116424867049,0.0010983467713012076,-1.5349182959055205e-05
50,11,122,25.194034576416016,0.9705335782703833,0.20845794683949218,0.12338421506515868,-0.1668426980828395,0.00209451113130045,-0.004620470946616126,-0.052286908174129614,0.0013071290283970546,-0.019243147967785906,0.001099477184473682,-1.542319673178533e-05
50,11,123,25.193998336791992,0.9705178098828106,0.2084859024632872,0.12343809502901949,-0.16683807218967092,0.0020953072989516575,-0.0047600355094736466,-0.05230919084699513,0.0013158577392725205,-0.0192058536785618,0.001100642646908333,-1.5497491019405746e-05
50,11,124,25.1939640045166,0.970506342476397,0.20851153445210904,0.12348475758376781,-0.16683586394437233,0.0020958689064729022,-0.0048918596744600175,-0.05232656316791992,0.0013243775780309003,-0.01916952153822418,0.0011018531868643108,-1.5572167974737777e-05
50,11,125,25.193931579589844,0.97049820785741,0.2085333454252195,0.12352197234950424,-0.16683584490777492,0.002096270409995563,-0.005016228257134136,-0.05233968545317962,0.0013326996548911883,-0.019134356744402864,0.0011031173432553467,-1.564730704997578e-05
50,11,126,25.193899154663086,0.9704925795887016,0.20854997075735415,0.12354809786686466,-0.16683752012834627,0.002096587353736448,-0.005133402695130412,-0.05234910196346205,0.0013408333808624146,-0.019100523455201714,0.001104442364229143,-1.572298769731412e-05
50,11,127,25.193866729736328,0.9704887119817236,0.2085602211274362,0.12356191870410617,-0.1668402994715669,0.002096890463248329,-0.00524362467009073,-0.052355312938369966,0.0013487875134113154,-0.019068156949058165,0.0011058339092982889,-1.5799266668320193e-05
50,11,128,25.19384002685547,0.9704860316397019,0.20856321669674766,0.12356277075934863,-0.16684357376631997,0.0020972402049928072,-0.005347117095464074,-0.05235871056575194,0.0013565696336284984,-0.0190373484249188,0.0011072960493402615,-1.5876195850141336e-05
50,11,129,25.193809509277344,0.9704841423003282,0.20855866376712337,0.1235509547579717,-0.16684675287808606,0.00209768554281411,-0.005444079506774946,-0.05235963500853785,0.001364186276936901,-0.019008158682081347,0.0011088317630458969,-1.5953819022558122e-05
50,11,130,25.193777084350586,0.9704828392883104,0.20854672130364418,0.12352743552723525,-0.16684932281873527,0.00209825725398575,-0.0055346847689579344,-0.05235833038365384,0.00137164306380025,-0.018980612040264893,0.0011104426390503084,-1.6032160507670856e-05
50,11,131,25.193750381469727,0.9704821048827516,0.2085281071188776,0.12349391717762415,-0.166850921892917,0.0020989716597891376,-0.005619091588486321,-0.05235497277544009,0.001378944307597684,-0.018954708499469442,0.0011121288759328846,-1.611124138463315e-05
50,11,132,25.193721771240234,0.9704820647818693,0.2085039318308616,0.12345261755881362,-0.16685130262486503,0.0020998284493427216,-0.005697433976842732,-0.052349678239484436,0.0013860936681660482,-0.01893041462008124,0.0011138894807966805,-1.619106489639171e-05
50,11,133,25.193696975708008,0.9704830023285091,0.20847569293886653,0.12340613042720346,-0.16685042694138458,0.00210081207856897,-0.00576982520171764,-0.0523424867949551,0.001393093890382976,-0.01890766656283768,0.0011157220706890264,-1.6271632664419894e-05
50,11,134,25.19367027282715,0.9704852477606649,0.2084448876350181,0.12335694929740026,-0.1668483329156704,0.002101897832384606,-0.005836362067474417,-0.05233339043801844,0.0013999462813330554,-0.01888638984859905,0.0011176241633675586,-1.635293495987757e-05
50,11,135,25.193641662597656,0.970489238039764,0.2084133100847636,0.12330779322804537,-0.16684526802348873,0.0021030546226345646,-0.005897123598083161,-0.05232233714375577,0.0014066522788093322,-0.018866478078594328,0.0011195915886651063,-1.6434950703611137e-05
50,11,136,25.19361686706543,0.9704954308274746,0.20838256027505608,0.12326103043150383,-0.1668414987772032,0.0021042462316181957,-0.0059521763053853715,-0.05230921085657924,0.0014132120135202655,-0.018847817254140285,0.0011216195806763305,-1.6517657194993634e-05
50,11,137,25.193592071533203,0.9705042539149216,0.20835404562481763,0.12321857803207116,-0.16683738687216446,0.002105438928687254,-0.006001568920829277,-0.052293883515150553,0.0014196252240489377,-0.018830282736676588,0.0011237031749165038,-1.6601023626031327e-05
50,11,138,25.193565368652344,0.9705160782004171,0.20832880047248092,0.12318177676373179,-0.1668332559305283,0.00210660380185753,-0.006045348858796935,-0.052276203046630464,0.0014258916489784312,-0.01881373164785358,0.0011258368111627315,-1.668501594578378e-05
50,11,139,25.193540573120117,0.9705312129570883,0.20830744527515355,0.12315121554702096,-0.16682946764764536,0.002107714737078768,-0.006083550363008724,-0.05225598936476197,0.0014320101119326173,-0.018798022629304054,0.00112801453203334,-1.6769593617417132e-05
50,11,140,25.193513870239258,0.9705498784505245,0.20829013207463154,0.12312681920059375,-0.1668262885358793,0.0021087551021880093,-0.006116205043052681,-0.05223305037753763,0.0014379795672438262,-0.018783011282695918,0.0011302301815672676,-1.685472096851759e-05
50,11,141,25.193492889404297,0.9705722082467936,0.2082767005419225,0.12310811157593231,-0.1668238899246067,0.002109716503383386,-0.006143343191450677,-0.05220721400253408,0.00144379870782747,-0.01876855320969707,0.00113247800096223,-1.6940354219304588e-05
50,11,142,25.19346809387207,0.970598279373535,0.20826658161778427,0.12309407772488018,-0.16682232892361976,0.0021105984743425726,-0.006164996417790752,-0.052178276141993385,0.001449466488015879,-0.018754507051940306,0.001134751834257165,-1.7026452832944268e-05
50,11,143,25.193445205688477,0.9706280714525691,0.2082588801745724,0.1230832766716597,-0.1668215674597237,0.0021114087871043348,-0.00618120159992562,-0.05214606071157539,0.0014549818621413827,-0.018740742090935514,0.001137045823360094,-1.7112976272602773e-05
50,11,144,25.193424224853516,0.9706615022184953,0.2082526130733046,0.12307411707780337,-0.1668215674597237,0.0021121597214899235,-0.006191998908373414,-0.05211043564802495,0.0014603437845363118,-0.018727127608192593,0.0011393546066275112,-1.7199884001446245e-05
50,11,145,25.193397521972656,0.9706984939098859,0.208246654128308,0.1230650451955161,-0.16682208144785354,0.0021128657334914436,-0.006197439050181612,-0.052071232870835545,0.0014655517323668309,-0.018713549605028305,0.0011416732195746891,-1.72871435900076e-05
50,11,146,25.193374633789062,0.9707388736613644,0.20823987068933397,0.12305456992812362,-0.1668228048385548,0.0021135408127786743,-0.006197578000662368,-0.05202838034550437,0.0014706058363413985,-0.018699910802566295,0.0011439972934550674,-1.7374722608819752e-05
50,11,147,25.193355560302734,0.9707825398608774,0.2082312798497797,0.12304142572298642,-0.16682345208286647,0.0021142003479883726,-0.006192483588723351,-0.05198176601836041,0.0014755062271684738,-0.018686116961895087,0.0011463225588117802,-1.7462593492835673e-05
50,11,148,25.19333267211914,0.9708293456643026,0.2082200332998881,0.12302467281329295,-0.16682366148543787,0.0021148563080602384,-0.006182234179801575,-0.05193135387215227,0.0014802535583903504,-0.018672098163822298,0.0011486458383746022,-1.7550735162901766e-05
50,11,149,25.193309783935547,0.9708792278557381,0.20820570836867566,0.12300396035276691,-0.16682316653390544,0.0021155173976776897,-0.006166923285594988,-0.05187711589346219,0.0014848492678000745,-0.018657789049102876,0.0011509643520320855,-1.7639128161337772e-05
50,11,150,25.193286895751953,0.9709321469443457,0.20818821098719403,0.12297943870409815,-0.1668217387891003,0.0021161881246232117,-0.0061466503445993,-0.05181907209187428,0.0014892947931906925,-0.018643139458316197,0.001153275716831561,-1.7727761137830214e-05
50,11,151,25.193265914916992,0.9709881011415971,0.20816765871172663,0.1229515088344596,-0.1668192259582433,0.002116868022574477,-0.00612153125863732,-0.051757250480806295,0.0014935926180229206,-0.018628118991813398,0.0011555782448482215,-1.7816622742065614e-05
50,11,152,25.1932430267334,0.9710471206588063,0.20814444558769765,0.12292096014797292,-0.16681553285834738,0.002117553205512104,-0.006091687856329618,-0.051691707087093745,0.0014977450950490162,-0.01861270788982272,0.0011578711417645105,-1.790571459551732e-05
50,11,153,25.193222045898438,0.9711092594118917,0.20811929495192405,0.12288898301593273,-0.16681067852600998,0.0021182368340419773,-0.006057251844293024,-0.051622545960574015,0.0015017549691466133,-0.018596893992484622,0.0011601536132628714,-1.7995035076711985e-05
50,11,154,25.193201065063477,0.9711745889193839,0.2080931038683278,0.12285698082344423,-0.16680473910762067,0.0021189114470068823,-0.006018364807140631,-0.05154989116066857,0.0015056265536948507,-0.0185806879396762,0.0011624259572123883,-1.8084592293016375e-05
50,11,155,25.193180084228516,0.971243155210642,0.20806665088270074,0.12282613141157786,-0.16679780978616646,0.002119567407078748,-0.005975168988018618,-0.051473866746798914,0.0015093624628629036,-0.01856409581132723,0.0011646885707718387,-1.8174394351797263e-05
50,11,156,25.193157196044922,0.9713150158140775,0.20804089674915666,0.12279776298409394,-0.1667900999642188,0.0021201970976595843,-0.0059278151910032535,-0.05139462479180428,0.0015129674021552868,-0.01854714344713924,0.0011669418511000014,-1.8264450981894776e-05
50,11,157,25.193134307861328,0.9713901536673621,0.20801656448438444,0.12277285289847642,-0.16678178097115431,0.002120796321848457,-0.0058764575128362325,-0.051312341380024835,0.0015164451621173041,-0.018529855166831328,0.0011691872875422946,-1.835478326246252e-05
50,11,158,25.193115234375,0.9714685491884386,0.20799427483628974,0.12275217802862284,-0.16677304317294694,0.002121363058915287,-0.0058212520258584975,-0.05122717258621665,0.001519800317545012,-0.01851226289003479,0.0011714260715750527,-1.844540578676068e-05
50,11,159,25.193096160888672,0.9715501145745309,0.20797449480392502,0.12273622705327521,-0.16676409597216818,0.002121896997978524,-0.0057623534853448255,-0.051139310502387195,0.0015230373125260078,-0.01849440917625804,0.0011736598911230832,-1.8536339633942867e-05
50,11,160,25.193073272705078,0.9716347016863878,0.2079574466299911,0.12272512527467504,-0.16675511069819463,0.002122401403294449,-0.005699921256301582,-0.05104895522437755,0.0015261605911478895,-0.01847633506502704,0.0011758904341111936,-1.8627602640215975e-05
50,11,161,25.193052291870117,0.9717221259444551,0.20794309141461154,0.12271868473946006,-0.16674616349741586,0.002122883580579503,-0.00563410811840429,-0.050956286838444734,0.0015291747282067131,-0.01845808159586775,0.0011781194877538855,-1.871921912768032e-05
50,11,162,25.19303321838379,0.9718121649733271,0.20793121353153782,0.12271639170843993,-0.1667373495528189,0.0021233506801093508,-0.005565065534262306,-0.050861485430845725,0.0015320844292069937,-0.01843969132828858,0.0011803489385553557,-1.8811210175489507e-05
50,11,163,25.193010330200195,0.9719045449788194,0.20792141182270843,0.12271746930771714,-0.16672872597419597,0.002123811872889736,-0.0054929436494188175,-0.05076474309358799,0.0015348938768194116,-0.018421209861762825,0.001182580573730106,-1.8903598484270492e-05
50,11,164,25.192991256713867,0.97199900327205,0.2079132819140867,0.1227212659656357,-0.16672025468835225,0.0021242755527225267,-0.005417887999685421,-0.05066623991292853,0.0015376076458400228,-0.01840267519585156,0.0011848163790720277,-1.8996403511703535e-05
50,11,165,25.19297218322754,0.9720952683429948,0.20790632305392925,0.12272696721762563,-0.16671189762209293,0.0021247491807649377,-0.00534003523067708,-0.050566143969373874,0.001540229788231049,-0.01838412685009831,0.0011870577446368442,-1.9089641472522174e-05
50,11,166,25.192951202392578,0.9721930738384875,0.20790000344488035,0.12273375859911693,-0.16670357862902843,0.0021252394409703086,-0.005259520341676045,-0.05046461133768008,0.0015427642252462523,-0.018365601304081706,0.0011893064576390575,-1.9183336688826724e-05
50,11,167,25.192928314208984,0.9722921588084796,0.20789379788013732,0.12274083817576376,-0.1666952215627691,0.002125751462884225,-0.00517647240516681,-0.05036179409068638,0.001545215139556313,-0.01834713047743305,0.0011915638088446968,-1.9277505375350728e-05
50,11,168,25.19290542602539,0.9723922968270604,0.20788723225407757,0.12274746666434105,-0.16668676931352278,0.0021262854019474613,-0.005091012261970319,-0.050257820289731095,0.0015475857988727,-0.01832873868987144,0.0011938310890197913,-1.937216050388102e-05
50,11,169,25.192886352539062,0.9724932763883416,0.20787992020767768,0.12275310526521022,-0.16667812669830245,0.002126840325515367,-0.005003255813909382,-0.05015282199806935,0.0015498801244491758,-0.018310453301080845,0.0011961092910612865,-1.946731828915114e-05
50,11,170,25.192867279052734,0.9725949750734619,0.20787172717313063,0.12275754096456061,-0.16666927468051068,0.0021274126584501086,-0.004913309743343632,-0.05004689526170487,0.0015521005997464565,-0.018292287990903256,0.0011983990107073499,-1.9562985217054515e-05
50,11,171,25.192846298217773,0.9726972523306401,0.207862451713152,0.12276044797656427,-0.1666601942235501,0.0021279961831206736,-0.004821275135101486,-0.049940140128558214,0.0015542504924760112,-0.018274256439180663,0.001200700942985843,-1.9659174259377967e-05
50,11,172,25.192827224731445,0.972800037849528,0.20785216594130332,0.12276196413368687,-0.16665086629082332,0.0021285825057251948,-0.004727248135013232,-0.04983264464079947,0.0015563324168070148,-0.018256372325755048,0.0012030156836349334,-1.975589352348828e-05
50,11,173,25.19280433654785,0.9729032910627899,0.20784097149206857,0.12276220220794579,-0.1666413289555251,0.00212916369878413,-0.004631310730447847,-0.04972447282909779,0.0015583492483255599,-0.018238637170608862,0.001205343232654621,-1.985314625233215e-05
50,11,174,25.192785263061523,0.9730069592947167,0.20782885844142454,0.12276108701799611,-0.16663162029085027,0.002129731523936387,-0.004533542274641971,-0.04961567671837186,0.0015603024248246925,-0.01822104793377721,0.0012076834907552112,-1.995093568885629e-05
50,11,175,25.192766189575195,0.9731110354613955,0.20781595723027374,0.12275878145675183,-0.16662177836999364,0.002130278986347077,-0.004434020145232992,-0.04950629232587308,0.001562193645514377,-0.01820360005531277,0.0012100359614882314,-2.004926021158735e-05
50,11,176,25.1927433013916,0.9732155127654891,0.20780247309793168,0.12275552359847187,-0.1666118793393448,0.0021308008010298388,-0.004332811512595494,-0.04939637167652013,0.0015640255245637875,-0.01818629049525065,0.0012124006448536813,-2.0148121441998684e-05
50,11,177,25.192726135253906,0.9733204389632352,0.2077886474674192,0.12275158910808762,-0.16660201838189073,0.002131294325491491,-0.004229975973973592,-0.04928591877222985,0.0015657992383490537,-0.018169104053766424,0.0012147768458236994,-2.0247514515670223e-05
50,11,178,25.192705154418945,0.9734258355544586,0.20777465396340805,0.12274719099940967,-0.16659225260742372,0.002131758160765057,-0.004125569175412899,-0.04917494962066951,0.0015675154404124689,-0.018152024011053217,0.00121716357150134,-2.0347432946708554e-05
50,11,179,25.192684173583984,0.9735317221791858,0.20776062122527275,0.12274251722580036,-0.16658260105254108,0.002132193705817514,-0.004019646104425941,-0.04906347222567276,0.0015691759606724556,-0.01813503820725148,0.0012195600275690466,-2.0447875113640325e-05
50,11,180,25.192663192749023,0.9736381100783561,0.2077465655120055,0.12273759284770795,-0.16657306371724287,0.002132604380345919,-0.003912253846128234,-0.04895147858340596,0.001570781321962849,-0.018118126882589455,0.0012219655189989575,-2.054882966615205e-05
50,11,181,25.192642211914062,0.9737449940024194,0.20773248087202717,0.12273240533490833,-0.16656364060152906,0.0021329948475735322,-0.0038034352051702497,-0.04883897269578594,0.001572332569951319,-0.018101271797277826,0.0012243787550250435,-2.0650288496876962e-05
50,11,182,25.192623138427734,0.9738523646703361,0.20771828760051214,0.12272679179448748,-0.16655435074199706,0.002133371325131366,-0.003693233315468999,-0.048725946558979036,0.001573830619597077,-0.018084453191544832,0.0012267988420400534,-2.0752246741394996e-05
50,11,183,25.192602157592773,0.9739602092842844,0.20770385267433022,0.12272057680330725,-0.1665451560654521,0.0021337387871242313,-0.0035816880182760738,-0.04861238416531797,0.0015752759937339579,-0.01806765130561871,0.0012292248864367366,-2.0854689806445963e-05
50,11,184,25.192583084106445,0.9740685515809961,0.2076892878562017,0.12271397337517827,-0.1665360375352967,0.0021341045392685677,-0.0034688355329111024,-0.04849828551480274,0.001576669476612714,-0.01805084789971015,0.0012316553988696746,-2.0957614449083156e-05
50,11,185,25.19256019592285,0.9741774229341492,0.2076746671272033,0.12270715693323866,-0.16652695707833612,0.002134472001261433,-0.003354711420160629,-0.04838363459976606,0.0015780118524840981,-0.018034021694064938,0.0012340898828903948,-2.1061007697519743e-05
50,11,186,25.192541122436523,0.9742868215538306,0.20765990897764036,0.12270006482636768,-0.16651785758477816,0.0021348452145629852,-0.0032393492652119456,-0.048268415412540636,0.0015793035134734864,-0.01801715748885865,0.001236526749863784,-2.11648630658623e-05
50,11,187,25.192522048950195,0.9743967670069517,0.20764512359072132,0.12269298524972085,-0.16650866290823316,0.002135226044462528,-0.0031227885800501017,-0.048152631955043296,0.001580544982414714,-0.018000235524319525,0.0012389656026310645,-2.1269167582324e-05
50,11,188,25.1924991607666,0.9745072702363251,0.20763036239219376,0.12268610615666048,-0.16649929690231158,0.0021356162008085906,-0.00300505998646351,-0.048036284227274045,0.0015817374356839095,-0.017983243640588016,0.0012414051504262068,-2.1373916382484774e-05
50,11,189,25.192481994628906,0.9746183864660094,0.20761577448476742,0.12267970321211795,-0.16648974053041596,0.002136015994482723,-0.002886200691571426,-0.04791934821773194,0.001582881396114908,-0.01796616967780458,0.0012438450953801271,-2.147910784487127e-05
50,11,190,25.192461013793945,0.9747301050591303,0.2076014200321038,0.1226739017183348,-0.16647997475594892,0.0021364248037218244,-0.0027662452683607664,-0.04780184793791791,0.0015839773865415443,-0.017949001476109668,0.0012462843453061856,-2.1584725754749946e-05
50,11,191,25.192440032958984,0.974842417209467,0.2075872942195783,0.12266863902419024,-0.16647003765210527,0.0021368398305919383,-0.0026452231861870483,-0.04768379139166561,0.0015850264526314887,-0.017931731435591073,0.0012487226023352987,-2.169076524770074e-05
50,11,192,25.19241714477539,0.9749553485539827,0.2075735171617093,0.12266414067371907,-0.1664599101822876,0.0021372568781921316,-0.0025231706643699,-0.04756517857897504,0.0015860288558016587,-0.0179143565162839,0.001251159270729299,-2.1797224702250294e-05
50,11,193,25.192398071289062,0.975068941590425,0.20756034364696352,0.12266075751319759,-0.16644964945628812,0.0021376750138777526,-0.0024001229344293236,-0.04744602150559667,0.0015869861645535592,-0.017896869118275937,0.0012535939533294081,-2.190409925397855e-05
50,11,194,25.192378997802734,0.9751831747989546,0.2075477091904142,0.12265835171016008,-0.16643927451070423,0.0021380898853070912,-0.0022761122644864426,-0.04732632817536412,0.0015878986403041076,-0.017879263161637415,0.001256026054397459,-2.201138403846544e-05
50,11,195,25.192359924316406,0.9752980364071384,0.20753566874539311,0.12265696085527902,-0.16642882341873075,0.0021384993163092937,-0.002151173556794717,-0.04720612259977835,0.0015887669365955979,-0.017861538646368327,0.001258455673223146,-2.2119077434237614e-05
50,11,196,25.192338943481445,0.9754134751969821,0.2075241287335067,0.1226563969951921,-0.16641831521696504,0.0021389020633581575,-0.0020253379270423733,-0.04708543679417393,0.001589592621929535,-0.017843697092451122,0.0012608825119373856,-2.222717457687501e-05
50,11,197,25.192319869995117,0.9755294700611508,0.2075131002931052,0.12265659747877856,-0.16640780701519936,0.0021392967274867043,-0.001898644557947919,-0.04696429477005178,0.0015903764805566714,-0.01782574153985068,0.0012633066698298722,-2.2335677087850975e-05
50,11,198,25.192296981811523,0.9756459924805928,0.20750246787615426,0.12265731170155532,-0.16639733688662844,0.002139682686931833,-0.0017711214371674304,-0.046842700529328735,0.0015911191660193007,-0.017807673508549452,0.0012657278490315223,-2.2444581724218804e-05
50,11,199,25.192277908325195,0.9757629933158326,0.207492166185886,0.12265847701240161,-0.16638686675805756,0.0021400618069828473,-0.0016428001742889466,-0.046720690089256195,0.001591821854693552,-0.017789497558494762,0.0012681461488320304,-2.255388362155844e-05
50,11,200,25.192258834838867,0.9758804172756346,0.20748210092429087,0.12265995557885175,-0.16637637759288926,0.0021404356420475007,-0.001513711885000694,-0.04659829946708555,0.0015924853308301777,-0.017771221289598824,0.00127056186710048,-2.2663590887236645e-05
50,11,201,25.192237854003906,0.9759982075518889,0.20747213351935773,0.1226614842661985,-0.16636588842772096,0.002140802326836489,-0.001383890319123236,-0.046475556676234556,0.0015931107708053067,-0.017752844701861645,0.0012729746066780932,-2.2773698656833366e-05
50,11,202,25.19222068786621,0.9761163495084975,0.207462250522067,0.12266308813489017,-0.16635536118935787,0.002141164348402218,-0.001253366839294705,-0.046352473722453685,0.0015936985667443148,-0.017734375395195436,0.0012753848640133427,-2.2884203687401886e-05
50,11,203,25.192195892333984,0.976234798931775,0.2074524463871642,0.12266477971515091,-0.16634477684120258,0.002141523105711665,-0.0011221691039046354,-0.04622909462682798,0.0015942501564402487,-0.017715822489494853,0.001277792936975312,-2.299511084336227e-05
50,11,204,25.192176818847656,0.9763534892016476,0.20744249980740176,0.12266623322115275,-0.16633409731006024,0.002141881241258011,-0.0009903284755911604,-0.046105439398941545,0.001594766324143861,-0.017697190544707232,0.001280198626984612,-2.310642012471452e-05
50,11,205,25.192157745361328,0.976472375704264,0.2074323847877284,0.12266729829020581,-0.16632339874232055,0.002142239532245132,-0.0008578700609281131,-0.04598154805796261,0.0015952481155228212,-0.01767848564076234,0.0012826022319103263,-2.3218128288511924e-05
50,11,206,25.192136764526367,0.9765914515972488,0.20742212426898965,0.1226680876943275,-0.16631262402819122,0.0021425984449953543,-0.0007248183902728784,-0.04585743260964163,0.0015956955305771296,-0.01765971689755484,0.0012850040496215388,-2.3330236956227845e-05
50,11,207,25.192115783691406,0.9767107011638378,0.2074117730677696,0.12266861396374194,-0.1663018302774645,0.002142958445831004,-0.0005911983644077008,-0.045733121067396375,0.0015961101378082912,-0.017640888875032054,0.0012874038815388603,-2.3442744506388916e-05
50,11,208,25.192096710205078,0.9768300758887444,0.20740124988779546,0.1226688144473284,-0.16629096038034816,0.0021433189129889795,-0.0004570345548482828,-0.04560864544656141,0.0015964923293416825,-0.017622006133141317,0.001289802124821069,-2.3555647696048437e-05
50,11,209,25.192075729370117,0.9769495967653182,0.2073906901800786,0.12266888962867332,-0.16628003337343963,0.002143677825739202,-0.0003223464294789248,-0.04548401375097039,0.0015968426280111381,-0.017603074751812404,0.00129219868017847,-2.3668953011099826e-05
50,11,210,25.19205665588379,0.9770692523685099,0.2073801690767254,0.12266898987046655,-0.1662690302201415,0.0021440356504039966,-0.00018715596684131035,-0.04535925399404105,0.0015971619487758694,-0.01758409929099264,0.001294593746190453,-2.3782652344176304e-05
50,11,211,25.192035675048828,0.9771890439116826,0.20736974745950357,0.122669190354053,-0.16625796995705114,0.0021443909880163865,-5.148308241644543e-05,-0.04523437818152387,0.0015974504223443353,-0.017565081270664466,0.0012969871242776286,-2.3896745695277878e-05
50,11,212,25.192014694213867,0.9773089815178548,0.20735950985765556,0.12266952867010517,-0.1662469287305582,0.0021447429059317197,8.465581706125301e-05,-0.0451093943172525,0.001597708963675747,-0.01754602373079277,0.0012993791123090805,-2.4011228199984484e-05
50,11,213,25.19199562072754,0.9774290433159228,0.20734942693286323,0.122670004818623,-0.16623586846746785,0.0021450907823868937,0.0002212419068061997,-0.04498431840889422,0.0015979374420616458,-0.017526929711342443,0.0013017691145466412,-2.412609661534941e-05
50,11,214,25.191978454589844,0.9775492289280434,0.20733958916600162,0.12267071904139976,-0.16622482724097493,0.002145434772822685,0.00035826175377243576,-0.04485917046603314,0.0015981369031697014,-0.017507796172348596,0.0013041574288593946,-2.4241350941372656e-05
50,11,215,25.191957473754883,0.9776695590620792,0.20733005738095045,0.12267177158022867,-0.16621380505107938,0.0021457741000352167,0.000495702300483652,-0.044733942484835615,0.001598307477708373,-0.017488630713723443,0.0013065436580885624,-2.435698469216081e-05
50,11,216,25.19193458557129,0.9777900070391538,0.2073208166592806,0.12267316243510973,-0.16620278286118384,0.002146110007550691,0.000633551631606857,-0.044608658476802586,0.001598449296386119,-0.017469427255537212,0.0013089279015238392,-2.447299462476716e-05
50,11,217,25.19191551208496,0.9779105770239229,0.20731183144001264,0.12267480389447386,-0.1661917797078857,0.002146442339928333,0.0007717970703801807,-0.044483306436183576,0.0015985627513283157,-0.017450188837754788,0.0013113097620064467,-2.458937101035158e-05
50,11,218,25.191896438598633,0.9780312524536552,0.2073030792774922,0.12267670848854521,-0.16618075751799016,0.0021467737396613233,0.0009104275040578281,-0.04435789836872906,0.0015986477118265048,-0.01743091394039373,0.0013136891402466904,-2.4706120334807487e-05
50,11,219,25.191877365112305,0.9781520145027601,0.2072944713986314,0.12267875091508226,-0.1661696972548998,0.00214710358498656,0.0010494321491605462,-0.044232434274439035,0.0015987048314229793,-0.017411601043471597,0.0013160655397960975,-2.4823223140454633e-05
50,11,220,25.191856384277344,0.9782728514325382,0.20728593413679547,0.12268080587184348,-0.16615859891861468,0.0021474332748710216,0.0011888035148745028,-0.04410691015139667,0.0015987338487008223,-0.017392247107023497,0.0013184391592340572,-2.4940681048766368e-05
50,11,221,25.19183921813965,0.9783937692852653,0.2072775513635775,0.12268291094950129,-0.1661475386555243,0.0021477621875516063,0.0013285335341694168,-0.04398133800535245,0.00159873515578541,-0.01737285061106699,0.0013208093035327077,-2.5058487573849275e-05
50,11,222,25.191816329956055,0.9785147505331514,0.20726916662635975,0.12268487819469343,-0.16613645935583657,0.002148091100232191,0.0014686157040310823,-0.04385570182863907,0.0015987084912598244,-0.017353410035619632,0.0013231758734023541,-2.5176634608336584e-05
50,11,223,25.191797256469727,0.9786357905946961,0.20726079528214955,0.12268673266786817,-0.16612536101955142,0.0021484207901166525,0.0016090401464632369,-0.04373000962509019,0.0015986545086663598,-0.017333923860698985,0.0013255382731048296,-2.529511566633488e-05
50,11,224,25.1917781829834,0.9787568526795251,0.20725231888494242,0.12268829894588737,-0.16611422461007147,0.002148750013678788,0.0017498007700348522,-0.04360427340045626,0.0015985728158796398,-0.01731439208630504,0.0013278968997989119,-2.541393074784416e-05
50,11,225,25.19175910949707,0.9788779902356665,0.20724391596317587,0.12268985269368243,-0.16610306916399412,0.002149078926359373,0.001890886873583311,-0.04347847714707,0.001598463543608123,-0.017294808632508034,0.0013302509591670449,-2.5533065259604233e-05
50,11,226,25.191740036010742,0.9789991870762019,0.20723556546153934,0.12269133126013257,-0.16609191371791676,0.0021494070618360813,0.0020322943412768367,-0.04335263287068187,0.001598326953268727,-0.017275175019290403,0.0013326004512092284,-2.565251758014175e-05
50,11,227,25.191720962524414,0.9791204714481946,0.2072273638723229,0.12269292259860008,-0.166080739235242,0.002149733953786587,0.0021740159292515044,-0.04322673256745823,0.0015981627834445343,-0.017255489726669706,0.0013349446808976007,-2.5772277980616583e-05
50,11,228,25.191699981689453,0.9792418522912113,0.20721937184266936,0.1226946768299816,-0.16606958378916467,0.0021500578923623614,0.0023160424180441353,-0.043100780239315906,0.0015979714262609212,-0.017235751234663498,0.0013372839461012454,-2.5892343218082023e-05
50,11,229,25.191680908203125,0.9793633263976323,0.20721161110338301,0.1226967067262945,-0.1660583902698925,0.0021503768568333255,0.0024583682101235143,-0.04297478389008854,0.001597752751009429,-0.017215961063254227,0.0013396176510819952,-2.6012706806644653e-05
50,11,230,25.191661834716797,0.9794848561836962,0.20720386719431347,0.12269862385059001,-0.16604717771402294,0.002150691624403356,0.002600983921393192,-0.04284873551594248,0.001597507019106975,-0.017196116172477006,0.0013419456965501556,-2.61333606389377e-05
50,11,231,25.19164276123047,0.9796064534805028,0.20719621459987705,0.12270055350510968,-0.16603594612155598,0.002151002816835554,0.0027438834604221404,-0.042722639118794564,0.0015972338384281832,-0.017176213522366944,0.001344268181795421,-2.6254299850541105e-05
50,11,232,25.19162368774414,0.9797281154297521,0.20718867677697575,0.12270250822007765,-0.166024714529089,0.0021513098123668185,0.002887060735779331,-0.042596502702478424,0.0015969334703899707,-0.01715625615288893,0.0013465844117899297,-2.6375516334088096e-05
50,11,233,25.191604614257812,0.9798498397285759,0.20718129848180142,0.12270458823728717,-0.16601346390002467,0.0021516138545233515,0.003030509326767193,-0.042470338272744525,0.001596606437826173,-0.01713624558402541,0.001348894485823376,-2.6497008468105314e-05
50,11,234,25.19158363342285,0.9799716318418297,0.20717405006334372,0.1227067684962899,-0.1660021751977655,0.0021519140106605016,0.0031742190261229222,-0.04234413382384241,0.001596252610028331,-0.017116181815776378,0.0013511984038957602,-2.6618769766699345e-05
50,11,235,25.191564559936523,0.9800934635818063,0.20716690942585128,0.12270903646686172,-0.16599082938571413,0.0021522124569491228,0.0033181819314495086,-0.042217913367273006,0.0015958721177049037,-0.01709606636812428,0.0013534957688483042,-2.674079536545013e-05
50,11,236,25.191545486450195,0.9802153515570867,0.2071599367831675,0.12271146733034753,-0.16597944550046795,0.0021525101260338676,0.0034623898110834007,-0.04209167290111949,0.0015954648301474321,-0.017075899241069118,0.0013557865806810075,-2.686307067109747e-05
50,11,237,25.191526412963867,0.980337293561625,0.2071531401891706,0.1227140736169715,-0.16596802354202697,0.0021528059298293084,0.003606839701625719,-0.04196541642729868,0.0015950310087728338,-0.017055681954593335,0.0013580708393938705,-2.6985600548061438e-05
50,11,238,25.19150733947754,0.980459283454941,0.2071465278192535,0.12271686785695776,-0.1659565635103912,0.002153101422743199,0.003751522054346744,-0.04183915194964423,0.0015945707842895678,-0.017035419068644257,0.0013603482471178092,-2.7108376888975258e-05
50,11,239,25.191490173339844,0.9805812994734454,0.20714007064284876,0.12271977486896142,-0.16594508444215803,0.00215339489492701,0.0038964289668494655,-0.04171289547582343,0.0015940841566976336,-0.017015109063239442,0.001362619002432213,-2.7231393207945514e-05
50,11,240,25.19147300720215,0.9807033330463798,0.20713374684692448,0.1227227821227583,-0.16593356730073003,0.002153688367110821,0.004041552866003416,-0.04158665100775309,0.0015935715181224078,-0.016994758018308662,0.0013648830060473873,-2.7354647883498853e-05
50,11,241,25.191452026367188,0.9808253991400172,0.20712764583388016,0.12272603998103826,-0.16592201208610724,0.0021539812175315307,0.004186884861611959,-0.04146042254735004,0.0015930329992723492,-0.01697436593385192,0.0013671399600942485,-2.747812956532179e-05
50,11,242,25.19143295288086,0.9809474816000725,0.20712174682434945,0.1227294356717839,-0.16591047590808186,0.0021542740679522405,0.004332415734211917,-0.04133422210036474,0.0015924687308559162,-0.016953932809869215,0.001369389963862491,-2.760184149636104e-05
50,11,243,25.191417694091797,0.9810695759614146,0.20711606576343494,0.12273296919499525,-0.16589897780325127,0.002154566296609849,0.004478139557005532,-0.04120805767063085,0.0015918787128731092,-0.016933463206307873,0.001371633017352115,-2.7725764218936346e-05
50,11,244,25.19139862060547,0.9811916704932325,0.20711060276732182,0.12273666561112058,-0.1658874987350181,0.0021548579035043564,0.004624048756862336,-0.041081941263898816,0.0015912626839070106,-0.016912960163132783,0.001373868921983731,-2.7849904218941127e-05
50,11,245,25.19137954711914,0.9813137550035748,0.20710532803381834,0.12274049985971161,-0.16587601966678492,0.0021551471787872338,0.004770137406984573,-0.040955876882085476,0.0015906216896252902,-0.016892423680343948,0.0013760977770470339,-2.797425176753526e-05
50,11,246,25.191360473632812,0.9814358239494988,0.20710023389473295,0.12274450953144078,-0.16586450252535695,0.0021554338115769307,0.0049164008976406515,-0.04082986852710764,0.0015899550764856545,-0.016871856797906246,0.0013783195825420235,-2.809880362177203e-05
50,11,247,25.19133949279785,0.9815578539063902,0.2070952836574683,0.12274863197518734,-0.16585294731073416,0.002155718889958874,0.005062825399635807,-0.040703932206632605,0.001589263105905021,-0.016851264075767015,0.001380533941309922,-2.822355005281132e-05
50,11,248,25.19132423400879,0.9816798183760213,0.2070903515966162,0.12275262911669238,-0.16584137305951396,0.00215600023776221,0.0052094115715031215,-0.04057806792066036,0.0015885463007172243,-0.016830642473961363,0.0013827411512198125,-2.8348484574759706e-05
50,11,249,25.19130516052246,0.9818017330930772,0.2070855123681739,0.1227566262581974,-0.16582977977169638,0.002156278321309264,0.005356151181579045,-0.04045227566919093,0.0015878043995053474,-0.01680999503245418,0.0013849409144026117,-2.8473610430563898e-05
50,11,250,25.191286087036133,0.9819235865625938,0.20708080417925584,0.12276063592992657,-0.1658182055204762,0.0021565523633961595,0.005503037644532734,-0.040326575461808394,0.0015870375329778486,-0.016789323271227903,0.001387133131568625,-2.8598911405490357e-05
50,11,251,25.191268920898438,0.9820453497879129,0.2070760710881903,0.12276442005762099,-0.165806631269256,0.002156822985785998,0.005650066350632601,-0.04020096329659595,0.0015862451783008934,-0.01676863023024743,0.0013893178027178522,-2.8724384256592367e-05
50,11,252,25.191251754760742,0.9821670219768489,0.2070713650725162,0.1227680663528497,-0.16579505701803582,0.0021570911211234315,0.0057972300560147185,-0.040075451179304056,0.0015854285118506103,-0.016747914389530303,0.0013914944314018208,-2.8850019255029808e-05
50,11,253,25.19123649597168,0.9822886249911,0.20706678994400302,0.12277177529919919,-0.1657834637302182,0.0021573577020531113,0.005944520858282079,-0.03995003910993272,0.0015845870107931643,-0.016727177269058976,0.0013936635140690034,-2.897581640080268e-05
50,11,254,25.19121551513672,0.9824101410342777,0.20706235404273624,0.1227755343664453,-0.16577187044240063,0.0021576217959303865,0.006091930196504587,-0.03982474709806604,0.0015837205444200965,-0.016706424948763215,0.001395824852140011,-2.9101765965070855e-05
50,11,255,25.19119644165039,0.9825316075756578,0.20705816110790914,0.12277949391727787,-0.16576029619118043,0.0021578846462814586,0.006239451485351401,-0.03969955913603674,0.0015828298969821596,-0.016685648308748368,0.0013979779491663706,-2.9227858218994206e-05
50,11,256,25.191179275512695,0.9826529990569857,0.2070541826540084,0.12278357877035197,-0.16574876001315506,0.0021581448541393507,0.006387080115090931,-0.03957449523342893,0.0015819145456455186,-0.016664856468909087,0.0014001229044377772,-2.935408991962603e-05
50,11,257,25.191162109375,0.9827742987676424,0.20705035808777753,0.1227877638652193,-0.16573720479853227,0.002158403041267163,0.0065348114759915905,-0.03944955939215942,0.0015809748825355496,-0.016644047909262934,0.0014022597179542305,-2.9480451338126194e-05
50,11,258,25.191146850585938,0.9828954903154125,0.2070466283599022,0.12279192389963832,-0.16572564958390948,0.0021586606066318743,0.0066826389827225365,-0.03932475561414504,0.0015800106462353354,-0.016623222629809906,0.0014043879925569522,-2.9606935988601286e-05
50,11,259,25.19112777709961,0.9830165636231607,0.20704296407639533,0.12279600875271242,-0.1657140943692867,0.002158915529503405,0.006830558684085264,-0.03920008790130262,0.001579022228870252,-0.01660238367051489,0.0014065079268253315,-2.9733537385157886e-05
50,11,260,25.191112518310547,0.9831375218029341,0.20703941713775018,0.12280010613601067,-0.1657025391546639,0.002159167032677879,0.006978564653282015,-0.039075564257465785,0.0015780096304402994,-0.01658152951139544,0.0014086191236005903,-2.9860249041902577e-05
50,11,261,25.191091537475586,0.9832583945587889,0.20703612875944094,0.122804454123792,-0.16569098394004111,0.0021594160487999475,0.007126647670849613,-0.03895118468263455,0.0015769728509454775,-0.01656066167243401,0.0014107215828827286,-2.998706447294195e-05
50,11,262,25.191076278686523,0.9833791553781822,0.20703301013073835,0.12280887729291824,-0.16567944776201574,0.002159660712580307,0.007274802468523383,-0.03882695718064256,0.0015759120210942456,-0.016539780153630584,0.0014128153046717464,-3.0113967463542446e-05
50,11,263,25.191057205200195,0.9834997900498589,0.20703003117790444,0.12281335058294111,-0.16566791158399036,0.0021599032001898117,0.007423021802439401,-0.03870288975532345,0.001574827140886603,-0.016518886474967617,0.0014148997925191706,-3.0240964499597494e-05
50,11,264,25.191041946411133,0.9836202922243106,0.207027161766503,0.12281784893341229,-0.16565635636936757,0.0021601430453061362,0.007571300404332992,-0.03857898240667722,0.0015737187331563852,-0.016497980636445104,0.0014169753442940852,-3.036803936637355e-05
50,11,265,25.19102668762207,0.9837406446320773,0.20702435708392808,0.12282232222343514,-0.16564476308154996,0.0021603804033700556,0.007719632347406399,-0.03845524313853752,0.0015725861443612983,-0.01647706567802793,0.0014190416621274065,-3.0495182335030485e-05
50,11,266,25.191007614135742,0.9838608283973285,0.20702160194673477,0.1228267453925614,-0.16563313172053756,0.0021606166733485477,0.00786800907072953,-0.03833168795857164,0.0015714302894605534,-0.016456140079733658,0.00142109864672944,-3.06223934055683e-05
50,11,267,25.19099235534668,0.9839808607527805,0.20701894126379378,0.12283116856168765,-0.16562148132292778,0.002160853565090141,0.008016423330438458,-0.03820830886294594,0.0015702507763287743,-0.016435205361544726,0.0014231460995207965,-3.0749656363253455e-05
50,11,268,25.190975189208984,0.9841007503746,0.20701647198591613,0.12283572956327958,-0.16560983092531797,0.002161089524187082,0.008164871175334676,-0.03808511785741087,0.0015690478663828787,-0.016414261523461135,0.0014251841197911704,-3.0876971208085946e-05
50,11,269,25.19095802307129,0.9842204847921159,0.20701417232745048,0.12284036574621644,-0.16559819956430558,0.0021613270376917766,0.008313345361554262,-0.037962122945800085,0.0015678219517482426,-0.016393313125430214,0.0014272125089611729,-3.100433145417235e-05
50,11,270,25.190940856933594,0.9843400749212359,0.2070120939846031,0.12284516482206731,-0.1655865872398906,0.002161562685907167,0.008461838645233286,-0.03783932412811359,0.0015665726402994899,-0.016372358647469522,0.001429231267030804,-3.113172088677914e-05
50,11,271,25.19092559814453,0.9844595239140413,0.20701032643754852,0.12285027715352201,-0.165574993952073,0.0021617961579517035,0.008610349709305585,-0.03771673741201866,0.0015653005855789145,-0.016351401129543947,0.0014312402947103686,-3.1259142748853015e-05
50,11,272,25.19091033935547,0.9845788410894979,0.20700891401581034,0.12285577792192548,-0.1655634197008528,0.0021620258994176317,0.008758867358708724,-0.0375943627975153,0.0015640055261695986,-0.01633044209163592,0.0014332394927101728,-3.138658731155385e-05
50,11,273,25.190893173217773,0.9846980029077567,0.20700781942505958,0.12286160447615693,-0.16555186448623002,0.00216225299839038,0.008907385008111864,-0.03747221629227081,0.0015626878541969186,-0.0163094830537279,0.001435228960319911,-3.15140383601481e-05
50,11,274,25.190876007080078,0.9848170007213641,0.20700698305616713,0.12286765657442317,-0.16554032830820464,0.002162477454869947,0.009055896730717244,-0.03735029389436835,0.001561347700369333,-0.016288525535802324,0.0014372083996704993,-3.164149589463577e-05
50,11,275,25.190860748291016,0.9849358117731459,0.20700635250434035,0.12287384650515508,-0.16552881116677667,0.002162698336211682,0.00920439462412786,-0.037228607609558394,0.00155998532610376,-0.016267569537859187,0.001439178009341327,-3.176895342912344e-05
50,11,276,25.19084358215332,0.9850544069040525,0.20700580777914263,0.12288002390566286,-0.16551727498875127,0.002162916264178686,0.009352870127413614,-0.03710716143975777,0.00155860060069174,-0.016246616579880937,0.0014411371935942267,-3.189639474887756e-05
50,11,277,25.190828323364258,0.9851727602605712,0.20700524440183887,0.12288601335280831,-0.16550571977412848,0.0021631299952447557,0.009501319289376,-0.036985959386883295,0.00155719391625865,-0.016225665141885132,0.0014430863495879767,-3.2023829582738274e-05
50,11,278,25.190813064575195,0.9852908623644094,0.20700469188521092,0.12289189002793638,-0.1654941264863109,0.002163341083817645,0.00964973552468418,-0.03686501745860225,0.0015557655342214069,-0.01620472130380154,0.0014450252787431878,-3.2151231987131895e-05
50,11,279,25.190799713134766,0.9854087243839762,0.20700420343397855,0.12289761634037462,-0.16548259030828552,0.00216354968533813,0.009798110930941142,-0.036744335654914646,0.0015543155852884697,-0.016183783545647725,0.0014469538817701655,-3.227860196205843e-05
50,11,280,25.190784454345703,0.9855263492235966,0.20700383010281048,0.12290335518303701,-0.16547105413026011,0.002163755022602332,0.009946440239882214,-0.036623921979654125,0.0015528440694598385,-0.016162856427371006,0.0014488722579586045,-3.2405936264571174e-05
50,11,281,25.190767288208008,0.9856437210168605,0.20700353372904245,0.12290906896525108,-0.16545949891563733,0.0021639578728141298,0.010094717524709636,-0.03650378443665433,0.001551351117443972,-0.016141936909006508,0.0014507802087291152,-3.2533221922883284e-05
50,11,282,25.190752029418945,0.9857608524418622,0.2070033747237115,0.12291478274746516,-0.16544798177420936,0.0021641580805327465,0.010242935541559486,-0.03638392302591526,0.0015498369906577875,-0.01612102955050155,0.0014526776347920038,-3.2660445965207934e-05
50,11,283,25.19074058532715,0.9858777135861619,0.20700328529036488,0.12292040881811016,-0.16543648366937877,0.0021643564229620596,0.010391087046567835,-0.03626435375510421,0.0015483019505182027,-0.01610013435185614,0.0014545645361472696,-3.278760839154512e-05
50,11,284,25.19072151184082,0.9859943106734329,0.20700329513546714,0.12292597223763439,-0.165425023637743,0.002164553055542844,0.010539162820271506,-0.036145076624221166,0.001546746389150594,-0.016079254353035158,0.0014564407142155238,-3.291470271600143e-05
50,11,285,25.190706253051758,0.9861106265561966,0.2070033969619159,0.1229314103549171,-0.16541363975249682,0.0021647454912226945,0.01068716088707125,-0.036026107640933426,0.0015451703065549611,-0.016058386514073725,0.0014583063675761556,-3.3041719209736726e-05
50,11,286,25.190692901611328,0.9862266586295936,0.20700356011292842,0.12293672316995825,-0.16540229394044545,0.0021649376160209947,0.010835071368970798,-0.03590744280332416,0.0015435740948566803,-0.016037536914901607,0.0014601615955188595,-3.3168651386857605e-05
50,11,287,25.190677642822266,0.9863424433938393,0.20700401450099698,0.12294229911970664,-0.16539098620158887,0.002165129740819295,0.01098288570504006,-0.03578909411714385,0.0015419578847642105,-0.01601670403553636,0.0014620057030157734,-3.3295486275577224e-05
50,11,288,25.190662384033203,0.9864579479189397,0.20700467772466852,0.12294805049259318,-0.16537967846273233,0.0021653198448875156,0.011130598627014363,-0.035671077590059774,0.0015403216762775516,-0.01599589547589021,0.0014638393850947594,-3.342222063294888e-05
50,11,289,25.190650939941406,0.9865731406733288,0.20700536244750212,0.12295366403301403,-0.16536837072387575,0.0021655094826334106,0.011278203549562864,-0.03555338521823829,0.0015386659922305387,-0.015975102116068486,0.0014656621453073447,-3.354884797307915e-05
50,11,290,25.19063377380371,0.9866880240494074,0.20700613579246258,0.12295925251298657,-0.16535706298501918,0.0021656957006822484,0.011425692570288555,-0.03543602900742986,0.0015369908326231716,-0.015954334595948295,0.0014674740829432238,-3.36753553241812e-05
50,11,291,25.19062042236328,0.986802614164761,0.20700709314990462,0.12296500388587311,-0.16534573620956522,0.0021658767891855,0.011573057786794424,-0.03531901295955132,0.0015352965895808269,-0.01593358835558231,0.0014692748008436186,-3.3801736200361616e-05
50,11,292,25.190603256225586,0.9869169115173658,0.20700825574000511,0.12297100586324272,-0.16533435232431903,0.0021660539916693693,0.011720295247881969,-0.03520234107651947,0.0015335835245204217,-0.015912863394970528,0.0014710646961673072,-3.392798411572698e-05
50,11,293,25.19059181213379,0.987030900519736,0.20700962388252878,0.1229772083241988,-0.16532294940247547,0.0021662265309299786,0.011867395734088007,-0.03508602936600161,0.0015318520295673325,-0.01589216579404272,0.0014728435703349006,-3.4054092584383874e-05
50,11,294,25.190576553344727,0.9871446099435918,0.20701135359346115,0.12298382428255195,-0.1653115655172293,0.0021663951841712045,0.012014350025949364,-0.03497008182991457,0.0015301019740131005,-0.015871494032816444,0.001474611125477315,-3.418005512043889e-05
50,11,295,25.19056510925293,0.9872580381430497,0.20701339995701604,0.12299080361740554,-0.16530018163198312,0.0021665611949192505,0.012161162074664545,-0.03485449046442469,0.001528333749983102,-0.015850849631274148,0.0014763677587533287,-3.430585550915847e-05
50,11,296,25.190549850463867,0.9873711492276208,0.20701566667692303,0.12299788319405237,-0.16528887389312658,0.0021667259621410933,0.012307823977836536,-0.034739271277199266,0.0015265476188942545,-0.015830232589415825,0.0014781131722938579,-3.443149699348932e-05
50,11,297,25.19053840637207,0.9874839350064051,0.20701811489719743,0.12300505048226829,-0.1652776042274648,0.002166890884803712,0.012454322564803659,-0.0346244242682383,0.001524743580746558,-0.01580964442722392,0.0014798471675195137,-3.455696335869792e-05
50,11,298,25.190523147583008,0.9875963720955495,0.2070207078015375,0.12301219271003588,-0.16526641070819265,0.002167055962907106,0.012600656518499743,-0.03450996544520908,0.0015229221583738471,-0.015789088184663323,0.0014815700422993797,-3.468225136183754e-05
50,11,299,25.19051170349121,0.9877084532252451,0.20702342936149473,0.12301930987735517,-0.1652552742987127,0.002167220263806623,0.01274681661946161,-0.034395898810028434,0.0015210834824845813,-0.015768565381716473,0.0014832813994746779,-3.480735451701477e-05
50,11,300,25.19049644470215,0.9878201772795936,0.20702629297203867,0.12302645210512277,-0.16524417596242755,0.002167383632061488,0.012892793648226082,-0.03428222836461317,0.001519228075912595,-0.015748072978418487,0.0014849814376247969,-3.493225660949607e-05
50,11,301,25.19048309326172,0.9879315350299412,0.2070292547301284,0.12303349409109714,-0.165233153772532,0.0021675468448755777,0.01303858760479316,-0.0341689541089633,0.0015173560693663474,-0.015727618574681575,0.0014866704546188205,-3.5056964125174856e-05
50,11,302,25.19046974182129,0.9880425174114167,0.20703236472063552,0.12304057366774397,-0.16522216965583125,0.0021677091250450154,0.013184187952633496,-0.034056096052662924,0.001515467593554297,-0.015707197610558415,0.0014883477554288873,-3.518145436342417e-05
50,11,303,25.190460205078125,0.9881531033148805,0.2070355033214927,0.1230474903514768,-0.16521122361232532,0.0021678673637542953,0.013329586789350081,-0.03394365019379522,0.0015135631713102788,-0.015686816165978775,0.001490013737213775,-3.530573056719071e-05
50,11,304,25.190444946289062,0.9882633211702625,0.20703882497515896,0.12305460751879609,-0.1652002394956246,0.002168021871884967,0.013474782797876747,-0.033831620534277025,0.0015116431947596691,-0.01566647120097777,0.0014916683006837893,-3.542977976468765e-05
50,11,305,25.190431594848633,0.9883731631214698,0.2070423671135316,0.12306191263947769,-0.16518927441552125,0.0021681743592855593,0.013619766758750314,-0.033720023081775616,0.0015097072717770916,-0.015646167275502727,0.001493311247259541,-3.5553595470021575e-05
50,11,306,25.190418243408203,0.9884826196762929,0.20704604669485477,0.1230693180019525,-0.1651782902988205,0.002168319540969712,0.013764537354904615,-0.03360884983245735,0.0015077563173217577,-0.01562590438955365,0.0014949427755204191,-3.5677167954352355e-05
50,11,307,25.19040870666504,0.9885916671334268,0.2070498257164438,0.12307671083420318,-0.1651673252187172,0.002168461769279133,0.013909081415677968,-0.03349811679398952,0.0015057903313936672,-0.015605682543130536,0.0014965626868870348,-3.580049397473328e-05
50,11,308,25.19039535522461,0.9887003070738265,0.2070536744970922,0.12308401595488477,-0.16515639821180864,0.002168601976858475,0.01405340025813654,-0.033387815962538474,0.0015038095754097377,-0.01558550477619827,0.0014981712792284713,-3.5923567045270935e-05
50,11,309,25.190383911132812,0.9888085156495547,0.20705755386633384,0.12309124589422145,-0.1651454521683027,0.002168739386503861,0.01419748729694949,-0.0332779633457715,0.0015018143107868869,-0.015565369568774414,0.001499768155385951,-3.6046377437125194e-05
50,11,310,25.190372467041016,0.9889163053259774,0.20706152346050039,0.1230984006522132,-0.16513456323458897,0.002168874775419168,0.014341330678521301,-0.033168558943688614,0.001499805191067408,-0.015545279960823851,0.0015013532160697788,-3.6168915421455933e-05
50,11,311,25.190357208251953,0.9890236644591726,0.20706557438102685,0.1231055178195325,-0.16512369333747265,0.0021690075218412943,0.014484923817521136,-0.03305961276108185,0.0014977823469597606,-0.015525237472329024,0.0015029268584387332,-3.629117451236974e-05
50,11,312,25.19034767150879,0.9891305767603883,0.20706963826694705,0.12311250968461025,-0.16511282344035633,0.0021691382475333416,0.014628261445684318,-0.03295112679890964,0.0014957459091724027,-0.015505240583307489,0.0015044887846237304,-3.641314822397318e-05
50,11,313,25.19033432006836,0.9892370653819932,0.20707387256128063,0.12311951407991216,-0.165102048726227,0.0021692678851399612,0.014771340928878511,-0.03284311106196402,0.0014936964005391696,-0.015485293853706578,0.001506039292493854,-3.653483331331956e-05
50,11,314,25.190322875976562,0.9893431117201603,0.2070782071465868,0.12312656859611068,-0.16509125497550028,0.002169396434661154,0.014914149096442033,-0.032735569552161815,0.0014916342131854378,-0.015465398803508732,0.0015075780841800207,-3.665621356567533e-05
50,11,315,25.1903133392334,0.9894487353496659,0.20708275417911665,0.12313373588432658,-0.16508053737116316,0.0021695224971299415,0.015056681997176379,-0.03262850627141986,0.0014895594778196655,-0.01544555391273151,0.0015091051596822303,-3.6777292223987206e-05
50,11,316,25.19029998779297,0.9895539117077148,0.207087415051001,0.1231409532934391,-0.16506981976682605,0.0021696459171055486,0.015198935679883042,-0.032521925221654965,0.0014874724558587705,-0.015425762221339795,0.0015106207175798717,-3.689805307352164e-05
50,11,317,25.190288543701172,0.9896586473344859,0.20709224910552174,0.12314824588389654,-0.16505915927228113,0.0021697665391471996,0.015340903559231183,-0.032415832405742376,0.0014853739315535055,-0.01540602372933359,0.0015121244600038615,-3.701849611427863e-05
50,11,318,25.190279006958008,0.9897629565880323,0.20709731574965035,0.12315563871614722,-0.16504861299732063,0.0021698851404587717,0.01548258036695613,-0.032310225822723665,0.0014832636434869526,-0.015386338436712893,0.0015136165855335888,-3.713861161741806e-05
50,11,319,25.19026756286621,0.9898668241910642,0.20710259810961038,0.12316320697153604,-0.16503810479555495,0.0021700012547179385,0.015623959517727036,-0.03220511747834931,0.001481142245201406,-0.015366709383442591,0.0015150969948793589,-3.725838985409978e-05
50,11,320,25.190256118774414,0.9899702655873812,0.20710816999018766,0.12317107595230456,-0.16502763466698406,0.002170113793839273,0.01576503837741157,-0.03210050737261931,0.001479009867405324,-0.015347138089505127,0.0015165657873308662,-3.73778243384304e-05
50,11,321,25.190244674682617,0.9900732585736721,0.20711396298080487,0.12317913288643537,-0.16501720261160796,0.0021702254003159553,0.015905809043612718,-0.031996403509367305,0.001476867032932542,-0.015327623034918058,0.0015180229628881112,-3.749691182746321e-05
50,11,322,25.190235137939453,0.9901757834582886,0.20711990188378737,0.12318727753213526,-0.16500678959282927,0.0021703379394372893,0.016046270199264315,-0.03189280989051012,0.0014747137417830598,-0.015308168779628714,0.0015194685215510935,-3.761564259235806e-05
50,11,323,25.190223693847656,0.9902778503879651,0.20712608200962612,0.12319567278231823,-0.16499639561064797,0.002170451100321725,0.016186409990770843,-0.03178973652083981,0.0014725505167907124,-0.015288775323637094,0.0015209022647404242,-3.773401014722155e-05
50,11,324,25.19021224975586,0.9903794469409241,0.20713244385581703,0.12320414321384612,-0.1649860777748563,0.0021705627067984076,0.016326227101066137,-0.03168718340035637,0.001470377750080876,-0.015269444186925642,0.0015223246889045758,-3.7852011249106975e-05
50,11,325,25.190202713012695,0.990480557672081,0.20713894181716283,0.123212613645374,-0.1649758360854542,0.0021706741578343147,0.016465716261885522,-0.03158515653193504,0.0014681957030704684,-0.015250178409459242,0.001523735496174465,-3.7969632926227496e-05
50,11,326,25.19019317626953,0.9905811923071249,0.20714564080566059,0.12322124696981589,-0.16496563246924695,0.0021707812565285125,0.01660486825376582,-0.03148365991749264,0.0014660046371764068,-0.015230974951273011,0.001525134785839786,-3.808687842152982e-05
50,11,327,25.190181732177734,0.9906813490487693,0.2071525699844751,0.12323006824762009,-0.16495548596283188,0.002170887111696508,0.016743677808442357,-0.031382701560862813,0.0014638049445240677,-0.015211836852331833,0.0015265222600314556,-3.820372827733369e-05
50,11,328,25.19017219543457,0.9907810194480235,0.20715966095819763,0.12323901482766582,-0.16494535849301423,0.002170991878779076,0.016882142291782795,-0.03128227545917033,0.0014615972786557446,-0.015192765632618153,0.0015278983159082514,-3.8320182493639116e-05
50,11,329,25.19016456604004,0.9908801650092585,0.2071667482788439,0.1232477859845734,-0.16493526909639136,0.00217109446969079,0.017020252484323962,-0.03118238561433201,0.0014593815088629787,-0.015173758252167081,0.0015292627548907848,-3.843623782749939e-05
50,11,330,25.190155029296875,0.9909787672779756,0.20717377178298832,0.12325628147654959,-0.1649252177729633,0.0021711950398724243,0.017158007068999684,-0.031083038029223086,0.0014571581579796054,-0.015154819270925952,0.0015306155769790556,-3.855188455007437e-05
50,11,331,25.190143585205078,0.9910768302130367,0.20718079701252876,0.12326463913606009,-0.16491518548613263,0.0021712912577123494,0.01729540077754529,-0.03098424270863561,0.001454927487422542,-0.015135947168912317,0.0015319567821730636,-3.8667116175470666e-05
50,11,332,25.190135955810547,0.9911743719652387,0.20718788287936069,0.12327293414444983,-0.16490519127249678,0.002171384677618319,0.01743242570756377,-0.030885993649694354,0.0014526900200256233,-0.015117148026055953,0.001533286668341893,-3.878192946074154e-05
50,11,333,25.190122604370117,0.9912713809623668,0.20719502093440778,0.12328115397149464,-0.16489523513205573,0.0021714762322349846,0.017569081859055122,-0.030788300857191375,0.0014504458864973084,-0.015098418802391971,0.0015346049376164597,-3.8896317919993596e-05
50,11,334,25.19011116027832,0.991367885014349,0.20720234406794108,0.12328949910078099,-0.16488533610140688,0.0021715635899507164,0.01770536132962234,-0.030691164331126664,0.0014481954789629734,-0.01507975797793793,0.0015359117885761528,-3.9010265338493284e-05
50,11,335,25.190107345581055,0.9914638803304359,0.2072098438143934,0.12329795700208473,-0.16487549418055025,0.002171649704140246,0.01784125753393458,-0.030594586072458643,0.0014459390588395357,-0.015061170112641157,0.0015372070226415836,-3.912378144508073e-05
50,11,336,25.190095901489258,0.99155935294229,0.20721748129964226,0.12330651514518169,-0.164865671296291,0.0021717325540734933,0.017976765203727166,-0.030498572084062536,0.001443677410377748,-0.015042656726484097,0.0015384909376818352,-3.92368532679691e-05
50,11,337,25.190088272094727,0.9916542979395876,0.20722523313937105,0.12331511087895111,-0.16485588648522656,0.0021718129169543358,0.0181118803878016,-0.030403122365938347,0.0014414104028691514,-0.015024216299484305,0.0015397632358278243,-3.9349474321264976e-05
50,11,338,25.190078735351562,0.9917487122490838,0.20723311287692417,0.12332381938473792,-0.16484610167416214,0.002171892191749751,0.018246601769091708,-0.03030824292096131,0.0014391384284391222,-0.015005848831641784,0.001541024314238329,-3.9461641362021645e-05
50,11,339,25.19007110595703,0.9918426089518477,0.2072411644338089,0.12333264066254211,-0.16483637397288992,0.0021719703784597384,0.018380918811068143,-0.030213929747214603,0.0014368618792130368,-0.014987557362921417,0.001542273775754571,-3.9573344661398985e-05
50,11,340,25.190061569213867,0.991935951527916,0.20724926000833938,0.1233414118194497,-0.16482666530821508,0.002172048876051277,0.018514834147863247,-0.030120192849490277,0.0014345810166078127,-0.014969341893323206,0.001543512216114718,-3.9684584219397e-05
50,11,341,25.190053939819336,0.9920287475714055,0.20725743591063456,0.12335014538568481,-0.16481701375333246,0.0021721269073204895,0.018648338560013838,-0.030027032227788335,0.0014322962327488256,-0.014951205462812037,0.0015447391388702968,-3.979534382128215e-05
50,11,342,25.190046310424805,0.9921210146729238,0.2072657951188518,0.12335901678438561,-0.16480741930824203,0.0021722046277081516,0.018781425462189076,-0.029934451884025604,0.0014300079197614526,-0.014933148071387908,0.0015459548418903914,-3.9905629952947836e-05
50,11,343,25.190038681030273,0.9922127554664891,0.20727435938911573,0.12336803854577627,-0.16479790100954123,0.002172278928398756,0.018914094854388958,-0.029842453819160487,0.001427716208354152,-0.014915169719050823,0.001547159225885307,-4.001543288555395e-05
50,11,344,25.19002914428711,0.9923039441891749,0.20728301507385774,0.12337704777694276,-0.1647884398206326,0.0021723529182078104,0.019046338834216477,-0.029751040034151396,0.0014254217520692173,-0.014897270405800779,0.0015483525887241272,-4.012474613320706e-05
50,11,345,25.190019607543945,0.9923945999059254,0.20729184396448244,0.12338608206855757,-0.1647791118879058,0.002172424887286785,0.019178153450473127,-0.029660208528039928,0.001423124681615108,-0.014879451651620218,0.0015495346325377687,-4.023356645296047e-05
50,11,346,25.19001579284668,0.9924847132822251,0.207300866876718,0.12339522913218975,-0.16476987913816601,0.002172493592109478,0.019309534751960407,-0.02956997330753495,0.0014208253891171995,-0.014861714976491587,0.0015507054566159255,-4.034189060186747e-05
50,11,347,25.190006256103516,0.9925742870838915,0.20731005976283126,0.12340450149806348,-0.16476070349821845,0.0021725605870836426,0.019440477470413636,-0.029480326368802823,0.0014185242667008686,-0.014844061900397327,0.0015518654581173764,-4.044971533698134e-05
50,11,348,25.18999671936035,0.9926632711213496,0.20731925738865195,0.12341369868259228,-0.16475152785827085,0.0021726269602947057,0.01957098423996516,-0.029391283719510837,0.0014162217064914915,-0.014826493943319878,0.001553014637042121,-4.055703092946196e-05
50,11,349,25.189987182617188,0.9927516624008479,0.20732839852920684,0.12342267032308632,-0.16474239029151808,0.002172691934538791,0.01970104452408562,-0.029302835354866934,0.0014139178391975268,-0.014809009585276802,0.001554152695521076,-4.066383737930933e-05
50,11,350,25.189983367919922,0.9928394883026186,0.2073376235803568,0.12343170461470113,-0.1647332527247653,0.002172754421730471,0.01983065568864269,-0.029214983275829522,0.0014116127955274334,-0.014791611866232984,0.0015552797328439354,-4.077012171473662e-05
50,11,351,25.189973831176758,0.9929267548386029,0.2073469988634386,0.12344078902721253,-0.16472421034099952,0.0021728147327512966,0.01995980983123936,-0.029127735486232254,0.0014093076211488813,-0.014774297746223537,0.0015563959475900888,-4.087588717869054e-05
50,11,352,25.18996810913086,0.9930134400701219,0.20735641939215615,0.12344982331882734,-0.16471520603042855,0.0021728733339235937,0.020088513537206466,-0.029041091986075122,0.0014070017932280353,-0.014757071785195789,0.0015575014390492305,-4.098112728527767e-05
50,11,353,25.189958572387695,0.9930995150204585,0.20736575563888612,0.12345864459663153,-0.1647062017198576,0.0021729285153988336,0.02021675100174999,-0.02895505477631654,0.001404696226724107,-0.014739935503132186,0.0015585961079316662,-4.1085838791551296e-05
50,11,354,25.189952850341797,0.9931850061613675,0.2073751345516947,0.1234673906930908,-0.16469725451907882,0.0021729821424663204,0.020344528810200775,-0.02886962385695651,0.001402390921637096,-0.014722885860067838,0.0015596801528167848,-4.11900119686713e-05
50,11,355,25.189945220947266,0.9932699330564896,0.20738465914288903,0.1234762620917916,-0.16468834539149485,0.002173033282481402,0.02047183906016181,-0.02878480122895344,0.0014000865315092962,-0.01470592893593252,0.0015607536729942808,-4.1293653302531084e-05
50,11,356,25.189939498901367,0.9933543098298482,0.20739438796458065,0.12348528385318226,-0.1646795314468979,0.002173084733378034,0.020598677800434593,-0.02870058489134892,0.0013977830563407078,-0.014689058650796461,0.00156181656917446,-4.139675306429054e-05
50,11,357,25.189929962158203,0.9934380983276541,0.20740418502781172,0.12349425549367629,-0.16467079364869056,0.0021731349407484637,0.020725035811555943,-0.028616984848935004,0.0013954812803820833,-0.014672279564606988,0.0015628688413573217,-4.149930476805625e-05
50,11,358,25.189926147460938,0.9935212867193858,0.2074139749828085,0.12350302665058388,-0.16466215103347023,0.0021731843709150165,0.02085091309352586,-0.028533997099794872,0.0013931806807995874,-0.0146555916773641,0.0015639104895428665,-4.1601308413828205e-05
50,11,359,25.189918518066406,0.9936039264697502,0.20742395757578852,0.12351198576085376,-0.16465356552804208,0.0021732338010815692,0.020976305695145837,-0.028451611639136468,0.0013908817804270553,-0.0146389949890678,0.0015649417123104834,-4.1702754272766284e-05
50,11,360,25.189910888671875,0.9936860011296851,0.20743411021241118,0.12352107017336518,-0.16464505616900357,0.0021732824540442457,0.021101217567614385,-0.028369840472710257,0.0013885854942236983,-0.014622491019700529,0.0015659624103704778,-4.180364234487048e-05
50,11,361,25.189903259277344,0.9937674943120701,0.20744436380676237,0.12353016711610075,-0.16463662295635464,0.0021733304852438206,0.021225640808534486,-0.028288685601474652,0.0013862912993556813,-0.014606076729297401,0.001566972980881628,-4.1903975873087514e-05
50,11,362,25.189899444580078,0.9938484040025443,0.20745464319944748,0.12353917634726724,-0.16462824685349792,0.0021733788273249465,0.021349576734972318,-0.028208133018720775,0.0013839999800737569,-0.01458975819778819,0.001567972927395461,-4.200374188563054e-05
50,11,363,25.18989372253418,0.9939287335350475,0.20746505785915914,0.12354828582022696,-0.16461992786043342,0.0021734245269128915,0.021473013493332357,-0.028128202734032735,0.0013817117977948424,-0.014573530865225564,0.0015689627463604497,-4.210293713955285e-05
50,11,364,25.18988800048828,0.9940084782711298,0.20747554795948628,0.123557420353635,-0.1646116469405637,0.002173466029599903,0.021595956351879282,-0.028048886743576893,0.0013794267525189382,-0.014557400811539297,0.0015699426363559833,-4.220156812074788e-05
50,11,365,25.189878463745117,0.9940876505423045,0.2074862007897534,0.12356673031018119,-0.1646034040938888,0.0021735041125898573,0.021718393457017576,-0.027970191050228473,0.0013771456284967962,-0.014541366516746947,0.0015709122995129778,-4.2299618614482064e-05
50,11,366,25.18987464904785,0.9941662423953368,0.20749694075886213,0.1235761405085206,-0.1645951612472139,0.002173538620441979,0.021840328759945748,-0.02789210765015384,0.0013748682950199583,-0.01452542646086607,0.0015718717358314336,-4.239709510664883e-05
50,11,367,25.18986701965332,0.9942442703230198,0.20750781889091618,0.12358573866022232,-0.164586918400539,0.002173570796682471,0.021961758309465285,-0.027814630540477756,0.0013725950135053417,-0.014509582163879108,0.0015728212431804342,-4.249398786840804e-05
50,11,368,25.189863204956055,0.994321708643976,0.20751875918985185,0.12359534934214819,-0.1645787136270589,0.002173602506600637,0.02208267552024535,-0.027737769725992276,0.0013703263067867814,-0.01449383210580362,0.001573760523690896,-4.259030338565313e-05
50,11,369,25.189855575561523,0.994398547795166,0.20752971588840596,0.12360492243340161,-0.1645705278901762,0.002173634216518803,0.022203080392285947,-0.0276615252066974,0.0013680623055727361,-0.014478177806622045,0.0015746900738112916,-4.268602868659726e-05
50,11,370,25.189849853515625,0.9944747755124234,0.2075406209361568,0.12361426998062025,-0.1645624182996831,0.0021736668590816213,0.022322967657322394,-0.027585894981634725,0.0013658031405716646,-0.014462620786316832,0.0015756095956725377,-4.278117025713384e-05
50,11,371,25.18984603881836,0.9945504349557577,0.20755169042295596,0.12362365511851137,-0.16455446100196922,0.0021736991907628884,0.02244233863242087,-0.02751088105176265,0.0013635495960343195,-0.01444715800492309,0.0015765193871437174,-4.287571512547604e-05
50,11,372,25.18984031677246,0.9946255169388143,0.2075628710666412,0.12363304025640247,-0.16454661792383976,0.0021737322996480323,0.022561190683449025,-0.02743648141612277,0.0013613015412522421,-0.014431797062353036,0.0015774195475145257,-4.2969673020463986e-05
50,11,373,25.189834594726562,0.994700008538155,0.20757410099379725,0.12364237527339696,-0.1645388509920999,0.002173766652059379,0.0226795185421422,-0.027362696074715084,0.001359058976225432,-0.014416533398659342,0.0015783098782055733,-4.306303097031084e-05
50,11,374,25.189828872680664,0.99477393180965,0.2075854764272927,0.12365184812285715,-0.16453114117015222,0.0021738010044707254,0.02279732484263272,-0.02728952302658118,0.0013568225544961835,-0.014401367013842006,0.0015791905777962495,-4.315578897501661e-05
50,11,375,25.1898250579834,0.9948472906771181,0.20759702556360848,0.12366145880478302,-0.16452352653119157,0.002173835356882072,0.022914599048391243,-0.027216964272679472,0.0013545924067729551,-0.014386299427883472,0.0015800617455762485,-4.3247950277527994e-05
50,11,376,25.1898193359375,0.9949200747596664,0.20760867999843285,0.12367116972850212,-0.16451594996542573,0.0021738706419380705,0.02303134379355011,-0.027145015811093135,0.0013523685330557467,-0.014371329120801298,0.0015809234808352652,-4.333950514900488e-05
50,11,377,25.1898136138916,0.9949922360341381,0.20762026585951923,0.12368074281975554,-0.16450837339965987,0.0021739068596387206,0.02314754854157997,-0.027073689647572636,0.0013501518483037698,-0.01435645913256037,0.0015817755849939104,-4.343045683239396e-05
50,11,378,25.189809799194336,0.9950638217252284,0.20763192476029144,0.12369039109235387,-0.16450081587049145,0.0021739402794054155,0.02326322119487783,-0.027002967773492276,0.0013479420911001066,-0.014341684903213355,0.0015826183559212675,-4.352080208474854e-05
50,11,379,25.189804077148438,0.9951348302874655,0.2076436776082678,0.12370015213696958,-0.16449327737792038,0.0021739729219682332,0.023378353851046686,-0.02693285619172729,0.0013457396535701337,-0.014327010992707586,0.0015834517936173368,-4.361054414901532e-05
50,11,380,25.18979835510254,0.9952052511451044,0.20765550168635133,0.1237099382420336,-0.16448579599514154,0.0021740027665970957,0.023492949144218872,-0.026863360905152907,0.001343544927839227,-0.014312437401043062,0.0015842758980821184,-4.369967005340746e-05
50,11,381,25.189794540405273,0.9952750918276987,0.2076673956207921,0.12371977446799425,-0.16447835268555752,0.0021740302796143278,0.02360700444026205,-0.026794473909935484,0.0013413576524904693,-0.014297964128219785,0.0015850907686053065,-4.3788189526765106e-05
50,11,382,25.189790725708008,0.995344344370549,0.2076793211137554,0.1237295229823858,-0.1644710045589605,0.002174053906612177,0.02372051447091155,-0.026726195206075026,0.0013391787424830717,-0.014283592694220195,0.001585896703055985,-4.3876096083194825e-05
50,11,383,25.189783096313477,0.995412995905484,0.20769121664418683,0.12373910860386338,-0.16446373257875307,0.0021740753574391717,0.023833473967902696,-0.026658524793571527,0.0013370080671085752,-0.01426932157906185,0.0015866935028547647,-4.3963386479749915e-05
50,11,384,25.189781188964844,0.9954810688948911,0.20770320862885167,0.12374871928578925,-0.16445655578153265,0.002174094632095312,0.023945885565367826,-0.02659146667434181,0.0013348456263669805,-0.01425515078274475,0.0015874815651604236,-4.4050067202323784e-05
50,11,385,25.18977928161621,0.9955485796300834,0.20771535637509286,0.12375845526995666,-0.16444947416729924,0.0021741114196990466,0.024057751897439278,-0.026525016846469053,0.0013326918123836632,-0.014241083345233782,0.0015882608899729623,-4.4136138250916444e-05
50,11,386,25.189773559570312,0.9956155236992157,0.2077276200969067,0.12376825390524485,-0.16444248773605286,0.002174126963776579,0.024169062427587703,-0.026459171308036437,0.001330547409409376,-0.014227114706581617,0.0015890311794232964,-4.422158989668776e-05
50,11,387,25.189769744873047,0.995681881874638,0.2077398794704227,0.12377793976851564,-0.16443557745119605,0.002174140798005583,0.0242798171558131,-0.02639392405616873,0.001328411502484908,-0.014213247906753138,0.0015897924335114264,-4.430642213963773e-05
50,11,388,25.18976593017578,0.995747620867585,0.20775198449818508,0.1237873123761826,-0.16442870523953407,0.0021741549431161375,0.024390021350380146,-0.026329277091824334,0.00132628500656947,-0.014199481425765905,0.0015905452479755197,-4.439063822271308e-05
50,11,389,25.189760208129883,0.9958127661865198,0.20776407619774168,0.12379663486295293,-0.1644218520644695,0.0021741693991082427,0.024499675011288836,-0.02626523441692008,0.0013241681830799795,-0.014185818303584804,0.0015912896228155759,-4.447423490296708e-05
50,11,390,25.189754486083984,0.9958773286328311,0.20777615957306464,0.12380591975905081,-0.1644150179260023,0.0021741855649488762,0.02460876760200983,-0.02620178602666391,0.001322060901307978,-0.014172253980262506,0.0015920250615831224,-4.455721218039975e-05
50,11,391,25.18975067138672,0.9959413194958759,0.20778831671145764,0.12381527983649361,-0.16440822186072993,0.0021742015753487345,0.02471730175667546,-0.026138937923931054,0.0013199635533788416,-0.01415879453572878,0.0015927523585957156,-4.4639570055011066e-05
50,11,392,25.189748764038086,0.9960047243382881,0.20780047848379107,0.12382457726281564,-0.16440148290524975,0.002174218207511694,0.024825269572888716,-0.026076690108721514,0.001317875877875653,-0.014145436930018743,0.0015934711166945776,-4.472130852680105e-05
50,11,393,25.189743041992188,0.9960675303649132,0.20781255538923846,0.12383371179622367,-0.164394762986367,0.002174234995115429,0.024932678953046614,-0.02601503657816006,0.0013157987897576232,-0.014132185723079725,0.0015941819316178751,-4.4802430838716404e-05
50,11,394,25.189739227294922,0.9961297529032143,0.2078246209617464,0.12384270849716601,-0.16438813825047122,0.002174252715363816,0.02503952726301681,-0.02595397733224669,0.0013137321583162936,-0.01411903483498195,0.0015948842076274413,-4.4882927261917e-05
50,11,395,25.189735412597656,0.9961914038022204,0.2078367411887321,0.12385165507721174,-0.16438162773415985,0.0021742691920860003,0.02514580923453463,-0.025893514371939815,0.001311676114260123,-0.014105987305690309,0.0015955783418820542,-4.496280428229625e-05
50,11,396,25.18973159790039,0.996252514106514,0.2078490273607317,0.12386076455017146,-0.1643752124008355,0.002174284425281982,0.025251527501732415,-0.02583363969340579,0.00130963078829757,-0.014093043135204797,0.001596264532961103,-4.504205865690745e-05
50,11,397,25.189729690551758,0.9963130566555577,0.2078613585667306,0.12386986149290705,-0.16436887321390076,0.0021742971714255586,0.02535667943047783,-0.025774355297603024,0.001307596572554011,-0.014080200803542975,0.0015969427808645877,-4.5120700114590734e-05
50,11,398,25.189727783203125,0.996373042710518,0.20787380767418928,0.12387917144945322,-0.16436253402696602,0.0021743089849244833,0.025461259752506196,-0.025715665186448345,0.001305573467029446,-0.014067463350669726,0.0015976131848822025,-4.5198715683559254e-05
50,11,399,25.18972396850586,0.9964324750796767,0.2078863223227606,0.12388850646644772,-0.1643562709864209,0.0021743178450486767,0.025565271101949855,-0.02565755535323287,0.0013035614717238748,-0.014054830776585052,0.0015982755464345588,-4.5276111849706436e-05
50,11,400,25.18971824645996,0.9964913516339804,0.2078989016324272,0.12389789160433883,-0.16435006505566796,0.0021743231300350376,0.025668716112941144,-0.02560002779891501,0.0013015605866372973,-0.014042300041324066,0.0015989302626804346,-4.535288212713886e-05
50,11,401,25.189716339111328,0.9965496908344689,0.20791163443547936,0.1239075022862647,-0.16434389719810982,0.0021743288813437247,0.025771594785480054,-0.025543082523494774,0.001299571465312008,-0.014029874184851656,0.0015995772343301354,-4.542903300174994e-05
50,11,402,25.189712524414062,0.996607486096463,0.20792445148255123,0.12391720067975964,-0.16433778645034391,0.0021743330782446582,0.025873899217169587,-0.025486711523138507,0.0012975939770395472,-0.01401754864722049,0.0016002165606733556,-4.5504564473539684e-05
50,11,403,25.189708709716797,0.9966647002379528,0.20793716530942932,0.12392674871056475,-0.16433167570257798,0.0021743372751455922,0.025975632042142073,-0.025430912796887802,0.0012956282525283741,-0.014005324948413013,0.0016008481424204008,-4.55794797854548e-05
50,11,404,25.18970489501953,0.9967213454176521,0.20794983446031212,0.12393619649957663,-0.16432560302800686,0.0021743445808620324,0.02607678799213284,-0.02537568634474266,0.0012936745531954064,-0.013993204608411665,0.0016014722774403546,-4.565377245160186e-05
50,11,405,25.1897029876709,0.9967774380290335,0.20796251857991713,0.1239455941676919,-0.16431960649982535,0.0021743529746638996,0.026177372335406558,-0.025321028164786256,0.0012917327483321851,-0.013981186107234008,0.0016020887671538279,-4.5727455443767706e-05
50,11,406,25.189701080322266,0.9968329719952557,0.20797517913523478,0.12395487906378977,-0.16431368611803346,0.002174362145669644,0.026277382437830895,-0.025266936256060184,0.0012898030993556278,-0.013969269444880038,0.0016026979094299041,-4.58005125472188e-05
50,11,407,25.189697265625,0.9968879775175383,0.2079879423501455,0.12396426420168087,-0.16430784188263114,0.002174374736372445,0.026376820933538186,-0.025213406616647616,0.0012878856062657343,-0.01395745158138487,0.0016032994063995,-4.5872950247848545e-05
50,11,408,25.189695358276367,0.9969424493248517,0.20800075463646733,0.12397363680934782,-0.16430209283021585,0.0021743885706014487,0.026475682554263757,-0.02516043324367332,0.001285980661187881,-0.013945734036730948,0.0016038938538007828,-4.594477503155038e-05
50,11,409,25.189693450927734,0.9969964315404355,0.20801381789304568,0.12398336026329108,-0.16429641992419017,0.0021744013167450255,0.02657397520240462,-0.02510801413617889,0.0012840880027051506,-0.013934119850883156,0.0016044808544749742,-4.601598041243086e-05
50,11,410,25.18968963623047,0.9970498615924676,0.20802686033066453,0.12399298347544112,-0.1642908231645541,0.0021744128193623992,0.02667168570729909,-0.025056155297039556,0.0012822078922344604,-0.013922602943911724,0.0016050606070014631,-4.608657287638342e-05
50,11,411,25.189685821533203,0.9971027448687817,0.20803982325113266,0.12400243126445298,-0.16428528351471022,0.0021744216794865926,0.026768827239608852,-0.025004838717629617,0.0012803401990673514,-0.013911187875763979,0.0016056332106699444,-4.615654918046135e-05
50,11,412,25.18968391418457,0.9971550582826129,0.20805265240188534,0.12401174122099917,-0.16427970579167156,0.002174429451525359,0.02686539453106923,-0.024954076403699538,0.001278485446037659,-0.013899874646439924,0.0016061990626391961,-4.622592553939819e-05
50,11,413,25.189682006835938,0.9972068473873151,0.2080655189292996,0.12402112635889027,-0.16427414710523028,0.0021744327157816406,0.026961387581680228,-0.02490385835045727,0.0012766433717284655,-0.013888661735957113,0.0016067576664607456,-4.629467925256699e-05
50,11,414,25.189678192138672,0.9972581130459275,0.20807839892643346,0.12403052402700554,-0.16426862649198382,0.0021744325603408653,0.027056801123177168,-0.024854178555027574,0.00127481410684823,-0.013877547624333105,0.0016073096178727602,-4.636282977764798e-05
50,11,415,25.189678192138672,0.9973088226480611,0.2080910988298081,0.12403955831862035,-0.16426318202512694,0.002174431783136989,0.0271516456920894,-0.024805029013576806,0.0012729980435223281,-0.013866530791585455,0.0016078543211370724,-4.6430367385801056e-05
50,11,416,25.189674377441406,0.9973590014857119,0.2081037960658726,0.12404855501956269,-0.16425779466806228,0.0021744297624069096,0.027245913386019914,-0.024756421731855438,0.0012711950510423014,-0.013855612757696607,0.0016083921734124603,-4.649729531997291e-05
50,11,417,25.18967056274414,0.9974086432648389,0.20811642305163972,0.12405740135781519,-0.16425246442078983,0.002174427586236055,0.027339606839101045,-0.02470834870602982,0.0012694049986996913,-0.013844795042649004,0.0016089234725680081,-4.6563626551950386e-05
50,11,418,25.18967056274414,0.9974577727669872,0.20812909868441665,0.124066272756516,-0.16424721031990697,0.0021744268090321786,0.02743272605133279,-0.024660809936099953,0.0012676286707452502,-0.013834079166425092,0.0016094483178934098,-4.662935135289336e-05
50,11,419,25.189666748046875,0.997506366824402,0.2081417024319862,0.12407494367163034,-0.16424205140201115,0.002174426031828302,0.027525271022715157,-0.024613803421107427,0.0012658656750536017,-0.013823460569077536,0.0016099665108092766,-4.6694479451641946e-05
50,11,420,25.189666748046875,0.9975544482991656,0.2081543156734415,0.1240835018147273,-0.1642370257402971,0.002174424632861324,0.027617239119115802,-0.02456732315817701,0.0012641160116247461,-0.013812942290571225,0.001610478150605303,-4.675900760524945e-05
50,11,421,25.18966293334961,0.9976020098722792,0.20816688458958055,0.12409188453468611,-0.16423211429816748,0.00217442276757202,0.02770862770640239,-0.02452136514539188,0.001262380203292518,-0.01380251977095883,0.0016109835351505726,-4.682293905666257e-05
50,11,422,25.18966293334961,0.9976490807761296,0.20817955869669225,0.12410036749643816,-0.16422729803902486,0.0021744210577234915,0.027799442052839598,-0.024475931383710445,0.0012606578579315414,-0.013792197570187683,0.0016114826644450853,-4.688627704882802e-05
50,11,423,25.189659118652344,0.9976956509283813,0.20819226158061113,0.12410895069998343,-0.16422248177988227,0.002174419969638064,0.027889679524295087,-0.024431015870257474,0.001258949236958734,-0.013781972648292892,0.001611975439199147,-4.694902482469251e-05
50,11,424,25.189655303955078,0.9977417263699713,0.2082050221843014,0.12411765920577024,-0.16421768455733704,0.0021744195033157384,0.02797933748663652,-0.024386618605032963,0.0012572542096656366,-0.013771846525256903,0.0016124619587024516,-4.7011172655415905e-05
50,11,425,25.189655303955078,0.9977873129596275,0.20821784031441778,0.12412654313469519,-0.16421286829819445,0.0021744181043487605,0.02806842120812857,-0.024342733585161685,0.001255573037469167,-0.013761819201079717,0.0016129425208240833,-4.707273999867846e-05
50,11,426,25.189651489257812,0.9978323950188893,0.20823064100562244,0.12413540200317186,-0.16420809011224663,0.0021744177934672096,0.028156933322903574,-0.024299360810643638,0.0012539054589524076,-0.013751889155778891,0.0016134171255640418,-4.713371712564006e-05
50,11,427,25.189651489257812,0.9978769566813012,0.20824331068077964,0.12414407291828619,-0.16420333096289622,0.0021744181043487605,0.02824486856269686,-0.02425649227764518,0.0012522518662407348,-0.013742056389354423,0.001613885772922327,-4.7194107279247405e-05
50,11,428,25.18964958190918,0.9979210013091553,0.20825585601052984,0.12415264359160731,-0.164198533740351,0.002174418259789536,0.028332229561640762,-0.02421412598520789,0.0012506119979172308,-0.013732317861841427,0.0016143482643195502,-4.7253916945393905e-05
50,11,429,25.189647674560547,0.9979645615612114,0.20826839613250564,0.12416126438582505,-0.1641937365178058,0.002174419969638064,0.02841901631973528,-0.024172253929498136,0.0012489861153988132,-0.01372267661320479,0.0016148049969144894,-4.731315260997299e-05
50,11,430,25.18964385986328,0.9980076628445262,0.20828108070930584,0.12417008566362923,-0.1641890154416502,0.0021744209022827162,0.02850523410524509,-0.024130882113391143,0.0012473740879770235,-0.013713132643444512,0.0016152558714174498,-4.7371804544144526e-05
50,11,431,25.18964385986328,0.9980503165678488,0.20829390828960123,0.12417913248546819,-0.16418435147528682,0.00217442276757202,0.02859088028403786,-0.02408999853113645,0.0012457759156518616,-0.013703681392613265,0.001615701086407821,-4.742988247674865e-05
50,11,432,25.18964195251465,0.9980925333758395,0.20830690161876753,0.12418839232111777,-0.16417978269191041,0.002174424166538998,0.02867596012437825,-0.02404959717985882,0.0012441919905487036,-0.013694325900675933,0.0016161405425959082,-4.748739289367876e-05
50,11,433,25.189640045166016,0.9981342707337163,0.20831985698801933,0.1241975268545258,-0.16417530909152103,0.0021744263427098524,0.02876046572386926,-0.024009678059558254,0.0012426217898337145,-0.01368506312766763,0.0016165743392714056,-4.754432282314804e-05
50,11,434,25.189640045166016,0.9981755275628748,0.20833275986451325,0.12420653608569229,-0.16417091163752126,0.002174429451525359,0.028844404984907895,-0.023970239169276344,0.0012410655749238119,-0.0136758945935708,0.0016170024764343139,-4.760069172283673e-05
50,11,435,25.189634323120117,0.9982162987842732,0.20834554821448542,0.12421531977282403,-0.1641665903299111,0.0021744311613738875,0.028927767370964814,-0.02393127250517944,0.0012395233458189956,-0.013666818778403,0.0016174251526640216,-4.765648986390471e-05
50,11,436,25.189634323120117,0.9982565893123689,0.20835828292076514,0.12422397815771423,-0.16416234516869052,0.0021744296069661343,0.029010566052701695,-0.02389278607110119,0.0012379953639361835,-0.01365783568216423,0.001617842367960529,-4.7711730218138815e-05
50,11,437,25.18963050842285,0.9982964122657663,0.20837097060166654,0.12423247364969042,-0.16415821422705437,0.0021744249437428745,0.029092798395986205,-0.02385476786129113,0.0012364813678584579,-0.013648946824836932,0.0016182541223238361,-4.776640954259233e-05
50,11,438,25.18963050842285,0.998335770321507,0.20838359605163387,0.12424078118830431,-0.16415419750500262,0.002174418259789536,0.029174469669083016,-0.02381721187287402,0.0012349809654604424,-0.013640147646473777,0.0016186604157539428,-4.782052459431855e-05
50,11,439,25.18963050842285,0.9983746645920397,0.20839616462452878,0.12424893836422836,-0.1641502759659379,0.0021744098659876683,0.02925556933546278,-0.023780118105849866,0.001233494810284431,-0.013631439667057208,0.0016190614468302384,-4.787408510215761e-05
50,11,440,25.189626693725586,0.9984131184624419,0.208408750987798,0.12425719578194563,-0.16414635442687317,0.0021744013167450255,0.029336105297522508,-0.023743478556385023,0.001232022640913506,-0.013622819846622341,0.0016194572155527225,-4.792710079494962e-05
50,11,441,25.189626693725586,0.9984511427631746,0.20842140703106646,0.1242656160925769,-0.16414245192440582,0.0021743927675023826,0.0294160775552622,-0.023707293224479488,0.0012305644573476675,-0.01361429122513406,0.00161984782121109,-4.797956194385446e-05
50,11,442,25.189624786376953,0.9984887235930207,0.2084340288987455,0.12427407399388064,-0.1641385303853411,0.0021743870161936955,0.029495496645211203,-0.02367155410629962,0.0012291201288784567,-0.013605853802592365,0.0016202331645156463,-4.8031481520658966e-05
50,11,443,25.189626693725586,0.9985258325307982,0.20844648036036165,0.12428229382092545,-0.16413462788287375,0.0021743831301743125,0.029574354664972505,-0.023636261201845414,0.0012276896555058737,-0.013597506059014814,0.0016206135433354748,-4.808285303946973e-05
50,11,444,25.189620971679688,0.9985624906877392,0.20845888138599794,0.12429050111774612,-0.16413072538040643,0.0021743821975296605,0.029652659516943118,-0.023601418513033698,0.0012262732986468357,-0.013589247994401405,0.0016209892555396595,-4.8133689472073565e-05
50,11,445,25.189620971679688,0.9985986972873483,0.20847116255573445,0.12429860817277355,-0.16412680384134168,0.0021743831301743125,0.029730400664593697,-0.02356701203315559,0.0012248707968844257,-0.013581079608752142,0.001621359705390033,-4.8183987575523776e-05
50,11,446,25.189619064331055,0.9986344618072207,0.20848340682285524,0.12430670269757682,-0.16412290133887436,0.002174386705312145,0.029807588644453584,-0.023533049766044742,0.001223482280927102,-0.013572997862102134,0.0016217255879144572,-4.8233750592767076e-05
50,11,447,25.189619064331055,0.9986698093467866,0.2084956872962962,0.1243149350548458,-0.16411899883640702,0.002174389969568427,0.029884215554125772,-0.02349952170690909,0.0012221077507748649,-0.01356500579441627,0.001622086406664459,-4.828298500969687e-05
50,11,448,25.189619064331055,0.9987047454536456,0.20850801180933778,0.1243232927143563,-0.16411511537053708,0.002174393078383933,0.029960289296007272,-0.023466423853831814,0.0012207470757192554,-0.013557100365729664,0.0016224425587988169,-4.833169082631317e-05
50,11,449,25.18961524963379,0.9987392723507857,0.2085203722041794,0.12433168796453926,-0.16411130805105675,0.002174395409995563,0.03003580987009808,-0.023433752204896092,0.0012194002557602737,-0.013549278536077427,0.0016227941436072256,-4.837987128556267e-05
50,11,450,25.18961524963379,0.9987733943521855,0.2085327985042884,0.1243401208053947,-0.16410761495116086,0.002174396964403316,0.030110779910530537,-0.023401508761060338,0.0012180678137317547,-0.013541544865406893,0.0016231409625102956,-4.842753611628551e-05
50,11,451,25.18961524963379,0.9988070985308235,0.2085451631110316,0.1243484784649052,-0.16410395992445972,0.002174396808962541,0.030185202051436977,-0.023369679515615673,0.001216748965382946,-0.013533896313753171,0.0016234831147977217,-4.847468207553497e-05
50,11,452,25.189611434936523,0.9988403983926831,0.20855754022290005,0.12435676094307078,-0.16410043815394043,0.0021743966535217657,0.030259076292817398,-0.023338266469520506,0.0012154437107138474,-0.01352633136113382,0.001623820600469504,-4.8521305920364357e-05
50,11,453,25.189611434936523,0.9988733000250409,0.20856992134513672,0.1243649807701156,-0.16409703060300554,0.0021743946327916863,0.03033240000053947,-0.023307261618941193,0.0012141524418498354,-0.01351885000754884,0.0016241536181050313,-4.856742710845391e-05
50,11,454,25.189611434936523,0.9989057891248846,0.20858224738281253,0.1243730126437981,-0.16409375630825246,0.0021743912130946295,0.030405181077000198,-0.02327666696483615,0.0012128743745401572,-0.013511453772980676,0.0016244823662836928,-4.8613032668016794e-05
50,11,455,25.18960952758789,0.9989378495776767,0.20859441288109884,0.12438073126187678,-0.1640905771964864,0.002174384373700515,0.03047741952219958,-0.02324647650433014,0.0012116102930355655,-0.013504139617464437,0.0016248066464260996,-4.865813881378656e-05
50,11,456,25.18960952758789,0.9989694798553785,0.20860641062147856,0.12438814915457576,-0.16408747423110992,0.002174375202694771,0.030549120604402298,-0.02321669023742316,0.0012103596745022254,-0.013496909060982571,0.0016251265578219461,-4.8702745545763196e-05
50,11,457,25.189607620239258,0.9990006817894228,0.20861820258816827,0.12439527885211919,-0.16408439030233085,0.0021743643218404985,0.030620284323608343,-0.02318729815932316,0.0012091225189401367,-0.013489762103535075,0.001625442199760927,-4.874684313510659e-05
50,11,458,25.189607620239258,0.9990314414328769,0.20862975029753297,0.12440213288473126,-0.164081268300357,0.0021743539073085516,0.03069090804568538,-0.023158306272905372,0.0012078989570577581,-0.013482697225139508,0.0016257534729533475,-4.879045103949698e-05
50,11,459,25.189605712890625,0.9990617993067568,0.20864117268484808,0.1244088866755501,-0.16407812726178572,0.0021743420938096273,0.030760991770633413,-0.023129698570502503,0.0012066887274381724,-0.013475712905813425,0.0016260609731373749,-4.8833572501881085e-05
50,11,460,25.189603805541992,0.999091787819953,0.20865263438500314,0.12441579082905878,-0.16407498622321445,0.0021743298139883767,0.03083054076671711,-0.023101477053072972,0.0012054920914982969,-0.013468809145556827,0.001626364104574842,-4.887619779341878e-05
50,11,461,25.189603805541992,0.9991214041145341,0.20866411252246544,0.12442283281503314,-0.1640718261480458,0.0021743192440156545,0.030899555033936474,-0.023073639719658364,0.0012043085264042965,-0.013461987464352156,0.0016266633637142217,-4.891834637179031e-05
50,11,462,25.189603805541992,0.9991506649637101,0.20867569691477422,0.12443016299616305,-0.1640686470362797,0.0021743120937399896,0.03096803984055618,-0.023046188571217086,0.0012031384242815477,-0.01345524634221697,0.0016269586512658194,-4.896001175110226e-05
50,11,463,25.189603805541992,0.9991795728284693,0.20868733383666682,0.12443771872132771,-0.16406542985131883,0.002174309295806034,0.031035989918311552,-0.02301910960104027,0.0012019812622962153,-0.013448584259168827,0.0016272498679399403,-4.900119393135463e-05
50,11,464,25.189599990844727,0.9992081379079424,0.20869905332113575,0.12444547493007885,-0.16406223170295536,0.002174310228450686,0.031103410535467266,-0.022992398807211083,0.001200837693990593,-0.013441998175242838,0.0016275371130262792,-4.9041905884334255e-05
50,11,465,25.189599990844727,0.9992363547923562,0.20871084787020674,0.12445341909219228,-0.1640590525911893,0.0021743111610953375,0.031170304326155654,-0.022966060191646355,0.0011997070658223874,-0.013435489610421448,0.0016278202872351416,-4.9082144367094426e-05
50,11,466,25.189599990844727,0.999264195267597,0.2087225452068514,0.12446116277071925,-0.16405596866241023,0.0021743153579962715,0.031236671290376716,-0.022940085750512436,0.0011985892470831392,-0.013429058564704655,0.001628099887015,-4.912191262258185e-05
50,11,467,25.189599990844727,0.9992916906362637,0.20873429507096264,0.12446890644924623,-0.16405301798981298,0.002174321420186509,0.03130251669639513,-0.022914475483809333,0.001197484237772849,-0.013422705038092463,0.0016283756144967708,-4.916121713668995e-05
50,11,468,25.189598083496094,0.9993188412793689,0.208746052285044,0.12447662506732489,-0.16405016250020274,0.002174327482376747,0.031367843178343235,-0.022889219386744986,0.0011963924300168927,-0.013416425990619981,0.001628647469680454,-4.920006115236542e-05
50,11,469,25.18959617614746,0.9993456527327509,0.20875781507224314,0.12448429356450695,-0.1640474212301769,0.002174331523836905,0.031432642833824014,-0.022864311456444162,0.0011953133009814352,-0.01341021990230477,0.0016289154525660498,-4.9238454398448405e-05
50,11,470,25.189598083496094,0.999372133404074,0.20876965187575847,0.12449199965236146,-0.16404481321633288,0.002174334788093187,0.031496926199366816,-0.022839757695782094,0.0011942468506664769,-0.01340408829312927,0.0016291798610226418,-4.9276383903152066e-05
50,11,471,25.189598083496094,0.9993982727210518,0.20878146506213038,0.12449958043797443,-0.16404233845867067,0.0021743350989747376,0.031560693274971637,-0.02281554809996673,0.0011931932097804761,-0.013398031163093484,0.0016294404964708408,-4.9313865881209934e-05
50,11,472,25.189594268798828,0.9994240267611448,0.20879304431779552,0.12450671013551788,-0.16403997792059288,0.0021743316792776804,0.031623941426506146,-0.022791682668998066,0.001192152378323433,-0.013392045472232522,0.0016296976567797305,-4.935090033262202e-05
50,11,473,25.18959617614746,0.9994493993952956,0.20880438965507572,0.12451358922857825,-0.16403757930932025,0.0021743268606136453,0.03168667328810268,-0.02276815740095928,0.0011911239641699714,-0.013386134260511275,0.001629951242659616,-4.938750022917515e-05
50,11,474,25.18959617614746,0.999474415381627,0.2088156288751175,0.12452035554962124,-0.16403519973464506,0.0021743197103379804,0.03174889676215825,-0.022744974296808787,0.0011901079673200914,-0.013380297527929737,0.0016302015519795818,-4.942365584202921e-05
50,11,475,25.189592361450195,0.999499093468084,0.20882681441584972,0.12452714693111254,-0.16403280112337246,0.0021743120937399896,0.03181061711693752,-0.02272212535271294,0.0011891046491907102,-0.013374532234523027,0.001630448386160238,-4.9459373657077605e-05
50,11,476,25.189594268798828,0.9995234383585068,0.20883795945157008,0.12453406361484537,-0.16403032636571024,0.0021743043217012236,0.03187182645004349,-0.022699608567713327,0.0011881137483649104,-0.013368836860308701,0.0016306917452015848,-4.9494663403160474e-05
50,11,477,25.189592361450195,0.9995474278390492,0.20884893883125366,0.12454089258700912,-0.16402777546165842,0.0021742951506954792,0.031932537932137836,-0.02267741993989313,0.0011871351341342334,-0.013363215965234087,0.001630931926972706,-4.952952183733109e-05
50,11,478,25.189592361450195,0.9995710572829805,0.20885971186608907,0.12454757119648303,-0.16402514841121701,0.0021742866014528364,0.031992735758426545,-0.022655555467335522,0.001186168806498679,-0.013357661949386968,0.0016311687328942127,-4.956395544548289e-05
50,11,479,25.189592361450195,0.9995943483203898,0.20887036335695341,0.12455416209438787,-0.16402250232417817,0.002174278673973295,0.03205243836783597,-0.022634011148123682,0.001185214373332871,-0.013352177852732234,0.0016314022622557988,-4.9597970713509275e-05
50,11,480,25.189590454101562,0.9996173145666685,0.20888093024484428,0.1245607279318444,-0.16401983720054195,0.0021742698138491018,0.03211164576036611,-0.02261278097938238,0.0011842720960537271,-0.013346763675269881,0.0016316323164780758,-4.963156115551684e-05
50,11,481,25.189592361450195,0.999639949482609,0.2088913815432752,0.12456711834616278,-0.16401722918669792,0.0021742635962180884,0.03217035530188463,-0.022591864961111614,0.0011833417132443296,-0.013341414857052583,0.0016318593920095163,-4.966473974329242e-05
50,11,482,25.189590454101562,0.9996622679869481,0.20890177004206142,0.12457339598846377,-0.1640146973192435,0.0021742614200472342,0.0322285722606562,-0.02257125909139456,0.0011824232249046786,-0.01333613291806278,0.0016320833895604255,-4.969751296272941e-05
50,11,483,25.18958854675293,0.9996843205225908,0.20891229009757808,0.12457981146323045,-0.1640122987079709,0.0021742607982841327,0.03228629927081317,-0.022550953365439164,0.0011815163696178566,-0.013330919378282919,0.0016323039119720253,-4.9729874327934425e-05
50,11,484,25.18958854675293,0.9997061014301231,0.20892293321672983,0.12458630211934206,-0.1640100714260749,0.002174260331961807,0.03234353369822318,-0.022530951785162248,0.0011806212780923221,-0.013325771197748111,0.0016325213564030942,-4.976183032480086e-05
50,11,485,25.18958854675293,0.9997276053193209,0.20893362670476553,0.12459276771500537,-0.16400799643695813,0.0021742590884356043,0.032400291347680264,-0.02251124434577176,0.0011797378196196165,-0.013320688376458356,0.0016327360207227155,-4.979339392511555e-05
50,11,486,25.18958854675293,0.9997488220517431,0.20894433146905664,0.12459922078044451,-0.16400601663082837,0.0021742578449094017,0.032456564316787416,-0.022491833048226106,0.001178865471365905,-0.013315669394431212,0.0016329476070618058,-4.98245618859318e-05
50,11,487,25.189586639404297,0.9997697402526596,0.20895496502324468,0.12460562372498704,-0.164004055861296,0.0021742569122647497,0.03251235260554462,-0.022472711889650058,0.0011780044947481048,-0.013310715771649122,0.0016331560161306706,-4.985532772135618e-05
50,11,488,25.18958854675293,0.99979038257035,0.20896562639428654,0.12461216450199526,-0.16400209509176364,0.002174256601383199,0.03256767201874592,-0.0224538788690852,0.0011771547590577573,-0.013305824468147199,0.0016333617443777821,-4.988570764612224e-05
50,11,489,25.189586639404297,0.9998107513640551,0.2089763080481746,0.12461893082303825,-0.16400005817584165,0.0021742558241793224,0.032622522556391295,-0.02243532998461471,0.0011763161335864038,-0.013301000043872774,0.0016335644939340574,-4.991570490317669e-05
50,11,490,25.189584732055664,0.9998308309278562,0.2089869255041596,0.12462578485565032,-0.16399794511353008,0.0021742548915346703,0.032676893681951404,-0.02241706323528018,0.001175488749042503,-0.013296237938878514,0.0016337646619582742,-4.994532273546623e-05
50,11,491,25.189584732055664,0.9998506193165038,0.20899748812272892,0.1246327140696073,-0.16399577494142628,0.002174253181686142,0.03273079856608794,-0.022399082622998435,0.0011746723440091375,-0.01329154119312931,0.0016339620498710436,-4.997455465709745e-05
50,11,492,25.189584732055664,0.9998701169970236,0.20900790465030517,0.12463949292087444,-0.1639936047693225,0.0021742519381599394,0.03278423194053621,-0.022381368138185354,0.0011738666570693893,-0.013286903726695385,0.001634156558382671,-5.0003423368697314e-05
50,11,493,25.189584732055664,0.9998893169151771,0.20901816950602564,0.12464605875833097,-0.16399147267041353,0.0021742520936007146,0.03283720697595792,-0.022363925783716182,0.0011730722110570942,-0.01328232857954163,0.0016343484853622399,-5.003191589847897e-05
50,11,494,25.189584732055664,0.9999082120743331,0.20902825857469792,0.12465237399130442,-0.16398937864469934,0.0021742534925676925,0.032889715769956036,-0.02234675756054932,0.0011722882217214989,-0.013277814231685598,0.0016345375329406668,-5.006003548938915e-05
50,11,495,25.189584732055664,0.9999268086022329,0.20903813569573584,0.12465835090822573,-0.16398734172877738,0.002174256445942424,0.03294176885905993,-0.0223298494619759,0.0011715146890626039,-0.013273359163144847,0.001634723899697341,-5.0087795113214666e-05
50,11,496,25.189584732055664,0.9999451266667533,0.2090478973124726,0.12466407722066396,-0.16398541903243982,0.002174260487402582,0.032993363609137245,-0.022313201487995916,0.001170751743788868,-0.01326896489390182,0.0016349077842116512,-5.011519476995553e-05
50,11,497,25.189584732055664,0.9999632071954996,0.20905772965123265,0.12466979100287805,-0.16398366766547887,0.002174263440777313,0.03304450002018799,-0.022296811637650956,0.0011699993859002908,-0.013264628383991632,0.0016350891864835976,-5.014223770255846e-05
50,11,498,25.189584732055664,0.9999810587162349,0.20906766395992044,0.12467564261755781,-0.16398201148150493,0.002174263285336538,0.03309518862874151,-0.022280677909982612,0.00116925683114612,-0.013260349633414282,0.0016352678086440967,-5.0168927153970146e-05
50,11,499,25.1895809173584,0.999998679475045,0.20907765460532543,0.12468163206470327,-0.16398039337072579,0.002174262352691886,0.03314542680066547,-0.02226479230115724,0.0011685247330686494,-0.013256127122187327,0.0016354440478519264,-5.019526312419059e-05
50,11,500,25.1895809173584,1.0000160523101551,0.20908765662024723,0.12468768416296949,-0.16397881333314143,0.002174257067705525,0.03319521453595987,-0.02224916281500848,0.001167803091667879,-0.013251963890275654,0.0016356178048173924,-5.0221258585006644e-05
50,11,501,25.1895809173584,1.0000331707109944,0.20909757353632036,0.12469368614033911,-0.1639772332955571,0.002174249451107534,0.033244559737021714,-0.02223377544482746,0.0011670911226930563,-0.013247855377731932,0.0016357889802508,-5.024690705052487e-05
50,11,502,25.1895809173584,1.0000500293675325,0.20910738949024563,0.12469966305726042,-0.16397561518477796,0.0021742415236279925,0.03329345713558633,-0.02221863219157259,0.0011663890875610989,-0.013243804624521047,0.0016359577727315384,-5.027221176369199e-05
50,11,503,25.1895809173584,1.0000666179582764,0.20911707411622524,0.12470558985328511,-0.16397393996420662,0.002174236549523182,0.033341906731653735,-0.02220373705716069,0.0011656972476889239,-0.013239808590678116,0.0016361243808389965,-5.029718569629483e-05
50,11,504,25.1895809173584,1.0000829412951897,0.20912658491546088,0.12471141640751657,-0.1639721885972457,0.0021742342179115527,0.033389924330017924,-0.022189076034882883,0.0011650153416596142,-0.013235868796185579,0.001636288506704091,-5.032182560538669e-05
50,11,505,25.1895809173584,1.0000990056963324,0.20913594262402332,0.12471713018973064,-0.1639703991570899,0.00217423297438535,0.0334375020282819,-0.02217464712378076,0.0011643432387647109,-0.013231983721060993,0.0016364503489062108,-5.0346134733914274e-05
50,11,506,25.189579010009766,1.0001148125255923,0.20914516302214398,0.12472270613947904,-0.16396860971693417,0.002174231575418372,0.03348464772884267,-0.02216045232481273,0.0011636806775872964,-0.013228151845321917,0.0016366098081556611,-5.0370119567770995e-05
50,11,507,25.1895809173584,1.000130397093057,0.20915438704304629,0.12472833221012404,-0.1639668583499732,0.002174231730859147,0.0335313587975679,-0.02214648563510356,0.0011630277888358296,-0.01322436860902102,0.0016367666858730534,-5.039378010695686e-05
50,11,508,25.1895809173584,1.0001457617923335,0.20916357939366428,0.12473389562964828,-0.1639651831294019,0.0021742339070300017,0.03357764840511927,-0.022132737049861195,0.0011623840496764754,-0.013220638572105632,0.00163692147850686,-5.041711635147187e-05
50,11,509,25.1895809173584,1.0001608906543407,0.20917270096210497,0.12473933374693097,-0.16396358405522013,0.0021742360832008563,0.03362350864909977,-0.02211921457291928,0.0011617495908176926,-0.013216958694610866,0.0016370737888983025,-5.044013803015614e-05
50,11,510,25.1895809173584,1.00017579590617,0.20918178232221363,0.12474472174331705,-0.16396204209083062,0.00217424028010179,0.033668944797774075,-0.02210591220140258,0.0011611246736763989,-0.013213330496519167,0.0016372240142061597,-5.046284514300968e-05
50,11,511,25.189577102661133,1.0001904809103819,0.209190801830332,0.12474999696768575,-0.1639605762728307,0.0021742429225949707,0.0337139647535392,-0.022092821931477453,0.0011605085140018415,-0.013209750937865647,0.0016373720551407368,-5.048524093297919e-05
50,11,512,25.189577102661133,1.0002049695617539,0.20919989246492235,0.12475530978272692,-0.16395924371101256,0.0021742443215619486,0.03375856061399812,-0.02207994776506072,0.0011599017653363141,-0.01320622153863275,0.0016375179117020338,-5.050733512890481e-05
50,11,513,25.189579010009766,1.0002192641868226,0.2092090559987914,0.12476068524888885,-0.16395802536877888,0.002174244632443499,0.03380274554981254,-0.022067287701193965,0.001159303904845982,-0.013202740778838032,0.0016376616831797449,-5.052913097373323e-05
50,11,514,25.1895809173584,1.0002333707852569,0.20921828356013691,0.12476616095684401,-0.16395688317293478,0.0021742423008318692,0.03384651165858543,-0.022054833736043555,0.0011587150632393038,-0.013199310178463935,0.001637803270284176,-5.0550621981571054e-05
50,11,515,25.189577102661133,1.0002472868030556,0.20922759106712768,0.12477181208793732,-0.16395577905028547,0.002174238259371711,0.033889866842713806,-0.022042591872484717,0.0011581352405162794,-0.013195928217528019,0.0016379429708844107,-5.0571824367151806e-05
50,11,516,25.189579010009766,1.000260977620141,0.20923677579519656,0.12477742562835817,-0.16395461781784398,0.0021742348396746537,0.033932805833933,-0.0220305541066838,0.0011575643059684503,-0.013192594896030283,0.0016380806856907543,-5.0592728401635374e-05
50,11,517,25.189577102661133,1.000274423777153,0.209245763287052,0.12478295145720994,-0.16395334236581807,0.002174230331892169,0.03397533126637535,-0.02201872444055764,0.0011570019981788986,-0.013189310213970726,0.0016382162161238177,-5.061334381386187e-05
50,11,518,25.189579010009766,1.0002876195793993,0.20925451714124274,0.12478832692337187,-0.16395195269420776,0.0021742266013135615,0.034017451042437856,-0.022007100873147816,0.0011564483171476248,-0.013186072651366905,0.0016383502572114629,-5.063367708972472e-05
50,11,519,25.189577102661133,1.0003005483307714,0.20926291095238755,0.12479333901303334,-0.16395044880301302,0.002174225357787359,0.03405917043038519,-0.021995673399662276,0.0011559031321661697,-0.01318288220821882,0.0016384822132155226,-5.065372498627722e-05
50,11,520,25.189579010009766,1.0003132508944679,0.20927110254748765,0.12479820074000497,-0.1639488687654287,0.0021742252023465836,0.034100497332614374,-0.021984434016267377,0.001155366181817616,-0.013179737364544029,0.001638612183425691,-5.067349398941278e-05
50,11,521,25.189577102661133,1.0003257148011262,0.20927906040409117,0.12480276174159691,-0.16394728872784436,0.002174226290432011,0.03414142384672839,-0.021973388725838348,0.0011548375968104224,-0.01317663812034253,0.0016387403664213577,-5.069298085618469e-05
50,11,522,25.189577102661133,1.0003379845533746,0.20928698793702855,0.12480723503161976,-0.16394580387324703,0.0021742290883659666,0.03418196314338893,-0.02196253552741678,0.0011543172464361304,-0.013173582955631882,0.0016388665636231333,-5.0712198558379785e-05
50,11,523,25.189577102661133,1.0003500698325662,0.20929488454650189,0.12481159554962525,-0.1639444332382341,0.0021742321971814733,0.034222112588463645,-0.02195186441621062,0.0011538047385693632,-0.013170573390394529,0.0016389909736104068,-5.0731143853051364e-05
50,11,524,25.189577102661133,1.0003620025048876,0.20930289307996003,0.12481608136987227,-0.1639431768228056,0.002174234373352328,0.03426188008434956,-0.021941373391261454,0.0011533004653354977,-0.01316760638466558,0.0016391137949625678,-5.074982646903954e-05
50,11,525,25.189577102661133,1.0003737664078158,0.20931094568195394,0.12482055465989514,-0.1639420536635589,0.0021742362386416316,0.034301262996914314,-0.02193106445352769,0.001152803642483781,-0.013164683458427483,0.0016392345312311429,-5.076823992045091e-05
50,11,526,25.189577102661133,1.0003853789863382,0.20931907890428994,0.12482510313126292,-0.16394104472389662,0.0021742370158455084,0.034340258692025595,-0.021920927598217285,0.001152314792848048,-0.01316180157171535,0.0016393535795749107,-5.0786397179072296e-05
50,11,527,25.189577102661133,1.0003968669795211,0.20932742057906667,0.12482998991868285,-0.16394011193062394,0.002174237326727059,0.03437887243794806,-0.021910962825330227,0.0011518332628860054,-0.013158962244511622,0.0016394709399938712,-5.080428851606358e-05
50,11,528,25.189577102661133,1.000408206193332,0.2093358830976198,0.12483513984081002,-0.16393919817394867,0.0021742370158455084,0.0344171174053434,-0.02190117613774175,0.0011513594447230288,-0.013156165476816304,0.0016395863146189407,-5.082192366026489e-05
50,11,529,25.189577102661133,1.0004193977555682,0.20934443446623946,0.12484057795809271,-0.16393824634407858,0.002174236394082407,0.03445498305768227,-0.021891559531618216,0.0011508934690675776,-0.013153406708682062,0.0016397001998985916,-5.0839309097569635e-05
50,11,530,25.189573287963867,1.0004304061592897,0.20935290507699397,0.12484601607537542,-0.1639372564410137,0.002174236394082407,0.03449248256562635,-0.021882113006959622,0.0011504346823773578,-0.013150690500056227,0.001639812297963741,-5.085644482797782e-05
50,11,531,25.1895751953125,1.0004412330933066,0.20936129354959174,0.1248514291322098,-0.1639362475013514,0.002174235772319306,0.03452961066091097,-0.021872834562807555,0.001149983215360828,-0.01314801229099147,0.0016399227081040828,-5.087333733738286e-05
50,11,532,25.189577102661133,1.0004518580243607,0.20936947372758974,0.12485660411478527,-0.1639352195250917,0.002174234528793103,0.034566372611800796,-0.021863718196286786,0.0011495393294349058,-0.013145375121452677,0.0016400317281887009,-5.0889986625784754e-05
50,11,533,25.189577102661133,1.0004622502353568,0.20937731766596004,0.12486132800929121,-0.16393417251223463,0.002174234062470777,0.0346027657841635,-0.02185476790931413,0.001149102632474215,-0.013142774431492518,0.0016401388617691224,-5.09063926931835e-05
50,11,534,25.1895751953125,1.0004724144047947,0.20938481979355117,0.12486556322505515,-0.16393312549937755,0.0021742354614377552,0.03463880071452841,-0.021845977699014363,0.0011486731244787557,-0.013140216301040767,0.0016402445060041257,-5.0922565268419235e-05
50,11,535,25.189573287963867,1.0004823664438245,0.2093920467577923,0.12486939747364618,-0.16393209752311785,0.0021742381039309357,0.03467447740289556,-0.021837345564429067,0.00114825054403161,-0.01313769465016765,0.0016403486608937107,-5.093850110854524e-05
50,11,536,25.1895751953125,1.0004921099195165,0.20939900612697548,0.12487289340618506,-0.16393105051026077,0.00217424028010179,0.03470979584926492,-0.021828869504599835,0.001147835021841237,-0.013135212518838054,0.0016404513264378774,-5.095420021356152e-05
50,11,537,25.189577102661133,1.0005016845053987,0.20940586873680447,0.1248762640364824,-0.16393004157059848,0.0021742415236279925,0.034744753419504164,-0.021820545517609844,0.001147426427199178,-0.01313276534710465,0.0016405521054778478,-5.09696723123082e-05
50,11,538,25.189573287963867,1.0005111132475613,0.209412763392426,0.1248796722574522,-0.1639291087773258,0.0021742418345095434,0.034779360650142636,-0.021812377605375913,0.0011470247601054328,-0.013130357694914767,0.001640651792331178,-5.0984920647731985e-05
50,11,539,25.1895751953125,1.0005204043370843,0.20941968229214777,0.12488313059931862,-0.16392823309384533,0.002174238881134812,0.03481361754118034,-0.02180435576310599,0.0011466296284346252,-0.013127986522303518,0.0016407500891287843,-5.0999945219832876e-05
50,11,540,25.189573287963867,1.000529555302869,0.20942663242468745,0.12488672677365072,-0.16392735741036485,0.0021742339070300017,0.03484752145848494,-0.021796483992716897,0.001146241032186755,-0.013125651829270902,0.001640846797291278,-5.101474602861087e-05
50,11,541,25.1895751953125,1.0005386000566634,0.20943371994299803,0.12489061114313836,-0.16392650076348178,0.002174229554688293,0.03488108293858577,-0.021788750288458166,0.0011458589713618226,-0.013123353615816923,0.001640942115398048,-5.1029336045852815e-05
50,11,542,25.189573287963867,1.000547525059878,0.20944090819485786,0.12489477117755739,-0.1639256250800013,0.002174225824109685,0.03491430724974753,-0.02178116065320503,0.0011454833152513692,-0.013121090361959135,0.0016410361427387887,-5.1043702299771864e-05
50,11,543,25.1895751953125,1.0005563383808178,0.2094482263811605,0.1248992068769078,-0.16392476843311823,0.0021742228707349537,0.03494719175783785,-0.02177371308599908,0.0011451139331469357,-0.013118862067697537,0.0016411286807341112,-5.105785776215486e-05
50,11,544,25.189573287963867,1.0005650365203589,0.20945562976496934,0.12490379293894803,-0.16392396889602737,0.00217422100544565,0.03497973909698909,-0.021766401583965082,0.0011447506943400637,-0.01311666721304969,0.0016412198286737097,-5.1071802433001786e-05
50,11,545,25.1895751953125,1.0005736009964192,0.2094630300774794,0.1249084541823332,-0.1639231693589365,0.002174220539123324,0.035011957169598255,-0.021759226147103034,0.001144393468122294,-0.013114507317998032,0.0016413095865575847,-5.1085536312312665e-05
50,11,546,25.1895751953125,1.000582029451355,0.2094703975374035,0.12491304024437345,-0.16392244596823524,0.0021742234924980552,0.03504384860979767,-0.02175218277349612,0.0011440421237851684,-0.013112382382542566,0.0016413983515445143,-5.1099065885980895e-05
50,11,547,25.1895751953125,1.000590321196452,0.20947771006074814,0.12491758871574124,-0.16392174161413137,0.002174228622043641,0.03507541605171969,-0.02174526746122751,0.0011436966613286865,-0.013110290886700848,0.0016414856271860254,-5.1112397639899904e-05
50,11,548,25.189573287963867,1.0005984790328144,0.2094849902674431,0.12492213718710903,-0.1639210562966249,0.0021742346842338785,0.035106662129496646,-0.021738482211255617,0.0011433570807528486,-0.013108231310490437,0.0016415716120615075,-5.112552184522956e-05
50,11,549,25.189573287963867,1.0006064715574698,0.20949206020089706,0.12492643505399374,-0.16392035194252105,0.0021742424562726445,0.03513759474552554,-0.021731821020705214,0.0011430232513491958,-0.013106205173893774,0.0016416562068812658,-5.1138448230809996e-05
50,11,550,25.189573287963867,1.000614285559352,0.20949885661754333,0.12493040713505045,-0.1639196095152224,0.0021742500728706353,0.035168195460880014,-0.021725283889576293,0.0011426949117008104,-0.013104207916963529,0.0016417394116453002,-5.115117679664121e-05
50,11,551,25.189573287963867,1.0006219210696419,0.20950536109026946,0.12493399077915841,-0.1639188480513263,0.002174258622113278,0.03519848798275111,-0.02171886681595204,0.0011423721925161515,-0.01310224257966459,0.0016418216235123894,-5.116371402861661e-05
50,11,552,25.189573287963867,1.0006293963047344,0.2095116698900909,0.12493729875833498,-0.16391810562402767,0.0021742670159151456,0.035228469677006484,-0.021712571800790857,0.0011420552245036777,-0.01310030612203207,0.0016419020481649766,-5.1176056683789504e-05
50,11,553,25.189573287963867,1.0006367534411014,0.2095179469285271,0.12494060673751155,-0.1639173822333264,0.002174273388986934,0.035258137909513806,-0.021706390840259104,0.0011417436155380127,-0.013098400064048412,0.001641981479920618,-5.1188211248053296e-05
50,11,554,25.189573287963867,1.0006440080709105,0.20952426669747423,0.12494404001892966,-0.16391667787922254,0.0021742780522101936,0.035287492680273064,-0.021700323934356783,0.0011414372349106976,-0.013096522885731173,0.001642059720199925,-5.12001842073014e-05
50,11,555,25.189573287963867,1.0006511775419233,0.20953072154088848,0.12494777402572746,-0.16391597352511866,0.0021742828708742287,0.035316549794078285,-0.021694373084042304,0.0011411360826217329,-0.013094676107062797,0.0016421366697132028,-5.1211972318587123e-05
50,11,556,25.189573287963867,1.0006582786829967,0.20953735430000486,0.12495188393924986,-0.16391526917101482,0.0021742861351305106,0.03534529871440012,-0.021688530285482018,0.0011408402893795767,-0.013092858208060838,0.0016422125270398405,-5.1223582067803876e-05
50,11,557,25.189573287963867,1.0006652796647113,0.20954403159174548,0.12495614421546211,-0.16391456481691097,0.002174287223215938,0.03537374734363559,-0.021682799540592754,0.0011405498551842297,-0.013091067668742858,0.0016422869943107546,-5.123501669789836e-05
50,11,558,25.189573287963867,1.000672166151653,0.2095506944552772,0.12496042955212268,-0.1639138794994045,0.0021742880004198143,0.03540190095004935,-0.021677182850332922,0.001140264387910315,-0.013089306009091294,0.001642360667264112,-5.124626972297716e-05
50,11,559,25.189573287963867,1.0006789386047796,0.20955729838317566,0.12496466476788662,-0.16391321321849545,0.0021742884667421405,0.03542976216777375,-0.02167167020991046,0.0011399840182662916,-0.01308757322910615,0.0016424330494514406,-5.1257360600720535e-05
50,11,560,25.189573287963867,1.000685570089055,0.20956375220566237,0.1249686744396158,-0.16391258501078118,0.002174289554827568,0.03545732309441177,-0.021666269623159023,0.0011397087462521598,-0.013085869328787426,0.0016425044387418234,-5.1268273116394935e-05
50,11,561,25.189573287963867,1.0006920637183536,0.20957004280369465,0.12497243350686191,-0.16391199487626174,0.0021742915755576468,0.0354845969006251,-0.02166097508720337,0.0011394385718679191,-0.013084189748187793,0.0016425746365558715,-5.127901699884049e-05
50,11,562,25.189573287963867,1.000698414072705,0.20957611645677796,0.12497582919760755,-0.1639114618515345,0.002174296549662457,0.035511575684016736,-0.021655780599168267,0.0011391727108628173,-0.01308253600728969,0.0016426436428935852,-5.128958900511049e-05
50,11,563,25.189573287963867,1.0007046206271026,0.20958198933952568,0.12497888657230105,-0.16391098593659945,0.0021743043217012236,0.035538267346983676,-0.021650690160970543,0.0011389119474876069,-0.01308090810609312,0.0016427114577549642,-5.1299995621098353e-05
50,11,564,25.189573287963867,1.0007106847421074,0.20958766764255224,0.12498169334251147,-0.1639105100216644,0.0021743111610953375,0.03556466398712891,-0.02164570377261019,0.001138656151033829,-0.013079306044598085,0.0016427780811400087,-5.13102465756442e-05
50,11,565,25.189573287963867,1.0007166213002114,0.20959321288239902,0.12498437481048036,-0.16391001507013198,0.0021743145807923948,0.0355907761409818,-0.021640819433128802,0.0011384049293761075,-0.013077729822804581,0.0016428439102074966,-5.132033538285462e-05
50,11,566,25.189573287963867,1.0007224528993581,0.2095987141732221,0.12498708133889755,-0.1639095010820021,0.002174313337266192,0.03561660117440999,-0.021636033140609558,0.001138158413222901,-0.01307617944071261,0.001642908746378039,-5.1330262042729615e-05
50,11,567,25.189571380615234,1.0007281865610176,0.20960423319132657,0.12498996329045291,-0.16390892998408008,0.0021743089849244833,0.03564214962394284,-0.021631350897927684,0.0011379166025742096,-0.013074656418304615,0.001642972788231025,-5.1340039527056005e-05
50,11,568,25.189573287963867,1.0007338160698769,0.20960969356234593,0.12499284524200825,-0.16390833984956063,0.0021743015237672674,0.03566741358718333,-0.021626762700291135,0.001137679105304657,-0.013073159235598155,0.001643035737897371,-5.1349661349940394e-05
50,11,569,25.189573287963867,1.0007393547614556,0.20961514977391152,0.12499578984468436,-0.16390774971504118,0.0021742928190838493,0.03569240623479315,-0.021622266546741493,0.0011374461828311609,-0.013071689412575669,0.0016430978932461605,-5.135913075432947e-05
50,11,570,25.189573287963867,1.0007447934542708,0.20962059541511674,0.1249987845682571,-0.1639071595805217,0.0021742836480781054,0.03571713546916931,-0.0216178704411124,0.001137217312319886,-0.013070243909272273,0.0016431594528567828,-5.136845422611666e-05
50,11,571,25.189573287963867,1.0007501487373776,0.2096260445323561,0.12500185447317474,-0.16390656944600226,0.0021742766532432158,0.03574159602204714,-0.021613560376694988,0.0011369924937708322,-0.013068824245670409,0.0016432200195704595,-5.137762527940855e-05
50,11,572,25.189573287963867,1.0007554170650947,0.20963148944395482,0.12500493690831654,-0.16390601738467764,0.0021742707464937534,0.03576578789342663,-0.02160933835444766,0.0011367718578924586,-0.013067430421770079,0.0016432795933871906,-5.138665364304527e-05
50,11,573,25.189573287963867,1.0007606172469146,0.20963702017927674,0.12500815717592403,-0.16390552243314518,0.0021742687257636745,0.03578971635157246,-0.02160520437437042,0.0011365551432678477,-0.013066056357641508,0.001643338273596671,-5.13955393170268e-05
50,11,574,25.189571380615234,1.0007657638599694,0.20964265954664904,0.12501152780622138,-0.16390510362800234,0.002174269658408326,0.035813384030616964,-0.02160114843167121,0.0011363427420223754,-0.013064703573267143,0.0016433957623298164,-5.1404275815459737e-05
50,11,575,25.189573287963867,1.0007708344619441,0.20964831920335425,0.12501492349696702,-0.16390474193265173,0.0021742749433946874,0.03583679883295715,-0.02159717452826685,0.0011361338699052896,-0.013063372068646979,0.0016434524567454057,-5.141287935307762e-05
50,11,576,25.189573287963867,1.0007758175224275,0.20965391606641712,0.1250182064156953,-0.16390443734709328,0.0021742842698412065,0.03585995549032835,-0.021593276661282114,0.0011359287883335077,-0.013062063363763463,0.0016435081582640493,-5.1421336958093624e-05
50,11,577,25.189571380615234,1.0007806926789358,0.20965936218660722,0.12502130138106127,-0.16390413276153487,0.002174296549662457,0.03588286453925991,-0.02158945683167541,0.0011357273665985705,-0.013060774418651708,0.0016435630654651366,-5.142966808818799e-05
50,11,578,25.189571380615234,1.0007854737656001,0.20966472356676114,0.1250243211650823,-0.16390382817597643,0.002174311316536113,0.035905518077354814,-0.021585715039446732,0.001135529866117396,-0.013059508273276598,0.0016436167811898891,-5.1437859771573884e-05
50,11,579,25.189573287963867,1.000790162167142,0.20967001578800548,0.1250272908282067,-0.16390352359041802,0.002174324218120465,0.035927921372877744,-0.0215820532855545,0.0011353360254730668,-0.013058261887673249,0.001643670000466169,-5.144592173709144e-05
50,11,580,25.189573287963867,1.000794770823012,0.2096752911979663,0.1250303482029002,-0.16390318093166478,0.002174334321770861,0.03595007442582869,-0.0215784695690403,0.0011351459753740412,-0.013057035261841661,0.0016437222268455033,-5.145385722768735e-05
50,11,581,25.189571380615234,1.00079928792164,0.20968048399085326,0.1250334055775937,-0.16390278116311935,0.0021743405394018737,0.035971985138604674,-0.02157496188894572,0.0011349597158203195,-0.013055829915764275,0.0016437736589072814,-5.1461659757468215e-05
50,11,582,25.189573287963867,1.0008037222535295,0.20968564546350887,0.1250365757243046,-0.1639023052481843,0.0021743428710135036,0.03599364824294101,-0.02157153224622917,0.0011347771161034428,-0.01305464432945865,0.001643824296651503,-5.146933905527416e-05
50,11,583,25.189571380615234,1.0008080645041084,0.20969073113397838,0.12503973334079133,-0.16390179126005447,0.0021743410057242,0.03601506637297004,-0.021568180640890652,0.0011345981762234112,-0.01305348002290723,0.0016438740407884733,-5.147689187815846e-05
50,11,584,25.189571380615234,1.000812316994143,0.20969570558497364,0.12504279071548483,-0.16390125823532722,0.0021743371197048165,0.036036252699353455,-0.02156489706813811,0.0011344227654717658,-0.013052333956145126,0.0016439232884769713,-5.148433119790796e-05
50,11,585,25.189571380615234,1.0008164759361193,0.20970056024065795,0.12504568519726433,-0.1639007442471974,0.0021743330782446582,0.03605720195382657,-0.021561683528929954,0.0011342510145569654,-0.01305120612917234,0.0016439717418479125,-5.149165052862925e-05
50,11,586,25.189571380615234,1.0008205291126897,0.2097052274503151,0.12504827895366413,-0.16390026833226234,0.0021743287259029494,0.03607791150225705,-0.021558538022307772,0.0011340822699367164,-0.013050099581953757,0.0016440192023219084,-5.14988466273756e-05
50,11,587,25.1895694732666,1.0008244741433272,0.20970972404193028,0.12505054692423595,-0.1638998685637169,0.0021743260834097685,0.03609839451530659,-0.0215554665511468,0.001133916923736395,-0.013049011274524491,0.0016440663649268205,-5.150592922298716e-05
50,11,588,25.189573287963867,1.0008283493175645,0.2097141769251698,0.12505265200189378,-0.16389958301475588,0.002174327326935971,0.03611865099297517,-0.021552457109696575,0.0011337548452475426,-0.013047942726866987,0.0016441124353450927,-5.151289831546392e-05
50,11,589,25.189573287963867,1.0008321603734345,0.20971865995136557,0.12505479467022404,-0.16389935457558705,0.002174329969429152,0.03613867566699813,-0.021549519702749143,0.0011335962958870763,-0.013046892418998798,0.0016441581086045866,-5.151975390480588e-05
50,11,590,25.189573287963867,1.0008359268827371,0.20972321978846312,0.12505705011057172,-0.16389918324621044,0.0021743333891262088,0.03615847907390482,-0.021546644325512457,0.0011334406221127024,-0.01304586187090237,0.0016442030868362187,-5.152649599101303e-05
50,11,591,25.189573287963867,1.0008396576064496,0.2097279076145769,0.12505955615540246,-0.16389903095343122,0.0021743380523494686,0.036178055945430554,-0.021543832978944924,0.0011332879546328799,-0.013044846522630374,0.0016442472707502943,-5.1533127817032094e-05
50,11,592,25.189571380615234,1.0008433473154248,0.20973267986437233,0.12506228774426795,-0.16389885962405462,0.0021743447363028077,0.03619741154984002,-0.02154108166112972,0.0011331385548645264,-0.013043850934130139,0.0016442906603468135,-5.153964613991636e-05
50,11,593,25.189573287963867,1.0008469633994894,0.20973740892414022,0.12506510704470253,-0.16389861214828838,0.002174353440986226,0.03621654325300087,-0.021538396374942086,0.0011329922920991827,-0.013042870545454333,0.001644333354915471,-5.154605744555924e-05
50,11,594,25.189573287963867,1.000850522788545,0.20974214761760293,0.12506807670782694,-0.16389830756272997,0.002174364632722049,0.03623545368904544,-0.021535771117506777,0.0011328489049199316,-0.013041908396567846,0.0016443755530356555,-5.1552361733960735e-05
50,11,595,25.1895694732666,1.000854002581823,0.2097467772271984,0.12507102131050307,-0.16389792683078194,0.002174377067984075,0.03625414812623841,-0.021533203887865393,0.0011327086547436905,-0.013040962967488232,0.0016444170561279781,-5.155856549101427e-05
50,11,596,25.1895694732666,1.0008574122813518,0.2097513430985564,0.12507389073183425,-0.1638975651354313,0.0021743907467723033,0.03627263183284445,-0.02153069468601793,0.0011325711494450834,-0.013040034258215493,0.0016444578641924392,-5.156466223082641e-05
50,11,597,25.189573287963867,1.0008607402665124,0.2097557988824436,0.1250766097904756,-0.16389722247667807,0.0021744028711527786,0.03629089690646656,-0.0215282455129228,0.0011324361276071925,-0.013039120748767185,0.0016444978779393436,-5.1570661682237304e-05
50,11,598,25.189571380615234,1.000863996275274,0.20976015363353467,0.12507919101665127,-0.16389689885452224,0.0021744125084808487,0.03630895388363407,-0.02152584836474635,0.0011323042427723116,-0.013038219399178421,0.0016445371966583861,-5.1576547630513394e-05
50,11,599,25.189571380615234,1.000867198644858,0.20976450421069634,0.1250817471823786,-0.16389663234215862,0.002174419969638064,0.036326800130214644,-0.021523505242447005,0.001132174841398147,-0.013037336289378976,0.0016445758203495668,-5.158234926217506e-05
50,11,600,25.189573287963867,1.0008703562722807,0.20976887422499682,0.12508434093877843,-0.16389640390298982,0.002174423233894346,0.036344443548605304,-0.021521212144107935,0.0011320479234846988,-0.01303646837940396,0.0016446138483025802,-5.1588040633648635e-05
50,11,601,25.189571380615234,1.0008734459458124,0.2097731808872604,0.125086834453385,-0.16389621353701578,0.0021744218349273683,0.03636188150467371,-0.021518975072604377,0.001131923881157343,-0.013035614149270933,0.0016446512805174264,-5.1593641202614366e-05
50,11,602,25.189571380615234,1.0008764678574749,0.20977738786260958,0.1250891901355259,-0.16389604220763918,0.0021744167053817823,0.03637911926668453,-0.02151678602410268,0.0011318021915822448,-0.013034775118962338,0.0016446880177044105,-5.1599144483178844e-05
50,11,603,25.189573287963867,1.0008793983011965,0.20978139155736927,0.12509128268295958,-0.16389585184166516,0.0021744098659876683,0.036396162102902446,-0.021514646999561262,0.0011316832468847803,-0.013033951288478174,0.0016447241591532275,-5.1604563447128895e-05
50,11,604,25.1895694732666,1.000882228440479,0.20978516852756587,0.12509304944456523,-0.16389566147569115,0.0021744017830673513,0.036413004745062774,-0.02151256200089694,0.0011315666549395734,-0.01303314265781844,0.0016447600027329607,-5.160988512267769e-05
50,11,605,25.189571380615234,1.0008849660740387,0.20978872809729346,0.12509452801101537,-0.16389545207311973,0.0021743937001470347,0.036429657729694864,-0.021510525025234487,0.0011314524157466242,-0.013032349226983138,0.0016447950519951377,-5.161511599571864e-05
50,11,606,25.1895694732666,1.000887615297955,0.209792099202696,0.12509576850320658,-0.1638952236339509,0.002174386238989819,0.036446115788534045,-0.02150853807353231,0.001131340660014391,-0.013031570995972266,0.0016448299026779255,-5.1620259309198467e-05
50,11,607,25.1895694732666,1.0008901897797824,0.20979535656025972,0.12509694634427704,-0.16389493808498987,0.002174381420325784,0.03646237892158032,-0.021506603146748817,0.0011312311263259568,-0.013030806444803382,0.0016448639590431566,-5.162531506311715e-05
50,11,608,25.1895694732666,1.0008927306289666,0.20979868687121736,0.12509832466893395,-0.16389463349943145,0.002174378156069502,0.036478447128833684,-0.0215047182439256,0.0011311240760982389,-0.01303005709345893,0.0016448975189599152,-5.163028974336813e-05
50,11,609,25.189571380615234,1.0008952430019702,0.2098020681365983,0.12509986588650485,-0.16389430987727563,0.00217437722342485,0.03649432304442648,-0.02150287336027061,0.0011310193786227783,-0.013029322941938908,0.0016449308802972847,-5.163518010700468e-05
50,11,610,25.189571380615234,1.00089773893796,0.20980557645227807,0.12510162011788636,-0.1638940243283146,0.002174378622391828,0.036510017204888036,-0.021501072497700658,0.0011309169031911168,-0.013028600950278432,0.0016449635466067923,-5.163998615402681e-05
50,11,611,25.189571380615234,1.0009002502718312,0.2098093076499867,0.12510370013509586,-0.16389381492574318,0.00217438188664811,0.036525524341953705,-0.021499303650465287,0.00113081599626096,-0.013027888078512614,0.0016449954185987436,-5.164470464148781e-05
50,11,612,25.189573287963867,1.000902760432472,0.2098132479508301,0.12510608087768507,-0.16389368166956136,0.0021743865498713697,0.036540849723888144,-0.021497580825273366,0.001130717442083061,-0.013027188886588784,0.0016450268934319165,-5.1649342055281085e-05
50,11,613,25.189573287963867,1.0009052652078738,0.20981733057975732,0.12510869969453317,-0.16389358648657437,0.002174392456620832,0.03655599598482369,-0.021495894017332845,0.0011306212406574194,-0.013026501854524499,0.0016450578718166166,-5.165390812424678e-05
50,11,614,25.1895694732666,1.0009077487771247,0.2098214893376041,0.12511146887407115,-0.16389351034018476,0.0021743989851333956,0.03657096839302502,-0.021494245227602137,0.001130526607733283,-0.013025828502302201,0.0016450884530425387,-5.1658399605438175e-05
50,11,615,25.189571380615234,1.0009101935624687,0.2098256404366278,0.12511425058383327,-0.16389345323039256,0.002174406912612937,0.03658575904609512,-0.021492634456081235,0.0011304341968529452,-0.013025165789957006,0.0016451183392405988,-5.166280677001515e-05
50,11,616,25.189573287963867,1.0009125803099561,0.20982971057667665,0.1251169445820263,-0.16389339612060036,0.0021744148400924786,0.03660037584643101,-0.02149106570468697,0.0011303437465994886,-0.013024513717488913,0.0016451477289901862,-5.166713934681782e-05
50,11,617,25.189571380615234,1.000914888368716,0.2098335733157412,0.12511938797573627,-0.16389330093761334,0.0021744233893351214,0.036614821428165016,-0.0214895329705441,0.0011302553876813724,-0.013023872284897922,0.0016451766222913009,-5.1671394092899495e-05
50,11,618,25.189573287963867,1.0009171173495799,0.20983726415699028,0.12512161835563562,-0.16389318671802894,0.0021744328712224163,0.0366290852547678,-0.021488044257486273,0.001130168989390137,-0.013023243012166475,0.0016452048205645537,-5.1675577494153574e-05
50,11,619,25.1895694732666,1.0009192815923513,0.2098407860998848,0.12512363572172436,-0.16389305346184713,0.0021744421976689354,0.03664318576516571,-0.021486585558804613,0.0011300845517257833,-0.013022622859329687,0.0016452327209687228,-5.1679686307633355e-05
50,11,620,25.189571380615234,1.0009213755697872,0.20984416874459563,0.1251254651344508,-0.16389292020566532,0.0021744510577931288,0.03665712032522642,-0.021485168880249587,0.001130001943979852,-0.013022016386334887,0.0016452600256347245,-5.168372701923226e-05
50,11,621,25.1895694732666,1.000923411305779,0.20984747865937642,0.12512721936583232,-0.1638927869494835,0.0021744580526280185,0.03667088630081758,-0.021483796222779603,0.0011299215582777195,-0.013021420553217188,0.0016452871317213372,-5.1687702871896985e-05
50,11,622,25.189571380615234,1.0009253892181573,0.20985067105615773,0.1251288482949723,-0.16389263465670428,0.002174461627765851,0.03668448369193919,-0.021482457581602606,0.001129843133202468,-0.013020835359976592,0.0016453138406491716,-5.169160413678742e-05
50,11,623,25.189571380615234,1.0009273082717134,0.20985376896590655,0.1251303895125432,-0.16389246332732768,0.0021744614723250757,0.0366979151327236,-0.02148115895959383,0.0011297665380456394,-0.013020263846577982,0.0016453399538388389,-5.169544054274368e-05
50,11,624,25.1895694732666,1.0009291773666171,0.20985678685182738,0.12513184301854502,-0.16389229199795105,0.0021744575863056927,0.0367111806231708,-0.021479894353878044,0.001129691903515692,-0.01301969993309159,0.0016453657691594223,-5.169920560387235e-05
50,11,625,25.1895694732666,1.000931008475689,0.20985980060001477,0.12513333411521932,-0.16389212066857445,0.0021744513686746797,0.036724285431545475,-0.021478667766372066,0.0011296188374872495,-0.013019148179464741,0.0016453911873212277,-5.170290580606685e-05
50,11,626,25.1895694732666,1.0009328181094486,0.2098628704157997,0.1251349630443593,-0.16389194933919782,0.002174444218399015,0.03673723219197995,-0.021477475195159076,0.001129547470668771,-0.013018608585697438,0.0016454164069036438,-5.1706554121114014e-05
50,11,627,25.1895694732666,1.000934614072464,0.20986602442779992,0.12513672980596496,-0.163891816083016,0.002174438933412654,0.03675001300207721,-0.021476314639280663,0.001129477803060256,-0.013018078111824791,0.0016454410307478928,-5.17101343342803e-05
50,11,628,25.189571380615234,1.0009363668773372,0.20986915939460066,0.12513845897689818,-0.16389172090002901,0.0021744364463602488,0.03676263576423428,-0.021475194102570472,0.0011294100960786225,-0.013017556757846806,0.0016454654560127526,-5.1713643202618985e-05
50,11,629,25.1895694732666,1.0009380800151224,0.20987224531923254,0.125140075375814,-0.1638916828268342,0.0021744367572417993,0.03677510047845115,-0.021474103580236447,0.001129343826890035,-0.013017044523763479,0.0016454892855394451,-5.1717096940863634e-05
50,11,630,25.189573287963867,1.0009397575990744,0.20987528325413354,0.12514162912360904,-0.16389166379023679,0.002174440954142733,0.0367874124129925,-0.021473039070361764,0.0011292793876198704,-0.01301654140957481,0.0016455127179073594,-5.172048906312082e-05
50,11,631,25.189571380615234,1.000941391565477,0.20987824398061308,0.12514314528073164,-0.16389160668044458,0.0021744479489776225,0.03679957420199066,-0.021472002573904837,0.0011292163861427518,-0.013016047415280799,0.0016455359516958845,-5.1723826055283955e-05
50,11,632,25.1895694732666,1.0009429865462922,0.20988115876224717,0.1251446489076301,-0.16389153053405497,0.002174455876457164,0.036811593747842646,-0.02147099609182408,0.001129155083875597,-0.01301556406086389,0.001645558689035937,-5.172710467440634e-05
50,11,633,25.189571380615234,1.0009445508638182,0.20988404864513283,0.12514625277632177,-0.16389137824127578,0.002174464892022133,0.03682346314815144,-0.02147001562220266,0.0011290949579845712,-0.013015088306359198,0.0016455809299275165,-5.173031843459455e-05
50,11,634,25.1895694732666,1.0009460906393297,0.20988698928152852,0.1251480320681516,-0.16389118787530177,0.002174472819501674,0.03683518767118173,-0.02146907116983264,0.0011290364005950501,-0.013014623191731607,0.0016456028729500125,-5.173347706468872e-05
50,11,635,25.1895694732666,1.0009476195363511,0.20988998030409067,0.12514993666222296,-0.16389099750932773,0.002174477016402608,0.03684676731693349,-0.021468148728005145,0.0011289794117070341,-0.01301416567701623,0.0016456244188137303,-5.173658056468884e-05
50,11,636,25.189573287963867,1.0009491263545827,0.20989297778511234,0.12515189137719093,-0.16389080714335372,0.002174479348014238,0.03685820735367142,-0.02146725029767858,0.0011289234684866882,-0.01301371576221307,0.0016456456668083644,-5.173962893459491e-05
50,11,637,25.189571380615234,1.000950596215373,0.20989589204800163,0.12515374585036568,-0.1638906167773797,0.002174479037132687,0.03686950778139551,-0.021466371876936126,0.0011288689630593886,-0.013013273447322126,0.0016456665176442203,-5.174261568851352e-05
50,11,638,25.1895694732666,1.0009520261750735,0.20989874634517047,0.12515548755152303,-0.16389046448460048,0.0021744757728764056,0.03688067386837043,-0.021465521469611427,0.001128815634008218,-0.01301284025232584,0.0016456868720316035,-5.174555704117821e-05
50,11,639,25.1895694732666,1.0009534157829745,0.2099015106766302,0.1251570663597664,-0.16389035026501608,0.002174471109653146,0.036891705614596176,-0.021464693072829253,0.0011287634813331756,-0.01301241465724177,0.001645706928549903,-5.174844326374885e-05
50,11,640,25.189571380615234,1.0009547627189772,0.20990419287554415,0.1251584697448716,-0.16389029315522388,0.002174467845396864,0.0369026056542051,-0.021463890688506418,0.0011287123743258037,-0.013011996662069916,0.001645726687199119,-5.1751271113278745e-05
50,11,641,25.189571380615234,1.0009560510724087,0.20990671708650666,0.12515959746504543,-0.16389027411862647,0.0021744661355483355,0.03691336608480018,-0.02146311431664293,0.0011286625744030192,-0.013011589306775163,0.0016457460486895565,-5.1754050318608004e-05
50,11,642,25.1895694732666,1.0009572987926243,0.20990912220086502,0.12516053723185697,-0.16389027411862647,0.0021744652029036834,0.036923997442910764,-0.021462353952446726,0.0011286139508563634,-0.013011186511427738,0.0016457650130212158,-5.1756784122683346e-05
50,11,643,25.189571380615234,1.0009585098165557,0.2099114458225736,0.12516137675687525,-0.16389027411862647,0.0021744670681929875,0.03693449972853686,-0.021461613597834637,0.00112856611156046,-0.01301079131599253,0.0016457835801940972,-5.175945955371793e-05
50,11,644,25.189571380615234,1.000959702586552,0.20991378514354858,0.12516230399346262,-0.1638902550820291,0.0021744707987715953,0.036944872941678454,-0.02146089525376507,0.0011285194486406855,-0.013010403720469538,0.0016458020480772837,-5.1762086340551885e-05
50,11,645,25.1895694732666,1.0009608719553762,0.20991613422161073,0.12516335653229155,-0.16389017893563948,0.0021744757728764056,0.03695512498473257,-0.021460202922154843,0.00112847396209704,-0.01301002372485876,0.0016458200195119978,-5.176467421202534e-05
50,11,646,25.1895694732666,1.0009620337233196,0.20991855899067668,0.12516464714537937,-0.16389004567945767,0.0021744810578627665,0.03696524795530219,-0.021459534602045548,0.0011284300440548992,-0.013009652849142642,0.0016458380902364062,-5.1767213439298165e-05
50,11,647,25.189573287963867,1.0009631972301891,0.20992110399627417,0.12516620089317443,-0.16388989338667845,0.0021744868091714536,0.03697524185338731,-0.02145889029343719,0.0011283867795550521,-0.01300928957333874,0.0016458555652226474,-5.176970077942366e-05
50,11,648,25.189573287963867,1.0009643675856483,0.2099237562231367,0.1251680177756767,-0.16388970302070444,0.0021744922495985897,0.03698511721551729,-0.02145826199249612,0.0011283448221397928,-0.013008933897447053,0.001645872940919194,-5.177214596124193e-05
50,11,649,25.1895694732666,1.0009655398858441,0.20992652029298695,0.12517001008131715,-0.16388955072792522,0.002174497690025726,0.03699486087103044,-0.021457655702097567,0.001128304041100662,-0.013008582781502694,0.0016458898201672679,-5.17745522276997e-05
50,11,650,25.189573287963867,1.000966705875786,0.20992933809440248,0.1251720775683025,-0.1638894365083408,0.002174502042367435,0.03700448072232376,-0.021457067420324716,0.0011282641750207426,-0.013008240785452995,0.0016459065008359525,-5.177690660701014e-05
50,11,651,25.189571380615234,1.0009678436446887,0.2099321425668172,0.12517408240416708,-0.1638893793985486,0.0021745065501499196,0.0370139794035296,-0.02145650515101121,0.001128225485316952,-0.013007904869333068,0.0016459231815046371,-5.177922531390678e-05
50,11,652,25.189571380615234,1.0009689451717168,0.2099348301002275,0.12517587422622106,-0.1638893603619512,0.0021745102807285274,0.037023362182912634,-0.02145595488744817,0.0011281879719892902,-0.013007575033142912,0.0016459392664351547,-5.1781505105442916e-05
50,11,653,25.1895694732666,1.000969999488271,0.20993738565505068,0.12517740291356783,-0.163889398435146,0.0021745126123401573,0.03703262906047285,-0.02145542463346924,0.001128151242912381,-0.013007251276882532,0.001645955152786283,-5.1783736252778425e-05
50,11,654,25.1895694732666,1.0009709975818963,0.20993976639708167,0.12517866846620734,-0.1638894365083408,0.0021745150993925625,0.037041790572739604,-0.02145491438907442,0.0011281154287946828,-0.013006932080569479,0.0016459707412683276,-5.178592524180673e-05
50,11,655,25.189571380615234,1.0009719462509552,0.20994194869365168,0.12517963329346718,-0.1638894745815356,0.0021745166538003156,0.037050838817315884,-0.021454412148513246,0.001128080529636196,-0.013006620484168641,0.0016459860318812887,-5.178807531547452e-05
50,11,656,25.189573287963867,1.0009728430176879,0.20994397678788132,0.12518039763714053,-0.16388949361813301,0.002174518363648844,0.03705977116006935,-0.021453929917536183,0.0011280466761453792,-0.013006313447715133,0.0016460009253354713,-5.1790183230835104e-05
50,11,657,25.189571380615234,1.0009737046380824,0.20994593995155922,0.12518111185991732,-0.16388949361813301,0.002174520850701249,0.03706858496686767,-0.02145346969710164,0.0011280136069053148,-0.013006012491191397,0.0016460157194999596,-5.1792252230835185e-05
50,11,658,25.189571380615234,1.000974539387546,0.20994787757512903,0.12518183861291823,-0.1638894745815356,0.0021745233377536543,0.03707729077424019,-0.021453031487209617,0.001127981452624462,-0.013005720654562321,0.0016460302157953644,-5.1794285558421465e-05
50,11,659,25.1895694732666,1.0009753567206625,0.20994978805187123,0.1251826029565916,-0.1638894174717434,0.0021745252030429584,0.0370858806797899,-0.02145260528306806,0.0011279504747197377,-0.013005433377880573,0.0016460445135113798,-5.179627997064725e-05
50,11,660,25.1895694732666,1.000976164009026,0.20995172515340615,0.1251834926025065,-0.1638893222887564,0.0021745261356876104,0.03709436258591381,-0.021452195086593795,0.0011279201503573073,-0.013005152181128599,0.0016460585133583115,-5.179823546751253e-05
50,11,661,25.189573287963867,1.0009769680784986,0.2099537400608699,0.12518457020178372,-0.16388920806917198,0.002174525980246835,0.03710273122434724,-0.02145180489970364,0.001127890740954088,-0.013004875544323953,0.001646072413915549,-5.180016177785743e-05
50,11,662,25.189573287963867,1.0009777853776105,0.20995585538104886,0.12518582322419908,-0.163889112886185,0.002174526446569161,0.037110989229222534,-0.02145142271664713,0.0011278625079269974,-0.013004601947484193,0.0016460860166037025,-5.1802045929895124e-05
50,11,663,25.189571380615234,1.0009785959778974,0.20995801337878575,0.1251871514279594,-0.16388903673979538,0.0021745272237730377,0.037119147137069035,-0.021451056541257906,0.0011278346670252832,-0.013004334430574206,0.0016460993214227726,-5.1803897652465724e-05
50,11,664,25.1895694732666,1.0009794114792503,0.20996025076940678,0.12518856734328876,-0.16388901770319797,0.0021745290890623414,0.03712720231375441,-0.021450702371619147,0.001127807871791239,-0.013004072993593992,0.0016461122290830643,-5.180571694556924e-05
50,11,665,25.1895694732666,1.0009802307130469,0.209962552679919,0.1251900709701872,-0.16388903673979538,0.0021745323533186233,0.03713515475927866,-0.021450358206772446,0.0011277813379741125,-0.01300381763654355,0.001646125136743356,-5.180750056625897e-05
50,11,666,25.189571380615234,1.000981036937474,0.20996486725726768,0.12519159965753393,-0.16388907481299017,0.0021745368611011074,0.037143007107774115,-0.021450030049593033,0.0011277558498246558,-0.013003566839440437,0.001646137746534564,-5.180925175748161e-05
50,11,667,25.189571380615234,1.0009818182200751,0.20996711884538227,0.12519302810308747,-0.16388913192278237,0.0021745412134428167,0.0371507540909761,-0.021449713898164087,0.0011277308845090341,-0.013003320602284653,0.0016461502570360776,-5.181097051923716e-05
50,11,668,25.189571380615234,1.0009825665017902,0.20996928761100286,0.1251943688370719,-0.1638891699959772,0.002174544633139874,0.037158408879546315,-0.02144941375440243,0.001127706572735706,-0.013003080445058641,0.001646162568958202,-5.181265360857891e-05
50,11,669,25.1895694732666,1.0009832885273104,0.20997138709900023,0.12519562185948727,-0.16388920806917198,0.002174547586514605,0.03716596357108773,-0.021449125616391236,0.0011276827837962133,-0.013002847887744846,0.0016461747815906319,-5.18143075114003e-05
50,11,670,25.1895694732666,1.0009839763639463,0.20997338879334915,0.12519678717033356,-0.16388920806917198,0.0021745497626854595,0.03717342606799737,-0.021448851485088922,0.0011276599098159316,-0.01300261989037838,0.0016461866963539782,-5.18159322277013e-05
50,11,671,25.189571380615234,1.0009846289232953,0.209975278209274,0.12519783970916248,-0.1638891699959772,0.002174551472533988,0.03718079900440756,-0.021448589359537074,0.0011276372972525675,-0.013002396452959242,0.001646198710407019,-5.1817527757481924e-05
50,11,672,25.189573287963867,1.000985243763038,0.20997702506984214,0.1251987544155257,-0.16388907481299017,0.002174552871500966,0.037188079746185966,-0.02144833523781887,0.0011276153382314973,-0.013002177575487436,0.0016462103273012815,-5.181909085779546e-05
50,11,673,25.189573287963867,1.0009858229259467,0.20997866711763888,0.12519954381964737,-0.16388896059340577,0.002174554270467944,0.037195270927464934,-0.021448095122809544,0.0011275941634611795,-0.0130019647779454,0.001646221745616155,-5.1820631257482046e-05
50,11,674,25.189571380615234,1.000986387407017,0.20998028578929656,0.1252003206935449,-0.16388884637382137,0.002174555669434922,0.03720236991411211,-0.02144786501259227,0.0011275736422331553,-0.01300175502036825,0.001646233263220723,-5.182214247064825e-05
50,11,675,25.189571380615234,1.0009869450650082,0.2099819185217081,0.12520114768833904,-0.16388873215423694,0.002174556757520349,0.03720937670612751,-0.021447644907167055,0.0011275536438389662,-0.013001549822738432,0.0016462444829562074,-5.1823621254347366e-05
50,11,676,25.1895694732666,1.0009875000703916,0.209983594546208,0.1252020498644781,-0.16388863697124995,0.0021745578456057765,0.037216288669378796,-0.021447436807492306,0.0011275345604039885,-0.013001347665073498,0.0016462553055329135,-5.182507409447281e-05
50,11,677,25.189571380615234,1.0009880606253632,0.20998534366289553,0.12520302722196208,-0.16388859889805513,0.0021745592445727544,0.03722310580386596,-0.02144723871260961,0.0011275159998028457,-0.013001150067355895,0.0016462660288199251,-5.182650099102459e-05
50,11,678,25.189571380615234,1.0009886223101105,0.20998714484078174,0.12520406723056685,-0.16388859889805513,0.0021745614207436086,0.03722983601198602,-0.021447050622518973,0.0011274980927439965,-0.013000955509603175,0.0016462766528172422,-5.1827895458109284e-05
50,11,679,25.1895694732666,1.000989196559354,0.20998900600337442,0.12520518242051654,-0.16388863697124995,0.0021745648404406658,0.0372364819278713,-0.02144686253242833,0.0011274803163936063,-0.013000763991815344,0.0016462867803660867,-5.182927371046043e-05
50,11,680,25.1895694732666,1.0009897666682737,0.20999086606352724,0.1252062976104662,-0.16388869408104215,0.002174568260137723,0.0372430356491248,-0.021446678444254515,0.0011274633242939686,-0.0130005755139924,0.0016462968086252364,-5.183062277629121e-05
50,11,681,25.1895694732666,1.0009903299123595,0.20999271202089537,0.1252074128004159,-0.16388875119083435,0.002174571524394005,0.03724950771227587,-0.021446498357997522,0.0011274467243197071,-0.013000390076134339,0.0016463065390153024,-5.183194589854831e-05
50,11,682,25.189571380615234,1.0009908784829742,0.209994534521251,0.12520854052058972,-0.16388878926402917,0.0021745733896833086,0.03725588758079516,-0.021446328276532582,0.0011274306471792804,-0.013000206158258724,0.001646316170115674,-5.183324307723175e-05
50,11,683,25.189573287963867,1.0009913949767475,0.2099962600644338,0.12520955546874615,-0.16388880830062655,0.002174575410413388,0.03726218052294734,-0.021446170200818106,0.0011274153542896064,-0.01300002832031288,0.001646325701926351,-5.183451755528822e-05
50,11,684,25.1895694732666,1.0009918821668589,0.20999787397827588,0.12521043258443693,-0.16388880830062655,0.002174578519228894,0.03726838917286474,-0.021446018127978868,0.0011274005842337675,-0.012999853522331923,0.0016463350351576388,-5.183576933271774e-05
50,11,685,25.1895694732666,1.000992339742166,0.20999938401374807,0.12521115933743784,-0.16388880830062655,0.002174581628044401,0.037274516164679715,-0.02144587405897327,0.001127386075594846,-0.012999680244333409,0.0016463441698095376,-5.183699516657358e-05
50,11,686,25.189571380615234,1.0009927664202332,0.2100008213560198,0.12521181090909383,-0.16388878926402917,0.0021745847368599075,0.03728056676665693,-0.021445745997634963,0.0011273726126235946,-0.012999513046264666,0.0016463531058820474,-5.183819829980247e-05
50,11,687,25.189573287963867,1.0009931777478471,0.2100022227893673,0.12521244995052566,-0.16388875119083435,0.0021745875347938632,0.037286538344664034,-0.0214456259401303,0.0011273594110692605,-0.012999350408143253,0.0016463619426648624,-5.1839378732404395e-05
50,11,688,25.1895694732666,1.0009935754073662,0.21000359624112744,0.12521311405240582,-0.16388867504444474,0.002174588933760841,0.03729243353283338,-0.02144551388645928,0.0011273467323487617,-0.012999190809986728,0.0016463708787373722,-5.184053970732607e-05
50,11,689,25.1895694732666,1.0009939671027863,0.21000497851224043,0.1252138157449584,-0.16388859889805513,0.002174589866405493,0.03729824969703264,-0.021445409836621906,0.0011273347071705565,-0.01299903577177753,0.0016463794176511037,-5.184167798162078e-05
50,11,690,25.1895694732666,1.0009943656140725,0.21000643050494988,0.1252146051490801,-0.16388856082486034,0.0021745901772870437,0.0373039947396588,-0.021445313790618176,0.0011273229434092687,-0.01299888377353322,0.0016463881551442242,-5.184280004118196e-05
50,11,691,25.1895694732666,1.0009947684935618,0.2100079218642208,0.12521540708342593,-0.16388857986145774,0.002174589400083167,0.037309666026579535,-0.021445221746531268,0.0011273113103564397,-0.012998736335236238,0.0016463965947682612,-5.184389615716946e-05
50,11,692,25.1895694732666,1.0009951742439942,0.21000944549224138,0.12521620901777178,-0.16388865600784736,0.002174588001116189,0.03731526619192718,-0.02144513370436118,0.0011273003308459046,-0.012998591936904143,0.0016464051336819926,-5.1844972815476714e-05
50,11,693,25.1895694732666,1.0009955648377864,0.2100109342143693,0.12521694830099683,-0.16388875119083435,0.0021745872239123127,0.03732079523570174,-0.021445053666024737,0.0011272894820438283,-0.01299844905855449,0.0016464131761472513,-5.1846026773157006e-05
50,11,694,25.1895694732666,1.00099593171673,0.21001232863231134,0.12521754975175622,-0.16388884637382137,0.0021745875347938632,0.03732625315790321,-0.02144497762960512,0.0011272791560755868,-0.012998312260134611,0.0016464213179022045,-5.184707100199717e-05
50,11,695,25.1895694732666,1.0009962570521647,0.21001359034795872,0.12521797577937743,-0.16388892252021098,0.0021745884674385153,0.037331634690266915,-0.021444915599894376,0.0011272693529411804,-0.012998178501679617,0.0016464295589468524,-5.184808604431696e-05
50,11,696,25.189571380615234,1.0009965454751923,0.21001470411689244,0.12521825144430881,-0.16388894155680836,0.002174589710964718,0.037336937198660526,-0.021444859573058864,0.001127260072640609,-0.01299804778318951,0.001646437601412111,-5.1849081628956495e-05
50,11,697,25.189571380615234,1.0009968004464744,0.21001572372922103,0.12521846445811943,-0.16388890348361357,0.002174591265372471,0.03734216858548105,-0.021444817552932233,0.0011272510537569552,-0.012997921624646731,0.0016464454452979806,-5.185005775591578e-05
50,11,698,25.189571380615234,1.0009970452201336,0.21001673202543397,0.12521872759282665,-0.16388882733722396,0.002174592819780224,0.03734733411899316,-0.021444783536639245,0.0011272425577071362,-0.012997796986086397,0.0016464531898941557,-5.185102091108823e-05
50,11,699,25.1895694732666,1.0009972999698153,0.21001778783892197,0.12521911602977542,-0.16388873215423694,0.0021745940633064267,0.03735242853093217,-0.021444749520346258,0.0011272345844911523,-0.012997675387490948,0.0016464608352006363,-5.185195812268701e-05
50,11,700,25.1895694732666,1.0009975605007149,0.21001893637205815,0.12521967988986232,-0.16388863697124995,0.002174594218747202,0.03735745445543044,-0.021444729510762147,0.001127226872692086,-0.012997556828860385,0.0016464685797968114,-5.185287911955225e-05
50,11,701,25.1895694732666,1.0009978412929763,0.21002020011521164,0.12522048182420817,-0.16388852275166554,0.0021745943741879772,0.03736241189248795,-0.021444713503094858,0.0011272195530183959,-0.012997441310194709,0.0016464758279445136,-5.185378390168395e-05
50,11,702,25.189571380615234,1.0009981442210032,0.21002157870341265,0.1252214717119163,-0.16388842756867852,0.0021745948405103035,0.03736730084210471,-0.021444699496385982,0.0011272123640531644,-0.012997325791529034,0.0016464828775128268,-5.1854665983188683e-05
50,11,703,25.189571380615234,1.000998446188011,0.21002299004750485,0.12522251172052107,-0.1638883514222889,0.0021745959285957308,0.03737212130428072,-0.021444693493510747,0.0011272055672133094,-0.012997211792845801,0.0016464897285017508,-5.1855528607013167e-05
50,11,704,25.189571380615234,1.000998743701277,0.21002438961042152,0.1252234765477809,-0.1638883323856915,0.002174598571088911,0.03737687591314832,-0.021444689491593925,0.0011271990317903717,-0.01299709931414501,0.0016464962816215912,-5.1856371773157405e-05
50,11,705,25.189571380615234,1.0009990204273318,0.2100257181783972,0.12522429101235089,-0.1638883514222889,0.0021746026125490695,0.037381567302839834,-0.021444691492552338,0.0011271928884928105,-0.012996988355426663,0.0016465028347414318,-5.1857201967514803e-05
50,11,706,25.189573287963867,1.000999274883411,0.21002696864618678,0.12522494258400688,-0.16388840853208111,0.00217460758665388,0.037386198107487605,-0.021444699496385982,0.001127186875903708,-0.012996877396708316,0.0016465089907024939,-5.185800946124524e-05
50,11,707,25.1895694732666,1.0009995215856666,0.21002816351954115,0.12522546885342134,-0.16388850371506813,0.0021746127161994654,0.037390768327091636,-0.021444703498302804,0.0011271811247315227,-0.012996767957972413,0.0016465150473738616,-5.1858800740242136e-05
50,11,708,25.1895694732666,1.0009997589009565,0.21002933229358958,0.12522594500193918,-0.16388861793465254,0.0021746178457450515,0.037395275327519586,-0.02144471150213645,0.001127175242850879,-0.012996660039218951,0.0016465209054658402,-5.185957580450549e-05
50,11,709,25.1895694732666,1.0009999838510792,0.21003046066915906,0.1252263960900087,-0.16388871311763956,0.0021746217317644345,0.0373997217429038,-0.021444723507886912,0.0011271697530956114,-0.012996553640447934,0.0016465265649784296,-5.18603346540353e-05
50,11,710,25.1895694732666,1.0010002051748788,0.21003156226189168,0.12522687223852655,-0.16388877022743176,0.002174623597053738,0.037404099670847256,-0.02144473351267897,0.001127164132631885,-0.01299644876165936,0.00164653202591163,-5.186107728883156e-05
50,11,711,25.189571380615234,1.0010004096202085,0.21003263913198011,0.125227398507941,-0.16388877022743176,0.002174622975290637,0.037408419647879304,-0.02144475552322149,0.0011271591657104523,-0.012996346922835671,0.0016465374868448303,-5.1861806951841e-05
50,11,712,25.1895694732666,1.0010006174875978,0.21003371350256095,0.12522798742847624,-0.16388873215423694,0.002174620488238232,0.03741268167399995,-0.02144477353184719,0.0011271541987890198,-0.012996246603994427,0.0016465427491986417,-5.1862523643063595e-05
50,11,713,25.1895694732666,1.0010008198695892,0.21003479892273294,0.1252286139396839,-0.16388869408104215,0.0021746169131003994,0.037416877846812184,-0.021444799544306534,0.0011271496239929635,-0.01299615084510051,0.001646548210131842,-5.186322411955265e-05
50,11,714,25.189571380615234,1.0010010134725333,0.21003588922875974,0.1252292655113399,-0.16388865600784736,0.002174614736929545,0.03742101606871301,-0.021444835561557934,0.001127145179905366,-0.01299605812617148,0.0016465536710650423,-5.186391486720158e-05
50,11,715,25.1895694732666,1.0010011997222765,0.21003699133460937,0.12522992961322005,-0.16388863697124995,0.0021746153586926463,0.03742509370557009,-0.02144488158360139,0.001127141520068521,-0.012995968447207337,0.0016465591319982428,-5.1864589400116966e-05
50,11,716,25.189571380615234,1.0010013766569628,0.21003806788362062,0.12523051853375528,-0.16388865600784736,0.0021746183120673773,0.03742911075738343,-0.021444931607561665,0.001127137729523217,-0.012995883328190523,0.001646564592931443,-5.186525096124552e-05
50,11,717,25.1895694732666,1.0010015311650136,0.2100390749810119,0.12523098215204895,-0.16388869408104215,0.002174622975290637,0.0374330724924177,-0.021444989635355585,0.0011271342003948306,-0.012995801249138595,0.0016465699545749489,-5.1865906036480656e-05
50,11,718,25.189571380615234,1.001001669613594,0.2100400056171448,0.12523133299832526,-0.16388873215423694,0.0021746285711585485,0.037436981544805244,-0.021445047663149506,0.001127130932683362,-0.01299572069006911,0.0016465753162184546,-5.1866538411088826e-05
50,11,719,25.189571380615234,1.0010018007422121,0.21004091992943696,0.1252316713143774,-0.16388877022743176,0.0021746332343818083,0.037440840548678384,-0.02144510969286025,0.0011271277956803518,-0.012995640130999625,0.0016465804792825714,-5.1867170785697e-05
50,11,720,25.1895694732666,1.001001924048592,0.21004182482016598,0.12523203469087787,-0.16388878926402917,0.0021746366540788655,0.03744464423577246,-0.021445177725446223,0.0011271247893858006,-0.01299556413187747,0.0016465858409260771,-5.186778370262493e-05
50,11,721,25.189573287963867,1.0010020604034655,0.21004277315571984,0.12523246071849908,-0.16388882733722396,0.0021746389856904954,0.03744839787435214,-0.021445241756115375,0.0011271220445081668,-0.012995489652737759,0.0016465911032798885,-5.186838689071272e-05
50,11,722,25.189571380615234,1.0010021929136508,0.21004374969580572,0.12523297445768938,-0.16388884637382137,0.0021746403846574732,0.03745209883028509,-0.021445315791576585,0.0011271195610474505,-0.01299541669358049,0.0016465959684749214,-5.186897386406698e-05
50,11,723,25.189571380615234,1.001002325681357,0.21004471803108646,0.12523348819687968,-0.16388886541041875,0.0021746405400982485,0.037455752371835974,-0.021445387826079385,0.0011271166854613579,-0.012995346774388105,0.0016466011315390383,-5.186955110858111e-05
50,11,724,25.189571380615234,1.0010024573129666,0.21004569953897695,0.12523403952674245,-0.16388888444701616,0.0021746400737759227,0.03745935323074013,-0.021445463862499004,0.0011271144634175591,-0.012995278375178167,0.0016466059967340711,-5.187011862425511e-05
50,11,725,25.1895694732666,1.0010025852485354,0.21004667273718064,0.12523461591705354,-0.16388888444701616,0.002174639452012821,0.037462906675262225,-0.021445541899877036,0.0011271122413737604,-0.012995209975968227,0.0016466108619291042,-5.187067316814228e-05
50,11,726,25.1895694732666,1.001002701289283,0.21004760792838748,0.12523516724691627,-0.16388886541041875,0.002174639296572046,0.03746641270540226,-0.02144562393917189,0.0011271101500384202,-0.012995144616723173,0.0016466156278344428,-5.1871214740242615e-05
50,11,727,25.1895694732666,1.0010028143665326,0.2100485197763323,0.12523569351633074,-0.16388884637382137,0.0021746403846574732,0.03746987132116024,-0.02144570397750833,0.0011271083201199977,-0.012995079257478118,0.0016466202944500866,-5.187174658350282e-05
50,11,728,25.189571380615234,1.0010029279052726,0.21004945263476418,0.1252362448461935,-0.16388884637382137,0.0021746434934729795,0.03747327988840383,-0.021445788017761595,0.0011271063594931166,-0.012995015418215508,0.0016466245639069523,-5.18722654549762e-05
50,11,729,25.1895694732666,1.0010030482733574,0.21005040885788895,0.12523682123650456,-0.16388886541041875,0.0021746483121370145,0.037476651577794694,-0.02144587005705645,0.001127104529574694,-0.012994953098935341,0.0016466291312329019,-5.1872771354662734e-05
50,11,730,25.1895694732666,1.0010031664693677,0.2100513641397273,0.1252374101570398,-0.16388888444701616,0.002174654218886477,0.03747997585280351,-0.021445954097309712,0.0011271028303647302,-0.012994890779655174,0.0016466332021103786,-5.187326752550915e-05
50,11,731,25.1895694732666,1.001003288176352,0.2100523268930312,0.12523802413802332,-0.16388890348361357,0.002174660902839816,0.03748325798169493,-0.021446036136604566,0.0011271011311547664,-0.012994828460375005,0.0016466373722775496,-5.187376045340886e-05
50,11,732,25.1895694732666,1.0010034129565963,0.21005330420835477,0.1252386757096793,-0.16388892252021098,0.0021746666541485027,0.037486495330336635,-0.02144611817589942,0.0011270994319448027,-0.012994767661077282,0.0016466413438653317,-5.187423392362831e-05
50,11,733,25.189573287963867,1.001003542541591,0.21005430431045194,0.12523937740223193,-0.16388894155680836,0.0021746711619309873,0.037489693166993285,-0.021446200215194274,0.001127098124860215,-0.012994705341797114,0.001646645315453114,-5.187470415090105e-05
50,11,734,25.189573287963867,1.001003674291885,0.21005530524655602,0.12524011668545698,-0.16388894155680836,0.0021746738044241677,0.03749285149166489,-0.021446280253530715,0.0011270969484840864,-0.012994647582464276,0.0016466489891718123,-5.187516464933367e-05
50,11,735,25.1895694732666,1.0010038006021036,0.21005629869896025,0.12524088102913036,-0.16388892252021098,0.0021746741153057182,0.03749596767021911,-0.02144636429378398,0.0011270957721079577,-0.012994588303148995,0.0016466525636008162,-5.187561217597946e-05
50,11,736,25.1895694732666,1.0010039172792395,0.2100572554441202,0.12524162031235545,-0.16388888444701616,0.0021746730272202914,0.03749904433678827,-0.021446450334995655,0.0011270947264402876,-0.012994530543816158,0.001646656336609209,-5.1876053216731826e-05
50,11,737,25.189571380615234,1.001004022334573,0.2100581753929328,0.12524228441423557,-0.16388886541041875,0.0021746713173717625,0.037502081491372394,-0.021446540378124154,0.0011270939421895352,-0.012994475824448204,0.0016466598117485184,-5.187648452864407e-05
50,11,738,25.189571380615234,1.0010041085471573,0.21005899623729427,0.12524277309297757,-0.16388886541041875,0.0021746697629640094,0.03750506596330978,-0.02144662842029424,0.001127092896521865,-0.012994421105080253,0.0016466633861775223,-5.1876902868769476e-05
50,11,739,25.189571380615234,1.0010041633115214,0.21005970454233022,0.12524306128813312,-0.16388888444701616,0.002174668674878582,0.03750800565499745,-0.02144672446629797,0.0011270926351049475,-0.012994367905694745,0.0016466668613168316,-5.187732120889489e-05
50,11,740,25.1895694732666,1.0010042118783282,0.21006034606583662,0.1252432241810471,-0.16388892252021098,0.0021746680531154806,0.03751090583470006,-0.021446812508468055,0.0011270921122711127,-0.012994316226291679,0.0016466701378767517,-5.187772333428675e-05
50,11,741,25.189571380615234,1.00100424438983,0.210060920426646,0.12524331189261617,-0.16388894155680836,0.00217466774223393,0.03751376386828529,-0.021446902551596553,0.001127091850854195,-0.012994264546888613,0.001646673613016061,-5.1878122216731907e-05
50,11,742,25.1895694732666,1.0010042726522632,0.21006145590841102,0.12524332442284034,-0.16388897963000318,0.002174667586793155,0.03751657185335613,-0.02144698859280823,0.00112709132802036,-0.012994212867485547,0.0016466765917068976,-5.187851137033694e-05
50,11,743,25.189571380615234,1.001004300933413,0.2100619915571113,0.12524337454373694,-0.16388899866660056,0.0021746683639970316,0.03751933769230957,-0.021447074634019906,0.00112709132802036,-0.012994162708064924,0.0016466797689771234,-5.187889403804855e-05
50,11,744,25.189571380615234,1.00100434517985,0.2100625939488507,0.1252435499668751,-0.16388901770319797,0.0021746689857601326,0.0375220587510133,-0.02144715867427317,0.0011270915894372776,-0.012994112548644302,0.0016466826483782654,-5.187927021986675e-05
50,11,745,25.189571380615234,1.001004403773064,0.21006326467847827,0.1252438757527031,-0.16388901770319797,0.0021746692966416836,0.03752474293186431,-0.021447242714526433,0.0011270917201457362,-0.012994063909206122,0.0016466857263587964,-5.187963667284482e-05
50,11,746,25.1895694732666,1.001004485923389,0.2100640196316671,0.12524435190122093,-0.16388901770319797,0.0021746688303193574,0.03752739550312728,-0.021447320751904465,0.0011270921122711127,-0.01299401830973283,0.001646688705049633,-5.188000312582289e-05
50,11,747,25.1895694732666,1.0010045827389082,0.21006483517023455,0.12524494082175616,-0.16388901770319797,0.002174668674878582,0.037530011196537545,-0.021447396788324084,0.0011270926351049475,-0.012993971190277093,0.0016466914851610804,-5.1880363092907545e-05
50,11,748,25.1895694732666,1.0010046906886192,0.21006570382823855,0.12524560492363632,-0.16388903673979538,0.0021746692966416836,0.03753259001209509,-0.021447472824743706,0.0011270932886472413,-0.012993924070821356,0.0016466942652725279,-5.1880716574098776e-05
50,11,749,25.189571380615234,1.0010047918845368,0.21006655902090277,0.1252462564952923,-0.1638890557763928,0.0021746708510494367,0.03753513458393226,-0.021447552863080147,0.0011270939421895352,-0.012993878471348063,0.0016466970453839754,-5.188106032644989e-05
50,11,750,25.1895694732666,1.0010048921507884,0.21006740056459322,0.12524687047627583,-0.16388909384958758,0.0021746736489833924,0.03753764491204906,-0.02144763090045818,0.001127094987857205,-0.01299383287187477,0.0016466997262057283,-5.1881404078801e-05
50,11,751,25.1895694732666,1.0010049828183496,0.2100681684951795,0.12524737168524197,-0.16388913192278237,0.0021746775350027754,0.03754011836231314,-0.021447702934960976,0.0011270956413994989,-0.012993790312366364,0.0016467024070274813,-5.1881734859365274e-05
50,11,752,25.1895694732666,1.0010050477038583,0.21006884162339037,0.12524774759196658,-0.16388915095937978,0.0021746825091075858,0.037542562837121526,-0.021447780972339008,0.0011270964256502513,-0.012993746232875513,0.0016467052864286233,-5.188206888287626e-05
50,11,753,25.1895694732666,1.0010051026379092,0.21006944870093866,0.12524802325689796,-0.1638891699959772,0.0021746876386531714,0.037544970434077195,-0.021447855007800217,0.0011270970791925452,-0.012993706713331991,0.001646707967250376,-5.188238993460041e-05
50,11,754,25.1895694732666,1.0010051564127163,0.21007005016047786,0.12524827386138104,-0.16388920806917198,0.00217469168011333,0.03754734642144482,-0.021447929043261427,0.0011270978634432976,-0.012993668713770914,0.0016467107473618235,-5.188270774337785e-05
50,11,755,25.1895694732666,1.00100521514631,0.2100706843835524,0.1252485871169849,-0.1638892461423668,0.0021746935454026338,0.037549696067489084,-0.021448005079681046,0.0011270983862771327,-0.01299363223419228,0.001646713527473271,-5.188301906626188e-05
50,11,756,25.1895694732666,1.001005283543465,0.2100713737884606,0.12524897555393363,-0.163889303252159,0.0021746932345210832,0.03755201937220998,-0.021448083117059077,0.0011270991705278851,-0.012993598794578532,0.0016467163075847184,-5.18833303891459e-05
50,11,757,25.1895694732666,1.001005345868735,0.21007208073036782,0.12524942664200317,-0.1638893413253538,0.0021746913692317796,0.037554313701475175,-0.021448171159229163,0.0011270999547786378,-0.01299356839492967,0.0016467193855652497,-5.188363846908322e-05
50,11,758,25.1895694732666,1.0010054111785112,0.21007281117237783,0.12524995291141763,-0.1638893603619512,0.0021746890376201497,0.03755657115288765,-0.02144826120235766,0.0011271010004463076,-0.01299353951526325,0.0016467225628354753,-5.188393682018041e-05
50,11,759,25.189571380615234,1.0010054714513739,0.2100735362654875,0.1252505042412804,-0.1638893603619512,0.002174686861449295,0.037558796994712096,-0.02144835524740298,0.001127102438239354,-0.012993513675561718,0.0016467256408160063,-5.188422868538418e-05
50,11,760,25.1895694732666,1.0010055221091974,0.2100742249929318,0.12525103051069486,-0.1638893413253538,0.0021746862396861935,0.037560985958683825,-0.021448451293406712,0.0011271037453239414,-0.012993487835860185,0.0016467286195068428,-5.188452055058795e-05
50,11,761,25.1895694732666,1.0010055640773512,0.21007486317583648,0.12525145653831607,-0.1638893413253538,0.002174687794093947,0.03756314331306752,-0.02144854533845203,0.0011271050524085291,-0.012993461996158652,0.001646731697487374,-5.188479620105818e-05
50,11,762,25.189571380615234,1.0010055801705684,0.210075406170227,0.12525173220324745,-0.1638893413253538,0.0021746910583502286,0.037565269057863164,-0.021448645386372582,0.0011271063594931166,-0.012993437676439562,0.001646734576888516,-5.1885065365635e-05
50,11,763,25.189571380615234,1.001005590325463,0.2100758836770317,0.1252518825659373,-0.1638893603619512,0.002174695410691938,0.037567363193070774,-0.021448737430459493,0.0011271080587030803,-0.012993413356720471,0.0016467373569999636,-5.188532804431839e-05
50,11,764,25.189571380615234,1.0010055892158367,0.21007632613574195,0.12525198280773053,-0.1638893793985486,0.0021746996075928714,0.03756942835282268,-0.021448833476463224,0.0011271094964961266,-0.012993389037001382,0.0016467399385320218,-5.188558748005508e-05
50,11,765,25.189571380615234,1.0010055974736052,0.21007678518774076,0.1252520955797479,-0.1638894174717434,0.0021747028718491533,0.03757146190298655,-0.02144892351959172,0.0011271110649976317,-0.01299336319729985,0.0016467423214846912,-5.188583394400493e-05
50,11,766,25.1895694732666,1.0010056074257254,0.21007726148767397,0.12525224594243775,-0.16388945554493822,0.0021747044262569065,0.03757346647769472,-0.02144901556367863,0.0011271125027906778,-0.012993337357598316,0.0016467447044373603,-5.188607716500808e-05
50,11,767,25.1895694732666,1.0010056240424008,0.21007776941072714,0.12525245895624837,-0.16388949361813301,0.0021747044262569065,0.03757543944281484,-0.021449107607765538,0.0011271143327091003,-0.012993309997914341,0.0016467466902312514,-5.1886304171277674e-05
50,11,768,25.189571380615234,1.001005652516923,0.21007832446088803,0.12525275968162805,-0.1638895316913278,0.0021747038044938054,0.03757738343247927,-0.021449197650894036,0.001127115639793688,-0.012993282638230364,0.0016467486760251425,-5.188652793460057e-05
50,11,769,25.189571380615234,1.0010056908119362,0.21007892626367278,0.12525314811857682,-0.16388956976452262,0.002174702716408378,0.037579295812555646,-0.02144928769402253,0.0011271170775867343,-0.012993256798528832,0.0016467506618190334,-5.188674521203004e-05
50,11,770,25.1895694732666,1.0010057395668988,0.21007956857154306,0.1252536117368705,-0.16388960783771742,0.0021747014728821755,0.037581184485441003,-0.021449375736192617,0.001127118776796698,-0.012993229438844857,0.001646752349743841,-5.188695924651281e-05
50,11,771,25.189573287963867,1.0010057844979394,0.2100801833892385,0.12525406282494003,-0.16388962687431483,0.002174700851119074,0.03758304418287065,-0.021449461777404293,0.0011271204760066617,-0.01299320207916088,0.0016467539383789537,-5.1887160309208745e-05
50,11,772,25.189571380615234,1.0010058234422057,0.21008077903893535,0.12525448885256127,-0.16388964591091223,0.0021747006956782987,0.03758488017310928,-0.02144954981957438,0.0011271220445081668,-0.012993174719476905,0.0016467555270140665,-5.1887364614851386e-05
50,11,773,25.189571380615234,1.0010058539666509,0.21008135326126195,0.12525488981973418,-0.16388966494750962,0.002174701162000625,0.03758667928549519,-0.02144964186366129,0.0011271238744265894,-0.012993148879775372,0.0016467573142285685,-5.188756567754732e-05
50,11,774,25.189571380615234,1.0010058724536637,0.21008187020472163,0.12525520307533802,-0.16388968398410703,0.002174702560967603,0.03758844942242539,-0.021449733907748198,0.0011271258350534707,-0.012993126080038725,0.0016467588035739868,-5.188776025434983e-05
50,11,775,25.1895694732666,1.0010058746377088,0.2100823375325879,0.12525544114959694,-0.16388970302070444,0.0021747052034607832,0.03759019321803223,-0.021449831954710338,0.0011271279263888106,-0.012993101760319635,0.001646760491498794,-5.188795158820564e-05
50,11,776,25.1895694732666,1.0010058603879826,0.21008272658183771,0.12525557898206263,-0.16388970302070444,0.002174708156835514,0.03759191594058038,-0.02144993000167248,0.0011271301484326094,-0.012993078960582988,0.0016467622787132961,-5.188813967911474e-05
50,11,777,25.189571380615234,1.0010058405981637,0.21008308918008492,0.12525567922385586,-0.16388970302070444,0.002174710488447144,0.0375936149559375,-0.021450028048634624,0.0011271327626017845,-0.012993059200811228,0.001646764065927798,-5.188833101297054e-05
50,11,778,25.1895694732666,1.0010058211114112,0.21008349039733656,0.1252558295865457,-0.16388972205730185,0.0021747115765325714,0.03759527972757424,-0.021450134099430408,0.0011271352460625007,-0.012993039441039467,0.0016467659524319945,-5.188851910387964e-05
50,11,779,25.189571380615234,1.0010058055535351,0.2100839009082698,0.12525603007013217,-0.16388972205730185,0.002174711421091796,0.03759691288962294,-0.021450238149267782,0.0011271381216485933,-0.012993018161285265,0.0016467675410671073,-5.188870070889532e-05
50,11,780,25.189571380615234,1.0010057970975665,0.21008434520462732,0.1252562932048394,-0.16388972205730185,0.0021747106438879194,0.037598524978612956,-0.02145034219910516,0.0011271412586516033,-0.012992999921495947,0.0016467693282816093,-5.18888790709643e-05
50,11,781,25.189573287963867,1.0010057993747763,0.21008482196111058,0.1252566189906674,-0.16388972205730185,0.002174709400361717,0.0376001107262796,-0.021450442247025713,0.0011271441342376959,-0.012992978641741744,0.0016467709169167221,-5.1889047704193146e-05
50,11,782,25.189573287963867,1.001005810656426,0.21008533231343754,0.12525698236716784,-0.16388974109389923,0.0021747083122762895,0.037601675400887546,-0.021450540293987852,0.0011271470098237885,-0.012992958881969982,0.0016467724062621404,-5.1889219580368696e-05
50,11,783,25.189571380615234,1.0010058166323792,0.21008581743693483,0.12525730815299585,-0.16388976013049664,0.0021747078459539637,0.03760322427070148,-0.021450638340949995,0.0011271502775352573,-0.012992939122198222,0.0016467737963178641,-5.1889388213597544e-05
50,11,784,25.1895694732666,1.0010058160892157,0.21008625293621455,0.1252575587574789,-0.16388977916709405,0.0021747083122762895,0.03760474679919204,-0.021450732385995316,0.0011271532838298085,-0.012992917842444019,0.0016467751863735878,-5.188955036093297e-05
50,11,785,25.189571380615234,1.0010058015613021,0.2100866405072358,0.12525773418061706,-0.16388979820369143,0.002174709555802492,0.03760625088875625,-0.021450830432957455,0.001127156159415901,-0.012992899602654701,0.001646776477139617,-5.188970602237499e-05
50,11,786,25.189571380615234,1.0010057800858776,0.2100869950009294,0.1252578594828586,-0.16388981724028884,0.0021747111102102456,0.0376077365393941,-0.021450928479919598,0.0011271591657104523,-0.012992882882847827,0.0016467779664850353,-5.1889864926763705e-05
50,11,787,25.189571380615234,1.0010057564947479,0.21008733013271752,0.1252579346642035,-0.16388985531348366,0.0021747131309403245,0.03760919848284092,-0.02145102452592333,0.0011271619105880863,-0.01299286464305851,0.0016467794558304536,-5.18900141023123e-05
50,11,788,25.189571380615234,1.0010057263869876,0.2100876621611829,0.12525800984554844,-0.16388989338667845,0.0021747149962296286,0.037610641987361394,-0.021451126574802293,0.00112716465546572,-0.012992849443234079,0.0016467809451758718,-5.18901632778609e-05
50,11,789,25.189571380615234,1.0010057029755597,0.21008799808210357,0.12525812261756583,-0.16388991242327586,0.0021747162397558312,0.037612064418823164,-0.021451222620806024,0.0011271674003433538,-0.01299283576339209,0.00164678243452129,-5.189031245340949e-05
50,11,790,25.189571380615234,1.0010056786876704,0.21008836702747236,0.12525829804070399,-0.16388993145987324,0.0021747165506373818,0.037613463143093905,-0.021451326670643398,0.0011271700145125288,-0.01299282056356766,0.0016467840231564029,-5.189045838601138e-05
50,11,791,25.189571380615234,1.0010056707511152,0.2100887765613016,0.12525852358473874,-0.16388996953306806,0.0021747163951966065,0.03761483816017362,-0.02145142271664713,0.0011271726286817038,-0.012992806883725672,0.0016467852146327376,-5.189059783271985e-05
50,11,792,25.189571380615234,1.0010056586416938,0.21008917551878623,0.12525876165899766,-0.16388998856966547,0.002174716084315056,0.03761619473832698,-0.02145152076360927,0.001127175242850879,-0.012992794723866127,0.0016467867039781558,-5.18907307935349e-05
50,11,793,25.189571380615234,1.001005641041039,0.2100895482984124,0.12525896214258414,-0.16389000760626285,0.0021747156179927297,0.03761753024342165,-0.02145161881057141,0.0011271777263115951,-0.012992782564006582,0.001646788193323574,-5.189086699729666e-05
50,11,794,25.189571380615234,1.0010056218730448,0.21008989499591385,0.12525912503549813,-0.16389002664286026,0.0021747154625519544,0.03761884467545762,-0.02145171285561673,0.0011271804711892289,-0.01299277192412948,0.0016467896826689924,-5.1890999958111715e-05
50,11,795,25.1895694732666,1.0010055891008016,0.21009018619333264,0.12525922527729136,-0.16389002664286026,0.002174715307111179,0.03762014066856723,-0.02145180890162046,0.0011271828239414864,-0.012992761284252379,0.0016467911720144106,-5.189112967598006e-05
50,11,796,25.1895694732666,1.001005562089552,0.21009046757273758,0.12525928792841212,-0.16389004567945767,0.002174715307111179,0.03762142349101517,-0.02145189694379055,0.0011271853074022028,-0.01299275216435772,0.0016467926613598289,-5.189125615090169e-05
50,11,797,25.1895694732666,1.0010055338553783,0.21009071520467779,0.12525930045863629,-0.16389006471605505,0.002174715773433505,0.0376226852404044,-0.0214519789830854,0.0011271872680290842,-0.012992741524480619,0.001646793952125858,-5.189137613992991e-05
50,11,798,25.1895694732666,1.0010055038434063,0.2100909450721914,0.12525928792841212,-0.16389008375265246,0.0021747165506373818,0.037623931184999626,-0.021452059021421846,0.0011271890979475067,-0.012992730884603516,0.0016467953421815818,-5.189149612895813e-05
50,11,799,25.1895694732666,1.0010054872359897,0.21009120152740154,0.12525932551908459,-0.16389010278924987,0.0021747173278412585,0.037625158690668487,-0.021452131055924643,0.0011271909278659292,-0.012992720244726415,0.0016467967322373056,-5.189161287503964e-05
50,11,800,25.1895694732666,1.0010054758003017,0.2100914919434929,0.1252594257608778,-0.16389012182584728,0.002174718105045135,0.037626367757410996,-0.021452205091385852,0.0011271927577843517,-0.012992708084866869,0.001646797725134251,-5.1891729621121145e-05
50,11,801,25.189571380615234,1.0010054779069495,0.21009180960352736,0.12525960118401597,-0.16389012182584728,0.0021747188822490117,0.03762756101935948,-0.021452271123013417,0.0011271944569943154,-0.012992697444989768,0.0016467988173208912,-5.1891846367202656e-05
50,11,802,25.189573287963867,1.0010054898714256,0.21009218355156775,0.12525985178849905,-0.16389014086244466,0.0021747196594528884,0.03762873584238161,-0.021452339155599392,0.0011271964176211968,-0.012992685285130224,0.001646800207376615,-5.189196311328417e-05
50,11,803,25.189573287963867,1.0010055060690828,0.21009257764192704,0.12526016504410287,-0.16389014086244466,0.0021747201257752142,0.03762989749474206,-0.02145240718818537,0.0011271977247057842,-0.012992673125270679,0.0016468010016941713,-5.189206688757884e-05
50,11,804,25.189573287963867,1.001005527519886,0.21009296881424622,0.1252604782997067,-0.16389014086244466,0.0021747207475383153,0.03763104334230849,-0.021452469217896113,0.0011271991624988305,-0.01299265944542869,0.0016468017960117277,-5.189217390482022e-05
50,11,805,25.189571380615234,1.0010055412283747,0.21009334174981822,0.12526076649486226,-0.16389014086244466,0.002174721524742192,0.03763217075094856,-0.021452535249523674,0.0011272007310003356,-0.012992645765586702,0.0016468026896189786,-5.1892277679114894e-05
50,11,806,25.189571380615234,1.0010055474095987,0.2100936881271676,0.12526101709934534,-0.16389014086244466,0.0021747221465052936,0.03763327445239761,-0.021452603282109652,0.0011272024302102994,-0.012992633605727158,0.0016468035832262297,-5.1892374967516154e-05
50,11,807,25.189571380615234,1.0010055455686317,0.21009398694873319,0.1252611925224835,-0.16389014086244466,0.0021747226128276194,0.037634362349052625,-0.021452669313737217,0.0011272039987118045,-0.012992622965850057,0.0016468045761231752,-5.1892472255917414e-05
50,11,808,25.1895694732666,1.0010055262935318,0.2100942306501287,0.12526128023405256,-0.16389014086244466,0.00217472292370917,0.03763543444091363,-0.021452741348240014,0.001127205828630227,-0.012992612325972954,0.001646805469730426,-5.1892572787265376e-05
50,11,809,25.1895694732666,1.0010055052375095,0.21009445649340355,0.12526131782472502,-0.16389015989904207,0.0021747226128276194,0.037636490727980615,-0.0214528113817844,0.001127207789257108,-0.012992601686095853,0.0016468063633376772,-5.1892666832719926e-05
50,11,810,25.1895694732666,1.0010054760956735,0.21009467175728577,0.12526134288517332,-0.16389017893563948,0.0021747221465052936,0.03763752857612124,-0.02145288741820402,0.0011272098805924482,-0.012992594086183636,0.0016468073562346227,-5.1892760878174476e-05
50,11,811,25.1895694732666,1.0010054343198544,0.2100948454257422,0.12526133035494919,-0.16389017893563948,0.0021747212138606416,0.03763854271707084,-0.021452967456540465,0.0011272123640531644,-0.012992584966288977,0.0016468084484212626,-5.1892854923629025e-05
50,11,812,25.1895694732666,1.0010053935466254,0.21009502383134415,0.12526133035494919,-0.16389017893563948,0.0021747198148936637,0.037639541053226415,-0.021453047494876906,0.0011272148475138808,-0.012992577366376762,0.0016468094413182083,-5.1892948969083575e-05
50,11,813,25.1895694732666,1.0010053520699123,0.21009519884543668,0.12526133035494919,-0.16389017893563948,0.0021747179496043596,0.037640520950455635,-0.021453127533213347,0.0011272175923915146,-0.012992568246482103,0.0016468104342151537,-5.1893043014538125e-05
50,11,814,25.189571380615234,1.001005316951332,0.21009538550022083,0.12526135541539749,-0.16389017893563948,0.0021747159288742807,0.0376414824087585,-0.02145320356963297,0.0011272202065606895,-0.012992559126587446,0.0016468113278224048,-5.1893137059992675e-05
50,11,815,25.189571380615234,1.0010052781004977,0.2100955543855922,0.12526138047584578,-0.16389015989904207,0.0021747140635849766,0.03764242806226735,-0.02145327960605259,0.0011272233435636997,-0.012992548486710343,0.0016468121221399612,-5.1893224619553805e-05
50,11,816,25.1895694732666,1.0010052374820784,0.21009569623607033,0.12526136794562162,-0.16389014086244466,0.0021747125091772235,0.03764334737445283,-0.021453351640555385,0.0011272262191497921,-0.012992539366815685,0.0016468129164575176,-5.1893312179114935e-05
50,11,817,25.1895694732666,1.0010051981874495,0.2100958444332215,0.12526134288517332,-0.16389014086244466,0.002174711421091796,0.03764426141837363,-0.021453423675058186,0.0011272293561528023,-0.012992528726938584,0.001646813710775074,-5.189339973867607e-05
50,11,818,25.1895694732666,1.001005166989546,0.21009601259419014,0.12526133035494919,-0.16389015989904207,0.0021747106438879194,0.037645162291632756,-0.02145349170764416,0.0011272323624473535,-0.012992518087061481,0.0016468145050926304,-5.189348405529049e-05
50,11,819,25.1895694732666,1.0010051408675251,0.2100961863392841,0.12526133035494919,-0.16389017893563948,0.002174710333006369,0.037646052628362535,-0.021453555738313316,0.0011272352380334461,-0.01299250744718438,0.0016468151008307977,-5.189357161485162e-05
50,11,820,25.1895694732666,1.0010051165204772,0.2100963872331947,0.12526138047584578,-0.16389019797223686,0.0021747106438879194,0.03764692716029829,-0.02145362377089929,0.0011272382443279973,-0.012992498327289721,0.001646815696568965,-5.189365593146605e-05
50,11,821,25.1895694732666,1.001005108086622,0.2100966453455125,0.12526153083853564,-0.16389021700883427,0.002174711421091796,0.03764778852157236,-0.021453687801568443,0.0011272407277887137,-0.012992486167430177,0.001646816391596827,-5.189373700513376e-05
50,11,822,25.1895694732666,1.0010051101651825,0.21009695358337757,0.12526176891279456,-0.16389023604543168,0.0021747126646179987,0.037648636712184755,-0.0214537518322376,0.0011272433419578886,-0.012992477047535518,0.001646816987334994,-5.189381159290806e-05
50,11,823,25.189571380615234,1.0010051172596033,0.2100973043844053,0.1252620821683984,-0.1638902550820291,0.002174714219025752,0.03764947173213546,-0.021453819864823573,0.0011272460868355224,-0.012992469447623303,0.0016468177816525507,-5.1893889423629066e-05
50,11,824,25.1895694732666,1.0010051216675013,0.21009766105056715,0.12526243301467468,-0.1638902550820291,0.002174716084315056,0.03765029621555682,-0.021453891899326373,0.0011272488317131564,-0.012992464887675973,0.001646818575970107,-5.1893960768456654e-05
50,11,825,25.189573287963867,1.0010051277295313,0.2100980163039311,0.125262783860951,-0.1638902550820291,0.00217471826048591,0.037651112796581176,-0.02145396193287076,0.0011272513151738726,-0.012992460327728644,0.0016468195688670525,-5.189403211328424e-05
50,11,826,25.189571380615234,1.001005133800895,0.2100983622947417,0.12526312217700314,-0.1638902550820291,0.00217472059209754,0.03765191884107618,-0.021454029965456735,0.001127253798634589,-0.012992457287763758,0.0016468204624743034,-5.189410021516513e-05
50,11,827,25.189571380615234,1.0010051252899455,0.21009867604695037,0.12526341037215868,-0.1638902550820291,0.002174722457386844,0.0376527117149095,-0.021454106001876354,0.0011272565435122227,-0.01299245424779887,0.0016468213560815546,-5.1894161831152586e-05
50,11,828,25.189571380615234,1.0010051112669094,0.2100989355251987,0.12526358579529684,-0.16389027411862647,0.0021747237009130467,0.03765349405221348,-0.02145417603542074,0.0011272590269729389,-0.012992451207833985,0.001646822150399111,-5.189422344714005e-05
50,11,829,25.189571380615234,1.001005088713337,0.21009916361347758,0.12526368603709007,-0.1638903121918213,0.0021747241672353725,0.03765426848712044,-0.02145424806992354,0.001127261118308279,-0.012992448167869099,0.0016468229447166674,-5.189428182018081e-05
50,11,830,25.189571380615234,1.0010050582241772,0.2100993445205947,0.12526371109753837,-0.16389035026501608,0.0021747240117945973,0.037655029751365726,-0.021454318103467925,0.0011272633403520778,-0.012992445127904212,0.0016468237390342237,-5.189434019322156e-05
50,11,831,25.189571380615234,1.0010050175931575,0.21009948637410586,0.12526369856731423,-0.1638903693016135,0.002174723234590721,0.03765578047908166,-0.021454390137970725,0.0011272656931043353,-0.01299244360792177,0.0016468244340620856,-5.189438883742219e-05
50,11,832,25.189571380615234,1.001004967372088,0.21009961045539655,0.12526366097664177,-0.1638903883382109,0.0021747219910645183,0.03765651540200358,-0.021454468175348757,0.001127268045856593,-0.012992442087939326,0.001646825029800253,-5.1894440724569525e-05
50,11,833,25.189571380615234,1.0010049189092465,0.21009972423494203,0.12526363591619344,-0.1638903883382109,0.0021747202812159895,0.03765723452013147,-0.021454542210809963,0.0011272703986088504,-0.01299243904797444,0.0016468258241178093,-5.189449261171686e-05
50,11,834,25.1895694732666,1.0010048707650296,0.21009985815831544,0.1252636484464176,-0.1638903883382109,0.002174718415926686,0.037657940467597684,-0.021454620248187995,0.0011272726206526492,-0.012992437527991996,0.0016468262212765874,-5.1894534770024075e-05
50,11,835,25.189571380615234,1.0010048340429039,0.21010001856908753,0.12526371109753837,-0.1638903883382109,0.0021747168615189323,0.037658627976137546,-0.021454692282690795,0.001127274842696448,-0.01299243448802711,0.0016468268170147548,-5.189457368538458e-05
50,11,836,25.189571380615234,1.0010048081642942,0.21010022134962192,0.12526384893000406,-0.1638903883382109,0.0021747156179927297,0.037659302314015715,-0.021454762316235183,0.001127276934031788,-0.012992429928079781,0.0016468273134632276,-5.189461260074508e-05
50,11,837,25.189571380615234,1.0010047956038854,0.21010045969079927,0.1252640494135905,-0.1638903883382109,0.002174715151670404,0.03765996611536455,-0.021454826346904335,0.001127279025367128,-0.012992426888114895,0.0016468278099117004,-5.1894654759052296e-05
50,11,838,25.189571380615234,1.0010047787213034,0.21010069614399174,0.125264249897177,-0.1638903883382109,0.0021747154625519544,0.03766061938018402,-0.02145489437949031,0.001127280724577092,-0.012992423848150008,0.0016468284056498676,-5.189469367441279e-05
50,11,839,25.189571380615234,1.0010047712858268,0.21010093108849226,0.12526442532031512,-0.16389040737480828,0.002174716706078157,0.0376612647426065,-0.02145495240728423,0.0011272825544955145,-0.012992420808185122,0.0016468286042292568,-5.189472934682659e-05
50,11,840,25.189573287963867,1.0010047551786585,0.21010113407637118,0.12526455062255668,-0.1638904264114057,0.002174718415926686,0.03766189956849962,-0.021455012436036563,0.0011272842537054782,-0.01299241472825535,0.001646829001388035,-5.189476501924039e-05
50,11,841,25.189573287963867,1.001004737492917,0.2101013202368414,0.1252646258039016,-0.16389046448460048,0.0021747202812159895,0.0376625238578634,-0.021455070463830484,0.0011272856914985245,-0.012992410168308021,0.0016468293985468132,-5.189480069165418e-05
50,11,842,25.189573287963867,1.0010047143497047,0.2101014523977551,0.12526463833412574,-0.1638904835211979,0.0021747216801829674,0.03766313761069783,-0.02145512248874917,0.0011272867371661945,-0.012992407128343134,0.0016468295971262023,-5.1894836364067976e-05
50,11,843,25.1895694732666,1.0010046824041607,0.21010156120699666,0.12526461327367744,-0.1638905025577953,0.002174722457386844,0.03766374609526759,-0.02145517851558468,0.001127288044250782,-0.012992404088378248,0.0016468299942849806,-5.189486879353506e-05
50,11,844,25.189571380615234,1.0010046490117033,0.21010165375034295,0.12526458821322914,-0.1638905025577953,0.0021747226128276194,0.03766434667744034,-0.02145523254146178,0.0011272890899184519,-0.012992401048413363,0.0016468303914437587,-5.1894901223002145e-05
50,11,845,25.189571380615234,1.001004617699955,0.21010173750214234,0.12526455062255668,-0.1638905025577953,0.0021747219910645183,0.03766493935721608,-0.021455282565422056,0.0011272900048776631,-0.012992399528430919,0.0016468308878922315,-5.1894930409522526e-05
50,11,846,25.189571380615234,1.0010045865915533,0.21010181283736196,0.12526452556210838,-0.1638904835211979,0.00217472059209754,0.03766552676872714,-0.021455330588423922,0.0011272910505453332,-0.012992396488466033,0.001646831185761315,-5.189496608193632e-05
50,11,847,25.1895694732666,1.0010045578405524,0.21010190869713516,0.1252645380923325,-0.16389046448460048,0.0021747188822490117,0.03766610364370886,-0.0214553806123842,0.0011272920962130033,-0.012992393448501147,0.0016468314836303988,-5.1894998511403404e-05
50,11,848,25.1895694732666,1.001004537873095,0.2101020184598951,0.12526457568300498,-0.1638904454480031,0.0021747173278412585,0.037666675250425906,-0.02145542463346924,0.0011272927497552971,-0.012992388888553818,0.001646831880789177,-5.189503094087049e-05
50,11,849,25.1895694732666,1.0010045196777668,0.21010216463707299,0.1252646508643499,-0.1638904454480031,0.0021747159288742807,0.037667241588878284,-0.021455474657429516,0.0011272939261314258,-0.01299238584858893,0.0016468321786582607,-5.189506012739087e-05
50,11,850,25.1895694732666,1.0010045048937555,0.2101023178134465,0.12526473857591897,-0.1638904454480031,0.002174715307111179,0.03766780529319832,-0.021455522680431383,0.001127294841090637,-0.012992382808624045,0.0016468325758170388,-5.1895092556857954e-05
50,11,851,25.1895694732666,1.0010044958618762,0.21010249842131726,0.12526485134793636,-0.16389046448460048,0.0021747149962296286,0.03766835582685667,-0.02145557070343325,0.0011272960174667657,-0.012992379768659159,0.0016468328736861226,-5.189512822927175e-05
50,11,852,25.1895694732666,1.0010044933517632,0.21010269151504768,0.12526498918040205,-0.1638904835211979,0.002174715307111179,0.037668893189853336,-0.02145561472451829,0.001127296932425977,-0.01299237520871183,0.0016468331715552061,-5.189516065873883e-05
50,11,853,25.1895694732666,1.0010044900011552,0.21010289926929052,0.12526515207331604,-0.1638905025577953,0.0021747159288742807,0.03766942791871767,-0.021455662747520157,0.001127297978093647,-0.012992373688729386,0.001646833668003679,-5.1895196331152626e-05
50,11,854,25.1895694732666,1.0010044914373066,0.21010312054931166,0.12526534002667836,-0.1638905215943927,0.0021747170169597076,0.037669954745184996,-0.02145570876956361,0.0011272988930528583,-0.012992372168746944,0.0016468342637418463,-5.189523200356642e-05
50,11,855,25.1895694732666,1.001004491492732,0.21010332594467404,0.12526550291959235,-0.1638905406309901,0.00217471826048591,0.03767047630338764,-0.021455752790648652,0.0011272999387205284,-0.0129923706487645,0.001646834760190319,-5.1895270918926924e-05
50,11,856,25.1895694732666,1.0010044866626089,0.2101035080766022,0.1252656532822822,-0.1638905406309901,0.0021747196594528884,0.037670992593325625,-0.021455796811733697,0.0011273009843881985,-0.012992369128782056,0.0016468352566387917,-5.189530659134072e-05
50,11,857,25.1895694732666,1.0010044819488353,0.2101036814169852,0.1252657911147479,-0.1638905406309901,0.0021747207475383153,0.03767150098086659,-0.02145583883186033,0.0011273020300558683,-0.012992369128782056,0.001646835852376959,-5.189534226375451e-05
50,11,858,25.1895694732666,1.001004470166906,0.2101038303619382,0.12526589135654112,-0.1638905406309901,0.002174721369301417,0.03767199883187821,-0.021455882852945373,0.0011273029450150796,-0.012992367608799614,0.001646836348825432,-5.1895377936168306e-05
50,11,859,25.1895694732666,1.0010044585860647,0.21010397089275484,0.12526597906811018,-0.1638905406309901,0.002174721369301417,0.037672491414625156,-0.021455924873072005,0.001127303859974291,-0.01299236608881717,0.0016468368452739045,-5.189542009447552e-05
50,11,860,25.1895694732666,1.0010044435267282,0.210104104143724,0.1252660542494551,-0.1638905406309901,0.0021747210584198663,0.03767298399737211,-0.02145596889415705,0.0011273045135165847,-0.012992367608799614,0.0016468377388811556,-5.1895455766889314e-05
50,11,861,25.1895694732666,1.0010044290254738,0.2101042214148695,0.12526610437035174,-0.1638905406309901,0.0021747207475383153,0.03767347131185438,-0.021456008913325268,0.0011273055591842548,-0.012992367608799614,0.0016468382353296283,-5.189549143930311e-05
50,11,862,25.1895694732666,1.001004410530356,0.210104338309688,0.12526615449124834,-0.1638905406309901,0.00217472059209754,0.037673955992204314,-0.021456052934410313,0.0011273063434350072,-0.012992369128782056,0.0016468390296471846,-5.18955271117169e-05
50,11,863,25.1895694732666,1.001004400145214,0.2101044472596441,0.1252661920819208,-0.1638905406309901,0.00217472059209754,0.037674438038421916,-0.0214560869507033,0.0011273068662688423,-0.0129923706487645,0.001646839625385352,-5.1895562784130696e-05
50,11,864,25.1895694732666,1.0010043879716526,0.21010454770213083,0.1252662171423691,-0.1638905406309901,0.0021747207475383153,0.037674914816374847,-0.021456120966996287,0.0011273073891026773,-0.0129923706487645,0.0016468403204132139,-5.189559845654449e-05
50,11,865,25.1895694732666,1.0010043774507966,0.21010464672565837,0.12526624220281743,-0.1638905406309901,0.0021747212138606416,0.03767538369193076,-0.021456152982330865,0.0011273076505195947,-0.0129923706487645,0.0016468408168616867,-5.189563088601158e-05
50,11,866,25.1895694732666,1.0010043728347593,0.2101047459368698,0.12526629232371403,-0.1638905215943927,0.0021747218356237426,0.03767585256748668,-0.021456178994790208,0.0011273079119365123,-0.012992372168746944,0.001646841412599854,-5.1895660072531956e-05
50,11,867,25.1895694732666,1.0010043742507175,0.21010487389950597,0.12526636750505896,-0.1638905215943927,0.0021747226128276194,0.03767631617477792,-0.02145620500724955,0.001127308042644971,-0.012992372168746944,0.0016468419090483266,-5.189569574494575e-05
50,11,868,25.1895694732666,1.0010043768327277,0.21010501671038112,0.12526646774685218,-0.1638905215943927,0.002174723079149945,0.037676779782069174,-0.021456233020667306,0.0011273081733534297,-0.0129923706487645,0.0016468424054967995,-5.1895728174412834e-05
50,11,869,25.1895694732666,1.001004380830325,0.21010516623906791,0.12526658051886957,-0.1638905215943927,0.002174723234590721,0.03767723812109574,-0.021456261034085062,0.001127308565478806,-0.012992372168746944,0.0016468431005246613,-5.1895754117986505e-05
50,11,870,25.189571380615234,1.0010043823734334,0.21010532267267548,0.1252666807606628,-0.1638905406309901,0.00217472292370917,0.037677693825989976,-0.02145629304941964,0.0011273089576041822,-0.012992373688729386,0.0016468434976834396,-5.189578654745359e-05
50,11,871,25.1895694732666,1.0010043788956258,0.2101054551850379,0.12526674341178357,-0.1638905596675875,0.0021747226128276194,0.0376781416284872,-0.021456325064754214,0.0011273092190210998,-0.012992373688729386,0.0016468440934216068,-5.1895818976920674e-05
50,11,872,25.1895694732666,1.0010043652219043,0.21010554845342852,0.12526676847223187,-0.1638905596675875,0.002174722457386844,0.03767857889445508,-0.021456359081047205,0.0011273097418549349,-0.012992372168746944,0.001646844490580385,-5.1895838434600926e-05
50,11,873,25.1895694732666,1.001004348403964,0.21010562678136202,0.12526676847223187,-0.1638905596675875,0.0021747227682683947,0.037679016160422955,-0.021456393097340192,0.0011273103953972285,-0.0129923706487645,0.0016468447884494686,-5.189586762112131e-05
50,11,874,25.1895694732666,1.001004325709273,0.21010569574919727,0.12526675594200773,-0.1638905596675875,0.002174723079149945,0.03767944288986149,-0.02145643111555,0.0011273110489395223,-0.012992369128782056,0.001646844987028858,-5.189589032174827e-05
50,11,875,25.1895694732666,1.0010043025309685,0.21010577171898095,0.12526675594200773,-0.1638905596675875,0.002174723234590721,0.03767986698516768,-0.021456471134718224,0.0011273120946071924,-0.012992367608799614,0.0016468452848979415,-5.1895913022375224e-05
50,11,876,25.1895694732666,1.0010042854438335,0.2101058673631962,0.12526679353268017,-0.1638905596675875,0.002174723079149945,0.03768027527567986,-0.021456509152928033,0.00112731340169178,-0.012992367608799614,0.0016468456820567198,-5.1895929237108766e-05
50,11,877,25.1895694732666,1.0010042598297262,0.21010596896538974,0.1252668436535768,-0.1638905596675875,0.0021747227682683947,0.03768067566379503,-0.021456557175929897,0.00112731444735945,-0.01299236608881717,0.0016468459799258033,-5.189595193773573e-05
50,11,878,25.1895694732666,1.001004241853345,0.21010610698216806,0.12526693136514586,-0.1638905787041849,0.0021747227682683947,0.03768107078364552,-0.021456605198931764,0.0011273160158609549,-0.01299236608881717,0.0016468463770845816,-5.189597463836269e-05
50,11,879,25.189571380615234,1.001004225552675,0.21010624367637473,0.12526701907671495,-0.1638905977407823,0.00217472292370917,0.037681458001099004,-0.021456651220975217,0.00112731758436246,-0.012992367608799614,0.0016468467742433597,-5.189599733898965e-05
50,11,880,25.189571380615234,1.00100420852139,0.2101063862352123,0.12526711931850817,-0.1638906167773797,0.002174723390031496,0.03768183731615547,-0.021456699243977084,0.0011273188914470475,-0.01299236608881717,0.001646847171402138,-5.189602003961661e-05
50,11,881,25.1895694732666,1.001004186349534,0.21010651366163693,0.1252672195603014,-0.1638906167773797,0.002174724322676148,0.03768221399707961,-0.02145674926793736,0.0011273204599485526,-0.012992367608799614,0.0016468474692712216,-5.1896036254350155e-05
50,11,882,25.1895694732666,1.0010041621852486,0.2101066316350706,0.12526730727187046,-0.1638906167773797,0.002174725721643126,0.0376825801414744,-0.021456799291897637,0.0011273221591585163,-0.012992367608799614,0.0016468477671403054,-5.1896055712030406e-05
50,11,883,25.1895694732666,1.0010041386924367,0.21010673419550624,0.12526736992299126,-0.1638906167773797,0.0021747274314916545,0.037682943651736855,-0.02145684531394109,0.0011273237276600214,-0.012992367608799614,0.0016468481642990835,-5.189607192676395e-05
50,11,884,25.1895694732666,1.0010041166292962,0.21010684356721374,0.12526742004388786,-0.16389063581397711,0.002174729141340183,0.03768330452786697,-0.021456891335984545,0.0011273251654530675,-0.01299236608881717,0.0016468484621681673,-5.18960913844442e-05
50,11,885,25.1895694732666,1.0010040914685532,0.21010692882233337,0.12526745763456032,-0.16389063581397711,0.0021747303848663854,0.03768365486746774,-0.02145693535706959,0.0011273266032461138,-0.01299236608881717,0.0016468485614578618,-5.189610759917774e-05
50,11,886,25.1895694732666,1.0010040675597964,0.2101070293086218,0.12526749522523278,-0.16389065485057452,0.002174731006629487,0.03768400784120085,-0.021456981379113043,0.0011273283024560777,-0.012992364568834727,0.0016468488593269453,-5.1896127056857995e-05
50,11,887,25.1895694732666,1.0010040404430727,0.2101071144717173,0.12526753281590525,-0.16389065485057452,0.0021747311620702622,0.03768435818080162,-0.021457027401156497,0.0011273296095406652,-0.012992363048852285,0.0016468491571960291,-5.1896146514538246e-05
50,11,888,25.1895694732666,1.0010040169721552,0.21010719831323874,0.1252675704065777,-0.16389065485057452,0.0021747306957479364,0.03768470061800538,-0.02145706942128313,0.0011273314394590877,-0.012992363048852285,0.0016468492564857236,-5.189616272927179e-05
50,11,889,25.1895694732666,1.0010039897619778,0.21010727364591678,0.125267595467026,-0.16389065485057452,0.002174730073984835,0.037685037786944466,-0.021457113442368173,0.0011273330079605926,-0.012992361528869841,0.0016468495543548072,-5.189618218695204e-05
50,11,890,25.1895694732666,1.0010039674037532,0.210107362788509,0.1252676205274743,-0.1638906738871719,0.002174729607662509,0.03768536968761888,-0.021457155462494805,0.0011273347071705565,-0.012992358488904955,0.0016468496536445017,-5.189619515873887e-05
50,11,891,25.1895694732666,1.0010039499339245,0.21010746592780877,0.12526767064837094,-0.16389069292376932,0.002174729452221734,0.03768569632002862,-0.021457195481663024,0.001127336537088979,-0.012992355448940068,0.0016468496536445017,-5.1896211373472415e-05
50,11,892,25.1895694732666,1.0010039336388916,0.21010758400958654,0.12526774582971587,-0.16389071196036673,0.002174729607662509,0.03768602295243836,-0.021457237501789655,0.0011273383670074015,-0.012992352408975182,0.0016468497529341963,-5.189622434525925e-05
50,11,893,25.1895694732666,1.001003917448413,0.21010769329664813,0.12526783354128493,-0.16389071196036673,0.002174730073984835,0.03768634168245109,-0.021457277520957878,0.001127340196925824,-0.012992349369010297,0.0016468499515135855,-5.18962438029395e-05
50,11,894,25.1895694732666,1.0010039044757237,0.21010780863439196,0.12526793378307816,-0.16389071196036673,0.002174731006629487,0.03768665251006681,-0.021457315539167687,0.0011273417654273292,-0.01299234632904541,0.0016468499515135855,-5.189625677472634e-05
50,11,895,25.1895694732666,1.001003888265388,0.21010790856033676,0.12526800896442308,-0.16389071196036673,0.0021747320947149143,0.037686960703550196,-0.021457353557377497,0.0011273434646372929,-0.012992343289080523,0.00164685005080328,-5.189626974651317e-05
50,11,896,25.1895694732666,1.001003868355017,0.2101080001643331,0.12526807161554385,-0.16389071196036673,0.0021747330273595663,0.037687263628768904,-0.02145739357654572,0.0011273451638472566,-0.012992341769098081,0.00164685005080328,-5.189628920419342e-05
50,11,897,25.1895694732666,1.0010038469306264,0.21010807522283023,0.1252681092062163,-0.16389071196036673,0.0021747338045634427,0.037687558651590604,-0.02145743159475553,0.0011273468630572203,-0.012992337209150752,0.0016468501500929746,-5.1896302175980255e-05
50,11,898,25.1895694732666,1.0010038304480704,0.21010816446665673,0.12526817185733707,-0.16389071196036673,0.002174734115444993,0.03768784840614763,-0.02145746761200693,0.001127348692975643,-0.012992335689168308,0.001646850249382669,-5.189632163366051e-05
50,11,899,25.1895694732666,1.0010038157088395,0.21010825267055194,0.12526823450845784,-0.16389071196036673,0.002174734115444993,0.03768813289243999,-0.021457501628299916,0.0011273501307686891,-0.012992332649203422,0.0016468504479620581,-5.189633460544734e-05
50,11,900,25.1895694732666,1.001003800504514,0.21010834796451372,0.12526830968980276,-0.16389071196036673,0.002174733960004218,0.03768841474460001,-0.021457537645551316,0.0011273516992701942,-0.012992331129220979,0.001646850249382669,-5.189634757723418e-05
50,11,901,25.1895694732666,1.0010037906674334,0.21010845016459923,0.12526839740137186,-0.16389071196036673,0.002174733493681892,0.03768869396262769,-0.021457569660885894,0.0011273531370632405,-0.012992328089256093,0.0016468503486723636,-5.18963573060743e-05
50,11,902,25.189571380615234,1.0010037789871697,0.21010854357010997,0.12526847258271678,-0.16389071196036673,0.0021747328719187906,0.03768896527825836,-0.02145760167622047,0.0011273545748562868,-0.01299232656927365,0.0016468503486723636,-5.189637027786114e-05
50,11,903,25.189571380615234,1.0010037683690312,0.21010865135486806,0.12526854776406168,-0.1638907309969641,0.0021747322501556895,0.03768923395975669,-0.02145763569251346,0.0011273560126493331,-0.012992325049291207,0.0016468506465414474,-5.189638000670126e-05
50,11,904,25.1895694732666,1.0010037491287818,0.21010873672651212,0.12526858535473415,-0.16389075003356152,0.002174731939274139,0.03768950264125503,-0.02145767371072327,0.0011273574504423794,-0.012992323529308764,0.001646850745831142,-5.1896392978488095e-05
50,11,905,25.1895694732666,1.001003727194727,0.21010879997153373,0.12526858535473415,-0.16389076907015893,0.002174731939274139,0.03768977132275336,-0.021457709727974665,0.0011273591496523431,-0.01299232656927365,0.0016468510437002255,-5.1896405950274934e-05
50,11,906,25.1895694732666,1.0010036913504132,0.21010882491551275,0.12526854776406168,-0.16389076907015893,0.0021747320947149143,0.037690034735987026,-0.0214577517481013,0.0011273605874453894,-0.012992328089256093,0.0016468513415693093,-5.1896418922061766e-05
50,11,907,25.189571380615234,1.0010036582327073,0.21010883491875046,0.12526848511294092,-0.16389076907015893,0.00217473256103724,0.03769029814922069,-0.021457787765352697,0.001127361763821518,-0.012992329609238537,0.0016468518380177819,-5.189643837974202e-05
50,11,908,25.189571380615234,1.0010036261933157,0.21010885939157906,0.12526844752226846,-0.16389076907015893,0.0021747331828003416,0.037690558928322015,-0.021457825783562506,0.0011273633323230232,-0.012992331129220979,0.0016468521358868656,-5.189645135152885e-05
50,11,909,25.1895694732666,1.001003598863439,0.2101089062751616,0.12526844752226846,-0.16389076907015893,0.002174733493681892,0.037690819707423336,-0.02145786380177232,0.0011273646394076107,-0.012992332649203422,0.0016468524337559492,-5.189646756626239e-05
50,11,910,25.189571380615234,1.001003581137511,0.2101089895685207,0.12526851017338922,-0.16389076907015893,0.002174733493681892,0.03769107521825999,-0.021457899819023716,0.001127366077200657,-0.012992334169185864,0.0016468528309147275,-5.1896483780995935e-05
50,11,911,25.189571380615234,1.001003568016384,0.21010909480007486,0.12526861041518247,-0.16389076907015893,0.002174733493681892,0.0376913280949643,-0.021457935836275116,0.0011273672535767857,-0.012992335689168308,0.0016468532280735056,-5.1896496752782774e-05
50,11,912,25.189571380615234,1.0010035651592784,0.2101092302933484,0.125268735717424,-0.16389078810675634,0.002174733493681892,0.03769158360580096,-0.021457967851609694,0.001127368168535997,-0.012992337209150752,0.001646853625232284,-5.1896512967516316e-05
50,11,913,25.1895694732666,1.0010035677028415,0.21010937287828713,0.1252688735498897,-0.16389080714335372,0.002174733493681892,0.03769183648250527,-0.021457995865027446,0.0011273689527867496,-0.012992340249115638,0.001646854022391062,-5.189652593930315e-05
50,11,914,25.189571380615234,1.0010035638715498,0.21010948510523453,0.12526898632190708,-0.16389080714335372,0.0021747336491226674,0.037692086725077255,-0.0214580238784452,0.0011273696063290432,-0.012992341769098081,0.0016468543202601458,-5.18965453969834e-05
50,11,915,25.189571380615234,1.0010035607745944,0.21010958220572726,0.12526904897302785,-0.16389082617995113,0.002174733960004218,0.03769233696764923,-0.021458047889946135,0.0011273703905797959,-0.012992341769098081,0.0016468546181292293,-5.189655836877023e-05
50,11,916,25.1895694732666,1.0010035535669033,0.21010964109691888,0.12526907403347615,-0.16389082617995113,0.002174734426326544,0.037692581941956536,-0.021458067899530246,0.0011273706519967133,-0.012992341769098081,0.0016468548167086186,-5.189657134055707e-05
50,11,917,25.1895694732666,1.001003546838304,0.21010969299109458,0.1252690865637003,-0.16389082617995113,0.0021747353589711958,0.03769282955039618,-0.021458085908155945,0.0011273709134136307,-0.012992341769098081,0.0016468551145777022,-5.1896590798237324e-05
50,11,918,25.1895694732666,1.0010035498701837,0.21010974479085753,0.12526909909392445,-0.16389082617995113,0.002174736291615848,0.03769307715883582,-0.02145809391198959,0.0011273710441220895,-0.012992340249115638,0.0016468554124467857,-5.1896603770024156e-05
50,11,919,25.1895694732666,1.001003548502362,0.2101098035867037,0.12526912415437277,-0.16389082617995113,0.0021747372242605,0.03769332213314312,-0.021458107918698465,0.0011273710441220895,-0.012992338729133194,0.0016468555117364803,-5.189662322770441e-05
50,11,920,25.1895694732666,1.0010035509704982,0.21010986200650625,0.12526914921482107,-0.16389082617995113,0.0021747380014643766,0.03769356447331809,-0.021458117923490522,0.0011273711748305483,-0.012992338729133194,0.001646855809605564,-5.189663619949124e-05
50,11,921,25.1895694732666,1.0010035598664297,0.21010994170412062,0.12526918680549354,-0.16389084521654854,0.0021747384677867024,0.03769380154522839,-0.021458125927324167,0.0011273710441220895,-0.012992337209150752,0.0016468559088952586,-5.189664268538466e-05
50,11,922,25.1895694732666,1.0010035742675687,0.21011002896511,0.12526923692639014,-0.16389086425314592,0.0021747386232274777,0.03769403861713869,-0.02145812992924099,0.001127370782705172,-0.012992337209150752,0.0016468559088952586,-5.18966589001182e-05
50,11,923,25.1895694732666,1.0010035873946754,0.21011010081093848,0.12526928704728676,-0.16389086425314592,0.0021747384677867024,0.03769427305491664,-0.0214581319301994,0.001127370259871337,-0.012992335689168308,0.0016468561074746476,-5.189666538601162e-05
50,11,924,25.1895694732666,1.001003600328811,0.21011017171101795,0.12526933716818336,-0.16389086425314592,0.0021747380014643766,0.03769450222442993,-0.02145813393115781,0.0011273698677459608,-0.012992334169185864,0.0016468561074746476,-5.1896681600745164e-05
50,11,925,25.1895694732666,1.0010036107460047,0.210110249231569,0.12526939981930416,-0.16389086425314592,0.0021747372242605,0.03769472612567854,-0.021458139934033043,0.0011273694756205846,-0.012992334169185864,0.0016468562067643421,-5.1896688086638576e-05
50,11,926,25.1895694732666,1.001003626796335,0.21011032561913764,0.12526946247042492,-0.16389086425314592,0.002174736291615848,0.03769494475866248,-0.021458139934033043,0.001127369214203667,-0.012992331129220979,0.0016468562067643421,-5.1896694572531996e-05
50,11,927,25.1895694732666,1.0010036366923984,0.2101104006832499,0.12526952512154568,-0.16389086425314592,0.002174735825293522,0.03769515548924941,-0.021458145936908278,0.0011273688220782908,-0.012992329609238537,0.0016468563060540369,-5.1896701058425416e-05
50,11,928,25.1895694732666,1.0010036453197995,0.21011046042375403,0.12526958777266645,-0.16389084521654854,0.002174735825293522,0.037695363585704,-0.0214581499388251,0.0011273682992444557,-0.012992328089256093,0.0016468562067643421,-5.189670754431883e-05
50,11,929,25.1895694732666,1.0010036503589113,0.21011051241437892,0.12526963789356307,-0.16389082617995113,0.0021747361361750726,0.03769556904802626,-0.021458155941700332,0.0011273682992444557,-0.012992329609238537,0.0016468564053437314,-5.189672375905237e-05
50,11,930,25.1895694732666,1.0010036571309764,0.21011056336845357,0.12526968801445967,-0.16389080714335372,0.002174736757938174,0.03769576924208384,-0.021458159943617154,0.001127368168535997,-0.012992329609238537,0.0016468570010818987,-5.189674321673262e-05
50,11,931,25.1895694732666,1.001003664785322,0.21011062784485776,0.1252697381353563,-0.16389080714335372,0.002174737379701275,0.03769596153374442,-0.021458165946492386,0.0011273679071190795,-0.012992331129220979,0.0016468572989509823,-5.1896759431466165e-05
50,11,932,25.1895694732666,1.0010036724199625,0.21011069222736406,0.1252697882562529,-0.16389080714335372,0.0021747380014643766,0.03769615382540499,-0.02145817194936762,0.0011273677764106207,-0.012992331129220979,0.0016468574975303713,-5.1896775646199713e-05
50,11,933,25.189571380615234,1.0010036826077293,0.21011077807919,0.12526985090737366,-0.16389082617995113,0.0021747384677867024,0.037696340848800886,-0.021458179953201265,0.001127367645702162,-0.012992332649203422,0.0016468577953994551,-5.1896788617986546e-05
50,11,934,25.189571380615234,1.0010036965937872,0.2101108633623237,0.12526991355849446,-0.16389084521654854,0.0021747386232274777,0.03769652523806445,-0.021458183955118088,0.0011273673842852445,-0.012992332649203422,0.0016468578946891496,-5.189679834682667e-05
50,11,935,25.189571380615234,1.001003706843312,0.21011094013656956,0.12526996367939106,-0.16389086425314592,0.0021747384677867024,0.03769670435906334,-0.02145818995799332,0.001127367122868327,-0.012992331129220979,0.0016468580932685387,-5.189681131861351e-05
50,11,936,25.1895694732666,1.0010037144093493,0.21011099478084655,0.12527000127006352,-0.16389086425314592,0.0021747380014643766,0.037696883480062233,-0.02145819395991014,0.0011273669921598682,-0.012992332649203422,0.0016468583911376225,-5.189681780450692e-05
50,11,937,25.1895694732666,1.001003714725504,0.21011103353662655,0.12527001380028768,-0.16389086425314592,0.0021747376905828257,0.03769705733279645,-0.021458201963743786,0.001127366600034492,-0.012992334169185864,0.0016468585897170115,-5.189682753334705e-05
50,11,938,25.1895694732666,1.0010037076001859,0.2101110648233196,0.12527001380028768,-0.16389086425314592,0.0021747376905828257,0.037697231185530665,-0.021458215970452662,0.0011273664693260332,-0.012992335689168308,0.0016468587882964006,-5.189683726218717e-05
50,11,939,25.1895694732666,1.001003700744087,0.21011108807363188,0.12527000127006352,-0.16389086425314592,0.0021747376905828257,0.037697402404132545,-0.02145822797620313,0.0011273664693260332,-0.012992335689168308,0.0016468589868757896,-5.18968469910273e-05
50,11,940,25.189571380615234,1.0010036941770986,0.21011110338232986,0.12526997620961522,-0.16389086425314592,0.0021747376905828257,0.03769757098860209,-0.021458237980995186,0.001127366600034492,-0.012992335689168308,0.0016468592847448734,-5.1896859962814134e-05
50,11,941,25.189571380615234,1.0010036777475917,0.21011111831246515,0.12526995114916692,-0.16389086425314592,0.002174737846023601,0.0376977369389393,-0.021458257990579297,0.0011273668614514094,-0.012992337209150752,0.0016468594833242624,-5.1896869691654256e-05
50,11,942,25.189571380615234,1.001003670591207,0.21011114014534737,0.12526993861894276,-0.16389086425314592,0.0021747380014643766,0.03769790025514416,-0.02145826999632976,0.0011273668614514094,-0.012992337209150752,0.0016468596819036515,-5.1896876177547676e-05
50,11,943,25.189571380615234,1.0010036582802118,0.2101111467529883,0.1252699260887186,-0.16389084521654854,0.002174738312345927,0.0376980609372167,-0.02145828400303864,0.001127367122868327,-0.012992338729133194,0.0016468599797727352,-5.1896885906387805e-05
50,11,944,25.189571380615234,1.001003644689149,0.21011117520592681,0.12526995114916692,-0.16389082617995113,0.0021747384677867024,0.0376982189851569,-0.02145830401262275,0.0011273675149937033,-0.012992338729133194,0.0016468601783521243,-5.189689563522793e-05
50,11,945,25.1895694732666,1.001003641192028,0.21011123307051008,0.12527000127006352,-0.16389082617995113,0.002174738156905152,0.03769837439896476,-0.02145832002029004,0.0011273679071190795,-0.012992340249115638,0.0016468603769315133,-5.189690860701476e-05
50,11,946,25.1895694732666,1.0010036367039374,0.2101113048386962,0.12527007645140845,-0.16389082617995113,0.0021747376905828257,0.03769852454450794,-0.021458340029874148,0.0011273684299529145,-0.012992340249115638,0.0016468606748005971,-5.189691833585489e-05
50,11,947,25.1895694732666,1.0010036369708994,0.21011138994170495,0.12527015163275337,-0.16389084521654854,0.0021747372242605,0.03769866678765412,-0.02145835803849985,0.0011273689527867496,-0.012992338729133194,0.0016468606748005971,-5.18969215788016e-05
50,11,948,25.189571380615234,1.001003637521263,0.21011146710225792,0.12527021428387414,-0.16389086425314592,0.0021747370688197246,0.037698806396667964,-0.02145837404616714,0.0011273696063290432,-0.012992337209150752,0.0016468606748005971,-5.189692806469501e-05
50,11,949,25.1895694732666,1.0010036305329235,0.2101115363173098,0.12527026440477074,-0.16389088328974333,0.0021747370688197246,0.03769894337154946,-0.02145839605670966,0.001127370259871337,-0.012992335689168308,0.0016468603769315133,-5.189693130764172e-05
50,11,950,25.1895694732666,1.0010036276217984,0.21011159702631102,0.1252703019954432,-0.16389090232634074,0.002174737379701275,0.0376990750781663,-0.021458412064376948,0.0011273711748305483,-0.012992332649203422,0.0016468603769315133,-5.189693130764172e-05
50,11,951,25.189571380615234,1.0010036124841613,0.21011162746958012,0.12527031452566736,-0.16389090232634074,0.0021747380014643766,0.03769920415065079,-0.02145843407491947,0.0011273719590813008,-0.012992329609238537,0.0016468600790624298,-5.189693779353514e-05
50,11,952,25.1895694732666,1.0010035976162108,0.21011164987871672,0.12527031452566736,-0.16389090232634074,0.0021747386232274777,0.03769933058900295,-0.02145845408450358,0.001127372874040512,-0.012992325049291207,0.0016468600790624298,-5.189693779353514e-05
50,11,953,25.1895694732666,1.0010035761492115,0.21011165015475863,0.1252703019954432,-0.16389088328974333,0.0021747390895498035,0.0376994570273551,-0.0214584760950461,0.001127373919708182,-0.012992323529308764,0.001646859781193346,-5.189694103648185e-05
50,11,954,25.1895694732666,1.001003554838337,0.2101116418292708,0.1252702769349949,-0.16389086425314592,0.0021747392449905792,0.03769957819744259,-0.02145849610463021,0.0011273750960843108,-0.012992318969361434,0.0016468596819036515,-5.189694103648185e-05
50,11,955,25.1895694732666,1.0010035322925828,0.21011165553793112,0.12527026440477074,-0.16389086425314592,0.0021747389341090283,0.037699696733397736,-0.021458522117089554,0.0011273762724604397,-0.01299231744937899,0.0016468594833242624,-5.1896944279428554e-05
50,11,956,25.1895694732666,1.0010035148449452,0.21011168418945383,0.1252702769349949,-0.16389086425314592,0.002174738312345927,0.037699815269352885,-0.021458546128590487,0.0011273774488365683,-0.012992315929396548,0.0016468594833242624,-5.1896944279428554e-05
50,11,957,25.189573287963867,1.0010034953621125,0.2101117124639521,0.12527028946521906,-0.16389086425314592,0.0021747376905828257,0.0376999311711757,-0.02145857214104983,0.0011273786252126972,-0.012992315929396548,0.0016468596819036515,-5.18969604941621e-05
50,11,958,25.189573287963867,1.0010034787898296,0.21011175464429485,0.1252703019954432,-0.16389088328974333,0.0021747375351420504,0.03770004180473383,-0.021458598153509176,0.0011273800630057435,-0.012992315929396548,0.0016468599797727352,-5.1896966980055516e-05
50,11,959,25.189573287963867,1.0010034564623287,0.21011179738913804,0.12527031452566736,-0.16389090232634074,0.0021747376905828257,0.03770015507242431,-0.02145863016884375,0.0011273812393818722,-0.01299231744937899,0.0016468601783521243,-5.1896976708895645e-05
50,11,960,25.1895694732666,1.0010034377413404,0.21011183871759326,0.12527032705589153,-0.16389092136293815,0.002174738312345927,0.03770026043771777,-0.021458658182261506,0.0011273825464664597,-0.012992318969361434,0.0016468604762212079,-5.189698968068248e-05
50,11,961,25.1895694732666,1.0010034173668976,0.21011187219511607,0.12527035211633983,-0.16389092136293815,0.0021747392449905792,0.037700363168878905,-0.021458686195679262,0.001127383984259506,-0.012992320489343878,0.0016468606748005971,-5.189700265246931e-05
50,11,962,25.1895694732666,1.001003400881954,0.210111905578073,0.12527037717678813,-0.16389092136293815,0.002174740333076006,0.03770046590004003,-0.021458710207180196,0.0011273851606356348,-0.012992320489343878,0.0016468609726696807,-5.189701238130944e-05
50,11,963,25.189573287963867,1.001003385095719,0.2101119236387054,0.12527040223723643,-0.16389090232634074,0.002174741265720658,0.03770056599706882,-0.021458730216764303,0.0011273864677202223,-0.012992320489343878,0.0016468610719593752,-5.189702211014956e-05
50,11,964,25.1895694732666,1.0010033649185266,0.21011194869744027,0.1252704398279089,-0.16389088328974333,0.0021747417320429844,0.037700663459965277,-0.02145875622922365,0.001127387644096351,-0.012992320489343878,0.0016468612705387645,-5.189703183898969e-05
50,11,965,25.1895694732666,1.0010033595178622,0.21011199749303067,0.12527048994880552,-0.16389088328974333,0.0021747414211614334,0.03770076882525874,-0.02145877223689094,0.0011273885590555623,-0.012992320489343878,0.001646861568407848,-5.1897044810776524e-05
50,11,966,25.1895694732666,1.001003353926459,0.21011204534033961,0.12527054006970212,-0.16389088328974333,0.002174740643957557,0.03770086892228753,-0.021458788244558224,0.001127389343306315,-0.012992320489343878,0.001646861568407848,-5.189704805372323e-05
50,11,967,25.1895694732666,1.0010033431294185,0.21011207767981213,0.12527056513015045,-0.16389088328974333,0.0021747395558721298,0.037700966385183984,-0.021458806253183926,0.0011273901275570674,-0.012992318969361434,0.001646861568407848,-5.1897054539616646e-05
50,11,968,25.1895694732666,1.0010033351804102,0.2101120956440945,0.12527056513015045,-0.16389088328974333,0.0021747386232274777,0.03770106648221278,-0.021458818258934392,0.0011273906503909024,-0.012992318969361434,0.0016468616676975426,-5.1897057782563356e-05
50,11,969,25.1895694732666,1.0010033212562248,0.2101121131381542,0.12527054006970212,-0.16389090232634074,0.002174738156905152,0.03770116394510924,-0.02145883626756009,0.0011273911732247374,-0.012992320489343878,0.0016468618662769316,-5.1897067511403485e-05
50,11,970,25.1895694732666,1.0010033044754985,0.21011210774388347,0.12527050247902966,-0.16389090232634074,0.002174738156905152,0.03770125877387335,-0.02145885227522738,0.0011273915653501137,-0.012992320489343878,0.0016468618662769316,-5.1897070754350195e-05
50,11,971,25.1895694732666,1.0010032915987566,0.21011210235043956,0.12527046488835722,-0.16389090232634074,0.0021747386232274777,0.03770135360263747,-0.021458864280977846,0.00112739195747549,-0.012992320489343878,0.0016468619655666263,-5.1897070754350195e-05
50,11,972,25.1895694732666,1.0010032762706358,0.21011210395570765,0.1252704398279089,-0.16389090232634074,0.0021747395558721298,0.03770144579726925,-0.021458880288645135,0.001127392480309325,-0.012992320489343878,0.0016468620648563209,-5.189707724024361e-05
50,11,973,25.1895694732666,1.0010032682592291,0.21011211246202605,0.12527042729768476,-0.16389090232634074,0.002174740488516782,0.0377015353577687,-0.02145889029343719,0.0011273927417262423,-0.012992318969361434,0.0016468619655666263,-5.1897070754350195e-05
50,11,974,25.1895694732666,1.001003258888283,0.2101121424349114,0.12527045235813306,-0.16389090232634074,0.002174741265720658,0.037701619650003466,-0.021458906301104478,0.00112739300314316,-0.01299231744937899,0.0016468618662769316,-5.1897070754350195e-05
50,11,975,25.1895694732666,1.0010032603894605,0.21011218687562386,0.12527050247902966,-0.16389090232634074,0.0021747414211614334,0.037701701308105906,-0.021458914304938122,0.0011273932645600774,-0.012992315929396548,0.0016468616676975426,-5.1897070754350195e-05
50,11,976,25.189571380615234,1.00100325908488,0.21011224587971386,0.12527057766037458,-0.16389090232634074,0.002174741265720658,0.037701780332076,-0.021458928311647,0.001127393525976995,-0.012992315929396548,0.001646861568407848,-5.1897070754350195e-05
50,11,977,25.189571380615234,1.0010032542393936,0.21011229732016706,0.12527064031149535,-0.16389090232634074,0.0021747409548391076,0.0377018593560461,-0.021458944319314287,0.001127393525976995,-0.012992314409414105,0.001646861766987237,-5.1897070754350195e-05
50,11,978,25.1895694732666,1.0010032501099204,0.21011233353395148,0.1252706779021678,-0.16389090232634074,0.002174740643957557,0.03770193574588386,-0.021458956325064754,0.001127393525976995,-0.012992315929396548,0.0016468618662769316,-5.189707724024361e-05
50,11,979,25.1895694732666,1.0010032388278551,0.21011235433603814,0.12527069043239197,-0.16389090232634074,0.002174740643957557,0.037702009501589286,-0.021458972332732043,0.0011273937873939124,-0.01299231744937899,0.0016468620648563209,-5.189707724024361e-05
50,11,980,25.1895694732666,1.0010032247970893,0.2101123527240298,0.12527066537194367,-0.16389090232634074,0.002174740643957557,0.03770208325729471,-0.02145898633944092,0.0011273939181023712,-0.012992318969361434,0.0016468620648563209,-5.189707724024361e-05
50,11,981,25.1895694732666,1.0010032090993473,0.21011234317032576,0.1252706277812712,-0.16389090232634074,0.002174740643957557,0.0377021543788678,-0.0214590003461498,0.0011273940488108298,-0.012992320489343878,0.00164686226343571,-5.189708048319032e-05
50,11,982,25.1895694732666,1.0010031917369075,0.2101123256725927,0.12527057766037458,-0.16389090232634074,0.002174740488516782,0.03770222286630855,-0.021459014352858675,0.0011273941795192886,-0.01299232200932632,0.0016468623627254044,-5.189708048319032e-05
50,11,983,25.1895694732666,1.001003173887315,0.21011231517291745,0.12527054006970212,-0.16389090232634074,0.002174740333076006,0.03770228871961697,-0.021459030360525964,0.0011273941795192886,-0.012992323529308764,0.0016468625613047935,-5.189708048319032e-05
50,11,984,25.1895694732666,1.0010031614185455,0.2101123116703614,0.12527051500925382,-0.16389090232634074,0.002174740177635231,0.037702351938793045,-0.02145904236627643,0.0011273943102277474,-0.012992325049291207,0.0016468625613047935,-5.189708696908374e-05
50,11,985,25.1895694732666,1.001003152358085,0.21011231507333814,0.12527050247902966,-0.16389090232634074,0.0021747398667536803,0.03770241252383679,-0.021459052371068484,0.0011273944409362063,-0.012992325049291207,0.0016468627598841827,-5.189708696908374e-05
50,11,986,25.1895694732666,1.0010031448681795,0.21011232594546433,0.12527050247902966,-0.16389090232634074,0.0021747394004313545,0.03770247310888053,-0.02145906237586054,0.0011273944409362063,-0.012992325049291207,0.0016468628591738772,-5.189708696908374e-05
50,11,987,25.1895694732666,1.001003138575191,0.2101123518519639,0.12527052753947798,-0.16389090232634074,0.0021747390895498035,0.037702533693924276,-0.021459074381611005,0.0011273945716446649,-0.01299232656927365,0.0016468627598841827,-5.189709021203044e-05
50,11,988,25.1895694732666,1.0010031335280323,0.21011238372013305,0.12527056513015045,-0.16389090232634074,0.0021747390895498035,0.03770258637657101,-0.02145908638736147,0.0011273948330615825,-0.01299232656927365,0.0016468629584635718,-5.189709021203044e-05
50,11,989,25.1895694732666,1.0010031280899847,0.2101124230581532,0.12527061525104705,-0.16389090232634074,0.0021747392449905792,0.03770263905921774,-0.02145910039407035,0.0011273950944785,-0.01299232656927365,0.0016468630577532663,-5.189709021203044e-05
50,11,990,25.1895694732666,1.0010031210978758,0.21011245501878711,0.1252706528417195,-0.16389090232634074,0.002174739711312905,0.03770269174186447,-0.021459114400779227,0.0011273953558954175,-0.012992328089256093,0.0016468630577532663,-5.189709669792386e-05
50,11,991,25.189573287963867,1.0010031194450402,0.21011249379177077,0.1252706779021678,-0.16389092136293815,0.002174740333076006,0.037702741790378864,-0.021459124405571284,0.001127395617312335,-0.012992328089256093,0.0016468631570429608,-5.189709669792386e-05
50,11,992,25.189573287963867,1.0010031101571992,0.2101125241473265,0.12527069043239197,-0.16389094039953553,0.0021747409548391076,0.03770278657062859,-0.02145914041323857,0.0011273957480207937,-0.012992328089256093,0.0016468631570429608,-5.189709669792386e-05
50,11,993,25.1895694732666,1.0010030981213824,0.21011253209226,0.12527069043239197,-0.16389094039953553,0.0021747415766022087,0.03770283135087831,-0.02145915441994745,0.0011273964015630874,-0.01299232656927365,0.0016468631570429608,-5.189709994087057e-05
50,11,994,25.1895694732666,1.0010030860114867,0.2101125396578959,0.12527069043239197,-0.16389094039953553,0.0021747418874837597,0.0377028734969957,-0.021459168426656326,0.0011273967936884638,-0.01299232656927365,0.0016468632563326553,-5.189710966971069e-05
50,11,995,25.1895694732666,1.0010030699749581,0.21011254712799207,0.12527069043239197,-0.16389094039953553,0.0021747418874837597,0.03770291564311309,-0.021459186435282027,0.00112739718581384,-0.012992325049291207,0.0016468631570429608,-5.189710642676399e-05
50,11,996,25.1895694732666,1.001003059730048,0.2101125542201905,0.12527069043239197,-0.16389094039953553,0.0021747417320429844,0.03770295515509813,-0.02145919844103249,0.0011273975779392163,-0.012992325049291207,0.0016468631570429608,-5.189710642676399e-05
50,11,997,25.1895694732666,1.001003051344587,0.21011256083894422,0.12527069043239197,-0.16389094039953553,0.0021747414211614334,0.03770299203295085,-0.021459208445824548,0.0011273979700645925,-0.012992325049291207,0.0016468630577532663,-5.189710642676399e-05
50,11,998,25.1895694732666,1.001003039434802,0.2101125599862772,0.12527070296261614,-0.16389092136293815,0.002174741110279883,0.03770302891080356,-0.021459220451575015,0.0011273983621899687,-0.012992323529308764,0.0016468630577532663,-5.189709994087057e-05
50,11,999,25.1895694732666,1.001003034553328,0.21011257397956623,0.12527071549284027,-0.16389092136293815,0.0021747407993983323,0.03770306578865627,-0.02145922845540866,0.0011273983621899687,-0.01299232200932632,0.0016468629584635718,-5.189709994087057e-05
50,11,1000,25.1895694732666,1.0010030278033113,0.21011257908406633,0.12527071549284027,-0.16389092136293815,0.002174740643957557,0.037703094764111975,-0.021459236459242303,0.0011273986236068863,-0.012992320489343878,0.0016468626605944882,-5.189709345497715e-05
