checkpoint_epoch,seed,epoch,pde_loss,coefficient_error,spurious_l2,xi_u,xi_u_x,xi_u_xx,xi_u^2,xi_u*u_x,xi_u*u_xx,xi_u_x^2,xi_u_x*u_xx,xi_u_xx^2
50,4,0,26.823997497558594,1.3716139597333759,0.9712158542124033,0.9571767059323795,0.15235179266495535,0.002856617511733913,-0.061881563678273736,-0.031614372525694864,0.004038267634674969,-0.0037577564552073576,0.0014674288068425082,0.00010371164094443388
50,4,1,26.758424758911133,1.3602457259330603,0.953659098283257,0.9403589397986885,0.14915798464568972,0.0030652467006762794,-0.05390108044943608,-0.03019797210388643,0.00423224081738152,-0.00418814480391205,0.001359076643999682,9.855649070912559e-05
50,4,2,26.696916580200195,1.3488728707237718,0.9361525615001984,0.9235541048563239,0.14596509038309935,0.0032728064570844186,-0.04562425206446434,-0.02902286125399199,0.004405505074717222,-0.0045890891927156795,0.0012557257030714392,9.35831465521942e-05
50,4,3,26.639230728149414,1.3375071646717485,0.9187193320126857,0.9067716238338497,0.1427737095300024,0.003478320302007748,-0.03713986458789653,-0.028090930881709997,0.004556852399106287,-0.004961715928608589,0.0011576421797288737,8.879658963978411e-05
50,4,4,26.585119247436523,1.3261617181533338,0.9013816316100114,0.8900216211523817,0.13958446077581443,0.0036805534139270953,-0.02855296458318459,-0.027400528195392918,0.004685237384295617,-0.005307850890500562,0.001065076780450729,8.420022506593936e-05
50,4,5,26.534326553344727,1.314850539896775,0.8841594319080169,0.8733147224420024,0.13639795329165233,0.0038779585353648904,-0.019982277663004533,-0.026945982478903816,0.004789851206342455,-0.005630051828847739,0.0009782584672726423,7.979598562689822e-05
50,4,6,26.486591339111328,1.3035880783965277,0.8670691797105224,0.8566618540581737,0.13321478673033418,0.00406862778624481,-0.011555829244246781,-0.02671735497181498,0.0048701929904328605,-0.0059315954458018525,0.0008973823444444083,7.558433182109336e-05
50,4,7,26.441652297973633,1.2923892178932939,0.8501233756339484,0.8400745939280138,0.1300355512263795,0.004250260643092063,-0.003404976921207581,-0.02670041485790698,0.004926125231268228,-0.006216389236228521,0.0008225928288267526,7.156442696827394e-05
50,4,8,26.399255752563477,1.2812687629177482,0.8333297519461461,0.8235646202204338,0.12686084643260637,0.004420179172229374,0.00434269148445706,-0.026876967422348085,0.004957920325276595,-0.0064887944097526355,0.0007539616075791418,6.773420206843987e-05
50,4,9,26.3591365814209,1.2702412852965237,0.8166915270199496,0.8071436612252414,0.12369125296523559,0.004575411656914105,0.011570669945831282,-0.02722564042834981,0.00496627207295702,-0.006753361793808861,0.0006914662412306071,6.409056983632459e-05
50,4,10,26.32105255126953,1.2593210224163391,0.8002081823482993,0.7908233951113481,0.1205273514404879,0.00471287663921624,0.01818007148866577,-0.02772297864141775,0.004952279471030689,-0.00701451757727153,0.0006349743269734636,6.062953496158312e-05
50,4,11,26.284767150878906,1.2485216083068207,0.7838763571015461,0.7746150489595954,0.11736971295628534,0.004829659915480011,0.024094608677093222,-0.028344750455194027,0.004917406454235627,-0.007276259313966017,0.0005842404703276259,5.734634977023408e-05
50,4,12,26.25006675720215,1.2378560450022449,0.7676912322534909,0.7585292985209624,0.11421890861054998,0.004923344692530685,0.02926337953784085,-0.02906722450292351,0.004863409744257461,-0.007541934005232047,0.0005389189445766641,5.4235692586728675e-05
50,4,13,26.216754913330078,1.2273366794976268,0.7516477074781452,0.7425760176120821,0.11107548094630773,0.004992305370739928,0.033661463861938086,-0.02986814412420003,0.004792266175826359,-0.007814126381214126,0.0004985887117708304,5.129176177940524e-05
50,4,14,26.18467140197754,1.216975310496057,0.7357414832883968,0.7267641778734485,0.10793999154318197,0.005035881948575715,0.03728848233432846,-0.030727359667824257,0.004706082769297404,-0.008094662700817648,0.0004627848975602327,4.850843466487797e-05
50,4,15,26.153682708740234,1.2067833131502363,0.71996971690562,0.7111016984067269,0.10481297342589993,0.005054381887891636,0.04016581357305595,-0.03162703459052003,0.0046070203969106865,-0.00838470499062037,0.00043102927313106104,4.5879316152237506e-05
50,4,16,26.123685836791992,1.1967717523700396,0.7043313883201057,0.6955953956538566,0.10169496913748756,0.005048936486650497,0.042332814149361964,-0.03255160943968298,0.004497220063220566,-0.008684874923441525,0.0004028551769189212,4.3397887918599606e-05
50,4,17,26.094602584838867,1.1869514570387336,0.688827360765597,0.680250983397052,0.0985865117026721,0.005021275489800101,0.043842870023312705,-0.03348757574508007,0.004378750360295253,-0.00899539289673536,0.0003778243690344845,4.105753435267873e-05
50,4,18,26.066375732421875,1.1773330833149078,0.6734602589520593,0.6650731730005948,0.09548811510958341,0.004973495482518011,0.044759387394382885,-0.03442313985783655,0.004253558844170153,-0.009316188991309494,0.0003555361907378099,3.8851623628455826e-05
50,4,19,26.03896713256836,1.1679270901312728,0.6582341825136867,0.6500657736526275,0.09240030286465002,0.0049078671436501575,0.045152315646771364,-0.03534789879517332,0.00412344589315612,-0.009646997970227606,0.0003356321814091412,3.677356283527233e-05
50,4,20,26.01234245300293,1.1587436234140374,0.6431542499540572,0.6352317424860506,0.08932356991940438,0.004826697836065443,0.04509491263489181,-0.03625254009664533,0.003990048499990564,-0.009987421598089598,0.00031779550763316294,3.481683040729727e-05
50,4,21,25.986486434936523,1.1497925001126756,0.6282262894772606,0.6205733850621084,0.08625842074367762,0.004732247979518626,0.04466121855046184,-0.03712855568708878,0.0038548277238254157,-0.010336978040461008,0.0003017485306014842,3.29750280106746e-05
50,4,22,25.961376190185547,1.141083016274854,0.6134563425704049,0.606092355370389,0.0832053312524048,0.004626686905470122,0.043923948616633776,-0.03796807379611457,0.0037190692130609614,-0.01069512162364476,0.00028724923168363446,3.1241893515310035e-05
50,4,23,25.9370059967041,1.1326239363438702,0.5988504323500137,0.5917898563124112,0.08016478687881964,0.004512075758600725,0.0429527809019758,-0.03876367887185132,0.0035838900021856962,-0.01106126487442659,0.0002740875635307891,2.9611346396124968e-05
50,4,24,25.913360595703125,1.12442339095431,0.5844142584706852,0.5776666898225209,0.07713724926040916,0.004390365320640744,0.04181313144893547,-0.03950831553494166,0.0034502421716131712,-0.011434777760083831,0.0002620810813292087,2.8077487733056476e-05
50,4,25,25.890426635742188,1.1164888441243288,0.5701531230982588,0.5637234573514776,0.07412317527551096,0.004263403160645679,0.04056512169396372,-0.04019527257087491,0.0033189256571109485,-0.01181499832826251,0.00025107171588516664,2.663464074789118e-05
50,4,26,25.868200302124023,1.1088270360824777,0.556071790136914,0.5499606099873505,0.07112301228416401,0.004132940474390324,0.03926285671525468,-0.04081816292040296,0.0031905979222265515,-0.012201223587082689,0.00024092224884079202,2.527734431837181e-05
50,4,27,25.846662521362305,1.1014438754111573,0.5421744198976561,0.5363784985764162,0.06813718860980983,0.004000637680236688,0.03795394318652801,-0.04137101572362724,0.003065787813384091,-0.012592710265129686,0.00023151340845050427,2.4000374057350836e-05
50,4,28,25.825803756713867,1.0943444404334528,0.5284646672244682,0.5229775240858475,0.06516613257588996,0.003868067527949495,0.03667916011048689,-0.04184833634875098,0.002944906800811719,-0.012988671011497975,0.00022274178449742754,2.2798739069843734e-05
50,4,29,25.80561065673828,1.0875329089962118,0.5149457742541116,0.5097582378455071,0.06221025346924855,0.0037367141660515357,0.03547227969781908,-0.042245238455334386,0.002828259958052163,-0.013388262235931626,0.0002145170481819431,2.166769492481584e-05
50,4,30,25.786062240600586,1.0810124747752778,0.5016206577973633,0.49672139166884444,0.05926995581758036,0.0036079656806664506,0.034360080537858634,-0.04255758005946656,0.0027160587713916835,-0.013790592468727759,0.00020676092199110857,2.0602738790762278e-05
50,4,31,25.767147064208984,1.0747852911493696,0.4884920651061971,0.4838680380946882,0.05634562987113213,0.0034831029037829062,0.033362489841732054,-0.04278209559702068,0.0026084323807875277,-0.014194702600964773,0.00019940546695142676,1.9599614300128025e-05
50,4,32,25.748851776123047,1.068852307083702,0.47556263967116724,0.4711995303872471,0.05343765636185191,0.0033632854235848175,0.03249278890468057,-0.04291659201757821,0.002505436729460042,-0.014599581844318,0.000192391208535861,1.8654311549307912e-05
50,4,33,25.731151580810547,1.0632132484236436,0.4628351384872055,0.45871767289879917,0.05054640174423966,0.003249535107729162,0.03175798978698425,-0.04296004883234952,0.002407065281986288,-0.015004152531235274,0.0001856669132620225,1.776304277654631e-05
50,4,34,25.714025497436523,1.0578664607725257,0.4503124471759197,0.44642467094879557,0.04767223247279537,0.003142718072216043,0.031159330530841307,-0.04291276218317945,0.0023132576510583227,-0.015407273154901825,0.0001791880621131165,1.692226506256408e-05
50,4,35,25.697467803955078,1.0528088686585255,0.4379977738813557,0.43432328118655006,0.04481549596542162,0.0030435297590742593,0.030692801986835407,-0.04277644088855104,0.002223909008492227,-0.015807739889222707,0.00017291652784643505,1.612865114403821e-05
50,4,36,25.68144989013672,1.0480358132073508,0.425894587365223,0.422416711349446,0.04197653012172229,0.0029524821902177263,0.03034980107875516,-0.0425543104934229,0.0021388776663187133,-0.01620429418873503,0.00016681963174125871,1.537909265654852e-05
50,4,37,25.66596221923828,1.043541026096504,0.4140066364344852,0.41070862026293625,0.039155665702577225,0.002869896817169814,0.030117802507339957,-0.04225110926731242,0.0020579916122060635,-0.0165956212686255,0.0001608696099167484,1.4670690405737534e-05
50,4,38,25.650983810424805,1.0393165382987593,0.4023380018065392,0.3992031679614398,0.036353223950567594,0.0027959011013662873,0.02998099357617308,-0.041873172244549006,0.0019810559598422792,-0.016980362264589984,0.00015504335269649714,1.4000738152576931e-05
50,4,39,25.63650131225586,1.035352707356254,0.3908930507578779,0.38790496556744525,0.033569509451251804,0.0027304337991416686,0.02992107760204439,-0.04142834718402082,0.0019078576544395937,-0.017357118792780818,0.0001493216971694564,1.33667209918942e-05
50,4,40,25.622499465942383,1.0316382027725286,0.3796763528969624,0.3768190001101657,0.030804822031038945,0.0026732536664126555,0.02991789293604942,-0.04092595054808972,0.0018381721388658712,-0.01772447574954347,0.00014368935272266513,1.2766302380585807e-05
50,4,41,25.60896873474121,1.0281600527909869,0.3686926330122416,0.36595058440464245,0.028059451998039383,0.0026239568680449577,0.029950184764364007,-0.04037668346233806,0.0017717672748983678,-0.01808100131141653,0.00013813426806944714,1.2197311165830346e-05
50,4,42,25.595890045166016,1.0249037618956423,0.3579466417420534,0.35530523174950296,0.02533367300334077,0.002581995941627885,0.029996139837108627,-0.0397924516293116,0.001708407656602871,-0.018425277334780582,0.00013264761883819911,1.1657737531405174e-05
50,4,43,25.583251953125,1.021853480384703,0.34744320002474616,0.3448886809874097,0.022627749179732055,0.002546701092860568,0.030034045001432547,-0.03918620925376353,0.0016478584008790033,-0.018755914555682623,0.00012722324906785882,1.114571921516288e-05
50,4,44,25.571041107177734,1.01899220814518,0.33718700226583087,0.3347066709610251,0.019941933951916145,0.002517306931365312,0.030042816662113482,-0.03857168691231051,0.0015898885458801497,-0.019071566269678056,0.00012185760915184601,1.0659532590927851e-05
50,4,45,25.55924415588379,1.0163020291744553,0.327182655422614,0.3247649405130114,0.01727646884672257,0.0024929784292970795,0.030002416974466786,-0.03796318745567477,0.001534274580141844,-0.019370966331391775,0.00011654939591291972,1.0197583750392814e-05
50,4,46,25.54784393310547,1.0137644589058288,0.31743456880441523,0.315069053062893,0.01463158111353282,0.002472837501716066,0.029894325354033708,-0.03737521783233646,0.001480802141791733,-0.019652942834360143,0.0001112995153695427,9.758398774278718e-06
50,4,47,25.53683090209961,1.011360765624967,0.30794697759755757,0.30562434648615927,0.012007486103854995,0.0024559878771117562,0.029701870377255798,-0.0368222049524393,0.0014292699398033382,-0.019916446990697417,0.00010611030082953697,9.340614814231278e-06
50,4,48,25.526185989379883,1.0090723744652161,0.298723872675143,0.29643578275157506,0.00940438489174915,0.0024415419886570514,0.029410445780326512,-0.03631809949802517,0.001379491061080644,-0.02016057441084994,0.00010098597210492093,8.942973606927559e-06
50,4,49,25.515892028808594,1.0068811858786322,0.2897690426266142,0.2875078978002841,0.006822466058508296,0.0024286424250352665,0.02900771328738114,-0.03587611179652385,0.0013312948003765207,-0.020384593983262585,9.593158055890496e-05,8.564309313025825e-06
50,4,50,25.50593376159668,1.0047700289833004,0.28108603697704393,0.2788446762435671,0.004261903015636889,0.0024164854019972024,0.028483689536863904,-0.03550828361565309,0.0012845287516280628,-0.020587956994273387,9.095341247027536e-05,8.203545274218824e-06
50,4,51,25.496292114257812,1.0027229427990918,0.27267822978974854,0.270449526302394,0.0017228551946381673,0.0024043373945241077,0.027830801398307025,-0.03522527205991017,0.0012390588079565907,-0.020770321447832647,8.605833744477395e-05,7.859681041446959e-06
50,4,52,25.48695945739746,1.0007255604708742,0.2645487488872906,0.26232512944473363,-0.000794533142773186,0.00239155425604304,0.02704387543580139,-0.035035985396141105,0.0011947712530029902,-0.02093156422536247,8.125353536843803e-05,7.531792374898278e-06
50,4,53,25.4779109954834,0.9987653076369369,0.25670055672995024,0.2544734654460023,-0.0032901332021178747,0.0023775913220772655,0.0261199982989827,-0.034947454992202344,0.0011515711924262072,-0.021071779565774332,7.654637850108808e-05,7.219019893695007e-06
50,4,54,25.469141006469727,0.9968316020273755,0.24913642542814773,0.24689573720771874,-0.005763829574024152,0.002362013513896654,0.02505843769906138,-0.03496467123837107,0.0011093833381540007,-0.02119128210543396,7.194399708391409e-05,6.920562590000125e-06
50,4,55,25.46062469482422,0.9949159866082803,0.24185893442887466,0.23959234569705587,-0.008215521424015155,0.002344500623504038,0.023860463287823677,-0.03509049150325826,0.0010681507012983546,-0.021290608398143764,6.74533848347761e-05,6.63567620754401e-06
50,4,56,25.452362060546875,0.9930121352745914,0.23487047235788364,0.23256288994684077,-0.01064512130272157,0.002324850111569171,0.022529180707294455,-0.03532567615106013,0.0010278330890082024,-0.021370492595423767,6.308067289231268e-05,6.363663107415977e-06
50,4,57,25.4443359375,0.9911158316260497,0.2281732122003278,0.2258061670555547,-0.013052556038222137,0.0023029735322908935,0.021069301103157766,-0.03566894056647677,0.0009884054706136936,-0.021431858846599382,5.8831421479418735e-05,6.1038698358542455e-06
50,4,58,25.436534881591797,0.989224830310409,0.22176911983170364,0.21932022230822967,-0.015437765546256305,0.0022788910929699984,0.01948699097921362,-0.03611713123905236,0.0009498560169993106,-0.021475798499064763,5.4710123454772755e-05,5.855685502772585e-06
50,4,59,25.428958892822266,0.9873387212948563,0.21565985974578053,0.2131023241160002,-0.01780070104554323,0.0022527246591743386,0.017789666735055765,-0.03666536983218074,0.0009121844013939067,-0.021503550338511035,5.0720418406240646e-05,5.6185324582885285e-06
50,4,60,25.421592712402344,0.9854587199044014,0.20984678119015654,0.20714903919744818,-0.020141324462888115,0.0022246851640360284,0.015985856374124002,-0.037307289296197935,0.0008753989891388423,-0.021516459549400353,4.68647699593685e-05,5.391867103460048e-06
50,4,61,25.4144344329834,0.9835874149489318,0.20433089458242706,0.20145632029017194,-0.02245960843318219,0.0021950607947525186,0.014085042772830151,-0.038035305998726045,0.0008395150731237911,-0.021515956435211685,4.3144546450259336e-05,5.1751750258654936e-06
50,4,62,25.40747833251953,0.981728529089364,0.19911275377750995,0.19601951868101047,-0.02475553629940273,0.0021642016039498373,0.012097497730220848,-0.03884085583776575,0.0008045530438683185,-0.021503536658669047,3.956024122458298e-05,4.967970188866917e-06
50,4,63,25.400720596313477,0.9798866424870528,0.19419243330602132,0.19083350950828493,-0.027029098543251036,0.0021325038101642846,0.01003416672468782,-0.03971468638162432,0.0007705362981865413,-0.021480714122285773,3.6110997908723914e-05,4.769790067190004e-06
50,4,64,25.39415168762207,0.9780669617260495,0.18956937290433287,0.18589269176179862,-0.02928029278515243,0.002100394409205675,0.007906545109748067,-0.040647072972424036,0.0007374892132060165,-0.02144901640841719,3.279530233484022e-05,4.580197268397434e-06
50,4,65,25.38777732849121,0.976275073495117,0.18524234634019945,0.18119112611530272,-0.03150912616383094,0.002068314852875928,0.005726578017015062,-0.04162807484877877,0.0007054364274712188,-0.021409937659804874,2.961078396147447e-05,4.398775073837154e-06
50,4,66,25.381587982177734,0.9745167304958575,0.1812093666602057,0.17672261010784113,-0.03371560819758526,0.002036705815773085,0.003506516137453324,-0.042647743245468744,0.0006744010110251184,-0.02136492945968199,2.65540390137853e-05,4.225127033274039e-06
50,4,67,25.375577926635742,0.9727976580020765,0.17746756126748725,0.172480715734423,-0.035899755543438126,0.0020059924284176575,0.00125874861860832,-0.04369630147969754,0.0006444032236788214,-0.021315376512054215,2.3621330165613717e-05,4.058876964889892e-06
50,4,68,25.369747161865234,0.9711233872956624,0.17401313661684054,0.16845890221804014,-0.03806158961756161,0.001976571375668271,-0.0010042441851423303,-0.04476431303159862,0.0006154606457200304,-0.02126258752180506,2.0808380203086602e-05,3.899665712336737e-06
50,4,69,25.36408805847168,0.9694991270869522,0.170841284995334,0.16465055360033937,-0.04020112945655312,0.0019487986169004165,-0.0032700843213155925,-0.045842797599823175,0.0005875866747657671,-0.0212077815148539,1.81103378937842e-05,3.747154387683527e-06
50,4,70,25.358598709106445,0.9679296647903362,0.16794613825923707,0.1610490288625193,-0.04231840837445809,0.0019229797486783804,-0.005526588763221343,-0.046923323145627,0.0005607902643454563,-0.02115206959836665,1.5522338042673465e-05,3.601018696259402e-06
50,4,71,25.353271484375,0.9664192311252288,0.16532080063410767,0.1576477621671233,-0.044413452546597974,0.001899362699038804,-0.007761976683250602,-0.04799814595995932,0.0005350760872864981,-0.021096461040685528,1.30392377538569e-05,3.4609521796004018e-06
50,4,72,25.348106384277344,0.9649715324466216,0.16295730144353246,0.15444023779759158,-0.04648629052786885,0.0018781330642674238,-0.00996492789768676,-0.049060162640460876,0.0005104437841406312,-0.021041848071504644,1.0655815785662401e-05,3.3266623644502447e-06
50,4,73,25.34309196472168,0.9635895846892412,0.16084669674553184,0.15142006533960567,-0.04853695563231619,0.0018594108446427897,-0.012124830804411754,-0.05010308617580414,0.00048688809389239065,-0.02098901956171197,8.366916055279915e-06,3.197874816443716e-06
50,4,74,25.338233947753906,0.962275786756661,0.15897914193247126,0.1485809922113129,-0.05056548117398544,0.0018432501335547142,-0.014231850870346827,-0.05112136990927366,0.0004643990826989114,-0.020938651903494684,6.167569811627774e-06,3.0743278703182676e-06
50,4,75,25.333518981933594,0.9610318892334816,0.15734399318192024,0.1459169036633263,-0.05257190046692205,0.0018296402055897,-0.016277026777282804,-0.052110239554100664,0.0004429621765670426,-0.02089131053032163,4.052971200779445e-06,2.955774454071538e-06
50,4,76,25.328947067260742,0.9598589813276949,0.15592996505666587,0.14342183530894873,-0.05455624682517147,0.0018185115787211776,-0.018252444274614324,-0.05306571320304714,0.0004225583900931504,-0.020847465116767726,2.018450698213214e-06,2.841981886277186e-06
50,4,77,25.324508666992188,0.9587575138297039,0.15472530483828859,0.14108998565439698,-0.056518553562779156,0.0018097400557696632,-0.020151303349714406,-0.05398458532073858,0.00040316442449446233,-0.020807485018566645,5.977485654607432e-08,2.7327296465590276e-06
50,4,78,25.320207595825195,0.9577273808195583,0.15371792368969162,0.1389156659779053,-0.058458858752939914,0.0018031537192376489,-0.021967941935125492,-0.05486434270341071,0.0003847534518598195,-0.020771642312575708,-1.827014931137005e-06,2.627810186327713e-06
50,4,79,25.3160343170166,0.9567678588800146,0.15289560233471103,0.1368933128599495,-0.0603771957096992,0.0017985428795192228,-0.023697929420257398,-0.055703236513412246,0.0003672953765665942,-0.020740143716407172,-3.6456166120622065e-06,2.5270281180440506e-06
50,4,80,25.311986923217773,0.955877753697442,0.1522461596181477,0.13501747565302266,-0.062273597747102456,0.001795668157820387,-0.025338071919651966,-0.05650013821019937,0.00035075670457223126,-0.020713098668796944,-5.399219613140208e-06,2.4301989991139885e-06
50,4,81,25.308061599731445,0.9550553427659969,0.15175757514363258,0.13328275383051458,-0.06414809817919515,0.0017942709006910026,-0.026886407004718428,-0.05725459557717117,0.00033510188317595005,-0.02069056340909542,-7.090736302794411e-06,2.3371495345727865e-06
50,4,82,25.30425262451172,0.9542985014108316,0.15141816241375464,0.1316838095169358,-0.06600073983832141,0.001794082351030535,-0.028342210289064203,-0.05796671266416503,0.0003202930722789418,-0.020672518177530838,-8.722700507487739e-06,2.2477155502433225e-06
50,4,83,25.300561904907227,0.9536046938577798,0.1512166768808376,0.13021535495769346,-0.06783155127937737,0.001794833440856899,-0.029705913770392504,-0.058637157791290244,0.0003062907979266635,-0.020658899134840585,-1.0297338876190592e-05,2.161743816893616e-06
50,4,84,25.29698371887207,0.9529710872405219,0.15114233871000718,0.12887205227729806,-0.06964057533470716,0.0017962628742267755,-0.030979021538267537,-0.0592670354875897,0.00029305454049690196,-0.020649580122481886,-1.1816484389748491e-05,2.0790894153426265e-06
50,4,85,25.293514251708984,0.9523945688676873,0.15118497924238114,0.12764860119093266,-0.07142784531835625,0.0017981259873598048,-0.03216403601840909,-0.059857878487206286,0.0002805432248564942,-0.020644403062280662,-1.3281698533748411e-05,1.9996155337760857e-06
50,4,86,25.290151596069336,0.951871780882125,0.1513350341468486,0.12653966382310772,-0.07319340406266878,0.0018002001890657239,-0.03326437631459008,-0.060411599706380964,0.0002687152693769999,-0.0206431703565193,-1.4694216999467083e-05,1.923192859693988e-06
50,4,87,25.28689193725586,0.9513992272582659,0.151583531921385,0.12553983964721305,-0.07493728964083957,0.0018022914892569285,-0.03428424123375509,-0.060930372185948135,0.0002575294192011253,-0.02064564488793668,-1.6054976057696102e-05,1.8496999852789314e-06
50,4,88,25.283733367919922,0.950973252048015,0.15192215529363,0.12464372813663839,-0.07665954488521275,0.0018042376077639806,-0.0352285065548592,-0.06141665310283658,0.00024694487695118243,-0.020651574339447247,-1.736470641853131e-05,1.7790211778702528e-06
50,4,89,25.280672073364258,0.9505901359806317,0.1523431429679779,0.12384584105320444,-0.07836021738728183,0.0018059123266773178,-0.036102590688118816,-0.06187306371256479,0.00023692166217735046,-0.020660679034281464,-1.8623935558475015e-05,1.7110480014373836e-06
50,4,90,25.277708053588867,0.9502461492137649,0.15283930434599863,0.12314067762850772,-0.08003935473854033,0.0018072253349064769,-0.03691229135880684,-0.06230233332240543,0.00022742106883728147,-0.020672658015915602,-1.9832992374640422e-05,1.6456761749752258e-06
50,4,91,25.274831771850586,0.9499375596667036,0.15340394716933292,0.12252268697324817,-0.08169700453048175,0.0018081214509762177,-0.03766368287609151,-0.06270727527988446,0.00021840625348416468,-0.020687205767878594,-2.0991979259525038e-05,1.5828077006879296e-06
50,4,92,25.27205467224121,0.9496607204537048,0.15403087453545947,0.121986343258574,-0.08333321911374893,0.0018085807784672993,-0.03836296071922855,-0.06309069492869417,0.000209841875818465,-0.02070400157387494,-2.210097843740716e-05,1.522348938489284e-06
50,4,93,25.26936149597168,0.9494120953623894,0.15471433528034712,0.1215261331858576,-0.08494806511643278,0.0018086129547077911,-0.039016383586649765,-0.06345535359144182,0.00020169452349041392,-0.02072272471760915,-2.31598797587819e-05,1.4642107073448033e-06
50,4,94,25.266756057739258,0.9491882189517918,0.15544895822402502,0.12113656851691966,-0.08654159013002681,0.0018082554409245468,-0.03963017856719891,-0.06380399658306737,0.00019393298985548438,-0.020743054482785725,-2.4168470681646853e-05,1.4083077785613018e-06
50,4,95,25.264238357543945,0.9489858476641425,0.15622974180408197,0.12081224872514994,-0.08811387030092063,0.0018075701025461448,-0.0402103462143388,-0.06413919713608746,0.00018652830665150544,-0.020764664073179395,-2.5126523149984846e-05,1.3545589771289805e-06
50,4,96,25.26180076599121,0.9488019143863555,0.15705197437308996,0.12054783593505895,-0.08966497225720514,0.0018066365252495508,-0.04076263420482794,-0.06446338841592991,0.00017945392372279307,-0.020787241892389327,-2.603376411713586e-05,1.3028861683005794e-06
50,4,97,25.25943946838379,0.9486335703698445,0.15791122891822995,0.1203381175733988,-0.09119496262697124,0.00180554595276988,-0.04129244250995639,-0.06477881949984876,0.00017268552929601937,-0.020810480903962012,-2.688990502242511e-05,1.253214764301801e-06
50,4,98,25.257160186767578,0.9484782180530515,0.15880337255994884,0.12017805649005968,-0.09270392707490725,0.0018043958464732603,-0.041804786517693066,-0.06508752336158964,0.00016620142576703154,-0.02083408775128593,-2.769460145472461e-05,1.2054729135946328e-06
50,4,99,25.25495719909668,0.9483334865897827,0.15972451524147824,0.12006280348829411,-0.09419195126570148,0.0018032870874228764,-0.04230421800871565,-0.06539133287905707,0.00015998225194537686,-0.020857781237609105,-2.8447595881389123e-05,1.1595917035615174e-06
50,4,100,25.25282859802246,0.9481973059072908,0.16067095777824927,0.11998767226426864,-0.09565912086404223,0.001802316670662531,-0.04279479618095486,-0.06569179679406123,0.00015401080333017213,-0.020881298405968876,-2.9148593536137942e-05,1.1155044511107596e-06
50,4,101,25.25077247619629,0.9480678395299351,0.16163926116260582,0.11994826470930532,-0.09710553105291649,0.0018015736637564837,-0.04328005867413878,-0.06599025975065433,0.00014827234254269301,-0.020904402139104123,-2.979733378352287e-05,1.0731474120711186e-06
50,4,102,25.2487850189209,0.9479435263972421,0.16262614316224247,0.11994037066808849,-0.0985312770153113,0.0018011373415001502,-0.043763024203925166,-0.06628780226637834,0.00014275410916965388,-0.020926867479613268,-3.039367389460799e-05,1.0324586664288772e-06
50,4,103,25.246864318847656,0.9478230584352989,0.16362853061758367,0.11996005565023393,-0.09993646345251234,0.001801070968289087,-0.044246184659504466,-0.06658527274759955,0.00013744540145599435,-0.020948499869743585,-3.0937455626442606e-05,9.933790304066038e-07
50,4,104,25.245014190673828,0.9477053579934656,0.16464356342397932,0.12000367336051289,-0.10132119506580532,0.0018014221090005432,-0.04473157622517288,-0.06688331150100951,0.0001323370207939298,-0.02096912907146145,-3.142867277342081e-05,9.558507390160517e-07
50,4,105,25.243227005004883,0.9475896054283081,0.1656685461909642,0.12006785316862804,-0.10268558607477468,0.0018022215409080327,-0.04522067664917125,-0.06718231471637359,0.00012742168835616342,-0.020988601566540113,-3.18672849991042e-05,9.198182567948361e-07
50,4,106,25.241500854492188,0.9474751887328777,0.1667009729988601,0.12014950010921344,-0.10402976021730352,0.001803480300306604,-0.04571453958443422,-0.06748249049336655,0.0001226933997228713,-0.021006803356296337,-3.225340710720209e-05,8.852278724380961e-07
50,4,107,25.239835739135742,0.9473616851782554,0.16773846497459194,0.12024576982138617,-0.10535383171297624,0.0018051931022098954,-0.04621373400354651,-0.06778386684540615,0.00011814763728294784,-0.021023638681836206,-3.2587166312635625e-05,8.520274961143252e-07
50,4,108,25.238231658935547,0.9472488859306408,0.16877881794815675,0.1203541061394189,-0.10665792429967594,0.0018073378740278113,-0.04671841795444831,-0.06808627569198585,0.00011378093726223608,-0.021039037623967336,-3.286882325085301e-05,8.201669634916245e-07
50,4,109,25.236684799194336,0.947136700411632,0.16981997043101488,0.12047217844161903,-0.10794217123358446,0.0018098779317373753,-0.04722842285267007,-0.06838944490276175,0.00010959069366083968,-0.021052962183128653,-3.3098678893740846e-05,7.895974276851962e-07
50,4,110,25.235193252563477,0.9470251880600652,0.1708600019477264,0.12059790671077707,-0.10920670577088358,0.0018127653995797877,-0.04774324821306784,-0.068692966282218,0.0001055750438832214,-0.021065388039601063,-3.327710868045667e-05,7.60271612612554e-07
50,4,111,25.233753204345703,0.9469144722342799,0.17189713201070228,0.12072943647371825,-0.11045166116775514,0.0018159408991788748,-0.04826214594205802,-0.06899638361183687,0.00010173280338397382,-0.02107632583326167,-3.340456562023187e-05,7.321440663487353e-07
50,4,112,25.23236846923828,0.9468048062788433,0.1729296905586352,0.12086511374085432,-0.11167717068038094,0.0018193391454090007,-0.0487841150693527,-0.06929912061559597,9.806316340450839e-05,-0.02108580292379445,-3.348161442320421e-05,7.051705024027512e-07
50,4,113,25.23103141784668,0.9466964669454703,0.17395613450127026,0.12100345994573511,-0.11288338660154018,0.0018228914334474725,-0.04930800184498844,-0.0696005930136393,9.456565012666214e-05,-0.021093869470620027,-3.3508798079890767e-05,6.793077490465433e-07
50,4,114,25.229745864868164,0.9465897500817548,0.1749750204418449,0.12114314688460034,-0.1140704517057134,0.0018265282812677203,-0.04983255242197299,-0.06990020852227717,9.123981424010812e-05,-0.02110059387294834,-3.348675576770023e-05,6.545144587095774e-07
50,4,115,25.22850799560547,0.9464850268407404,0.17598500765003433,0.12128302177682788,-0.11523850876738108,0.0018301809840470511,-0.050356360173638634,-0.07019731082715075,8.808540249720749e-05,-0.021106059729813758,-3.3416204234115134e-05,6.307502465711228e-07
50,4,116,25.227313995361328,0.946382620457605,0.17698486883430706,0.12142204461381298,-0.11638771959762116,0.0018337856556268069,-0.050878029009846934,-0.07049130764457037,8.510210446537069e-05,-0.021110362800110197,-3.3297847815406214e-05,6.079759945865072e-07
50,4,117,25.226167678833008,0.9462828399876662,0.17797345658086755,0.12155928815896824,-0.11751822697091413,0.0018372863373278712,-0.05139615230393015,-0.07078163070234729,8.228942181859878e-05,-0.021113614042556007,-3.3132465315115114e-05,5.86154104842328e-07
50,4,118,25.22506332397461,0.9461859892123402,0.17894970569476454,0.12169393794772371,-0.11863018318003923,0.0018406343761875675,-0.051909270746573796,-0.07106772773596005,7.964694609295812e-05,-0.02111592897581686,-3.29208200227687e-05,5.652475874776905e-07
50,4,119,25.224000930786133,0.9460923212689097,0.17991263961577,0.12182522963640598,-0.11972375003607436,0.0018437910674528404,-0.052416046198550864,-0.07134911051155639,7.717388486841753e-05,-0.02111743527841798,-3.266370935872634e-05,5.452212261181808e-07
50,4,120,25.22298240661621,0.9460020396000933,0.18086137190009025,0.12195249912313491,-0.12079907983179872,0.001846728120902581,-0.052915203739810436,-0.07162535482595311,7.48692251544217e-05,-0.021118254548954815,-3.236197728539173e-05,5.260403110998087e-07
50,4,121,25.22199821472168,0.9459153373406867,0.18179506261113637,0.12207510736647868,-0.12185633437829024,0.00184942890437383,-0.05340551059641898,-0.0718960524836344,7.273181508267784e-05,-0.021118519025899916,-3.201639950350355e-05,5.076717035608959e-07
50,4,122,25.22105598449707,0.9458322954349876,0.1827129982762266,0.12219250303657452,-0.12289567548662683,0.001851885956709371,-0.05388593418850053,-0.07216093135425633,7.076005347456628e-05,-0.021118356387778505,-3.1627785844633e-05,4.900829740343562e-07
50,4,123,25.22014617919922,0.9457529965188719,0.183614527032492,0.12230419745468044,-0.12391726496788641,0.0018541022312839358,-0.05435547881403186,-0.07241972731130866,6.89522737972379e-05,-0.0211178943131158,-3.1196927523533534e-05,4.7324301050020444e-07
50,4,124,25.21927261352539,0.9456774647119439,0.18449906946997707,0.1224097395327269,-0.12492126463314687,0.001856089541596449,-0.05481328574587122,-0.07267224826278391,6.730655218556547e-05,-0.02111724832057748,-3.072458782973202e-05,4.571214610040897e-07
50,4,125,25.21843719482422,0.9456056711804854,0.18536614407733457,0.12250872830354097,-0.12590783629348615,0.0018578663850991738,-0.055258685914405116,-0.07291837415117744,6.582062983399616e-05,-0.021116533928829218,-3.0211526949952378e-05,4.416890883545924e-07
50,4,126,25.217632293701172,0.9455375271851187,0.186215328667652,0.12260080039062222,-0.12687715127828086,0.001859457165993836,-0.05569107873746079,-0.07315805695348736,6.449224385233782e-05,-0.021115860576606922,-2.965845852887419e-05,4.2691766878113937e-07
50,4,127,25.21686363220215,0.9454729493725479,0.1870463106041543,0.12268568012903926,-0.12782938091690763,0.0018608912625869723,-0.056110016412541035,-0.07339126465437909,6.331880457925144e-05,-0.02111532098283962,-2.906605587473865e-05,4.1277981458535576e-07
50,4,128,25.21611976623535,0.9454118228086235,0.18785881604441831,0.12276311691430901,-0.12876468702044433,0.0018622008511190741,-0.056515124892854034,-0.0736180052576863,6.22977019302013e-05,-0.021115000266544122,-2.8434964370560336e-05,3.992489488055438e-07
50,4,129,25.215410232543945,0.9453539910534724,0.18865267639616304,0.12283293532329331,-0.12968324091826758,0.0018634171751859818,-0.05690617237475417,-0.07383835079791178,6.142626455106166e-05,-0.021114978986789917,-2.776581698814202e-05,3.8629963457845797e-07
50,4,130,25.2147274017334,0.9452993238441483,0.18942777228754545,0.12289499752352649,-0.13058522345805273,0.0018645725664689626,-0.057282974468977885,-0.07405235730189103,6.070167812533001e-05,-0.021115310342962514,-2.7059162923606694e-05,3.739069924223184e-07
50,4,131,25.214073181152344,0.9452476456375604,0.1901840664978238,0.12294921580343948,-0.1314707964508777,0.0018656960923930021,-0.05764553117552518,-0.07426014482712871,6.012097312020909e-05,-0.02111605057441231,-2.631554206466848e-05,3.620472069472338e-07
50,4,132,25.21344566345215,0.9451987706652236,0.190921581469943,0.12299556510258394,-0.13234014074441777,0.0018668130898044778,-0.057993847762660714,-0.07446185744263044,5.968139240414707e-05,-0.02111723920068282,-2.55354399999898e-05,3.506971468223844e-07
50,4,133,25.212844848632812,0.9451525542234229,0.1916404192228534,0.12303409554185651,-0.13319343718634827,0.001867946097615812,-0.05832801905914862,-0.07465761520590086,5.9380035883215416e-05,-0.021118900541493138,-2.4719315944407957e-05,3.3983451678914853e-07
50,4,134,25.21226692199707,0.945108826432555,0.19234074213195707,0.12306490736305041,-0.13403085710604581,0.0018691108153453123,-0.0586482399907818,-0.07484757819361286,5.921401163276422e-05,-0.02112105283663258,-2.386760739313957e-05,3.2943770564797613e-07
50,4,135,25.211715698242188,0.9450674410260722,0.1930227424300988,0.12308815092885549,-0.134852571832887,0.001870318434728802,-0.05895468967855915,-0.07503189047477204,5.918062379083173e-05,-0.021123697606083586,-2.298066186011557e-05,3.194859382715152e-07
50,4,136,25.211181640625,0.9450282588098858,0.19368667585484045,0.12310401419263406,-0.13565877173284588,0.0018715754842788443,-0.05924762099918498,-0.07521070412221764,5.927704987163676e-05,-0.021126834849846163,-2.2058851681690526e-05,3.0995897157835826e-07
50,4,137,25.210678100585938,0.9449911500541284,0.1943328342751899,0.12311272269842086,-0.13644962813529904,0.001872883518403193,-0.0595273658533337,-0.0753841712087889,5.950054908218486e-05,-0.021130444808148546,-2.1102513511985032e-05,3.0083739855929604e-07
50,4,138,25.210189819335938,0.9449559985256865,0.1949615269565923,0.1231145521111473,-0.1372253218879218,0.0018742391174047907,-0.05979417711770964,-0.07555243580349141,5.984853993041567e-05,-0.02113450924120142,-2.0111946771484217e-05,2.921022429089792e-07
50,4,139,25.20972442626953,0.9449227120645839,0.19557313184622746,0.12310982821664136,-0.13798604335668818,0.001875635441889523,-0.06004840249778122,-0.07571563397149714,6.0318489939940866e-05,-0.02113899926933836,-1.9087475703096857e-05,2.8373531372321406e-07
50,4,140,25.209278106689453,0.9448912079510992,0.19616802417460316,0.1230988893309552,-0.1387319638709748,0.0018770602120361398,-0.06029039496728155,-0.07587389377414437,6.0907870719011464e-05,-0.021143878412980738,-1.8029337671248987e-05,2.757188761371882e-07
50,4,141,25.208852767944336,0.9448613925603041,0.19674663003049309,0.12308211136081341,-0.1394632737967557,0.0018785013034641656,-0.06052054964606112,-0.07602736728427235,6.161423148402586e-05,-0.021149102592637702,-1.693784450763756e-05,2.680358540096391e-07
50,4,142,25.208446502685547,0.9448332400135353,0.19730935252349469,0.12305988274316479,-0.14018015398170613,0.0018799434829776184,-0.06073917736173566,-0.07617613454021753,6.243528075231656e-05,-0.02115463228876573,-1.5813250642104865e-05,2.6066965257420647e-07
50,4,143,25.208053588867188,0.9448066758989753,0.19785661560775955,0.12303259191495806,-0.14088278527350145,0.001881371983702843,-0.06094665742936163,-0.07632033160715186,6.336873929513408e-05,-0.021160415821961757,-1.4655813607296148e-05,2.536041837749531e-07
50,4,144,25.20768165588379,0.9447816573942529,0.1983888356542456,0.12300061478291788,-0.14157134851981698,0.0018827721942069587,-0.06114336389573084,-0.07646006253491272,6.441234013764692e-05,-0.021166409112734933,-1.3465812655477336e-05,2.4682384093084393e-07
50,4,145,25.207321166992188,0.9447581448068165,0.1989064353989063,0.12296435231421712,-0.14224603408662673,0.0018841291921755342,-0.061329618124988355,-0.07659543137333748,6.55639960291544e-05,-0.021172562001664636,-1.2243530141717309e-05,2.40313498735746e-07
50,4,146,25.206985473632812,0.9447361241377793,0.19940984031136405,0.12292419294580458,-0.14290703233990468,0.001885432096754297,-0.06150577309086728,-0.07672651816076256,6.682164014215249e-05,-0.021178824329330243,-1.0989244542581257e-05,2.3405851325842824e-07
50,4,147,25.2066593170166,0.9447155484898518,0.19989946056877766,0.12288051258440484,-0.14355451460902752,0.0018866717369375033,-0.061672197571894745,-0.07685343495085903,6.818319339521919e-05,-0.02118515049625846,-9.703242867342496e-06,2.280446459359983e-07
50,4,148,25.206344604492188,0.9446963745530805,0.20037571606315446,0.12283367460651838,-0.14418867125996918,0.0018878412733310387,-0.061829270883127216,-0.07697629379729785,6.964663797652247e-05,-0.021191493382993552,-8.385835396296498e-06,2.222580382383812e-07
50,4,149,25.20604705810547,0.9446785435997898,0.20083902070836784,0.1227840298584215,-0.14480969265870372,0.0018889357318300926,-0.06197737233962117,-0.07709522276141738,7.121004185165644e-05,-0.021197814989974438,-7.0373293069357865e-06,2.1668536368144632e-07
50,4,150,25.20576286315918,0.9446620250173073,0.2012897303956101,0.12273187906549388,-0.1454177596529065,0.0018899540243492378,-0.06211681276899233,-0.07721030988538766,7.28714689015758e-05,-0.021204075797657602,-5.658040309461005e-06,2.1131353646851409e-07
50,4,151,25.205488204956055,0.94464676465204,0.20172823153373234,0.12267756054378767,-0.14601304357195405,0.001890898327059329,-0.062247945144973796,-0.07732167522671339,7.462909737713673e-05,-0.021210242366429294,-4.2483035065912665e-06,2.061299268422858e-07
50,4,152,25.205228805541992,0.94463270637075,0.2021548953462678,0.12262136248845841,-0.14659574430011912,0.0018917720596574234,-0.062371101368239985,-0.07742943884289921,7.648111369847402e-05,-0.021216285816623093,-2.8084799870204302e-06,2.0112231041380138e-07
50,4,153,25.204980850219727,0.9446197994653517,0.20257007649612463,0.12256357309466163,-0.14716603316677834,0.0018925814397745338,-0.06248662387599466,-0.07753371278761616,7.842576147067319e-05,-0.02122217726857258,-1.3389076653827873e-06,1.962787288170729e-07
50,4,154,25.204744338989258,0.9446079659546601,0.20297410663271506,0.12250443043665626,-0.14772410053790572,0.0018933334622455496,-0.06259482876411822,-0.07763463312603618,8.046126796026242e-05,-0.021227895442523553,1.6004101288417626e-07,1.9158761638669038e-07
50,4,155,25.20451545715332,0.9445971650786289,0.20336730411319884,0.12244421017937367,-0.14827011774287785,0.0018940376089577658,-0.06269595310452093,-0.07773229590416299,8.258601565006466e-05,-0.021233431218581355,1.6879922933479775e-06,1.8703769881573728e-07
50,4,156,25.204303741455078,0.9445873148198889,0.20375000893573267,0.12238316292729694,-0.14880427514766878,0.0018947044498839043,-0.06279030772481856,-0.0778268451910022,8.479837885362416e-05,-0.021238769396921552,3.2445799119363914e-06,1.8261809449787503e-07
50,4,157,25.20409393310547,0.9445783921949036,0.20412250420655617,0.12232150169423667,-0.14932675359995382,0.0018953436223520352,-0.06287810862386267,-0.07791835302105661,8.709673188448521e-05,-0.021243903897614373,4.82941234582189e-06,1.7831818784973722e-07
50,4,158,25.203895568847656,0.9445703142178451,0.20448508085092118,0.12225943949400349,-0.1498377339474083,0.0018959664735387573,-0.06295959287356359,-0.07800695545949816,8.947957976465083e-05,-0.02124883168069493,6.4421015507099445e-06,1.7412770531749312e-07
50,4,159,25.203710556030273,0.9445630177839818,0.20483800932922758,0.122197189340408,-0.15033738751940875,0.0018965820190090389,-0.06303495013144952,-0.07809276455999789,9.194538666973067e-05,-0.02125355122618078,8.082268015014152e-06,1.7003660136700247e-07
50,4,160,25.203529357910156,0.9445564717581139,0.20518155986286443,0.12213495171703666,-0.1508258951636306,0.0018971988080055233,-0.06310436478678405,-0.07817586036089222,9.449274748379315e-05,-0.021258070133984144,9.749515743507413e-06,1.6603521049694236e-07
50,4,161,25.20336151123047,0.9445506115685008,0.20551598909548144,0.12207291457725179,-0.1513034377277491,0.0018978236799223245,-0.06316800015577205,-0.07825635491585217,9.712019173667732e-05,-0.021262389924087455,1.1443456885820384e-05,1.6211406989015926e-07
50,4,162,25.20319938659668,0.9445453912111426,0.20584152798912805,0.12201124081396737,-0.15177019605943956,0.0018984611425419268,-0.06322597740850099,-0.07833433626704785,9.982634698956627e-05,-0.021266522756350267,1.3163703591583722e-05,1.5826399542023237e-07
50,4,163,25.203041076660156,0.9445408174334545,0.2061583958906985,0.12195013091076987,-0.15222634148807865,0.0018991157036468147,-0.06327832815455892,-0.0784098364298138,0.00010260985714220046,-0.021270476230684794,1.4909866459026603e-05,1.5447609431923418e-07
50,4,164,25.202892303466797,0.944536851400312,0.20646681510909393,0.12188976029079743,-0.1526720453430429,0.0018997889176447416,-0.0633251366861806,-0.0784829354424865,0.00010546946412566439,-0.02127426402693302,1.668157315179446e-05,1.5074173984220946e-07
50,4,165,25.20275115966797,0.9445335006275329,0.20676696735625602,0.12183027931673991,-0.15310748847200772,0.0019004814062988085,-0.06336637666204267,-0.07855365731656686,0.00010840383634753452,-0.021277899824936934,1.8478445127926812e-05,1.470525079283722e-07
50,4,166,25.202613830566406,0.9445307455128307,0.20705905075828224,0.1217718508815113,-0.15353284220434965,0.0019011917706420376,-0.06340206915520384,-0.07862205807889039,0.00011141169940033803,-0.021281400344503414,2.0300111602470567e-05,1.4340021520438747e-07
50,4,167,25.202486038208008,0.9445285995509636,0.20734323416851294,0.12171462534780143,-0.15394827786944534,0.001901918611707451,-0.06343216148301735,-0.07868815373712439,0.00011449182789227412,-0.021284777745492,2.214620489327559e-05,1.3977696965541365e-07
50,4,168,25.20236587524414,0.9445270993359527,0.20761968300979314,0.12165875307830017,-0.1543539667966714,0.001902660064205745,-0.06345658515804246,-0.07875193628743521,0.0001176429882622633,-0.021288045707744684,2.4016371280805032e-05,1.3617503127973612e-07
50,4,169,25.202247619628906,0.9445262615813,0.20788854126364126,0.12160435937524904,-0.15475008031540444,0.0019034116203544347,-0.06347524535151505,-0.0788134137336565,0.00012086398779561945,-0.02129121791110345,2.5910260148325016e-05,1.325869134308518e-07
50,4,170,25.20213508605957,0.9445261046219695,0.20814995864473448,0.12155154448044127,-0.15513678975502107,0.0019041692386933624,-0.0634881104538471,-0.07887259407962188,0.00012415355208486977,-0.021294304995445403,2.7827510019291306e-05,1.2900530681090586e-07
50,4,171,25.202028274536133,0.9445266762527119,0.20840403993115844,0.12150042116589425,-0.15551425692659923,0.0019049294995254703,-0.06349499607577501,-0.0789294453099968,0.00012751048841532812,-0.021297317600647642,2.9767767174167063e-05,1.2542313014173378e-07
50,4,172,25.20192527770996,0.9445280075264739,0.20865091868349225,0.12145107714317706,-0.1558826436412168,0.0019056878950682746,-0.06349585480291675,-0.0789839594209476,0.00013093359590302974,-0.021300267886569718,3.173072133265681e-05,1.2183350482934042e-07
50,4,173,25.201828002929688,0.9445301098972997,0.20889070922719838,0.12140358759363461,-0.1562421212282504,0.0019064428709140216,-0.06349057073344949,-0.07903614441630795,0.00013442163281761644,-0.021303171053036054,3.371601877522371e-05,1.1822971696061813e-07
50,4,174,25.20173454284668,0.9445330678379861,0.2091235016909253,0.12135802769861183,-0.15659285149877797,0.0019071905410433284,-0.06347897001463904,-0.07908592826157501,0.00013797344729079552,-0.021306031659993983,3.572334922157229e-05,1.1460525530662859e-07
50,4,175,25.201648712158203,0.9445368793237636,0.20934941750572192,0.12131443504878117,-0.15693499626387739,0.0019079291956076664,-0.06346104737822068,-0.07913333496824976,0.00014158776491509414,-0.02130885730735572,3.775239618580116e-05,1.1095378598708159e-07
50,4,176,25.201562881469727,0.9445415674611252,0.20956854931729077,0.1212728472348151,-0.1572687173346266,0.0019086561921138553,-0.063436697458901,-0.07917835653249851,0.0001452634338222195,-0.021311655595033487,3.980284007920598e-05,1.0726913980257444e-07
50,4,177,25.20148277282715,0.9445471714176693,0.20978099091398633,0.12123328931716193,-0.1575941670038048,0.0019093712196803442,-0.06340586230576857,-0.07922096894282035,0.0001489992122818135,-0.02131442956299216,4.1874364415885366e-05,1.0354529323295118e-07
50,4,178,25.201404571533203,0.9445536829763886,0.20998683241057564,0.12119576129582166,-0.1579115070824899,0.0019100736565440318,-0.06336848923617665,-0.07926119621071623,0.00015279395659486202,-0.021317186811143956,4.39666961491793e-05,9.977643810998567e-08
50,4,179,25.201330184936523,0.9445611022489592,0.2101862004410709,0.12116027570101842,-0.15822089938175984,0.0019107647462311209,-0.06332462039624262,-0.07929906234768705,0.00015664649038523636,-0.02131992581950644,4.6079546718413004e-05,9.595686760753642e-08
50,4,180,25.201261520385742,0.9445694229577744,0.21037919162118754,0.12112683253275225,-0.15852248667609511,0.00191144386697851,-0.06327426105423117,-0.07933459136523376,0.00016055562093825033,-0.021322657227956704,4.821263687132053e-05,9.208105224811009e-08
50,4,181,25.20119285583496,0.9445786556861534,0.21056590752517024,0.12109539420035066,-0.15881643077657362,0.0019121142830424809,-0.06321745862452437,-0.07936779126719,0.0001645201718777752,-0.02132537343658254,5.0365684252833007e-05,8.814356389629795e-08
50,4,182,25.201128005981445,0.9445887292035025,0.21074646647964537,0.12106594817358951,-0.1591028744576759,0.0019127775488307869,-0.06315430793588632,-0.0793987580995595,0.00016853906485902626,-0.021328077485348828,5.253842202189632e-05,8.413913909757884e-08
50,4,183,25.201068878173828,0.9445996539329456,0.21092096729312046,0.12103844433157218,-0.15938197001218113,0.0019134369285997098,-0.06308488274402244,-0.07942749986617591,0.0001726112215372188,-0.02133077241422046,5.473061436548592e-05,8.006266007667828e-08
50,4,184,25.20100975036621,0.9446113799768572,0.2110895171459473,0.12101283255340206,-0.15965386973286858,0.0019140955311647563,-0.06300928314596153,-0.07945408860154202,0.00017673557990612547,-0.021333453663250103,5.6941994442547686e-05,7.590907873100496e-08
50,4,185,25.20095443725586,0.944623869981659,0.21125224330417466,0.12098908777863084,-0.15991870687592,0.0019147544446113532,-0.06292767245790847,-0.07947858833632698,0.00018091106162096155,-0.021336118192472872,5.917232644005706e-05,7.167351797273542e-08
50,4,186,25.200899124145508,0.944637088604033,0.21140924637948466,0.12096715988636189,-0.16017663373411462,0.0019154169331957827,-0.06284011916730399,-0.07950105509736631,0.00018513671904540113,-0.021338769041853653,6.142136833938358e-05,6.735118305448997e-08
50,4,187,25.20084571838379,0.9446509731728855,0.21156071289125913,0.12094703634637108,-0.16042780260023168,0.0019160843958850227,-0.06274690776044045,-0.0795215929344974,0.00018941152285033145,-0.021341401651445116,6.368888432750267e-05,6.293738690485384e-08
50,4,188,25.20079803466797,0.9446655012338446,0.21170669448359727,0.12092864197731348,-0.16067232769385556,0.0019167576098829493,-0.06264808565169994,-0.0795402338630548,0.0001937344763837546,-0.021344006901352606,6.597464479699569e-05,5.842755646225751e-08
50,4,189,25.20075035095215,0.9446806067250854,0.21184732591303587,0.12091191412806832,-0.1609103613077655,0.0019174373523934397,-0.06254385303514,-0.07955707392904224,0.0001981047790563607,-0.021346584791576115,6.82784263460499e-05,5.3817213673335795e-08
50,4,190,25.200706481933594,0.9446962538741753,0.21198273710132973,0.12089681520796312,-0.1611420366981433,0.0019181250223834717,-0.06243439430002422,-0.0795721771631289,0.00020252146689326647,-0.02134912924218588,7.059999936724664e-05,4.9101956491286995e-08
50,4,191,25.20066261291504,0.9447123643209285,0.21211307571256674,0.12088329509610131,-0.16136750615776815,0.0019188199980899438,-0.06231992544520419,-0.07958565561898576,0.00020698370662804736,-0.021351640253181894,7.293917148680272e-05,4.42774937122145e-08
50,4,192,25.20061683654785,0.9447289271653316,0.21223840707795114,0.12087129114136208,-0.1615868839062245,0.00191952181319053,-0.06220050442159132,-0.07959753330811378,0.00021149066499427877,-0.021354114784599275,7.529571930290538e-05,3.9339622806545744e-08
50,4,193,25.200578689575195,0.9447459228454271,0.21235882688493096,0.12086074069262467,-0.16180030319969413,0.0019202307785667813,-0.06207624186274375,-0.07960785024968119,0.00021604155774120827,-0.02135654675650825,7.766943182495374e-05,3.428421408433151e-08
50,4,194,25.200538635253906,0.944763302943096,0.21247447507164985,0.1208516186894408,-0.16200789729435888,0.0019209450289293937,-0.06194732215792504,-0.07961668648202441,0.0002206354862481819,-0.021358937688891258,8.006011047355866e-05,2.9107207528305782e-08
50,4,195,25.200502395629883,0.9447810539619671,0.21258543831851717,0.12084386248068966,-0.16220979944640052,0.0019216644088375914,-0.06181382433110529,-0.07962407402047804,0.0002252716989415618,-0.021361273901906317,8.246753805251332e-05,2.3804638129406872e-08
50,4,196,25.20046615600586,0.9447991434394163,0.21269182225648245,0.12083743447569884,-0.16240612387540349,0.0019223867421205205,-0.061675885357166005,-0.07963006889187756,0.0002299494442477102,-0.021363559955500752,8.489152839364042e-05,1.8372610551256308e-08
50,4,197,25.2004337310791,0.9448175437772448,0.21279371902111086,0.12083225949312336,-0.1625970038375496,0.0019231107852519783,-0.06153362113793,-0.07963471911922484,0.00023466792157731723,-0.021365791289727234,8.733188291755087e-05,1.28073078392442e-08
50,4,198,25.200397491455078,0.9448362342728335,0.21289125083573607,0.12082831247251495,-0.16278257258902065,0.0019238351392649865,-0.06138715284348475,-0.07963807272552179,0.00023942636301818772,-0.02136796030467355,8.978838442803785e-05,7.104966085008086e-09
50,4,199,25.20036506652832,0.9448552075131682,0.21298449461586547,0.12082555582320115,-0.16296292531280365,0.0019245587160741182,-0.061236564766065024,-0.07964015372226928,0.00024422403333524117,-0.021370071560287026,9.226085296252997e-05,1.2619019392254495e-09
50,4,200,25.200334548950195,0.944874445101044,0.2130735472369254,0.12082393942428532,-0.16313819526508044,0.0019252798058308446,-0.06108193592964094,-0.07964100212863556,0.00024906013193916777,-0.021372120496620337,9.474909614724403e-05,-4.725506587960915e-09
50,4,201,25.200300216674805,0.9448939617955939,0.2131584795155021,0.12082341315487087,-0.16330849666543537,0.0019259990302982672,-0.06092330321206518,-0.07964061794462064,0.00025393402162623106,-0.021374104073708593,9.725293401960867e-05,-1.0860820918677938e-08
50,4,202,25.200273513793945,0.9449137297887171,0.21323938037389317,0.12082393942428532,-0.16347394373345292,0.001926714990509408,-0.060760740369043206,-0.07963904919322637,0.0002588450161770226,-0.02137601925158691,9.977218661705249e-05,-1.714754151145476e-08
50,4,203,25.200244903564453,0.9449337640758075,0.21331632084186897,0.12082545558140792,-0.16363465068871744,0.0019274273755827164,-0.0605943053514864,-0.07963629587445276,0.0002637922659865605,-0.02137786755023773,0.00010230666156579232,-2.3589112017831664e-08
50,4,204,25.200218200683594,0.9449540846546131,0.21338935921483856,0.12082792403556619,-0.16379073175081338,0.001928135563755091,-0.06042396128154205,-0.07963234998446617,0.0002687751011739937,-0.021379645929696166,0.00010485618510886269,-3.018892343896902e-08
50,4,205,25.2001895904541,0.9449746793456736,0.21345858371587076,0.12083128213563937,-0.16394230113932512,0.0019288404876711838,-0.06024982406103297,-0.07962724353860115,0.00027379275382712694,-0.02138135438996222,0.00010742056487248039,-3.695029947854912e-08
50,4,206,25.200164794921875,0.9449955506880459,0.21352404386639512,0.12083549229095501,-0.1640894540372397,0.0019295430799756467,-0.060071872616900474,-0.07962098454069136,0.00027884457040366656,-0.021382994451018336,0.00010999968915573906,-4.38765495890236e-08
50,4,207,25.20013999938965,0.9450166661226853,0.21358584044091436,0.12084050438061648,-0.1642323046641415,0.0019302428743461538,-0.05989023865576139,-0.07961362901757232,0.00028392994637699076,-0.02138457067281184,0.00011259339661288506,-5.097091671710106e-08
50,4,208,25.20011329650879,0.9450380440042584,0.21364405784699209,0.12084630587439964,-0.16437094820301754,0.0019309408034273571,-0.05970497486026244,-0.07960517696924402,0.0002890481301734617,-0.0213860784953954,0.00011520147625331745,-5.823658363762731e-08
50,4,209,25.200088500976562,0.9450596791804292,0.2136987795908149,0.12085284665140786,-0.16450549887345223,0.0019316368672192565,-0.059516149717844385,-0.0795956524072074,0.0002941985009279004,-0.0213875239986988,0.00011782384119855351,-6.56767267915679e-08
50,4,210,25.200063705444336,0.9450815549365962,0.21375007235364377,0.12086010165119285,-0.16463605185843258,0.0019323323092480546,-0.05932377376503658,-0.07958508734679702,0.00029938037242089834,-0.02138890870270447,0.00012046031769162777,-7.329445928108548e-08
50,4,211,25.200042724609375,0.9451036738646296,0.21379801896117212,0.12086803328308213,-0.16476270234094562,0.001933027906717628,-0.059127941830603124,-0.07957349779568018,0.00030459312378727647,-0.02139022956744753,0.00012311076920921022,-8.10928467042405e-08
50,4,212,25.200021743774414,0.9451260531432916,0.21384269753788138,0.12087660395640323,-0.1648855645405757,0.0019337241259503027,-0.05892867498760272,-0.07956088375385689,0.0003098361341618557,-0.021391492672857754,0.00012577509646160632,-8.907496099297372e-08
50,4,213,25.199995040893555,0.945148671795776,0.21388418953289987,0.1208857886107079,-0.1650047146037125,0.001934420656064528,-0.05872608913785818,-0.07954728524049536,0.0003151087500023423,-0.021392696498952694,0.00012845311328063877,-9.724378540490182e-08
50,4,214,25.199975967407227,0.9451715031882776,0.21392258568582342,0.12089557471577192,-0.16512024771334297,0.00193511796338263,-0.05852025276881025,-0.07953275027859744,0.00032041044847490124,-0.021393845605679685,0.00013114474519903665,-1.056023031976415e-07
50,4,215,25.199954986572266,0.9451945643116424,0.21395796260048233,0.1209059121506987,-0.16523225905245412,0.0019358160479046086,-0.058311260709223066,-0.07951727886816316,0.0003257405433601241,-0.02139494303300361,0.00013384984328225816,-1.141534722932883e-07
50,4,216,25.199934005737305,0.9452178720536424,0.21399039625363106,0.12091680091548825,-0.165340843804033,0.0019365150650712392,-0.05809910242256726,-0.0795008710091925,0.0003310984464699464,-0.02139598878092447,0.00013656830824060873,-1.2290023161229686e-07
50,4,217,25.199914932250977,0.945241400547338,0.21401998014208537,0.12092822847991641,-0.1654460971510666,0.0019372148594417463,-0.057883856932812935,-0.07948357472468733,0.0003364836022934186,-0.02139698284944226,0.00013930002837318198,-1.3184543140079778e-07
50,4,218,25.199893951416016,0.9452651669244472,0.21404679097444188,0.12094016978353486,-0.16554809523994451,0.0019379155864569053,-0.057665619068724215,-0.07946539001464765,0.00034189545531959083,-0.021397932838469205,0.00014204489197907155,-1.409919599082034e-07
50,4,219,25.199871063232422,0.9452891458545544,0.21407088983108274,0.12095258723567116,-0.16564691421705635,0.001938616624353615,-0.05744445731774186,-0.0794463568982417,0.00034733338468328416,-0.021398832668075525,0.00014480278735737106,-1.5034265471288373e-07
50,4,220,25.199853897094727,0.9453133553940805,0.21409239160261662,0.12096549336654945,-0.16574264926538912,0.0019393178176911002,-0.05722047704515931,-0.07942648337930308,0.00035279690022777823,-0.02139968537822611,0.00014757359039596233,-1.5990032805768762e-07
50,4,221,25.1998348236084,0.9453378248621479,0.21411132315081574,0.12097886311572144,-0.16583537653133246,0.0019400194773509113,-0.056993588690477145,-0.0794057454463309,0.00035828531573366454,-0.021400494008885843,0.00015035721421636264,-1.696677668499428e-07
50,4,222,25.199813842773438,0.9453625622790223,0.2141277892273921,0.12099268395296295,-0.16592519119787333,0.001940721603333048,-0.056763913423782834,-0.07938415910699242,0.0003637981410442228,-0.021401257040072282,0.00015315358435130105,-1.796477706647375e-07
50,4,223,25.199796676635742,0.9453875552253335,0.21414183857334393,0.12100693081782568,-0.16601215037480396,0.0019414234184336346,-0.056531498659458446,-0.0793617483727886,0.000369334755294274,-0.021401975991767873,0.00015596256427744757,-1.898430757383571e-07
50,4,224,25.199777603149414,0.9454128257634462,0.21415356886636905,0.12102160371030964,-0.16609634924511135,0.0019421246117711196,-0.056296412884944726,-0.07933851324371942,0.0003748946029728683,-0.02140264934399017,0.00015878405470510763,-2.0025639297156583e-07
50,4,225,25.199758529663086,0.9454383584362608,0.21416304970160221,0.12103669010019066,-0.1661778449185877,0.001942825027904728,-0.056058756197270465,-0.07931448573511947,0.00038047725927751493,-0.021403278616721616,0.00016161799357822216,-2.108904839361702e-07
50,4,226,25.199739456176758,0.9454641655855242,0.21417037007000383,0.12105217745724461,-0.16625673257822005,0.0019435243559529092,-0.055818591815611746,-0.07928967385082238,0.00038608216869726405,-0.02140386228997977,0.00016446428160709657,-2.2174805953293445e-07
50,4,227,25.19972038269043,0.9454902607302678,0.21417558966095,0.12106805325124734,-0.16633306933380057,0.0019442221295933372,-0.05557598295914465,-0.07926407759082814,0.00039170871036693666,-0.021404401883747072,0.00016732280709082453,-2.3283171665277754e-07
50,4,228,25.199703216552734,0.9455166310418289,0.21417878936186246,0.1210843174821988,-0.16640691229512147,0.0019449172607405845,-0.05533105079795665,-0.07923772897047136,0.0003973564594840418,-0.021404891318093755,0.0001701934955621351,-2.441442041997454e-07
50,4,229,25.199684143066406,0.9455433028981407,0.21418005127281994,0.12110094508965075,-0.16647835664516977,0.00194561145924318,-0.055083858551223844,-0.07921061998591837,0.0004030247951834004,-0.021405335152967143,0.00017307626014254556,-2.5568815706803884e-07
50,4,230,25.199668884277344,0.9455702722827737,0.21417942635462175,0.12111792354337898,-0.16654745949373767,0.0019463048805418988,-0.054834437828534255,-0.07918276664483648,0.0004087133253396362,-0.021405733388367237,0.00017597101395357316,-2.674662354873797e-07
50,4,231,25.19965171813965,0.9455975462290003,0.21417697990324372,0.12113524031315938,-0.1666142779506174,0.0019469978355182917,-0.05458287819038733,-0.07915417695105931,0.00041442155979602886,-0.021406081464346707,0.00017887769493915885,-2.794810743519687e-07
50,4,232,25.19963264465332,0.9456251499844338,0.2141727887774846,0.1211528953989919,-0.1666788881621985,0.0019476907904946847,-0.054329227051165135,-0.07912484290075324,0.0004201487796560553,-0.021406380900888,0.00018179616657597254,-2.9173523254944307e-07
50,4,233,25.199615478515625,0.9456531199312067,0.21416694454901014,0.1211709138613249,-0.16674136627487066,0.0019483842117934036,-0.054073537093514396,-0.07909474848625095,0.00042589456011722453,-0.02140662561806134,0.00018472637921916702,-3.0423137030952475e-07
50,4,234,25.19959831237793,0.9456814197111212,0.21415949291816058,0.12118925810948589,-0.1668017503618286,0.0019490787211775497,-0.053815934755787276,-0.07906394173055434,0.0004316585090541603,-0.021406817135849174,0.00018766824599025957,-3.1697204651985093e-07
50,4,235,25.1995792388916,0.945710074322862,0.2141505094637828,0.12120791561325073,-0.16686011656946198,0.0019497736968840218,-0.053556493793689194,-0.07903241462982974,0.00043744000560168355,-0.021406953934269054,0.0001906216924219792,-3.2995987073910123e-07
50,4,236,25.19956398010254,0.9457390806832581,0.21414004907464385,0.12122687384239524,-0.1669165029709656,0.0019504694497943704,-0.05329532484077829,-0.07900018319174446,0.0004432385922801886,-0.02140703449333854,0.00019358663163584325,-3.4319742719043406e-07
50,4,237,25.19954490661621,0.9457684469360418,0.21412818170329523,0.12124612026669529,-0.16697098571272906,0.0019511653581454945,-0.0530324805797013,-0.07896725542013211,0.0004490538442871846,-0.021407058813057628,0.00019656298916458076,-3.566872747614866e-07
50,4,238,25.199525833129883,0.9457981616133303,0.21411499411255164,0.12126565488615089,-0.16702362190454456,0.0019518626654635965,-0.05276811379013375,-0.07893366333032731,0.00045488540217440986,-0.02140702689342632,0.0001995507153633445,-3.7043209901750193e-07
50,4,239,25.199512481689453,0.945828234983603,0.21410053126681497,0.12128546517053786,-0.1670744496196069,0.0019525615271894516,-0.052502298227781054,-0.07889940692233002,0.0004607326777538001,-0.021406940254427066,0.00020254974817607532,-3.844343575040327e-07
50,4,240,25.199493408203125,0.945858669176395,0.2140848709848137,0.12130553858963206,-0.1671235450043057,0.001953261477000734,-0.052235123453142664,-0.07886450220380757,0.0004665953115770937,-0.02140679585609497,0.00020556002554671416,-3.9869663444423724e-07
50,4,241,25.19947624206543,0.9458894830240945,0.21406806159908162,0.12132587514343347,-0.16717094613183575,0.0019539623594566685,-0.05196665268539466,-0.07882894117092629,0.00047247284616468507,-0.021406589138482705,0.00020858146059677828,-4.1322156473231636e-07
50,4,242,25.199459075927734,0.9459206833694933,0.21405013283647623,0.12134644977149382,-0.16721669107539186,0.001954663241912603,-0.05169692807065442,-0.07879272382368617,0.00047836475868273914,-0.021406324661537607,0.00021161399127020858,-4.280116565848649e-07
50,4,243,25.19944190979004,0.9459522941109167,0.21403115545053975,0.12136724994358893,-0.16726085598136362,0.001955364435250088,-0.05142601282809804,-0.0787558421582536,0.00048427042826607687,-0.02140599938529478,0.00021465759274458143,-4.4306936754743553e-07
50,4,244,25.199424743652344,0.9459843243134697,0.21401116913633084,0.12138827565971881,-0.16730347892294586,0.0019560667166730003,-0.051153933299048875,-0.07871829617462854,0.0004901894301122074,-0.021405616349719117,0.00021771214090777864,-4.5839740852079243e-07
50,4,245,25.19940948486328,0.9460168444002465,0.213990209020939,0.12140952691988345,-0.16734459797333337,0.001956769153536688,-0.050880700020036265,-0.07868002184214186,0.0004961211760330661,-0.021405170994863287,0.0002207776357598002,-4.7399821171496707e-07
50,4,246,25.19938850402832,0.9460498152188037,0.21396834289958652,0.12143100372408286,-0.16738427024231836,0.0019574729893673537,-0.05060639728329499,-0.07864107518762907,0.0005020653065803917,-0.021404661800744844,0.00022385395318852793,-4.898743106820754e-07
50,4,247,25.199373245239258,0.9460832592172309,0.21394563510650208,0.12145270607231703,-0.16742253380309563,0.0019581779132834464,-0.05033115679544188,-0.07860144820725652,0.0005080213969516931,-0.02140409332731112,0.00022694109319396183,-5.060283909873608e-07
50,4,248,25.199357986450195,0.9461171725913383,0.213922137225393,0.12147463396458598,-0.16745942672886,0.0019588825263179887,-0.05005506284871171,-0.0785611569086915,0.0005139888589589058,-0.021403459494632345,0.0002300390061312546,-5.224628341698119e-07
50,4,249,25.199338912963867,0.946151557714945,0.213897893877278,0.12149674981021723,-0.16749500612940363,0.0019595874502340814,-0.04977819446707457,-0.07852020929576765,0.0005199674311851125,-0.021402764862655847,0.00023314761753313537,-5.391803257946723e-07
50,4,250,25.199323654174805,0.9461864577172147,0.21387292304636324,0.12151905360921078,-0.16752929104132397,0.0019602928404725,-0.04950055691879514,-0.07847856534931676,0.0005259565581193635,-0.021402006391416734,0.00023626690257718048,-5.561833487430153e-07
50,4,251,25.199304580688477,0.9462218278831857,0.21384730243339595,0.12154153283134247,-0.1675623385744132,0.0019609990079147957,-0.04922231352007828,-0.07843628910000797,0.0005319557496049384,-0.0214011871208799,0.000239396786796119,-5.734744872379995e-07
50,4,252,25.199291229248047,0.9462576794810608,0.21382108154321874,0.12156417494638819,-0.1675941868018661,0.001961706108001743,-0.048943574904482146,-0.07839338054784128,0.0005379648749333784,-0.021400305531062896,0.00024253727018995095,-5.910562241606987e-07
50,4,253,25.199268341064453,0.9462940420848861,0.21379428740510634,0.12158697995434788,-0.16762487379687752,0.001962414140733342,-0.048664325267212705,-0.07834981568131577,0.0005439832478852752,-0.021399357062018398,0.0002456882038241345,-6.089311944053136e-07
50,4,254,25.19925308227539,0.9463309310057747,0.21376695292112632,0.12160992279477327,-0.16765443763264226,0.0019631229506688183,-0.04838463309571071,-0.0783055864965978,0.0005500104763352524,-0.02139834627369373,0.00024884963734351687,-6.27101880852918e-07
50,4,255,25.199237823486328,0.9463683863012526,0.2137391170807785,0.1216330159978885,-0.16768291638235508,0.0019638330041304966,-0.048104503658240844,-0.07826066097835277,0.0005560458087096722,-0.02139727012612401,0.0002520214714584036,-6.455708170556279e-07
50,4,256,25.19921875,0.9464064100512235,0.21371078877065144,0.12165623450324528,-0.16771032908261344,0.0019645444565591533,-0.04782396856439113,-0.07821503912658069,0.0005620889182373878,-0.021396128619309233,0.0002552037061687947,-6.643406379076439e-07
50,4,257,25.199203491210938,0.9464449822310741,0.21368205166847987,0.12167957831084358,-0.16773673284320947,0.001965258085158664,-0.04754319639863113,-0.07816876096044979,0.000568139608855711,-0.021394924793214292,0.00025839629182984277,-6.83413978303167e-07
50,4,258,25.199186325073242,0.9464841697948922,0.213652891269615,0.12170303489045928,-0.16776214670074066,0.0019659738899290295,-0.047262087063932035,-0.07812175444545727,0.0005741970309596599,-0.02139365256790941,0.000261599153974277,-7.027934224653556e-07
50,4,259,25.199169158935547,0.9465239540165559,0.21362336242779403,0.12172657918164405,-0.16778660872840173,0.0019666915599886987,-0.04698081441302807,-0.0780740515969377,0.0005802609884865465,-0.02139231346337703,0.0002648122926020974,-7.224815039463255e-07
50,4,260,25.19915008544922,0.94656429948216,0.21359351515457053,0.12175021118439788,-0.16781013796279015,0.001967410473574571,-0.04669953649385944,-0.07802570043789293,0.0005863312200194531,-0.021390910519582043,0.00026803563324603294,-7.424806549561085e-07
50,4,261,25.199132919311523,0.9466052647879951,0.2135633670713679,0.12177393089872081,-0.16783277247710068,0.0019681310970089713,-0.046418200623779396,-0.0779766449414875,0.0005924069413076273,-0.021389439176577114,0.0002712692007285074,-7.62793662402032e-07
50,4,262,25.199115753173828,0.9466468435988187,0.2135329588683655,0.12179772579438865,-0.16785455034452815,0.001968852342206473,-0.04613689109502272,-0.07792690111538865,0.0005984880869968397,-0.021387897914379804,0.00027451287093740247,-7.834231611782969e-07
50,4,263,25.199098587036133,0.9466890600389197,0.21350229348270333,0.1218215708109531,-0.16787549060166992,0.001969573121081649,-0.045855618444118756,-0.07787644494809545,0.0006045739381905673,-0.021386291292937436,0.0002777666686951419,-8.043716341659768e-07
50,4,264,25.199079513549805,0.9467319172854414,0.21347138484594047,0.12184545341819002,-0.16789561228512345,0.0019702943662791507,-0.04557441428065555,-0.07782527643960793,0.000610664168117663,-0.021384617792267576,0.00028103061882414924,-8.25641766930315e-07
50,4,265,25.19906234741211,0.9467754544864294,0.2134402680475162,0.12186938614632355,-0.1679149534680835,0.0019710160777989785,-0.045293273336368414,-0.0777733635745915,0.0006167581232358331,-0.02138287437240533,0.000284304547567459,-8.472361436944698e-07
50,4,266,25.199047088623047,0.9468196165995659,0.2134089754237913,0.12189331887445708,-0.1679335331871475,0.0019717387219634584,-0.04501241687837364,-0.0777207703837153,0.0006228558688993072,-0.02138105951336826,0.0002875885045699186,-8.691573486815994e-07
50,4,267,25.199026107788086,0.9468644785033045,0.21337752769730647,0.12191726413281476,-0.16795138951551022,0.001972462454213365,-0.04473177115096579,-0.07766742483247656,0.000628956555503103,-0.02137917777510369,0.00029088246500910426,-8.914081181279894e-07
50,4,268,25.19900894165039,0.9469100104663993,0.21334593104220967,0.12194119686094829,-0.16796854148976909,0.0019731861864632724,-0.04445136776373291,-0.07761335893620983,0.0006350599869845327,-0.021377229157611626,0.0002941864040625924,-9.139910869278405e-07
50,4,269,25.198991775512695,0.9469562283129236,0.21331422093580504,0.12196510452863352,-0.16798500814652148,0.0019739102295947297,-0.04417134895982118,-0.07755856469108148,0.0006411657058639905,-0.02137520758096229,0.0002975002224406885,-9.369087886332687e-07
50,4,270,25.198974609375,0.9470031504769202,0.21328240998238276,0.12198899966609458,-0.16800080852236485,0.001974636448897042,-0.04389167522724554,-0.0775030260894242,0.0006472733200161003,-0.021373116085120575,0.0003008239946106634,-9.601642635068135e-07
50,4,271,25.198955535888672,0.9470507663392567,0.2132505199279041,0.12201286974310735,-0.16801596165389654,0.001975362668199354,-0.04361242295584376,-0.07744675913890532,0.0006533824373154857,-0.02137095315010403,0.00030415767092766986,-9.837598424164215e-07
50,4,272,25.198938369750977,0.9470990905148483,0.21321858096270416,0.1220366896992235,-0.16803050561431138,0.001976089509264768,-0.04333367116958595,-0.07738975583569116,0.000659492927053688,-0.021368721815877546,0.00030750120174686065,-1.0076986669667165e-06
50,4,273,25.19892120361328,0.947148147402794,0.21318656270260036,0.12206043447399473,-0.16804444040360936,0.001976815884007855,-0.043055354015163666,-0.07733198416444716,0.0006656039396257253,-0.02136641600251135,0.00031085458706823566,-1.0319830680256458e-06
50,4,274,25.19890022277832,0.9471979289267762,0.2131545331660461,0.12208412912786934,-0.1680578040949853,0.0019775431913955947,-0.04277759793092909,-0.07727346813667423,0.0006717154750315975,-0.021364037229987885,0.0003142177524245241,-1.056615883171579e-06
50,4,275,25.198883056640625,0.9472484275543258,0.21312249341894837,0.12210773607017487,-0.1680706157250366,0.001978271431427986,-0.04250045033126427,-0.07721421575620604,0.0006778270104374699,-0.02136159005825448,0.00031759082192784406,-1.0816002540091401e-06
50,4,276,25.19886589050293,0.9472996245002383,0.21309046392241057,0.12213125530091133,-0.16808287529376326,0.0019790016921904566,-0.042224027117992016,-0.07715425103454353,0.0006839385458433421,-0.021359074487311138,0.00032097367146607735,-1.1069384100641915e-06
50,4,277,25.1988468170166,0.9473515525749843,0.21305845167343812,0.1221546617596304,-0.16809462087436006,0.0019797325747160283,-0.041948304583921306,-0.07709354195635208,0.0006900492969984619,-0.021356479877280753,0.0003243662265719532,-1.1326331889151027e-06
50,4,278,25.198827743530273,0.9474042195804109,0.21302645666363756,0.1221779554463321,-0.16810585246682702,0.0019804648562085784,-0.04167329326558148,-0.0770320805177981,0.0006961593292570586,-0.02135381382807554,0.0003277686113575896,-1.158687833508583e-06
50,4,279,25.198810577392578,0.9474576812783222,0.21299448396527154,0.12220113636101641,-0.16811660814435894,0.0019811976040234537,-0.041398882529414406,-0.07696981069204603,0.0007022675969514621,-0.02135107025976573,0.00033118067688844486,-1.1851046747125786e-06
50,4,280,25.198789596557617,0.9475119250737476,0.2129625468786552,0.12222420450368333,-0.16812688790695582,0.001981931439923757,-0.04112515139939018,-0.0769067484867632,0.0007083741000816726,-0.02134825373229865,0.00033460249763178987,-1.2118868541317138e-06
50,4,281,25.198772430419922,0.9475669256124203,0.2129306712201243,0.12224715987433288,-0.16813671079121506,0.0019826655867056105,-0.04085217099708189,-0.07684292591728416,0.0007144785772307722,-0.021345362725691857,0.0003380339991203537,-1.2390371080022737e-06
50,4,282,25.198753356933594,0.9476226775200969,0.21289886775963499,0.12226996488229258,-0.16814609583373405,0.0019834006661321162,-0.040580049321915335,-0.07677835098744257,0.0007205808976903025,-0.021342394199980467,0.0003414751813541363,-1.2665582739026284e-06
50,4,283,25.198734283447266,0.947679179126534,0.21286716380713008,0.1222926320577866,-0.16815506207111022,0.001984137766288701,-0.0403088285200079,-0.07671303170107205,0.0007266807346891165,-0.021339352715111806,0.000344926093977985,-1.2944534934374021e-06
50,4,284,25.19871711730957,0.9477364645506138,0.21283553749858894,0.12231514887059075,-0.16816360950334355,0.0019848753327676117,-0.04003845327458052,-0.07664692803900441,0.0007327775653933791,-0.021336230671173663,0.0003483867121694762,-1.3227257055270491e-06
50,4,285,25.198698043823242,0.9477945492782979,0.21280398828059055,0.12233750279048092,-0.16817175716703145,0.0019856133655688484,-0.0397688946101775,-0.07658002399357235,0.0007388711283861731,-0.02133303110813092,0.00035185696146133893,-1.3513775450657703e-06
50,4,286,25.198678970336914,0.9478533882154647,0.21277255838698939,0.1223596938174571,-0.16817952409877132,0.0019863520201331866,-0.039500318477136025,-0.07651237559161136,0.0007449611622505806,-0.021329749466036246,0.0003553367922087259,-1.3804119509740204e-06
50,4,287,25.198659896850586,0.9479130159649026,0.21274122826071817,0.1223817094212951,-0.16818691029856314,0.001987091607342177,-0.039232677461074054,-0.07644394281395325,0.0007510475362781432,-0.021326387264872092,0.00035882627887890805,-1.4098319635143386e-06
50,4,288,25.198640823364258,0.9479734419156087,0.21271000498101922,0.12240356213221913,-0.16819393480300435,0.0019878325935181445,-0.03896590570868317,-0.07637471765676436,0.000757129792989255,-0.021322949064585782,0.0003623254711167327,-1.4396409269755183e-06
50,4,289,25.19862174987793,0.948034652088875,0.21267889560855147,0.12242521435955668,-0.16820061664869232,0.001988573735134888,-0.03870009804872749,-0.07630471612771199,0.0007632077363212281,-0.02131943182521243,0.0003658343192773525,-1.4698415775938445e-06
50,4,290,25.1986026763916,0.9480966297775085,0.21264792988342693,0.12244670369398025,-0.16820695583562706,0.0019893145658700802,-0.03843532033451542,-0.07623396223829705,0.0007692811702113741,-0.02131583402676959,0.00036935274889349657,-1.5004370569739416e-06
50,4,291,25.198583602905273,0.9481593889306638,0.21261710046611956,0.1224680050750415,-0.16821297140040598,0.001990055396605273,-0.03817154885885594,-0.07616243998085227,0.0007753498332427757,-0.021312157189239712,0.0003728808840772831,-1.531430608062518e-06
50,4,292,25.198564529418945,0.9482229644549494,0.21258638917113937,0.1224891059725163,-0.16821866334302904,0.001990797004544342,-0.037908744109764,-0.07609010933620942,0.0007814133332900566,-0.021308399792640348,0.0003764186751838648,-1.5628253724641976e-06
50,4,293,25.198543548583984,0.9482873632832689,0.21255579198897914,0.1225099938561805,-0.16822405070009372,0.0019915381461610856,-0.037646861306989875,-0.07601696230053485,0.0007874712128736112,-0.02130455879700661,0.0003799660725683944,-1.5946240864152656e-06
50,4,294,25.198522567749023,0.9483525860255387,0.21252531162237126,0.12253065619580991,-0.16822915250819734,0.0019922791323370532,-0.03738588991400422,-0.07594299887382859,0.0007935233412849807,-0.021300635722320948,0.00038352315069814286,-1.6268301955466003e-06
50,4,295,25.198505401611328,0.9484186126852021,0.21249496324263095,0.12255109299140457,-0.16823396876733995,0.001993020429394572,-0.0371259352961005,-0.07586824306759155,0.0007995696531699356,-0.021296632088565803,0.00038708988475068647,-1.6594470441469947e-06
50,4,296,25.198482513427734,0.948485426428918,0.21246474126473094,0.12257130424296446,-0.16823849947752154,0.001993761571011315,-0.036866989550881704,-0.07579271088949101,0.0008056098217573294,-0.02129254333579384,0.0003906662499036016,-1.692477672478988e-06
50,4,297,25.19846534729004,0.9485530479759755,0.21243466852402937,0.12259130248071373,-0.16824276367533952,0.001994502557187283,-0.03660907375140652,-0.07571638633185969,0.0008116438470471616,-0.021288375543934836,0.00039425237026900653,-1.725925627515543e-06
50,4,298,25.198444366455078,0.9486214878797234,0.21240472247008352,0.12261108770465239,-0.16824676136079386,0.0019952433879224757,-0.03635207989824916,-0.0756392533870303,0.0008176712062055976,-0.021284125673023905,0.00039784819620205386,-1.7597937468350293e-06
50,4,299,25.198423385620117,0.9486907255644201,0.21237491572531578,0.12263063485433214,-0.168250511570482,0.0019959846849799943,-0.036096097551909054,-0.0755613360665038,0.0008236919645868665,-0.02127979524304349,0.0004014537277027436,-1.794086084120833e-06
50,4,300,25.19840431213379,0.9487607543048803,0.2123452530513514,0.12264994392975295,-0.16825401430440387,0.0019967262929190635,-0.035841179395032945,-0.07548264237411378,0.0008297060568367392,-0.021275379694046262,0.00040506898959349956,-1.828805476951324e-06
50,4,301,25.19838523864746,0.9488315833677698,0.21231570614311987,0.1226690024006907,-0.16825726956255954,0.0019974683671804584,-0.035587222696459704,-0.075403156302193,0.0008357130908298392,-0.021270879026032218,0.0004086940066967452,-1.8639553709573801e-06
50,4,302,25.1983642578125,0.9489032591159531,0.21228627301965763,0.12268781026714538,-0.1682602963815464,0.0019982109077641796,-0.035334145798086886,-0.07532282982773957,0.0008417125437323316,-0.02126629323900136,0.00041232875419005687,-1.8995392117698795e-06
50,4,303,25.19834327697754,0.9489757670717179,0.21225695864576213,0.12270638005934113,-0.16826309476136445,0.0019989539146702266,-0.03508195133404684,-0.0752416789584208,0.0008477042848357575,-0.021261626892901016,0.000415973281718282,-1.9355608503880383e-06
50,4,304,25.19832420349121,0.9490490887575324,0.21222778499915115,0.12272471177727798,-0.16826568373861106,0.001999697543339375,-0.034830705157647975,-0.07515972770573759,0.0008536885102028054,-0.02125687238781897,0.0004196276389262677,-1.9720233270743957e-06
50,4,305,25.198305130004883,0.9491232547705947,0.21219871448859592,0.12274278036050758,-0.16826806331328628,0.0020004419492124005,-0.03458028346467047,-0.07507693605052174,0.000859664566291181,-0.021252034283702557,0.00042329172652431956,-2.0089304928281683e-06
50,4,306,25.19828224182129,0.949198229620975,0.21216976274469507,0.12276059833925411,-0.16827023348539005,0.0020011869768485264,-0.03433076001081975,-0.07499334401194147,0.0008656326491635729,-0.021247106500622,0.000426965643802132,-2.0462857932802343e-06
50,4,307,25.198261260986328,0.9492740504781685,0.2121408865430046,0.12277812812284511,-0.16827219425492243,0.002001931538162327,-0.03408201626014067,-0.07490890356699491,0.0008715923666946047,-0.021242096638489517,0.0004306494900493997,-2.084093282113979e-06
50,4,308,25.198238372802734,0.9493506454034203,0.2121121479274686,0.12279540730195304,-0.16827396465848077,0.0020026765657984533,-0.03383423133363212,-0.07482370275785215,0.0008775439149469644,-0.02123699861737533,0.0004343432156212753,-2.122355999591942e-06
50,4,309,25.198219299316406,0.9494280752496632,0.212083539880615,0.1228124609370262,-0.16827554469606512,0.0020034212825530287,-0.033587286695338954,-0.07473767755384403,0.0008834870325037346,-0.021231818517209216,0.0004380468205177588,-2.161078202081678e-06
50,4,310,25.198198318481445,0.9495062889047879,0.21205504310349022,0.12282925143739214,-0.16827693436767543,0.00200416615474838,-0.033341224491378545,-0.07465087597797243,0.0008894219154276035,-0.02122654417813163,0.0004417604040285448,-2.200263740582404e-06
50,4,311,25.19817543029785,0.9495852838372725,0.2120266811252357,0.12284579133327499,-0.16827815270990915,0.0020049108715029557,-0.033096063160677265,-0.07456330603407098,0.0008953485637185709,-0.02122118927998456,0.00044548396615363327,-2.2399162634091666e-06
50,4,312,25.198156356811523,0.9496650662500701,0.2119984467917266,0.12286208062467478,-0.16827919972276623,0.0020056557436983068,-0.032851781630176415,-0.07447495971830603,0.0009012666506054901,-0.02121574622285579,0.00044921765582756605,-2.2800400269295207e-06
50,4,313,25.19813346862793,0.9497456415095148,0.2119703292057092,0.1228781193115915,-0.1682800754062467,0.002006401237656759,-0.032608329851361605,-0.07438582902684396,0.0009071759146714435,-0.021210213486762875,0.000452961274470954,-2.3206382740901755e-06
50,4,314,25.198110580444336,0.9498269572178524,0.2119423382548766,0.12289389486380098,-0.16828077976035055,0.0020071478197006385,-0.032365836896717314,-0.07429596998652026,0.0009130770748129543,-0.021204594111670704,0.0004567150206631863,-2.361715463942855e-06
50,4,315,25.198091506958008,0.9499090505038075,0.21191446555228535,0.12290943234175154,-0.1682813127850778,0.002007895956152271,-0.0321241763278914,-0.07420534257816672,0.0009189692814250406,-0.021198883537631944,0.0004604788447594156,-2.4032752448026064e-06
50,4,316,25.19807243347168,0.9499919187376701,0.21188673411471123,0.12292474427566734,-0.16828169351702585,0.002008644092603904,-0.03188336921794255,-0.07411395480561697,0.0009248527959246198,-0.021193084804611486,0.00046425284604933645,-2.4453218730369846e-06
50,4,317,25.198047637939453,0.9500755286221615,0.21185913461186942,0.12293980560510007,-0.16828192195619465,0.0020093931617001888,-0.03164347088364983,-0.0740218386842056,0.0009307274876032333,-0.021187196392626884,0.00046803697488810163,-2.487859402329376e-06
50,4,318,25.19802474975586,0.9501599218312115,0.21183164391352127,0.12295461633004971,-0.16828199810258426,0.002010142075355698,-0.031404352252528744,-0.07392894619093075,0.0009365932257524223,-0.02118120918178348,0.0004718312809205584,-2.5308918863631647e-06
50,4,319,25.1980037689209,0.9502450766349396,0.21180426941729882,0.12296918898074044,-0.16828192195619465,0.0020108900563665555,-0.03116602386110865,-0.07383530133729334,0.0009424499450179574,-0.02117513533194082,0.0004756357641467067,-2.574423378821738e-06
50,4,320,25.197982788085938,0.9503310004095035,0.2117770093933007,0.1229835110269481,-0.16828171255362323,0.0020116395917851664,-0.030928443563272155,-0.07374089611945972,0.000948297383982921,-0.021168967243186686,0.00047945062314593576,-2.61845833875682e-06
50,4,321,25.197959899902344,0.9504177491654205,0.21174983501766817,0.12299760752912099,-0.16828135085827262,0.0020123899044076536,-0.030691434872152704,-0.07364566650676074,0.000954134954459249,-0.021162703395538635,0.00048327560969400906,-2.663000819851796e-06
50,4,322,25.197935104370117,0.9505053038207579,0.2117227655616609,0.12301147848725912,-0.16828085590674016,0.002013140217030141,-0.030455039933867684,-0.07354963651069735,0.0009599627218011705,-0.02115634378899667,0.00048711097201516304,-2.708054875790052e-06
50,4,323,25.197912216186523,0.9505936491615101,0.2116958027349805,0.12302512390136247,-0.16828022769902592,0.002013890685093404,-0.030219285089740464,-0.07345282213893682,0.0009657808167171443,-0.02114988842356079,0.0004909566108197032,-2.7536251683074814e-06
50,4,324,25.197893142700195,0.950682797771785,0.2116689329071447,0.12303854377143107,-0.16827946623512985,0.002014640997715891,-0.029984091315800942,-0.07335520738381186,0.0009715890431444823,-0.021143334259266105,0.000494812625397324,-2.799715953771639e-06
50,4,325,25.19786834716797,0.9507727431582786,0.2116421619511071,0.12305175062768905,-0.16827857151505196,0.0020153917766607046,-0.02974945861204912,-0.07325680024915614,0.0009773873357289552,-0.021136685856059947,0.00049867911503772,-2.8463320966025887e-06
50,4,326,25.197847366333008,0.9508634838711966,0.21161548323444943,0.12306475700036057,-0.1682775435387923,0.002016142244723967,-0.029515302686250227,-0.07315760073496963,0.0009831755637621043,-0.021129940173977433,0.0005025560300960441,-2.8934782585362227e-06
50,4,327,25.197824478149414,0.9509549610640982,0.21158891274712063,0.12307755035922148,-0.16827638230635078,0.0020168925573464543,-0.029281805293535485,-0.0730576728719215,0.0009889543154319937,-0.021123094173053674,0.0005064434698619905,-2.9411584932559276e-06
50,4,328,25.197799682617188,0.9510472337674714,0.21156243522740847,0.12309011817404762,-0.16827510685432487,0.002017642559087391,-0.029048808385964704,-0.0729569526293426,0.0009947227411336416,-0.021116155453200884,0.0005103414343355596,-2.9893776651817664e-06
50,4,329,25.197776794433594,0.9511402675381789,0.21153607116479428,0.12310248550528731,-0.16827371718271456,0.0020183924053875524,-0.028816375182713957,-0.07285548002640113,0.001000481494409342,-0.021109113374541962,0.0005142501220961402,-3.0381406387338016e-06
50,4,330,25.19775390625,0.9512340430650598,0.21150980382430934,0.12311465235294053,-0.16827219425492243,0.0020191417853653876,-0.02858450304965091,-0.07275327107076439,0.0010062303138421772,-0.021101974017006683,0.0005181693345643434,-3.0874518729637575e-06
50,4,331,25.197731018066406,0.9513285930863711,0.21148364004308967,0.12312663124723144,-0.16827055710754588,0.002019890699020897,-0.02835308925561443,-0.0726502937470978,0.0010119690033694592,-0.021094737380595044,0.0005220993199644054,-3.137316232291697e-06
50,4,332,25.197708129882812,0.951423938674129,0.21145756927203174,0.12313842218816005,-0.16826880574058495,0.0020206391463540806,-0.02812206794729611,-0.07254652404390045,0.0010176971708658114,-0.02108740042534216,0.0005260399790066318,-3.187738986506022e-06
50,4,333,25.197681427001953,0.9515200742464845,0.2114316015139612,0.12315005023617467,-0.1682669401540396,0.0020213879045688147,-0.027891412783372583,-0.07244196996500596,0.001023414750977005,-0.021079964671230474,0.0005299914606255643,-3.2387241892901172e-06
50,4,334,25.197656631469727,0.9516169519839304,0.21140573226156706,0.12316149033082699,-0.1682649603479098,0.002022137750868976,-0.027661213324343285,-0.0723366795334162,0.001029122331891104,-0.021072425558312655,0.0005339537151763557,-3.2902779211690626e-06
50,4,335,25.1976375579834,0.9517145909140451,0.21137994172511995,0.12317272994189284,-0.16826286632219564,0.002022888374373014,-0.02743138000970878,-0.07223062873763024,0.001034819325420044,-0.02106478916651848,0.0005379268915935479,-3.3424042358262427e-06
50,4,336,25.197612762451172,0.951812980785811,0.21135425392890958,0.12318378159959639,-0.16826067711349443,0.002023639464199378,-0.02720193654666009,-0.07212383358531536,0.001040506058334972,-0.021057052455883057,0.0005419110395219881,-3.3951088084183984e-06
50,4,337,25.197587966918945,0.9519120985559918,0.21132867047345877,0.12319467036438593,-0.16825837368520885,0.002024391020348068,-0.026972911910652927,-0.0720163180879725,0.0010461827266985758,-0.021049212386441505,0.000545906109316829,-3.4483971114181002e-06
50,4,338,25.19756317138672,0.9520119892894342,0.21130318350929814,0.12320539623626149,-0.16825597507393625,0.002025143975463736,-0.026744134883085406,-0.07190803422259981,0.0010518486769685623,-0.021041268958193818,0.0005499122002677651,-3.502272995824564e-06
50,4,339,25.197538375854492,0.9521126273485572,0.21127778302024047,0.12321595921522303,-0.16825346224307922,0.0020258992621910335,-0.026515650244207246,-0.07179900600069819,0.0010575040398533896,-0.02103322521110489,0.0005539293620196437,-3.556743150215377e-06
50,4,340,25.197513580322266,0.9522140426396133,0.21125246287055158,0.12322634677104644,-0.1682508542292352,0.002026654548918331,-0.026287357896989664,-0.07168920140693309,0.0010631486192903702,-0.021025075065244942,0.0005579576442173123,-3.6118124390106017e-06
50,4,341,25.19748878479004,0.9523162365565339,0.2112271941290398,0.12323654637350753,-0.16824813199580677,0.0020274101465271796,-0.026059210427050592,-0.07157861243747085,0.0010687818270914392,-0.02101681852061398,0.0005619969972159233,-3.6674853212619628e-06
50,4,342,25.197465896606445,0.9524192288521452,0.21120199560996955,0.12324657055283048,-0.16824531457939132,0.002028168386629208,-0.025831184127199005,-0.07146722308464419,0.0010744038593192848,-0.02100845253724711,0.0005660474706603242,-3.723768282862877e-06
50,4,343,25.19744110107422,0.952522961985839,0.21117688924726652,0.12325644436946358,-0.16824240197998888,0.002028928958342867,-0.02560334485074332,-0.07135509737912227,0.0010800149120365951,-0.02099997407517945,0.0005701090645505148,-3.780666188233407e-06
50,4,344,25.19741439819336,0.9526274857640115,0.21115185314310247,0.12326614276295854,-0.16823939419759942,0.0020296904627011775,-0.02537562937850745,-0.07124217929406956,0.001085614723826453,-0.02099139225430566,0.0005741819774658845,-3.838184712530294e-06
50,4,345,25.197389602661133,0.9527327433043884,0.21112691233922032,0.1232757033239878,-0.16823629123222295,0.0020304539877895674,-0.025148071954211784,-0.07112853286015522,0.0010912035561057756,-0.020982700994695968,0.0005782662590512803,-3.896329936278615e-06
50,4,346,25.197364807128906,0.9528387447384283,0.21110207708665224,0.12328513858277551,-0.16823309308385948,0.0020312170465556314,-0.02492069891917968,-0.07101415007354563,0.0010967814742287925,-0.020973903336315255,0.000582361859661855,-3.955107940003449e-06
50,4,347,25.19734001159668,0.9529454834286476,0.21107735262400282,0.12329446106954585,-0.168229799752509,0.0020319797944401445,-0.024693505005146464,-0.07089903893807441,0.0011023483474870447,-0.020964990159268868,0.0005864688785873033,-4.014523182756521e-06
50,4,348,25.19731330871582,0.9530529794466506,0.21105272375806056,0.12330365825407465,-0.1682264112381715,0.0020327412987984554,-0.024466421724671384,-0.07078317544224062,0.0011079039798178444,-0.020955967543486578,0.0005905872165379304,-4.074581745062911e-06
50,4,349,25.197288513183594,0.9531612302139939,0.21102817882069214,0.12331273013636192,-0.16822292754084703,0.002033501870512114,-0.02423935161485799,-0.07066655958604429,0.0011134481098042737,-0.020946833968985938,0.0005947171217379729,-4.135290518184372e-06
50,4,350,25.197261810302734,0.9532702011269495,0.21100373771682662,0.1233216892466318,-0.1682193486605355,0.002034261665021896,-0.024012405309264417,-0.07054923138865361,0.0011189811295717093,-0.020937589435766953,0.0005988585445425834,-4.196654366540967e-06
50,4,351,25.197237014770508,0.9533799586623274,0.2109793834387638,0.1233305355848843,-0.168215674597237,0.002035020837768577,-0.02378544319887682,-0.07043111881556581,0.0011245021241609394,-0.02092822482393496,0.0006030113856620674,-4.2586785599210994e-06
50,4,352,25.19721221923828,0.9534904860837923,0.21095511078749904,0.12333926915111941,-0.16821190535095148,0.0020357789224298302,-0.023558415235180815,-0.07031223787444815,0.0011300112242804234,-0.02091874317345485,0.0006071757940309667,-4.321370394954862e-06
50,4,353,25.19718360900879,0.9536017840123747,0.2109309226423269,0.12334788994533714,-0.16820804092167896,0.0020365374734134098,-0.023331342491235082,-0.07019258856530065,0.001135508299221702,-0.02090914752429151,0.0006113518689389758,-4.3847359521673344e-06
50,4,354,25.197158813476562,0.9537138042374921,0.21090684791762035,0.1233563979675375,-0.16820410034601682,0.002037295868956214,-0.023104351405391785,-0.07007222691495882,0.0011409937411101516,-0.020899434836480046,0.0006155395607412475,-4.448781312083594e-06
50,4,355,25.197132110595703,0.9538265721165219,0.2108828601852595,0.12336479321772047,-0.16820006458736766,0.0020380553525844456,-0.02287734451475447,-0.06995112090808807,0.001146467288528855,-0.020889600550073134,0.0006197388694377817,-4.513511339123706e-06
50,4,356,25.19710350036621,0.9539401387691624,0.21085894353387236,0.12337307569588604,-0.16819593364573152,0.0020388162351796545,-0.022650174307912285,-0.0698292145178529,0.0011519280265186007,-0.02087964314508833,0.000623949844673426,-4.5789333299177615e-06
50,4,357,25.19707679748535,0.9540544612453515,0.21083511536734223,0.12338123287181009,-0.16819172655770576,0.0020395777395379655,-0.022422922442967664,-0.06970655576725518,0.0011573764779132234,-0.02086956566149052,0.0006281726353827218,-4.64505377035918e-06
50,4,358,25.197052001953125,0.9541696055951874,0.21081135672810772,0.12338928980594091,-0.16818742428669298,0.002040340642863254,-0.022195412433054052,-0.0695830726217921,0.001162811466336595,-0.020859366579297264,0.0006324070429862802,-4.711878335604701e-06
50,4,359,25.197025299072266,0.9542855170516189,0.21078770240916792,0.12339725902850265,-0.16818304586929061,0.002041106655004049,-0.021967753594663426,-0.06945882911213282,0.0011682337760394674,-0.02084904589850856,0.0006366533157083376,-4.77941391691608e-06
50,4,360,25.196998596191406,0.9544021902186546,0.21076412777298553,0.12340512800927116,-0.16817857226890123,0.0020418739106710464,-0.021739926171803252,-0.06933382523827733,0.0011736431456049233,-0.020838597539194634,0.0006409114039040467,-4.8476665948183955e-06
50,4,361,25.196969985961914,0.9545196266106087,0.210740639670204,0.12341289674824645,-0.16817400348552483,0.002042643031627348,-0.021511984164186437,-0.06920806100022564,0.0011790395750329629,-0.0208280291012677,0.0006451814068631019,-4.916643665941742e-06
50,4,362,25.196941375732422,0.9546378005937536,0.21071726339167035,0.12342057777565266,-0.16816935855575885,0.0020434144841952793,-0.021283955230202514,-0.06908156841331234,0.0011844234564489622,-0.020817336024780433,0.0006494632749406563,-4.9863512108111984e-06
50,4,363,25.196916580200195,0.9547567491097899,0.2106939893825522,0.12342818362171394,-0.16816463747960322,0.0020441873357301887,-0.021055665517117267,-0.06895430745836918,0.0011897937441852512,-0.02080651982971527,0.0006537573060057931,-5.056796931425197e-06
50,4,364,25.19688606262207,0.9548764486169222,0.21067081695739134,0.1234357142864303,-0.16815982122046064,0.002044960809028199,-0.02082725726807687,-0.06882630214689711,0.0011951506996587477,-0.02079557595612489,0.0006580631028997344,-5.127985692203801e-06
50,4,365,25.19685935974121,0.9549968932824044,0.2106477549890525,0.12344316976980174,-0.1681549288149284,0.0020457345932077603,-0.020598656727375902,-0.06869756048272978,0.0012004944535779101,-0.02078450896395662,0.0006623809634915637,-5.199925600513783e-06
50,4,366,25.196828842163086,0.9551181269918401,0.21062479019983799,0.12345056260205241,-0.1681499412264092,0.00204651008723585,-0.02036980857823529,-0.0685680344428653,0.0012058243524004446,-0.02077331125329824,0.0006667108877812812,-5.272623142248558e-06
50,4,367,25.196802139282227,0.9552401004636105,0.21060194668679563,0.12345789278318231,-0.16814487749150034,0.00204728558126394,-0.020140798429955975,-0.06843778005413921,0.0012111406575432693,-0.02076198130416731,0.0006710527764791921,-5.346085208669883e-06
50,4,368,25.196773529052734,0.9553628449191535,0.2105792244598771,0.1234651728434156,-0.1681397376102019,0.0020480615416143557,-0.019911539356170852,-0.06830676530121692,0.0012164424540471721,-0.020750522156528717,0.0006754067785198385,-5.420318285671175e-06
50,4,369,25.196746826171875,0.9554863799713497,0.21055660615882446,0.12347240278275227,-0.16813450254591647,0.002048837191083221,-0.019682003698490384,-0.06817496617259748,0.00122173013403753,-0.020738929250435127,0.0006797727946135255,-5.495330075250867e-06
50,4,370,25.196720123291016,0.9556107204000515,0.21053408790810685,0.12347957007096819,-0.1681291913352414,0.002049611907907434,-0.019452055799099238,-0.06804236666061364,0.0012270025211382138,-0.020727201065904106,0.0006841507751154061,-5.571126657934038e-06
50,4,371,25.19668960571289,0.9557358850688193,0.21051164907228534,0.12348666217783917,-0.16812378494157934,0.0020503867801724223,-0.019221706194526754,-0.06790894275376443,0.0012322596153492235,-0.020715333042988313,0.0006885408193151747,-5.647716141087458e-06
50,4,372,25.1966609954834,0.9558618694271219,0.2104893042300462,0.12349367910336523,-0.16811830240152767,0.002051160253470433,-0.018990931177581907,-0.0677747024558835,0.0012375007631282655,-0.020703326701670202,0.0006929429768576787,-5.725104605236207e-06
50,4,373,25.196630477905273,0.9559886564994435,0.21046708267733014,0.12350065843821882,-0.16811274371508642,0.0020519334158868928,-0.018759793967440777,-0.06763966977847181,0.0012427264873091748,-0.020691183561932208,0.0006973570988083762,-5.803299347010379e-06
50,4,374,25.196603775024414,0.9561162463109807,0.2104449845594904,0.12350760018239997,-0.16810710888225552,0.0020527070446256786,-0.018528285344640183,-0.06750384472152934,0.0012479362650581164,-0.02067890058380945,0.0007017834333915037,-5.882308879145084e-06
50,4,375,25.196571350097656,0.9562446674013245,0.21042299758553845,0.1235145168661328,-0.16810137886643764,0.002053480517923689,-0.01829633945587171,-0.06736719526972151,0.001253129573541255,-0.020666477767301922,0.0007062218813173663,-5.962139687533739e-06
50,4,376,25.19654083251953,0.9563738913918156,0.21040113473783054,0.12352139595919318,-0.16809557270423015,0.0020542549238663516,-0.018063998447252743,-0.0672297534383829,0.0012583065434670498,-0.020653915112409632,0.0007106723929411172,-6.0427986634381e-06
50,4,377,25.19651222229004,0.9565038942131953,0.21037937531957454,0.12352819987090861,-0.16808969039563304,0.002055030728775992,-0.01783126758704796,-0.06709153923709762,0.0012634673055439594,-0.020641208059185248,0.0007151350675524506,-6.124295130329954e-06
50,4,378,25.196483612060547,0.9566346876959946,0.2103577198867762,0.1235349411315033,-0.16808371290404892,0.002055808554415712,-0.01759822589922745,-0.06695254066011522,0.0012686117290635248,-0.020628361167576093,0.000719609954796214,-6.206634763366041e-06
50,4,379,25.196455001831055,0.9567662875295523,0.2103361865063017,0.12354164480142552,-0.1680776592660752,0.0020565885562262858,-0.01736472192118187,-0.06681274570168522,0.001273738899066535,-0.020615369877634848,0.0007240970050275599,-6.289826075281472e-06
50,4,380,25.196422576904297,0.9568987192791228,0.2103147848353287,0.12354832341089943,-0.1680715294817119,0.002057369957003838,-0.017130771457705234,-0.06667213035030667,0.0012788485541360723,-0.02060222810943173,0.0007285961189567939,-6.3738767680746775e-06
50,4,381,25.196393966674805,0.9570319665649908,0.2102934935892161,0.12355496442970088,-0.16806530451436155,0.002058152756748368,-0.016896360021069687,-0.06653070661173006,0.0012839405635636783,-0.020588944982861408,0.0007331075448081524,-6.458793733007416e-06
50,4,382,25.19636344909668,0.9571659788394972,0.2102723312932437,0.12356155532760572,-0.1680590034006216,0.0020589358673744488,-0.016661611415495055,-0.0663885305127909,0.00128901518876627,-0.02057551289801166,0.0007376310343573989,-6.544585482814796e-06
50,4,383,25.196331024169922,0.9573008111483948,0.21025129970386444,0.1235681086348381,-0.16805262614049207,0.0020597189780005294,-0.01642643476341572,-0.06624554602665367,0.0012940717762015541,-0.02056193489484737,0.0007421667365390753,-6.631258908758573e-06
50,4,384,25.196300506591797,0.9574364402001823,0.21023038166805394,0.123574624351398,-0.16804615369737552,0.0020605028658304864,-0.01619078923578047,-0.06610177316290247,0.001299110064452613,-0.02054820793340366,0.0007467146513531816,-6.718823334310536e-06
50,4,385,25.196271896362305,0.9575728725722138,0.21020960711951225,0.12358111500750961,-0.16803960510786936,0.002061287686305096,-0.01595476175895641,-0.06595721192153733,0.0013041299228109876,-0.020534322893785865,0.0007512744809306341,-6.807284029259084e-06
50,4,386,25.19624137878418,0.9577101236570977,0.2101889749610034,0.12358758060317292,-0.1680329803719736,0.00206207266222048,-0.01571831150389232,-0.06581184629489094,0.0013091308284428433,-0.020520285855923758,0.0007558464734956693,-6.896651533181022e-06
50,4,387,25.19620704650879,0.9578481846028128,0.21016846273654394,0.12359400860816375,-0.16802626045309083,0.002062859192543618,-0.015481427934058859,-0.06566568028488014,0.0013141125199312624,-0.02050609073988757,0.0007604304801137453,-6.986931115864751e-06
50,4,388,25.19618034362793,0.957987090997744,0.21014809032960555,0.12360041155270628,-0.16801946438781842,0.00206364789903761,-0.015244046513213778,-0.06551868187617033,0.0013190738209001161,-0.020491742105624627,0.000765026500784862,-7.078132506150395e-06
50,4,389,25.19614601135254,0.9581268443766365,0.21012786457589694,0.12360680196702466,-0.16801259217615644,0.0020644372272947036,-0.01500614748536455,-0.06537085106876152,0.0013240148620578633,-0.02047723083324027,0.0007696344858641723,-7.170263000668051e-06
50,4,390,25.196115493774414,0.9582674555121893,0.2101077632717707,0.12361316732089472,-0.16800562478150746,0.0020652260892294713,-0.014767701875055475,-0.06522217185498641,0.0013289347284452925,-0.020462563002664275,0.0007742545842862179,-7.263330706784489e-06
50,4,391,25.196081161499023,0.9584089263479765,0.2100877954262298,0.12361949508409234,-0.16799858124046885,0.0020660166610127675,-0.014528707048154215,-0.06507264423484503,0.0013338331586454867,-0.020447732533966867,0.0007788864485370678,-7.357342921129803e-06
50,4,392,25.1960506439209,0.9585512435752997,0.21006797138334446,0.12362579778684164,-0.16799146155304065,0.0020668072327960636,-0.014289180126520959,-0.06492228421600464,0.0013387104140753627,-0.020432737907165602,0.0007835303268409586,-7.452309372544119e-06
50,4,393,25.19601821899414,0.9586944083453869,0.21004827860580333,0.12363207542914263,-0.16798424668262543,0.0020675984263424613,-0.01404913296375122,-0.06477108779654844,0.0013435655797757098,-0.02041757912226048,0.0007881859709736539,-7.548237357657532e-06
50,4,394,25.195981979370117,0.9588384431288646,0.21002873059385052,0.12363832801099532,-0.1679769556658206,0.0020683910188558363,-0.013808515511330605,-0.06461903496689231,0.0013483982636211514,-0.02040225313928662,0.000792853480224848,-7.645134173100136e-06
50,4,395,25.195955276489258,0.9589833675909551,0.2100093277672121,0.1236445555323997,-0.16796958850262617,0.0020691825232837845,-0.013567302745001912,-0.06446610571745212,0.0013532076813609353,-0.020386759958244016,0.000797532656015152,-7.74300873697538e-06
50,4,396,25.195919036865234,0.9591291252497499,0.20999006180028632,0.12365075799335577,-0.16796212615644474,0.0020699734059486316,-0.01332556973753674,-0.06431235607506341,0.0013579942251204374,-0.02037109957913267,0.0008022236969239551,-7.841869156650035e-06
50,4,397,25.195886611938477,0.9592757580798394,0.20997094611667944,0.12365693539386353,-0.1679545876638737,0.0020707642886134783,-0.013083259855089848,-0.06415774602055795,0.0013627569799404468,-0.02035527048197014,0.0008069264540167152,-7.941724350227549e-06
50,4,398,25.19585418701172,0.9594232512814982,0.2099519844241865,0.1236631127943713,-0.16794695398831563,0.002071555171278325,-0.012840407341381612,-0.06400229156160302,0.0013674958151125044,-0.020339272666756423,0.0008116408776485852,-8.04258323581137e-06
50,4,399,25.19582176208496,0.9595715841520432,0.20993318909468014,0.12366927766465491,-0.167939244166368,0.0020723454321800706,-0.012597059610794093,-0.06384601670969954,0.0013722108613450693,-0.020323103093526636,0.0008163669678195651,-8.144452299294918e-06
50,4,400,25.195789337158203,0.9597207727531707,0.2099145444352336,0.12367543000471437,-0.16793143916143333,0.002073136625726468,-0.0123531705660114,-0.06368890145526343,0.0013769013343873887,-0.020306766322228106,0.0008211047245296547,-8.247341269518318e-06
50,4,401,25.195755004882812,0.9598707618702244,0.20989608348136837,0.12368158234477383,-0.16792355801010905,0.0020739273529505396,-0.012108891669642885,-0.06353100982896384,0.0013815677570732977,-0.02029025931289595,0.0008258541477788543,-8.351259064585016e-06
50,4,402,25.195722579956055,0.9600216003780765,0.20987777978943797,0.12368772215460913,-0.16791558167579776,0.0020747177692930605,-0.011864139946519948,-0.06337228580396524,0.0013862089530266675,-0.02027357598560039,0.0008306150389877745,-8.456213791861786e-06
50,4,403,25.1956844329834,0.9601733109038173,0.20985962972487715,0.12369382437377198,-0.16790752919509688,0.0020755083410763566,-0.011618815299613798,-0.0632127053687667,0.0013908241379967457,-0.020256713300376546,0.0008353872492218738,-8.562212747978723e-06
50,4,404,25.195653915405273,0.9603259172543219,0.2098416171881327,0.12369986394181405,-0.16789940056800637,0.002076299690063529,-0.011372846607351345,-0.0630522405099505,0.0013954120048989447,-0.020239675817171746,0.0008401707288363047,-8.669262418829242e-06
50,4,405,25.195619583129883,0.9604794330859651,0.2098237510597006,0.12370587844940782,-0.1678911767579289,0.0020770921271361293,-0.011126243089195766,-0.06289087922176613,0.0013999719001909707,-0.020222454416091325,0.0008449653288965254,-8.777374154726823e-06
50,4,406,25.19558334350586,0.9606338305431795,0.20980602897482517,0.12371185536632913,-0.16788285776486436,0.002077886429498033,-0.010879048208330619,-0.06272864951763135,0.0014045039545812826,-0.02020505365708262,0.0008497712479819251,-8.886555252301561e-06
50,4,407,25.19554901123047,0.9607891344890989,0.20978847533118034,0.12371780722280212,-0.16787446262541025,0.00207868228626769,-0.010631268550086741,-0.06256553138796209,0.0014090075145275864,-0.020187465940233414,0.0008545880889337254,-8.996814629656905e-06
50,4,408,25.19551658630371,0.9609453282035392,0.20977108498660682,0.12372374654905097,-0.16786597230296912,0.0020794787648004487,-0.010382912016861144,-0.06240154084042558,0.0014134820571960474,-0.020169692785526147,0.0008594158517519265,-9.10815958342295e-06
50,4,409,25.195478439331055,0.9611024156023427,0.20975389373089443,0.12372969840552396,-0.16785740583413838,0.0020802755542147578,-0.010134053681425422,-0.06223668187693869,0.0014179275825866654,-0.020151734192960822,0.0008642544371468337,-9.220599031703144e-06
50,4,410,25.195444107055664,0.9612603989564357,0.209736894164667,0.12373567532244527,-0.16784874418232065,0.00208107358715527,-0.009884678397518639,-0.06207095049558457,0.0014223433064486878,-0.02013358256262522,0.0008691037458287526,-9.334141081864257e-06
50,4,411,25.195411682128906,0.9614192946017152,0.2097200717680397,0.12374165223936658,-0.1678399873475159,0.0020818739517074114,-0.009634740067824903,-0.06190432668677913,0.0014267283138229034,-0.020115242454466678,0.0008739636785079885,-9.448795462746416e-06
50,4,412,25.195375442504883,0.9615790911782417,0.2097034279573517,0.12374760409583957,-0.16783115436632154,0.002082674316259553,-0.009384219594884776,-0.061736822456272815,0.0014310824740008537,-0.020096710828520298,0.0008788342351845414,-9.564569470979716e-06
50,4,413,25.19533920288086,0.9617397928626499,0.20968696391799807,0.12375355595231258,-0.16782222620214018,0.002083474059048593,-0.009133107759235079,-0.06156843380214882,0.0014354047413148684,-0.020077986164803645,0.0008837152172790223,-9.68147040319425e-06
50,4,414,25.19530487060547,0.9619013565472094,0.20967069698835408,0.12375952033900972,-0.1678132028549718,0.0020842747344822854,-0.008881583023341615,-0.061399208747409,0.0014396962921410764,-0.020059069983299163,0.0008886065255017368,-9.799507177493468e-06
50,4,415,25.195270538330078,0.9620638484168992,0.20965462616901456,0.12376548472570688,-0.16780410336141383,0.0020850752544752022,-0.008629395803165494,-0.061229079259467384,0.0014439546430187612,-0.020039960764024405,0.000893508259142379,-9.91869114419085e-06
50,4,416,25.19523048400879,0.9622272224039758,0.20963873708488534,0.12377143658217987,-0.16779490868486885,0.0020858745309419164,-0.008376704805179994,-0.06105808935940901,0.0014481803167817582,-0.020020652427049597,0.0008984199217524766,-1.0039027167706456e-05
50,4,417,25.19519805908203,0.9623915243108851,0.20962304285408784,0.12377740096887703,-0.16778561882533685,0.002086673185645529,-0.008123417176220251,-0.060886195026148844,0.0014523718756370208,-0.020001144972374745,0.0009033416126217237,-1.0160524976880416e-05
50,4,418,25.19516372680664,0.962556722551573,0.20960754188112826,0.12378336535557417,-0.16777623378281786,0.002087471063145266,-0.007869619184120286,-0.06071342827502146,0.0014565294502930078,-0.01998144143996473,0.0009082733317501208,-1.0283193489816174e-05
50,4,419,25.19512367248535,0.9627228260051857,0.2095922568849098,0.1237893673329438,-0.16776675355731185,0.0020882666090333724,-0.0076152792192920645,-0.060539785104110025,0.001460652125790508,-0.01996153878985467,0.0009132145826891947,-1.0407038381670476e-05
50,4,420,25.195087432861328,0.9628898373331309,0.2095771821850425,0.1237953693103134,-0.16775719718541623,0.0020890599787506243,-0.007360386745206237,-0.06036526151149773,0.001464739510004145,-0.01994143246209723,0.0009181655640183348,-1.0532069381283442e-05
50,4,421,25.195051193237305,0.9630577828803438,0.20956229538376692,0.12380135875745886,-0.1677475456305336,0.002089852260382449,-0.007104886445083736,-0.06018982548184999,0.0014687902958493318,-0.019921122456692416,0.0009231258785787628,-1.065829378528517e-05
50,4,422,25.19501495361328,0.9632266303733744,0.2095476097832399,0.12380734820460433,-0.16773779889266396,0.0020906445420142738,-0.0068488830256849395,-0.06001351303241822,0.001472804352617609,-0.01990061029362267,0.0009280955263704787,-1.0785719701042429e-05
50,4,423,25.194978713989258,0.9633963947145103,0.20953314001617998,0.12381336271219809,-0.16772795697180734,0.0020914365127645477,-0.006592331706760128,-0.05983631215745193,0.0014767812881836006,-0.019879888372975774,0.0009330744081037878,-1.0914356857395346e-05
50,4,424,25.1949405670166,0.9635670886101744,0.20951887278699421,0.12381937721979186,-0.1677180198679637,0.0020922292607186985,-0.006335202854320513,-0.05965820684928384,0.001480719795462719,-0.019858959734716613,0.0009380620273302177,-1.104421174023734e-05
50,4,425,25.194902420043945,0.9637387224483426,0.20950480188480272,0.12382537919716147,-0.16770798758113303,0.002093021542350523,-0.006077475395307401,-0.0594791851021635,0.0014846192209126707,-0.019837819818897862,0.000943058582629157,-1.1175291646198501e-05
50,4,426,25.194866180419922,0.9639112845980735,0.20949094576764,0.12383139370475524,-0.16769786011131535,0.002093814445745449,-0.005819181597841916,-0.05929926292375817,0.001488478780282703,-0.019816473185466848,0.0009480637761315225,-1.1307605493382282e-05
50,4,427,25.194828033447266,0.9640847562174402,0.2094773075830821,0.12383742074257316,-0.16768763745851067,0.002094607660021926,-0.005560372827504624,-0.059118460323651985,0.0014922987349897333,-0.01979491527447624,0.000953077409257925,-1.1441160578418775e-05
50,4,428,25.19478988647461,0.964259176470311,0.20946388788764408,0.12384346031061523,-0.167677319622719,0.002095401651502279,-0.005300997060181874,-0.058936737282676704,0.0014960772551153394,-0.0197731445659436,0.0009580993827186696,-1.1575963387201396e-05
50,4,429,25.194753646850586,0.9644344784588472,0.2094506844303715,0.12384949987865732,-0.16766690660394032,0.002096196886508835,-0.005041175795227694,-0.05875416183341833,0.0014998153863271908,-0.019751161059868922,0.0009631292993549786,-1.171202202709692e-05
50,4,430,25.19471549987793,0.9646106820159965,0.20943769855846067,0.12385553944669939,-0.1676563984021746,0.0020969924323969414,-0.004780915617972925,-0.058570713966292716,0.0015035118215407004,-0.019728958676322437,0.0009681672584565461,-1.1849344605472116e-05
50,4,431,25.194677352905273,0.9647878297847777,0.20942492879152588,0.12386157901474146,-0.1676457950174219,0.002097787978285048,-0.004520073626738306,-0.05838634966021485,0.0015071652536712806,-0.019706535895321703,0.0009732126642852052,-1.1987938418957078e-05
50,4,432,25.194637298583984,0.9649658951359995,0.2094123784508034,0.12386764364323184,-0.1676350774130848,0.0020985838350547053,-0.0042586926261743065,-0.05820109692860247,0.001510775290593555,-0.019683898796796488,0.0009782656161306503,-1.2127809953445224e-05
50,4,433,25.194599151611328,0.9651448764199532,0.2094000578114133,0.12387372080194638,-0.16762426462576066,0.0020993782928573844,-0.00399681114046635,-0.05801495977337241,0.0015143415401821477,-0.01966104282079947,0.000983325915413492,-1.2268965694829971e-05
50,4,434,25.194561004638672,0.9653247584844619,0.20938796902487072,0.12387981049088506,-0.16761335665544955,0.0021001707299299847,-0.003734453864605092,-0.05782795420219195,0.001517863087477847,-0.019637964927365754,0.000988393264264647,-1.2411414561214769e-05
50,4,435,25.194522857666016,0.9655055525575554,0.20937609176213717,0.12388587511937545,-0.1676023535021514,0.0021009600581870782,-0.0034716207985905326,-0.0576400642073938,0.0015213396710637354,-0.019614665116495344,0.0009934673648150315,-1.2555162227756357e-05
50,4,436,25.194480895996094,0.9656872791226284,0.20936444857367528,0.12389195227808998,-0.16759125516586626,0.002101747676595643,-0.003208226662388274,-0.05745127378131068,0.0015247691996044732,-0.019591140348223356,0.000998548117774951,-1.2700215991084829e-05
50,4,437,25.19444465637207,0.9658699455223736,0.20935301926410238,0.12389802943680452,-0.1675800426099967,0.0021025331188333535,-0.0029442665170001845,-0.05726157091819211,0.0015281514116831428,-0.019567393662514674,0.001003635225275322,-1.2846580715620246e-05
50,4,438,25.19440460205078,0.9660534732692944,0.20934183837437806,0.12390413165596736,-0.16756873487114013,0.0021033182501895135,-0.002679956361277867,-0.05707104366020819,0.0015314872222589554,-0.019543418979439526,0.0010087282901573658,-1.2994263697992707e-05
50,4,439,25.194366455078125,0.9662379254356469,0.20933089057592907,0.1239102338751302,-0.16755733194929656,0.0021041030706641225,-0.002415152635008976,-0.05687962397477294,0.0015347748014134883,-0.019519213259033025,0.0010138271138416938,-1.3143270613358949e-05
50,4,440,25.19432830810547,0.9664233031854099,0.2093201631203793,0.12391633609429305,-0.16754581480786856,0.002104886181290203,-0.002149821259106406,-0.05668730785996954,0.0015380123192283194,-0.01949478562118983,0.0010189315970386113,-1.3293607947612389e-05
50,4,441,25.19428825378418,0.9666095719645103,0.2093096588645762,0.12392241325300758,-0.16753420248345358,0.0021056682038308565,-0.0018840914706879232,-0.056494131333049376,0.0015412008213711182,-0.01947012694601528,0.001024041541168729,-1.3445279754436412e-05
50,4,442,25.194246292114258,0.966796696305658,0.20929939450166687,0.12392851547217042,-0.16752247593945419,0.002106449760049184,-0.0016179879647441827,-0.056300134413180686,0.0015443397850080501,-0.019445241793456712,0.0010291564497835746,-1.3598295762671147e-05
50,4,443,25.1942081451416,0.96698473336742,0.20928936336225662,0.12393460516110912,-0.16751065421246777,0.0021072299173005332,-0.0013513921230034014,-0.05610525707161113,0.0015474268573868574,-0.019420125603566787,0.001034276223593453,-1.37526592152633e-05
50,4,444,25.194168090820312,0.9671736476058915,0.20927954562901613,0.12394066978959949,-0.16749871826589696,0.0021080085201441298,-0.0010844085699093244,-0.055909531323675286,0.0015504628227582925,-0.0193947814163104,0.001039400564729281,-1.3908375787369612e-05
50,4,445,25.194128036499023,0.9673634801554566,0.2092699870373847,0.12394675947853818,-0.16748668713633913,0.0021087858794615233,-0.000816945933996525,-0.055712925154038584,0.0015534453283700981,-0.019369204671740213,0.0010445290760322799,-1.4065449532673467e-05
50,4,446,25.194089889526367,0.9675541781209636,0.20926065981901637,0.12395284916747687,-0.1674745417871969,0.0021095619952527143,-0.0005491309005670675,-0.05551548658570287,0.001556375027764568,-0.019343395369856232,0.0010496616582127555,-1.4223886937068285e-05
50,4,447,25.194049835205078,0.9677457942129198,0.2092515728130857,0.1239589263261914,-0.16746230125506764,0.0021103356239915,-0.00028084269053748646,-0.05531716359374948,0.0015592499603148207,-0.01931735047069357,0.001054797616242846,-1.438368962202742e-05
50,4,448,25.194005966186523,0.9679382920130742,0.20924272030120705,0.12396500348490594,-0.16744994650335399,0.0021111075428817574,-1.2129204472469323e-05,-0.055117992195429795,0.001562069603187021,-0.01929107149423467,0.0010599370494122457,-1.454486569491764e-05
50,4,449,25.193965911865234,0.9681316805641886,0.20923412627492452,0.12397109317384464,-0.1674374965686533,0.002111879928094341,0.0002569974545101677,-0.05491796838882701,0.0015648335642557932,-0.0192645538805322,0.0010650792626930928,-1.4707413534265594e-05
50,4,450,25.193927764892578,0.9683259421241184,0.20922576278733612,0.12397717033255917,-0.16742493241436823,0.002112651225221497,0.000526534119792352,-0.05471710417969157,0.0015675407978534668,-0.019237802189533495,0.001070224156795693,-1.4871342868911408e-05
50,4,451,25.19388771057129,0.9685210745555975,0.20921763812181512,0.12398324749127371,-0.16741225404049875,0.002113422056026327,0.0007964394607058682,-0.054515403569940314,0.0015701907811462071,-0.019210808821326333,0.0010753712352715732,-1.5036652077381725e-05
50,4,452,25.193845748901367,0.9687170894934903,0.20920976988503215,0.12398932464998824,-0.16739948048364228,0.0021141908661010777,0.001066764246035673,-0.05431285855573959,0.0015727824684663438,-0.019183579855840488,0.0010805202995413446,-1.520334602409661e-05
50,4,453,25.193805694580078,0.9689139338114992,0.20920216537519798,0.12399543939937523,-0.16738659270720138,0.002114957344564199,0.0013373589476133455,-0.054109525163924914,0.0015753162519392535,-0.01915610921314619,0.0010856707538668396,-1.5371429573476124e-05
50,4,454,25.193761825561523,0.9691115841749178,0.20919482509043552,0.12400159173943469,-0.16737359071117605,0.002115720714211813,0.0016081509621663577,-0.053905427405997214,0.0015777923929818534,-0.019128395373260994,0.0010908224989583637,-1.5540904346993626e-05
50,4,455,25.193723678588867,0.9693100684795913,0.2091877516958878,0.1240077566097183,-0.16736049353216373,0.0021164815968070226,0.0018792494415534081,-0.05370053726853873,0.001580208669550345,-0.01910044289613223,0.0010959750383674443,-1.571177358759582e-05
50,4,456,25.193683624267578,0.9695093717988078,0.20918093027293932,0.12401393401022606,-0.167347282133567,0.0021172384379420737,0.0021506093585748677,-0.05349486675729995,0.001582564950936269,-0.019072245701830127,0.0011011279749353032,-1.5884037295282706e-05
50,4,457,25.193641662597656,0.9697095024847943,0.2091743634735964,0.12402012394095799,-0.16733395651538588,0.0021179923257023934,0.002422300847004199,-0.0532884078684472,0.0015848595379296623,-0.0190438113902669,0.0011062811100825511,-1.6057697091527638e-05
50,4,458,25.1935977935791,0.969910460623465,0.2091680517340382,0.12402632640191406,-0.16732051667762032,0.002118742949206431,0.0026942685900623333,-0.053081160601980495,0.001587091646279772,-0.01901513692147766,0.0011114339473607153,-1.623275621927733e-05
50,4,459,25.193557739257812,0.9701122368936733,0.20916198827569177,0.12403252886287013,-0.16730696262027037,0.002119492018302716,0.0029664923378569324,-0.05287313296173348,0.0015892608838612222,-0.01898621925549752,0.0011165859903213232,-1.6409211435585066e-05
50,4,460,25.19351577758789,0.9703148334098795,0.2091561829024104,0.12403874385405035,-0.167293294343336,0.002120238755787371,0.003239043376594356,-0.052664324947706155,0.0015913660742978835,-0.018957059912308928,0.0011217368418055965,-1.658706598339756e-05
50,4,461,25.1934757232666,0.9705182520288765,0.20915064427152144,0.12404495884523058,-0.16727953088341463,0.0021209828507788454,0.0035118970112839485,-0.05245473655989851,0.001593406302630545,-0.018927657371929443,0.0011268863032341458,-1.6766323105661518e-05
50,4,462,25.193435668945312,0.9707224355720758,0.20914537913355272,0.12405121142708327,-0.16726565320390885,0.002121724769599465,0.0037849623643600966,-0.05224442782706289,0.0015953819609845832,-0.018898011634359054,0.0011320335802894152,-1.6946974695010172e-05
50,4,463,25.193389892578125,0.9709274205723457,0.20914037586471412,0.1240574765391601,-0.16725166130481864,0.0021224654448938826,0.004058349740114396,-0.05203335873003107,0.001597291350150034,-0.018868124219580215,0.00113717857368171,-1.7129027237336933e-05
50,4,464,25.19335174560547,0.9711331481907058,0.2091356332882804,0.12406375418146111,-0.16723755518614403,0.0021232027004912425,0.004331921175865717,-0.051821589297555384,0.001599134731543815,-0.018837998167557806,0.0011423208862522518,-1.7312477489695098e-05
50,4,465,25.193309783935547,0.9713396610260441,0.20913116796573186,0.12407006941443456,-0.167223334847885,0.0021239377799177482,0.004605721122597239,-0.05160907951046761,0.00160091066737288,-0.018807631958309385,0.0011474600215525678,-1.749732383061131e-05
50,4,466,25.193265914916992,0.971546873508959,0.20912696354064075,0.12407639717763216,-0.1672090002900416,0.0021246692842064215,0.004879640922350078,-0.051395913409021,0.0016026198111795224,-0.018777025591834955,0.00115259558242388,-1.7683566260085568e-05
50,4,467,25.193225860595703,0.971754816454965,0.20912303636761206,0.12408276253150223,-0.16719455151261375,0.002125399234087341,0.0051537164651773186,-0.05118206297979781,0.0016042607251706964,-0.018746179068134514,0.001157726973128021,-1.7871198292224456e-05
50,4,468,25.193185806274414,0.9719634118488337,0.20911936890056051,0.12408914041559646,-0.1671799885156015,0.0021261263860343055,0.005427799251868485,-0.05096760425921766,0.0016058351085563656,-0.01871509694715539,0.0011628538957959072,-1.806022154850133e-05
50,4,469,25.19314193725586,0.9721727318021732,0.2091159514033596,0.12409550576946653,-0.16716531129900486,0.0021268516726919654,0.005702082561883776,-0.05075246121086093,0.0016073390400827673,-0.0186837761889327,0.0011679757546893712,-1.825062630007606e-05
50,4,470,25.19310188293457,0.9723827418857816,0.2091128054397022,0.12410189618378491,-0.1671505198628238,0.0021275736950933442,0.005976507785778703,-0.05053667385389584,0.0016087727811668192,-0.01865221679346644,0.0011730922519393296,-1.8442414168422008e-05
50,4,471,25.193058013916016,0.9725934401390057,0.20910992194746325,0.12410829912832744,-0.16713561420705833,0.002128291986916115,0.006250988326452699,-0.050320242188322394,0.0016101355475577686,-0.018620421800721498,0.0011782024939385309,-1.863557542469904e-05
50,4,472,25.193017959594727,0.9728048097979631,0.20910729570556005,0.12411470207286997,-0.16712059433170845,0.0021290060818379515,0.006525592671346515,-0.050103182221807874,0.001611426162879487,-0.018588388170732988,0.001183306182817892,-1.8830106825960452e-05
50,4,473,25.192975997924805,0.973016852816786,0.20910493582978706,0.12412111754763666,-0.16710546023677414,0.002129715202654978,0.006800353088581276,-0.04988549395435228,0.0016126447578404329,-0.01855611590350091,0.0011884029214186344,-1.9026005129259536e-05
50,4,474,25.192934036254883,0.973229537462675,0.20910284030443882,0.12412754555262749,-0.16709021192225545,0.0021304202820118462,0.007075183968856042,-0.04966720940129019,0.0016137902867729365,-0.01852360651900771,0.0011934919154232017,-1.922326060575616e-05
50,4,475,25.192890167236328,0.9734429054279456,0.2091010213848598,0.12413399861806663,-0.16707484938815234,0.0021311211644677807,0.007350203189592876,-0.049448288543453386,0.001614860919758575,-0.018490863057218268,0.001198572767672816,-1.942186839103027e-05
50,4,476,25.192852020263672,0.9736568613562591,0.2090994717910987,0.12414047674395409,-0.16705937263446483,0.0021318169173781295,0.00762518289834466,-0.0492288274268456,0.001615857963881936,-0.01845788703811503,0.0012036452795880874,-1.9621818756241734e-05
50,4,477,25.192808151245117,0.9738714252842654,0.20909819406807773,0.12414697993028985,-0.16704378166119288,0.0021325089397098702,0.00790019816788299,-0.049008806041882715,0.0016167808963091846,-0.01842467542173311,0.0012087084582720713,-1.9823108458443845e-05
50,4,478,25.192766189575195,0.974086564723913,0.20909716442731602,0.12415347058640146,-0.16702807646833653,0.002133197386903779,0.008175197632627298,-0.04878825240198249,0.0016176286713726507,-0.018391231248037397,0.0012137617079866,-2.0025722904376414e-05
50,4,479,25.192726135253906,0.9743022906623363,0.20909639774103164,0.12415997377273721,-0.16701225705589579,0.002133882258959855,0.008450169438982073,-0.04856715850331128,0.0016184006355300408,-0.018357559076975217,0.0012188049294419789,-2.022965722961938e-05
50,4,480,25.192684173583984,0.9745185582627097,0.2090958855247608,0.12416647695907299,-0.16699632342387064,0.002134563866759649,0.008725091196822453,-0.04834556836695413,0.0016190966580728956,-0.01832365738856413,0.0012238373283206515,-2.043490008385926e-05
50,4,481,25.192642211914062,0.9747353295164431,0.20909563296080327,0.12417299267563289,-0.16698027557226106,0.0021352431429478135,0.008999905613770114,-0.048123522012079256,0.0016197172618350507,-0.018289529222769017,0.0012288583088844508,-2.064144011678258e-05
50,4,482,25.192602157592773,0.9749525528006756,0.20909563635160833,0.12417952092241696,-0.16696411350106707,0.0021359200875243484,0.009274529714656456,-0.04790107146360535,0.0016202629696503408,-0.018255177619554766,0.0012338676725539874,-2.0849270842495912e-05
50,4,483,25.19255828857422,0.9751702636923365,0.2090958975785938,0.12418606169942518,-0.1669478372102887,0.002136593301522275,0.00954902737719064,-0.047678180704281016,0.001620731559474967,-0.01822059801897405,0.0012388641285632322,-2.105837118184566e-05
50,4,484,25.19251823425293,0.9753884267849542,0.20909641577674234,0.12419261500665756,-0.16693144669992588,0.0021372640284677965,0.00982337094298313,-0.047454885751357645,0.0016211230313089295,-0.018185799540921525,0.00124384777620188,-2.126873789188511e-05
50,4,485,25.192476272583008,0.9756070379037702,0.20909718958211282,0.12419918084411409,-0.16691494196997866,0.002137929470426957,0.010097539338975238,-0.04723119060675206,0.0016214372544437698,-0.01815078370537964,0.0012488178211523741,-2.1480353136407368e-05
50,4,486,25.19243621826172,0.9758260861957839,0.2090982414074269,0.12420579680246722,-0.16689832302044705,0.0021385894719589816,0.010371548369960978,-0.04700711127813156,0.0016216731832118174,-0.01811554899236594,0.0012537734690971582,-2.16932039436256e-05
50,4,487,25.192394256591797,0.9760455262768039,0.20909956012566974,0.12421245035149284,-0.16688158985133103,0.0021392429449784423,0.010645324938768014,-0.04678269178658117,0.0016218310790299898,-0.01808010148181021,0.0012587146207465375,-2.1907275720279614e-05
50,4,488,25.192354202270508,0.9762653615031154,0.20910112515113033,0.12421910390051843,-0.16686474246263058,0.002139891133011542,0.010918915142712232,-0.04655792412826726,0.0016219101576475348,-0.01804444269369489,0.0012636401839138723,-2.212254900868916e-05
50,4,489,25.192312240600586,0.9764855684008227,0.2091029363992183,0.12422575744954405,-0.16684778085434573,0.0021405329479728535,0.011192318981793636,-0.046332832314690764,0.0016219097655221586,-0.018008578707949748,0.001268550059309468,-2.2339017322960822e-05
50,4,490,25.192270278930664,0.9767061152590658,0.20910501034873008,0.12423244858924211,-0.16683070502647648,0.002141170410592456,0.011465445578446611,-0.04610745236310307,0.0016218300333623197,-0.017972506484609897,0.0012734432540363787,-2.2556653098047576e-05
50,4,491,25.192232131958008,0.9769270104247895,0.2091073494924181,0.12423917731961263,-0.1668135149790228,0.002141802121903371,0.01173834959091714,-0.04588177626967054,0.0016216700462088071,-0.017936230583622672,0.0012783191723564375,-2.2775443362162584e-05
50,4,492,25.19219207763672,0.977148194015487,0.20910994826281099,0.12424594364065562,-0.16679621071198472,0.002142429947194903,0.012010940141639614,-0.04565586406314551,0.001621430849729291,-0.0178997555649354,0.001283177417110866,-2.2995368657625602e-05
50,4,493,25.192150115966797,0.9773696293269227,0.2091128177713215,0.12425274755237108,-0.16677881126195965,0.0021430520211777487,0.012283164547967297,-0.04542975576269619,0.0016211121825068532,-0.017863082948530524,0.0012880172932718025,-2.321641114822973e-05
50,4,494,25.19211196899414,0.9775913243216342,0.2091159405112264,0.12425958905475898,-0.16676129759235014,0.0021436675666480303,0.012555001736841497,-0.04520343936257213,0.001620713652416118,-0.01782621577437293,0.0012928378079423012,-2.343854651187465e-05
50,4,495,25.192068099975586,0.9778132327939598,0.20911930175521687,0.12426644308737105,-0.16674366970315624,0.002144278293454277,0.012826472781320907,-0.04497695888385835,0.001620235390165544,-0.017789157082427506,0.0012976388618326678,-2.366175853382682e-05
50,4,496,25.19202995300293,0.9780353321788559,0.20912290566749106,0.12427332218043143,-0.16672592759437793,0.002144882802629511,0.013097542120618985,-0.044750338338055806,0.0016196772650466727,-0.017751909912659132,0.0013024195613356511,-2.388602289198593e-05
50,4,497,25.191991806030273,0.9782576355958413,0.20912677708446067,0.12428023886416426,-0.1667080903026126,0.002145479850647529,0.013368261120316291,-0.04452356972133084,0.001619037969974916,-0.017714478825015145,0.0013071796085821678,-2.4111320128671723e-05
50,4,498,25.19194984436035,0.9784800776338155,0.20913088462536947,0.12428718060834539,-0.16669013879126288,0.0021460716136791863,0.013638508610325343,-0.044296713062435794,0.0016183190734517794,-0.01767686837944287,0.0013119179113855776,-2.433762267883718e-05
50,4,499,25.191911697387695,0.9787026939776018,0.20913524907732337,0.12429414741297484,-0.16667209209692613,0.002146657936283707,0.013908391273005775,-0.04406973634603608,0.0016175180920165466,-0.017639081615907198,0.0013166340725871022,-2.4564909463328693e-05
50,4,500,25.191871643066406,0.9789254071932052,0.2091398558369461,0.12430115180827675,-0.16665393118300498,0.0021472395956649683,0.014177824816122812,-0.043842715608551325,0.0016166369862960985,-0.017601120054390566,0.0013213274964485745,-2.4793154538572597e-05
50,4,501,25.191837310791016,0.9791481901768868,0.20914470635702595,0.12430818126402696,-0.1666356750860968,0.0021478176799083967,0.014446732849838695,-0.043615678863399274,0.0016156757562904355,-0.01756299129480519,0.001325997388652438,-2.5022330339521862e-05
50,4,502,25.191795349121094,0.9793710257162903,0.20914979335531614,0.12431524831044964,-0.16661730476960426,0.002148391567250892,0.014715141715476788,-0.04338864211824723,0.0016146344019995575,-0.01752470141708085,0.0013306434513296087,-2.5252414165549534e-05
50,4,503,25.191755294799805,0.9795938554316653,0.2091551180819685,0.12432234041732063,-0.16659883927012467,0.002148960169607026,0.01498298292559634,-0.043161665401847515,0.0016135138383826756,-0.017486253461182422,0.0013352651880316146,-2.5483381694555296e-05
50,4,504,25.19171905517578,0.9798166583479236,0.20916067399622074,0.12432945758463991,-0.1665802785876581,0.0021495234869767987,0.015250191943955105,-0.042934768723784246,0.0016123144575651664,-0.017447650467074798,0.0013398614072821203,-2.5715195632652002e-05
50,4,505,25.191680908203125,0.98003939056069,0.20916645706701648,0.12433662487285582,-0.1665616036856071,0.002150082141123312,0.015516742429229714,-0.042707996105142455,0.0016110371745062407,-0.01740889851468775,0.0013444321090811263,-2.5947836522159394e-05
50,4,506,25.191640853881836,0.9802620121335073,0.2091724634497092,0.12434381722152003,-0.1665428336005691,0.0021506356657242398,0.01578260540596447,-0.04248138756509038,0.0016096821199143576,-0.017370003683951047,0.0013489763998213815,-2.6181271933610394e-05
50,4,507,25.191604614257812,0.9804845139543782,0.2091786872009289,0.12435103463063255,-0.16652396833254407,0.0021511835944572556,0.016047734776843472,-0.04225495110746165,0.001608249816623352,-0.017330967494847138,0.0013534936837647186,-2.6415471059011263e-05
50,4,508,25.191564559936523,0.980706830591061,0.20918511489480926,0.12435826456996922,-0.16650500788153205,0.0021517253055592586,0.016312080493352334,-0.04202875076292542,0.0016067409181755178,-0.017291797547288233,0.0013579830673038865,-2.6650399847421568e-05
50,4,509,25.191530227661133,0.9809289983600288,0.20919177013676388,0.12436554463020251,-0.16648595224753301,0.0021522584674186188,0.016575688652806946,-0.04180275451614713,0.001605154248194726,-0.01725249992120411,0.0013624445504388852,-2.6886027490847574e-05
50,4,510,25.191492080688477,0.9811509439736243,0.2091986211473469,0.12437283722065995,-0.16646680143054698,0.0021527841681207634,0.016838471011774023,-0.041577030399712736,0.0016034912444740227,-0.017213079176542093,0.0013668769416933803,-2.712231831687548e-05
50,4,511,25.191455841064453,0.981372712311864,0.2092057135814494,0.12438017993201402,-0.16644757446717134,0.002153302563106468,0.01710056322806891,-0.041351542396370844,0.001601749554261151,-0.01717353683328463,0.0013712800424879826,-2.7359236653091505e-05
50,4,512,25.19141960144043,0.9815941983386192,0.20921301339819878,0.12438757276426468,-0.1664282523208087,0.002153814274138833,0.01736175720523701,-0.04112639055404201,0.0015999330988098728,-0.01713388353130882,0.0013756528599257465,-2.759675979886868e-05
50,4,513,25.191383361816406,0.9818154735529308,0.2092205260335154,0.12439500318718781,-0.16640883499145903,0.002154318834895534,0.01762224391787273,-0.04090150283822344,0.001598037956866426,-0.017094120790597103,0.0013799949968478938,-2.7834840731479733e-05
50,4,514,25.191349029541016,0.982036485802882,0.20922824539029541,0.1244024461403351,-0.16638934151571977,0.0021548160899357944,0.0178819720003955,-0.040676931273833816,0.0015960653048069393,-0.017054256211061696,0.0013843060560956462,-2.8073443778510867e-05
50,4,515,25.191312789916992,0.9822571909901807,0.20923614824346176,0.12440990162370655,-0.1663697528569935,0.002155307282785817,0.018140874282430743,-0.04045271588004136,0.0015940168418413763,-0.01701429587263238,0.0013885852433514476,-2.8312539753441706e-05
50,4,516,25.19127655029297,0.9824775270755102,0.20924425554326745,0.12441739469775044,-0.16635008805187762,0.0021557928797679283,0.018398873057074525,-0.040228924689432045,0.0015918942671797008,-0.0169742488952038,0.0013928322607462142,-2.855208974091175e-05
50,4,517,25.191242218017578,0.982697438476046,0.20925256349406263,0.12442493789269096,-0.16633034710037214,0.0021562731917636785,0.01865587349556273,-0.040005613728841385,0.0015896990186149592,-0.01693412135870574,0.001397046413252084,-2.8792048339667076e-05
50,4,518,25.191205978393555,0.9829169030133931,0.20926107807728744,0.12443254373875225,-0.16631053000247703,0.0021567458871614375,0.018911895353887882,-0.03978280700977031,0.0015874322725232802,-0.01689391782308552,0.0014012272044205843,-2.9032386363187303e-05
50,4,519,25.191171646118164,0.9831359000889219,0.20926979454826183,0.1244402122359343,-0.16629063675819233,0.0021572111214019814,0.01916691624192512,-0.039560524541802936,0.0015850935060708286,-0.016853648928220253,0.0014053742370929371,-2.9273064896111934e-05
50,4,520,25.191139221191406,0.9833543567966665,0.20927868279545744,0.1244479183237888,-0.16627066736751803,0.002157668739044534,0.019420809721322284,-0.03933883435752523,0.0015826858562606148,-0.01681331619409237,0.0014094869155309748,-2.9514038537187048e-05
50,4,521,25.19110679626465,0.9835722679397589,0.20928773697713415,0.12445564947209163,-0.16625062183045414,0.0021581192064114223,0.01967362847472611,-0.03911774045885402,0.0015802082774249687,-0.01677292874059654,0.0014135646439965301,-2.9755265128105433e-05
50,4,522,25.191072463989258,0.9837895757142096,0.20929696132721406,0.12446340568084276,-0.16623051918359802,0.0021585639224696233,0.019925290844034164,-0.038897302874541635,0.0015776635144415239,-0.01673249568762741,0.0014176071246205196,-2.9996705753506582e-05
50,4,523,25.1910400390625,0.9840062168474987,0.20930633424882075,0.12447119948026635,-0.1662103403903523,0.002159002731778362,0.020175691463952972,-0.03867758163334041,0.001575053397228703,-0.01669202159513232,0.0014216136623750812,-3.0238318255083285e-05
50,4,524,25.191007614135742,0.9842221754063409,0.20931587289368564,0.12447904340058656,-0.16619010448731436,0.002159435478896863,0.02042481716382086,-0.038458596744834456,0.0015723789714541761,-0.016651511023058594,0.0014255839593911312,-3.0480063717475045e-05
50,4,525,25.190975189208984,0.9844374249096468,0.20932556330148694,0.12448694997202753,-0.16616979243788682,0.0021598630964697785,0.020672640285248293,-0.0382403722205247,0.0015696404985348607,-0.016610976131265782,0.0014295173206408081,-3.072189673942793e-05
50,4,526,25.190942764282227,0.9846519740749459,0.20933540972013606,0.12449489413414096,-0.16614942327866708,0.0021602838746485795,0.020919243803403872,-0.0380229000565775,0.001566837324928463,-0.016570421479701208,0.0014334134482550278,-3.0963768676741326e-05
50,4,527,25.19091033935547,0.9848657659661978,0.20934542032796707,0.12450291347759931,-0.16612899700965514,0.0021606973471109403,0.021164526304192636,-0.03780624028174519,0.001563972064804158,-0.0165298516283122,0.0014372715479162342,-3.120563737110801e-05
50,4,528,25.190881729125977,0.9850787788753602,0.2093555668676681,0.12451097041173013,-0.166108513630851,0.002161104912823839,0.0214084706657544,-0.037590408903695055,0.001561045240995781,-0.016489272657028535,0.0014410915203347328,-3.144745742127406e-05
50,4,529,25.19085121154785,0.9852909936895048,0.2093658698116085,0.12451907746675757,-0.16608799217885203,0.002161504861938747,0.02165109269288318,-0.037375429933928034,0.0015580573763371664,-0.016448696725709755,0.0014448726704826614,-3.168918666893228e-05
50,4,530,25.190818786621094,0.9855024182340862,0.20937629258244075,0.12452719705200915,-0.16606741361706087,0.0021618975053372146,0.021892443751159545,-0.03716128736477683,0.001555007817286021,-0.016408125354338308,0.0014486147004909365,-3.1930773226935314e-05
50,4,531,25.1907901763916,0.9857130159151715,0.20938682865562622,0.12453532916748489,-0.1660467779454775,0.002162282065815365,0.02213249354806162,-0.03694801721349285,0.0015518974788015557,-0.016367572222756175,0.0014523173124904745,-3.217217817992267e-05
50,4,532,25.19076156616211,0.9859227662732074,0.2093974924960211,0.12454348634340894,-0.16602610420069935,0.0021626607195440535,0.022371203888670525,-0.03673564349157702,0.0015487280600937348,-0.01632704341089313,0.0014559800100328027,-3.241335288369372e-05
50,4,533,25.190731048583984,0.9861315703019902,0.20940825989449266,0.12455165604955713,-0.16600539238272638,0.002163033000200954,0.02260845755409728,-0.03652426224503308,0.0015455032209994027,-0.016286544998678952,0.0014596025945385319,-3.265424545110111e-05
50,4,534,25.190702438354492,0.9863394246109477,0.20941911496114382,0.12455981322548118,-0.16598464249155861,0.002163397975141414,0.02284428351979759,-0.036313873473861016,0.001542223353643936,-0.016246087625990738,0.001463184768138578,-3.2894816966784364e-05
50,4,535,25.190673828125,0.9865462994042449,0.20943006486481552,0.12456798293162938,-0.16596385452719603,0.0021637559552469842,0.023078650176183414,-0.03610450919339542,0.0015388897651119223,-0.0162056788927407,0.0014667263322535528,-3.313502202948954e-05
50,4,536,25.19064712524414,0.9867520843444831,0.20944108724138874,0.12457617769822589,-0.16594302848963866,0.0021641061633137886,0.023311328353741466,-0.03589627745539047,0.001535507422324794,-0.016165326398841058,0.0014702266911452884,-3.33748055091226e-05
50,4,537,25.19062042236328,0.9869568006313565,0.20945220854689298,0.12458441005549487,-0.16592218341548387,0.002164449842868029,0.023542397076441846,-0.0356891622521789,0.0015320758024487161,-0.016125039264186472,0.0014736856462343958,-3.3614122004429624e-05
50,4,538,25.19059181213379,0.9871603848926824,0.20946340669813135,0.12459266747321214,-0.16590131930473168,0.002164786993909706,0.023771769417917445,-0.03548322361251303,0.0015285977810697814,-0.01608482508868915,0.001477103197520875,-3.385293260005011e-05
50,4,539,25.19056510925293,0.9873628490275986,0.20947468254159854,0.12460096248160187,-0.1658804171207847,0.002165116372912617,0.02399956127999107,-0.03527844953064239,0.0015250725739372369,-0.016044694512226204,0.0014804790471356427,-3.409118540883672e-05
50,4,540,25.19053840637207,0.987564148263354,0.20948602801068106,0.12460928255043992,-0.16585949590024032,0.0021654389125214135,0.02422567783389861,-0.03507488402765203,0.0015215026645117994,-0.016004653614727398,0.001483812996499309,-3.432883178658882e-05
50,4,541,25.190513610839844,0.9877642352598118,0.20949740444370343,0.1246175900890538,-0.16583855564309852,0.0021657549236176465,0.024450024250875942,-0.03487256712271017,0.0015178904055457262,-0.015964705436157623,0.0014871044498737072,-3.456582633205249e-05
50,4,542,25.190486907958984,0.9879631144493372,0.20950885139955958,0.12462592268811601,-0.16581761538595674,0.0021660653388459678,0.024672658481834475,-0.034671502817733624,0.0015142363198728521,-0.015924863656358867,0.00149035390370731,-3.480212364397382e-05
50,4,543,25.19046401977539,0.9881607204408986,0.2095203372987071,0.12463428034762651,-0.16579665609221755,0.0021663706245287034,0.02489348306387775,-0.03447175114147474,0.0015105432830792701,-0.015885135875243345,0.0014935605636825608,-3.5037668592258756e-05
50,4,544,25.190439224243164,0.9883570493943126,0.20953186253793654,0.12464265053736116,-0.16577569679847834,0.0021666698480212014,0.025112482192211752,-0.034273316095850326,0.0015068124715411086,-0.015845528172740826,0.0014967243305097652,-3.52724222615468e-05
50,4,545,25.190414428710938,0.9885520823305695,0.2095434113301769,0.12465100819687168,-0.16575473750473915,0.0021669608331526076,0.02532969274468919,-0.03407621368852767,0.0015030438852583678,-0.015806046628781083,0.0014998453034786178,-3.550632627879718e-05
50,4,546,25.190391540527344,0.9887457850093407,0.20955498837462774,0.12465939091683048,-0.16573377821099997,0.0021672443571267978,0.0255450093560166,-0.03388047993675819,0.0014992405305255991,-0.015766701883241224,0.0015029231847200346,-3.573934497159613e-05
50,4,547,25.190366744995117,0.988938156546133,0.20956657123903127,0.12466776110656515,-0.16571281891726078,0.002167521041706874,0.025758476806443702,-0.03368611083862504,0.0014954024073428021,-0.01572749849606857,0.001505957974234016,-3.597142645279629e-05
50,4,548,25.190343856811523,0.9891291987550149,0.20957815934801347,0.12467611876607565,-0.1656918596235216,0.00216779042057051,0.025970129339690878,-0.033493104393169826,0.001491530169252271,-0.015688448627122674,0.0015089494734411729,-3.620252207819704e-05
50,4,549,25.190322875976562,0.9893188256189528,0.20958974377715972,0.124684463895362,-0.1656709193663798,0.0021680538926846836,0.02617981681021494,-0.03330154664160421,0.0014876278682162268,-0.01564955683635086,0.0015118976823415048,-3.643258644654446e-05
50,4,550,25.1903018951416,0.9895070609477886,0.2096013077698479,0.12469278396420004,-0.165649979109238,0.002168310680845518,0.02638762614438299,-0.033111409570510446,0.0014836952428177522,-0.01561083376363023,0.0015148027002247068,-3.666157739953134e-05
50,4,551,25.190279006958008,0.9896937883377143,0.20961283722759813,0.12470107897258978,-0.16562905788869361,0.0021685601632899128,0.02659337031879913,-0.03292280923547637,0.0014797383056459495,-0.01557228244892567,0.001517664229221695,-3.688944953590375e-05
50,4,552,25.19025993347168,0.9898790327252215,0.20962433937809,0.12470936145075537,-0.16560815570474663,0.0021688040498663956,0.026797088845448416,-0.03273572162500105,0.0014757566645754428,-0.01553391505209673,0.0015204826664912475,-3.711615745440778e-05
50,4,553,25.190237045288086,0.9900627614072159,0.20963582608500864,0.1247176313986968,-0.16558729159399446,0.002169042029693416,0.0269988001632572,-0.0325501827563359,0.0014717522802331132,-0.015495737653073176,0.0015232578134539755,-3.734165575378951e-05
50,4,554,25.190216064453125,0.9902449152508436,0.20964725837262566,0.12472587628618992,-0.16556644651983968,0.002169275035415626,0.027198417345858372,-0.032366244654399585,0.0014677285510388883,-0.015457759371749669,0.0015259899679789623,-3.756590551868843e-05
50,4,555,25.190196990966797,0.9904255267991908,0.2096586515935157,0.12473409611323473,-0.1655456395188797,0.0021695036887961275,0.027395987807633995,-0.03218387730481595,0.001463685084867392,-0.015419983248091096,0.0015286784350383464,-3.778885810490392e-05
50,4,556,25.19017791748047,0.9906045619422965,0.20966999243944592,0.12474229087983124,-0.16552487059111454,0.0021697270571902675,0.027591448329407985,-0.03200311272291957,0.001459623973053964,-0.015382421441957003,0.0015313243068187676,-3.801047135412875e-05
50,4,557,25.19015884399414,0.9907819624962328,0.20968128327148122,0.12475048564642775,-0.16550413973654415,0.0021699451405980466,0.027784743594401275,-0.03182401093746278,0.0014555488754354495,-0.015345084593224487,0.0015339274840305314,-3.823070959394915e-05
50,4,558,25.190143585205078,0.990957755128236,0.2096925301081742,0.12475869294324841,-0.1654834469551686,0.002170157939019465,0.027975907846334244,-0.03164654593598624,0.001451459530594931,-0.015307974221875995,0.0015364876688045543,-3.8449527423111184e-05
50,4,559,25.190120697021484,0.9911319271220993,0.2097037099069518,0.12476687517962076,-0.16546279224698782,0.0021703651415729713,0.028164975328927266,-0.031470725722323574,0.0014473569842000785,-0.015271099447806186,0.001539005357589309,-3.866688268330764e-05
50,4,560,25.19010353088379,0.9913044627326254,0.2097148314960996,0.12477504488576896,-0.16544219464859927,0.00217056628193624,0.028351885457136596,-0.031296568305100504,0.0014432431968777735,-0.015234464830962387,0.00154148064967449,-3.888274294507145e-05
50,4,561,25.19008445739746,0.9914753528045587,0.20972587014224936,0.12478316447102054,-0.1654216541600029,0.0021707607383461697,0.028536659304020932,-0.03112407768623384,0.0014391192142956858,-0.015198079491239259,0.0015439136443497917,-3.9097062807148664e-05
50,4,562,25.190073013305664,0.9916445341724148,0.2097368230875085,0.12479127152604798,-0.16540117078119876,0.0021709478890396595,0.028719154626434096,-0.030953317896392742,0.0014349894805414129,-0.015161944948619242,0.0015463042423255198,-3.9309803354178806e-05
50,4,563,25.190053939819336,0.9918120059834102,0.20974769563840961,0.12479937858107541,-0.16538074451218682,0.002171127578575934,0.028899395131567113,-0.03078429093653562,0.0014308549105741663,-0.015126070322996999,0.001548652940050147,-3.952093864258819e-05
50,4,564,25.190038681030273,0.9919777524640032,0.20975847811665177,0.12480746057565453,-0.16536039438956449,0.0021713007395996443,0.029077349209831946,-0.030617010813371346,0.0014267168114785332,-0.015090463214284741,0.0015509601346824515,-3.97304200281762e-05
50,4,565,25.19002342224121,0.9921418143955772,0.20976916945089627,0.1248155300400095,-0.16534010137673433,0.002171469237400095,0.029253103787595706,-0.030451435506773292,0.0014225746604206789,-0.015055128182429801,0.0015532257269327385,-3.993821508147574e-05
50,4,566,25.19000816345215,0.9923041494733702,0.20977976366972848,0.12482356191369201,-0.1653198845102938,0.0021716307403656563,0.029426653596593716,-0.03028760703686809,0.001418431202278237,-0.015020069787379506,0.0015554501139597866,-4.0144297858913146e-05
50,4,567,25.189990997314453,0.9924647291043034,0.20979026452192875,0.12483158125715037,-0.1652997437902429,0.002171787113785632,0.029597953856576258,-0.030125555418031906,0.0014142887898034653,-0.014985298669010957,0.0015576335936326794,-4.034862944512791e-05
50,4,568,25.189979553222656,0.9926235440829243,0.20980065634912712,0.12483956300993626,-0.16527969825317898,0.002171938823982348,0.029766933445970235,-0.029965286653139973,0.0014101489914978686,-0.014950814827324157,0.001559776265241111,-4.055116768181283e-05
50,4,569,25.189964294433594,0.9927805958627414,0.20981092769747736,0.1248475071720497,-0.16525972886250467,0.002172086803600456,0.0299336529498194,-0.02980679674027547,0.001406013245154493,-0.014916627382213764,0.0015618787245232494,-4.075189311128765e-05
50,4,570,25.18994903564453,0.992935813722266,0.20982107703666256,0.12485542627371483,-0.1652398546548174,0.0021722301199953043,0.030097980661506915,-0.029650157713941194,0.001401885341318643,-0.014882742413609549,0.001563940971479094,-4.0950776547031986e-05
50,4,571,25.1899356842041,0.9930891948714277,0.20983107271883641,0.12486329525448334,-0.16522005659351968,0.0021723684622853424,0.030259942922356148,-0.02949536557222032,0.0013977675020341164,-0.014849162961476398,0.001565963701136507,-4.114777907368534e-05
50,4,572,25.189922332763672,0.9932407484383633,0.2098409397182644,0.12487113917480354,-0.165200353715209,0.0021725041620822,0.030419542366499432,-0.029342416313196028,0.0013936598580093728,-0.01481589358576164,0.001567947012785183,-4.134288771946088e-05
50,4,573,25.189910888671875,0.9933904440979417,0.20985064557249808,0.12487892044400298,-0.16518074601988533,0.0021726362867412253,0.0305767447502164,-0.029191333948369255,0.001389564892705128,-0.014782940366395051,0.0015698914028735944,-4.1536063568998105e-05
50,4,574,25.189899444580078,0.993538284292922,0.20986019258782548,0.12488662653185749,-0.16516125254414607,0.002172763903617766,0.030731550073507044,-0.029042116476781583,0.0013854839132059695,-0.014750307863323956,0.001571796970691436,-4.1727283921670044e-05
50,4,575,25.18988800048828,0.9936843157916516,0.20986959878433667,0.12489429502903955,-0.1651418542513938,0.002172889344323452,0.030884066335797166,-0.02889471987734797,0.0013814156124273102,-0.014717999116513244,0.0015736645105562644,-4.191652931979646e-05
50,4,576,25.18987464904785,0.9938285138823292,0.20987885823716246,0.12490190087510084,-0.16512257017822596,0.0021730113653320813,0.03103428563468976,-0.028749168161569357,0.0013773620817044898,-0.014686018685910244,0.0015754941217577738,-4.210377706275038e-05
50,4,577,25.189863204956055,0.9939708708473316,0.2098879530244692,0.12490943153981719,-0.16510340032464252,0.002173130277525204,0.031182171092332112,-0.028605465331362556,0.0013733243667051784,-0.014654368091497397,0.001577286300744437,-4.2288994721064726e-05
50,4,578,25.189851760864258,0.9941114152004925,0.20989687908946608,0.12491687449296449,-0.16508434469064348,0.002173243127528089,0.03132777539137095,-0.028463581372351405,0.0013693028595547524,-0.014623056453169365,0.0015790412460956432,-4.247216608000595e-05
50,4,579,25.189844131469727,0.9942501174774,0.20990563587826908,0.12492422973454269,-0.16506540327622887,0.002173349915340736,0.031471127507261984,-0.028323546298912067,0.0013653000437139277,-0.014592083770926146,0.0015807596528392544,-4.265327816778722e-05
50,4,580,25.189830780029297,0.9943869865204443,0.2099142283993872,0.12493152232500013,-0.16504657608139867,0.0021734518844893484,0.0316121905621525,-0.028185352107210904,0.0013613170955588335,-0.014561456124697511,0.0015824419181340486,-4.283231152672829e-05
50,4,581,25.189821243286133,0.9945219753755821,0.20992263810776718,0.12493871467366434,-0.16502788214275027,0.0021735491904147012,0.03175092240992511,-0.028049042818332953,0.0013573568906755623,-0.014531173514483462,0.0015840884391388043,-4.300924345620219e-05
50,4,582,25.1898136138916,0.9946551101389659,0.20993088686007294,0.12494583184098364,-0.1650093214602837,0.0021736426103206707,0.03188739680628523,-0.0279145964217357,0.0013534202133148661,-0.014501243540196215,0.001585699910881383,-4.31840642273688e-05
50,4,583,25.189802169799805,0.9947863492400798,0.20993893511646286,0.12495286129673386,-0.1649908749974015,0.002173730278917953,0.032021532093130446,-0.027782046933712123,0.001349509546937462,-0.014471664681853326,0.0015872766312308685,-4.335676086844128e-05
50,4,584,25.18979263305664,0.9949156840459689,0.20994679785505677,0.12495981557113914,-0.16497256179070113,0.002173814838699729,0.032153307197402045,-0.027651406360012693,0.0013456275057125242,-0.014442443019384568,0.0015888190966357335,-4.3527320407632804e-05
50,4,585,25.189786911010742,0.9950431202035279,0.20995445539108754,0.1249666445433029,-0.16495440087677998,0.0021738942689359195,0.0322827194849677,-0.027522664695845356,0.0013417740896400534,-0.014413581592754824,0.0015903279028341454,-4.369572338726311e-05
50,4,586,25.18977928161621,0.9951686518596506,0.2099619173146271,0.12497338580389758,-0.16493637321904064,0.0021739709012381543,0.03240981373607713,-0.02739582994504376,0.0013379513900553892,-0.014385077361999213,0.0015918032484054934,-4.38619665643855e-05
50,4,587,25.189767837524414,0.9952923539580726,0.20996918646652982,0.12498001429247488,-0.16491847881748312,0.0021740422485540278,0.03253472955974419,-0.027270826071188272,0.0013341564006639805,-0.014356937927029948,0.0015932456297982499,-4.402603696721314e-05
50,4,588,25.189760208129883,0.9954142101626585,0.20997627832589968,0.1249865550694831,-0.1649007367087048,0.002174110176172844,0.03265740110266044,-0.027147673083863018,0.0013303913435096261,-0.014329161767864584,0.0015946557420402773,-4.4187928109852605e-05
50,4,589,25.18975257873535,0.9955342261754031,0.20998316446292406,0.12499297054424978,-0.1648831468927057,0.002174175927620806,0.032777815194164214,-0.02702635897731752,0.001326656741426161,-0.014301750404485569,0.001596034081580048,-4.4347627020517065e-05
50,4,590,25.189743041992188,0.9956524119697324,0.20998985519421506,0.12499927324699908,-0.1648657093694858,0.00217424028010179,0.032896016614505225,-0.026906875747718138,0.0013229533786643375,-0.014274702316910455,0.0015973805491278673,-4.450513045625981e-05
50,4,591,25.189735412597656,0.995768769613096,0.20999635118290141,0.125005463177731,-0.16484842413904513,0.0021743041662604483,0.03301203170500685,-0.026789221394106465,0.001319282693017202,-0.014248023585069016,0.0015986963361600702,-4.466043517413413e-05
50,4,592,25.189727783203125,0.9958833119851798,0.21000266719021007,0.12501156539689384,-0.16483129120138368,0.00217436758609678,0.03312588417286011,-0.02667338591169044,0.0013156452073185896,-0.014221712688978809,0.001599981343386962,-4.48135314452999e-05
50,4,593,25.18972396850586,0.9959960414747514,0.21000879589277305,0.1250175799044876,-0.16481431055650142,0.0021744286743214823,0.03323755031087398,-0.02655936529855324,0.0013120417058192528,-0.014195771148622279,0.0016012365637054881,-4.496442899859725e-05
50,4,594,25.189716339111328,0.9961069404874195,0.21001474650498328,0.1250235067005123,-0.1647975012409958,0.0021744857210860263,0.03334701694838677,-0.02644717956427898,0.001308475064105284,-0.014170198963999422,0.001602462592853816,-4.511311486223934e-05
50,4,595,25.189712524414062,0.99621606796037,0.2100205016924606,0.1250293207245196,-0.16478084421826936,0.002174537482864209,0.03345438418242728,-0.026336764678198506,0.001304942275882132,-0.014144999175075128,0.0016036594308319455,-4.5259592279172885e-05
50,4,596,25.18970489501953,0.9963233876974543,0.21002606619599162,0.12503502197650954,-0.16476435852491955,0.002174585514063784,0.033559609866878115,-0.026228158658521624,0.0013014471316951006,-0.014120170261866953,0.0016048277726677387,-4.5403864492344584e-05
50,4,597,25.189699172973633,0.996428923628274,0.210031470208176,0.12504064804715453,-0.16474804416094635,0.002174631213651729,0.03366276512331237,-0.026121343496622637,0.0012979896315441898,-0.01409570918441001,0.0016059683133890575,-4.5545937987647865e-05
50,4,598,25.189693450927734,0.9965326731801787,0.2100366736761132,0.1250461738760063,-0.16473188208975237,0.0021746738044241677,0.03376380517148033,-0.026016313189626314,0.001294570690388611,-0.014071618982669185,0.0016070812515752906,-4.56858062791893e-05
50,4,599,25.18968963623047,0.9966346502304114,0.21004171461330687,0.12505162452351318,-0.16471589134793502,0.002174712820058774,0.03386280113295507,-0.02591306173465742,0.0012911910924791165,-0.014047898136662035,0.0016081673815439947,-4.5823475852862314e-05
50,4,600,25.18968391418457,0.9967348326371143,0.2100465530054238,0.1250569498687785,-0.16470007193549427,0.0021747487268778736,0.033959708227486875,-0.02581160313842483,0.0012878529291510464,-0.014024548166371003,0.001609227100453948,-4.595896292340045e-05
50,4,601,25.189680099487305,0.9968332798902714,0.21005122995999642,0.12506217497225056,-0.16468444288902753,0.0021747821466445686,0.03405461601557518,-0.02571188537600986,0.0012845547626113543,-0.014001566031831204,0.0016102610040433177,-4.609226424785699e-05
50,4,602,25.189674377441406,0.9969299851954999,0.21005572261567756,0.12506727477348112,-0.1646689851719374,0.002174813701121959,0.034147585082263746,-0.02561391044837092,0.0012812971156938755,-0.013978951733042639,0.0016112694894708823,-4.622338955507208e-05
50,4,603,25.18967056274414,0.9970249886912093,0.21006006383100378,0.1250723119235909,-0.1646536987842239,0.0021748446338362487,0.034238604891023205,-0.02551764433921502,0.0012780798576901512,-0.013956705270005304,0.0016122530531851142,-4.6352345330939116e-05
50,4,604,25.189666748046875,0.997118276351405,0.2100642241452959,0.12507724883190743,-0.16463858372588702,0.00217487416758356,0.034327649100530204,-0.02542309505237581,0.0012749042956847689,-0.013934825122736758,0.001613212290924181,-4.647914779019165e-05
50,4,605,25.189661026000977,0.9972098598680356,0.21006823105426908,0.12508209802865491,-0.16462365903352413,0.002174899970752264,0.0344147651251668,-0.025330256584978048,0.001271771606053857,-0.013913311291237003,0.0016141476991365553,-4.660379693282968e-05
50,4,606,25.189659118652344,0.9972997956753996,0.21007209273632801,0.12508687204405747,-0.16460890567053788,0.0021749242195132144,0.03450006623262347,-0.02523907291018623,0.0012686791746282409,-0.013892157695576262,0.0016150594764016261,-4.672630248769333e-05
50,4,607,25.189653396606445,0.99738804455099,0.2100757808444889,0.12509153328744263,-0.16459434267352563,0.002174946602984861,0.034583439155209734,-0.025149578044293342,0.0012656301384109305,-0.013871365855736983,0.0016159481191678664,-4.684668066951615e-05
50,4,608,25.18964958190918,0.9974746097581537,0.21007929251428056,0.12509608175881043,-0.16457995100589,0.0021749691418972827,0.03466497345342504,-0.025061767985382566,0.001262625935194972,-0.013850931211771833,0.0016168144217528324,-4.696494445008497e-05
50,4,609,25.189647674560547,0.9975595507152519,0.2100826684077012,0.1251005550488333,-0.16456574970422838,0.0021749910590466034,0.03474470337098977,-0.024975590708535212,0.001259663689394273,-0.013830853763680815,0.0016176583841565242,-4.708110680118662e-05
50,4,610,25.18964385986328,0.9976428472142806,0.21008589631328523,0.12510495315751125,-0.1645517387685408,0.002175013753399801,0.03482256832286016,-0.02489106422237698,0.0012567465380118434,-0.013811133511463927,0.0016184809992758873,-4.719518718050136e-05
50,4,611,25.189640045166016,0.9977245257026844,0.2100889531076331,0.12510925102439593,-0.1645378991622298,0.0021750353596675705,0.03489862625994764,-0.02480815651157329,0.0012538734353800133,-0.013791759815244067,0.0016192822671109218,-4.73071920739226e-05
50,4,612,25.189634323120117,0.9978046307129981,0.21009188315885113,0.1251134862401599,-0.16452424992189285,0.002175056188731464,0.03497292986489894,-0.02472683155887274,0.0012510433358311128,-0.013772738754951008,0.0016200628826894897,-4.741713769618389e-05
50,4,613,25.18963050842285,0.9978831852968839,0.21009468452645605,0.12511763374435475,-0.1645107910475299,0.002175076240591481,0.03504557133234582,-0.02464706535277441,0.0012482555858228477,-0.01375406425065498,0.0016208230445909795,-4.752504026201877e-05
50,4,614,25.18962860107422,0.9979601829707729,0.21009735427216034,0.1251217060672047,-0.16449752253914096,0.0021750948934845197,0.03511650061377391,-0.024568863896153523,0.0012455120152736411,-0.013735733262391091,0.0016215637457123373,-4.763091598616078e-05
50,4,615,25.189626693725586,0.9980356398142888,0.21009989433647094,0.12512569067848558,-0.16448444439672605,0.0021751102821212765,0.03518578619662394,-0.024492211181342795,0.0012428121013496574,-0.01371774275019446,0.0016222844896050903,-4.7734777840396755e-05
50,4,616,25.18962287902832,0.998109598412228,0.2101023028007437,0.12512960010842153,-0.16447153758368774,0.0021751241163502806,0.03525347022701332,-0.02441706318725718,0.0012401549290916858,-0.013700095754029973,0.0016229862691661836,-4.783664852535366e-05
50,4,617,25.189620971679688,0.9981821003521172,0.21010460061657554,0.12513343435701255,-0.16445882113662344,0.002175134997204553,0.03531960275345642,-0.02434338189568687,0.0012375391914151387,-0.013682781634020525,0.0016236697794234794,-4.7936550741658445e-05
50,4,618,25.189619064331055,0.9982531348653321,0.21010677392096874,0.1251371558335862,-0.16444629505553318,0.002175144012769522,0.035384244360997005,-0.024271175310465506,0.0012349656725707684,-0.013665798870183675,0.0016243351196666724,-4.803450718993808e-05
50,4,619,25.18961524963379,0.9983227306114892,0.21010882878364215,0.1251407770683666,-0.16443395934041694,0.0021751506967228607,0.03544739504963506,-0.024200415418175338,0.0012324341111416576,-0.013649148982501864,0.0016249827863442348,-4.813052759903269e-05
50,4,620,25.189611434936523,0.9983909022069529,0.21011078831769975,0.12514433565202626,-0.1644218139912747,0.0021751561371499972,0.03550907062416461,-0.024131092214024305,0.0012299450299616413,-0.01363282437106288,0.0016256131766149455,-4.822464115546265e-05
50,4,621,25.189611434936523,0.9984576661911518,0.21011263807108377,0.12514780652411683,-0.16440985900810648,0.0021751586242024024,0.035569281621115,-0.0240631856884283,0.0012274981676138018,-0.013616826555849166,0.0016262267869272767,-4.831685758806808e-05
50,4,622,25.189607620239258,0.9985230303000826,0.21011437768982005,0.12515120221486248,-0.16439807535431486,0.002175158468761627,0.03562808072313297,-0.023996687837553682,0.0012250939162235155,-0.013601147936948502,0.001626824014440007,-4.840720608336936e-05
50,4,623,25.189607620239258,0.9985869848571001,0.21011600795869037,0.12515451019403903,-0.16438648206649728,0.0021751587796431777,0.03568543632063047,-0.023931608666192497,0.0012227337135838287,-0.013585788514360892,0.0016274052563119141,-4.8495715827886884e-05
50,4,624,25.189607620239258,0.9986495652332099,0.2101175296865114,0.12515773046164655,-0.16437507914465369,0.0021751594014062787,0.03574136421840152,-0.023867912157093357,0.0012204165140270713,-0.013570739168191676,0.0016279708104120823,-4.858240303635417e-05
50,4,625,25.189603805541992,0.9987107717319156,0.2101189535913598,0.1251608755479091,-0.16436386658878413,0.0021751597122878297,0.03579589075776949,-0.023805600311214665,0.0012181432325124547,-0.013555999898440854,0.001628520974609595,-4.8667287166451486e-05
50,4,626,25.189603805541992,0.9987706277197901,0.21012026077851578,0.1251639329226026,-0.1643528253622912,0.0021751615775771334,0.03584904491419008,-0.023744645115138668,0.0012159129540807675,-0.013541566145161096,0.0016290563446426192,-4.875039091880578e-05
50,4,627,25.189599990844727,0.998829153959772,0.21012147549096327,0.12516692764617535,-0.16434197450177226,0.002175163753747988,0.03590080298047227,-0.02368503056119808,0.0012137259401489272,-0.01352743182842263,0.0016295770198008497,-4.8831740236990737e-05
50,4,628,25.189598083496094,0.9988863535607952,0.2101226031758206,0.12516987224885145,-0.16433131400722736,0.0021751654635965164,0.03595115968835138,-0.02362675464843449,0.0012115829749676863,-0.013513596948225457,0.0016300834965327594,-4.8911351335739886e-05
50,4,629,25.18959617614746,0.9989422611964442,0.2101236412962043,0.1251727542004068,-0.16432082484205907,0.002175166240800393,0.03600023884204723,-0.023569781359596493,0.00120948249003554,-0.013500056944622248,0.0016305761719971263,-4.8989253401573604e-05
50,4,630,25.18959617614746,0.99899688500029,0.21012459129011038,0.12517556097061722,-0.16431052604286478,0.002175165308155741,0.03604801410023645,-0.023514102690850452,0.0012074248774778644,-0.013486804217700786,0.0016310552447733396,-4.906547237806557e-05
50,4,631,25.189594268798828,0.9990502897652173,0.2101254544761994,0.12517829255948273,-0.16430039857304712,0.0021751639091887633,0.03609458555994784,-0.0234596526105688,0.001205407131000108,-0.013473838767461072,0.0016315209134407885,-4.91400179940559e-05
50,4,632,25.189594268798828,0.9991024877033785,0.2101262517217604,0.1251809489670033,-0.16429046146920348,0.0021751617330179086,0.036139995367298776,-0.02340642311491789,0.0012034292506022711,-0.013461154513973332,0.0016319738730273346,-4.921292916490511e-05
50,4,633,25.189592361450195,0.9991535211124374,0.21012697965537197,0.12518354272340312,-0.16428069569473644,0.0021751597122878297,0.036184272497744974,-0.023354370182812684,0.0012014891449490135,-0.013448749937255125,0.0016324142228226726,-4.9284218862400016e-05
50,4,634,25.189592361450195,0.9992034534661505,0.2101276612074155,0.12518606129845802,-0.1642711202862434,0.002175158935083953,0.03622751441418288,-0.023303433785500843,0.0011995847227049953,-0.013436617437394233,0.0016328419628268026,-4.9353909787167586e-05
50,4,635,25.189590454101562,0.9992522572829724,0.21012827725292094,0.12518851722239213,-0.164261716207127,0.002175158468761627,0.036269657897436414,-0.023253637934483307,0.001197717290954804,-0.013424755494408216,0.0016332581852263645,-4.9422040854568334e-05
50,4,636,25.18958854675293,0.9992999337950386,0.2101288244145905,0.12519089796498134,-0.16425248345738722,0.0021751587796431777,0.03631073192296128,-0.02320498062880166,0.0011958882874914857,-0.013413161068332185,0.0016336627907316639,-4.948862503638908e-05
50,4,637,25.18958854675293,0.9993465011263184,0.21012930496960375,0.12519321605644976,-0.16424342203702405,0.0021751572252354245,0.036350712783566455,-0.023157443859830207,0.0011940971894812055,-0.013401828079236369,0.001634055878632395,-4.955369476209691e-05
50,4,638,25.18958854675293,0.9993919511445016,0.21012969890801833,0.1251954464363491,-0.1642345319460375,0.002175154271860693,0.0363895767720609,-0.023111031629485766,0.0011923447811747162,-0.013390751967173438,0.001634437945377031,-4.961726624642538e-05
50,4,639,25.189586639404297,0.9994362918931288,0.21013002616579723,0.12519760163490354,-0.16422581318442755,0.0021751530283344906,0.03642740027828238,-0.023065739935851516,0.0011906318468227698,-0.01337993121216095,0.0016348096859934338,-4.9679368675894856e-05
50,4,640,25.189584732055664,0.9994795660362803,0.21013030348633377,0.12519970671256136,-0.16421726575219422,0.002175151784808288,0.036464199107024926,-0.023021528759759234,0.0011889564257984851,-0.013369361254251573,0.0016351706040331302,-4.9740027994079014e-05
50,4,641,25.189584732055664,0.9995217930514899,0.21013053968962725,0.12520176166932256,-0.1642088896493375,0.0021751491423151075,0.03650002857506759,-0.022978380092583225,0.0011873179952680275,-0.013359039053480425,0.0016355215931033716,-4.979927014455151e-05
50,4,642,25.189584732055664,0.9995629755852297,0.21013071950223744,0.125203753974963,-0.1642006848758574,0.0021751454117365,0.03653484917042533,-0.022936287931448255,0.0011857170780652318,-0.013348958529917729,0.001635862752493852,-4.985710485615249e-05
50,4,643,25.18958282470703,0.9996031714573318,0.2101308575127345,0.1252056710992585,-0.1641926514317539,0.0021751410593947905,0.036568792599714975,-0.022895196249518808,0.0011841504064786289,-0.01333911512361616,0.0016361941814942666,-4.991357753013586e-05
50,4,644,25.189584732055664,0.9996423634573496,0.21013092763064642,0.12520751304220912,-0.16418477028042963,0.002175135308086104,0.03660179827789278,-0.02285511705254536,0.0011826194183012656,-0.013329505794610829,0.0016365161779736987,-4.9968691409448324e-05
50,4,645,25.1895809173584,0.9996806218509122,0.21013094775439586,0.12520926727359064,-0.164177060458482,0.0021751278469288884,0.03663393205826718,-0.022815982307941927,0.0011811213686555076,-0.01332012294298952,0.0016368289405115375,-5.00224854094504e-05
50,4,646,25.1895809173584,0.9997179555176386,0.2101309136988047,0.12521094632362723,-0.16416950292931354,0.002175119608567796,0.036665215013896836,-0.022777782010916462,0.0011796556039990614,-0.013310966568752235,0.001637132469107783,-5.007497574487561e-05
50,4,647,25.1895809173584,0.999754369811296,0.21013086019255187,0.12521258778299135,-0.16416211672952172,0.0021751098157989507,0.03669563660825243,-0.022740518162427368,0.0011782233007080558,-0.013302032111951644,0.0016374277566593804,-5.012618511635094e-05
50,4,648,25.1895809173584,0.9997898835762979,0.2101308025324441,0.12521424177257964,-0.1641548828225091,0.0021750992458262285,0.03672520210959862,-0.02270417475480736,0.0011768239359486558,-0.01329331653262286,0.0016377146045869412,-5.017614595334346e-05
50,4,649,25.189579010009766,0.9998245201298042,0.210130721577448,0.12521585817149547,-0.16414780120827568,0.0021750900748204846,0.03675397737124382,-0.02266872377463868,0.0011754564640531913,-0.013284813750836112,0.0016379933107595487,-5.022487447058672e-05
50,4,650,25.189577102661133,0.999858289246391,0.21013060809312006,0.12521741191929053,-0.1641408718868215,0.00217508323542637,0.036781999271040755,-0.02263415321617087,0.001174120492896286,-0.013276517686661627,0.001638263577308119,-5.027239336870767e-05
50,4,651,25.189579010009766,0.9998912132314923,0.2101304658812677,0.12521891554618897,-0.1641340948581465,0.0021750790385254366,0.03680924937006306,-0.022600441068861398,0.0011728158917694812,-0.01326842682011696,0.00163852599997082,-5.031873507717341e-05
50,4,652,25.189577102661133,0.9999232914812282,0.21013030141805594,0.12522038158241494,-0.16412747012225073,0.002175077794999234,0.036835725034178396,-0.022567589333668682,0.0011715422685474007,-0.013260538111237228,0.001638781273775513,-5.036391256777076e-05
50,4,653,25.189577102661133,0.9999545509871774,0.21013012203127468,0.12522181002796845,-0.16412099767913418,0.0021750779504400093,0.03686147104363649,-0.02253557199813338,0.0011702994925215857,-0.013252848520057542,0.0016390289022737258,-5.040795826996681e-05
50,4,654,25.189577102661133,0.9999849859684383,0.21012991864481254,0.12522320088284952,-0.16411465849219944,0.0021750771732361326,0.03688652427629005,-0.022504393064172304,0.0011690876944004949,-0.013245351966648132,0.0016392696797830142,-5.0450885155548406e-05
50,4,655,25.189577102661133,1.0000146349817838,0.21012969790538794,0.12522454161683397,-0.16410847159804393,0.002175075463387604,0.03691088209800675,-0.022474014513575655,0.001167905436391082,-0.013238048451008996,0.0016395035070136841,-5.049272565398262e-05
50,4,656,25.189577102661133,1.0000435098204308,0.21012944135133554,0.12522581969969765,-0.1641024179600702,0.00217507126648667,0.03693457085010995,-0.02244442033867614,0.0011667520649510533,-0.01323093037322792,0.0016397305825451246,-5.0533495980003e-05
50,4,657,25.189577102661133,1.0000716247478973,0.2101291890445213,0.125227072722113,-0.1640965166148757,0.0021750656706187588,0.036957608971526,-0.02241560453659852,0.001165627580080409,-0.013223994693340015,0.0016399509063773354,-5.0573215591289794e-05
50,4,658,25.1895751953125,1.000099001615104,0.21012892395080882,0.12522828815385592,-0.164090748525863,0.0021750583649023185,0.03698003070597528,-0.022387541094883463,0.001164530936111479,-0.01321723381143307,0.0016401647763794004,-5.061191367436338e-05
50,4,659,25.189577102661133,1.000125676495727,0.2101286594759349,0.12522949105537468,-0.16408511369303214,0.0021750488830150237,0.03700182815106079,-0.022360195997237972,0.0011634605645427579,-0.013210649247489523,0.0016403723911307087,-5.06496032010106e-05
50,4,660,25.1895751953125,1.000151654161713,0.21012839042967071,0.1252306688964451,-0.16407961211638306,0.00217503738039765,0.03702301711157654,-0.02233356324078682,0.0011624165960827048,-0.01320423644156205,0.0016405738499209546,-5.068630687185841e-05
50,4,661,25.189577102661133,1.0001769327381331,0.21012810792627226,0.1252318091468431,-0.1640742437959158,0.0021750241679317473,0.03704359231925785,-0.02230764282553,0.0011613996842736133,-0.013197990833703318,0.0016407697484883057,-5.072204738753377e-05
50,4,662,25.189577102661133,1.000201543320076,0.21012781112782317,0.12523292433679278,-0.16406898969503295,0.002175010489143519,0.03706359328608978,-0.022282402736132943,0.0011604077377801436,-0.01319190938394844,0.0016409597889636782,-5.075685717750376e-05
50,4,663,25.189573287963867,1.000225486092829,0.21012751034282506,0.12523401446629415,-0.16406386885033192,0.002174997587559167,0.03708299630488131,-0.022257844973554052,0.0011594419329784243,-0.013185989052332533,0.0016411440706367666,-5.079073299882168e-05
50,4,664,25.189573287963867,1.0002487572101153,0.21012719667632226,0.1252350544748989,-0.16405888126181267,0.002174986551264119,0.03710183825348513,-0.022233971538751746,0.0011585025312853727,-0.013180225278908267,0.0016413230899560438,-5.082371700979474e-05
50,4,665,25.1895751953125,1.0002713934471834,0.21012687763982318,0.12523606942305535,-0.16405400789287786,0.0021749778465807008,0.03712016391215097,-0.022210746414474618,0.0011575874413656494,-0.01317461350372831,0.0016414967476318153,-5.085581569631635e-05
50,4,666,25.189573287963867,1.0002934433598087,0.21012657021549405,0.12523707184098765,-0.16404924874352747,0.0021749713180681373,0.037138028597657906,-0.022188123578679223,0.0011566945718839137,-0.013169152206810222,0.0016416650436640809,-5.088704851606677e-05
50,4,667,25.189573287963867,1.0003149263366613,0.21012629210269745,0.12523806172869578,-0.16404462285035887,0.00217496556675945,0.03715545074893229,-0.022166087023698263,0.0011558232692978722,-0.013163836828206672,0.0016418284745013134,-5.0917438169672956e-05
50,4,668,25.189573287963867,1.0003358524711736,0.2101260170009857,0.12523901402573145,-0.1640401111767747,0.002174962147062393,0.03717245143903282,-0.022144620741864456,0.0011549726186483133,-0.013158665847935217,0.001641987040143513,-5.094701060070858e-05
50,4,669,25.189573287963867,1.000356169880875,0.21012572140715483,0.1252399287320947,-0.1640357137227749,0.002174961058976966,0.037188898961342656,-0.022123772756179664,0.0011541466718974589,-0.013153637746013414,0.001642140839880374,-5.0975762566226926e-05
50,4,670,25.189573287963867,1.0003759257003124,0.21012543408062417,0.12524083090823376,-0.16403143048835955,0.0021749612144177414,0.037204874973964235,-0.022103501046517256,0.0011533426841676747,-0.013148744922529048,0.0016422902708706747,-5.100373946748192e-05
50,4,671,25.189573287963867,1.0003951156418514,0.21012511585993837,0.1252416829634762,-0.16402724243693118,0.002174961058976966,0.03722036894036822,-0.02208380161096041,0.001152561047584337,-0.013143988897464562,0.0016424350352453314,-5.103094779036699e-05
50,4,672,25.189573287963867,1.000413737516796,0.21012478428137954,0.1252424974280462,-0.16402316860508723,0.002174960748095415,0.03723535715336357,-0.022064680452384362,0.0011518022849812811,-0.01313936207090774,0.0016425756294528172,-5.105740050666894e-05
50,4,673,25.189573287963867,1.000431826853488,0.210124450031428,0.12524329936239204,-0.1640191899562303,0.0021749584164837852,0.03724990019799403,-0.022046103554496117,0.0011510649585654603,-0.013134864442858583,0.001642712152782826,-5.108312680290818e-05
50,4,674,25.189571380615234,1.000449421430011,0.21012414400579285,0.12524410129673785,-0.16401532552695777,0.002174954375023627,0.037264048122774,-0.022028038901961106,0.001150346977001535,-0.013130492973352203,0.0016428446052353584,-5.110813640792482e-05
50,4,675,25.189573287963867,1.0004665122367964,0.2101238419017581,0.1252449032310837,-0.16401155628067224,0.002174948157392614,0.03727775087918908,-0.022010490496696147,0.0011496495166656339,-0.013126240062476386,0.0016429726889413306,-5.11324455364524e-05
50,4,676,25.189573287963867,1.000483070501504,0.21012353718160753,0.12524570516542954,-0.16400788221737372,0.0021749405407946233,0.03729097158938656,-0.021993486352118993,0.001148974015350803,-0.013122107230213573,0.001643096900349215,-5.115606716027776e-05
50,4,677,25.189573287963867,1.0004991729317965,0.21012325992669936,0.12524649456955123,-0.1640043223736596,0.0021749329241966325,0.03730384195998327,-0.02197695443372685,0.001148317074637115,-0.013118085356669109,0.0016432173387487066,-5.117902722297457e-05
50,4,678,25.189573287963867,1.0005148306562892,0.21012298875599078,0.12524725891322458,-0.16400085771293252,0.002174926862006395,0.037316367259243886,-0.021960878733852426,0.0011476772567315234,-0.013114175961825434,0.0016433340041398052,-5.120133869632966e-05
50,4,679,25.189573287963867,1.0005300368387835,0.21012273750777027,0.12524802325689796,-0.16399748823519245,0.0021749201780530557,0.03732854221890373,-0.021945269257287778,0.001147055215176322,-0.013110377525700106,0.0016434469958122053,-5.122301455212987e-05
50,4,680,25.189571380615234,1.0005448386388733,0.2101224886380444,0.12524877507034718,-0.16399419490384196,0.002174913494099717,0.03734039581441851,-0.02193007397911422,0.0011464489893446297,-0.013106685488345796,0.0016435563137659071,-5.124406127626861e-05
50,4,681,25.189571380615234,1.0005592393305365,0.21012225778079643,0.12524951435357226,-0.16399099675547849,0.002174907276468704,0.03735193331405289,-0.02191529289933175,0.0011458576642772351,-0.01310309832978006,0.0016436624544493832,-5.126451129821297e-05
50,4,682,25.189571380615234,1.000573272376183,0.21012205515059976,0.12525025363679732,-0.163987893790102,0.0021749002816338144,0.037363170522600894,-0.02190089400260579,0.0011452807171403033,-0.013099616050002899,0.0016437654178626335,-5.128437758974979e-05
50,4,683,25.189573287963867,1.0005869189859644,0.2101218565564575,0.1252509929200224,-0.16398486697111517,0.0021748934422397,0.037374057391548136,-0.021886891295645222,0.0011447188014761282,-0.01309623256908454,0.0016438653032953528,-5.1303669879719186e-05
50,4,684,25.189571380615234,1.0006001964671998,0.2101216885983849,0.12525173220324745,-0.16398193533511532,0.002174887535490238,0.03738465977420302,-0.021873272772699577,0.0011441711330339567,-0.013092949407007426,0.0016439620114578465,-5.1322397896961284e-05
50,4,685,25.1895694732666,1.0006131057917782,0.21012152805761145,0.12525245895624837,-0.16397907984550505,0.0021748836494708546,0.037394975036433215,-0.02186003243089362,0.0011436382346476245,-0.013089760483841783,0.0016440559395088927,-5.1340594070943175e-05
50,4,686,25.189571380615234,1.000625604379972,0.21012137702766737,0.1252531857092493,-0.16397630050228443,0.002174881006977674,0.03740497156865067,-0.021847214291312395,0.0011431229819032235,-0.013086670359534945,0.0016441472860278805,-5.135826488755828e-05
50,4,687,25.189573287963867,1.0006377181501043,0.21012122843903513,0.12525389993202604,-0.1639735973054534,0.002174878519925269,0.037414654639120075,-0.02183479034053815,0.0011426231527569555,-0.013083671434174693,0.0016442360510148099,-5.1375416832700004e-05
50,4,688,25.189573287963867,1.0006494559125292,0.2101210497580424,0.12525457656413033,-0.16397097025501198,0.00217487649919519,0.037423926784944966,-0.021822744570903593,0.0011421395314595727,-0.01308076066779614,0.0016443221351799865,-5.139207584994202e-05
50,4,689,25.189571380615234,1.0006607998463517,0.21012083992832326,0.12525520307533802,-0.16396841935096015,0.002174874633905886,0.03743282488397806,-0.021811094991034424,0.0011416718565941577,-0.013077936540416843,0.0016444056378131047,-5.1408248425177754e-05
50,4,690,25.189573287963867,1.0006718065745601,0.2101206263475298,0.12525579199587325,-0.16396594459329794,0.0021748721468534808,0.03744146220390983,-0.02179978957601196,0.0011412180368253703,-0.013075196012071919,0.0016444865589141646,-5.142393780135391e-05
50,4,691,25.189573287963867,1.0006824583685243,0.21012039930811546,0.125256343325736,-0.16396354598202534,0.002174871369649604,0.03744978606209354,-0.021788844333503483,0.0011407787256955046,-0.013072534522814037,0.0016445649977728607,-5.1439166679097445e-05
50,4,692,25.189573287963867,1.0006927836683452,0.21012017299756433,0.12525686959515045,-0.16396122351714235,0.0021748704370049524,0.037457833336381904,-0.021778233251049654,0.0011403532696622665,-0.013069955112608082,0.001644641152968582,-5.145394154430178e-05
50,4,693,25.189571380615234,1.0007027420613543,0.21011991331764576,0.12525735827389245,-0.16395895816205155,0.002174869348919525,0.03746554080759884,-0.02176799034494346,0.0011399434986440785,-0.013067450181541838,0.0016447148259219396,-5.1468278611700445e-05
50,4,694,25.189571380615234,1.0007124156382199,0.21011966648502006,0.12525782189218615,-0.16395676895335037,0.0021748673281894457,0.03747304281649353,-0.02175804157972369,0.0011395449685533434,-0.013065019729615308,0.001644786115922628,-5.1482177881293455e-05
50,4,695,25.189573287963867,1.000721836904754,0.21011942878777778,0.12525826045003152,-0.16395463685444137,0.0021748625095254106,0.037480402582242035,-0.021748352939097357,0.0011391557187631796,-0.013062662236846047,0.0016448547251015633,-5.149566205370777e-05
50,4,696,25.1895694732666,1.0007310420406648,0.21011919564291334,0.12525866141720443,-0.16395256186532461,0.0021748561364536225,0.03748763854377073,-0.021738886404854652,0.0011387735272297885,-0.013060371623304283,0.0016449214477763023,-5.150872788599668e-05
50,4,697,25.189571380615234,1.0007399765199865,0.21011896831439655,0.12525903732392904,-0.16395056302259742,0.0021748494525002837,0.03749463216512444,-0.021729698003831083,0.0011384021844984737,-0.013058149408972458,0.0016449855889189829,-5.152141105057397e-05
50,4,698,25.1895694732666,1.0007486666367313,0.2101187415579838,0.12525937563998119,-0.16394862128966248,0.0021748418359022925,0.03750148090919964,-0.021720759722608896,0.0011380399913592716,-0.013055991033903244,0.001645047843557467,-5.15336953327061e-05
50,4,699,25.189571380615234,1.0007571095618135,0.21011852982317575,0.1252597014258092,-0.1639467366665197,0.002174832975778099,0.037508182141864,-0.021712077564063324,0.0011376874706460172,-0.013053896498096641,0.0016451076159535872,-5.154560667596675e-05
50,4,700,25.189573287963867,1.0007652942044531,0.21011831777754522,0.12526001468141304,-0.16394490915316914,0.0021748255146208837,0.0375146489367504,-0.021703659532028012,0.0011373461908602155,-0.013051868841517536,0.0016451658990042893,-5.1557151566249326e-05
50,4,701,25.1895694732666,1.0007732251295303,0.21011810858468122,0.12526031540679272,-0.1639431387496108,0.0021748200741937476,0.03752089973278518,-0.02169550162458614,0.0011370149756257375,-0.013049906544183481,0.0016452222955507948,-5.1568346218287375e-05
50,4,702,25.189571380615234,1.000780890674414,0.21011787463394146,0.1252605910717241,-0.16394140641924726,0.002174816499055915,0.03752690818864501,-0.02168760984461293,0.001136694739901795,-0.013048000486199824,0.0016452769048827985,-5.157920036092102e-05
50,4,703,25.1895694732666,1.0007882889436956,0.2101176348481092,0.12526085420643132,-0.16393973119867591,0.0021748147892073862,0.037532653231271175,-0.021679990194983633,0.0011363866600645161,-0.013046156747496334,0.0016453302234487727,-5.15897269659371e-05
50,4,704,25.189571380615234,1.0007954529614373,0.21011739743019767,0.12526109228069024,-0.16393811308789677,0.002174814633766611,0.03753822442116311,-0.021672610660363658,0.0011360881219447264,-0.01304437076812568,0.001645381556220856,-5.159991954744219e-05
50,4,705,25.189571380615234,1.0008023422901227,0.21011713739707671,0.12526131782472502,-0.16393653305031244,0.002174815100088937,0.03754352429542439,-0.02166550725800441,0.0011358016090031418,-0.013042639508122981,0.001645431697516605,-5.16098137778501e-05
50,4,706,25.189573287963867,1.0008090239201581,0.2101168944066972,0.12526153083853564,-0.1639350101225203,0.002174817120819016,0.037548692463068835,-0.021658619959153556,0.0011355233306944586,-0.01304096144750579,0.0016454799523081573,-5.1619390199480564e-05
50,4,707,25.1895694732666,1.0008154904163513,0.21011667947188586,0.12526176891279456,-0.16393354430452037,0.002174818830667545,0.037553665704920365,-0.02165195876860315,0.0011352545941032642,-0.013039335066291662,0.001645526519174902,-5.162867475590725e-05
50,4,708,25.189571380615234,1.0008217625070224,0.21011647021972268,0.12526200698705348,-0.16393211655971526,0.002174820385075298,0.037558486167096373,-0.02164549767389385,0.0011349940921449712,-0.013037758844498159,0.0016455717952756177,-5.1637670690076875e-05
50,4,709,25.189571380615234,1.000827832466065,0.21011626701282898,0.1252622450613124,-0.16393072688810495,0.0021748205405160734,0.037563156483729196,-0.0216392446788593,0.0011347418248195797,-0.013036231262142836,0.0016456155820309152,-5.164639097377627e-05
50,4,710,25.189571380615234,1.0008337244932604,0.2101160919375644,0.1252624831355713,-0.1639293943262868,0.0021748191415490955,0.03756771880093622,-0.021633179773915392,0.0011344968771678783,-0.013034747759278362,0.0016456576808614053,-5.165482912111202e-05
50,4,711,25.189571380615234,1.0008394344323657,0.21011592523756523,0.12526272120983023,-0.16392809983766352,0.0021748166544966903,0.03757214414326173,-0.02162730295906212,0.0011342593798983256,-0.013033312895852068,0.0016456983896361715,-5.1663001346817667e-05
50,4,712,25.189571380615234,1.0008449388505836,0.2101157671292762,0.1252629718143133,-0.163926843422235,0.0021748133902404084,0.0375763929987207,-0.02162163824580042,0.0011340310322208857,-0.013031923631899067,0.0016457380062242979,-5.167091737973333e-05
50,4,713,25.189573287963867,1.0008502776877264,0.21011563080563808,0.1252632474792447,-0.1639256250800013,0.0021748090378986996,0.03758049697690115,-0.021616147615920484,0.0011338094813833008,-0.013030581487401802,0.001645776530625784,-5.1678583705752436e-05
50,4,714,25.189573287963867,1.000855465622587,0.21011550231889056,0.1252635106139519,-0.1639244448109624,0.0021748034420307877,0.037584506126317474,-0.021610813060796607,0.0011335936817179011,-0.013029278862448057,0.001645813565681852,-5.168600356782168e-05
50,4,715,25.189571380615234,1.0008605194636033,0.21011537798382868,0.125263761218435,-0.1639233026151183,0.002174797846162876,0.037588399373910994,-0.021605616571803096,0.0011333829796823928,-0.013028017277020278,0.001645849210682196,-5.169317696594108e-05
50,4,716,25.189573287963867,1.0008654297919062,0.2101152595618447,0.12526398676246975,-0.163922198492469,0.0021747927166172903,0.03759222940232844,-0.021600568153732003,0.0011331775059852344,-0.013026793691153575,0.0016458836642062056,-5.1700129843684297e-05
50,4,717,25.1895694732666,1.0008702100092268,0.21011514562984893,0.1252641872460562,-0.1639211324430145,0.0021747875870717047,0.03759598830917279,-0.021595653799874447,0.0011329766070841325,-0.01302560810484795,0.0016459168269641858,-5.170685895810462e-05
50,4,718,25.1895694732666,1.000874881720206,0.21011504591262617,0.12526437519941852,-0.16392010446675484,0.002174782302085344,0.037599689265105735,-0.021590853500646327,0.0011327798908537105,-0.013024458998120962,0.0016459485996664425,-5.1713367552148755e-05
50,4,719,25.189571380615234,1.000879391337527,0.21011493822005667,0.12526455062255668,-0.16391909552709255,0.002174778416065961,0.03760329012400989,-0.02158621728000791,0.0011325898407546849,-0.013023349410937492,0.001645979776630532,-5.171967508349696e-05
50,4,720,25.189571380615234,1.000883732451686,0.2101148198418795,0.1252647009852465,-0.16391812466062505,0.002174774374605802,0.03760673556910619,-0.02158175114083443,0.0011324076331631844,-0.013022276303332657,0.0016460100599873702,-5.172577506625582e-05
50,4,721,25.1895694732666,1.000887889797002,0.21011470201141708,0.1252648388177122,-0.16391719186735237,0.002174771265790296,0.037610046673453315,-0.021577473091751596,0.0011322333987876679,-0.013021239675306457,0.001646039350447263,-5.173168371515887e-05
50,4,722,25.189571380615234,1.0008918771668094,0.21011455721765837,0.12526495158972958,-0.1639162781106771,0.0021747686232971154,0.03761319446159557,-0.021573363123175288,0.001132067268336594,-0.013020239526858893,0.0016460681444586832,-5.173741075904624e-05
50,4,723,25.1895694732666,1.0008956883602274,0.21011439320666472,0.1252650267710745,-0.16391540242719663,0.002174766602567036,0.037616181567665295,-0.02156942923893915,0.001131909111101504,-0.013019274338007519,0.0016460960448628523,-5.1742946469077795e-05
50,4,724,25.189571380615234,1.0008993299889397,0.21011421354700388,0.12526508942219527,-0.16391454578031356,0.0021747655144816087,0.03761902906472118,-0.021565665436167954,0.001131758273540104,-0.013018339548805007,0.0016461230516597704,-5.1748310302933806e-05
50,4,725,25.1895694732666,1.000902847159074,0.2101140468423434,0.1252651395430919,-0.16391372720662528,0.0021747664471262608,0.037621813342600986,-0.021562031695693477,0.0011316126643170542,-0.0130174366792338,0.0016461489662700484,-5.175348928882742e-05
50,4,726,25.189571380615234,1.000906254598462,0.2101138700326711,0.12526517713376437,-0.16391292766953441,0.002174768934178666,0.03762448962105499,-0.021558508007931607,0.0011314717605985195,-0.013016562689329013,0.0016461742851421593,-5.17585028844389e-05
50,4,727,25.189571380615234,1.00090956898956,0.21011372532906644,0.1252652147244368,-0.16391216620563834,0.0021747731310795995,0.03762716853364133,-0.021555086369048702,0.001131333863174536,-0.013015719099073089,0.001646198710407019,-5.176335757566166e-05
50,4,728,25.189571380615234,1.0009128019942408,0.21011358437098063,0.12526523978488513,-0.1639114237783397,0.002174778416065961,0.037629818470771965,-0.02155174877041906,0.0011311987106281862,-0.013014899828536252,0.0016462222420646278,-5.176804687660227e-05
50,4,729,25.189571380615234,1.0009159556298202,0.2101134567026038,0.12526526484533343,-0.1639107003876384,0.002174784011933872,0.037632449968976245,-0.021548495212042683,0.0011310661722510116,-0.013014107917683393,0.0016462449794046802,-5.177258375904759e-05
50,4,730,25.189571380615234,1.0009190304576008,0.21011334490586697,0.12526528990578173,-0.16391001507013198,0.0021747888305979073,0.03763499454081341,-0.02154532569391957,0.0011309363787514709,-0.01301334336651451,0.0016462668231374817,-5.177696173710419e-05
50,4,731,25.1895694732666,1.0009219966532923,0.21011323725408565,0.12526531496623006,-0.16390934878922292,0.002174791628531863,0.037637470625209835,-0.021542268229467476,0.001130811290756445,-0.013012603135064716,0.0016462880711321157,-5.178120351139902e-05
50,4,732,25.1895694732666,1.0009248834066935,0.21011314224108188,0.1252653525569025,-0.16390870154491124,0.002174791162209537,0.037639883490430175,-0.021539294805268647,0.0011306892090559705,-0.013011888743316454,0.001646308425519499,-5.178528962425184e-05
50,4,733,25.189571380615234,1.0009276900020592,0.21011306582842806,0.12526541520802328,-0.163908073337197,0.0021747880533940305,0.037642225234077425,-0.021536407422281495,0.0011305703950669648,-0.013011198671287284,0.0016463281841687149,-5.178924601923632e-05
50,4,734,25.1895694732666,1.0009303945779557,0.21011298771083267,0.12526549038936818,-0.16390746416608015,0.002174781991203793,0.037644424734578505,-0.021533624089131717,0.0011304556330401804,-0.01301053139899476,0.0016463473470797634,-5.179306621045904e-05
50,4,735,25.189571380615234,1.0009330106105776,0.21011291628244352,0.12526557810093727,-0.1639068740315607,0.002174774219165027,0.03764652940631546,-0.021530932800068847,0.0011303447922671587,-0.013009885406456438,0.0016463657156732554,-5.179675992676012e-05
50,4,736,25.1895694732666,1.000935535574366,0.210112858148716,0.1252656783427305,-0.16390630293363864,0.002174764737277732,0.03764857612714101,-0.021528337557009707,0.0011302378727478994,-0.013009260693672321,0.0016463833892388857,-5.180032716813957e-05
50,4,737,25.1895694732666,1.0009379525086868,0.21011279781960968,0.12526577858452373,-0.16390575087231402,0.0021747544781865608,0.03765052011680543,-0.021525852366663174,0.0011301356587331555,-0.013008657260642407,0.0016464006656457377,-5.180376793459738e-05
50,4,738,25.1895694732666,1.0009402779204961,0.2101127394379984,0.12526587882631696,-0.16390521784758677,0.0021747440636546143,0.03765238508249976,-0.021523461221361964,0.0011300374966806326,-0.013008073587384253,0.0016464169491556442,-5.180710168381381e-05
50,4,739,25.189571380615234,1.000942506484968,0.21011267648507073,0.12526596653788605,-0.1639047038594569,0.0021747359807342973,0.03765417629248866,-0.021521168123022894,0.001129943909424166,-0.01300750967389786,0.0016464331333758562,-5.181032192989544e-05
50,4,740,25.189571380615234,1.0009446443573786,0.21011261972620537,0.1252660542494551,-0.16390420890792448,0.0021747311620702622,0.03765591218569849,-0.02151896906972914,0.0011298541127130034,-0.013006965520183227,0.0016464488211475955,-5.1813435158735685e-05
50,4,741,25.189571380615234,1.0009467011804782,0.21011255913540175,0.12526612943080004,-0.16390373299298944,0.0021747289858994076,0.037657579591467566,-0.021516852055730246,0.001129767845130227,-0.013006438086275468,0.0016464635160223892,-5.181643812738784e-05
50,4,742,25.1895694732666,1.0009486845909736,0.2101124752355025,0.1252661920819208,-0.1639032570780544,0.002174730073984835,0.03765915216847253,-0.021514805075275735,0.0011296845838420018,-0.013005928892157027,0.0016464778137384047,-5.181934056469203e-05
50,4,743,25.189571380615234,1.0009505866463266,0.2101123860863697,0.12526624220281743,-0.16390280019971676,0.002174734270885769,0.03766064835563973,-0.021512840134116078,0.0011296047209737043,-0.01300543641784546,0.0016464916150059474,-5.182214571359496e-05
50,4,744,25.1895694732666,1.0009524141393362,0.21011230530590919,0.1252663048539382,-0.1639023623579765,0.002174740333076006,0.03766206025057216,-0.021510953230334452,0.001129528387233793,-0.01300496218332321,0.001646505019114712,-5.182485357409663e-05
50,4,745,25.189571380615234,1.000954189331367,0.2101122270183997,0.12526636750505896,-0.1639019435528337,0.0021747470170293453,0.03766339838979916,-0.021509120352429925,0.0011294538834123043,-0.013004501628642948,0.0016465179267750036,-5.182747063209046e-05
50,4,746,25.189573287963867,1.0009559059199131,0.2101121490492539,0.12526643015617972,-0.16390154378428826,0.002174753079219583,0.03766464960265905,-0.02150734750327773,0.0011293814709261558,-0.01300405779376956,0.0016465301394074335,-5.182999364462974e-05
50,4,747,25.189571380615234,1.000957556491867,0.2101120545749993,0.12526649280730048,-0.16390114401574282,0.0021747568097981907,0.037665803352622484,-0.021505638684794687,0.0011293123261514758,-0.013003629158720604,0.0016465422527501689,-5.183242909760789e-05
50,4,748,25.189571380615234,1.0009591553240456,0.21011197430900838,0.1252665679886454,-0.16390076328379477,0.002174757897883618,0.03766690705407153,-0.021503985893147157,0.001129245272712136,-0.013003214203513636,0.0016465536710650423,-5.1834783476918324e-05
50,4,749,25.1895694732666,1.00096070393701,0.2101119155348622,0.12526666823043864,-0.16390040158844416,0.0021747568097981907,0.037667960707006176,-0.021502389128335134,0.001129180441316595,-0.013002809888183768,0.001646564592931443,-5.1837056782561046e-05
50,4,750,25.189573287963867,1.000962206041893,0.21011185867141305,0.12526678100245603,-0.1639000398930935,0.002174753700982684,0.03766897748208811,-0.021500840386524975,0.0011291178319648527,-0.013002422292660775,0.0016465753162184546,-5.183924901453605e-05
50,4,751,25.189571380615234,1.00096367466354,0.21011181912299517,0.12526690630469756,-0.16389969723434028,0.0021747479496739973,0.037669962647582,-0.02149932966292463,0.0011290557454469454,-0.013002045337014885,0.0016465853444776043,-5.184136341579005e-05
50,4,752,25.189573287963867,1.0009651134294182,0.21011178630744798,0.1252670316069391,-0.16389937361218446,0.002174740643957557,0.037670897764561506,-0.021497850954658858,0.001128994835305167,-0.013001682061210981,0.0016465950748676705,-5.1843406472216466e-05
50,4,753,25.189573287963867,1.000966523686858,0.21011175746995558,0.1252671694394048,-0.16389904999002863,0.002174733493681892,0.03767180917434997,-0.021496402260769255,0.0011289345787056822,-0.013001330945266624,0.0016466044080989584,-5.184536845497516e-05
50,4,754,25.189573287963867,1.000967915454609,0.21011174319713813,0.12526730727187046,-0.1638987454044702,0.0021747280532547555,0.03767271531587377,-0.021494975577422172,0.0011288741913977388,-0.013000990469199367,0.0016466133441714681,-5.184726882174639e-05
50,4,755,25.189573287963867,1.000969305324651,0.21011173874460595,0.12526744510433616,-0.16389844081891178,0.0021747252553208,0.037673671505911964,-0.02149355289599191,0.0011288130198390427,-0.0130006636729741,0.0016466221809542832,-5.1849104329583456e-05
50,4,756,25.189571380615234,1.0009706604669295,0.21011174612699154,0.12526758293680185,-0.16389815526995075,0.0021747250998800246,0.03767460662289146,-0.02149216823277146,0.0011287532860733932,-0.013000349036608376,0.0016466308191577092,-5.1850874978486346e-05
50,4,757,25.189571380615234,1.0009719752843202,0.21011176656967065,0.12526772076926754,-0.16389788875758712,0.002174726809728553,0.03767552856920928,-0.02149082759063605,0.0011286949901007897,-0.013000043520137311,0.001646638861622968,-5.185258076845506e-05
50,4,758,25.1895694732666,1.000973231388513,0.2101117776749485,0.12526785860173323,-0.1638976222452235,0.002174730073984835,0.03767639256461569,-0.021489544976294565,0.00112863943900582,-0.01299975472347312,0.0016466469040882267,-5.185423467127644e-05
50,4,759,25.1895694732666,1.0009743928922927,0.21011178542494796,0.12526799643419892,-0.1638973747694573,0.0021747336491226674,0.037677151194728635,-0.02148835840795681,0.001128588854832283,-0.01299947656668603,0.0016466549465534853,-5.185582371516365e-05
50,4,760,25.1895694732666,1.0009754813716512,0.2101117807180198,0.12526812173644047,-0.16389712729369108,0.002174736757938174,0.03767787821525354,-0.02148724387412185,0.001128542453329426,-0.012999209049776044,0.0016466626911496604,-5.185736735779694e-05
50,4,761,25.1895694732666,1.0009765075059833,0.21011178643540618,0.125268247038682,-0.16389689885452224,0.0021747389341090283,0.03767857626032274,-0.021486195371914457,0.0011284989274126616,-0.012998953692725603,0.0016466704357458355,-5.185884938444276e-05
50,4,762,25.1895694732666,1.0009774841862091,0.210111780161139,0.1252683598106994,-0.16389667041535344,0.002174740643957557,0.037679245329936245,-0.02148519489270893,0.0011284584077904483,-0.012998708975552262,0.0016466778824729268,-5.1860289252781376e-05
50,4,763,25.1895694732666,1.0009784263864454,0.2101117680277774,0.12526846005249262,-0.1638964419761846,0.00217474219836531,0.03767991966781442,-0.02148422842979639,0.0011284188031274464,-0.012998474898256023,0.0016466854284897128,-5.1861677233972654e-05
50,4,764,25.189571380615234,1.0009793072637796,0.21011175260360948,0.12526853523383755,-0.1638962325736132,0.0021747434418915128,0.037680572932633896,-0.021483323996594594,0.001128382074050537,-0.012998249940854443,0.001646692676637415,-5.18630165709633e-05
50,4,765,25.1895694732666,1.000980147320109,0.21011171978854543,0.12526858535473415,-0.16389602317104177,0.002174744996299266,0.03768121039265936,-0.021482457581602606,0.0011283471748920503,-0.012998031063382636,0.0016466994283366447,-5.186430726375332e-05
50,4,766,25.189571380615234,1.0009809680236363,0.21011168792345716,0.12526861041518247,-0.16389583280506775,0.002174746084384693,0.03768185048681716,-0.02148161117619473,0.0011283129292758572,-0.012997821305805487,0.0016467060807461797,-5.186555255528942e-05
50,4,767,25.1895694732666,1.0009817499672375,0.2101116484074005,0.1252686229454066,-0.16389564243909374,0.0021747465507070195,0.03768248794684262,-0.021480802788996663,0.0011282803828696279,-0.012997616108175666,0.0016467125345763255,-5.18667524455716e-05
50,4,768,25.189571380615234,1.0009825049223138,0.2101115920623066,0.12526861041518247,-0.16389545207311973,0.002174746084384693,0.0376831122362064,-0.02148001841329953,0.0011282488821310688,-0.012997418510458063,0.0016467184919579986,-5.186790693459985e-05
50,4,769,25.189571380615234,1.0009832416451863,0.21011154196622533,0.12526858535473415,-0.1638952807437431,0.0021747446854177154,0.037683728623173166,-0.021479254047186504,0.0011282184270601794,-0.012997225472687788,0.001646724151470588,-5.18690192653209e-05
50,4,770,25.189573287963867,1.0009839886402963,0.21011148485531367,0.12526853523383755,-0.1638951094143665,0.0021747428201284117,0.03768438715625732,-0.021478477675323016,0.0011281869263216203,-0.012997038514847285,0.0016467291159553156,-5.1870079708894605e-05
50,4,771,25.1895694732666,1.0009847543082766,0.21011145145830654,0.12526847258271678,-0.16389495712158728,0.0021747407993983323,0.03768513524984092,-0.021477687296750647,0.0011281530728308035,-0.012996856116954112,0.0016467340804400433,-5.187110448005452e-05
50,4,772,25.189571380615234,1.0009855392614457,0.21011143543953678,0.125268409931596,-0.16389480482880806,0.0021747394004313545,0.03768597817218864,-0.021476880910510993,0.001128118042963858,-0.012996679798990713,0.0016467386477659928,-5.187209357880064e-05
50,4,773,25.189573287963867,1.0009862987796159,0.21011141943031073,0.12526834728047523,-0.16389465253602886,0.0021747384677867024,0.03768681846040402,-0.021476100536730682,0.0011280848430153347,-0.012996511080939526,0.001646743016512553,-5.1873043762186254e-05
50,4,774,25.1895694732666,1.0009869952554433,0.21011139200482612,0.12526828462935446,-0.16389450024324964,0.0021747380014643766,0.037687592895310984,-0.02147538219266111,0.0011280546493613632,-0.012996348442818115,0.0016467473852591133,-5.187395827315808e-05
50,4,775,25.1895694732666,1.0009876265936775,0.21011136177920553,0.1252682219782337,-0.16389436698706783,0.0021747375351420504,0.03768826723318916,-0.021474729880219107,0.0011280285076696126,-0.012996190364644031,0.0016467515554262845,-5.1874837111716105e-05
50,4,776,25.189571380615234,1.000988193977199,0.2101113250568134,0.12526817185733707,-0.16389423373088602,0.0021747369133789493,0.037688859912964896,-0.021474141598446257,0.0011280058951062485,-0.01299604292634705,0.0016467558248831502,-5.1875693249647175e-05
50,4,777,25.1895694732666,1.0009887040701562,0.21011128570889873,0.1252681342666646,-0.1638941004747042,0.0021747370688197246,0.03768939464182923,-0.021473611344467326,0.0011279865502543532,-0.012995900047997397,0.0016467597964709322,-5.1876516958111155e-05
50,4,778,25.1895694732666,1.00098917217349,0.21011127002321214,0.12526812173644047,-0.1638939862551198,0.002174737846023601,0.03768989249284085,-0.021473129113490263,0.001127969819571633,-0.01299576476955996,0.0016467639666381034,-5.187730499416134e-05
50,4,779,25.189571380615234,1.0009896183485198,0.21011127107978642,0.1252681342666646,-0.16389387203553538,0.0021747394004313545,0.03769039824624948,-0.021472672894972542,0.0011279542652650415,-0.012995635571052296,0.0016467681368052746,-5.187807357253128e-05
50,4,780,25.1895694732666,1.0009900441479145,0.21011127762484788,0.12526815932711294,-0.16389375781595097,0.0021747415766022087,0.037690890828996425,-0.021472238686997342,0.0011279398873345788,-0.012995512452474404,0.0016467719098136675,-5.187881296438084e-05
50,4,781,25.189571380615234,1.0009904634817548,0.21011129996156808,0.12526820944800954,-0.16389364359636657,0.0021747437527730633,0.03769138604587571,-0.0214718144838142,0.001127925509404116,-0.012995395413826286,0.0016467757821117552,-5.187951992676331e-05
50,4,782,25.189571380615234,1.0009908942243775,0.21011133004340304,0.1252682720991303,-0.16389352937678217,0.0021747457735031427,0.037691881262754995,-0.021471380275839,0.0011279100858059832,-0.012995282935125495,0.0016467792572510645,-5.18801944596787e-05
50,4,783,25.1895694732666,1.000991338060048,0.21011138518683914,0.1252683598106994,-0.16389343419379515,0.002174747327910896,0.03769235013831091,-0.021470938064030158,0.0011278942700824743,-0.012995170456424706,0.00164678243452129,-5.1880843049020416e-05
50,4,784,25.1895694732666,1.0009917836520652,0.21011144864493006,0.12526846005249262,-0.16389333901080813,0.002174748260555548,0.03769282164799917,-0.021470495852221314,0.0011278774086912952,-0.012995064057653688,0.0016467856117915157,-5.1881459208895044e-05
50,4,785,25.1895694732666,1.0009922409842138,0.21011151209469647,0.12526856029428585,-0.16389324382782114,0.002174748882318649,0.03769329315768742,-0.021470041634662002,0.0011278595016324462,-0.01299495765888267,0.0016467882926132686,-5.188205266814272e-05
50,4,786,25.1895694732666,1.0009926949684131,0.2101115781926339,0.12526867306630324,-0.16389314864483412,0.0021747490377594246,0.03769373569191997,-0.021469591419019517,0.0011278413331566796,-0.012994857340041426,0.0016467909734350216,-5.188261694087001e-05
50,4,787,25.189571380615234,1.0009931420160114,0.21011163918726863,0.1252687858383206,-0.16389305346184713,0.0021747490377594246,0.03769414925069682,-0.021469147206252263,0.0011278234260978307,-0.012994758541182623,0.0016467934556773853,-5.1883161755917056e-05
50,4,788,25.1895694732666,1.0009935902587455,0.21011172448698068,0.1252689236707863,-0.16389297731545752,0.0021747487268778736,0.03769453119988563,-0.02146870699540183,0.0011278056497474403,-0.012994662782288707,0.0016467954414712764,-5.188368062739043e-05
50,4,789,25.1895694732666,1.0009940301871498,0.21011180742541996,0.12526906150325198,-0.1638929011690679,0.0021747481051147726,0.03769489997841276,-0.02146827478838504,0.00112778787339705,-0.012994567023394792,0.001646797526554862,-5.188418328413026e-05
50,4,790,25.1895694732666,1.0009944609728925,0.21011189338837408,0.12526921186594184,-0.1638928250226783,0.002174747327910896,0.03769524241561652,-0.02146785258616031,0.001127769966338201,-0.012994475824448204,0.001646799313769364,-5.1884659997296425e-05
50,4,791,25.1895694732666,1.00099487736729,0.21011198531395306,0.12526937475885583,-0.16389274887628869,0.0021747462398254685,0.037695574316290933,-0.021467446391602866,0.0011277529742385632,-0.01299439070543139,0.0016468012002735604,-5.1885117252782335e-05
50,4,792,25.189571380615234,1.0009952671692985,0.21011207166941423,0.12526953765176985,-0.16389267272989907,0.0021747448408584906,0.037695874607377305,-0.021467066209504764,0.001127737289223513,-0.01299430710639702,0.0016468029874880624,-5.188556153648141e-05
50,4,793,25.189571380615234,1.000995627666109,0.21011214886270072,0.12526970054468384,-0.1638925965835095,0.0021747432864507375,0.037696122215816946,-0.021466714040824418,0.0011277229112930502,-0.012994228067309979,0.0016468047747025642,-5.188599284839365e-05
50,4,794,25.1895694732666,1.0009959441721858,0.21011221217559464,0.12526986343759783,-0.16389252043711988,0.0021747417320429844,0.03769629080028649,-0.021466403892270704,0.0011277110168233038,-0.012994153588170266,0.0016468067604964553,-5.188640794557235e-05
50,4,795,25.1895694732666,1.0009962369328047,0.21011226490966498,0.12527002633051182,-0.16389244429073027,0.002174740643957557,0.037696398799712295,-0.021466115754259513,0.0011277005601466035,-0.012994083668977884,0.001646808845580041,-5.188681331391093e-05
50,4,796,25.1895694732666,1.000996498395851,0.2101123083876636,0.12527018922342584,-0.16389236814434066,0.002174740333076006,0.03769645411649136,-0.021465857630624485,0.0011276918026798671,-0.012994016789750385,0.0016468107320842375,-5.188719922456925e-05
50,4,797,25.1895694732666,1.0009967342373043,0.21011235102601108,0.12527033958611566,-0.16389231103454846,0.0021747409548391076,0.03769646201888837,-0.021465625519448802,0.001127683960172342,-0.012993954470470219,0.001646812817167823,-5.188757864933415e-05
50,4,798,25.189573287963867,1.000996953271953,0.21011237891931772,0.12527047741858136,-0.16389225392475626,0.002174742664687636,0.037696427775168,-0.021465407414982,0.0011276770326240282,-0.012993896711137381,0.0016468149022514087,-5.188794185936552e-05
50,4,799,25.189571380615234,1.000997176807297,0.2101124003769506,0.1252706027208229,-0.16389219681496406,0.002174745307180817,0.037696398799712295,-0.02146518330763996,0.0011276695822418793,-0.012993840471786986,0.001646816788755605,-5.188829534055675e-05
50,4,800,25.189571380615234,1.0009974141634443,0.21011242248587642,0.12527071549284027,-0.16389213970517183,0.002174748415996323,0.03769641460450631,-0.021464945193589043,0.0011276608247751429,-0.012993785752419034,0.0016468187745494961,-5.188862287817432e-05
50,4,801,25.189571380615234,1.0009976696367648,0.21011244703716528,0.1252708157346335,-0.16389208259537963,0.00217475152481183,0.0376964857260794,-0.02146468907091243,0.0011276504988069016,-0.012993731033051082,0.001646820363184609,-5.1888943929898467e-05
50,4,802,25.189571380615234,1.0009979293859186,0.21011247328168411,0.1252709034462026,-0.16389202548558743,0.0021747541673050102,0.037696606896166884,-0.021464428946318993,0.0011276395192963665,-0.012993679353648016,0.0016468219518197217,-5.188924876688908e-05
50,4,803,25.189571380615234,1.0009981946725919,0.21011250717749524,0.12527099115777166,-0.16389196837579523,0.0021747557217127633,0.03769677021237176,-0.021464164819808732,0.001127628016951996,-0.012993629194227394,0.0016468233418754454,-5.188954063209285e-05
50,4,804,25.1895694732666,1.0009984586310112,0.21011253463986435,0.12527106633911658,-0.16389191126600303,0.002174756032594314,0.0376969387968413,-0.021463900693298472,0.0011276162531907085,-0.012993580554789214,0.0016468246326414747,-5.18898227684565e-05
50,4,805,25.189573287963867,1.000998714688186,0.2101125616298156,0.1252711415204615,-0.16389185415621083,0.0021747550999496623,0.03769710474717851,-0.02146364457062186,0.0011276044894294208,-0.012993531915351035,0.0016468259234075039,-5.18900886900866e-05
50,4,806,25.1895694732666,1.0009989602875968,0.21011258531306035,0.12527121670180644,-0.1638917970464186,0.002174753234660358,0.03769725225858936,-0.021463398452737297,0.0011275931177935094,-0.012993483275912855,0.0016468271148838386,-5.189034488287658e-05
50,4,807,25.189573287963867,1.00099917566946,0.2101126047537098,0.1252712793529272,-0.1638917589732238,0.0021747505921671777,0.03769733391669179,-0.021463182349228904,0.001127583314659103,-0.012993437676439562,0.0016468280084910895,-5.189058810387972e-05
50,4,808,25.189571380615234,1.0009993615030832,0.2101126045422426,0.1252713294738238,-0.16389172090002901,0.0021747476387924463,0.03769734708735348,-0.021462992258179853,0.001127575341443119,-0.012993393596948712,0.0016468291999674242,-5.189083132488287e-05
50,4,809,25.189573287963867,1.0009995155200164,0.21011258325631121,0.12527136706449626,-0.1638916828268342,0.002174745151740041,0.037697283868177396,-0.021462830180548557,0.0011275689367286402,-0.012993351037440305,0.0016468302921540641,-5.1891064817045884e-05
50,4,810,25.189571380615234,1.0009996485118644,0.21011254571394372,0.1252713921249446,-0.1638916447536394,0.0021747431310099622,0.03769717060048692,-0.021462686111542964,0.0011275635776818315,-0.012993311517896783,0.0016468313843407043,-5.189128858036878e-05
50,4,811,25.189571380615234,1.0009997699776079,0.2101124999465855,0.12527140465516873,-0.16389160668044458,0.00217474219836531,0.03769705206453178,-0.02146255204732942,0.0011275587414688575,-0.01299327503831815,0.0016468324765273443,-5.189150910074496e-05
50,4,812,25.189571380615234,1.0009998838862029,0.21011244623821745,0.12527140465516873,-0.1638915686072498,0.0021747425092468607,0.03769693089444429,-0.021462423985991113,0.0011275541666728012,-0.012993238558739515,0.001646833668003679,-5.189171664933431e-05
50,4,813,25.189571380615234,1.0010000050191168,0.21011238977727584,0.1252713921249446,-0.16389153053405497,0.0021747440636546143,0.037696836065680174,-0.021462287920819164,0.0011275485462090748,-0.01299320207916088,0.0016468345616109299,-5.1891917712030244e-05
50,4,814,25.189573287963867,1.001000141821506,0.21011233349555303,0.12527136706449626,-0.16389149246086018,0.0021747465507070195,0.03769678338303344,-0.021462135847979923,0.0011275420107861372,-0.012993167119564688,0.0016468353559284863,-5.1892105802939344e-05
50,4,815,25.189573287963867,1.0010002868939991,0.21011227937755633,0.1252713294738238,-0.1638914543876654,0.0021747495040817504,0.03769678338303344,-0.021461975771307037,0.001127534298987071,-0.012993135199933383,0.0016468362495357372,-5.1892287407955024e-05
50,4,816,25.189573287963867,1.0010004439987268,0.2101122266691838,0.1252712793529272,-0.16389141631447057,0.0021747524574564814,0.03769683343154784,-0.021461803688883688,0.0011275259336457108,-0.012993101760319635,0.001646836944563599,-5.189245928413058e-05
50,4,817,25.189573287963867,1.001000606273204,0.21011217991274259,0.12527122923203057,-0.16389137824127578,0.0021747549445088866,0.03769691508965027,-0.021461627604543513,0.0011275170454705156,-0.012993072880653217,0.0016468378381708502,-5.189262467441272e-05
50,4,818,25.189571380615234,1.0010007577208888,0.21011213741036597,0.12527117911113397,-0.16389134016808096,0.00217475649891664,0.03769702045494373,-0.02146146352595381,0.001127508418712238,-0.012993044000986796,0.0016468386324884066,-5.189278682174815e-05
50,4,819,25.189573287963867,1.0010009068564967,0.21011211174415653,0.12527112899023735,-0.16389132113148358,0.0021747568097981907,0.037697136356766546,-0.021461305450239335,0.0011275003147877955,-0.012993016641302821,0.001646839426805963,-5.1892945726136865e-05
50,4,820,25.189573287963867,1.0010010485272447,0.2101120876845194,0.12527107886934075,-0.16389130209488617,0.0021747558771535386,0.037697260160986366,-0.021461155378358503,0.0011274923415718115,-0.012992992321583732,0.0016468402211235193,-5.189309490168546e-05
50,4,821,25.189573287963867,1.0010011744744767,0.21011206316179185,0.12527102874844412,-0.16389128305828876,0.002174753700982684,0.03769738133107385,-0.021461021314144964,0.0011274855447319565,-0.012992968001864641,0.001646841412599854,-5.1893250563127476e-05
50,4,822,25.189571380615234,1.0010012896567075,0.21011204317434926,0.12527097862754752,-0.16389126402169135,0.0021747504367264025,0.037697526208352365,-0.02146089925568189,0.0011274791400174775,-0.012992948242092881,0.001646842306207105,-5.189339649572936e-05
50,4,823,25.189571380615234,1.0010013940841063,0.2101120278233935,0.1252709285066509,-0.16389124498509397,0.0021747467061477947,0.037697697426954245,-0.02146078920296928,0.0011274733888452925,-0.012992926962338678,0.0016468432991040504,-5.189353269949112e-05
50,4,824,25.189571380615234,1.001001485933738,0.2101120177695138,0.12527087838575426,-0.16389122594849656,0.0021747428201284117,0.037697897621011826,-0.02146069315696555,0.00112746842192386,-0.012992907202566918,0.001646844292000996,-5.18936753891463e-05
50,4,825,25.1895694732666,1.001001560780588,0.2101120106483158,0.12527082826485766,-0.16389120691189915,0.002174739711312905,0.03769811361986343,-0.02146061511958752,0.0011274639778362623,-0.0129928889627776,0.0016468452848979415,-5.1893801864067936e-05
50,4,826,25.189571380615234,1.0010016209495263,0.21011199889795146,0.1252707656137369,-0.16389118787530177,0.002174737379701275,0.037698345423509055,-0.021460551088918367,0.0011274607101247934,-0.012992870722988282,0.0016468461785051924,-5.189393482488299e-05
50,4,827,25.189571380615234,1.0010016743888175,0.2101119924414498,0.12527070296261614,-0.16389116883870436,0.0021747359807342973,0.037698606202610375,-0.021460495062082856,0.0011274574424133246,-0.012992854003181408,0.001646847171402138,-5.1894058056857913e-05
50,4,828,25.189571380615234,1.0010017081300004,0.21011198542202872,0.12527064031149535,-0.16389114980210695,0.0021747356698527467,0.03769886434757937,-0.021460459044831456,0.001127455089661067,-0.01299283576339209,0.0016468479657196944,-5.1894171559992715e-05
50,4,829,25.189571380615234,1.001001733835789,0.210111977462529,0.12527057766037458,-0.16389113076550954,0.0021747361361750726,0.03769911722428368,-0.021460431031413704,0.0011274537825764796,-0.012992817523602774,0.0016468486607475563,-5.189429479196764e-05
50,4,830,25.189571380615234,1.0010017408382648,0.21011196430778034,0.12527051500925382,-0.16389111172891216,0.0021747370688197246,0.0376993411255323,-0.021460421026621646,0.0011274533904511034,-0.012992799283813456,0.0016468491571960291,-5.189439856626231e-05
50,4,831,25.189573287963867,1.0010017270065628,0.21011194511179318,0.12527045235813306,-0.16389109269231475,0.002174738312345927,0.03769953078306053,-0.021460431031413704,0.0011274540439933972,-0.012992782564006582,0.00164685005080328,-5.189450234055699e-05
50,4,832,25.189571380615234,1.0010016920309337,0.21011191835931523,0.1252703897070123,-0.16389107365571734,0.0021747394004313545,0.037699678294471385,-0.02146046104578987,0.0011274560046202783,-0.012992765844199708,0.001646850745831142,-5.189461260074508e-05
50,4,833,25.189571380615234,1.001001645572431,0.2101118834822969,0.12527032705589153,-0.16389105461911996,0.002174740333076006,0.03769978102563251,-0.02146050106495809,0.001127458880206371,-0.01299274760441039,0.0016468513415693093,-5.189470664619963e-05
50,4,834,25.189571380615234,1.0010016001312818,0.2101118534257135,0.1252702769349949,-0.16389103558252255,0.0021747409548391076,0.037699867951999616,-0.02146054108412631,0.0011274618865009223,-0.01299273240458596,0.0016468515401486983,-5.189480069165418e-05
50,4,835,25.189571380615234,1.0010015559403889,0.21011181996703196,0.12527022681409827,-0.16389101654592514,0.002174741110279883,0.03769993643944037,-0.02146057910233612,0.0011274643699616385,-0.012992715684779086,0.0016468521358868656,-5.189489149416202e-05
50,4,836,25.1895694732666,1.0010015305098336,0.21011179198845556,0.12527018922342584,-0.16389099750932773,0.0021747409548391076,0.03769999439035178,-0.02146059911192023,0.0011274664612969786,-0.012992697444989768,0.0016468522351765602,-5.189498229666986e-05
50,4,837,25.189571380615234,1.0010015205337186,0.2101117630591614,0.12527015163275337,-0.16389097847273035,0.002174740488516782,0.03770004707299851,-0.021460603113837053,0.001127467245547731,-0.01299267920520045,0.0016468525330456437,-5.189505039855074e-05
50,4,838,25.189571380615234,1.0010015391525855,0.21011175851998048,0.12527012657230505,-0.16389097847273035,0.0021747398667536803,0.037700110292174585,-0.02146058310425294,0.0011274669841308137,-0.01299266400537602,0.0016468525330456437,-5.189512174337833e-05
50,4,839,25.1895694732666,1.0010015741552325,0.21011175747077382,0.12527010151185675,-0.16389097847273035,0.0021747390895498035,0.03770019458440936,-0.021460547087001545,0.0011274651542123911,-0.01299264424560426,0.0016468524337559492,-5.1895180116419084e-05
50,4,840,25.1895694732666,1.001001628785781,0.2101117660612449,0.12527008898163258,-0.16389097847273035,0.002174738312345927,0.03770028941317348,-0.021460493061124446,0.0011274626707516748,-0.012992629045779828,0.0016468523344662547,-5.189524497535326e-05
50,4,841,25.1895694732666,1.0010016933907866,0.21011177558995123,0.12527007645140845,-0.16389097847273035,0.0021747376905828257,0.03770038951020227,-0.02146042903045529,0.0011274590109148297,-0.012992613845955398,0.0016468521358868656,-5.1895293619553886e-05
50,4,842,25.1895694732666,1.0010017677931,0.21011178521292936,0.12527006392118428,-0.16389097847273035,0.0021747372242605,0.03770048960723106,-0.02146035499499408,0.0011274549589526085,-0.01299260016611341,0.0016468522351765602,-5.189534874964793e-05
50,4,843,25.1895694732666,1.0010018500358628,0.21011179492636325,0.12527005139096015,-0.16389097847273035,0.0021747369133789493,0.03770058970425985,-0.02146027295569923,0.0011274503841565522,-0.012992588006253865,0.0016468522351765602,-5.189540387974198e-05
50,4,844,25.189571380615234,1.0010019371779582,0.21011180936941218,0.12527005139096015,-0.16389097847273035,0.0021747369133789493,0.03770067399649462,-0.021460186914487554,0.001127445678652037,-0.012992577366376762,0.0016468524337559492,-5.189544603804919e-05
50,4,845,25.189571380615234,1.001002009636284,0.21011181908945395,0.12527005139096015,-0.16389097847273035,0.0021747369133789493,0.03770073194740603,-0.021460114879984754,0.0011274417573982744,-0.012992566726499661,0.0016468525330456437,-5.189549143930311e-05
50,4,846,25.189571380615234,1.0010020607861352,0.21011182049545005,0.12527005139096015,-0.16389097847273035,0.0021747370688197246,0.03770074248393537,-0.02146006285506607,0.0011274388818121818,-0.012992559126587446,0.0016468526323353383,-5.189553684055703e-05
50,4,847,25.189571380615234,1.0010020905892787,0.21011181340525437,0.12527005139096015,-0.16389097847273035,0.002174737379701275,0.037700705606082664,-0.02146003083973149,0.0011274377054360531,-0.01299255152667523,0.0016468530294941166,-5.189558224181095e-05
50,4,848,25.189571380615234,1.001002100753839,0.21011180594342185,0.12527006392118428,-0.16389097847273035,0.0021747376905828257,0.037700623947980225,-0.021460018833981024,0.0011274377054360531,-0.0129925469667279,0.0016468532280735056,-5.189562115717145e-05
50,4,849,25.1895694732666,1.0010020959552115,0.2101117924405832,0.12527007645140845,-0.16389097847273035,0.002174738156905152,0.03770050804615742,-0.021460020834939437,0.0011274390125206406,-0.012992543926763014,0.0016468537245219784,-5.1895663315478665e-05
50,4,850,25.189571380615234,1.0010020825357366,0.2101117751557342,0.12527008898163258,-0.16389097847273035,0.002174738778668253,0.03770037107127591,-0.02146003083973149,0.0011274405810221457,-0.012992540886798128,0.0016468539231013675,-5.189570223083917e-05
50,4,851,25.1895694732666,1.0010020608960022,0.21011175598414727,0.12527010151185675,-0.16389097847273035,0.0021747394004313545,0.03770022355986506,-0.021460048848357192,0.0011274424109405682,-0.012992537846833243,0.0016468544195498403,-5.189573790325296e-05
50,4,852,25.189571380615234,1.0010020470806513,0.2101117368132875,0.1252701140420809,-0.16389097847273035,0.0021747400221944556,0.03770007604845421,-0.021460058853149246,0.0011274445022759082,-0.012992534806868355,0.0016468548167086186,-5.189577357566676e-05
50,4,853,25.189571380615234,1.0010020439201737,0.21011172179588491,0.12527012657230505,-0.16389097847273035,0.002174740488516782,0.03769995224423439,-0.021460058853149246,0.0011274455479435782,-0.012992530246921026,0.0016468551145777022,-5.189580276218713e-05
50,4,854,25.189571380615234,1.0010020517517857,0.21011171253848968,0.1252701391025292,-0.16389097847273035,0.0021747407993983323,0.03769986004960261,-0.021460048848357192,0.001127445678652037,-0.01299252720695614,0.0016468553131570912,-5.18958287057608e-05
50,4,855,25.1895694732666,1.0010020785692557,0.2101117005298628,0.1252701391025292,-0.16389097847273035,0.0021747409548391076,0.03769979419629419,-0.021460018833981024,0.0011274445022759082,-0.012992524166991254,0.0016468555117364803,-5.189585464933447e-05
50,4,856,25.1895694732666,1.0010021176978352,0.21011169125948853,0.1252701391025292,-0.16389097847273035,0.002174741110279883,0.037699744147779796,-0.021459976813854392,0.0011274428030659445,-0.012992519607043925,0.001646855611026175,-5.189587086406802e-05
50,4,857,25.1895694732666,1.001002161139816,0.21011168387452386,0.1252701391025292,-0.16389097847273035,0.0021747409548391076,0.03769970463579475,-0.02145993079181094,0.0011274405810221457,-0.012992515047096595,0.0016468554124467857,-5.189589032174827e-05
50,4,858,25.1895694732666,1.0010022188720782,0.2101116793247437,0.1252701391025292,-0.16389097847273035,0.002174740643957557,0.03769968092860372,-0.02145987076305861,0.0011274380975614293,-0.012992510487149266,0.0016468553131570912,-5.189590005058839e-05
50,4,859,25.1895694732666,1.0010022753250003,0.21011167798575422,0.1252701391025292,-0.16389097847273035,0.002174740177635231,0.03769967566033904,-0.021459812735264688,0.0011274352219753367,-0.012992504407219493,0.0016468550152880076,-5.1895913022375224e-05
50,4,860,25.1895694732666,1.0010023325689859,0.21011168042869313,0.1252701391025292,-0.16389097847273035,0.0021747398667536803,0.037699691465133064,-0.021459754707470767,0.0011274322156807856,-0.012992498327289721,0.0016468549159983131,-5.189592599416206e-05
50,4,861,25.1895694732666,1.0010023897141904,0.2101116824010254,0.1252701391025292,-0.16389097847273035,0.0021747395558721298,0.03769970463579475,-0.021459696679676846,0.0011274297322200692,-0.012992492247359948,0.0016468547174189239,-5.1895935723002185e-05
50,4,862,25.1895694732666,1.0010024287025985,0.21011168172903907,0.1252701391025292,-0.16389097847273035,0.0021747390895498035,0.037699702001662415,-0.021459656660508624,0.0011274279023016467,-0.012992489207395062,0.0016468545188395348,-5.189594869478902e-05
50,4,863,25.1895694732666,1.001002451525519,0.21011167860705743,0.1252701391025292,-0.16389097847273035,0.002174738778668253,0.03769968619686839,-0.02145963264900769,0.0011274271180508942,-0.012992484647447733,0.0016468545188395348,-5.189595518068244e-05
50,4,864,25.1895694732666,1.0010024658702685,0.21011167236960818,0.1252701391025292,-0.16389097847273035,0.0021747384677867024,0.03769965195314801,-0.0214596166413404,0.0011274271180508942,-0.01299248312746529,0.0016468546181292293,-5.189597139541598e-05
50,4,865,25.1895694732666,1.0010024718921198,0.21011166376962323,0.1252701391025292,-0.16389097847273035,0.002174738312345927,0.03769960453876596,-0.021459608637506757,0.0011274273794678116,-0.012992481607482847,0.0016468546181292293,-5.189599085309623e-05
50,4,866,25.1895694732666,1.0010024673585323,0.21011165148989713,0.1252701391025292,-0.16389097847273035,0.002174738312345927,0.03769953605132521,-0.02145961063846517,0.0011274284251354817,-0.012992481607482847,0.0016468550152880076,-5.189600058193636e-05
50,4,867,25.1895694732666,1.0010024585130635,0.21011163731881405,0.1252701391025292,-0.16389097847273035,0.0021747384677867024,0.0376994570273551,-0.0214596166413404,0.0011274296015116106,-0.012992481607482847,0.0016468552138673967,-5.189602003961661e-05
50,4,868,25.1895694732666,1.0010024474904875,0.21011162210780618,0.1252701391025292,-0.16389097847273035,0.002174738778668253,0.037699372735120334,-0.021459624645174046,0.0011274306471792804,-0.012992480087500403,0.0016468554124467857,-5.1896033011403445e-05
50,4,869,25.1895694732666,1.0010024481975026,0.21011160689098876,0.1252701391025292,-0.16389097847273035,0.0021747394004313545,0.037699288442885566,-0.021459620643257224,0.0011274310393046567,-0.012992478567517961,0.0016468553131570912,-5.189604274024357e-05
50,4,870,25.1895694732666,1.001002457202155,0.21011159394273268,0.1252701391025292,-0.16389097847273035,0.002174740177635231,0.03769921732131248,-0.021459608637506757,0.0011274311700131155,-0.012992475527553074,0.0016468553131570912,-5.1896055712030406e-05
50,4,871,25.189571380615234,1.0010024784409381,0.21011158335280583,0.1252701391025292,-0.16389097847273035,0.0021747407993983323,0.03769915937040107,-0.021459584626005827,0.0011274302550539042,-0.012992472487588188,0.0016468554124467857,-5.189606868381724e-05
50,4,872,25.189571380615234,1.0010025142659265,0.21011157700789027,0.1252701391025292,-0.16389097847273035,0.002174741265720658,0.037699125126680694,-0.021459546607796014,0.0011274281637185643,-0.012992469447623303,0.0016468552138673967,-5.189607192676395e-05
50,4,873,25.1895694732666,1.001002558693843,0.21011157434642433,0.1252701391025292,-0.16389097847273035,0.0021747414211614334,0.03769911195601901,-0.02145950058575256,0.0011274255495493891,-0.012992464887675973,0.0016468549159983131,-5.189607841265736e-05
50,4,874,25.1895694732666,1.0010026094941464,0.21011157404754746,0.1252701391025292,-0.16389097847273035,0.002174741110279883,0.03769911195601901,-0.021459448560833875,0.001127422543254838,-0.012992460327728644,0.0016468548167086186,-5.189608489855078e-05
50,4,875,25.1895694732666,1.0010026625533648,0.21011157516514983,0.1252701391025292,-0.16389097847273035,0.002174740488516782,0.03769911985841602,-0.021459394534956776,0.001127419275543369,-0.012992455767781314,0.0016468547174189239,-5.18960913844442e-05
50,4,876,25.189571380615234,1.0010027016464016,0.21011157496525076,0.1252701391025292,-0.16389097847273035,0.002174739711312905,0.03769911985841602,-0.021459354515788554,0.0011274170534995704,-0.012992452727816428,0.0016468547174189239,-5.189610435623103e-05
50,4,877,25.1895694732666,1.0010027349736634,0.2101115752400055,0.1252701391025292,-0.16389097847273035,0.002174738778668253,0.03769912249254836,-0.021459320499495567,0.0011274153542896064,-0.012992449687851541,0.0016468546181292293,-5.1896114085071155e-05
50,4,878,25.189571380615234,1.0010027586004238,0.2101115758948786,0.1252701391025292,-0.16389097847273035,0.002174737846023601,0.03769912776081303,-0.021459296487994634,0.0011274137857881015,-0.012992445127904212,0.0016468546181292293,-5.1896127056857995e-05
50,4,879,25.1895694732666,1.001002780884069,0.2101115794830913,0.1252701391025292,-0.16389097847273035,0.0021747370688197246,0.03769914883387172,-0.021459274477452113,0.0011274127401204315,-0.012992442087939326,0.0016468547174189239,-5.189614327159154e-05
50,4,880,25.1895694732666,1.0010027957546606,0.21011158505658667,0.1252701391025292,-0.16389097847273035,0.0021747366024973984,0.03769918044345976,-0.021459260470743233,0.0011274116944527614,-0.012992440567956882,0.0016468549159983131,-5.189616272927179e-05
50,4,881,25.1895694732666,1.001002803011887,0.2101115916742417,0.1252701391025292,-0.16389097847273035,0.0021747366024973984,0.03769921732131248,-0.021459254467868002,0.0011274115637443028,-0.012992440567956882,0.0016468551145777022,-5.189617894400533e-05
50,4,882,25.1895694732666,1.0010028023436788,0.21011159782293543,0.1252701391025292,-0.16389097847273035,0.002174736757938174,0.03769925156503285,-0.02145925646882641,0.0011274118251612202,-0.012992440567956882,0.0016468555117364803,-5.189619840168558e-05
50,4,883,25.1895694732666,1.0010027999942237,0.21011160529405604,0.1252701391025292,-0.16389097847273035,0.0021747370688197246,0.03769929371115024,-0.021459260470743233,0.001127411955869679,-0.01299243904797444,0.001646855809605564,-5.189622758820596e-05
50,4,884,25.1895694732666,1.0010027896339009,0.21011160255706315,0.12527012657230505,-0.16389097847273035,0.002174737379701275,0.0376993200524736,-0.02145927047553529,0.0011274127401204315,-0.01299243904797444,0.0016468562067643421,-5.189624704588621e-05
50,4,885,25.1895694732666,1.0010027812264113,0.21011159981789573,0.1252701140420809,-0.16389097847273035,0.002174737846023601,0.03769934639379697,-0.021459278479368935,0.0011274132629542665,-0.01299243904797444,0.001646856504633426,-5.189627623240659e-05
50,4,886,25.1895694732666,1.0010027789819609,0.21011159849669828,0.12527010151185675,-0.16389097847273035,0.0021747384677867024,0.03769938063751734,-0.021459280480327345,0.0011274136550796427,-0.01299243904797444,0.001646856901792204,-5.189629569008684e-05
50,4,887,25.1895694732666,1.0010027786530333,0.2101115969823881,0.12527008898163258,-0.16389097847273035,0.0021747390895498035,0.03769941488123772,-0.021459280480327345,0.001127413524371184,-0.012992436008009554,0.0016468570010818987,-5.1896315147767094e-05
50,4,888,25.189571380615234,1.0010027861674613,0.21011159555918824,0.12527007645140845,-0.16389097847273035,0.002174739711312905,0.037699449124958095,-0.0214592724764937,0.0011274130015373489,-0.01299243448802711,0.0016468570010818987,-5.189632163366051e-05
50,4,889,25.1895694732666,1.0010028018063768,0.2101115955532667,0.12527006392118428,-0.16389097847273035,0.002174740177635231,0.03769949127107548,-0.02145925646882641,0.0011274122172865964,-0.012992432968044667,0.0016468571003715933,-5.1896331362500636e-05
50,4,890,25.1895694732666,1.001002819505979,0.21011159601944004,0.12527005139096015,-0.16389097847273035,0.002174740333076006,0.03769953605132521,-0.021459238460200713,0.0011274110409104678,-0.012992431448062225,0.0016468573982406768,-5.189634433428747e-05
50,4,891,25.189571380615234,1.0010028415165078,0.21011159837241877,0.12527003886073598,-0.16389097847273035,0.002174740333076006,0.037699591368104274,-0.021459216449658192,0.0011274096031174215,-0.012992429928079781,0.0016468573982406768,-5.18963573060743e-05
50,4,892,25.189571380615234,1.001002869497171,0.21011160119796898,0.12527002633051182,-0.16389097847273035,0.002174740177635231,0.03769964931901568,-0.021459188436240437,0.001127408296032834,-0.012992428408097337,0.0016468572989509823,-5.189636703491443e-05
50,4,893,25.189571380615234,1.0010028955222865,0.2101116040259483,0.12527001380028768,-0.16389097847273035,0.0021747400221944556,0.03769970726992709,-0.021459162423781094,0.0011274068582397877,-0.012992426888114895,0.0016468575968200659,-5.189638000670126e-05
50,4,894,25.189571380615234,1.0010029172696213,0.21011161441760876,0.12527001380028768,-0.16389097847273035,0.002174739711312905,0.03769976522083849,-0.021459142414196983,0.0011274056818636588,-0.012992426888114895,0.0016468575968200659,-5.1896392978488095e-05
50,4,895,25.189571380615234,1.0010029349865133,0.21011162424554072,0.12527001380028768,-0.16389097847273035,0.0021747394004313545,0.03769982053761756,-0.021459126406529694,0.0011274048976129063,-0.012992425368132452,0.0016468576961097606,-5.1896402707328224e-05
50,4,896,25.189571380615234,1.0010029422497566,0.21011163086548704,0.12527001380028768,-0.16389097847273035,0.0021747390895498035,0.03769985741547027,-0.021459120403654462,0.0011274050283213652,-0.012992425368132452,0.0016468579939788442,-5.1896415679115057e-05
50,4,897,25.189571380615234,1.0010029332473573,0.2101116345582795,0.12527001380028768,-0.16389097847273035,0.0021747389341090283,0.037699878488528966,-0.021459130408446516,0.0011274059432805764,-0.012992423848150008,0.0016468580932685387,-5.1896422165008476e-05
50,4,898,25.189571380615234,1.0010029092129695,0.2101116411880473,0.12527002633051182,-0.16389097847273035,0.002174738778668253,0.037699873220264295,-0.02145915642090586,0.0011274080346159164,-0.012992425368132452,0.0016468579939788442,-5.189642865090189e-05
50,4,899,25.1895694732666,1.0010028787929728,0.21011164536586036,0.12527003886073598,-0.16389097847273035,0.002174738778668253,0.03769985478133794,-0.021459188436240437,0.0011274105180766327,-0.012992425368132452,0.0016468582918479277,-5.18964318938486e-05
50,4,900,25.1895694732666,1.0010028543337262,0.21011165001109727,0.12527005139096015,-0.16389097847273035,0.0021747390895498035,0.037699838976543915,-0.02145921444869978,0.0011274126094119727,-0.012992425368132452,0.0016468581925582332,-5.189644486563543e-05
50,4,901,25.1895694732666,1.0010028317087192,0.21011165408915997,0.12527006392118428,-0.16389097847273035,0.0021747395558721298,0.03769982053761756,-0.021459238460200713,0.0011274143086219366,-0.012992423848150008,0.0016468582918479277,-5.189644486563543e-05
50,4,902,25.1895694732666,1.0010028132107447,0.21011165920430638,0.12527007645140845,-0.16389097847273035,0.002174740177635231,0.03769980736695588,-0.021459258469784824,0.0011274157464149829,-0.012992423848150008,0.0016468582918479277,-5.189645135152885e-05
50,4,903,25.1895694732666,1.0010028024205233,0.2101116637513482,0.12527008898163258,-0.16389097847273035,0.002174740643957557,0.037699791562161855,-0.02145927047553529,0.0011274170534995704,-0.012992422328167566,0.0016468581925582332,-5.189645135152885e-05
50,4,904,25.1895694732666,1.001002801985057,0.21011167103523037,0.12527010151185675,-0.16389097847273035,0.002174741110279883,0.037699791562161855,-0.0214592724764937,0.0011274175763334054,-0.012992419288202679,0.0016468579939788442,-5.189645783742227e-05
50,4,905,25.189571380615234,1.001002811825651,0.21011168068104047,0.1252701140420809,-0.16389097847273035,0.0021747415766022087,0.03769980473282354,-0.021459264472660056,0.0011274175763334054,-0.012992416248237793,0.0016468579939788442,-5.189645783742227e-05
50,4,906,25.189571380615234,1.0010028299879214,0.21011169268356525,0.12527012657230505,-0.16389097847273035,0.0021747418874837597,0.03769983107414691,-0.021459248464992767,0.0011274166613741941,-0.012992413208272907,0.0016468577953994551,-5.189645783742227e-05
50,4,907,25.189571380615234,1.0010028605063095,0.2101117076123957,0.1252701391025292,-0.16389097847273035,0.0021747418874837597,0.037699873220264295,-0.021459220451575015,0.001127415092872689,-0.012992411688290463,0.0016468575968200659,-5.189646432331568e-05
50,4,908,25.1895694732666,1.0010028927459642,0.21011172140946005,0.12527015163275337,-0.16389097847273035,0.0021747417320429844,0.037699910098117004,-0.021459190437198846,0.0011274136550796427,-0.012992407128343134,0.0016468574975303713,-5.189646432331568e-05
50,4,909,25.1895694732666,1.0010029183885116,0.21011173170740152,0.1252701641629775,-0.16389097847273035,0.002174741265720658,0.037699925902911026,-0.021459166425697916,0.0011274122172865964,-0.012992407128343134,0.0016468573982406768,-5.189646756626239e-05
50,4,910,25.1895694732666,1.001002937432778,0.2101117385138164,0.12527017669320167,-0.16389097847273035,0.002174740643957557,0.03769992326877869,-0.021459148417072214,0.0011274116944527614,-0.012992404088378248,0.0016468572989509823,-5.189647405215581e-05
50,4,911,25.1895694732666,1.001002949934477,0.21011174210732023,0.12527018922342584,-0.16389097847273035,0.0021747400221944556,0.037699902195719996,-0.021459136411321748,0.0011274111716189264,-0.012992402568395804,0.0016468573982406768,-5.1896483780995935e-05
50,4,912,25.1895694732666,1.0010029503038862,0.2101117438144893,0.12527020175364997,-0.16389097847273035,0.0021747394004313545,0.03769987058613195,-0.021459136411321748,0.001127411433035844,-0.012992401048413363,0.0016468574975303713,-5.1896493509836064e-05
50,4,913,25.1895694732666,1.0010029445952273,0.2101117352159341,0.12527020175364997,-0.16389097847273035,0.0021747389341090283,0.03769982317174989,-0.02145914041323857,0.0011274118251612202,-0.012992399528430919,0.0016468575968200659,-5.1896496752782774e-05
50,4,914,25.1895694732666,1.0010029404203582,0.21011172463200606,0.12527020175364997,-0.16389097847273035,0.002174738778668253,0.03769976522083849,-0.021459142414196983,0.0011274123479950552,-0.012992396488466033,0.0016468574975303713,-5.1896506481622897e-05
50,4,915,25.1895694732666,1.0010029402702705,0.21011171461120864,0.12527020175364997,-0.16389097847273035,0.0021747389341090283,0.03769970990405942,-0.02145914041323857,0.0011274122172865964,-0.01299239496848359,0.0016468573982406768,-5.1896509724569606e-05
50,4,916,25.1895694732666,1.0010029440071844,0.21011170449713756,0.12527020175364997,-0.16389097847273035,0.0021747394004313545,0.037699654587280355,-0.02145913441036334,0.0011274122172865964,-0.012992391928518704,0.0016468572989509823,-5.1896512967516316e-05
50,4,917,25.1895694732666,1.0010029438460313,0.21011169447636996,0.12527020175364997,-0.16389097847273035,0.002174740177635231,0.03769959927050128,-0.021459132409404925,0.0011274120865781376,-0.01299239040853626,0.0016468571996612878,-5.189652269635644e-05
50,4,918,25.189571380615234,1.0010029517840866,0.21011168577882175,0.12527020175364997,-0.16389097847273035,0.002174741110279883,0.03769955185611922,-0.02145912240461287,0.0011274118251612202,-0.012992387368571374,0.0016468571003715933,-5.189652593930315e-05
50,4,919,25.189571380615234,1.001002958245156,0.2101116793504548,0.12527020175364997,-0.16389097847273035,0.0021747418874837597,0.03769951761239885,-0.021459114400779227,0.0011274115637443028,-0.012992382808624045,0.0016468570010818987,-5.189652918224986e-05
50,4,920,25.189571380615234,1.0010029668828822,0.21011167395986619,0.12527020175364997,-0.16389097847273035,0.0021747425092468607,0.03769948863694315,-0.021459104395987173,0.0011274111716189264,-0.012992379768659159,0.0016468568025025095,-5.189653242519657e-05
50,4,921,25.189571380615234,1.0010029837439742,0.21011167045762785,0.12527020175364997,-0.16389097847273035,0.002174742975569187,0.03769947019801679,-0.02145908638736147,0.0011274105180766327,-0.012992376728694272,0.001646856504633426,-5.189654215403669e-05
50,4,922,25.189571380615234,1.0010029986380904,0.21011166686381216,0.12527020175364997,-0.16389097847273035,0.002174742975569187,0.03769945175909043,-0.021459070379694186,0.0011274097338258803,-0.012992372168746944,0.0016468566039231204,-5.18965453969834e-05
50,4,923,25.189571380615234,1.001003018160328,0.21011166666796643,0.12527020175364997,-0.16389097847273035,0.0021747428201284117,0.03769945175909043,-0.021459050370110075,0.0011274085574497514,-0.012992369128782056,0.0016468564053437314,-5.189654863993011e-05
50,4,924,25.189571380615234,1.001003041906692,0.21011167725116042,0.12527021428387414,-0.16389097847273035,0.0021747423538060855,0.03769947019801679,-0.02145902835956755,0.0011274073810736227,-0.01299236608881717,0.0016468562067643421,-5.189656485466365e-05
50,4,925,25.189571380615234,1.0010030637005671,0.21011168783816978,0.12527022681409827,-0.16389097847273035,0.0021747417320429844,0.03769948863694315,-0.021459008349983443,0.0011274063354059526,-0.012992363048852285,0.0016468564053437314,-5.1896577826450485e-05
50,4,926,25.189571380615234,1.0010030776708005,0.21011169842798721,0.12527023934432244,-0.16389097847273035,0.002174741110279883,0.0376995070758695,-0.021458996344232976,0.0011274058125721176,-0.012992360008887397,0.0016468566039231204,-5.189659404118403e-05
50,4,927,25.1895694732666,1.001003087745536,0.2101117091101604,0.1252702518745466,-0.16389097847273035,0.002174740643957557,0.037699525514795856,-0.021458988340399332,0.0011274054204467414,-0.012992358488904955,0.001646856504633426,-5.1896603770024156e-05
50,4,928,25.1895694732666,1.0010030936881804,0.21011171875752319,0.12527026440477074,-0.16389097847273035,0.002174740333076006,0.03769953868545754,-0.02145898433848251,0.0011274054204467414,-0.012992355448940068,0.001646856703212815,-5.189662322770441e-05
50,4,929,25.1895694732666,1.0010030978898452,0.2101117294427373,0.1252702769349949,-0.16389097847273035,0.002174740177635231,0.0376995571243839,-0.021458982337524097,0.0011274051590298238,-0.012992353928957626,0.001646856901792204,-5.189663944243795e-05
50,4,930,25.1895694732666,1.0010031100914942,0.2101117409784524,0.12527028946521906,-0.16389097847273035,0.002174740177635231,0.03769958083157493,-0.021458972332732043,0.0011274048976129063,-0.01299235088899274,0.0016468570010818987,-5.18966589001182e-05
50,4,931,25.1895694732666,1.001003130431512,0.2101117540239526,0.1252703019954432,-0.16389097847273035,0.002174740333076006,0.03769961244116297,-0.021458954324106345,0.0011274042440706125,-0.012992349369010297,0.0016468571003715933,-5.1896671871905034e-05
50,4,932,25.1895694732666,1.0010031513438313,0.21011176980916768,0.12527031452566736,-0.16389097847273035,0.002174740643957557,0.03769965985554503,-0.021458936315480643,0.0011274031984029426,-0.01299234632904541,0.0016468571996612878,-5.1896691329585286e-05
50,4,933,25.189571380615234,1.001003178025136,0.2101117851218357,0.12527032705589153,-0.16389097847273035,0.0021747409548391076,0.03769970463579475,-0.02145891230397971,0.0011274020220268138,-0.012992343289080523,0.0016468573982406768,-5.189671078726554e-05
50,4,934,25.189571380615234,1.0010032010093737,0.2101118014722139,0.12527033958611566,-0.16389097847273035,0.0021747414211614334,0.037699754684309146,-0.021458892294395602,0.001127400845650685,-0.012992341769098081,0.0016468573982406768,-5.189672700199908e-05
50,4,935,25.189571380615234,1.001003215853081,0.2101118163156944,0.12527035211633983,-0.16389097847273035,0.0021747418874837597,0.03769979683042653,-0.021458880288645135,0.0011274004535253089,-0.012992338729133194,0.0016468574975303713,-5.189673997378591e-05
50,4,936,25.1895694732666,1.00100322445535,0.21011182936769693,0.12527036464656396,-0.16389097847273035,0.00217474219836531,0.03769982844001457,-0.0214588742857699,0.0011274007149422263,-0.012992337209150752,0.0016468577953994551,-5.1896772403253004e-05
50,4,937,25.1895694732666,1.001003220828448,0.21011184005862618,0.12527037717678813,-0.16389097847273035,0.0021747423538060855,0.03769984687894092,-0.021458880288645135,0.0011274013684845201,-0.012992335689168308,0.0016468580932685387,-5.189679510387996e-05
50,4,938,25.189571380615234,1.0010032210967021,0.21011185065556953,0.1252703897070123,-0.16389097847273035,0.0021747423538060855,0.03769986531786728,-0.021458882289603545,0.0011274020220268138,-0.012992332649203422,0.0016468583911376225,-5.189682104745363e-05
50,4,939,25.189571380615234,1.0010032193093812,0.21011186077839727,0.12527040223723643,-0.16389097847273035,0.0021747423538060855,0.0376998811226613,-0.021458886291520367,0.0011274025448606488,-0.012992329609238537,0.0016468585897170115,-5.189684050513388e-05
50,4,940,25.1895694732666,1.0010032194773337,0.2101118708974876,0.1252704147674606,-0.16389097847273035,0.0021747423538060855,0.037699896927455324,-0.02145888829247878,0.0011274028062775662,-0.01299232656927365,0.001646858490427317,-5.1896853476920714e-05
50,4,941,25.1895694732666,1.001003217511328,0.21011188016903293,0.12527042729768476,-0.16389097847273035,0.0021747423538060855,0.03769990746398467,-0.021458892294395602,0.0011274033291114012,-0.012992325049291207,0.001646858689006706,-5.1896869691654256e-05
50,4,942,25.1895694732666,1.0010032214927942,0.21011188981837223,0.1252704398279089,-0.16389097847273035,0.0021747423538060855,0.03769992063464635,-0.02145889029343719,0.001127403982653695,-0.01299232200932632,0.001646858689006706,-5.1896885906387805e-05
50,4,943,25.1895694732666,1.00100322410663,0.21011189293893345,0.1252704398279089,-0.16389097847273035,0.00217474219836531,0.037699939073572705,-0.02145888829247878,0.0011274038519452363,-0.012992318969361434,0.0016468587882964006,-5.189690212112135e-05
50,4,944,25.1895694732666,1.0010032407075922,0.21011189747678255,0.1252704398279089,-0.16389097847273035,0.00217474219836531,0.03769996541489607,-0.02145887228481149,0.00112740345981986,-0.012992315929396548,0.0016468589868757896,-5.189691509290818e-05
50,4,945,25.1895694732666,1.001003257429016,0.21011190257534165,0.1252704398279089,-0.16389097847273035,0.002174742042924535,0.03769999439035178,-0.021458856277144202,0.0011274025448606488,-0.012992314409414105,0.0016468587882964006,-5.18969248217483e-05
50,4,946,25.1895694732666,1.001003282352263,0.21011190947280448,0.1252704398279089,-0.16389097847273035,0.0021747418874837597,0.037700033902336824,-0.02145883226564327,0.0011274016299014375,-0.012992311369449219,0.001646858887586095,-5.189694103648185e-05
50,4,947,25.189573287963867,1.0010032997288643,0.21011191769272222,0.1252704398279089,-0.16389097847273035,0.0021747417320429844,0.037700081316718884,-0.02145881625797598,0.0011274005842337675,-0.01299230680950189,0.001646858887586095,-5.1896957251215393e-05
50,4,948,25.1895694732666,1.0010033256460424,0.21011192931222994,0.1252704398279089,-0.16389097847273035,0.0021747414211614334,0.0377001471700273,-0.021458792246475046,0.0011273991464407212,-0.012992303769537004,0.0016468587882964006,-5.1896966980055516e-05
50,4,949,25.1895694732666,1.001003351880593,0.2101119424437429,0.1252704398279089,-0.16389097847273035,0.002174741110279883,0.037700220925732726,-0.021458768234974116,0.0011273975779392163,-0.01299230224955456,0.0016468587882964006,-5.1896973465948936e-05
50,4,950,25.189573287963867,1.001003370393499,0.21011195605080518,0.1252704398279089,-0.16389097847273035,0.002174740643957557,0.03770029731557049,-0.021458752227306827,0.0011273964015630874,-0.012992300729572116,0.001646858887586095,-5.189698319478906e-05
50,4,951,25.189573287963867,1.0010033808616932,0.21011196862064904,0.1252704398279089,-0.16389097847273035,0.002174740333076006,0.037700368437143576,-0.021458744223473183,0.0011273957480207937,-0.01299229768960723,0.001646858887586095,-5.189699292362919e-05
50,4,952,25.189573287963867,1.0010033774794114,0.21011198043741494,0.1252704398279089,-0.16389097847273035,0.0021747400221944556,0.037700434290451994,-0.021458750226348414,0.0011273958787292523,-0.01299229768960723,0.001646858887586095,-5.189700265246931e-05
50,4,953,25.189573287963867,1.001003362746605,0.21011198478653945,0.12527042729768476,-0.16389097847273035,0.0021747398667536803,0.037700500143760404,-0.021458766234015703,0.0011273962708546288,-0.01299229768960723,0.0016468590861654843,-5.189700589541602e-05
50,4,954,25.189573287963867,1.0010033394737936,0.21011198573879838,0.1252704147674606,-0.16389097847273035,0.0021747398667536803,0.037700547558142464,-0.021458790245516637,0.001127397708647675,-0.012992296169624787,0.0016468592847448734,-5.189701562425615e-05
50,4,955,25.1895694732666,1.0010033097467235,0.21011199321779928,0.1252704147674606,-0.16389097847273035,0.0021747398667536803,0.03770058970425985,-0.021458822260851215,0.0011273994078576388,-0.012992294649642345,0.0016468594833242624,-5.189702535309627e-05
50,4,956,25.189573287963867,1.0010032777006665,0.21011199899412697,0.1252704147674606,-0.16389097847273035,0.002174740177635231,0.03770062131384789,-0.021458856277144202,0.0011274012377760613,-0.012992296169624787,0.001646859582613957,-5.1897035081936394e-05
50,4,957,25.189573287963867,1.0010032428828428,0.2101120008974884,0.1252704147674606,-0.16389097847273035,0.002174740643957557,0.03770063185037724,-0.021458892294395602,0.0011274033291114012,-0.012992296169624787,0.001646859781193346,-5.1897044810776524e-05
50,4,958,25.189573287963867,1.0010032119766608,0.2101120027985917,0.1252704147674606,-0.16389097847273035,0.002174741110279883,0.03770064238690658,-0.021458924309730176,0.0011274052897382826,-0.012992296169624787,0.001646859781193346,-5.189705129666994e-05
50,4,959,25.1895694732666,1.001003187057474,0.21011200526578264,0.1252704147674606,-0.16389097847273035,0.0021747415766022087,0.03770065555756827,-0.021458950322189523,0.0011274068582397877,-0.01299229768960723,0.0016468599797727352,-5.1897061025510066e-05
50,4,960,25.1895694732666,1.001003172492924,0.2101120104692489,0.1252704147674606,-0.16389097847273035,0.002174742042924535,0.03770068453302397,-0.021458966329856808,0.0011274073810736227,-0.01299229768960723,0.0016468601783521243,-5.1897064268456775e-05
50,4,961,25.1895694732666,1.0010031742529666,0.2101120188807145,0.1252704147674606,-0.16389097847273035,0.0021747423538060855,0.03770073194740603,-0.021458966329856808,0.001127407119656705,-0.012992296169624787,0.0016468600790624298,-5.18970739972969e-05
50,4,962,25.1895694732666,1.0010031859121384,0.21011202785835356,0.1252704147674606,-0.16389097847273035,0.002174742664687636,0.037700781995920425,-0.021458956325064754,0.0011274063354059526,-0.012992296169624787,0.0016468602776418188,-5.189707724024361e-05
50,4,963,25.189573287963867,1.001003213521581,0.21011203824748165,0.1252704147674606,-0.16389097847273035,0.002174742664687636,0.03770083994683183,-0.02145893031260541,0.001127404636195989,-0.012992296169624787,0.0016468602776418188,-5.189708048319032e-05
50,4,964,25.189573287963867,1.0010032463159326,0.21011205468719174,0.12527042729768476,-0.16389097847273035,0.0021747425092468607,0.03770088999534622,-0.021458900298229246,0.0011274025448606488,-0.012992296169624787,0.0016468602776418188,-5.189708372613703e-05
50,4,965,25.189573287963867,1.0010032768626103,0.2101120697112241,0.1252704398279089,-0.16389097847273035,0.002174742042924535,0.03770093214146361,-0.02145887228481149,0.0011274005842337675,-0.012992296169624787,0.0016468604762212079,-5.189708696908374e-05
50,4,966,25.189573287963867,1.0010032990918767,0.21011208237248857,0.12527045235813306,-0.16389097847273035,0.0021747414211614334,0.03770096111691931,-0.02145885227522738,0.0011273991464407212,-0.012992296169624787,0.0016468603769315133,-5.189709021203044e-05
50,4,967,25.189573287963867,1.0010033151593363,0.21011209362165062,0.12527046488835722,-0.16389097847273035,0.002174740643957557,0.037700982189978006,-0.021458838268518503,0.0011273983621899687,-0.012992296169624787,0.0016468605755109026,-5.189709669792386e-05
50,4,968,25.189573287963867,1.0010033228048325,0.2101121020363197,0.12527047741858136,-0.16389097847273035,0.0021747400221944556,0.03770098745824268,-0.02145883226564327,0.0011273978393561337,-0.012992296169624787,0.0016468607740902916,-5.189710318381728e-05
50,4,969,25.189573287963867,1.0010033239846694,0.21011210761766624,0.12527048994880552,-0.16389097847273035,0.0021747395558721298,0.037700976921713335,-0.02145883226564327,0.00112739823148151,-0.012992296169624787,0.0016468606748005971,-5.189710642676399e-05
50,4,970,25.1895694732666,1.001003317040222,0.21011211178269965,0.12527050247902966,-0.16389097847273035,0.0021747392449905792,0.03770095848278698,-0.021458840269476913,0.0011273984928984275,-0.012992296169624787,0.0016468608733799862,-5.189710966971069e-05
50,4,971,25.189573287963867,1.0010033039444273,0.21011211462502663,0.12527051500925382,-0.16389097847273035,0.0021747392449905792,0.03770093214146361,-0.02145885427618579,0.00112739927714918,-0.01299229768960723,0.0016468608733799862,-5.189711615560411e-05
50,4,972,25.189573287963867,1.001003288867606,0.21011211737477128,0.12527052753947798,-0.16389097847273035,0.0021747395558721298,0.037700905800140246,-0.021458870283853078,0.00112740032281685,-0.01299229768960723,0.0016468608733799862,-5.189711939855082e-05
50,4,973,25.189573287963867,1.0010032701622145,0.21011211218280781,0.12527052753947798,-0.16389097847273035,0.002174740177635231,0.037700876824684544,-0.02145888829247878,0.0011274013684845201,-0.01299229768960723,0.0016468610719593752,-5.189712264149753e-05
50,4,974,25.1895694732666,1.0010032573212966,0.21011210698640873,0.12527052753947798,-0.16389097847273035,0.0021747409548391076,0.03770084784922884,-0.021458900298229246,0.0011274020220268138,-0.01299229768960723,0.0016468609726696807,-5.189712264149753e-05
50,4,975,25.1895694732666,1.0010032560981146,0.2101121012249351,0.12527052753947798,-0.16389097847273035,0.0021747417320429844,0.0377008162396408,-0.021458900298229246,0.0011274026755691076,-0.012992296169624787,0.0016468610719593752,-5.189712588444424e-05
50,4,976,25.1895694732666,1.001003258765162,0.21011209535919456,0.12527052753947798,-0.16389097847273035,0.0021747425092468607,0.03770078463005276,-0.021458896296312424,0.0011274022834437314,-0.012992293129659901,0.0016468605755109026,-5.189711615560411e-05
50,4,977,25.1895694732666,1.0010032654492667,0.21011208996703806,0.12527052753947798,-0.16389097847273035,0.002174742975569187,0.03770075565459706,-0.02145888829247878,0.0011274016299014375,-0.012992290089695015,0.0016468603769315133,-5.189710966971069e-05
50,4,978,25.1895694732666,1.0010032799602238,0.21011208457418576,0.12527052753947798,-0.16389097847273035,0.0021747432864507375,0.03770072667914136,-0.02145887228481149,0.001127400845650685,-0.01299228704973013,0.0016468601783521243,-5.189710966971069e-05
50,4,979,25.1895694732666,1.001003292345196,0.21011207833221293,0.12527052753947798,-0.16389097847273035,0.0021747431310099622,0.03770069243542098,-0.02145885827810261,0.00112740032281685,-0.012992285529747686,0.0016468600790624298,-5.189710318381728e-05
50,4,980,25.1895694732666,1.0010032984709913,0.21011207020106815,0.12527052753947798,-0.16389097847273035,0.002174742664687636,0.037700647655171254,-0.021458850274268967,0.0011274000613999324,-0.012992284009765242,0.0016468599797727352,-5.189710318381728e-05
50,4,981,25.1895694732666,1.001003298473508,0.21011206084137726,0.12527052753947798,-0.16389097847273035,0.002174742042924535,0.03770059497252452,-0.021458848273310557,0.0011274000613999324,-0.012992285529747686,0.0016468598804830407,-5.189710318381728e-05
50,4,982,25.1895694732666,1.0010032983602013,0.2101120509167003,0.12527052753947798,-0.16389097847273035,0.002174741265720658,0.037700539655745456,-0.021458846272352144,0.0011273999306914738,-0.012992285529747686,0.0016468600790624298,-5.189710318381728e-05
50,4,983,25.189573287963867,1.0010033031476773,0.21011204571535985,0.12527052753947798,-0.16389097847273035,0.002174740643957557,0.037700510680289755,-0.021458840269476913,0.001127399799983015,-0.012992285529747686,0.0016468598804830407,-5.189710318381728e-05
50,4,984,25.189573287963867,1.001003312541941,0.21011204382353643,0.12527052753947798,-0.16389097847273035,0.0021747400221944556,0.037700500143760404,-0.02145883026468486,0.00112739927714918,-0.012992285529747686,0.0016468600790624298,-5.189710318381728e-05
50,4,985,25.189573287963867,1.0010033243818377,0.21011204429049238,0.12527052753947798,-0.16389097847273035,0.002174739711312905,0.03770050277789274,-0.021458818258934392,0.0011273983621899687,-0.012992285529747686,0.0016468599797727352,-5.189710318381728e-05
50,4,986,25.189573287963867,1.0010033389690034,0.21011204854007803,0.12527052753947798,-0.16389097847273035,0.0021747395558721298,0.03770052648508377,-0.021458804252225513,0.0011273975779392163,-0.012992285529747686,0.0016468599797727352,-5.189710318381728e-05
50,4,987,25.189573287963867,1.0010033575616797,0.2101120532609863,0.12527052753947798,-0.16389097847273035,0.002174739711312905,0.037700552826407135,-0.021458786243599814,0.0011273964015630874,-0.012992285529747686,0.0016468600790624298,-5.189710966971069e-05
50,4,988,25.189573287963867,1.0010033706012278,0.21011205949599895,0.12527052753947798,-0.16389097847273035,0.0021747400221944556,0.037700587070127516,-0.021458774237849348,0.0011273954866038761,-0.01299228704973013,0.0016468602776418188,-5.189710966971069e-05
50,4,989,25.1895694732666,1.0010033816845398,0.2101120657301619,0.12527052753947798,-0.16389097847273035,0.002174740333076006,0.03770062131384789,-0.021458764233057294,0.0011273947023531237,-0.012992288569712572,0.0016468602776418188,-5.189710966971069e-05
50,4,990,25.189573287963867,1.0010033907922304,0.21011207187112035,0.12527052753947798,-0.16389097847273035,0.002174740643957557,0.03770065555756827,-0.02145875622922365,0.0011273939181023712,-0.012992288569712572,0.0016468603769315133,-5.189710966971069e-05
50,4,991,25.189573287963867,1.0010033917810786,0.2101120765953187,0.12527052753947798,-0.16389097847273035,0.0021747407993983323,0.037700681898891635,-0.02145875622922365,0.0011273937873939124,-0.012992288569712572,0.0016468601783521243,-5.189710966971069e-05
50,4,992,25.189573287963867,1.0010033867045787,0.2101120803801464,0.12527052753947798,-0.16389097847273035,0.0021747409548391076,0.03770070297195033,-0.02145876223209888,0.0011273941795192886,-0.012992288569712572,0.0016468603769315133,-5.189710966971069e-05
50,4,993,25.1895694732666,1.0010033714538216,0.2101120822748635,0.12527052753947798,-0.16389097847273035,0.0021747409548391076,0.03770071350847967,-0.02145877823976617,0.0011273950944785,-0.012992288569712572,0.0016468602776418188,-5.189711615560411e-05
50,4,994,25.189573287963867,1.0010033504347053,0.2101120846451081,0.12527052753947798,-0.16389097847273035,0.0021747409548391076,0.03770072667914136,-0.02145880025030869,0.0011273964015630874,-0.012992288569712572,0.0016468602776418188,-5.189711615560411e-05
50,4,995,25.189573287963867,1.001003329438249,0.21011208711011992,0.12527052753947798,-0.16389097847273035,0.0021747407993983323,0.03770073984980304,-0.021458822260851215,0.001127397708647675,-0.012992290089695015,0.0016468603769315133,-5.189711615560411e-05
50,4,996,25.189573287963867,1.0010033062874801,0.2101120886306176,0.12527052753947798,-0.16389097847273035,0.002174740643957557,0.037700747752200045,-0.021458846272352144,0.0011273990157322626,-0.012992291609677459,0.0016468605755109026,-5.189711615560411e-05
50,4,997,25.189573287963867,1.001003287023268,0.21011209005572465,0.12527052753947798,-0.16389097847273035,0.0021747407993983323,0.03770075565459706,-0.021458866281936256,0.0011274000613999324,-0.012992291609677459,0.0016468607740902916,-5.189711615560411e-05
50,4,998,25.189573287963867,1.001003275383773,0.2101120905303216,0.12527052753947798,-0.16389097847273035,0.0021747409548391076,0.037700758288729395,-0.021458878287686722,0.0011274007149422263,-0.012992291609677459,0.0016468605755109026,-5.189711615560411e-05
50,4,999,25.189573287963867,1.0010032717669752,0.21011209195044275,0.12527052753947798,-0.16389097847273035,0.002174741110279883,0.0377007661911264,-0.021458882289603545,0.0011274009763591437,-0.012992291609677459,0.0016468606748005971,-5.189711615560411e-05
50,4,1000,25.189573287963867,1.001003273819327,0.21011209242238985,0.12527052753947798,-0.16389097847273035,0.002174741265720658,0.03770076882525874,-0.021458880288645135,0.001127400845650685,-0.012992291609677459,0.0016468606748005971,-5.189712264149753e-05
