{
  "params": {
    "epochs": 15000,
    "batch_size": 2000,
    "lr": 0.01,
    "lam_reg": 1e-05,
    "noise": 0.5,
    "log_every": 2000,
    "stride_t": 4,
    "stride_x": 4,
    "selected_derivs": [
      "uu_x",
      "u_xx",
      "u_x_x"
    ],
    "train_pde": true,
    "train_data": true,
    "coeff_plot": true,
    "target": [
      "0.02",
      "0",
      "-1",
      "0"
    ],
    "seed": 34522,
    "part_num": 3,
    "which_part": 3
  },
  "feature_names": [
    "u_xx",
    "u_x_x",
    "uu_x"
  ],
  "feature_powers": [
    2,
    2,
    1
  ],
  "feature_coeffs": "[[-0.00031330049387179315, 0.007953337393701077, -0.11066037397644735], 0.13106041876299343]",
  "a_hat": 1.2545294761657715,
  "saved_at": "2025-10-22 09:19:11"
}